in s,C1 in V,C2 in V
-1.008397E-03,3.587811E-02,-3.6196259E-01
-1.005120E-03,3.610699E-02,-3.4670380E-01
-1.001843E-03,3.519147E-02,-3.3182648E-01
-9.985664E-04,3.645795E-02,-3.1496552E-01
-9.952896E-04,3.467267E-02,-3.0008820E-01
-9.920128E-04,3.564923E-02,-2.8261688E-01
-9.887360E-04,3.365033E-02,-2.6636627E-01
-9.854592E-04,3.395551E-02,-2.4988678E-01
-9.821824E-04,3.200238E-02,-2.3447540E-01
-9.789056E-04,3.256696E-02,-2.1723297E-01
-9.756288E-04,3.078168E-02,-2.0128754E-01
-9.723520E-04,3.178876E-02,-1.8412140E-01
-9.690752E-04,2.881329E-02,-1.6802338E-01
-9.657984E-04,2.892010E-02,-1.4986542E-01
-9.625216E-04,2.620404E-02,-1.3300446E-01
-9.592448E-04,2.649396E-02,-1.1568573E-01
-9.559680E-04,2.330487E-02,-1.0042694E-01
-9.526912E-04,2.377789E-02,-8.2650452E-02
-9.494144E-04,2.139752E-02,-6.4797668E-02
-9.461376E-04,2.031415E-02,-4.6334534E-02
-9.428608E-04,1.721661E-02,-3.0236511E-02
-9.395840E-04,1.659100E-02,-1.1773376E-02
-9.363072E-04,1.312726E-02,4.4009399E-03
-9.330304E-04,1.329510E-02,2.3627014E-02
-9.297536E-04,9.297302E-03,3.9572449E-02
-9.264768E-04,8.183411E-03,5.8264465E-02
-9.232000E-04,3.498962E-03,7.3981018E-02
-9.199232E-04,3.559998E-03,9.3054504E-02
-9.166464E-04,-2.116272E-03,1.0907623E-01
-9.133696E-04,-2.360413E-03,1.2746307E-01
-9.100928E-04,-7.624695E-03,1.4371368E-01
-9.068160E-04,-7.807800E-03,1.6171906E-01
-9.035392E-04,-1.252277E-02,1.7804596E-01
-9.002624E-04,-1.423175E-02,1.9681427E-01
-8.969856E-04,-1.996906E-02,2.1237823E-01
-8.937088E-04,-2.123553E-02,2.2954437E-01
-8.904320E-04,-2.682025E-02,2.4541351E-01
-8.871552E-04,-2.788837E-02,2.6349518E-01
-8.838784E-04,-3.371722E-02,2.7883026E-01
-8.806016E-04,-3.545673E-02,2.9744598E-01
-8.773248E-04,-4.146869E-02,3.1331512E-01
-8.740480E-04,-4.258258E-02,3.3040497E-01
-8.707712E-04,-4.879291E-02,3.4520599E-01
-8.674944E-04,-5.059344E-02,3.6397430E-01
-8.642176E-04,-5.608661E-02,3.7831757E-01
-8.609408E-04,-5.945880E-02,3.9517853E-01
-8.576640E-04,-6.515033E-02,4.0944550E-01
-8.543872E-04,-6.754596E-02,4.2623016E-01
-8.511104E-04,-7.404620E-02,4.4080231E-01
-8.478336E-04,-7.624347E-02,4.5735809E-01
-8.445568E-04,-8.240802E-02,4.7109100E-01
-8.412800E-04,-8.491046E-02,4.8612091E-01
-8.380032E-04,-9.112079E-02,5.0046417E-01
-8.347264E-04,-9.434039E-02,5.1518890E-01
-8.314496E-04,-1.004897E-01,5.2899811E-01
-8.281728E-04,-1.040602E-01,5.4341766E-01
-8.248960E-04,-1.098433E-01,5.5722687E-01
-8.216192E-04,-1.130477E-01,5.7057831E-01
-8.183424E-04,-1.190901E-01,5.8316681E-01
-8.150656E-04,-1.220046E-01,5.9636566E-01
-8.117888E-04,-1.279250E-01,6.0956451E-01
-8.085120E-04,-1.313582E-01,6.2184784E-01
-8.052352E-04,-1.372481E-01,6.3397858E-01
-8.019584E-04,-1.410781E-01,6.4649078E-01
-7.986816E-04,-1.465865E-01,6.5694305E-01
-7.954048E-04,-1.509658E-01,6.6968414E-01
-7.921280E-04,-1.562758E-01,6.8120453E-01
-7.888512E-04,-1.600905E-01,6.9280121E-01
-7.855744E-04,-1.648970E-01,7.0279572E-01
-7.822976E-04,-1.686965E-01,7.1439240E-01
-7.790208E-04,-1.739302E-01,7.2347137E-01
-7.757440E-04,-1.780806E-01,7.3415253E-01
-7.724672E-04,-1.831008E-01,7.4376556E-01
-7.691904E-04,-1.862593E-01,7.5376007E-01
-7.659136E-04,-1.914168E-01,7.6268646E-01
-7.626368E-04,-1.952620E-01,7.7168915E-01
-7.593600E-04,-1.991378E-01,7.7947113E-01
-7.560832E-04,-2.025405E-01,7.8763458E-01
-7.528064E-04,-2.077285E-01,7.9526398E-01
-7.495296E-04,-2.111464E-01,8.0235931E-01
-7.462528E-04,-2.151290E-01,8.1006500E-01
-7.429760E-04,-2.182112E-01,8.1700775E-01
-7.396992E-04,-2.218123E-01,8.2395050E-01
-7.364224E-04,-2.256118E-01,8.3112213E-01
-7.331456E-04,-2.293349E-01,8.3676788E-01
-7.298688E-04,-2.320204E-01,8.4210846E-01
-7.265920E-04,-2.353316E-01,8.4752533E-01
-7.233152E-04,-2.384902E-01,8.5225555E-01
-7.200384E-04,-2.412825E-01,8.5698578E-01
-7.167616E-04,-2.444564E-01,8.5980865E-01
-7.134848E-04,-2.472945E-01,8.6385223E-01
-7.102080E-04,-2.502700E-01,8.6835358E-01
-7.069312E-04,-2.524672E-01,8.7079498E-01
-7.036544E-04,-2.544051E-01,8.7377045E-01
-7.003776E-04,-2.572585E-01,8.7583038E-01
-6.971008E-04,-2.590743E-01,8.7743256E-01
-6.938240E-04,-2.610884E-01,8.7972137E-01
-6.905472E-04,-2.627822E-01,8.8048431E-01
-6.872704E-04,-2.646285E-01,8.8162872E-01
-6.839936E-04,-2.657271E-01,8.8292572E-01
-6.807168E-04,-2.673445E-01,8.8284943E-01
-6.774400E-04,-2.681838E-01,8.8231537E-01
-6.741632E-04,-2.695571E-01,8.8147614E-01
-6.708864E-04,-2.697859E-01,8.8109467E-01
-6.676096E-04,-2.710219E-01,8.7995026E-01
-6.643328E-04,-2.712050E-01,8.7842438E-01
-6.610560E-04,-2.719222E-01,8.7674591E-01
-6.577792E-04,-2.723189E-01,8.7445709E-01
-6.545024E-04,-2.725478E-01,8.7155792E-01
-6.512256E-04,-2.725783E-01,8.6804840E-01
-6.479488E-04,-2.725630E-01,8.6537811E-01
-6.446720E-04,-2.731124E-01,8.6080048E-01
-6.413952E-04,-2.724105E-01,8.5736725E-01
-6.381184E-04,-2.717238E-01,8.5286591E-01
-6.348416E-04,-2.710219E-01,8.4882233E-01
-6.315648E-04,-2.701827E-01,8.4386322E-01
-6.282880E-04,-2.694655E-01,8.3829376E-01
-6.250112E-04,-2.687178E-01,8.3318207E-01
-6.217344E-04,-2.675276E-01,8.2730743E-01
-6.184576E-04,-2.664901E-01,8.2059357E-01
-6.151808E-04,-2.642623E-01,8.1456635E-01
-6.119040E-04,-2.635451E-01,8.0609772E-01
-6.086272E-04,-2.613784E-01,7.9823944E-01
-6.053504E-04,-2.600203E-01,7.9030487E-01
-6.020736E-04,-2.583419E-01,7.8244659E-01
-5.987968E-04,-2.562819E-01,7.7489349E-01
-5.955200E-04,-2.529555E-01,7.6535675E-01
-5.922432E-04,-2.518264E-01,7.5726959E-01
-5.889664E-04,-2.488509E-01,7.4788544E-01
-5.856896E-04,-2.463637E-01,7.3873016E-01
-5.824128E-04,-2.424269E-01,7.2888824E-01
-5.791360E-04,-2.403365E-01,7.1843597E-01
-5.758592E-04,-2.369948E-01,7.0935699E-01
-5.725824E-04,-2.342482E-01,6.9791290E-01
-5.693056E-04,-2.307997E-01,6.8700287E-01
-5.660288E-04,-2.283431E-01,6.7418549E-01
-5.627520E-04,-2.246505E-01,6.6342804E-01
-5.594752E-04,-2.218886E-01,6.5167877E-01
-5.561984E-04,-2.173262E-01,6.4000580E-01
-5.529216E-04,-2.148696E-01,6.2772247E-01
-5.496448E-04,-2.093917E-01,6.1589691E-01
-5.463680E-04,-2.070266E-01,6.0292694E-01
-5.430912E-04,-2.023421E-01,5.8949921E-01
-5.398144E-04,-2.001448E-01,5.7584259E-01
-5.365376E-04,-1.945906E-01,5.6378815E-01
-5.332608E-04,-1.916304E-01,5.4898712E-01
-5.299840E-04,-1.868544E-01,5.3586456E-01
-5.267072E-04,-1.839095E-01,5.2136871E-01
-5.234304E-04,-1.789046E-01,5.0672028E-01
-5.201536E-04,-1.755629E-01,4.9191925E-01
-5.168768E-04,-1.697341E-01,4.7826263E-01
-5.136000E-04,-1.668807E-01,4.6292755E-01
-5.103232E-04,-1.614485E-01,4.4812653E-01
-5.070464E-04,-1.591292E-01,4.3157074E-01
-5.037696E-04,-1.531020E-01,4.1783783E-01
-5.004928E-04,-1.499739E-01,4.0036652E-01
-4.972160E-04,-1.443892E-01,3.8548920E-01
-4.939392E-04,-1.411849E-01,3.6977264E-01
-4.906624E-04,-1.363936E-01,3.5359833E-01
-4.873856E-04,-1.329146E-01,3.3658478E-01
-4.841088E-04,-1.268874E-01,3.2056305E-01
-4.808320E-04,-1.244765E-01,3.0316803E-01
-4.775552E-04,-1.186782E-01,2.8790924E-01
-4.742784E-04,-1.163741E-01,2.7005646E-01
-4.710016E-04,-1.105147E-01,2.5372955E-01
-4.677248E-04,-1.077376E-01,2.3717377E-01
-4.644480E-04,-1.017714E-01,2.2092316E-01
-4.611712E-04,-9.952838E-02,2.0268890E-01
-4.578944E-04,-9.354694E-02,1.8704865E-01
-4.546176E-04,-9.113605E-02,1.6835663E-01
-4.513408E-04,-8.527667E-02,1.5233490E-01
-4.480640E-04,-8.416278E-02,1.3371918E-01
-4.447872E-04,-7.795245E-02,1.1723969E-01
-4.415104E-04,-7.688434E-02,9.9539490E-02
-4.382336E-04,-7.108600E-02,8.2068176E-02
-4.349568E-04,-6.916339E-02,6.3681335E-02
-4.316800E-04,-6.356342E-02,4.8346252E-02
-4.284032E-04,-6.197650E-02,2.9883118E-02
-4.251264E-04,-5.601031E-02,1.4013977E-02
-4.218496E-04,-5.568988E-02,-5.3646851E-03
-4.185728E-04,-5.012042E-02,-2.1081238E-02
-4.152960E-04,-4.969318E-02,-4.0002136E-02
-4.120192E-04,-4.423053E-02,-5.6786804E-02
-4.087424E-04,-4.380328E-02,-7.5783997E-02
-4.054656E-04,-3.818805E-02,-9.2110901E-02
-4.021888E-04,-3.742511E-02,-1.1034515E-01
-3.989120E-04,-3.287799E-02,-1.2598541E-01
-3.956352E-04,-3.197772E-02,-1.4399078E-01
-3.923584E-04,-2.723224E-02,-1.5947845E-01
-3.890816E-04,-2.622516E-02,-1.7725494E-01
-3.858048E-04,-2.244098E-02,-1.9297150E-01
-3.825280E-04,-2.216632E-02,-2.1059540E-01
-3.792512E-04,-1.795490E-02,-2.2615936E-01
-3.759744E-04,-1.754291E-02,-2.4218109E-01
-3.726976E-04,-1.343829E-02,-2.5736359E-01
-3.694208E-04,-1.327045E-02,-2.7452972E-01
-3.661440E-04,-9.486267E-03,-2.9078033E-01
-3.628672E-04,-8.906433E-03,-3.0748871E-01
-3.595904E-04,-5.610535E-03,-3.2221344E-01
-3.563136E-04,-5.137512E-03,-3.3876923E-01
-3.530368E-04,-2.696106E-03,-3.5334137E-01
-3.497600E-04,-2.421448E-03,-3.6966827E-01
-3.464832E-04,1.072815E-03,-3.8431671E-01
-3.432064E-04,7.218628E-04,-4.0010956E-01
-3.399296E-04,3.437927E-03,-4.1422394E-01
-3.366528E-04,3.056458E-03,-4.2986420E-01
-3.333760E-04,5.558899E-03,-4.4390228E-01
-3.300992E-04,4.795959E-03,-4.5832184E-01
-3.268224E-04,7.756165E-03,-4.7190216E-01
-3.235456E-04,7.771423E-03,-4.8624542E-01
-3.202688E-04,9.007385E-03,-4.9913910E-01
-3.169920E-04,9.251526E-03,-5.1256683E-01
-3.137152E-04,1.089948E-02,-5.2584198E-01
-3.104384E-04,1.027386E-02,-5.3843048E-01
-3.071616E-04,1.222699E-02,-5.5132416E-01
-3.038848E-04,1.198285E-02,-5.6383636E-01
-3.006080E-04,1.329510E-02,-5.7627228E-01
-2.973312E-04,1.340192E-02,-5.8809784E-01
-2.940544E-04,1.434796E-02,-5.9961823E-01
-2.907776E-04,1.419537E-02,-6.1121490E-01
-2.875008E-04,1.517194E-02,-6.2181976E-01
-2.842240E-04,1.547711E-02,-6.3341644E-01
-2.809472E-04,1.527875E-02,-6.4310577E-01
-2.776704E-04,1.509564E-02,-6.5348175E-01
-2.743936E-04,1.526349E-02,-6.6423920E-01
-2.711168E-04,1.491254E-02,-6.7362335E-01
-2.678400E-04,1.523297E-02,-6.8316010E-01
-2.645632E-04,1.489728E-02,-6.9193390E-01
-2.612864E-04,1.524823E-02,-7.0032623E-01
-2.580096E-04,1.569073E-02,-7.0940521E-01
-2.547328E-04,1.573651E-02,-7.1726349E-01
-2.514560E-04,1.549237E-02,-7.2481659E-01
-2.481792E-04,1.547711E-02,-7.3244598E-01
-2.449024E-04,1.506512E-02,-7.3893097E-01
-2.416256E-04,1.550763E-02,-7.4602631E-01
-2.383488E-04,1.456158E-02,-7.5296906E-01
-2.350720E-04,1.479047E-02,-7.5922516E-01
-2.317952E-04,1.422589E-02,-7.6471832E-01
-2.285184E-04,1.515668E-02,-7.6998260E-01
-2.252416E-04,1.440900E-02,-7.7471283E-01
-2.219648E-04,1.562970E-02,-7.7906158E-01
-2.186880E-04,1.445477E-02,-7.8371552E-01
-2.154112E-04,1.442426E-02,-7.8829315E-01
-2.121344E-04,1.422589E-02,-7.9195526E-01
-2.088576E-04,1.500409E-02,-7.9546478E-01
-2.055808E-04,1.460736E-02,-7.9821136E-01
-2.023040E-04,1.401227E-02,-8.0095795E-01
-1.990272E-04,1.350873E-02,-8.0263641E-01
-1.957504E-04,1.427167E-02,-8.0477264E-01
-1.924736E-04,1.369183E-02,-8.0591705E-01
-1.891968E-04,1.418011E-02,-8.0660370E-01
-1.859200E-04,1.327985E-02,-8.0744293E-01
-1.826432E-04,1.381390E-02,-8.0866364E-01
-1.793664E-04,1.314252E-02,-8.0820587E-01
-1.760896E-04,1.393597E-02,-8.0858734E-01
-1.728128E-04,1.370709E-02,-8.0759552E-01
-1.695360E-04,1.355450E-02,-8.0667999E-01
-1.662592E-04,1.317303E-02,-8.0538300E-01
-1.629824E-04,1.311200E-02,-8.0378082E-01
-1.597056E-04,1.286786E-02,-8.0187347E-01
-1.564288E-04,1.265424E-02,-7.9927948E-01
-1.531520E-04,1.215070E-02,-7.9645660E-01
-1.498752E-04,1.282208E-02,-7.9332855E-01
-1.465984E-04,1.228802E-02,-7.8928497E-01
-1.433216E-04,1.312726E-02,-7.8547028E-01
-1.400448E-04,1.303571E-02,-7.8180817E-01
-1.367680E-04,1.212018E-02,-7.7776459E-01
-1.334912E-04,1.179974E-02,-7.7311066E-01
-1.302144E-04,1.193707E-02,-7.6822784E-01
-1.269376E-04,1.199811E-02,-7.6227692E-01
-1.236608E-04,1.080792E-02,-7.5716522E-01
-1.203840E-04,1.097577E-02,-7.5060394E-01
-1.171072E-04,1.109784E-02,-7.4480560E-01
-1.138304E-04,1.053326E-02,-7.3740509E-01
-1.105536E-04,1.033490E-02,-7.3023346E-01
-1.072768E-04,1.062482E-02,-7.2207001E-01
-1.040000E-04,1.024335E-02,-7.1474579E-01
-1.007232E-04,1.059430E-02,-7.0551422E-01
-9.744640E-05,1.013654E-02,-6.9681671E-01
-9.416960E-05,9.892395E-03,-6.8804291E-01
-9.089280E-05,8.717468E-03,-6.7904022E-01
-8.761600E-05,9.541443E-03,-6.6935089E-01
-8.433920E-05,8.030823E-03,-6.6103485E-01
-8.106240E-05,8.290222E-03,-6.5050629E-01
-7.778560E-05,7.023743E-03,-6.4005402E-01
-7.450880E-05,6.947449E-03,-6.2853363E-01
-7.123200E-05,5.436829E-03,-6.1792877E-01
-6.795520E-05,6.413391E-03,-6.0617950E-01
-6.467840E-05,5.360535E-03,-5.9618500E-01
-6.140160E-05,4.826477E-03,-5.8405426E-01
-5.812480E-05,3.361633E-03,-5.7192352E-01
-5.484800E-05,3.315857E-03,-5.5918243E-01
-5.157120E-05,1.973083E-03,-5.4789093E-01
-4.829440E-05,1.347473E-03,-5.3385284E-01
-4.501760E-05,-4.835815E-04,-5.2164581E-01
-4.174080E-05,-4.225464E-04,-5.0837067E-01
-3.846400E-05,-1.643250E-03,-4.9494293E-01
-3.518720E-05,-2.101013E-03,-4.8075226E-01
-3.191040E-05,-4.283020E-03,-4.6846893E-01
-2.863360E-05,-4.710266E-03,-4.5336273E-01
-2.535680E-05,-7.823059E-03,-4.4008759E-01
-2.208000E-05,-7.426331E-03,-4.2475250E-01
-1.880320E-05,-1.053912E-02,-4.0987518E-01
-1.552640E-05,-1.089008E-02,-3.9469269E-01
-1.224960E-05,-1.410968E-02,-3.7981537E-01
-8.972800E-06,-1.484210E-02,-3.6470917E-01
-5.696000E-06,-1.740558E-02,-3.4967926E-01
-2.419200E-06,-1.755817E-02,-3.3304718E-01
8.576000E-07,-2.129657E-02,-3.1778839E-01
4.134400E-06,-2.198322E-02,-3.0153778E-01
7.411200E-06,-2.588947E-02,-2.8635529E-01
1.068800E-05,-2.602679E-02,-2.6888397E-01
1.396480E-05,-2.976520E-02,-2.5377777E-01
1.724160E-05,-3.042133E-02,-2.3668793E-01
2.051840E-05,-3.417499E-02,-2.2112396E-01
2.379520E-05,-3.492267E-02,-2.0342377E-01
2.707200E-05,-3.977496E-02,-1.8816498E-01
3.034880E-05,-4.037006E-02,-1.6985443E-01
3.362560E-05,-4.503925E-02,-1.5360382E-01
3.690240E-05,-4.568011E-02,-1.3590363E-01
4.017920E-05,-5.021198E-02,-1.2041595E-01
4.345600E-05,-5.164630E-02,-1.0233429E-01
4.673280E-05,-5.633075E-02,-8.6694031E-02
5.000960E-05,-5.745990E-02,-6.7620544E-02
5.328640E-05,-6.252582E-02,-5.1141052E-02
5.656320E-05,-6.420428E-02,-3.3440857E-02
5.984000E-05,-6.977374E-02,-1.6579895E-02
6.311680E-05,-7.058246E-02,1.6543579E-03
6.639360E-05,-7.612140E-02,1.7904968E-02
6.967040E-05,-7.778461E-02,3.6291809E-02
7.294720E-05,-8.314044E-02,5.3763123E-02
7.622400E-05,-8.440692E-02,7.1158142E-02
7.950080E-05,-9.130389E-02,8.7637634E-02
8.277760E-05,-9.203632E-02,1.0556671E-01
8.605440E-05,-9.791095E-02,1.2319061E-01
8.933120E-05,-9.945209E-02,1.4157745E-01
9.260800E-05,-1.054793E-01,1.5767548E-01
9.588480E-05,-1.074324E-01,1.7522308E-01
9.916160E-05,-1.133681E-01,1.9177887E-01
1.024384E-04,-1.153517E-01,2.0978424E-01
1.057152E-04,-1.214858E-01,2.2611115E-01
1.089920E-04,-1.237288E-01,2.4342987E-01
1.122688E-04,-1.289931E-01,2.5945160E-01
1.155456E-04,-1.317092E-01,2.7829620E-01
1.188224E-04,-1.375991E-01,2.9332611E-01
1.220992E-04,-1.407271E-01,3.1072113E-01
1.253760E-04,-1.462508E-01,3.2544586E-01
1.286528E-04,-1.493026E-01,3.4215424E-01
1.319296E-04,-1.553145E-01,3.5909149E-01
1.352064E-04,-1.568709E-01,3.7625763E-01
1.384832E-04,-1.627761E-01,3.9144012E-01
1.417600E-04,-1.657515E-01,4.0677521E-01
1.450368E-04,-1.713820E-01,4.2241547E-01
1.483136E-04,-1.750899E-01,4.3775055E-01
1.515904E-04,-1.791182E-01,4.5293304E-01
1.548672E-04,-1.816207E-01,4.6788666E-01
1.581440E-04,-1.869002E-01,4.8276398E-01
1.614208E-04,-1.901503E-01,4.9779388E-01
1.646976E-04,-1.947737E-01,5.1213715E-01
1.679744E-04,-1.975966E-01,5.2655670E-01
1.712512E-04,-2.028762E-01,5.4097626E-01
1.745280E-04,-2.052870E-01,5.5493805E-01
1.778048E-04,-2.095900E-01,5.6760284E-01
1.810816E-04,-2.121230E-01,5.8209869E-01
1.843584E-04,-2.157546E-01,5.9491608E-01
1.876352E-04,-2.186995E-01,6.0842010E-01
1.909120E-04,-2.229262E-01,6.2001678E-01
1.941888E-04,-2.263289E-01,6.3283417E-01
1.974656E-04,-2.305556E-01,6.4412567E-01
2.007424E-04,-2.331343E-01,6.5495941E-01
2.040192E-04,-2.362319E-01,6.6754791E-01
2.072960E-04,-2.383223E-01,6.7998383E-01
2.105728E-04,-2.418471E-01,6.8967316E-01
2.138496E-04,-2.445327E-01,7.0142242E-01
2.171264E-04,-2.466384E-01,7.1279022E-01
2.204032E-04,-2.486068E-01,7.2324249E-01
2.236800E-04,-2.525588E-01,7.3270294E-01
2.269568E-04,-2.539321E-01,7.4185822E-01
2.302336E-04,-2.562056E-01,7.5154755E-01
2.335104E-04,-2.579756E-01,7.6055023E-01
2.367872E-04,-2.600203E-01,7.7054474E-01
2.400640E-04,-2.606307E-01,7.7893707E-01
2.433408E-04,-2.631789E-01,7.8694794E-01
2.466176E-04,-2.641249E-01,7.9511139E-01
2.498944E-04,-2.657119E-01,8.0174896E-01
2.531712E-04,-2.666274E-01,8.0876801E-01
2.564480E-04,-2.676650E-01,8.1532928E-01
2.597248E-04,-2.682448E-01,8.2227203E-01
2.630016E-04,-2.689009E-01,8.2913849E-01
2.662784E-04,-2.696639E-01,8.3478424E-01
2.695552E-04,-2.702590E-01,8.3905670E-01
2.728320E-04,-2.703505E-01,8.4523651E-01
2.761088E-04,-2.701827E-01,8.5004303E-01
2.793856E-04,-2.698928E-01,8.5500214E-01
2.826624E-04,-2.698470E-01,8.5950348E-01
2.859392E-04,-2.695723E-01,8.6354706E-01
2.892160E-04,-2.695113E-01,8.6644623E-01
2.924928E-04,-2.694655E-01,8.6949799E-01
2.957696E-04,-2.682753E-01,8.7308380E-01
2.990464E-04,-2.675124E-01,8.7483856E-01
3.023232E-04,-2.665969E-01,8.7628815E-01
3.056000E-04,-2.655745E-01,8.7842438E-01
3.088768E-04,-2.648268E-01,8.8063690E-01
3.121536E-04,-2.629500E-01,8.8117096E-01
3.154304E-04,-2.621566E-01,8.8216278E-01
3.187072E-04,-2.598372E-01,8.8307831E-01
3.219840E-04,-2.577773E-01,8.8315460E-01
3.252608E-04,-2.562972E-01,8.8262054E-01
3.285376E-04,-2.544356E-01,8.8155243E-01
3.318144E-04,-2.516890E-01,8.7987396E-01
3.350912E-04,-2.497054E-01,8.7888214E-01
3.383680E-04,-2.474318E-01,8.7727997E-01
3.416448E-04,-2.441207E-01,8.7560150E-01
3.449216E-04,-2.419844E-01,8.7277863E-01
3.481984E-04,-2.394515E-01,8.6934540E-01
3.514752E-04,-2.363387E-01,8.6659882E-01
3.547520E-04,-2.329055E-01,8.6331818E-01
3.580288E-04,-2.295333E-01,8.5889313E-01
3.613056E-04,-2.259017E-01,8.5523102E-01
3.645824E-04,-2.225753E-01,8.4966156E-01
3.678592E-04,-2.187300E-01,8.4500763E-01
3.711360E-04,-2.156325E-01,8.3890411E-01
3.744128E-04,-2.110091E-01,8.3440277E-01
3.776896E-04,-2.083235E-01,8.2799408E-01
3.809664E-04,-2.037307E-01,8.2181427E-01
3.842432E-04,-2.003127E-01,8.1479523E-01
3.875200E-04,-1.950484E-01,8.0785248E-01
3.907968E-04,-1.908675E-01,8.0045197E-01
3.940736E-04,-1.866255E-01,7.9282257E-01
3.973504E-04,-1.831313E-01,7.8465912E-01
4.006272E-04,-1.782180E-01,7.7710602E-01
4.039040E-04,-1.744948E-01,7.6802704E-01
4.071808E-04,-1.690322E-01,7.6032135E-01
4.104576E-04,-1.647444E-01,7.5070831E-01
4.137344E-04,-1.594496E-01,7.4140045E-01
4.170112E-04,-1.554824E-01,7.3140594E-01
4.202880E-04,-1.507979E-01,7.2194550E-01
4.235648E-04,-1.470290E-01,7.1004364E-01
4.268416E-04,-1.404982E-01,7.0073578E-01
4.301184E-04,-1.373702E-01,6.8868134E-01
4.333952E-04,-1.321974E-01,6.7746613E-01
4.366720E-04,-1.280165E-01,6.6632721E-01
4.399488E-04,-1.215926E-01,6.5480682E-01
4.432256E-04,-1.180983E-01,6.4237091E-01
4.465024E-04,-1.132460E-01,6.3001129E-01
4.497792E-04,-1.095076E-01,6.1749908E-01
4.530560E-04,-1.034346E-01,6.0529205E-01
4.563328E-04,-9.977252E-02,5.9140656E-01
4.596096E-04,-9.423358E-02,5.7935211E-01
4.628864E-04,-9.008319E-02,5.6523773E-01
4.661632E-04,-8.454425E-02,5.5303070E-01
4.694400E-04,-8.098895E-02,5.3891632E-01
4.727168E-04,-7.465656E-02,5.2442047E-01
4.759936E-04,-7.184894E-02,5.0916168E-01
4.792704E-04,-6.566913E-02,4.9565765E-01
4.825472E-04,-6.269366E-02,4.7948334E-01
4.858240E-04,-5.723102E-02,4.6597931E-01
4.891008E-04,-5.427081E-02,4.5018646E-01
4.923776E-04,-4.891498E-02,4.3591949E-01
4.956544E-04,-4.549701E-02,4.1921112E-01
4.989312E-04,-3.995807E-02,4.0463898E-01
5.022080E-04,-3.803546E-02,3.8831207E-01
5.054848E-04,-3.258807E-02,3.7328217E-01
5.087616E-04,-3.060443E-02,3.5565826E-01
5.120384E-04,-2.404315E-02,3.3963654E-01
5.153152E-04,-2.215106E-02,3.2247040E-01
5.185920E-04,-1.638324E-02,3.0683014E-01
5.218688E-04,-1.519305E-02,2.8935883E-01
5.251456E-04,-9.577820E-03,2.7463409E-01
5.284224E-04,-8.280823E-03,2.5777313E-01
5.316992E-04,-3.642151E-03,2.4083588E-01
5.349760E-04,-2.360413E-03,2.2283051E-01
5.382528E-04,2.736023E-03,2.0741913E-01
5.415296E-04,3.315857E-03,1.8819305E-01
5.448064E-04,8.702209E-03,1.7255280E-01
5.480832E-04,9.388855E-03,1.5416595E-01
5.513600E-04,1.398175E-02,1.3890717E-01
5.546368E-04,1.514142E-02,1.1968109E-01
5.579136E-04,1.880353E-02,1.0381195E-01
5.611904E-04,1.872723E-02,8.4051819E-02
5.644672E-04,2.389996E-02,6.7572327E-02
5.677440E-04,2.312177E-02,5.0024719E-02
5.710208E-04,2.727216E-02,3.3316345E-02
5.742976E-04,2.808087E-02,1.5082092E-02
5.775744E-04,3.119366E-02,-1.0159302E-03
5.808512E-04,3.122418E-02,-1.9555359E-02
5.841280E-04,3.413861E-02,-3.5729675E-02
5.874048E-04,3.371136E-02,-5.4421692E-02
5.906816E-04,3.708356E-02,-7.1511536E-02
5.939584E-04,3.685468E-02,-8.9135437E-02
5.972352E-04,3.932660E-02,-1.0523346E-01
6.005120E-04,3.906720E-02,-1.2239960E-01
6.037888E-04,4.161542E-02,-1.3834503E-01
6.070656E-04,4.097455E-02,-1.5635040E-01
6.103424E-04,4.298871E-02,-1.7267731E-01
6.136192E-04,4.245465E-02,-1.9075897E-01
6.168960E-04,4.515546E-02,-2.0609406E-01
6.201728E-04,4.353802E-02,-2.2326019E-01
6.234496E-04,4.579633E-02,-2.3912933E-01
6.267264E-04,4.483502E-02,-2.5545624E-01
6.300032E-04,4.616254E-02,-2.7040985E-01
6.332800E-04,4.604047E-02,-2.8788116E-01
6.365568E-04,4.660504E-02,-3.0413177E-01
6.398336E-04,4.581158E-02,-3.2114532E-01
6.431104E-04,4.713910E-02,-3.3617523E-01
6.463872E-04,4.587262E-02,-3.5105255E-01
6.496640E-04,4.663556E-02,-3.6631134E-01
6.529408E-04,4.611676E-02,-3.8179901E-01
6.562176E-04,4.533856E-02,-3.9652374E-01
6.594944E-04,4.431622E-02,-4.1208771E-01
6.627712E-04,4.434674E-02,-4.2704132E-01
6.660480E-04,4.340070E-02,-4.4268158E-01
6.693248E-04,4.341595E-02,-4.5542267E-01
6.726016E-04,4.213422E-02,-4.7007111E-01
6.758784E-04,4.245465E-02,-4.8426178E-01
6.791552E-04,4.108136E-02,-4.9784210E-01
6.824320E-04,4.111188E-02,-5.1172760E-01
6.857088E-04,3.903668E-02,-5.2507904E-01
6.889856E-04,3.894513E-02,-5.3690460E-01
6.922624E-04,3.773969E-02,-5.5010345E-01
6.955392E-04,3.690045E-02,-5.6223419E-01
6.988160E-04,3.632062E-02,-5.7512787E-01
7.020928E-04,3.598492E-02,-5.8657196E-01
7.053696E-04,3.368085E-02,-5.9801605E-01
7.086464E-04,3.365033E-02,-6.0976532E-01
7.119232E-04,3.224652E-02,-6.2029388E-01
7.152000E-04,3.180402E-02,-6.3059357E-01
7.184768E-04,3.018658E-02,-6.4203766E-01
7.217536E-04,2.962201E-02,-6.5165070E-01
7.250304E-04,2.792828E-02,-6.6225555E-01
7.283072E-04,2.809613E-02,-6.7102936E-01
7.315840E-04,2.705853E-02,-6.8064240E-01
7.348608E-04,2.643292E-02,-6.8964508E-01
7.381376E-04,2.441876E-02,-6.9841888E-01
7.414144E-04,2.440350E-02,-7.0704010E-01
7.446912E-04,2.267926E-02,-7.1596649E-01
7.479680E-04,2.148907E-02,-7.2336700E-01
7.512448E-04,1.976483E-02,-7.3076752E-01
7.545216E-04,1.990216E-02,-7.3732880E-01
7.577984E-04,1.787274E-02,-7.4480560E-01
7.610752E-04,1.720135E-02,-7.5090912E-01
7.643520E-04,1.523297E-02,-7.5739410E-01
7.676288E-04,1.543134E-02,-7.6311615E-01
7.709056E-04,1.395123E-02,-7.6860931E-01
7.741824E-04,1.308148E-02,-7.7417877E-01
7.774592E-04,1.204388E-02,-7.7913788E-01
7.807360E-04,1.086896E-02,-7.8386810E-01
7.840128E-04,9.007385E-03,-7.8798798E-01
7.872896E-04,8.671692E-03,-7.9165009E-01
7.905664E-04,7.039001E-03,-7.9500702E-01
7.938432E-04,6.718567E-03,-7.9828766E-01
7.971200E-04,5.543640E-03,-7.9905060E-01
8.003968E-04,4.582336E-03,-8.0233124E-01
8.036736E-04,3.727844E-03,-8.0339935E-01
8.069504E-04,3.590515E-03,-8.0553558E-01
8.102272E-04,1.591614E-03,-8.0683258E-01
8.135040E-04,1.347473E-03,-8.0736664E-01
8.167808E-04,-1.936646E-04,-8.0790070E-01
8.200576E-04,-5.598755E-04,-8.0912140E-01
8.233344E-04,-1.109192E-03,-8.0805328E-01
8.266112E-04,-2.375671E-03,-8.0767181E-01
8.298880E-04,-3.336975E-03,-8.0614594E-01
8.331648E-04,-3.718445E-03,-8.0515411E-01
8.364416E-04,-5.457947E-03,-8.0339935E-01
8.397184E-04,-5.076477E-03,-8.0149200E-01
8.429952E-04,-6.114075E-03,-7.9912689E-01
8.462720E-04,-8.021423E-03,-7.9638031E-01
8.495488E-04,-8.692810E-03,-7.9340485E-01
8.528256E-04,-9.791443E-03,-7.9035309E-01
8.561024E-04,-1.049335E-02,-7.8608063E-01
8.593792E-04,-1.165302E-02,-7.8279999E-01
8.626560E-04,-1.226337E-02,-7.7791718E-01
8.659328E-04,-1.345355E-02,-7.7333954E-01
8.692096E-04,-1.505573E-02,-7.6822784E-01
8.724864E-04,-1.487262E-02,-7.6311615E-01
8.757632E-04,-1.600177E-02,-7.5670746E-01
8.790400E-04,-1.745135E-02,-7.5068024E-01
8.823168E-04,-1.826007E-02,-7.4389008E-01
8.855936E-04,-1.928241E-02,-7.3709991E-01
8.888704E-04,-2.064044E-02,-7.2985199E-01
8.921472E-04,-2.242572E-02,-7.2290924E-01
8.954240E-04,-2.314288E-02,-7.1451691E-01
8.987008E-04,-2.541644E-02,-7.0673492E-01
9.019776E-04,-2.593524E-02,-6.9910553E-01
9.052544E-04,-2.749164E-02,-6.9078949E-01
9.085312E-04,-2.909381E-02,-6.8125275E-01
9.118080E-04,-3.074176E-02,-6.7194489E-01
9.150848E-04,-3.107745E-02,-6.6118744E-01
9.183616E-04,-3.382404E-02,-6.5279510E-01
9.216384E-04,-3.402240E-02,-6.4203766E-01
9.249152E-04,-3.654010E-02,-6.3211945E-01
9.281920E-04,-3.724200E-02,-6.2052277E-01
9.314688E-04,-3.956134E-02,-6.1045197E-01
9.347456E-04,-4.065997E-02,-5.9847382E-01
9.380224E-04,-4.377277E-02,-5.8680084E-01
9.412992E-04,-4.427631E-02,-5.7428864E-01
9.445760E-04,-4.722125E-02,-5.6261566E-01
9.478528E-04,-4.801471E-02,-5.5010345E-01
9.511296E-04,-5.094440E-02,-5.3804901E-01
9.544064E-04,-5.184467E-02,-5.2477386E-01
9.576832E-04,-5.549152E-02,-5.1203278E-01
9.609600E-04,-5.622394E-02,-4.9791840E-01
9.642368E-04,-5.953510E-02,-4.8479584E-01
9.675136E-04,-6.058795E-02,-4.6999481E-01
9.707904E-04,-6.428058E-02,-4.5679596E-01
9.740672E-04,-6.516559E-02,-4.4138458E-01
9.773440E-04,-6.930072E-02,-4.2788055E-01
9.806208E-04,-7.046039E-02,-4.1285065E-01
9.838976E-04,-7.482440E-02,-3.9850739E-01
9.871744E-04,-7.512958E-02,-3.8294342E-01
9.904512E-04,-8.002765E-02,-3.6791351E-01
9.937280E-04,-8.086688E-02,-3.5204437E-01
9.970048E-04,-8.487994E-02,-3.3831146E-01
1.000282E-03,-8.631427E-02,-3.2114532E-01
1.003558E-03,-9.138019E-02,-3.0573395E-01
1.006835E-03,-9.237201E-02,-2.8864410E-01
1.010112E-03,-9.696490E-02,-2.7269867E-01
1.013389E-03,-9.786517E-02,-2.5583771E-01
1.016666E-03,-1.032668E-01,-2.4088409E-01
1.019942E-03,-1.045485E-01,-2.2409943E-01
1.023219E-03,-1.093856E-01,-2.0853546E-01
1.026496E-03,-1.109420E-01,-1.8999603E-01
1.029773E-03,-1.160536E-01,-1.7435577E-01
1.033050E-03,-1.173659E-01,-1.5627411E-01
1.036326E-03,-1.227523E-01,-1.4040497E-01
1.039603E-03,-1.244918E-01,-1.2278107E-01
1.042880E-03,-1.292372E-01,-1.0653046E-01
1.046157E-03,-1.305190E-01,-8.9135437E-02
1.049434E-03,-1.356917E-01,-7.2503357E-02
1.052710E-03,-1.368819E-01,-5.3887634E-02
1.055987E-03,-1.420394E-01,-3.7102966E-02
1.059264E-03,-1.428481E-01,-1.8258362E-02
1.062541E-03,-1.489211E-01,-2.1603394E-03
1.065818E-03,-1.505690E-01,1.5997620E-02
1.069094E-03,-1.555892E-01,3.2934875E-02
1.072371E-03,-1.578322E-01,5.0863953E-02
1.075648E-03,-1.631270E-01,6.6580505E-02
1.078925E-03,-1.651564E-01,8.5501404E-02
1.082202E-03,-1.691848E-01,1.0190460E-01
1.085478E-03,-1.714125E-01,1.1998627E-01
1.088755E-03,-1.757003E-01,1.3646576E-01
1.092032E-03,-1.777907E-01,1.5462372E-01
1.095309E-03,-1.822005E-01,1.7049286E-01
1.098586E-03,-1.846572E-01,1.8865082E-01
1.101862E-03,-1.893111E-01,2.0444366E-01
1.105139E-03,-1.910964E-01,2.2313568E-01
1.108416E-03,-1.950942E-01,2.3953888E-01
1.111693E-03,-1.974440E-01,2.5815460E-01
1.114970E-03,-2.008925E-01,2.7356598E-01
1.118246E-03,-2.034865E-01,2.9080841E-01
1.121523E-03,-2.081557E-01,3.0675385E-01
1.124800E-03,-2.093154E-01,3.2338593E-01
1.128077E-03,-2.134352E-01,3.3917877E-01
1.131354E-03,-2.147475E-01,3.5512421E-01
1.134630E-03,-2.189894E-01,3.7137482E-01
1.137907E-03,-2.202101E-01,3.8815948E-01
1.141184E-03,-2.238570E-01,4.0425751E-01
1.144461E-03,-2.246810E-01,4.1974518E-01
1.147738E-03,-2.282210E-01,4.3515656E-01
1.151014E-03,-2.298079E-01,4.5018646E-01
1.154291E-03,-2.321425E-01,4.6529266E-01
1.157568E-03,-2.342177E-01,4.8070404E-01
1.160845E-03,-2.359114E-01,4.9558136E-01
1.164122E-03,-2.374831E-01,5.0946686E-01
1.167398E-03,-2.395583E-01,5.2411530E-01
1.170675E-03,-2.410536E-01,5.3884003E-01
1.173952E-03,-2.435256E-01,5.5150482E-01
1.177229E-03,-2.436934E-01,5.6645844E-01
1.180506E-03,-2.450972E-01,5.7912323E-01
1.183782E-03,-2.457534E-01,5.9277985E-01
1.187059E-03,-2.465773E-01,6.0506317E-01
1.190336E-03,-2.469741E-01,6.1795685E-01
1.193613E-03,-2.486068E-01,6.2985870E-01
1.196890E-03,-2.488661E-01,6.4084503E-01
1.200166E-03,-2.487899E-01,6.5373871E-01
1.203443E-03,-2.490950E-01,6.6579315E-01
1.206720E-03,-2.495070E-01,6.7792389E-01
1.209997E-03,-2.492018E-01,6.8883392E-01
1.213274E-03,-2.497512E-01,6.9966766E-01
1.216550E-03,-2.495986E-01,7.1042511E-01
1.219827E-03,-2.492324E-01,7.2087738E-01
1.223104E-03,-2.484236E-01,7.3064301E-01
1.226381E-03,-2.478133E-01,7.4101898E-01
1.229658E-03,-2.469741E-01,7.5025055E-01
1.232934E-03,-2.461806E-01,7.5849030E-01
1.236211E-03,-2.444411E-01,7.6802704E-01
1.239488E-03,-2.431899E-01,7.7664825E-01
1.242765E-03,-2.416640E-01,7.8435394E-01
1.246042E-03,-2.407790E-01,7.9251740E-01
1.249318E-03,-2.391921E-01,7.9999420E-01
1.252595E-03,-2.371627E-01,8.0693695E-01
1.255872E-03,-2.353621E-01,8.1372711E-01
1.259149E-03,-2.329970E-01,8.2059357E-01
1.262426E-03,-2.303878E-01,8.2715485E-01
1.265702E-03,-2.280684E-01,8.3394501E-01
1.268979E-03,-2.260543E-01,8.4020111E-01
1.272256E-03,-2.235366E-01,8.4554169E-01
1.275533E-03,-2.209273E-01,8.5011932E-01
1.278810E-03,-2.176619E-01,8.5538361E-01
1.282086E-03,-2.146254E-01,8.5866425E-01
1.285363E-03,-2.114821E-01,8.6263153E-01
1.288640E-03,-2.084151E-01,8.6659882E-01
1.291917E-03,-2.047682E-01,8.6957428E-01
1.295194E-03,-2.019454E-01,8.7209198E-01
1.298470E-03,-1.980849E-01,8.7514374E-01
1.301747E-03,-1.942397E-01,8.7689850E-01
1.305024E-03,-1.904860E-01,8.7903473E-01
1.308301E-03,-1.861830E-01,8.8033173E-01
1.311578E-03,-1.823226E-01,8.8170502E-01
1.314854E-03,-1.777602E-01,8.8239166E-01
1.318131E-03,-1.735030E-01,8.8269684E-01
1.321408E-03,-1.691237E-01,8.8277313E-01
1.324685E-03,-1.641036E-01,8.8223907E-01
1.327962E-03,-1.606703E-01,8.8124725E-01
1.331238E-03,-1.551161E-01,8.8086578E-01
1.334515E-03,-1.513320E-01,8.7888214E-01
1.337792E-03,-1.460372E-01,8.7743256E-01
1.341069E-03,-1.417495E-01,8.7522003E-01
1.344346E-03,-1.372176E-01,8.7415192E-01
1.347622E-03,-1.319380E-01,8.7003204E-01
1.350899E-03,-1.255294E-01,8.6736176E-01
1.354176E-03,-1.217147E-01,8.6423370E-01
1.357453E-03,-1.167556E-01,8.6095306E-01
1.360730E-03,-1.121779E-01,8.5698578E-01
1.364006E-03,-1.061354E-01,8.5240814E-01
1.367283E-03,-1.018019E-01,8.4714386E-01
1.370560E-03,-9.600360E-02,8.4180328E-01
1.373837E-03,-9.168536E-02,8.3531830E-01
1.377114E-03,-8.565814E-02,8.2990143E-01
1.380390E-03,-8.162982E-02,8.2395050E-01
1.383667E-03,-7.537372E-02,8.1769440E-01
1.386944E-03,-7.157428E-02,8.0953094E-01
1.390221E-03,-6.515033E-02,8.0213043E-01
1.393498E-03,-6.101520E-02,7.9495880E-01
1.396774E-03,-5.465228E-02,7.8740570E-01
1.400051E-03,-5.031879E-02,7.7847931E-01
1.403328E-03,-4.474933E-02,7.7092621E-01
1.406605E-03,-4.137714E-02,7.6161835E-01
1.409882E-03,-3.509052E-02,7.5307343E-01
1.413158E-03,-3.126056E-02,7.4384186E-01
1.416435E-03,-2.598102E-02,7.3438141E-01
1.419712E-03,-2.210529E-02,7.2377655E-01
1.422989E-03,-1.632220E-02,7.1355316E-01
1.426266E-03,-1.377399E-02,7.0302460E-01
1.429542E-03,-7.700989E-03,6.9234344E-01
1.432819E-03,-4.466125E-03,6.8006012E-01
1.436096E-03,2.140930E-03,6.6922638E-01
1.439373E-03,4.048279E-03,6.5755341E-01
1.442650E-03,9.892395E-03,6.4557526E-01
1.445926E-03,1.244061E-02,6.3268158E-01
1.449203E-03,1.747601E-02,6.2146637E-01
1.452480E-03,1.945966E-02,6.0849640E-01
1.455757E-03,2.522748E-02,5.9628937E-01
1.459034E-03,2.774518E-02,5.8209869E-01
1.462310E-03,3.246014E-02,5.6989166E-01
1.465587E-03,3.509991E-02,5.5623505E-01
1.468864E-03,3.989117E-02,5.4204437E-01
1.472141E-03,4.124921E-02,5.2701447E-01
1.475418E-03,4.620831E-02,5.1373932E-01
1.478694E-03,4.733746E-02,4.9809906E-01
1.481971E-03,5.275433E-02,4.8421356E-01
1.485248E-03,5.269330E-02,4.6796295E-01
1.488525E-03,5.791180E-02,4.5438263E-01
1.491802E-03,5.862897E-02,4.3874237E-01
1.495078E-03,6.305402E-02,4.2340729E-01
1.498355E-03,6.346600E-02,4.0669891E-01
1.501632E-03,6.779950E-02,3.9151642E-01
1.504909E-03,6.738751E-02,3.7503693E-01
1.508186E-03,7.162946E-02,3.5954926E-01
1.511462E-03,7.137006E-02,3.4223053E-01
1.514739E-03,7.495587E-02,3.2712433E-01
1.518016E-03,7.469647E-02,3.0911896E-01
1.521293E-03,7.870953E-02,2.9370758E-01
1.524570E-03,7.753461E-02,2.7631256E-01
1.527846E-03,8.119672E-02,2.6036713E-01
1.531123E-03,7.989972E-02,2.4205658E-01
1.534400E-03,8.322614E-02,2.2679779E-01
1.537677E-03,8.223431E-02,2.0902130E-01
1.540954E-03,8.395856E-02,1.9299957E-01
1.544230E-03,8.357709E-02,1.7476532E-01
1.547507E-03,8.641522E-02,1.5874359E-01
1.550784E-03,8.455365E-02,1.4058563E-01
1.554061E-03,8.705609E-02,1.2418243E-01
1.557338E-03,8.633893E-02,1.0510895E-01
1.560614E-03,8.711713E-02,8.8705750E-02
1.563891E-03,8.632367E-02,7.0776672E-02
1.567168E-03,8.679669E-02,5.4297180E-02
1.570445E-03,8.534711E-02,3.5528870E-02
1.573722E-03,8.713239E-02,1.8896790E-02
1.576998E-03,8.537762E-02,4.3365479E-04
1.580275E-03,8.578961E-02,-1.6045837E-02
1.583552E-03,8.417218E-02,-3.3135681E-02
1.586829E-03,8.420270E-02,-5.0225525E-02
1.590106E-03,8.269208E-02,-6.8764954E-02
1.593382E-03,8.267682E-02,-8.5702209E-02
1.596659E-03,8.104413E-02,-1.0355499E-01
1.599936E-03,8.110516E-02,-1.1927155E-01
1.603213E-03,7.930463E-02,-1.3628510E-01
1.606490E-03,7.828229E-02,-1.5291718E-01
1.609766E-03,7.629865E-02,-1.7069366E-01
1.613043E-03,7.530682E-02,-1.8694427E-01
1.616320E-03,7.370465E-02,-2.0441559E-01
1.619597E-03,7.242291E-02,-2.2066620E-01
1.622874E-03,7.111066E-02,-2.3691681E-01
1.626150E-03,6.987469E-02,-2.5286224E-01
1.629427E-03,6.743329E-02,-2.6903656E-01
1.632704E-03,6.674664E-02,-2.8559235E-01
1.635981E-03,6.421368E-02,-3.0176666E-01
1.639258E-03,6.316083E-02,-3.1778839E-01
1.642534E-03,6.107037E-02,-3.3411530E-01
1.645811E-03,5.922406E-02,-3.4952667E-01
1.649088E-03,5.809491E-02,-3.6493805E-01
1.652365E-03,5.574506E-02,-3.7928131E-01
1.655642E-03,5.386823E-02,-3.9484528E-01
1.658918E-03,5.203717E-02,-4.0995148E-01
1.662195E-03,5.034344E-02,-4.2467621E-01
1.665472E-03,4.890912E-02,-4.3940094E-01
1.668749E-03,4.596417E-02,-4.5351532E-01
1.672026E-03,4.460614E-02,-4.6785858E-01
1.675302E-03,4.254620E-02,-4.8143890E-01
1.678579E-03,4.044049E-02,-4.9570587E-01
1.681856E-03,3.836530E-02,-5.0875214E-01
1.685133E-03,3.665631E-02,-5.2202728E-01
1.688410E-03,3.403180E-02,-5.3537872E-01
1.691686E-03,3.279584E-02,-5.4773834E-01
1.694963E-03,3.053754E-02,-5.6025055E-01
1.698240E-03,2.888959E-02,-5.7253387E-01
1.701517E-03,2.640240E-02,-5.8489349E-01
1.704794E-03,2.480023E-02,-5.9679535E-01
1.708070E-03,2.289288E-02,-6.0663727E-01
1.711347E-03,2.119916E-02,-6.1861542E-01
1.714624E-03,1.813214E-02,-6.2952545E-01
1.717901E-03,1.736920E-02,-6.4035919E-01
1.721178E-03,1.425641E-02,-6.5088776E-01
1.724454E-03,1.337140E-02,-6.6050079E-01
1.727731E-03,1.054852E-02,-6.7011383E-01
1.731008E-03,9.343079E-03,-6.7972687E-01
1.734285E-03,7.359436E-03,-6.8834808E-01
1.737562E-03,5.955627E-03,-6.9750336E-01
1.740838E-03,4.063538E-03,-7.0574310E-01
1.744115E-03,2.949646E-03,-7.1398285E-01
1.747392E-03,5.997925E-04,-7.2245148E-01
1.750669E-03,-7.429810E-04,-7.2985199E-01
1.753946E-03,-3.123352E-03,-7.3656586E-01
1.757222E-03,-4.725525E-03,-7.4373749E-01
1.760499E-03,-6.342957E-03,-7.4968842E-01
1.763776E-03,-8.021423E-03,-7.5678375E-01
1.767053E-03,-9.547302E-03,-7.6212433E-01
1.770330E-03,-1.075275E-02,-7.6838043E-01
1.773606E-03,-1.275165E-02,-7.7295807E-01
1.776883E-03,-1.472003E-02,-7.7814606E-01
1.780160E-03,-1.572711E-02,-7.8295258E-01
1.783437E-03,-1.768024E-02,-7.8753021E-01
1.786714E-03,-1.916034E-02,-7.9149750E-01
1.789990E-03,-1.995380E-02,-7.9485443E-01
1.793267E-03,-2.224261E-02,-7.9805878E-01
1.796544E-03,-2.334125E-02,-8.0103424E-01
1.799821E-03,-2.515704E-02,-8.0217865E-01
1.803098E-03,-2.605731E-02,-8.0416229E-01
1.806374E-03,-2.811725E-02,-8.0675629E-01
1.809651E-03,-2.892596E-02,-8.0896881E-01
1.812928E-03,-3.023822E-02,-8.0912140E-01
1.816205E-03,-3.161151E-02,-8.1057098E-01
1.819482E-03,-3.283221E-02,-8.0965546E-01
1.822758E-03,-3.457172E-02,-8.0965546E-01
1.826035E-03,-3.582294E-02,-8.0896881E-01
1.829312E-03,-3.689105E-02,-8.0797699E-01
1.832589E-03,-3.771503E-02,-8.0652740E-01
1.835866E-03,-3.957660E-02,-8.0561188E-01
1.839142E-03,-4.098041E-02,-8.0294159E-01
1.842419E-03,-4.206378E-02,-8.0034760E-01
1.845696E-03,-4.322345E-02,-7.9752472E-01
1.848973E-03,-4.461200E-02,-7.9477814E-01
1.852250E-03,-4.578693E-02,-7.9103973E-01
1.855526E-03,-4.806049E-02,-7.8814056E-01
1.858803E-03,-4.906757E-02,-7.8363922E-01
1.862080E-03,-5.089862E-02,-7.7990082E-01
1.865357E-03,-5.129535E-02,-7.7448395E-01
1.868634E-03,-5.364520E-02,-7.6983002E-01
1.871910E-03,-5.501849E-02,-7.6426056E-01
1.875187E-03,-5.721576E-02,-7.5884369E-01
1.878464E-03,-5.787189E-02,-7.5258759E-01
1.881741E-03,-5.976398E-02,-7.4625519E-01
1.885018E-03,-6.119830E-02,-7.3893097E-01
1.888294E-03,-6.351764E-02,-7.3229340E-01
1.891571E-03,-6.428058E-02,-7.2420624E-01
1.894848E-03,-6.673724E-02,-7.1741608E-01
1.898125E-03,-6.814105E-02,-7.0910004E-01
1.901402E-03,-7.073505E-02,-7.0101288E-01
1.904678E-03,-7.171161E-02,-6.9078949E-01
1.907955E-03,-7.409198E-02,-6.8285492E-01
1.911232E-03,-7.474811E-02,-6.7293671E-01
1.914509E-03,-7.764728E-02,-6.6446808E-01
1.917786E-03,-7.909686E-02,-6.5401581E-01
1.921062E-03,-8.166034E-02,-6.4432648E-01
1.924339E-03,-8.259113E-02,-6.3227203E-01
1.927616E-03,-8.639056E-02,-6.2281158E-01
1.930893E-03,-8.704669E-02,-6.1083344E-01
1.934170E-03,-9.000690E-02,-5.9992340E-01
1.937446E-03,-9.107501E-02,-5.8832672E-01
1.940723E-03,-9.505756E-02,-5.7657745E-01
1.944000E-03,-9.519489E-02,-5.6337860E-01
1.947277E-03,-9.942157E-02,-5.5216339E-01
1.950554E-03,-1.000777E-01,-5.3881195E-01
1.953830E-03,-1.048232E-01,-5.2691010E-01
1.957107E-03,-1.052047E-01,-5.1264313E-01
1.960384E-03,-1.092940E-01,-5.0058868E-01
1.963661E-03,-1.095992E-01,-4.8609283E-01
1.966938E-03,-1.148177E-01,-4.7319916E-01
1.970214E-03,-1.145888E-01,-4.5870331E-01
1.973491E-03,-1.189223E-01,-4.4542816E-01
1.976768E-03,-1.189070E-01,-4.2948273E-01
1.980045E-03,-1.238356E-01,-4.1620758E-01
1.983322E-03,-1.241866E-01,-4.0003326E-01
1.986598E-03,-1.292067E-01,-3.8584259E-01
1.989875E-03,-1.295577E-01,-3.6974457E-01
1.993152E-03,-1.337538E-01,-3.5540131E-01
1.996429E-03,-1.345320E-01,-3.3930328E-01
1.999706E-03,-1.395064E-01,-3.2434967E-01
2.002982E-03,-1.393538E-01,-3.0748871E-01
2.006259E-03,-1.447554E-01,-2.9184845E-01
2.009536E-03,-1.443434E-01,-2.7437714E-01
2.012813E-03,-1.500502E-01,-2.5972870E-01
2.016090E-03,-1.506453E-01,-2.4256256E-01
2.019366E-03,-1.559706E-01,-2.2753265E-01
2.022643E-03,-1.558943E-01,-2.0975616E-01
2.025920E-03,-1.608840E-01,-1.9495514E-01
2.029197E-03,-1.615554E-01,-1.7710236E-01
2.032474E-03,-1.657363E-01,-1.6054657E-01
2.035750E-03,-1.663466E-01,-1.4345673E-01
2.039027E-03,-1.706191E-01,-1.2674835E-01
2.042304E-03,-1.720839E-01,-1.0965851E-01
2.045581E-03,-1.758071E-01,-9.2950134E-02
2.048858E-03,-1.770278E-01,-7.5555115E-02
2.052134E-03,-1.808272E-01,-5.8388977E-02
2.055411E-03,-1.813155E-01,-3.9849548E-02
2.058688E-03,-1.848860E-01,-2.3064880E-02
2.061965E-03,-1.860915E-01,-5.3646851E-03
2.065242E-03,-1.896468E-01,1.1648865E-02
2.068518E-03,-1.902571E-01,3.0340881E-02
2.071795E-03,-1.930495E-01,4.7659607E-02
2.075072E-03,-1.930953E-01,6.4139099E-02
2.078349E-03,-1.960707E-01,8.1610413E-02
2.081626E-03,-1.972914E-01,9.9463196E-02
2.084902E-03,-1.999160E-01,1.1708710E-01
2.088179E-03,-2.005568E-01,1.3463470E-01
2.091456E-03,-2.027846E-01,1.5218231E-01
2.094733E-03,-2.027388E-01,1.6881439E-01
2.098010E-03,-2.054091E-01,1.8567535E-01
2.101286E-03,-2.056227E-01,2.0329926E-01
2.104563E-03,-2.088423E-01,2.1916840E-01
2.107840E-03,-2.092391E-01,2.3694489E-01
2.111117E-03,-2.104598E-01,2.5342438E-01
2.114394E-03,-2.104750E-01,2.7120087E-01
2.117670E-03,-2.121382E-01,2.8668854E-01
2.120947E-03,-2.126265E-01,3.0324432E-01
2.124224E-03,-2.141829E-01,3.1949493E-01
2.127501E-03,-2.132979E-01,3.3605072E-01
2.130778E-03,-2.138472E-01,3.5283539E-01
2.134054E-03,-2.136183E-01,3.7038300E-01
2.137331E-03,-2.143203E-01,3.8503143E-01
2.140608E-03,-2.141524E-01,4.0090057E-01
2.143885E-03,-2.143508E-01,4.1638824E-01
2.147162E-03,-2.133589E-01,4.3279144E-01
2.150438E-03,-2.131148E-01,4.4797394E-01
2.153715E-03,-2.123519E-01,4.6300385E-01
2.156992E-03,-2.121993E-01,4.7780487E-01
2.160269E-03,-2.104903E-01,4.9283478E-01
2.163546E-03,-2.100020E-01,5.0717804E-01
2.166822E-03,-2.087661E-01,5.2251312E-01
2.170099E-03,-2.082778E-01,5.3693268E-01
2.173376E-03,-2.066298E-01,5.5066559E-01
2.176653E-03,-2.049208E-01,5.6386444E-01
2.179930E-03,-2.024184E-01,5.7736847E-01
2.183206E-03,-2.016707E-01,5.9003326E-01
2.186483E-03,-1.992751E-01,6.0231659E-01
2.189760E-03,-1.978408E-01,6.1528656E-01
2.193037E-03,-1.955672E-01,6.2779877E-01
2.196314E-03,-1.936141E-01,6.4008209E-01
2.199590E-03,-1.904402E-01,6.5267059E-01
2.202867E-03,-1.887618E-01,6.6426727E-01
2.206144E-03,-1.862746E-01,6.7563507E-01
2.209421E-03,-1.836653E-01,6.8692657E-01
2.212698E-03,-1.798659E-01,6.9837067E-01
2.215974E-03,-1.768141E-01,7.0981476E-01
2.219251E-03,-1.736251E-01,7.1973297E-01
2.222528E-03,-1.702986E-01,7.2949860E-01
2.225805E-03,-1.668654E-01,7.3926422E-01
2.229082E-03,-1.632338E-01,7.4887726E-01
2.232358E-03,-1.596938E-01,7.5795624E-01
2.235635E-03,-1.563063E-01,7.6718781E-01
2.238912E-03,-1.513472E-01,7.7619049E-01
2.242189E-03,-1.479598E-01,7.8374359E-01
2.245466E-03,-1.435347E-01,7.9091522E-01
2.248742E-03,-1.401168E-01,7.9831573E-01
2.252019E-03,-1.359969E-01,8.0571625E-01
2.255296E-03,-1.309462E-01,8.1273529E-01
2.258573E-03,-1.263839E-01,8.2013580E-01
2.261850E-03,-1.228591E-01,8.2646820E-01
2.265126E-03,-1.181136E-01,8.3196136E-01
2.268403E-03,-1.135359E-01,8.3722565E-01
2.271680E-03,-1.088210E-01,8.4325287E-01
2.274957E-03,-1.033889E-01,8.4798309E-01
2.278234E-03,-9.911639E-02,8.5271332E-01
2.281510E-03,-9.437091E-02,8.5729095E-01
2.284787E-03,-8.941180E-02,8.6118195E-01
2.288064E-03,-8.443744E-02,8.6476776E-01
2.291341E-03,-7.912738E-02,8.6797211E-01
2.294618E-03,-7.372577E-02,8.7079498E-01
2.297894E-03,-6.933124E-02,8.7361786E-01
2.301171E-03,-6.403644E-02,8.7583038E-01
2.304448E-03,-5.825336E-02,8.7758514E-01
2.307725E-03,-5.283649E-02,8.8010284E-01
2.311002E-03,-4.850299E-02,8.8117096E-01
2.314278E-03,-4.232318E-02,8.8139984E-01
2.317555E-03,-3.794391E-02,8.8170502E-01
2.320832E-03,-3.234393E-02,8.8254425E-01
2.324109E-03,-2.817828E-02,8.8071320E-01
2.327386E-03,-2.193744E-02,8.8109467E-01
2.330662E-03,-1.739032E-02,8.8017914E-01
2.333939E-03,-1.169879E-02,8.7933990E-01
2.337216E-03,-7.411072E-03,8.7697479E-01
2.340493E-03,-1.353333E-03,8.7552521E-01
2.343770E-03,2.827576E-03,8.7209198E-01
2.347046E-03,8.671692E-03,8.7064240E-01
2.350323E-03,1.286786E-02,8.6774323E-01
2.353600E-03,1.848309E-02,8.6484406E-01
2.356877E-03,2.200787E-02,8.6011383E-01
2.360154E-03,2.827924E-02,8.5637543E-01
2.363430E-03,3.210919E-02,8.5179779E-01
2.366707E-03,3.743451E-02,8.4668610E-01
2.369984E-03,4.062360E-02,8.4187958E-01
2.373261E-03,4.587262E-02,8.3661530E-01
2.376538E-03,4.922955E-02,8.2967255E-01
2.379814E-03,5.473798E-02,8.2364532E-01
2.383091E-03,5.754559E-02,8.1593964E-01
2.386368E-03,6.303876E-02,8.1006500E-01
2.389645E-03,6.616681E-02,8.0266449E-01
2.392922E-03,7.126324E-02,7.9541656E-01
2.396198E-03,7.312482E-02,7.8763458E-01
2.399475E-03,7.837384E-02,7.8008148E-01
2.402752E-03,8.038800E-02,7.7069733E-01
2.406029E-03,8.525555E-02,7.6245758E-01
2.409306E-03,8.672040E-02,7.5322601E-01
2.412582E-03,9.196942E-02,7.4452850E-01
2.415859E-03,9.369366E-02,7.3384735E-01
2.419136E-03,9.792035E-02,7.2431061E-01
2.422413E-03,9.935468E-02,7.1324799E-01
2.425690E-03,1.030015E-01,7.0424530E-01
2.428966E-03,1.043138E-01,6.9142792E-01
2.432243E-03,1.082353E-01,6.8097565E-01
2.435520E-03,1.094102E-01,6.6968414E-01
2.438797E-03,1.125840E-01,6.5785858E-01
2.442074E-03,1.133470E-01,6.4511749E-01
2.445350E-03,1.167955E-01,6.3451263E-01
2.448627E-03,1.174211E-01,6.2139008E-01
2.451904E-03,1.208543E-01,6.0918304E-01
2.455181E-03,1.203660E-01,5.9575531E-01
2.458458E-03,1.235246E-01,5.8446381E-01
2.461734E-03,1.233568E-01,5.7012054E-01
2.465011E-03,1.256303E-01,5.5806610E-01
2.468288E-03,1.248216E-01,5.4295990E-01
2.471565E-03,1.275377E-01,5.2922699E-01
2.474842E-03,1.262864E-01,5.1442596E-01
2.478118E-03,1.290330E-01,5.0031158E-01
2.481395E-03,1.273393E-01,4.8436615E-01
2.484672E-03,1.296891E-01,4.7086212E-01
2.487949E-03,1.278123E-01,4.5491669E-01
2.491226E-03,1.297044E-01,4.4126007E-01
2.494502E-03,1.276902E-01,4.2516205E-01
2.497779E-03,1.300859E-01,4.1058990E-01
2.501056E-03,1.274003E-01,3.9311859E-01
2.504333E-03,1.285142E-01,3.7930939E-01
2.507610E-03,1.258134E-01,3.6191437E-01
2.510886E-03,1.281175E-01,3.4657928E-01
2.514163E-03,1.246537E-01,3.2872650E-01
2.517440E-03,1.257676E-01,3.1278107E-01
2.520717E-03,1.224870E-01,2.9561493E-01
2.523994E-03,1.230668E-01,2.8027985E-01
2.527270E-03,1.199846E-01,2.6242706E-01
2.530547E-03,1.205186E-01,2.4602386E-01
2.533824E-03,1.170244E-01,2.2855255E-01
2.537101E-03,1.177110E-01,2.1230194E-01
2.540378E-03,1.141557E-01,1.9475433E-01
2.543654E-03,1.132249E-01,1.7781708E-01
2.546931E-03,1.098222E-01,1.6011688E-01
2.550208E-03,1.094560E-01,1.4386627E-01
2.553485E-03,1.059007E-01,1.2563202E-01
2.556762E-03,1.045427E-01,1.0816071E-01
2.560038E-03,1.014451E-01,9.0460510E-02
2.563315E-03,1.011094E-01,7.3828430E-02
2.566592E-03,9.766095E-02,5.5823059E-02
2.569869E-03,9.595197E-02,3.9267273E-02
2.573146E-03,9.285443E-02,2.1872253E-02
2.576422E-03,9.077924E-02,3.4854126E-03
2.579699E-03,8.740704E-02,-1.4291077E-02
2.582976E-03,8.597272E-02,-3.0846863E-02
2.586253E-03,8.311932E-02,-4.8318176E-02
2.589530E-03,8.095258E-02,-6.6476135E-02
2.592806E-03,7.825177E-02,-8.3718567E-02
2.596083E-03,7.617657E-02,-1.0027435E-01
2.599360E-03,7.266705E-02,-1.1744049E-01
2.602637E-03,6.990521E-02,-1.3422516E-01
2.605914E-03,6.667035E-02,-1.5139130E-01
2.609190E-03,6.448834E-02,-1.6817596E-01
2.612467E-03,6.137555E-02,-1.8480804E-01
2.615744E-03,5.859845E-02,-2.0105865E-01
2.619021E-03,5.521100E-02,-2.1776703E-01
2.622298E-03,5.263226E-02,-2.3394135E-01
2.625574E-03,4.948895E-02,-2.5064972E-01
2.628851E-03,4.710858E-02,-2.6560333E-01
2.632128E-03,4.390424E-02,-2.8208282E-01
2.635405E-03,4.106610E-02,-2.9833344E-01
2.638682E-03,3.793805E-02,-3.1481293E-01
2.641958E-03,3.580182E-02,-3.3052948E-01
2.645235E-03,3.186505E-02,-3.4685638E-01
2.648512E-03,2.972882E-02,-3.6181000E-01
2.651789E-03,2.682965E-02,-3.7722137E-01
2.655066E-03,2.492230E-02,-3.9202240E-01
2.658342E-03,2.130597E-02,-4.0712860E-01
2.661619E-03,1.959698E-02,-4.2269257E-01
2.664896E-03,1.561444E-02,-4.3642548E-01
2.668173E-03,1.382916E-02,-4.5053986E-01
2.671450E-03,1.059430E-02,-4.6495941E-01
2.674726E-03,8.580139E-03,-4.7960785E-01
2.678003E-03,5.085876E-03,-4.9295929E-01
2.681280E-03,3.666809E-03,-5.0631073E-01
2.684557E-03,4.166870E-04,-5.2103546E-01
2.687834E-03,-1.032898E-03,-5.3286102E-01
2.691110E-03,-4.389832E-03,-5.4590729E-01
2.694387E-03,-5.778381E-03,-5.5834320E-01
2.697664E-03,-8.418152E-03,-5.7077911E-01
2.700941E-03,-1.003558E-02,-5.8290985E-01
2.704218E-03,-1.291949E-02,-5.9443024E-01
2.707494E-03,-1.534564E-02,-6.0534027E-01
2.710771E-03,-1.754291E-02,-6.1640289E-01
2.714048E-03,-1.916034E-02,-6.2754181E-01
2.717325E-03,-2.212054E-02,-6.3875702E-01
2.720602E-03,-2.375323E-02,-6.4943817E-01
2.723878E-03,-2.605731E-02,-6.5935638E-01
2.727155E-03,-2.772052E-02,-6.6912201E-01
2.730432E-03,-3.029926E-02,-6.7842987E-01
2.733709E-03,-3.066547E-02,-6.8743256E-01
2.736986E-03,-3.332050E-02,-6.9620636E-01
2.740262E-03,-3.553302E-02,-7.0566681E-01
2.743539E-03,-3.730304E-02,-7.1306732E-01
2.746816E-03,-3.858478E-02,-7.2161224E-01
2.750093E-03,-4.003436E-02,-7.2817352E-01
2.753370E-03,-4.134662E-02,-7.3626068E-01
2.756646E-03,-4.391010E-02,-7.4266937E-01
2.759923E-03,-4.482562E-02,-7.4999359E-01
2.763200E-03,-4.609210E-02,-7.5609711E-01
2.766477E-03,-4.774005E-02,-7.6151398E-01
2.769754E-03,-5.030353E-02,-7.6693085E-01
2.773030E-03,-5.111224E-02,-7.7227142E-01
2.776307E-03,-5.280597E-02,-7.7692535E-01
2.779584E-03,-5.448444E-02,-7.8127411E-01
2.782861E-03,-5.541522E-02,-7.8562286E-01
2.786138E-03,-5.666644E-02,-7.9035309E-01
2.789414E-03,-5.884845E-02,-7.9355743E-01
2.792691E-03,-6.000812E-02,-7.9737213E-01
2.795968E-03,-6.157977E-02,-7.9920319E-01
2.799245E-03,-6.258685E-02,-8.0248383E-01
2.802522E-03,-6.389911E-02,-8.0385712E-01
2.805798E-03,-6.533344E-02,-8.0629852E-01
2.809075E-03,-6.722552E-02,-8.0660370E-01
2.812352E-03,-6.827838E-02,-8.0797699E-01
2.815629E-03,-6.861407E-02,-8.0942657E-01
2.818906E-03,-7.033832E-02,-8.1018951E-01
2.822182E-03,-7.154376E-02,-8.0988434E-01
2.825459E-03,-7.363422E-02,-8.0980804E-01
2.828736E-03,-7.509906E-02,-8.0843475E-01
2.832013E-03,-7.689960E-02,-8.0835846E-01
2.835290E-03,-7.726581E-02,-8.0515411E-01
2.838566E-03,-7.839496E-02,-8.0378082E-01
2.841843E-03,-7.981403E-02,-8.0149200E-01
2.845120E-03,-8.123309E-02,-7.9912689E-01
2.848397E-03,-8.228595E-02,-7.9607513E-01
2.851674E-03,-8.408649E-02,-7.9340485E-01
2.854950E-03,-8.523090E-02,-7.8897980E-01
2.858227E-03,-8.701617E-02,-7.8501251E-01
2.861504E-03,-8.788593E-02,-7.8096893E-01
2.864781E-03,-9.028156E-02,-7.7700165E-01
2.868058E-03,-9.034259E-02,-7.7089813E-01
2.871334E-03,-9.264667E-02,-7.6616791E-01
2.874611E-03,-9.345538E-02,-7.5953033E-01
2.877888E-03,-9.566791E-02,-7.5426605E-01
2.881165E-03,-9.578998E-02,-7.4747589E-01
2.884442E-03,-9.849078E-02,-7.4083832E-01
2.887718E-03,-9.939105E-02,-7.3298004E-01
2.890995E-03,-1.023665E-01,-7.2702911E-01
2.894272E-03,-1.027632E-01,-7.1833160E-01
2.897549E-03,-1.058455E-01,-7.1070221E-01
2.900826E-03,-1.057387E-01,-7.0185211E-01
2.904102E-03,-1.073714E-01,-6.9345978E-01
2.907379E-03,-1.090346E-01,-6.8438080E-01
2.910656E-03,-1.110945E-01,-6.7575958E-01
2.913933E-03,-1.114608E-01,-6.6446808E-01
2.917210E-03,-1.141921E-01,-6.5607574E-01
2.920486E-03,-1.143599E-01,-6.4478424E-01
2.923763E-03,-1.182814E-01,-6.3555267E-01
2.927040E-03,-1.182051E-01,-6.2357452E-01
2.930317E-03,-1.215468E-01,-6.1373260E-01
2.933594E-03,-1.213332E-01,-6.0129669E-01
2.936870E-03,-1.244307E-01,-5.9122589E-01
2.940147E-03,-1.256667E-01,-5.7848480E-01
2.943424E-03,-1.288253E-01,-5.6726959E-01
2.946701E-03,-1.289473E-01,-5.5414703E-01
2.949978E-03,-1.324721E-01,-5.4224518E-01
2.953254E-03,-1.322737E-01,-5.2912262E-01
2.956531E-03,-1.353713E-01,-5.1683929E-01
2.959808E-03,-1.358748E-01,-5.0150421E-01
2.963085E-03,-1.391097E-01,-4.8906830E-01
2.966362E-03,-1.386061E-01,-4.7457245E-01
2.969638E-03,-1.431227E-01,-4.6076324E-01
2.972915E-03,-1.419631E-01,-4.4634369E-01
2.976192E-03,-1.461287E-01,-4.3276337E-01
2.979469E-03,-1.458235E-01,-4.1788605E-01
2.982746E-03,-1.491500E-01,-4.0339020E-01
2.986022E-03,-1.488143E-01,-3.8713959E-01
2.989299E-03,-1.527358E-01,-3.7310150E-01
2.992576E-03,-1.523543E-01,-3.5654572E-01
2.995853E-03,-1.557875E-01,-3.4258392E-01
2.999130E-03,-1.550399E-01,-3.2541779E-01
3.002406E-03,-1.588240E-01,-3.1092194E-01
3.005683E-03,-1.574813E-01,-2.9337433E-01
3.008960E-03,-1.616469E-01,-2.7872589E-01
3.012237E-03,-1.609755E-01,-2.6094940E-01
3.015514E-03,-1.635237E-01,-2.4576691E-01
3.018790E-03,-1.631118E-01,-2.2867706E-01
3.022067E-03,-1.662856E-01,-2.1379974E-01
3.025344E-03,-1.649581E-01,-1.9655731E-01
3.028621E-03,-1.677199E-01,-1.8023041E-01
3.031898E-03,-1.677504E-01,-1.6253021E-01
3.035174E-03,-1.700240E-01,-1.4650848E-01
3.038451E-03,-1.686660E-01,-1.2957123E-01
3.041728E-03,-1.712447E-01,-1.1286285E-01
3.045005E-03,-1.696883E-01,-9.5620422E-02
3.048282E-03,-1.719161E-01,-7.9217224E-02
3.051558E-03,-1.713362E-01,-6.0525208E-02
3.054835E-03,-1.723586E-01,-4.2672424E-02
3.058112E-03,-1.717482E-01,-2.5353699E-02
3.061389E-03,-1.725112E-01,-8.3401489E-03
3.064666E-03,-1.716719E-01,9.5126343E-03
3.067942E-03,-1.730147E-01,2.6373596E-02
3.071219E-03,-1.716719E-01,4.5599670E-02
3.074496E-03,-1.724654E-01,6.1316223E-02
3.077773E-03,-1.707564E-01,7.8787537E-02
3.081050E-03,-1.714278E-01,9.6411438E-02
3.084326E-03,-1.699630E-01,1.1434052E-01
3.087603E-03,-1.697493E-01,1.3150665E-01
3.090880E-03,-1.679946E-01,1.4882538E-01
3.094157E-03,-1.690322E-01,1.6545746E-01
3.097434E-03,-1.657973E-01,1.8323395E-01
3.100710E-03,-1.661483E-01,2.0055267E-01
3.103987E-03,-1.647750E-01,2.1726105E-01
3.107264E-03,-1.636153E-01,2.3389313E-01
3.110541E-03,-1.620589E-01,2.5090668E-01
3.113818E-03,-1.605025E-01,2.6730988E-01
3.117094E-03,-1.577559E-01,2.8439972E-01
3.120371E-03,-1.565200E-01,3.0080292E-01
3.123648E-03,-1.539107E-01,3.1796906E-01
3.126925E-03,-1.523543E-01,3.3429596E-01
3.130202E-03,-1.497756E-01,3.5077545E-01
3.133478E-03,-1.478072E-01,3.6679718E-01
3.136755E-03,-1.449233E-01,3.8304779E-01
3.140032E-03,-1.428328E-01,3.9899323E-01
3.143309E-03,-1.391555E-01,4.1478607E-01
3.146586E-03,-1.370192E-01,4.3035004E-01
3.149862E-03,-1.336776E-01,4.4553253E-01
3.153139E-03,-1.310530E-01,4.6056244E-01
3.156416E-03,-1.273757E-01,4.7627899E-01
3.159693E-03,-1.247206E-01,4.9146149E-01
3.162970E-03,-1.209212E-01,5.0542328E-01
3.166246E-03,-1.178694E-01,5.1999542E-01
3.169523E-03,-1.142379E-01,5.3388092E-01
3.172800E-03,-1.107283E-01,5.4746124E-01
3.176077E-03,-1.063185E-01,5.6188080E-01
3.179354E-03,-1.032668E-01,5.7424042E-01
3.182630E-03,-9.914691E-02,5.8774445E-01
3.185907E-03,-9.533221E-02,6.0033295E-01
3.189184E-03,-9.098346E-02,6.1360809E-01
3.192461E-03,-8.707721E-02,6.2566254E-01
3.195738E-03,-8.182819E-02,6.3771698E-01
3.199014E-03,-7.790668E-02,6.5045807E-01
3.202291E-03,-7.363422E-02,6.6190216E-01
3.205568E-03,-6.882770E-02,6.7395660E-01
3.208845E-03,-6.493671E-02,6.8479034E-01
3.212122E-03,-5.971820E-02,6.9608185E-01
3.215398E-03,-5.544574E-02,7.0760223E-01
3.218675E-03,-4.978473E-02,7.1767303E-01
3.221952E-03,-4.494769E-02,7.2865936E-01
3.225229E-03,-3.988177E-02,7.3842499E-01
3.228506E-03,-3.580768E-02,7.4803802E-01
3.231782E-03,-3.034503E-02,7.5681183E-01
3.235059E-03,-2.509601E-02,7.6512787E-01
3.238336E-03,-2.019794E-02,7.7435944E-01
3.241613E-03,-1.560504E-02,7.8191254E-01
3.244890E-03,-1.034076E-02,7.9068634E-01
3.248166E-03,-5.793640E-03,7.9770538E-01
3.251443E-03,-2.699585E-04,8.0609772E-01
3.254720E-03,4.856995E-03,8.1204865E-01
3.257997E-03,9.221008E-03,8.1937286E-01
3.261274E-03,1.463788E-02,8.2555267E-01
3.264550E-03,1.988690E-02,8.3203766E-01
3.267827E-03,2.440350E-02,8.3692047E-01
3.271104E-03,2.985089E-02,8.4287140E-01
3.274381E-03,3.377240E-02,8.4752533E-01
3.277658E-03,3.958600E-02,8.5225555E-01
3.280934E-03,4.408734E-02,8.5607025E-01
3.284211E-03,4.921429E-02,8.6003754E-01
3.287488E-03,5.362408E-02,8.6453888E-01
3.290765E-03,5.904095E-02,8.6743805E-01
3.294042E-03,6.294720E-02,8.7079498E-01
3.297318E-03,6.772321E-02,8.7331268E-01
3.300595E-03,7.230084E-02,8.7529633E-01
3.303872E-03,7.762616E-02,8.7712738E-01
3.307149E-03,8.078473E-02,8.7888214E-01
3.310426E-03,8.559125E-02,8.7979767E-01
3.313702E-03,8.940594E-02,8.8048431E-01
3.316979E-03,9.401410E-02,8.8216278E-01
3.320256E-03,9.810345E-02,8.8139984E-01
3.323533E-03,1.030778E-01,8.8193390E-01
3.326810E-03,1.058244E-01,8.8109467E-01
3.330086E-03,1.106462E-01,8.8086578E-01
3.333363E-03,1.127061E-01,8.7972137E-01
3.336640E-03,1.174211E-01,8.7735626E-01
3.339917E-03,1.193284E-01,8.7575409E-01
3.343194E-03,1.241655E-01,8.7331268E-01
3.346470E-03,1.263475E-01,8.7079498E-01
3.349747E-03,1.299333E-01,8.6789581E-01
3.353024E-03,1.315965E-01,8.6347076E-01
3.356301E-03,1.360673E-01,8.6041901E-01
3.359578E-03,1.377153E-01,8.5629913E-01
3.362854E-03,1.411180E-01,8.5210297E-01
3.366131E-03,1.426286E-01,8.4722015E-01
3.369408E-03,1.462449E-01,8.4203217E-01
3.372685E-03,1.461839E-01,8.3623383E-01
3.375962E-03,1.504869E-01,8.3112213E-01
3.379238E-03,1.512803E-01,8.2341644E-01
3.382515E-03,1.538133E-01,8.1716034E-01
3.385792E-03,1.539964E-01,8.1029388E-01
3.389069E-03,1.579484E-01,8.0441925E-01
3.392346E-03,1.571550E-01,7.9579803E-01
3.395622E-03,1.599016E-01,7.8946564E-01
3.398899E-03,1.594743E-01,7.8076813E-01
3.402176E-03,1.621599E-01,7.7313873E-01
3.405453E-03,1.615037E-01,7.6459381E-01
3.408730E-03,1.636247E-01,7.5551483E-01
3.412006E-03,1.621446E-01,7.4574921E-01
3.415283E-03,1.637620E-01,7.3735687E-01
3.418560E-03,1.617479E-01,7.2675201E-01
3.421837E-03,1.640825E-01,7.1759674E-01
3.425114E-03,1.618852E-01,7.0607635E-01
3.428390E-03,1.636705E-01,6.9638702E-01
3.431667E-03,1.610917E-01,6.8349335E-01
3.434944E-03,1.625566E-01,6.7311737E-01
3.438221E-03,1.595811E-01,6.6098663E-01
3.441498E-03,1.610460E-01,6.4938995E-01
3.444774E-03,1.575517E-01,6.3664886E-01
3.448051E-03,1.584214E-01,6.2528107E-01
3.451328E-03,1.554002E-01,6.1154816E-01
3.454605E-03,1.558427E-01,6.0048553E-01
3.457882E-03,1.518754E-01,5.8629486E-01
3.461158E-03,1.526689E-01,5.7393524E-01
3.464435E-03,1.487321E-01,5.5966827E-01
3.467712E-03,1.487321E-01,5.4685089E-01
3.470989E-03,1.438798E-01,5.3182098E-01
3.474266E-03,1.440477E-01,5.1892731E-01
3.477542E-03,1.399125E-01,5.0313446E-01
3.480819E-03,1.399583E-01,4.8947784E-01
3.484096E-03,1.354265E-01,4.7399017E-01
3.487373E-03,1.349839E-01,4.5979950E-01
3.490650E-03,1.306352E-01,4.4362518E-01
3.493926E-03,1.296891E-01,4.2928192E-01
3.497203E-03,1.246385E-01,4.1310760E-01
3.500480E-03,1.240587E-01,3.9830658E-01
3.503757E-03,1.195115E-01,3.8182709E-01
3.507034E-03,1.182908E-01,3.6649200E-01
3.510310E-03,1.131791E-01,3.4879181E-01
3.513587E-03,1.119432E-01,3.3338043E-01
3.516864E-03,1.070146E-01,3.1636688E-01
3.520141E-03,1.055650E-01,2.9996368E-01
3.523418E-03,9.952252E-02,2.8287384E-01
3.526694E-03,9.862225E-02,2.6715729E-01
3.529971E-03,9.351056E-02,2.4907562E-01
3.533248E-03,9.106915E-02,2.3259613E-01
3.536525E-03,8.711713E-02,2.1558258E-01
3.539802E-03,8.426373E-02,1.9826385E-01
3.543078E-03,7.983868E-02,1.8125031E-01
3.546355E-03,7.783978E-02,1.6507599E-01
3.549632E-03,7.236188E-02,1.4707062E-01
3.552909E-03,6.947797E-02,1.2990448E-01
3.556186E-03,6.483929E-02,1.1220428E-01
3.559462E-03,6.238263E-02,9.4275208E-02
3.562739E-03,5.774396E-02,7.6727600E-02
3.566016E-03,5.507367E-02,5.9866638E-02
3.569293E-03,5.054181E-02,4.2547913E-02
3.572570E-03,4.741376E-02,2.5534363E-02
3.575846E-03,4.297345E-02,7.3001099E-03
3.579123E-03,4.088300E-02,-9.7134399E-03
3.582400E-03,3.659528E-02,-2.8100281E-02
3.585677E-03,3.415387E-02,-4.4961243E-02
3.588954E-03,2.949994E-02,-6.2814026E-02
3.592230E-03,2.679913E-02,-8.0514221E-02
3.595507E-03,2.281659E-02,-9.7298889E-02
3.598784E-03,1.935284E-02,-1.1408356E-01
3.602061E-03,1.578229E-02,-1.3102081E-01
3.605338E-03,1.350873E-02,-1.4780548E-01
3.608614E-03,9.236267E-03,-1.6459015E-01
3.611891E-03,5.818298E-03,-1.8175629E-01
3.615168E-03,1.454285E-03,-1.9861725E-01
3.618445E-03,-1.078674E-03,-2.1502045E-01
3.621722E-03,-4.237244E-03,-2.3066071E-01
3.624998E-03,-6.373474E-03,-2.4706390E-01
3.628275E-03,-1.018817E-02,-2.6377228E-01
3.631552E-03,-1.206500E-02,-2.8009918E-01
3.634829E-03,-1.664264E-02,-2.9589203E-01
3.638106E-03,-1.943500E-02,-3.1267670E-01
3.641382E-03,-2.198322E-02,-3.2801178E-01
3.644659E-03,-2.447040E-02,-3.4311798E-01
3.647936E-03,-2.764423E-02,-3.5929230E-01
3.651213E-03,-3.026874E-02,-3.7386444E-01
3.654490E-03,-3.367145E-02,-3.8927582E-01
3.657766E-03,-3.516681E-02,-4.0476349E-01
3.661043E-03,-3.858478E-02,-4.2017487E-01
3.664320E-03,-3.992755E-02,-4.3383148E-01
3.667597E-03,-4.328448E-02,-4.4802216E-01
3.670874E-03,-4.516132E-02,-4.6289948E-01
3.674150E-03,-4.749591E-02,-4.7655609E-01
3.677427E-03,-4.876239E-02,-4.9006012E-01
3.680704E-03,-5.131061E-02,-5.0364044E-01
3.683981E-03,-5.234821E-02,-5.1722076E-01
3.687258E-03,-5.515582E-02,-5.3003815E-01
3.690534E-03,-5.648334E-02,-5.4232147E-01
3.693811E-03,-5.912311E-02,-5.5490997E-01
3.697088E-03,-6.075580E-02,-5.6719330E-01
3.700365E-03,-6.263263E-02,-5.7863739E-01
3.703642E-03,-6.350238E-02,-5.9084442E-01
3.706918E-03,-6.626422E-02,-6.0297516E-01
3.710195E-03,-6.670673E-02,-6.1388519E-01
3.713472E-03,-6.931598E-02,-6.2487152E-01
3.716749E-03,-7.015521E-02,-6.3570526E-01
3.720026E-03,-7.172687E-02,-6.4585236E-01
3.723302E-03,-7.308490E-02,-6.5607574E-01
3.726579E-03,-7.435138E-02,-6.6523102E-01
3.729856E-03,-7.558734E-02,-6.7492035E-01
3.733133E-03,-7.738788E-02,-6.8438080E-01
3.736410E-03,-7.874591E-02,-6.9422272E-01
3.739686E-03,-8.008868E-02,-7.0246246E-01
3.742963E-03,-8.066852E-02,-7.1123627E-01
3.746240E-03,-8.224017E-02,-7.1894196E-01
3.749517E-03,-8.278949E-02,-7.2680023E-01
3.752794E-03,-8.361346E-02,-7.3366669E-01
3.756070E-03,-8.462054E-02,-7.4114349E-01
3.759347E-03,-8.523090E-02,-7.4785736E-01
3.762624E-03,-8.620746E-02,-7.5449493E-01
3.765901E-03,-8.771808E-02,-7.6029327E-01
3.769178E-03,-8.875568E-02,-7.6654938E-01
3.772454E-03,-8.988483E-02,-7.7127960E-01
3.775731E-03,-9.057147E-02,-7.7669647E-01
3.779008E-03,-9.171588E-02,-7.8035858E-01
3.782285E-03,-9.232623E-02,-7.8547028E-01
3.785562E-03,-9.266193E-02,-7.8905609E-01
3.788838E-03,-9.362323E-02,-7.9279449E-01
3.792115E-03,-9.463031E-02,-7.9576996E-01
3.795392E-03,-9.551532E-02,-7.9866913E-01
3.798669E-03,-9.626300E-02,-8.0126312E-01
3.801946E-03,-9.669025E-02,-8.0378082E-01
3.805222E-03,-9.765155E-02,-8.0523041E-01
3.808499E-03,-9.858234E-02,-8.0706146E-01
3.811776E-03,-9.916217E-02,-8.0843475E-01
3.815053E-03,-1.000014E-01,-8.0996063E-01
3.818330E-03,-1.011916E-01,-8.0965546E-01
3.821606E-03,-1.017867E-01,-8.1011322E-01
3.824883E-03,-1.018172E-01,-8.0935028E-01
3.828160E-03,-1.032363E-01,-8.0942657E-01
3.831437E-03,-1.030226E-01,-8.0660370E-01
3.834714E-03,-1.040908E-01,-8.0500153E-01
3.837990E-03,-1.045333E-01,-8.0317047E-01
3.841267E-03,-1.054030E-01,-8.0095795E-01
3.844544E-03,-1.058608E-01,-7.9821136E-01
3.847821E-03,-1.070204E-01,-7.9592255E-01
3.851098E-03,-1.068679E-01,-7.9248932E-01
3.854374E-03,-1.085311E-01,-7.8989532E-01
3.857651E-03,-1.084548E-01,-7.8508881E-01
3.860928E-03,-1.105757E-01,-7.8096893E-01
3.864205E-03,-1.103316E-01,-7.7547577E-01
3.867482E-03,-1.119796E-01,-7.7166107E-01
3.870758E-03,-1.116591E-01,-7.6578644E-01
3.874035E-03,-1.138564E-01,-7.6067474E-01
3.877312E-03,-1.136885E-01,-7.5426605E-01
3.880589E-03,-1.157180E-01,-7.4884918E-01
3.883866E-03,-1.156417E-01,-7.4137238E-01
3.887142E-03,-1.175490E-01,-7.3587921E-01
3.890419E-03,-1.175185E-01,-7.2756317E-01
3.893696E-03,-1.189833E-01,-7.2054413E-01
3.896973E-03,-1.187392E-01,-7.1100739E-01
3.900250E-03,-1.206618E-01,-7.0375946E-01
3.903526E-03,-1.204024E-01,-6.9445160E-01
3.906803E-03,-1.225844E-01,-6.8636444E-01
3.910080E-03,-1.216078E-01,-6.7720917E-01
3.913357E-03,-1.243697E-01,-6.6851166E-01
3.916634E-03,-1.237136E-01,-6.5744904E-01
3.919910E-03,-1.261092E-01,-6.4859894E-01
3.923187E-03,-1.249343E-01,-6.3753632E-01
3.926464E-03,-1.275893E-01,-6.2677887E-01
3.929741E-03,-1.263381E-01,-6.1586884E-01
3.933018E-03,-1.291762E-01,-6.0503510E-01
3.936294E-03,-1.278792E-01,-5.9328583E-01
3.939571E-03,-1.312056E-01,-5.8176544E-01
3.942848E-03,-1.296035E-01,-5.6955841E-01
3.946125E-03,-1.322432E-01,-5.5826691E-01
3.949402E-03,-1.311141E-01,-5.4529694E-01
3.952678E-03,-1.330825E-01,-5.3263214E-01
3.955955E-03,-1.315108E-01,-5.1966217E-01
3.959232E-03,-1.339370E-01,-5.0631073E-01
3.962509E-03,-1.315108E-01,-4.9189117E-01
3.965786E-03,-1.348830E-01,-4.7876862E-01
3.969062E-03,-1.325484E-01,-4.6442535E-01
3.972339E-03,-1.346389E-01,-4.5069244E-01
3.975616E-03,-1.327162E-01,-4.3505219E-01
3.978893E-03,-1.346389E-01,-4.2223480E-01
3.982170E-03,-1.329909E-01,-4.0651825E-01
3.985446E-03,-1.350356E-01,-3.9194611E-01
3.988723E-03,-1.328536E-01,-3.7500885E-01
3.992000E-03,-1.348067E-01,-3.6127594E-01
3.995277E-03,-1.326857E-01,-3.4418610E-01
3.998554E-03,-1.348067E-01,-3.2999542E-01
4.001830E-03,-1.317244E-01,-3.1366852E-01
4.005107E-03,-1.334792E-01,-2.9848602E-01
4.008384E-03,-1.319838E-01,-2.8055695E-01
4.011661E-03,-1.328841E-01,-2.6545074E-01
4.014938E-03,-1.295424E-01,-2.4843719E-01
4.018214E-03,-1.315108E-01,-2.3294952E-01
4.021491E-03,-1.294661E-01,-2.1616486E-01
4.024768E-03,-1.298171E-01,-2.0029572E-01
4.028045E-03,-1.266280E-01,-1.8229034E-01
4.031322E-03,-1.274977E-01,-1.6642120E-01
4.034598E-03,-1.254378E-01,-1.4902618E-01
4.037875E-03,-1.250106E-01,-1.3247040E-01
4.041152E-03,-1.221266E-01,-1.1538055E-01
4.044429E-03,-1.218062E-01,-9.8214417E-02
4.047706E-03,-1.184340E-01,-8.0743103E-02
4.050982E-03,-1.180068E-01,-6.3042908E-02
4.054259E-03,-1.148329E-01,-4.5419006E-02
4.057536E-03,-1.143447E-01,-2.9168396E-02
4.060813E-03,-1.118880E-01,-1.0857849E-02
4.064090E-03,-1.111861E-01,6.0794067E-03
4.067366E-03,-1.075850E-01,2.3779602E-02
4.070643E-03,-1.061812E-01,4.1250916E-02
4.073920E-03,-1.028090E-01,5.8798523E-02
4.077197E-03,-1.012526E-01,7.4667664E-02
4.080474E-03,-9.801776E-02,9.2596741E-02
4.083750E-03,-9.524066E-02,1.1075470E-01
4.087027E-03,-9.188373E-02,1.2807343E-01
4.090304E-03,-9.008319E-02,1.4523956E-01
4.093581E-03,-8.626849E-02,1.6293976E-01
4.096858E-03,-8.343036E-02,1.7957184E-01
4.100134E-03,-7.958514E-02,1.9750092E-01
4.103411E-03,-7.670123E-02,2.1428558E-01
4.106688E-03,-7.311542E-02,2.3160431E-01
4.109965E-03,-6.962115E-02,2.4861786E-01
4.113242E-03,-6.624896E-02,2.6479218E-01
4.116518E-03,-6.339557E-02,2.8195831E-01
4.119795E-03,-5.912311E-02,2.9889557E-01
4.123072E-03,-5.588824E-02,3.1575653E-01
4.126349E-03,-5.152423E-02,3.3208344E-01
4.129626E-03,-4.795367E-02,3.4818146E-01
4.132902E-03,-4.369647E-02,3.6496613E-01
4.136179E-03,-3.951556E-02,3.8075897E-01
4.139456E-03,-3.539569E-02,3.9678070E-01
4.142733E-03,-3.144366E-02,4.1196320E-01
4.146010E-03,-2.669818E-02,4.2752716E-01
4.149286E-03,-2.251727E-02,4.4263336E-01
4.152563E-03,-1.851947E-02,4.5857880E-01
4.155840E-03,-1.366718E-02,4.7276947E-01
4.159117E-03,-9.654114E-03,4.8795197E-01
4.162394E-03,-5.366394E-03,5.0305817E-01
4.165670E-03,-3.462524E-04,5.1694366E-01
4.168947E-03,3.071716E-03,5.3128693E-01
4.172224E-03,8.152893E-03,5.4563019E-01
4.175501E-03,1.270001E-02,5.5921051E-01
4.178778E-03,1.791852E-02,5.7218048E-01
4.182054E-03,2.202313E-02,5.8553192E-01
4.185331E-03,2.737897E-02,5.9918854E-01
4.188608E-03,3.206342E-02,6.1185333E-01
4.191885E-03,3.735822E-02,6.2482330E-01
4.195162E-03,4.182904E-02,6.3596222E-01
4.198438E-03,4.655927E-02,6.4824554E-01
4.201715E-03,5.032819E-02,6.6022369E-01
4.204992E-03,5.537885E-02,6.7151520E-01
4.208269E-03,5.977338E-02,6.8326447E-01
4.211546E-03,6.459515E-02,6.9501373E-01
4.214822E-03,6.897443E-02,7.0538971E-01
4.218099E-03,7.371991E-02,7.1599457E-01
4.221376E-03,7.828229E-02,7.2621796E-01
4.224653E-03,8.199017E-02,7.3552582E-01
4.227930E-03,8.737653E-02,7.4483368E-01
4.231206E-03,9.123700E-02,7.5406525E-01
4.234483E-03,9.540265E-02,7.6283905E-01
4.237760E-03,9.993451E-02,7.7100250E-01
4.241037E-03,1.040391E-01,7.7954742E-01
4.244314E-03,1.079759E-01,7.8832123E-01
4.247590E-03,1.123552E-01,7.9549286E-01
4.250867E-03,1.158799E-01,8.0281708E-01
4.254144E-03,1.200761E-01,8.1067535E-01
4.257421E-03,1.229905E-01,8.1693146E-01
4.260698E-03,1.273393E-01,8.2372162E-01
4.263974E-03,1.303758E-01,8.3013031E-01
4.267251E-03,1.343583E-01,8.3608124E-01
4.270528E-03,1.375016E-01,8.4172699E-01
4.273805E-03,1.416978E-01,8.4775421E-01
4.277082E-03,1.442766E-01,8.5256073E-01
4.280358E-03,1.479539E-01,8.5698578E-01
4.283635E-03,1.501970E-01,8.6041901E-01
4.286912E-03,1.542711E-01,8.6438629E-01
4.290189E-03,1.558580E-01,8.6812469E-01
4.293466E-03,1.597642E-01,8.7087128E-01
4.296742E-03,1.610765E-01,8.7308380E-01
4.300019E-03,1.641740E-01,8.7644073E-01
4.303296E-03,1.659440E-01,8.7789032E-01
4.306573E-03,1.685228E-01,8.7949249E-01
4.309850E-03,1.694841E-01,8.8071320E-01
4.313126E-03,1.710099E-01,8.8094208E-01
4.316403E-03,1.721696E-01,8.8216278E-01
4.319680E-03,1.746110E-01,8.8300201E-01
4.322957E-03,1.756181E-01,8.8208649E-01
4.326234E-03,1.773729E-01,8.8139984E-01
4.329510E-03,1.776170E-01,8.8086578E-01
4.332787E-03,1.797380E-01,8.8071320E-01
4.336064E-03,1.789750E-01,8.7758514E-01
4.339341E-03,1.806382E-01,8.7651703E-01
4.342618E-03,1.791429E-01,8.7384674E-01
4.345894E-03,1.806688E-01,8.7186310E-01
4.349171E-03,1.799669E-01,8.6804840E-01
4.352448E-03,1.804399E-01,8.6553070E-01
4.355725E-03,1.787919E-01,8.6148712E-01
4.359002E-03,1.801957E-01,8.5751984E-01
4.362278E-03,1.775255E-01,8.5256073E-01
4.365555E-03,1.788072E-01,8.4889862E-01
4.368832E-03,1.761522E-01,8.4279510E-01
4.372109E-03,1.768846E-01,8.3806488E-01
4.375386E-03,1.742448E-01,8.3157990E-01
4.378662E-03,1.746415E-01,8.2562897E-01
4.381939E-03,1.717424E-01,8.1853363E-01
4.385216E-03,1.710862E-01,8.1243011E-01
4.388493E-03,1.683091E-01,8.0464813E-01
4.391770E-03,1.679124E-01,7.9823944E-01
4.395046E-03,1.639604E-01,7.9030487E-01
4.398323E-03,1.641588E-01,7.8252289E-01
4.401600E-03,1.604051E-01,7.7374908E-01
4.404877E-03,1.592454E-01,7.6482269E-01
4.408154E-03,1.557512E-01,7.5490448E-01
4.411430E-03,1.536454E-01,7.4719879E-01
4.414707E-03,1.495561E-01,7.3598358E-01
4.417984E-03,1.486711E-01,7.2743866E-01
4.421261E-03,1.436357E-01,7.1622345E-01
4.424538E-03,1.428117E-01,7.0661041E-01
4.427814E-03,1.375627E-01,6.9447968E-01
4.431091E-03,1.364030E-01,6.8440887E-01
4.434368E-03,1.312608E-01,6.7159149E-01
4.437645E-03,1.294908E-01,6.6167328E-01
4.440922E-03,1.240129E-01,6.4870331E-01
4.444198E-03,1.222734E-01,6.3756439E-01
4.447475E-03,1.168412E-01,6.2550995E-01
4.450752E-03,1.156358E-01,6.1376068E-01
4.454029E-03,1.091203E-01,6.0018036E-01
4.457306E-03,1.073655E-01,5.8782074E-01
4.460582E-03,1.010179E-01,5.7477448E-01
4.463859E-03,9.999554E-02,5.6188080E-01
4.467136E-03,9.413617E-02,5.4715607E-01
4.470413E-03,9.189313E-02,5.3456757E-01
4.473690E-03,8.597272E-02,5.1900360E-01
4.476966E-03,8.345502E-02,5.0549957E-01
4.480243E-03,7.674115E-02,4.8924896E-01
4.483520E-03,7.538312E-02,4.7574493E-01
4.486797E-03,6.924908E-02,4.6033356E-01
4.490074E-03,6.715863E-02,4.4583771E-01
4.493350E-03,6.062787E-02,4.2935822E-01
4.496627E-03,5.798810E-02,4.1432831E-01
4.499904E-03,5.170148E-02,3.9777252E-01
4.503181E-03,4.959576E-02,3.8373444E-01
4.506458E-03,4.329388E-02,3.6725494E-01
4.509734E-03,4.098981E-02,3.5161469E-01
4.513011E-03,3.545087E-02,3.3421967E-01
4.516288E-03,3.218549E-02,3.1781647E-01
4.519565E-03,2.609723E-02,3.0003998E-01
4.522842E-03,2.394574E-02,2.8447601E-01
4.526118E-03,1.764386E-02,2.6708099E-01
4.529395E-03,1.501935E-02,2.5144073E-01
4.532672E-03,9.602478E-03,2.3335907E-01
4.535949E-03,6.611755E-03,2.1741364E-01
4.539226E-03,1.393250E-03,1.9895050E-01
4.542502E-03,-2.329895E-03,1.8208954E-01
4.545779E-03,-6.983826E-03,1.6454193E-01
4.549056E-03,-9.486267E-03,1.4867279E-01
4.552333E-03,-1.447589E-02,1.3089630E-01
4.555610E-03,-1.723773E-02,1.1357758E-01
4.558886E-03,-2.141864E-02,9.6029968E-02
4.562163E-03,-2.454669E-02,7.8558655E-02
4.565440E-03,-2.884967E-02,6.1011047E-02
4.568717E-03,-3.260333E-02,4.3539734E-02
4.571994E-03,-3.580768E-02,2.6831360E-02
4.575270E-03,-3.861530E-02,1.0275574E-02
4.578547E-03,-4.224689E-02,-7.8823853E-03
4.581824E-03,-4.505450E-02,-2.4361877E-02
4.585101E-03,-4.847247E-02,-4.1909485E-02
4.588378E-03,-5.158527E-02,-5.9151917E-02
4.591654E-03,-5.471332E-02,-7.7920227E-02
4.594931E-03,-5.613239E-02,-9.4704895E-02
4.598208E-03,-6.022174E-02,-1.1148956E-01
4.601485E-03,-6.327350E-02,-1.2880829E-01
4.604762E-03,-6.641681E-02,-1.4612701E-01
4.608038E-03,-6.832416E-02,-1.6336945E-01
4.611315E-03,-7.143695E-02,-1.7962006E-01
4.614592E-03,-7.374103E-02,-1.9617584E-01
4.617869E-03,-7.638080E-02,-2.1311310E-01
4.621146E-03,-7.837970E-02,-2.2890594E-01
4.624422E-03,-8.123309E-02,-2.4515656E-01
4.627699E-03,-8.343036E-02,-2.6194122E-01
4.630976E-03,-8.576495E-02,-2.7803925E-01
4.634253E-03,-8.690936E-02,-2.9497650E-01
4.637530E-03,-8.916766E-02,-3.1046417E-01
4.640806E-03,-9.089191E-02,-3.2656219E-01
4.644083E-03,-9.305865E-02,-3.4182098E-01
4.647360E-03,-9.395892E-02,-3.5791901E-01
4.650637E-03,-9.592731E-02,-3.7241486E-01
4.653914E-03,-9.650714E-02,-3.8836029E-01
4.657190E-03,-9.907062E-02,-4.0247467E-01
4.660467E-03,-9.904010E-02,-4.1727570E-01
4.663744E-03,-1.023665E-01,-4.3230560E-01
4.667021E-03,-1.019850E-01,-4.4489410E-01
4.670298E-03,-1.036177E-01,-4.6061066E-01
4.673574E-03,-1.041060E-01,-4.7235992E-01
4.676851E-03,-1.050978E-01,-4.8830536E-01
4.680128E-03,-1.066695E-01,-4.9974945E-01
4.683405E-03,-1.057234E-01,-5.1668671E-01
4.686682E-03,-1.083937E-01,-5.2736786E-01
4.689958E-03,-1.067610E-01,-5.4171112E-01
4.693235E-03,-1.083022E-01,-5.5201080E-01
4.696512E-03,-1.066237E-01,-5.6696442E-01
4.699789E-03,-1.099349E-01,-5.7711151E-01
4.703066E-03,-1.080733E-01,-5.9160736E-01
4.706342E-03,-1.113692E-01,-6.0213593E-01
4.709619E-03,-1.092635E-01,-6.1441925E-01
4.712896E-03,-1.115523E-01,-6.2471893E-01
4.716173E-03,-1.090651E-01,-6.3761261E-01
4.719450E-03,-1.114150E-01,-6.4615753E-01
4.722726E-03,-1.107436E-01,-6.5744904E-01
4.726003E-03,-1.122390E-01,-6.6591766E-01
4.729280E-03,-1.107741E-01,-6.7759064E-01
4.732557E-03,-1.119033E-01,-6.8499115E-01
4.735834E-03,-1.111251E-01,-6.9605377E-01
4.739110E-03,-1.126357E-01,-7.0436981E-01
4.742387E-03,-1.115370E-01,-7.1367767E-01
4.745664E-03,-1.126509E-01,-7.2031525E-01
4.748941E-03,-1.113997E-01,-7.2870758E-01
4.752218E-03,-1.121016E-01,-7.3534515E-01
4.755494E-03,-1.114150E-01,-7.4396637E-01
4.758771E-03,-1.111098E-01,-7.4945953E-01
4.762048E-03,-1.106520E-01,-7.5518158E-01
4.765325E-03,-1.116286E-01,-7.6174286E-01
4.768602E-03,-1.102248E-01,-7.6708344E-01
4.771878E-03,-1.110488E-01,-7.7303436E-01
4.775155E-03,-1.099654E-01,-7.7791718E-01
4.778432E-03,-1.115676E-01,-7.8257111E-01
4.781709E-03,-1.100264E-01,-7.8768280E-01
4.784986E-03,-1.108199E-01,-7.9119232E-01
4.788262E-03,-1.106826E-01,-7.9531219E-01
4.791539E-03,-1.113692E-01,-7.9836395E-01
4.794816E-03,-1.099959E-01,-8.0103424E-01
4.798093E-03,-1.110335E-01,-8.0400970E-01
4.801370E-03,-1.098433E-01,-8.0698517E-01
4.804646E-03,-1.108351E-01,-8.0820587E-01
4.807923E-03,-1.099349E-01,-8.1011322E-01
4.811200E-03,-1.103163E-01,-8.1148651E-01
4.814477E-03,-1.094008E-01,-8.1163910E-01
4.817754E-03,-1.100875E-01,-8.1224945E-01
4.821030E-03,-1.089888E-01,-8.1186798E-01
4.824307E-03,-1.090041E-01,-8.1278351E-01
4.827584E-03,-1.080580E-01,-8.1087616E-01
4.830861E-03,-1.089125E-01,-8.1110504E-01
4.834138E-03,-1.092482E-01,-8.0912140E-01
4.837414E-03,-1.094924E-01,-8.0904510E-01
4.840691E-03,-1.079512E-01,-8.0515411E-01
4.843968E-03,-1.082869E-01,-8.0332306E-01
4.847245E-03,-1.086989E-01,-7.9988983E-01
4.850522E-03,-1.087294E-01,-7.9866913E-01
4.853798E-03,-1.076613E-01,-7.9348114E-01
4.857075E-03,-1.077834E-01,-7.9096344E-01
4.860352E-03,-1.077376E-01,-7.8493622E-01
4.863629E-03,-1.080275E-01,-7.8203705E-01
4.866906E-03,-1.069747E-01,-7.7562836E-01
4.870182E-03,-1.074477E-01,-7.7196625E-01
4.873459E-03,-1.070204E-01,-7.6456573E-01
4.876736E-03,-1.076918E-01,-7.6075104E-01
4.880013E-03,-1.074172E-01,-7.5304535E-01
4.883290E-03,-1.071730E-01,-7.4907806E-01
4.886566E-03,-1.073561E-01,-7.3984650E-01
4.889843E-03,-1.072493E-01,-7.3427704E-01
4.893120E-03,-1.060134E-01,-7.2428253E-01
4.896397E-03,-1.068526E-01,-7.1833160E-01
4.899674E-03,-1.063948E-01,-7.0864227E-01
4.902950E-03,-1.066085E-01,-7.0185211E-01
4.906227E-03,-1.054183E-01,-6.9056061E-01
4.909504E-03,-1.057234E-01,-6.8445709E-01
4.912781E-03,-1.053572E-01,-6.7156342E-01
4.916058E-03,-1.045180E-01,-6.6439178E-01
4.919334E-03,-1.041671E-01,-6.5248993E-01
4.922611E-03,-1.039229E-01,-6.4455536E-01
4.925888E-03,-1.024886E-01,-6.3051727E-01
4.929165E-03,-1.025801E-01,-6.2334564E-01
4.932442E-03,-1.019698E-01,-6.0869720E-01
4.935718E-03,-1.012679E-01,-6.0022858E-01
4.938995E-03,-9.992511E-02,-5.8550385E-01
4.942272E-03,-1.008864E-01,-5.7634857E-01
4.945549E-03,-9.812457E-02,-5.6116608E-01
4.948826E-03,-9.691913E-02,-5.5269745E-01
4.952102E-03,-9.780414E-02,-5.3659943E-01
4.955379E-03,-9.615619E-02,-5.2675751E-01
4.958656E-03,-9.490497E-02,-5.0982025E-01
4.961933E-03,-9.344012E-02,-4.9852875E-01
4.965210E-03,-9.371478E-02,-4.8281219E-01
4.968486E-03,-9.044940E-02,-4.7129181E-01
4.971763E-03,-9.096820E-02,-4.5435455E-01
4.975040E-03,-8.799274E-02,-4.4252899E-01
4.978317E-03,-8.791644E-02,-4.2482880E-01
4.981594E-03,-8.486469E-02,-4.1277435E-01
4.984870E-03,-8.507831E-02,-3.9438751E-01
4.988147E-03,-8.166034E-02,-3.8218048E-01
4.991424E-03,-8.253009E-02,-3.6455658E-01
4.994701E-03,-7.819659E-02,-3.5151031E-01
4.997978E-03,-7.862384E-02,-3.3342865E-01
5.001254E-03,-7.483966E-02,-3.1977203E-01
5.004531E-03,-7.468707E-02,-3.0191925E-01
5.007808E-03,-7.082660E-02,-2.8803375E-01
5.011085E-03,-7.017047E-02,-2.6949432E-01
5.014362E-03,-6.626422E-02,-2.5583771E-01
5.017638E-03,-6.614215E-02,-2.3752716E-01
5.020915E-03,-6.168658E-02,-2.2348907E-01
5.024192E-03,-6.083209E-02,-2.0433929E-01
5.027469E-03,-5.645282E-02,-1.9068268E-01
5.030746E-03,-5.507953E-02,-1.7038849E-01
5.034022E-03,-5.144794E-02,-1.5619781E-01
5.037299E-03,-4.909808E-02,-1.3651398E-01
5.040576E-03,-4.488666E-02,-1.2156036E-01
5.043853E-03,-4.346759E-02,-1.0271576E-01
5.047130E-03,-3.907306E-02,-8.6922913E-02
5.050406E-03,-3.797443E-02,-6.8230896E-02
5.053683E-03,-3.286273E-02,-5.1522522E-02
5.056960E-03,-3.139789E-02,-3.2067566E-02
5.060237E-03,-2.637775E-02,-1.6579895E-02
5.063514E-03,-2.443988E-02,2.1884155E-03
5.066790E-03,-1.909930E-02,1.8744202E-02
5.070067E-03,-1.742084E-02,3.8122864E-02
5.073344E-03,-1.266010E-02,5.3000183E-02
5.076621E-03,-1.017291E-02,7.1310730E-02
5.079898E-03,-5.000183E-03,8.8247986E-02
5.083174E-03,-2.863953E-03,1.0648224E-01
5.086451E-03,2.720764E-03,1.2341949E-01
5.089728E-03,4.765442E-03,1.4218781E-01
5.093005E-03,1.076215E-02,1.5851471E-01
5.096282E-03,1.326459E-02,1.7667267E-01
5.099558E-03,1.807111E-02,1.9338104E-01
5.102835E-03,2.130597E-02,2.1085236E-01
5.106112E-03,2.621930E-02,2.2679779E-01
5.109389E-03,2.859967E-02,2.4411652E-01
5.112666E-03,3.493207E-02,2.6082489E-01
5.115942E-03,3.642743E-02,2.7760956E-01
5.119219E-03,4.286664E-02,2.9393646E-01
5.122496E-03,4.559796E-02,3.1095001E-01
5.125773E-03,5.067914E-02,3.2697174E-01
5.129050E-03,5.342572E-02,3.4421417E-01
5.132326E-03,5.850690E-02,3.6008331E-01
5.135603E-03,6.126874E-02,3.7663910E-01
5.138880E-03,6.741803E-02,3.9357635E-01
5.142157E-03,6.949323E-02,4.0891144E-01
5.145434E-03,7.535260E-02,4.2439911E-01
5.148710E-03,7.829755E-02,4.3958160E-01
5.151987E-03,8.351605E-02,4.5583221E-01
5.155264E-03,8.597272E-02,4.7025177E-01
5.158541E-03,9.062665E-02,4.8558685E-01
5.161818E-03,9.424298E-02,4.9977753E-01
5.165094E-03,9.859174E-02,5.1534149E-01
5.168371E-03,1.017350E-01,5.2915070E-01
5.171648E-03,1.064500E-01,5.4456207E-01
5.174925E-03,1.090745E-01,5.5722687E-01
5.178202E-03,1.139116E-01,5.7141754E-01
5.181478E-03,1.169328E-01,5.8286163E-01
5.184755E-03,1.209306E-01,5.9735748E-01
5.188032E-03,1.238145E-01,6.0918304E-01
5.191309E-03,1.283616E-01,6.2337372E-01
5.194586E-03,1.311693E-01,6.3436005E-01
5.197862E-03,1.351823E-01,6.4755890E-01
5.201139E-03,1.371354E-01,6.5801117E-01
5.204416E-03,1.407518E-01,6.7090485E-01
5.207693E-03,1.430864E-01,6.8143341E-01
5.210970E-03,1.468858E-01,6.9333527E-01
5.214246E-03,1.493120E-01,7.0348236E-01
5.217523E-03,1.523790E-01,7.1568939E-01
5.220800E-03,1.537370E-01,7.2499725E-01
5.224077E-03,1.572160E-01,7.3636505E-01
5.227354E-03,1.587419E-01,7.4407074E-01
5.230630E-03,1.613817E-01,7.5566742E-01
5.233907E-03,1.622819E-01,7.6245758E-01
5.237184E-03,1.654557E-01,7.7306244E-01
5.240461E-03,1.670884E-01,7.8038666E-01
5.243738E-03,1.694688E-01,7.9038116E-01
5.247014E-03,1.695146E-01,7.9610321E-01
5.250291E-03,1.725206E-01,8.0579254E-01
5.253568E-03,1.735582E-01,8.1052277E-01
5.256845E-03,1.749315E-01,8.1998322E-01
5.260122E-03,1.753129E-01,8.2417938E-01
5.263398E-03,1.762742E-01,8.3363983E-01
5.266675E-03,1.767320E-01,8.3638641E-01
5.269952E-03,1.788377E-01,8.4439728E-01
5.273229E-03,1.779069E-01,8.4722015E-01
5.276506E-03,1.780290E-01,8.5607025E-01
5.279782E-03,1.776780E-01,8.5614655E-01
5.283059E-03,1.780595E-01,8.6347076E-01
5.286336E-03,1.769914E-01,8.6385223E-01
5.289613E-03,1.771898E-01,8.7056610E-01
5.292890E-03,1.757554E-01,8.6980316E-01
5.296166E-03,1.751298E-01,8.7636444E-01
5.299443E-03,1.739396E-01,8.7529633E-01
5.302720E-03,1.747941E-01,8.8017914E-01
5.305997E-03,1.724443E-01,8.7888214E-01
5.309274E-03,1.709642E-01,8.8368866E-01
5.312550E-03,1.704606E-01,8.8094208E-01
5.315827E-03,1.679277E-01,8.8483307E-01
5.319104E-03,1.664933E-01,8.8231537E-01
5.322381E-03,1.646318E-01,8.8567230E-01
5.325658E-03,1.624803E-01,8.8139984E-01
5.328934E-03,1.598863E-01,8.8521454E-01
5.332211E-03,1.584825E-01,8.8010284E-01
5.335488E-03,1.550950E-01,8.8162872E-01
5.338765E-03,1.534166E-01,8.7766144E-01
5.342042E-03,1.497392E-01,8.7819550E-01
5.345318E-03,1.479997E-01,8.7369415E-01
5.348595E-03,1.443986E-01,8.7293121E-01
5.351872E-03,1.419420E-01,8.6759064E-01
5.355149E-03,1.380357E-01,8.6568329E-01
5.358426E-03,1.351518E-01,8.5851166E-01
5.361702E-03,1.309556E-01,8.5698578E-01
5.364979E-03,1.286363E-01,8.4928009E-01
5.368256E-03,1.235399E-01,8.4668610E-01
5.371533E-03,1.209306E-01,8.3936188E-01
5.374810E-03,1.156816E-01,8.3569977E-01
5.378086E-03,1.138810E-01,8.2776520E-01
5.381363E-03,1.091356E-01,8.2303497E-01
5.384640E-03,1.046800E-01,8.1449005E-01
5.387917E-03,9.947675E-02,8.0975983E-01
5.391194E-03,9.645551E-02,8.0014679E-01
5.394470E-03,9.108441E-02,7.9442474E-01
5.397747E-03,8.824628E-02,7.8488800E-01
5.401024E-03,8.130353E-02,7.7832672E-01
5.404301E-03,7.950299E-02,7.6711151E-01
5.407578E-03,7.278912E-02,7.6085541E-01
5.410854E-03,7.008832E-02,7.4979279E-01
5.414131E-03,6.386273E-02,7.4254486E-01
5.417408E-03,6.111615E-02,7.3056671E-01
5.420685E-03,5.450909E-02,7.2171661E-01
5.423962E-03,5.189984E-02,7.0966217E-01
5.427238E-03,4.500287E-02,7.0134613E-01
5.430515E-03,4.243939E-02,6.8868134E-01
5.433792E-03,3.558820E-02,6.7792389E-01
5.437069E-03,3.244489E-02,6.6594574E-01
5.440346E-03,2.634137E-02,6.5503571E-01
5.443622E-03,2.243512E-02,6.4198944E-01
5.446899E-03,1.692670E-02,6.3016388E-01
5.450176E-03,1.327985E-02,6.1742279E-01
5.453453E-03,7.283142E-03,6.0513947E-01
5.456730E-03,4.002502E-03,5.9209320E-01
5.460006E-03,-1.307556E-03,5.7950470E-01
5.463283E-03,-5.122253E-03,5.6615326E-01
5.466560E-03,-1.134784E-02,5.5280182E-01
5.469837E-03,-1.417072E-02,5.3884003E-01
5.473114E-03,-2.006061E-02,5.2449677E-01
5.476390E-03,-2.358539E-02,5.1007721E-01
5.479667E-03,-2.907855E-02,4.9558136E-01
5.482944E-03,-3.203876E-02,4.8093292E-01
5.486221E-03,-3.800494E-02,4.6613190E-01
5.489498E-03,-4.127032E-02,4.5094940E-01
5.492774E-03,-4.641254E-02,4.3530914E-01
5.496051E-03,-5.021198E-02,4.2073700E-01
5.499328E-03,-5.489642E-02,4.0486786E-01
5.502605E-03,-5.741412E-02,3.8876984E-01
5.505882E-03,-6.356342E-02,3.7213776E-01
5.509158E-03,-6.559283E-02,3.5611603E-01
5.512435E-03,-7.133014E-02,3.3833954E-01
5.515712E-03,-7.369525E-02,3.2269928E-01
5.518989E-03,-7.793719E-02,3.0515167E-01
5.522266E-03,-8.076007E-02,2.8989288E-01
5.525542E-03,-8.489520E-02,2.7165863E-01
5.528819E-03,-8.747394E-02,2.5678131E-01
5.532096E-03,-9.231097E-02,2.3847076E-01
5.535373E-03,-9.475238E-02,2.2199127E-01
5.538650E-03,-9.815509E-02,2.0383331E-01
5.541926E-03,-1.018019E-01,1.8788788E-01
5.545203E-03,-1.046401E-01,1.6896698E-01
5.548480E-03,-1.071425E-01,1.5332672E-01
5.551757E-03,-1.098738E-01,1.3486359E-01
5.555034E-03,-1.117964E-01,1.1922333E-01
5.558310E-03,-1.145278E-01,9.8700256E-02
5.561587E-03,-1.162368E-01,8.3899231E-02
5.564864E-03,-1.187545E-01,6.4825745E-02
5.568141E-03,-1.204482E-01,4.9261780E-02
5.571418E-03,-1.225081E-01,2.9272766E-02
5.574694E-03,-1.243239E-01,1.3937683E-02
5.577971E-03,-1.265670E-01,-5.6698608E-03
5.581248E-03,-1.275130E-01,-2.0013123E-02
5.584525E-03,-1.294051E-01,-3.9544373E-02
5.587802E-03,-1.300612E-01,-5.4803162E-02
5.591078E-03,-1.322432E-01,-7.4868469E-02
5.594355E-03,-1.333419E-01,-8.9440613E-02
5.597632E-03,-1.353865E-01,-1.0889557E-01
5.600909E-03,-1.359359E-01,-1.2323883E-01
5.604186E-03,-1.368209E-01,-1.4254120E-01
5.607462E-03,-1.375533E-01,-1.5680817E-01
5.610739E-03,-1.394149E-01,-1.7672089E-01
5.614016E-03,-1.390792E-01,-1.9083527E-01
5.617293E-03,-1.406813E-01,-2.1044281E-01
5.620570E-03,-1.401015E-01,-2.2310760E-01
5.623846E-03,-1.412917E-01,-2.4347809E-01
5.627123E-03,-1.412001E-01,-2.5629547E-01
5.630400E-03,-1.421614E-01,-2.7544525E-01
5.633677E-03,-1.413680E-01,-2.8887299E-01
5.636954E-03,-1.420089E-01,-3.0878571E-01
5.640230E-03,-1.412612E-01,-3.2137421E-01
5.643507E-03,-1.414138E-01,-3.4075287E-01
5.646784E-03,-1.417952E-01,-3.5204437E-01
5.650061E-03,-1.410781E-01,-3.7088898E-01
5.653338E-03,-1.417189E-01,-3.8248566E-01
5.656614E-03,-1.398574E-01,-4.0194061E-01
5.659891E-03,-1.418105E-01,-4.1399506E-01
5.663168E-03,-1.389724E-01,-4.3131378E-01
5.666445E-03,-1.411391E-01,-4.4283417E-01
5.669722E-03,-1.385909E-01,-4.6000031E-01
5.672998E-03,-1.393386E-01,-4.7136810E-01
5.676275E-03,-1.368361E-01,-4.8861053E-01
5.679552E-03,-1.386519E-01,-4.9921539E-01
5.682829E-03,-1.359053E-01,-5.1500824E-01
5.686106E-03,-1.373397E-01,-5.2454498E-01
5.689382E-03,-1.346541E-01,-5.4056671E-01
5.692659E-03,-1.354628E-01,-5.5117157E-01
5.695936E-03,-1.317549E-01,-5.6627777E-01
5.699213E-03,-1.335250E-01,-5.7520416E-01
5.702490E-03,-1.306716E-01,-5.9031036E-01
5.705766E-03,-1.317855E-01,-5.9969452E-01
5.709043E-03,-1.287795E-01,-6.1304596E-01
5.712320E-03,-1.304122E-01,-6.2250641E-01
5.715597E-03,-1.270400E-01,-6.3669708E-01
5.718874E-03,-1.280318E-01,-6.4417389E-01
5.722150E-03,-1.252242E-01,-6.5714386E-01
5.725427E-03,-1.263686E-01,-6.6393402E-01
5.728704E-03,-1.237593E-01,-6.7553070E-01
5.731981E-03,-1.239577E-01,-6.8331268E-01
5.735258E-03,-1.215010E-01,-6.9445160E-01
5.738534E-03,-1.217452E-01,-7.0154694E-01
5.741811E-03,-1.185561E-01,-7.1230438E-01
5.745088E-03,-1.203414E-01,-7.1787384E-01
5.748365E-03,-1.157790E-01,-7.2809723E-01
5.751642E-03,-1.174575E-01,-7.3305634E-01
5.754918E-03,-1.140242E-01,-7.4144867E-01
5.758195E-03,-1.149703E-01,-7.4778107E-01
5.761472E-03,-1.127272E-01,-7.5548676E-01
5.764749E-03,-1.130934E-01,-7.6021698E-01
5.768026E-03,-1.113845E-01,-7.6799896E-01
5.771302E-03,-1.112929E-01,-7.7234772E-01
5.774579E-03,-1.090956E-01,-7.7868011E-01
5.777856E-03,-1.094924E-01,-7.8173187E-01
5.781133E-03,-1.069442E-01,-7.8707245E-01
5.784410E-03,-1.069442E-01,-7.9035309E-01
5.787686E-03,-1.049910E-01,-7.9546478E-01
5.790963E-03,-1.051131E-01,-7.9744843E-01
5.794240E-03,-1.036330E-01,-8.0164459E-01
5.797517E-03,-1.037398E-01,-8.0439117E-01
5.800794E-03,-1.016494E-01,-8.0667999E-01
5.804070E-03,-1.012221E-01,-8.0873993E-01
5.807347E-03,-9.987933E-02,-8.1064728E-01
5.810624E-03,-9.882648E-02,-8.1110504E-01
5.813901E-03,-9.710223E-02,-8.1148651E-01
5.817178E-03,-9.791095E-02,-8.1247833E-01
5.820454E-03,-9.588153E-02,-8.1179169E-01
5.823731E-03,-9.517963E-02,-8.1209686E-01
5.827008E-03,-9.345538E-02,-8.1202057E-01
5.830285E-03,-9.350116E-02,-8.1110504E-01
5.833562E-03,-9.205157E-02,-8.0980804E-01
5.836838E-03,-9.144122E-02,-8.0805328E-01
5.840115E-03,-8.980853E-02,-8.0576447E-01
5.843392E-03,-8.947284E-02,-8.0462006E-01
5.846669E-03,-8.857257E-02,-8.0080536E-01
5.849946E-03,-8.758075E-02,-7.9821136E-01
5.853222E-03,-8.608539E-02,-7.9454926E-01
5.856499E-03,-8.602435E-02,-7.9126862E-01
5.859776E-03,-8.436115E-02,-7.8669098E-01
5.863053E-03,-8.397968E-02,-7.8295258E-01
5.866330E-03,-8.246906E-02,-7.7715424E-01
5.869606E-03,-8.161456E-02,-7.7288177E-01
5.872883E-03,-8.027179E-02,-7.6654938E-01
5.876160E-03,-8.011920E-02,-7.6128510E-01
5.879437E-03,-7.819659E-02,-7.5449493E-01
5.882714E-03,-7.702167E-02,-7.4884918E-01
5.885990E-03,-7.604510E-02,-7.4121979E-01
5.889267E-03,-7.508380E-02,-7.3587921E-01
5.892544E-03,-7.339008E-02,-7.2687653E-01
5.895821E-03,-7.302386E-02,-7.2046783E-01
5.899098E-03,-7.111652E-02,-7.0879486E-01
5.902374E-03,-6.968219E-02,-7.0345428E-01
5.905651E-03,-6.809528E-02,-6.9223907E-01
5.908928E-03,-6.771381E-02,-6.8529633E-01
5.912205E-03,-6.536395E-02,-6.7369965E-01
5.915482E-03,-6.428058E-02,-6.6637543E-01
5.918758E-03,-6.211383E-02,-6.5432098E-01
5.922035E-03,-6.141193E-02,-6.4646271E-01
5.925312E-03,-5.933673E-02,-6.3280609E-01
5.928589E-03,-5.848224E-02,-6.2479523E-01
5.931866E-03,-5.630023E-02,-6.1060455E-01
5.935142E-03,-5.556781E-02,-6.0198334E-01
5.938419E-03,-5.323322E-02,-5.8825043E-01
5.941696E-03,-5.201251E-02,-5.7863739E-01
5.944973E-03,-4.944904E-02,-5.6437042E-01
5.948250E-03,-4.802997E-02,-5.5498627E-01
5.951526E-03,-4.532916E-02,-5.3949860E-01
5.954803E-03,-4.375751E-02,-5.2874115E-01
5.958080E-03,-4.104144E-02,-5.1249054E-01
5.961357E-03,-4.017169E-02,-5.0341156E-01
5.964634E-03,-3.683002E-02,-4.8563507E-01
5.967910E-03,-3.544147E-02,-4.7594574E-01
5.971187E-03,-3.159625E-02,-4.5847443E-01
5.974464E-03,-3.071124E-02,-4.4764069E-01
5.977741E-03,-2.711017E-02,-4.2940643E-01
5.981018E-03,-2.494342E-02,-4.1834381E-01
5.984294E-03,-2.167804E-02,-3.9942291E-01
5.987571E-03,-1.891620E-02,-3.8729218E-01
5.990848E-03,-1.694781E-02,-3.6913422E-01
5.994125E-03,-1.488788E-02,-3.5631683E-01
5.997402E-03,-1.044757E-02,-3.3792999E-01
6.000678E-03,-8.265564E-03,-3.2557037E-01
6.003955E-03,-5.305359E-03,-3.0657318E-01
6.007232E-03,-2.802917E-03,-2.9360321E-01
6.010509E-03,6.573486E-05,-2.7407196E-01
6.013786E-03,3.895691E-03,-2.6094940E-01
6.017062E-03,5.619934E-03,-2.4256256E-01
6.020339E-03,9.480408E-03,-2.2944000E-01
6.023616E-03,1.216595E-02,-2.0998505E-01
6.026893E-03,1.570599E-02,-1.9609955E-01
6.030170E-03,1.825421E-02,-1.7649200E-01
6.033446E-03,2.205365E-02,-1.6214874E-01
6.036723E-03,2.464764E-02,-1.4338043E-01
6.040000E-03,2.768414E-02,-1.2873199E-01
6.043277E-03,3.123944E-02,-1.0859039E-01
6.046554E-03,3.453534E-02,-9.5010071E-02
6.049830E-03,3.775494E-02,-7.5707703E-02
6.053107E-03,4.211896E-02,-6.0143738E-02
6.056384E-03,4.486554E-02,-4.0078430E-02
6.059661E-03,4.868024E-02,-2.5201111E-02
6.062938E-03,5.127423E-02,-5.8224487E-03
6.066214E-03,5.579083E-02,9.0548706E-03
6.069491E-03,5.878156E-02,2.8891296E-02
6.072768E-03,6.297772E-02,4.4378967E-02
6.076045E-03,6.554120E-02,6.2536926E-02
6.079322E-03,6.970685E-02,7.8024597E-02
6.082598E-03,7.120221E-02,9.8089905E-02
6.085875E-03,7.565778E-02,1.1380646E-01
6.089152E-03,7.785504E-02,1.3364288E-01
6.092429E-03,8.296674E-02,1.4844391E-01
6.095706E-03,8.488934E-02,1.6721222E-01
6.098982E-03,8.881085E-02,1.8315765E-01
6.102259E-03,9.134381E-02,2.0146820E-01
6.105536E-03,9.557050E-02,2.1634552E-01
6.108813E-03,9.752362E-02,2.3457977E-01
6.112090E-03,1.019792E-01,2.5014374E-01
6.115366E-03,1.037950E-01,2.6822540E-01
6.118643E-03,1.088762E-01,2.8317902E-01
6.121920E-03,1.102342E-01,3.0133698E-01
6.125197E-03,1.141252E-01,3.1674835E-01
6.128474E-03,1.156053E-01,3.3406708E-01
6.131750E-03,1.193589E-01,3.4894440E-01
6.135027E-03,1.211747E-01,3.6664459E-01
6.138304E-03,1.248674E-01,3.8167450E-01
6.141581E-03,1.262407E-01,3.9807770E-01
6.144858E-03,1.302537E-01,4.1318390E-01
6.148134E-03,1.313829E-01,4.2966339E-01
6.151411E-03,1.354265E-01,4.4431183E-01
6.154688E-03,1.349077E-01,4.6033356E-01
6.157965E-03,1.392869E-01,4.7391388E-01
6.161242E-03,1.391343E-01,4.8932526E-01
6.164518E-03,1.428727E-01,5.0343964E-01
6.167795E-03,1.428270E-01,5.1801178E-01
6.171072E-03,1.460008E-01,5.3204987E-01
6.174349E-03,1.462907E-01,5.4654572E-01
6.177626E-03,1.485948E-01,5.6066010E-01
6.180902E-03,1.478471E-01,5.7294342E-01
6.184179E-03,1.513719E-01,5.8522675E-01
6.187456E-03,1.508989E-01,5.9743378E-01
6.190733E-03,1.524095E-01,6.1131927E-01
6.194010E-03,1.519212E-01,6.2215302E-01
6.197286E-03,1.539659E-01,6.3481781E-01
6.200563E-03,1.533708E-01,6.4679596E-01
6.203840E-03,1.546525E-01,6.5839264E-01
6.207117E-03,1.535539E-01,6.6922638E-01
6.210394E-03,1.544847E-01,6.8128082E-01
6.213670E-03,1.531572E-01,6.9135162E-01
6.216947E-03,1.543931E-01,7.0371124E-01
6.220224E-03,1.528520E-01,7.1271393E-01
6.223501E-03,1.535997E-01,7.2530243E-01
6.226778E-03,1.518144E-01,7.3331329E-01
6.230054E-03,1.513871E-01,7.4338409E-01
6.233331E-03,1.497850E-01,7.5078461E-01
6.236608E-03,1.492662E-01,7.6146576E-01
6.239885E-03,1.476640E-01,7.6848480E-01
6.243162E-03,1.464433E-01,7.7710602E-01
6.246438E-03,1.445665E-01,7.8298065E-01
6.249715E-03,1.434526E-01,7.9251740E-01
6.252992E-03,1.402330E-01,7.9892609E-01
6.256269E-03,1.390123E-01,8.0686066E-01
6.259546E-03,1.363725E-01,8.1212494E-01
6.262822E-03,1.349687E-01,8.2059357E-01
6.266099E-03,1.316118E-01,8.2326385E-01
6.269376E-03,1.295823E-01,8.3150360E-01
6.272653E-03,1.263475E-01,8.3394501E-01
6.275930E-03,1.246232E-01,8.4111664E-01
6.279206E-03,1.208238E-01,8.4271881E-01
6.282483E-03,1.185960E-01,8.4966156E-01
6.285760E-03,1.143388E-01,8.5134003E-01
6.289037E-03,1.117753E-01,8.5782501E-01
6.292314E-03,1.077775E-01,8.5767242E-01
6.295590E-03,1.047563E-01,8.6339447E-01
6.298867E-03,9.998029E-02,8.6293671E-01
6.302144E-03,9.741681E-02,8.6766693E-01
6.305421E-03,9.256451E-02,8.6667511E-01
6.308698E-03,8.951276E-02,8.7110016E-01
6.311974E-03,8.498090E-02,8.6873505E-01
6.315251E-03,8.151715E-02,8.7171051E-01
6.318528E-03,7.649701E-02,8.6965057E-01
6.321805E-03,7.394879E-02,8.7331268E-01
6.325082E-03,6.772321E-02,8.6896393E-01
6.328358E-03,6.454938E-02,8.7209198E-01
6.331635E-03,5.945294E-02,8.6659882E-01
6.334912E-03,5.463116E-02,8.6919281E-01
6.338189E-03,4.971783E-02,8.6339447E-01
6.341466E-03,4.529279E-02,8.6492035E-01
6.344742E-03,3.932660E-02,8.5919830E-01
6.348019E-03,3.584760E-02,8.5996124E-01
6.351296E-03,3.126996E-02,8.5362885E-01
6.354573E-03,2.548688E-02,8.5332367E-01
6.357850E-03,2.124493E-02,8.4592316E-01
6.361126E-03,1.555341E-02,8.4523651E-01
6.364403E-03,1.118939E-02,8.3707306E-01
6.367680E-03,5.314758E-03,8.3425018E-01
6.370957E-03,1.179626E-03,8.2662079E-01
6.374234E-03,-4.908630E-03,8.2379791E-01
6.377510E-03,-8.509705E-03,8.1479523E-01
6.380787E-03,-1.540668E-02,8.1059906E-01
6.384064E-03,-1.836688E-02,8.0136749E-01
6.387341E-03,-2.506549E-02,7.9617950E-01
6.390618E-03,-2.865131E-02,7.8664276E-01
6.393894E-03,-3.499896E-02,7.8137848E-01
6.397171E-03,-3.837115E-02,7.7077362E-01
6.400448E-03,-4.453571E-02,7.6535675E-01
6.403725E-03,-4.839618E-02,7.5467560E-01
6.407002E-03,-5.456073E-02,7.4841949E-01
6.410278E-03,-5.843646E-02,7.3705170E-01
6.413555E-03,-6.437213E-02,7.3018524E-01
6.416832E-03,-6.772906E-02,7.1721527E-01
6.420109E-03,-7.375629E-02,7.0958588E-01
6.423386E-03,-7.709796E-02,6.9707367E-01
6.426662E-03,-8.297260E-02,6.8868134E-01
6.429939E-03,-8.530719E-02,6.7464325E-01
6.433216E-03,-9.238727E-02,6.6579315E-01
6.436493E-03,-9.430988E-02,6.5129730E-01
6.439770E-03,-9.931476E-02,6.4237091E-01
6.443046E-03,-1.025801E-01,6.2848541E-01
6.446323E-03,-1.087599E-01,6.1818573E-01
6.449600E-03,-1.110182E-01,6.0483429E-01
6.452877E-03,-1.160079E-01,5.9323761E-01
6.456154E-03,-1.186629E-01,5.7912323E-01
6.459430E-03,-1.239577E-01,5.6729767E-01
6.462707E-03,-1.263991E-01,5.5295441E-01
6.465984E-03,-1.313887E-01,5.4074738E-01
6.469261E-03,-1.321364E-01,5.2548859E-01
6.472538E-03,-1.374465E-01,5.1167938E-01
6.475814E-03,-1.395369E-01,4.9619171E-01
6.479091E-03,-1.434890E-01,4.8284027E-01
6.482368E-03,-1.456099E-01,4.6735260E-01
6.485645E-03,-1.492720E-01,4.5438263E-01
6.488922E-03,-1.509963E-01,4.3805573E-01
6.492198E-03,-1.551467E-01,4.2264435E-01
6.495475E-03,-1.563063E-01,4.0746185E-01
6.498752E-03,-1.595412E-01,3.9235565E-01
6.502029E-03,-1.610671E-01,3.7633392E-01
6.505306E-03,-1.642256E-01,3.6046478E-01
6.508582E-03,-1.654464E-01,3.4444305E-01
6.511859E-03,-1.674453E-01,3.2758209E-01
6.515136E-03,-1.685744E-01,3.1079742E-01
6.518413E-03,-1.707869E-01,2.9454681E-01
6.521690E-03,-1.710921E-01,2.7776215E-01
6.524966E-03,-1.737014E-01,2.6113007E-01
6.528243E-03,-1.737166E-01,2.4411652E-01
6.531520E-03,-1.757613E-01,2.2740814E-01
6.534797E-03,-1.761275E-01,2.0993683E-01
6.538074E-03,-1.775313E-01,1.9216034E-01
6.541350E-03,-1.780196E-01,1.7568085E-01
6.544627E-03,-1.789046E-01,1.5737030E-01
6.547904E-03,-1.785384E-01,1.4165375E-01
6.551181E-03,-1.804915E-01,1.2387726E-01
6.554458E-03,-1.798812E-01,1.0694000E-01
6.557734E-03,-1.808882E-01,8.8553162E-02
6.561011E-03,-1.801863E-01,7.2531433E-02
6.564288E-03,-1.804915E-01,5.3686829E-02
6.567565E-03,-1.800948E-01,3.7207336E-02
6.570842E-03,-1.807357E-01,1.8439026E-02
6.574118E-03,-1.799422E-01,3.3328247E-03
6.577395E-03,-1.797744E-01,-1.5435486E-02
6.580672E-03,-1.788588E-01,-3.2296448E-02
6.583949E-03,-1.788741E-01,-5.0988464E-02
6.587226E-03,-1.775313E-01,-6.7925720E-02
6.590502E-03,-1.770735E-01,-8.7914734E-02
6.593779E-03,-1.753951E-01,-1.0241058E-01
6.597056E-03,-1.753646E-01,-1.2102631E-01
6.600333E-03,-1.739455E-01,-1.3544586E-01
6.603610E-03,-1.734420E-01,-1.5429047E-01
6.606886E-03,-1.712752E-01,-1.6924408E-01
6.610163E-03,-1.709548E-01,-1.8885162E-01
6.613440E-03,-1.695204E-01,-2.0327118E-01
6.616717E-03,-1.682540E-01,-2.2188690E-01
6.619994E-03,-1.664077E-01,-2.3523834E-01
6.623270E-03,-1.648818E-01,-2.5476959E-01
6.626547E-03,-1.625624E-01,-2.6751068E-01
6.629824E-03,-1.613112E-01,-2.8673676E-01
6.633101E-03,-1.592971E-01,-3.0085114E-01
6.636378E-03,-1.591445E-01,-3.1954315E-01
6.639654E-03,-1.560012E-01,-3.3297089E-01
6.642931E-03,-1.557112E-01,-3.5074738E-01
6.646208E-03,-1.527358E-01,-3.6371735E-01
6.649485E-03,-1.511336E-01,-3.8172272E-01
6.652762E-03,-1.490737E-01,-3.9431122E-01
6.656038E-03,-1.482344E-01,-4.1300323E-01
6.659315E-03,-1.460219E-01,-4.2444733E-01
6.662592E-03,-1.439162E-01,-4.4329193E-01
6.665869E-03,-1.415816E-01,-4.5511749E-01
6.669146E-03,-1.411696E-01,-4.7174957E-01
6.672422E-03,-1.382399E-01,-4.8212555E-01
6.675699E-03,-1.371260E-01,-5.0013092E-01
6.678976E-03,-1.342879E-01,-5.1073578E-01
6.682253E-03,-1.321212E-01,-5.2713898E-01
6.685530E-03,-1.317549E-01,-5.3705719E-01
6.688806E-03,-1.282607E-01,-5.5361298E-01
6.692083E-03,-1.277724E-01,-5.6314972E-01
6.695360E-03,-1.243697E-01,-5.7772186E-01
6.698637E-03,-1.236373E-01,-5.8702972E-01
6.701914E-03,-1.200209E-01,-6.0106781E-01
6.705190E-03,-1.203261E-01,-6.1037567E-01
6.708467E-03,-1.169844E-01,-6.2464264E-01
6.711744E-03,-1.160842E-01,-6.3234833E-01
6.715021E-03,-1.126052E-01,-6.4631012E-01
6.718298E-03,-1.128951E-01,-6.5416840E-01
6.721574E-03,-1.082564E-01,-6.6668060E-01
6.724851E-03,-1.085921E-01,-6.7499664E-01
6.728128E-03,-1.050826E-01,-6.8712738E-01
6.731405E-03,-1.054335E-01,-6.9521454E-01
6.734682E-03,-1.027327E-01,-7.0513275E-01
6.737958E-03,-1.004134E-01,-7.1413544E-01
6.741235E-03,-9.923846E-02,-7.2252777E-01
6.744512E-03,-9.708698E-02,-7.3015717E-01
6.747789E-03,-9.665973E-02,-7.3778656E-01
6.751066E-03,-9.392841E-02,-7.4526337E-01
6.754342E-03,-9.371478E-02,-7.5251129E-01
6.757619E-03,-9.154803E-02,-7.5937775E-01
6.760896E-03,-9.025104E-02,-7.6509979E-01
6.764173E-03,-8.767230E-02,-7.7173737E-01
6.767450E-03,-8.768756E-02,-7.7730682E-01
6.770726E-03,-8.533771E-02,-7.8226593E-01
6.774003E-03,-8.423907E-02,-7.8753021E-01
6.777280E-03,-8.198077E-02,-7.9218414E-01
6.780557E-03,-8.132465E-02,-7.9630402E-01
6.783834E-03,-7.912738E-02,-8.0126312E-01
6.787110E-03,-7.883746E-02,-8.0484894E-01
6.790387E-03,-7.651813E-02,-8.0912140E-01
6.793664E-03,-7.577045E-02,-8.1171539E-01
6.796941E-03,-7.326801E-02,-8.1476715E-01
6.800218E-03,-7.248981E-02,-8.1705597E-01
6.803494E-03,-7.055194E-02,-8.1850555E-01
6.806771E-03,-6.986530E-02,-8.1964996E-01
6.810048E-03,-6.750018E-02,-8.2148102E-01
6.813325E-03,-6.782062E-02,-8.2163361E-01
6.816602E-03,-6.524188E-02,-8.2315948E-01
6.819878E-03,-6.457050E-02,-8.2293060E-01
6.823155E-03,-6.264789E-02,-8.2262543E-01
6.826432E-03,-6.174762E-02,-8.2232025E-01
6.829709E-03,-5.938251E-02,-8.2163361E-01
6.832986E-03,-5.890948E-02,-8.1926849E-01
6.836262E-03,-5.730731E-02,-8.1827667E-01
6.839539E-03,-5.597980E-02,-8.1598785E-01
6.842816E-03,-5.445392E-02,-8.1362274E-01
6.846093E-03,-5.306537E-02,-8.1034210E-01
6.849370E-03,-5.143268E-02,-8.0828217E-01
6.852646E-03,-5.037982E-02,-8.0477264E-01
6.855923E-03,-4.931171E-02,-8.0187347E-01
6.859200E-03,-4.784686E-02,-7.9676178E-01
6.862477E-03,-4.639728E-02,-7.9294708E-01
6.865754E-03,-4.442889E-02,-7.8730133E-01
6.869030E-03,-4.322345E-02,-7.8272369E-01
6.872307E-03,-4.180438E-02,-7.7631500E-01
6.875584E-03,-4.052264E-02,-7.7196625E-01
6.878861E-03,-3.791339E-02,-7.6487091E-01
6.882138E-03,-3.696735E-02,-7.5922516E-01
6.885414E-03,-3.464801E-02,-7.5228241E-01
6.888691E-03,-3.458698E-02,-7.4518707E-01
6.891968E-03,-3.180988E-02,-7.3725250E-01
6.895245E-03,-3.066547E-02,-7.2954681E-01
6.898522E-03,-2.862079E-02,-7.2107819E-01
6.901798E-03,-2.756793E-02,-7.1238068E-01
6.905075E-03,-2.419574E-02,-7.0337799E-01
6.908352E-03,-2.381427E-02,-6.9490936E-01
6.911629E-03,-2.089984E-02,-6.8522003E-01
6.914906E-03,-2.007587E-02,-6.7644623E-01
6.918182E-03,-1.676471E-02,-6.6568878E-01
6.921459E-03,-1.578815E-02,-6.5531281E-01
6.924736E-03,-1.288898E-02,-6.4493683E-01
6.928013E-03,-1.143939E-02,-6.3494232E-01
6.931290E-03,-8.601257E-03,-6.2334564E-01
6.934566E-03,-8.051941E-03,-6.1228302E-01
6.937843E-03,-4.206726E-03,-6.0022858E-01
6.941120E-03,-4.099915E-03,-5.8847931E-01
6.944397E-03,-5.751343E-04,-5.7650116E-01
6.947674E-03,8.286743E-04,-5.6429413E-01
6.950950E-03,4.506042E-03,-5.5132416E-01
6.954227E-03,5.223206E-03,-5.3949860E-01
6.957504E-03,9.159973E-03,-5.2477386E-01
6.960781E-03,1.024335E-02,-5.1203278E-01
6.964058E-03,1.421063E-02,-4.9715546E-01
6.967334E-03,1.483624E-02,-4.8403290E-01
6.970611E-03,1.851361E-02,-4.6915558E-01
6.973888E-03,1.968854E-02,-4.5626190E-01
6.977165E-03,2.397626E-02,-4.4046906E-01
6.980442E-03,2.452557E-02,-4.2650726E-01
6.983718E-03,2.937787E-02,-4.1079071E-01
6.986995E-03,3.041547E-02,-3.9583710E-01
6.990272E-03,3.476422E-02,-3.7996796E-01
6.993549E-03,3.526776E-02,-3.6531952E-01
6.996826E-03,4.015057E-02,-3.4990814E-01
7.000102E-03,4.094403E-02,-3.3464935E-01
7.003379E-03,4.507916E-02,-3.1748322E-01
7.006656E-03,4.616254E-02,-3.0275848E-01
7.009933E-03,5.049603E-02,-2.8482941E-01
7.013210E-03,5.093854E-02,-2.6896027E-01
7.016486E-03,5.536359E-02,-2.5179413E-01
7.019763E-03,5.661481E-02,-2.3645905E-01
7.023040E-03,6.168073E-02,-2.1814850E-01
7.026317E-03,6.210797E-02,-2.0243195E-01
7.029594E-03,6.674664E-02,-1.8496063E-01
7.032870E-03,6.697552E-02,-1.6901520E-01
7.036147E-03,7.175153E-02,-1.5062836E-01
7.039424E-03,7.254498E-02,-1.3491180E-01
7.042701E-03,7.640546E-02,-1.1728790E-01
7.045978E-03,7.700055E-02,-1.0080841E-01
7.049254E-03,8.145612E-02,-8.3337097E-02
7.052531E-03,8.170026E-02,-6.6552429E-02
7.055808E-03,8.548444E-02,-4.8165588E-02
7.059085E-03,8.647626E-02,-3.1609802E-02
7.062362E-03,9.021466E-02,-1.3222961E-02
7.065638E-03,9.059613E-02,3.1039429E-03
7.068915E-03,9.396832E-02,2.1185608E-02
7.072192E-03,9.477704E-02,3.8199158E-02
7.075469E-03,9.755414E-02,5.6509705E-02
7.078746E-03,9.885114E-02,7.3065491E-02
7.082022E-03,1.018724E-01,9.1376038E-02
7.085299E-03,1.021776E-01,1.0831329E-01
7.088576E-03,1.043901E-01,1.2540314E-01
7.091853E-03,1.058702E-01,1.4279816E-01
7.095130E-03,1.076249E-01,1.6080353E-01
7.098406E-03,1.079149E-01,1.7774078E-01
7.101683E-03,1.109056E-01,1.9536469E-01
7.104960E-03,1.106767E-01,2.1199677E-01
7.108237E-03,1.128587E-01,2.2916290E-01
7.111514E-03,1.133775E-01,2.4518463E-01
7.114790E-03,1.155443E-01,2.6280853E-01
7.118067E-03,1.153764E-01,2.7974579E-01
7.121344E-03,1.162156E-01,2.9614899E-01
7.124621E-03,1.165971E-01,3.1201813E-01
7.127898E-03,1.169481E-01,3.2926056E-01
7.131174E-03,1.173143E-01,3.4429047E-01
7.134451E-03,1.180162E-01,3.6168549E-01
7.137728E-03,1.174669E-01,3.7755463E-01
7.141005E-03,1.177568E-01,3.9334747E-01
7.144282E-03,1.177720E-01,4.0921661E-01
7.147558E-03,1.182908E-01,4.2531464E-01
7.150835E-03,1.165818E-01,4.4095490E-01
7.154112E-03,1.169023E-01,4.5621368E-01
7.157389E-03,1.158342E-01,4.7070953E-01
7.160666E-03,1.155595E-01,4.8551056E-01
7.163942E-03,1.140184E-01,4.9947235E-01
7.167219E-03,1.135759E-01,5.1419708E-01
7.170496E-03,1.124009E-01,5.2884552E-01
7.173773E-03,1.108598E-01,5.4311249E-01
7.177050E-03,1.096391E-01,5.5623505E-01
7.180326E-03,1.084489E-01,5.6943390E-01
7.183603E-03,1.054887E-01,5.8232758E-01
7.186880E-03,1.034288E-01,5.9529755E-01
7.190157E-03,1.019334E-01,6.0811493E-01
7.193434E-03,9.944623E-02,6.2016937E-01
7.196710E-03,9.698956E-02,6.3207123E-01
7.199987E-03,9.467023E-02,6.4282867E-01
7.203264E-03,9.204572E-02,6.5556976E-01
7.206541E-03,8.968060E-02,6.6655609E-01
7.209818E-03,8.575909E-02,6.7677948E-01
7.213094E-03,8.343976E-02,6.8791840E-01
7.216371E-03,7.957928E-02,6.9882843E-01
7.219648E-03,7.753461E-02,7.0920441E-01
7.222925E-03,7.330792E-02,7.2041962E-01
7.226202E-03,7.063763E-02,7.3087189E-01
7.229478E-03,6.760114E-02,7.3979828E-01
7.232755E-03,6.398480E-02,7.4933502E-01
7.236032E-03,5.975812E-02,7.5795624E-01
7.239309E-03,5.565350E-02,7.6703522E-01
7.242586E-03,5.191510E-02,7.7474091E-01
7.245862E-03,4.822247E-02,7.8275177E-01
7.249139E-03,4.402631E-02,7.9083893E-01
7.252416E-03,3.981488E-02,7.9717133E-01
7.255693E-03,3.593915E-02,8.0579254E-01
7.258970E-03,3.163617E-02,8.1220123E-01
7.262246E-03,2.618878E-02,8.1838104E-01
7.265523E-03,2.208417E-02,8.2494232E-01
7.268800E-03,1.746075E-02,8.3058807E-01
7.272077E-03,1.221173E-02,8.3592865E-01
7.275354E-03,8.198669E-03,8.4042999E-01
7.278630E-03,3.163269E-03,8.4592316E-01
7.281907E-03,-1.856873E-03,8.4928009E-01
7.285184E-03,-7.136414E-03,8.5271332E-01
7.288461E-03,-1.078326E-02,8.5744354E-01
7.291738E-03,-1.685626E-02,8.6011383E-01
7.295014E-03,-2.212054E-02,8.6347076E-01
7.298291E-03,-2.678973E-02,8.6568329E-01
7.301568E-03,-3.182513E-02,8.6881134E-01
7.304845E-03,-3.708942E-02,8.7010834E-01
7.308122E-03,-4.162128E-02,8.7277863E-01
7.311398E-03,-4.740436E-02,8.7346527E-01
7.314675E-03,-5.207355E-02,8.7438080E-01
7.317952E-03,-5.771930E-02,8.7415192E-01
7.321229E-03,-6.205280E-02,8.7377045E-01
7.324506E-03,-6.833942E-02,8.7369415E-01
7.327782E-03,-7.291705E-02,8.7430450E-01
7.331059E-03,-7.845599E-02,8.7201569E-01
7.334336E-03,-8.352191E-02,8.7110016E-01
7.337613E-03,-8.851154E-02,8.6926910E-01
7.340890E-03,-9.336383E-02,8.6766693E-01
7.344166E-03,-9.792621E-02,8.6484406E-01
7.347443E-03,-1.029311E-01,8.6270782E-01
7.350720E-03,-1.089888E-01,8.5805389E-01
7.353997E-03,-1.126815E-01,8.5515472E-01
7.357274E-03,-1.183577E-01,8.5126373E-01
7.360550E-03,-1.218215E-01,8.4767792E-01
7.363827E-03,-1.277114E-01,8.4325287E-01
7.367104E-03,-1.314955E-01,8.3890411E-01
7.370381E-03,-1.364089E-01,8.3341095E-01
7.373658E-03,-1.400557E-01,8.2845184E-01
7.376934E-03,-1.455947E-01,8.2044098E-01
7.380211E-03,-1.486464E-01,8.1433746E-01
7.383488E-03,-1.531935E-01,8.0785248E-01
7.386765E-03,-1.566268E-01,8.0190155E-01
7.390042E-03,-1.614333E-01,7.9472992E-01
7.393318E-03,-1.643630E-01,7.8732941E-01
7.396595E-03,-1.694289E-01,7.7779266E-01
7.399872E-03,-1.723891E-01,7.7153656E-01
7.403149E-03,-1.766005E-01,7.6215240E-01
7.406426E-03,-1.788893E-01,7.5437042E-01
7.409702E-03,-1.834822E-01,7.4475739E-01
7.412979E-03,-1.855727E-01,7.3667023E-01
7.416256E-03,-1.903487E-01,7.2690460E-01
7.419533E-03,-1.916457E-01,7.1706268E-01
7.422810E-03,-1.961013E-01,7.0592377E-01
7.426086E-03,-1.971083E-01,6.9608185E-01
7.429363E-03,-2.012130E-01,6.8318817E-01
7.432640E-03,-2.026625E-01,6.7258331E-01
7.435917E-03,-2.062636E-01,6.6083405E-01
7.439194E-03,-2.064162E-01,6.5053436E-01
7.442470E-03,-2.102919E-01,6.3741180E-01
7.445747E-03,-2.101241E-01,6.2566254E-01
7.449024E-03,-2.143660E-01,6.1315033E-01
7.452301E-03,-2.139083E-01,6.0208771E-01
7.455578E-03,-2.167922E-01,5.8865997E-01
7.458854E-03,-2.170363E-01,5.7584259E-01
7.462131E-03,-2.198134E-01,5.6249115E-01
7.465408E-03,-2.195082E-01,5.4944489E-01
7.468685E-03,-2.214614E-01,5.3494904E-01
7.471962E-03,-2.206984E-01,5.2213165E-01
7.475238E-03,-2.224990E-01,5.0633881E-01
7.478515E-03,-2.221175E-01,4.9313995E-01
7.481792E-03,-2.239791E-01,4.7757599E-01
7.485069E-03,-2.219649E-01,4.6414825E-01
7.488346E-03,-2.235823E-01,4.4797394E-01
7.491622E-03,-2.219496E-01,4.3347809E-01
7.494899E-03,-2.243148E-01,4.1722748E-01
7.498176E-03,-2.222090E-01,4.0227386E-01
7.501453E-03,-2.238265E-01,3.8625214E-01
7.504730E-03,-2.214003E-01,3.6984894E-01
7.508006E-03,-2.235366E-01,3.5245392E-01
7.511283E-03,-2.193709E-01,3.3734772E-01
7.514560E-03,-2.213240E-01,3.1926605E-01
7.517837E-03,-2.180129E-01,3.0415985E-01
7.521114E-03,-2.194472E-01,2.8760406E-01
7.524390E-03,-2.163039E-01,2.7158234E-01
7.527667E-03,-2.164870E-01,2.5388214E-01
7.530944E-03,-2.133589E-01,2.3801300E-01
7.534221E-03,-2.135726E-01,2.2038910E-01
7.537498E-03,-2.107344E-01,2.0490143E-01
7.540774E-03,-2.104293E-01,1.8720123E-01
7.544051E-03,-2.069503E-01,1.7064545E-01
7.547328E-03,-2.078505E-01,1.5225861E-01
7.550605E-03,-2.038375E-01,1.3562653E-01
7.553882E-03,-2.040206E-01,1.1640045E-01
7.557158E-03,-2.008773E-01,1.0014984E-01
7.560435E-03,-1.999312E-01,8.1381531E-02
7.563712E-03,-1.961776E-01,6.5512390E-02
7.566989E-03,-1.953688E-01,4.8041077E-02
7.570266E-03,-1.915541E-01,3.0874939E-02
7.573542E-03,-1.907759E-01,1.3174744E-02
7.576819E-03,-1.868087E-01,-4.0676880E-03
7.580096E-03,-1.855727E-01,-2.1691589E-02
7.583373E-03,-1.818648E-01,-3.8705139E-02
7.586650E-03,-1.804915E-01,-5.6176453E-02
7.589926E-03,-1.764937E-01,-7.3571472E-02
7.593203E-03,-1.747695E-01,-9.0813904E-02
7.596480E-03,-1.705580E-01,-1.0736969E-01
7.599757E-03,-1.687880E-01,-1.2438324E-01
7.603034E-03,-1.652480E-01,-1.4017609E-01
7.606310E-03,-1.638289E-01,-1.5802887E-01
7.609587E-03,-1.592360E-01,-1.7557648E-01
7.612864E-03,-1.575576E-01,-1.9274261E-01
7.616141E-03,-1.547499E-01,-2.0853546E-01
7.619418E-03,-1.514998E-01,-2.2554901E-01
7.622694E-03,-1.480818E-01,-2.4157074E-01
7.625971E-03,-1.462355E-01,-2.5759247E-01
7.629248E-03,-1.427260E-01,-2.7330902E-01
7.632525E-03,-1.401778E-01,-2.8986481E-01
7.635802E-03,-1.370497E-01,-3.0573395E-01
7.639078E-03,-1.345168E-01,-3.2190826E-01
7.642355E-03,-1.307021E-01,-3.3892181E-01
7.645632E-03,-1.296797E-01,-3.5463837E-01
7.648909E-03,-1.264449E-01,-3.6882904E-01
7.652186E-03,-1.236678E-01,-3.8485077E-01
7.655462E-03,-1.204177E-01,-3.9980438E-01
7.658739E-03,-1.179457E-01,-4.1536835E-01
7.662016E-03,-1.155806E-01,-4.3016937E-01
7.665293E-03,-1.134597E-01,-4.4451263E-01
7.668570E-03,-1.103469E-01,-4.5855072E-01
7.671846E-03,-1.082717E-01,-4.7266510E-01
7.675123E-03,-1.047621E-01,-4.8624542E-01
7.678400E-03,-1.028243E-01,-5.0020721E-01
7.681677E-03,-9.963519E-02,-5.1332977E-01
7.684954E-03,-9.775836E-02,-5.2568939E-01
7.688230E-03,-9.453876E-02,-5.3881195E-01
7.691507E-03,-9.336383E-02,-5.5170563E-01
7.694784E-03,-8.997638E-02,-5.6383636E-01
7.698061E-03,-8.809955E-02,-5.7520416E-01
7.701338E-03,-8.516986E-02,-5.8764008E-01
7.704614E-03,-8.339984E-02,-5.9946564E-01
7.707891E-03,-8.079059E-02,-6.1106232E-01
7.711168E-03,-7.923419E-02,-6.2189606E-01
7.714445E-03,-7.630450E-02,-6.3295868E-01
7.717722E-03,-7.520587E-02,-6.4302948E-01
7.720998E-03,-7.197101E-02,-6.5454987E-01
7.724275E-03,-7.105548E-02,-6.6484955E-01
7.727552E-03,-6.731708E-02,-6.7377594E-01
7.730829E-03,-6.725604E-02,-6.8262604E-01
7.734106E-03,-6.467731E-02,-6.9178131E-01
7.737382E-03,-6.287677E-02,-7.0040253E-01
7.740659E-03,-6.078632E-02,-7.0940521E-01
7.743936E-03,-6.045062E-02,-7.1703461E-01
7.747213E-03,-5.739886E-02,-7.2618988E-01
7.750490E-03,-5.646808E-02,-7.3336151E-01
7.753766E-03,-5.463702E-02,-7.4076202E-01
7.757043E-03,-5.337054E-02,-7.4717072E-01
7.760320E-03,-5.143268E-02,-7.5380829E-01
7.763597E-03,-5.045612E-02,-7.6059845E-01
7.766874E-03,-4.850299E-02,-7.6654938E-01
7.770150E-03,-4.723651E-02,-7.7181366E-01
7.773427E-03,-4.589374E-02,-7.7707794E-01
7.776704E-03,-4.441364E-02,-7.8180817E-01
7.779981E-03,-4.325397E-02,-7.8745392E-01
7.783258E-03,-4.188068E-02,-7.8943756E-01
7.786534E-03,-4.056842E-02,-7.9439667E-01
7.789811E-03,-3.907306E-02,-7.9775360E-01
7.793088E-03,-3.687579E-02,-8.0133942E-01
7.796365E-03,-3.589923E-02,-8.0278900E-01
7.799642E-03,-3.376300E-02,-8.0545929E-01
7.802918E-03,-3.202350E-02,-8.0675629E-01
7.806195E-03,-3.145892E-02,-8.0980804E-01
7.809472E-03,-3.046710E-02,-8.0996063E-01
7.812749E-03,-2.946002E-02,-8.1179169E-01
7.816026E-03,-2.797992E-02,-8.1224945E-01
7.819302E-03,-2.714069E-02,-8.1339386E-01
7.822579E-03,-2.518756E-02,-8.1263092E-01
7.825856E-03,-2.471454E-02,-8.1255463E-01
7.829133E-03,-2.294452E-02,-8.1095245E-01
7.832410E-03,-2.172382E-02,-8.1041840E-01
7.835686E-03,-1.990802E-02,-8.0759552E-01
7.838963E-03,-1.912982E-02,-8.0629852E-01
7.842240E-03,-1.635272E-02,-8.0355194E-01
7.845517E-03,-1.642902E-02,-8.0172089E-01
7.848794E-03,-1.429279E-02,-7.9760101E-01
7.852070E-03,-1.359088E-02,-7.9561737E-01
7.855347E-03,-1.107318E-02,-7.9103973E-01
7.858624E-03,-1.000507E-02,-7.8745392E-01
7.861901E-03,-8.311340E-03,-7.8348663E-01
7.865178E-03,-7.700989E-03,-7.7814606E-01
7.868454E-03,-5.961487E-03,-7.7295807E-01
7.871731E-03,-5.442688E-03,-7.6830414E-01
7.875008E-03,-2.894470E-03,-7.6204803E-01
7.878285E-03,-2.162048E-03,-7.5670746E-01
7.881562E-03,-8.650513E-04,-7.5037506E-01
7.884838E-03,-2.241821E-04,-7.4297455E-01
7.888115E-03,2.995422E-03,-7.3656586E-01
7.891392E-03,3.666809E-03,-7.3000458E-01
7.894669E-03,6.932190E-03,-7.2107819E-01
7.897946E-03,6.886414E-03,-7.1329620E-01
7.901222E-03,9.892395E-03,-7.0406464E-01
7.904499E-03,9.892395E-03,-6.9590118E-01
7.907776E-03,1.276105E-02,-6.8674591E-01
7.911053E-03,1.358502E-02,-6.7781952E-01
7.914330E-03,1.607220E-02,-6.6729095E-01
7.917606E-03,1.651471E-02,-6.5790680E-01
7.920883E-03,2.000897E-02,-6.4699677E-01
7.924160E-03,2.054303E-02,-6.3723114E-01
7.927437E-03,2.335065E-02,-6.2479523E-01
7.930714E-03,2.386945E-02,-6.1472443E-01
7.933990E-03,2.705853E-02,-6.0282257E-01
7.937267E-03,2.655499E-02,-5.9229401E-01
7.940544E-03,3.069012E-02,-5.7901886E-01
7.943821E-03,3.027814E-02,-5.6803253E-01
7.947098E-03,3.416913E-02,-5.5483368E-01
7.950374E-03,3.423016E-02,-5.4239777E-01
7.953651E-03,3.749554E-02,-5.2881744E-01
7.956928E-03,3.734296E-02,-5.1729706E-01
7.960205E-03,4.169171E-02,-5.0287750E-01
7.963482E-03,4.088300E-02,-4.8983124E-01
7.966758E-03,4.527753E-02,-4.7525909E-01
7.970035E-03,4.535382E-02,-4.6175507E-01
7.973312E-03,4.822247E-02,-4.4664886E-01
7.976589E-03,4.816144E-02,-4.3322113E-01
7.979866E-03,5.217450E-02,-4.1719940E-01
7.983142E-03,5.203717E-02,-4.0400055E-01
7.986419E-03,5.504315E-02,-3.8713959E-01
7.989696E-03,5.437177E-02,-3.7233856E-01
7.992973E-03,5.829327E-02,-3.5639313E-01
7.996250E-03,5.769818E-02,-3.4121063E-01
7.999526E-03,6.128400E-02,-3.2579926E-01
8.002803E-03,6.030743E-02,-3.1061676E-01
8.006080E-03,6.346600E-02,-2.9261139E-01
8.009357E-03,6.374066E-02,-2.7742889E-01
8.012634E-03,6.740277E-02,-2.6011017E-01
8.015910E-03,6.578534E-02,-2.4508026E-01
8.019187E-03,6.908124E-02,-2.2837189E-01
8.022464E-03,6.903546E-02,-2.1242645E-01
8.025741E-03,7.222455E-02,-1.9464996E-01
8.029018E-03,7.109540E-02,-1.7847565E-01
8.032294E-03,7.285016E-02,-1.6092804E-01
8.035571E-03,7.266705E-02,-1.4444855E-01
8.038848E-03,7.449811E-02,-1.2720612E-01
8.042125E-03,7.364362E-02,-1.1110809E-01
8.045402E-03,7.584088E-02,-9.2950134E-02
8.048678E-03,7.500165E-02,-7.6546936E-02
8.051955E-03,7.674115E-02,-5.8694153E-02
8.055232E-03,7.513898E-02,-4.1299133E-02
8.058509E-03,7.693951E-02,-2.3904114E-02
8.061786E-03,7.617657E-02,-6.6616821E-03
8.065062E-03,7.733624E-02,1.2259216E-02
8.068339E-03,7.527631E-02,2.8433533E-02
8.071616E-03,7.574933E-02,4.5828552E-02
8.074893E-03,7.439130E-02,6.2231750E-02
8.078170E-03,7.584088E-02,8.0694885E-02
8.081446E-03,7.452863E-02,9.7632141E-02
8.084723E-03,7.484906E-02,1.1609528E-01
8.088000E-03,7.382672E-02,1.3318512E-01
8.091277E-03,7.335370E-02,1.4989349E-01
8.094554E-03,7.201093E-02,1.6766998E-01
8.097830E-03,7.124799E-02,1.8559906E-01
8.101107E-03,6.906598E-02,2.0192596E-01
8.104384E-03,6.844037E-02,2.1993134E-01
8.107661E-03,6.662457E-02,2.3557159E-01
8.110938E-03,6.595319E-02,2.5258514E-01
8.114214E-03,6.380170E-02,2.6967499E-01
8.117491E-03,6.276410E-02,2.8630707E-01
8.120768E-03,5.937665E-02,3.0209991E-01
8.124045E-03,5.846112E-02,3.1880829E-01
8.127322E-03,5.566876E-02,3.3551666E-01
8.130598E-03,5.385297E-02,3.5298798E-01
8.133875E-03,5.237286E-02,3.6885712E-01
8.137152E-03,4.954999E-02,3.8587067E-01
8.140429E-03,4.686444E-02,4.0166351E-01
8.143706E-03,4.442303E-02,4.1783783E-01
8.146982E-03,4.176801E-02,4.3324921E-01
8.150259E-03,3.891461E-02,4.4927094E-01
8.153536E-03,3.572552E-02,4.6353790E-01
8.156813E-03,3.267377E-02,4.7894928E-01
8.160090E-03,2.896588E-02,4.9283478E-01
8.163366E-03,2.583783E-02,5.0847504E-01
8.166643E-03,2.235883E-02,5.2205536E-01
8.169920E-03,1.895612E-02,5.3655121E-01
8.173197E-03,1.541608E-02,5.5058929E-01
8.176474E-03,1.154034E-02,5.6394073E-01
8.179750E-03,7.374695E-03,5.7744476E-01
8.183027E-03,3.575256E-03,5.8972809E-01
8.186304E-03,-9.108276E-04,6.0346100E-01
8.189581E-03,-4.160950E-03,6.1620209E-01
8.192858E-03,-9.120056E-03,6.2749359E-01
8.196134E-03,-1.327045E-02,6.3939545E-01
8.199411E-03,-1.793964E-02,6.5129730E-01
8.202688E-03,-2.201373E-02,6.6350433E-01
8.205965E-03,-2.674396E-02,6.7532990E-01
8.209242E-03,-3.109271E-02,6.8631622E-01
8.212518E-03,-3.567035E-02,6.9814178E-01
8.215795E-03,-4.023273E-02,7.0928070E-01
8.219072E-03,-4.517657E-02,7.1965668E-01
8.222349E-03,-4.989154E-02,7.3003265E-01
8.225626E-03,-5.457599E-02,7.3949310E-01
8.228902E-03,-5.979449E-02,7.4895355E-01
8.232179E-03,-6.450946E-02,7.5833771E-01
8.235456E-03,-6.942279E-02,7.6634857E-01
8.238733E-03,-7.421405E-02,7.7588531E-01
8.242010E-03,-7.932574E-02,7.8328583E-01
8.245286E-03,-8.423907E-02,7.9213593E-01
8.248563E-03,-8.954913E-02,8.0022308E-01
8.251840E-03,-9.496600E-02,8.0693695E-01
8.255117E-03,-9.994037E-02,8.1441376E-01
8.258394E-03,-1.046859E-01,8.2105133E-01
8.261670E-03,-1.104537E-01,8.2669708E-01
8.264947E-03,-1.150618E-01,8.3341095E-01
8.268224E-03,-1.207839E-01,8.3775970E-01
8.271501E-03,-1.244307E-01,8.4462616E-01
8.274778E-03,-1.296645E-01,8.4943268E-01
8.278054E-03,-1.349593E-01,8.5423920E-01
8.281331E-03,-1.399489E-01,8.5866425E-01
8.284608E-03,-1.445571E-01,8.6240265E-01
8.287885E-03,-1.491652E-01,8.6598846E-01
8.291162E-03,-1.534377E-01,8.6972687E-01
8.294438E-03,-1.583358E-01,8.7209198E-01
8.297715E-03,-1.630355E-01,8.7506744E-01
8.300992E-03,-1.673995E-01,8.7705109E-01
8.304269E-03,-1.711226E-01,8.7895844E-01
8.307546E-03,-1.758986E-01,8.8101837E-01
8.310822E-03,-1.799727E-01,8.8170502E-01
8.314099E-03,-1.847335E-01,8.8262054E-01
8.317376E-03,-1.886550E-01,8.8345978E-01
8.320653E-03,-1.925917E-01,8.8353607E-01
8.323930E-03,-1.962691E-01,8.8384125E-01
8.327206E-03,-2.006636E-01,8.8323090E-01
8.330483E-03,-2.038069E-01,8.8185760E-01
8.333760E-03,-2.077742E-01,8.8010284E-01
8.337037E-03,-2.105513E-01,8.7903473E-01
8.340314E-03,-2.149916E-01,8.7651703E-01
8.343590E-03,-2.172042E-01,8.7422821E-01
8.346867E-03,-2.217818E-01,8.7140533E-01
8.350144E-03,-2.244216E-01,8.6835358E-01
8.353421E-03,-2.276564E-01,8.6469147E-01
8.356698E-03,-2.291976E-01,8.6179230E-01
8.359974E-03,-2.327071E-01,8.5744354E-01
8.363251E-03,-2.349196E-01,8.5324738E-01
8.366528E-03,-2.374221E-01,8.4783051E-01
8.369805E-03,-2.389174E-01,8.4363434E-01
8.373082E-03,-2.422438E-01,8.3791229E-01
8.376358E-03,-2.436476E-01,8.3219025E-01
8.379635E-03,-2.457381E-01,8.2616302E-01
8.382912E-03,-2.468520E-01,8.1967804E-01
8.386189E-03,-2.495223E-01,8.1220123E-01
8.389466E-03,-2.498580E-01,8.0586884E-01
8.392742E-03,-2.517958E-01,7.9709503E-01
8.396019E-03,-2.521773E-01,7.8961823E-01
8.399296E-03,-2.543593E-01,7.8175995E-01
8.402573E-03,-2.540084E-01,7.7336761E-01
8.405850E-03,-2.557326E-01,7.6375458E-01
8.409126E-03,-2.546797E-01,7.5620148E-01
8.412403E-03,-2.562819E-01,7.4666473E-01
8.415680E-03,-2.555342E-01,7.3750946E-01
8.418957E-03,-2.572280E-01,7.2705719E-01
8.422234E-03,-2.559462E-01,7.1729156E-01
8.425510E-03,-2.568160E-01,7.0630524E-01
8.428787E-03,-2.549086E-01,6.9661591E-01
8.432064E-03,-2.558699E-01,6.8471405E-01
8.435341E-03,-2.541762E-01,6.7326996E-01
8.438618E-03,-2.548781E-01,6.6144440E-01
8.441894E-03,-2.519942E-01,6.5045807E-01
8.445171E-03,-2.529250E-01,6.3756439E-01
8.448448E-03,-2.503463E-01,6.2695953E-01
8.451725E-03,-2.502547E-01,6.1337921E-01
8.455002E-03,-2.473708E-01,6.0178253E-01
8.458278E-03,-2.471419E-01,5.8804962E-01
8.461555E-03,-2.439986E-01,5.7515594E-01
8.464832E-03,-2.444869E-01,5.6088898E-01
8.468109E-03,-2.406111E-01,5.4769012E-01
8.471386E-03,-2.409468E-01,5.3258392E-01
8.474662E-03,-2.368270E-01,5.1923248E-01
8.477939E-03,-2.365370E-01,5.0382111E-01
8.481216E-03,-2.322798E-01,4.8978302E-01
8.484493E-03,-2.324630E-01,4.7467682E-01
8.487770E-03,-2.275954E-01,4.6033356E-01
8.491046E-03,-2.270461E-01,4.4438812E-01
8.494323E-03,-2.216140E-01,4.3019745E-01
8.497600E-03,-2.209578E-01,4.1356537E-01
8.500877E-03,-2.164565E-01,3.9884064E-01
8.504154E-03,-2.160445E-01,3.8259003E-01
8.507430E-03,-2.098189E-01,3.6717865E-01
8.510707E-03,-2.093459E-01,3.4917328E-01
8.513984E-03,-2.037459E-01,3.3460114E-01
8.517261E-03,-2.027846E-01,3.1659576E-01
8.520538E-03,-1.987258E-01,3.0095551E-01
8.523814E-03,-1.971236E-01,2.8409454E-01
8.527091E-03,-1.915084E-01,2.6761505E-01
8.530368E-03,-1.901046E-01,2.5037262E-01
8.533645E-03,-1.845656E-01,2.3396942E-01
8.536922E-03,-1.827803E-01,2.1687958E-01
8.540198E-03,-1.780349E-01,2.0024750E-01
8.543475E-03,-1.759902E-01,1.8201324E-01
8.546752E-03,-1.706954E-01,1.6522858E-01
8.550029E-03,-1.690322E-01,1.4790985E-01
8.553306E-03,-1.639205E-01,1.3097260E-01
8.556582E-03,-1.621810E-01,1.1273834E-01
8.559859E-03,-1.568862E-01,9.5038147E-02
8.563136E-03,-1.545363E-01,7.6880188E-02
8.566413E-03,-1.493636E-01,6.0705872E-02
8.569690E-03,-1.475020E-01,4.2090149E-02
8.572966E-03,-1.422682E-01,2.5610657E-02
8.576243E-03,-1.397811E-01,8.5971069E-03
8.579520E-03,-1.354933E-01,-8.6453247E-03
8.582797E-03,-1.328231E-01,-2.6345520E-02
8.586074E-03,-1.287642E-01,-4.3816833E-02
8.589350E-03,-1.259261E-01,-6.2356262E-02
8.592627E-03,-1.217299E-01,-7.8759460E-02
8.595904E-03,-1.186019E-01,-9.6917419E-02
8.599181E-03,-1.142836E-01,-1.1271027E-01
8.602458E-03,-1.114455E-01,-1.2995270E-01
8.605734E-03,-1.068679E-01,-1.4635590E-01
8.609011E-03,-1.049758E-01,-1.6268280E-01
8.612288E-03,-1.009627E-01,-1.8045929E-01
8.615565E-03,-9.820087E-02,-1.9693878E-01
8.618842E-03,-9.388263E-02,-2.1326569E-01
8.622118E-03,-9.133441E-02,-2.2951630E-01
8.625395E-03,-8.793170E-02,-2.4561432E-01
8.628672E-03,-8.532245E-02,-2.6155975E-01
8.631949E-03,-8.210284E-02,-2.7742889E-01
8.635226E-03,-7.984454E-02,-2.9459503E-01
8.638502E-03,-7.659442E-02,-3.1137970E-01
8.641779E-03,-7.351215E-02,-3.2640961E-01
8.645056E-03,-7.071979E-02,-3.4174469E-01
8.648333E-03,-6.800372E-02,-3.5738495E-01
8.651610E-03,-6.496722E-02,-3.7241486E-01
8.654886E-03,-6.281573E-02,-3.8744476E-01
8.658163E-03,-6.061847E-02,-4.0262726E-01
8.661440E-03,-5.808551E-02,-4.1780975E-01
8.664717E-03,-5.483539E-02,-4.3207672E-01
8.667994E-03,-5.321796E-02,-4.4641998E-01
8.671270E-03,-5.053241E-02,-4.6007660E-01
8.674547E-03,-4.897601E-02,-4.7441986E-01
8.677824E-03,-4.554279E-02,-4.8777130E-01
8.681101E-03,-4.510028E-02,-5.0203827E-01
8.684378E-03,-4.221637E-02,-5.1531342E-01
8.687654E-03,-4.056842E-02,-5.2820709E-01
8.690931E-03,-3.812701E-02,-5.4102448E-01
8.694208E-03,-3.751666E-02,-5.5338409E-01
8.697485E-03,-3.458698E-02,-5.6536224E-01
8.700762E-03,-3.357990E-02,-5.7756927E-01
8.704038E-03,-3.095538E-02,-5.8962372E-01
8.707315E-03,-2.999408E-02,-6.0083893E-01
8.710592E-03,-2.855975E-02,-6.1190155E-01
8.713869E-03,-2.709491E-02,-6.2281158E-01
8.717146E-03,-2.517230E-02,-6.3326385E-01
8.720422E-03,-2.457721E-02,-6.4348724E-01
8.723699E-03,-2.268512E-02,-6.5393951E-01
8.726976E-03,-2.218158E-02,-6.6416290E-01
8.730253E-03,-1.990802E-02,-6.7331818E-01
8.733530E-03,-1.945026E-02,-6.8247345E-01
8.736806E-03,-1.760394E-02,-6.9178131E-01
8.740083E-03,-1.676471E-02,-6.9941071E-01
8.743360E-03,-1.444537E-02,-7.0719269E-01
8.746637E-03,-1.482684E-02,-7.1505096E-01
8.749914E-03,-1.253802E-02,-7.2306183E-01
8.753190E-03,-1.230914E-02,-7.3076752E-01
8.756467E-03,-1.082904E-02,-7.3809174E-01
8.759744E-03,-1.082904E-02,-7.4472931E-01
8.763021E-03,-9.135315E-03,-7.5090912E-01
8.766298E-03,-8.952209E-03,-7.5678375E-01
8.769574E-03,-7.807800E-03,-7.6273468E-01
8.772851E-03,-6.907532E-03,-7.6662567E-01
8.776128E-03,-5.320618E-03,-7.7181366E-01
8.779405E-03,-5.442688E-03,-7.7692535E-01
8.782682E-03,-4.466125E-03,-7.8112152E-01
8.785958E-03,-3.550598E-03,-7.8516510E-01
8.789235E-03,-3.336975E-03,-7.8890350E-01
8.792512E-03,-2.101013E-03,-7.9233673E-01
8.795789E-03,-1.231262E-03,-7.9462555E-01
8.799066E-03,-9.108276E-04,-7.9676178E-01
8.802342E-03,-1.631470E-04,-7.9966095E-01
8.805619E-03,1.210144E-03,-8.0164459E-01
8.808896E-03,1.408508E-03,-8.0248383E-01
8.812173E-03,2.644470E-03,-8.0347565E-01
8.815450E-03,2.461365E-03,-8.0492523E-01
8.818726E-03,4.368713E-03,-8.0446747E-01
8.822003E-03,4.704407E-03,-8.0439117E-01
8.825280E-03,6.092957E-03,-8.0355194E-01
8.828557E-03,6.413391E-03,-8.0317047E-01
8.831834E-03,7.908752E-03,-8.0042389E-01
8.835110E-03,7.389954E-03,-7.9996613E-01
8.838387E-03,8.625916E-03,-7.9760101E-01
8.841664E-03,8.763245E-03,-7.9592255E-01
8.844941E-03,1.059430E-02,-7.9302338E-01
8.848218E-03,1.027386E-02,-7.9035309E-01
8.851494E-03,1.147931E-02,-7.8661469E-01
8.854771E-03,1.201337E-02,-7.8371552E-01
8.858048E-03,1.291364E-02,-7.7944305E-01
8.861325E-03,1.347821E-02,-7.7608612E-01
8.864602E-03,1.549237E-02,-7.7066925E-01
8.867878E-03,1.572125E-02,-7.6632050E-01
8.871155E-03,1.784222E-02,-7.6075104E-01
8.874432E-03,1.753705E-02,-7.5487640E-01
8.877709E-03,1.924603E-02,-7.4762848E-01
8.880986E-03,1.863568E-02,-7.4259308E-01
8.884262E-03,2.074139E-02,-7.3465851E-01
8.887539E-03,2.023785E-02,-7.2870758E-01
8.890816E-03,2.241986E-02,-7.2046783E-01
8.894093E-03,2.193158E-02,-7.1314362E-01
8.897370E-03,2.380841E-02,-7.0490387E-01
8.900646E-03,2.325909E-02,-6.9613007E-01
8.903923E-03,2.551740E-02,-6.8705109E-01
8.907200E-03,2.521222E-02,-6.7942169E-01
8.910477E-03,2.716534E-02,-6.6858795E-01
8.913754E-03,2.675336E-02,-6.5935638E-01
8.917030E-03,2.965253E-02,-6.4936188E-01
8.920307E-03,2.890485E-02,-6.3951996E-01
8.923584E-03,3.084271E-02,-6.2922028E-01
8.926861E-03,2.965253E-02,-6.1869171E-01
8.930138E-03,3.207867E-02,-6.0747650E-01
8.933414E-03,3.091901E-02,-5.9702423E-01
8.936691E-03,3.273480E-02,-5.8519867E-01
8.939968E-03,3.229230E-02,-5.7344940E-01
8.943245E-03,3.496259E-02,-5.6116608E-01
8.946522E-03,3.368085E-02,-5.4987457E-01
8.949798E-03,3.622906E-02,-5.3652313E-01
8.953075E-03,3.470319E-02,-5.2408722E-01
8.956352E-03,3.749554E-02,-5.1050690E-01
8.959629E-03,3.465741E-02,-4.9761322E-01
8.962906E-03,3.740399E-02,-4.8311737E-01
8.966182E-03,3.644269E-02,-4.7060516E-01
8.969459E-03,3.827374E-02,-4.5542267E-01
8.972736E-03,3.676312E-02,-4.4275787E-01
8.976013E-03,3.845685E-02,-4.2673615E-01
8.979290E-03,3.658002E-02,-4.1246918E-01
8.982566E-03,3.877728E-02,-3.9606598E-01
8.985843E-03,3.673260E-02,-3.8240936E-01
8.989120E-03,3.929608E-02,-3.6592987E-01
8.992397E-03,3.619855E-02,-3.5173920E-01
8.995674E-03,3.920453E-02,-3.3587006E-01
8.998950E-03,3.603070E-02,-3.2129791E-01
9.002227E-03,3.769391E-02,-3.0405548E-01
9.005504E-03,3.560345E-02,-2.8864410E-01
9.008781E-03,3.641217E-02,-2.7193573E-01
9.012058E-03,3.413861E-02,-2.5621918E-01
9.015334E-03,3.532880E-02,-2.3912933E-01
9.018611E-03,3.300946E-02,-2.2409943E-01
9.021888E-03,3.509991E-02,-2.0708588E-01
9.025165E-03,3.155988E-02,-1.9152191E-01
9.028442E-03,3.210919E-02,-1.7359283E-01
9.031718E-03,2.972882E-02,-1.5703705E-01
9.034995E-03,2.982037E-02,-1.3941315E-01
9.038272E-03,2.725690E-02,-1.2300995E-01
9.041549E-03,2.779095E-02,-1.0523346E-01
9.044826E-03,2.510541E-02,-8.8906555E-02
9.048102E-03,2.417462E-02,-7.1130066E-02
9.051379E-03,2.141278E-02,-5.4574280E-02
9.054656E-03,2.037518E-02,-3.5805969E-02
9.057933E-03,1.814740E-02,-1.9784241E-02
9.061210E-03,1.709454E-02,-1.6262817E-03
9.064486E-03,1.376813E-02,1.5921326E-02
9.067763E-03,1.254742E-02,3.4155579E-02
9.071040E-03,9.175232E-03,5.0635071E-02
9.074317E-03,7.512024E-03,6.8258972E-02
9.077594E-03,4.139832E-03,8.4509583E-02
9.080870E-03,2.568176E-03,1.0228607E-01
9.084147E-03,-1.216003E-03,1.1929962E-01
9.087424E-03,-3.275940E-03,1.3730499E-01
9.090701E-03,-7.350037E-03,1.5401337E-01
9.093978E-03,-9.562561E-03,1.7156097E-01
9.097254E-03,-1.291949E-02,1.8910858E-01
9.100531E-03,-1.616962E-02,2.0680878E-01
9.103808E-03,-1.949603E-02,2.2412750E-01
9.107085E-03,-2.227313E-02,2.4037811E-01
9.110362E-03,-2.616412E-02,2.5708649E-01
9.113638E-03,-2.903278E-02,2.7410004E-01
9.116915E-03,-3.368671E-02,2.9088470E-01
9.120192E-03,-3.667743E-02,3.0683014E-01
9.123469E-03,-4.122455E-02,3.2445404E-01
9.126746E-03,-4.470355E-02,3.4055206E-01
9.130022E-03,-4.928119E-02,3.5794708E-01
9.133299E-03,-5.224139E-02,3.7343475E-01
9.136576E-03,-5.668170E-02,3.8968536E-01
9.139853E-03,-6.014545E-02,4.0532562E-01
9.143130E-03,-6.540973E-02,4.2188141E-01
9.146406E-03,-6.890399E-02,4.3714020E-01
9.149683E-03,-7.349689E-02,4.5239899E-01
9.152960E-03,-7.676227E-02,4.6758148E-01
9.156237E-03,-8.249957E-02,4.8284027E-01
9.159514E-03,-8.620746E-02,4.9787018E-01
9.162790E-03,-9.141071E-02,5.1251862E-01
9.166067E-03,-9.530170E-02,5.2556488E-01
9.169344E-03,-9.992511E-02,5.4044220E-01
9.172621E-03,-1.044875E-01,5.5417511E-01
9.175898E-03,-1.093245E-01,5.6882355E-01
9.179174E-03,-1.140700E-01,5.8103058E-01
9.182451E-03,-1.188460E-01,5.9453461E-01
9.185728E-03,-1.237136E-01,6.0742828E-01
9.189005E-03,-1.288558E-01,6.2077972E-01
9.192282E-03,-1.326705E-01,6.3352081E-01
9.195558E-03,-1.381026E-01,6.4588043E-01
9.198835E-03,-1.421462E-01,6.5770599E-01
9.202112E-03,-1.468154E-01,6.6983673E-01
9.205389E-03,-1.518050E-01,6.8097565E-01
9.208666E-03,-1.560012E-01,6.9303009E-01
9.211942E-03,-1.604567E-01,7.0394012E-01
9.215219E-03,-1.650496E-01,7.1477386E-01
9.218496E-03,-1.698714E-01,7.2583649E-01
9.221773E-03,-1.746321E-01,7.3598358E-01
9.225050E-03,-1.777449E-01,7.4475739E-01
9.228326E-03,-1.833449E-01,7.5498077E-01
9.231603E-03,-1.873580E-01,7.6398346E-01
9.234880E-03,-1.912947E-01,7.7298615E-01
9.238157E-03,-1.961776E-01,7.8137848E-01
9.241434E-03,-1.998702E-01,7.8999969E-01
9.244710E-03,-2.032119E-01,7.9907867E-01
9.247987E-03,-2.079116E-01,8.0609772E-01
9.251264E-03,-2.119246E-01,8.1319305E-01
9.254541E-03,-2.154799E-01,8.2166168E-01
9.257818E-03,-2.193099E-01,8.2784149E-01
9.261094E-03,-2.227736E-01,8.3539459E-01
9.264371E-03,-2.260237E-01,8.4042999E-01
9.267648E-03,-2.300521E-01,8.4653351E-01
9.270925E-03,-2.329665E-01,8.5149261E-01
9.274202E-03,-2.368575E-01,8.5675690E-01
9.277478E-03,-2.400618E-01,8.6125824E-01
9.280755E-03,-2.427626E-01,8.6606476E-01
9.284032E-03,-2.459517E-01,8.6942169E-01
9.287309E-03,-2.483626E-01,8.7377045E-01
9.290586E-03,-2.515975E-01,8.7705109E-01
9.293862E-03,-2.535353E-01,8.7979767E-01
9.297139E-03,-2.561751E-01,8.8231537E-01
9.300416E-03,-2.581130E-01,8.8483307E-01
9.303693E-03,-2.601119E-01,8.8658783E-01
9.306970E-03,-2.612563E-01,8.8864777E-01
9.310246E-03,-2.640792E-01,8.8918182E-01
9.313523E-03,-2.651778E-01,8.8971588E-01
9.316800E-03,-2.670546E-01,8.9002106E-01
9.320077E-03,-2.680770E-01,8.9009735E-01
9.323354E-03,-2.690688E-01,8.9086029E-01
9.326630E-03,-2.699538E-01,8.9093658E-01
9.329907E-03,-2.705031E-01,8.8918182E-01
9.333184E-03,-2.709151E-01,8.8880035E-01
9.336461E-03,-2.720595E-01,8.8719818E-01
9.339738E-03,-2.721358E-01,8.8536713E-01
9.343014E-03,-2.732497E-01,8.8262054E-01
9.346291E-03,-2.724562E-01,8.8086578E-01
9.349568E-03,-2.734786E-01,8.7720367E-01
9.352845E-03,-2.729445E-01,8.7445709E-01
9.356122E-03,-2.733107E-01,8.6942169E-01
9.359398E-03,-2.727462E-01,8.6621735E-01
9.362675E-03,-2.726088E-01,8.6125824E-01
9.365952E-03,-2.708846E-01,8.5790131E-01
9.369229E-03,-2.708998E-01,8.5202667E-01
9.372506E-03,-2.690535E-01,8.4699127E-01
9.375782E-03,-2.689620E-01,8.3997223E-01
9.379059E-03,-2.672225E-01,8.3516571E-01
9.382336E-03,-2.666579E-01,8.2791779E-01
9.385613E-03,-2.649489E-01,8.2211945E-01
9.388890E-03,-2.636672E-01,8.1365082E-01
9.392166E-03,-2.611037E-01,8.0655548E-01
9.395443E-03,-2.605239E-01,7.9854462E-01
9.398720E-03,-2.571364E-01,7.9114410E-01
9.401997E-03,-2.564803E-01,7.8175995E-01
9.405274E-03,-2.533217E-01,7.7466461E-01
9.408550E-03,-2.522231E-01,7.6505157E-01
9.411827E-03,-2.479964E-01,7.5688812E-01
9.415104E-03,-2.458449E-01,7.4674103E-01
9.418381E-03,-2.422896E-01,7.3728058E-01
9.421658E-03,-2.409011E-01,7.2720978E-01
9.424934E-03,-2.367964E-01,7.1713898E-01
9.428211E-03,-2.350417E-01,7.0516083E-01
9.431488E-03,-2.308150E-01,6.9493744E-01
9.434765E-03,-2.287856E-01,6.8273041E-01
9.438042E-03,-2.237349E-01,6.7151520E-01
9.441318E-03,-2.224532E-01,6.5885040E-01
9.444595E-03,-2.172194E-01,6.4832184E-01
9.447872E-03,-2.147322E-01,6.3466522E-01
9.451149E-03,-2.087508E-01,6.2337372E-01
9.454426E-03,-2.076064E-01,6.0948822E-01
9.457702E-03,-2.017318E-01,5.9689972E-01
9.460979E-03,-1.991683E-01,5.8232758E-01
9.464256E-03,-1.937819E-01,5.7080719E-01
9.467533E-03,-1.911879E-01,5.5692169E-01
9.470810E-03,-1.859389E-01,5.4372284E-01
9.474086E-03,-1.835128E-01,5.2785370E-01
9.477363E-03,-1.767684E-01,5.1587555E-01
9.480640E-03,-1.747542E-01,4.9931976E-01
9.483917E-03,-1.679946E-01,4.8573944E-01
9.487194E-03,-1.663924E-01,4.6979401E-01
9.490470E-03,-1.596022E-01,4.5606110E-01
9.493747E-03,-1.575728E-01,4.3950531E-01
9.497024E-03,-1.516066E-01,4.2493317E-01
9.500301E-03,-1.496230E-01,4.0791962E-01
9.503578E-03,-1.423445E-01,3.9311859E-01
9.506854E-03,-1.395674E-01,3.7671539E-01
9.510131E-03,-1.344557E-01,3.6054108E-01
9.513408E-03,-1.318160E-01,3.4421417E-01
9.516685E-03,-1.260176E-01,3.2735321E-01
9.519962E-03,-1.230727E-01,3.1056854E-01
9.523238E-03,-1.175185E-01,2.9477570E-01
9.526515E-03,-1.149855E-01,2.7684662E-01
9.529792E-03,-1.091414E-01,2.6067230E-01
9.533069E-03,-1.068068E-01,2.4373505E-01
9.536346E-03,-1.006575E-01,2.2702667E-01
9.539622E-03,-9.815509E-02,2.0963165E-01
9.542899E-03,-9.289081E-02,1.9254181E-01
9.546176E-03,-9.063251E-02,1.7415497E-01
9.549453E-03,-8.500201E-02,1.5721771E-01
9.552730E-03,-8.304889E-02,1.4012787E-01
9.556006E-03,-7.776935E-02,1.2296173E-01
9.559283E-03,-7.520587E-02,1.0526154E-01
9.562560E-03,-7.049091E-02,8.7561340E-02
9.565837E-03,-6.742389E-02,7.0395203E-02
9.569114E-03,-6.370074E-02,5.2847595E-02
9.572390E-03,-6.101520E-02,3.5299988E-02
9.575667E-03,-5.631549E-02,1.8362732E-02
9.578944E-03,-5.503375E-02,1.5780640E-03
9.582221E-03,-4.999835E-02,-1.6351013E-02
9.585498E-03,-4.751117E-02,-3.4585266E-02
9.588774E-03,-4.369647E-02,-5.1598816E-02
9.592051E-03,-4.108722E-02,-6.8383484E-02
9.595328E-03,-3.745563E-02,-8.5778503E-02
9.598605E-03,-3.509052E-02,-1.0263947E-01
9.601882E-03,-3.173358E-02,-1.1965302E-01
9.605158E-03,-2.904803E-02,-1.3643768E-01
9.608435E-03,-2.631671E-02,-1.5299347E-01
9.611712E-03,-2.418048E-02,-1.6985443E-01
9.614989E-03,-2.193744E-02,-1.8625763E-01
9.618266E-03,-2.051837E-02,-2.0411041E-01
9.621542E-03,-1.726825E-02,-2.2013214E-01
9.624819E-03,-1.525409E-02,-2.3645905E-01
9.628096E-03,-1.287372E-02,-2.5187042E-01
9.631373E-03,-1.084430E-02,-2.6842621E-01
9.634650E-03,-7.792542E-03,-2.8475311E-01
9.637926E-03,-7.273743E-03,-3.0085114E-01
9.641203E-03,-4.572937E-03,-3.1702545E-01
9.644480E-03,-3.398010E-03,-3.3304718E-01
9.647757E-03,-1.429626E-03,-3.4739044E-01
9.651034E-03,-5.751343E-04,-3.6287811E-01
9.654310E-03,1.484802E-03,-3.7821320E-01
9.657587E-03,2.720764E-03,-3.9316681E-01
9.660864E-03,3.407410E-03,-4.0895966E-01
9.664141E-03,4.704407E-03,-4.2360809E-01
9.667418E-03,6.489685E-03,-4.3764618E-01
9.670694E-03,6.321838E-03,-4.5145538E-01
9.673971E-03,8.473328E-03,-4.6480682E-01
9.677248E-03,8.931091E-03,-4.7937897E-01
9.680525E-03,1.044171E-02,-4.9273041E-01
9.683802E-03,1.065533E-02,-5.0562408E-01
9.687078E-03,1.263898E-02,-5.1928070E-01
9.690355E-03,1.242535E-02,-5.3125885E-01
9.693632E-03,1.369183E-02,-5.4438141E-01
9.696909E-03,1.344769E-02,-5.5613068E-01
9.700186E-03,1.425641E-02,-5.6841400E-01
9.703462E-03,1.447003E-02,-5.7978180E-01
9.706739E-03,1.547711E-02,-5.9168365E-01
9.710016E-03,1.518719E-02,-6.0350922E-01
9.713293E-03,1.654523E-02,-6.1495331E-01
9.716570E-03,1.533978E-02,-6.2502411E-01
9.719846E-03,1.630109E-02,-6.3562897E-01
9.723123E-03,1.611798E-02,-6.4539459E-01
9.726400E-03,1.668256E-02,-6.5569427E-01
9.729677E-03,1.625531E-02,-6.6515472E-01
9.732954E-03,1.646893E-02,-6.7431000E-01
9.736230E-03,1.624005E-02,-6.8323639E-01
9.739507E-03,1.659100E-02,-6.9178131E-01
9.742784E-03,1.688092E-02,-7.0070770E-01
9.746061E-03,1.735394E-02,-7.0871857E-01
9.749338E-03,1.624005E-02,-7.1573761E-01
9.752614E-03,1.654523E-02,-7.2405365E-01
9.755891E-03,1.628583E-02,-7.3114899E-01
9.759168E-03,1.652997E-02,-7.3809174E-01
9.762445E-03,1.610272E-02,-7.4457672E-01
9.765722E-03,1.652997E-02,-7.4930695E-01
9.768998E-03,1.602643E-02,-7.5525787E-01
9.772275E-03,1.617902E-02,-7.6052216E-01
9.775552E-03,1.569073E-02,-7.6563385E-01
9.778829E-03,1.607220E-02,-7.6998260E-01
9.782106E-03,1.561444E-02,-7.7364471E-01
9.785382E-03,1.547711E-02,-7.7814606E-01
9.788659E-03,1.552289E-02,-7.8051117E-01
9.791936E-03,1.515668E-02,-7.8547028E-01
9.795213E-03,1.514142E-02,-7.8798798E-01
9.798490E-03,1.526349E-02,-7.9020050E-01
9.801766E-03,1.575177E-02,-7.9203156E-01
9.805043E-03,1.483624E-02,-7.9409149E-01
9.808320E-03,1.512616E-02,-7.9576996E-01
9.811597E-03,1.477521E-02,-7.9714325E-01
9.814874E-03,1.527875E-02,-7.9744843E-01
9.818150E-03,1.468365E-02,-7.9790619E-01
9.821427E-03,1.442426E-02,-7.9714325E-01
9.824704E-03,1.440900E-02,-7.9828766E-01
9.827981E-03,1.498883E-02,-7.9676178E-01
9.831258E-03,1.320355E-02,-7.9622772E-01
9.834534E-03,1.424115E-02,-7.9409149E-01
9.837811E-03,1.276105E-02,-7.9248932E-01
9.841088E-03,1.454633E-02,-7.9035309E-01
9.844365E-03,1.385968E-02,-7.8829315E-01
9.847642E-03,1.387494E-02,-7.8547028E-01
9.850918E-03,1.314252E-02,-7.8234222E-01
9.854195E-03,1.402753E-02,-7.7868011E-01
9.857472E-03,1.367657E-02,-7.7494171E-01
9.860749E-03,1.376813E-02,-7.7028778E-01
9.864026E-03,1.259320E-02,-7.6632050E-01
9.867302E-03,1.360028E-02,-7.6067474E-01
9.870579E-03,1.221173E-02,-7.5609711E-01
9.873856E-03,1.294415E-02,-7.4991730E-01
9.877133E-03,1.198285E-02,-7.4427155E-01
9.880410E-03,1.268475E-02,-7.3847321E-01
9.883686E-03,1.163190E-02,-7.3290375E-01
9.886963E-03,1.245587E-02,-7.2428253E-01
9.890240E-03,1.120465E-02,-7.1756866E-01
9.893517E-03,1.187604E-02,-7.0917633E-01
9.896794E-03,1.164716E-02,-7.0124176E-01
9.900070E-03,1.247113E-02,-6.9208649E-01
9.903347E-03,1.051801E-02,-6.8483856E-01
9.906624E-03,1.138776E-02,-6.7545441E-01
9.909901E-03,9.526184E-03,-6.6690948E-01
9.913178E-03,1.106732E-02,-6.5653351E-01
9.916454E-03,8.442810E-03,-6.4722565E-01
9.919731E-03,9.724548E-03,-6.3616302E-01
9.923008E-03,7.878235E-03,-6.2654999E-01
9.926285E-03,8.854797E-03,-6.1525848E-01
9.929562E-03,6.291321E-03,-6.0534027E-01
9.932838E-03,7.725647E-03,-5.9374359E-01
9.936115E-03,4.811218E-03,-5.8367279E-01
9.939392E-03,6.276062E-03,-5.7047394E-01
9.942669E-03,3.117493E-03,-5.5834320E-01
9.945946E-03,4.155090E-03,-5.4590729E-01
9.949222E-03,1.332214E-03,-5.3400543E-01
9.952499E-03,3.025940E-03,-5.2019623E-01
9.955776E-03,-4.683228E-04,-5.0844696E-01
9.959053E-03,2.335815E-04,-4.9410370E-01
9.962330E-03,-2.329895E-03,-4.8121002E-01
9.965606E-03,-1.505920E-03,-4.6656158E-01
9.968883E-03,-4.878113E-03,-4.5252350E-01
9.972160E-03,-3.733704E-03,-4.3779877E-01
9.975437E-03,-7.350037E-03,-4.2543915E-01
9.978714E-03,-7.350037E-03,-4.0979889E-01
9.981990E-03,-1.060016E-02,-3.9560822E-01
9.985267E-03,-1.018817E-02,-3.7958649E-01
9.988544E-03,-1.479633E-02,-3.6539581E-01
9.991821E-03,-1.398761E-02,-3.4937408E-01
9.995098E-03,-1.835162E-02,-3.3464935E-01
9.998374E-03,-1.792438E-02,-3.1878021E-01
1.000165E-02,-2.184589E-02,-3.0306366E-01
1.000493E-02,-2.233417E-02,-2.8620270E-01
1.000820E-02,-2.646930E-02,-2.7094391E-01
1.001148E-02,-2.662189E-02,-2.5370148E-01
1.001476E-02,-3.058917E-02,-2.3859528E-01
1.001804E-02,-3.107745E-02,-2.2165802E-01
1.002131E-02,-3.499896E-02,-2.0563629E-01
1.002459E-02,-3.658588E-02,-1.8778351E-01
1.002787E-02,-3.959186E-02,-1.7160919E-01
1.003114E-02,-4.072101E-02,-1.5436676E-01
1.003442E-02,-4.552753E-02,-1.3788727E-01
1.003770E-02,-4.682452E-02,-1.2041595E-01
1.004097E-02,-5.031879E-02,-1.0347870E-01
1.004425E-02,-5.207355E-02,-8.6617737E-02
1.004753E-02,-5.716998E-02,-7.0061951E-02
1.005080E-02,-5.903156E-02,-5.1980286E-02
1.005408E-02,-6.344135E-02,-3.4280090E-02
1.005736E-02,-6.550128E-02,-1.6961365E-02
1.006063E-02,-7.073505E-02,2.8106689E-04
1.006391E-02,-7.306964E-02,1.8667908E-02
1.006719E-02,-7.696063E-02,3.4613342E-02
1.007046E-02,-7.989032E-02,5.3229065E-02
1.007374E-02,-8.410175E-02,6.9937439E-02
1.007702E-02,-8.722980E-02,8.7103577E-02
1.008029E-02,-9.113605E-02,1.0426971E-01
1.008357E-02,-9.426410E-02,1.2212250E-01
1.008685E-02,-9.943683E-02,1.3905975E-01
1.009012E-02,-1.024123E-01,1.5691254E-01
1.009340E-02,-1.070815E-01,1.7346832E-01
1.009668E-02,-1.104384E-01,1.9139740E-01
1.009996E-02,-1.146956E-01,2.0894501E-01
1.010323E-02,-1.183577E-01,2.2649261E-01
1.010651E-02,-1.229811E-01,2.4274323E-01
1.010979E-02,-1.262770E-01,2.5990936E-01
1.011306E-02,-1.315718E-01,2.7631256E-01
1.011634E-02,-1.347914E-01,2.9286835E-01
1.011962E-02,-1.394759E-01,3.1003448E-01
1.012289E-02,-1.431990E-01,3.2742950E-01
1.012617E-02,-1.472121E-01,3.4390900E-01
1.012945E-02,-1.511946E-01,3.5977814E-01
1.013272E-02,-1.562758E-01,3.7595245E-01
1.013600E-02,-1.589461E-01,3.9205048E-01
1.013928E-02,-1.642714E-01,4.0860626E-01
1.014255E-02,-1.687117E-01,4.2424652E-01
1.014583E-02,-1.727553E-01,4.3965790E-01
1.014911E-02,-1.764785E-01,4.5484039E-01
1.015238E-02,-1.811629E-01,4.7025177E-01
1.015566E-02,-1.846419E-01,4.8551056E-01
1.015894E-02,-1.885329E-01,4.9985382E-01
1.016221E-02,-1.914473E-01,5.1488373E-01
1.016549E-02,-1.961776E-01,5.3014252E-01
1.016877E-02,-1.996871E-01,5.4494354E-01
1.017204E-02,-2.038985E-01,5.5814240E-01
1.017532E-02,-2.068129E-01,5.7172272E-01
1.017860E-02,-2.113600E-01,5.8545563E-01
1.018188E-02,-2.139235E-01,5.9812042E-01
1.018515E-02,-2.175856E-01,6.1070892E-01
1.018843E-02,-2.208358E-01,6.2360260E-01
1.019171E-02,-2.241469E-01,6.3687775E-01
1.019498E-02,-2.277632E-01,6.4923737E-01
1.019826E-02,-2.320052E-01,6.6129181E-01
1.020154E-02,-2.337142E-01,6.7296478E-01
1.020481E-02,-2.372542E-01,6.8547699E-01
1.020809E-02,-2.398024E-01,6.9562408E-01
1.021137E-02,-2.428694E-01,7.0722076E-01
1.021464E-02,-2.447921E-01,7.1835968E-01
1.021792E-02,-2.479354E-01,7.2827789E-01
1.022120E-02,-2.501784E-01,7.3926422E-01
1.022447E-02,-2.531081E-01,7.4895355E-01
1.022775E-02,-2.549086E-01,7.5810883E-01
1.023103E-02,-2.567702E-01,7.6833221E-01
1.023430E-02,-2.586165E-01,7.7649567E-01
1.023758E-02,-2.602034E-01,7.8603241E-01
1.024086E-02,-2.626448E-01,7.9328033E-01
1.024413E-02,-2.629805E-01,8.0190155E-01
1.024741E-02,-2.650862E-01,8.0991241E-01
1.025069E-02,-2.662764E-01,8.1769440E-01
1.025396E-02,-2.676497E-01,8.2440826E-01
1.025724E-02,-2.683974E-01,8.3211395E-01
1.026052E-02,-2.688399E-01,8.3775970E-01
1.026380E-02,-2.695266E-01,8.4432098E-01
1.026707E-02,-2.700606E-01,8.5042450E-01
1.027035E-02,-2.704879E-01,8.5591766E-01
1.027363E-02,-2.712966E-01,8.6064789E-01
1.027690E-02,-2.716933E-01,8.6560699E-01
1.028018E-02,-2.711135E-01,8.7003204E-01
1.028346E-02,-2.712966E-01,8.7491486E-01
1.028673E-02,-2.709151E-01,8.7842438E-01
1.029001E-02,-2.704573E-01,8.8223907E-01
1.029329E-02,-2.700606E-01,8.8399384E-01
1.029656E-02,-2.696486E-01,8.8750336E-01
1.029984E-02,-2.686873E-01,8.8925812E-01
1.030312E-02,-2.678023E-01,8.9169952E-01
1.030639E-02,-2.667189E-01,8.9314911E-01
1.030967E-02,-2.651473E-01,8.9459869E-01
1.031295E-02,-2.639876E-01,8.9513275E-01
1.031622E-02,-2.621718E-01,8.9520905E-01
1.031950E-02,-2.614547E-01,8.9482758E-01
1.032278E-02,-2.581435E-01,8.9642975E-01
1.032605E-02,-2.569228E-01,8.9520905E-01
1.032933E-02,-2.542220E-01,8.9520905E-01
1.033261E-02,-2.529555E-01,8.9368317E-01
1.033588E-02,-2.503615E-01,8.9307281E-01
1.033916E-02,-2.487746E-01,8.8986847E-01
1.034244E-02,-2.442122E-01,8.8796112E-01
1.034572E-02,-2.422438E-01,8.8628265E-01
1.034899E-02,-2.386885E-01,8.8246796E-01
1.035227E-02,-2.361708E-01,8.7842438E-01
1.035555E-02,-2.330886E-01,8.7583038E-01
1.035882E-02,-2.303725E-01,8.7117645E-01
1.036210E-02,-2.255507E-01,8.6766693E-01
1.036538E-02,-2.236586E-01,8.6156342E-01
1.036865E-02,-2.187911E-01,8.5744354E-01
1.037193E-02,-2.163802E-01,8.5088226E-01
1.037521E-02,-2.114669E-01,8.4599945E-01
1.037848E-02,-2.081862E-01,8.3943817E-01
1.038176E-02,-2.027388E-01,8.3356354E-01
1.038504E-02,-1.995955E-01,8.2578156E-01
1.038831E-02,-1.947585E-01,8.1960175E-01
1.039159E-02,-1.919966E-01,8.1136200E-01
1.039487E-02,-1.858626E-01,8.0388519E-01
1.039814E-02,-1.830855E-01,7.9495880E-01
1.040142E-02,-1.772567E-01,7.8755829E-01
1.040470E-02,-1.741591E-01,7.7786896E-01
1.040797E-02,-1.675978E-01,7.7046844E-01
1.041125E-02,-1.651564E-01,7.6039764E-01
1.041453E-02,-1.588546E-01,7.5131866E-01
1.041780E-02,-1.553145E-01,7.4071381E-01
1.042108E-02,-1.492415E-01,7.3178741E-01
1.042436E-02,-1.458693E-01,7.2087738E-01
1.042764E-02,-1.395980E-01,7.1088287E-01
1.043091E-02,-1.367141E-01,6.9798920E-01
1.043419E-02,-1.300765E-01,6.8761322E-01
1.043747E-02,-1.266738E-01,6.7441437E-01
1.044074E-02,-1.209822E-01,6.6396210E-01
1.044402E-02,-1.174575E-01,6.5038177E-01
1.044730E-02,-1.112624E-01,6.3901398E-01
1.045057E-02,-1.081343E-01,6.2619659E-01
1.045385E-02,-1.023055E-01,6.1376068E-01
1.045713E-02,-9.911639E-02,6.0025665E-01
1.046040E-02,-9.218890E-02,5.8759186E-01
1.046368E-02,-8.974750E-02,5.7370636E-01
1.046696E-02,-8.269794E-02,5.6127045E-01
1.047023E-02,-8.002765E-02,5.4631683E-01
1.047351E-02,-7.360370E-02,5.3250763E-01
1.047679E-02,-7.087238E-02,5.1648590E-01
1.048006E-02,-6.461627E-02,5.0298187E-01
1.048334E-02,-6.229694E-02,4.8650238E-01
1.048662E-02,-5.553729E-02,4.7238800E-01
1.048989E-02,-5.362994E-02,4.5636627E-01
1.049317E-02,-4.677875E-02,4.4232819E-01
1.049645E-02,-4.514606E-02,4.2577240E-01
1.049972E-02,-3.950031E-02,4.1043732E-01
1.050300E-02,-3.681476E-02,3.9464447E-01
1.050628E-02,-3.101642E-02,3.7839386E-01
1.050956E-02,-2.892596E-02,3.6168549E-01
1.051283E-02,-2.302081E-02,3.4551117E-01
1.051611E-02,-2.091510E-02,3.2910797E-01
1.051939E-02,-1.581866E-02,3.1285736E-01
1.052266E-02,-1.417072E-02,2.9576752E-01
1.052594E-02,-9.120056E-03,2.7997467E-01
1.052922E-02,-6.541321E-03,2.6181671E-01
1.053249E-02,-2.055237E-03,2.4533722E-01
1.053577E-02,-3.920288E-04,2.2725555E-01
1.053905E-02,3.209045E-03,2.1077606E-01
1.054232E-02,5.085876E-03,1.9307587E-01
1.054560E-02,9.694031E-03,1.7720673E-01
1.054888E-02,1.132672E-02,1.5859100E-01
1.055215E-02,1.427167E-02,1.4249298E-01
1.055543E-02,1.662152E-02,1.2494537E-01
1.055871E-02,1.964276E-02,1.0732147E-01
1.056198E-02,2.112286E-02,8.8324280E-02
1.056526E-02,2.379315E-02,7.2149963E-02
1.056854E-02,2.580731E-02,5.3839417E-02
1.057181E-02,2.892010E-02,3.6596985E-02
1.057509E-02,2.957623E-02,1.8973083E-02
1.057837E-02,3.169720E-02,2.4172974E-03
1.058164E-02,3.322308E-02,-1.5893250E-02
1.058492E-02,3.481000E-02,-3.3135681E-02
1.058820E-02,3.601544E-02,-5.0606995E-02
1.059148E-02,3.784650E-02,-6.7620544E-02
1.059475E-02,3.839581E-02,-8.5091858E-02
1.059803E-02,4.019635E-02,-1.0218170E-01
1.060131E-02,4.153912E-02,-1.1911896E-01
1.060458E-02,4.253094E-02,-1.3620880E-01
1.060786E-02,4.256146E-02,-1.5390900E-01
1.061114E-02,4.353802E-02,-1.7107513E-01
1.061441E-02,4.391949E-02,-1.8717316E-01
1.061769E-02,4.536908E-02,-2.0334747E-01
1.062097E-02,4.494183E-02,-2.2005585E-01
1.062424E-02,4.619305E-02,-2.3691681E-01
1.062752E-02,4.543011E-02,-2.5309113E-01
