in s,C1 in V,C2 in V
8.240739E-02,7.5607300E-03,3.7247467E-01
8.241066E-02,-1.5182495E-03,3.3669281E-01
8.241394E-02,-9.6817017E-03,3.0113983E-01
8.241722E-02,-1.6242981E-02,2.6535797E-01
8.242049E-02,-2.3796082E-02,2.2873688E-01
8.242377E-02,-3.1044006E-02,1.9287872E-01
8.242705E-02,-3.8291931E-02,1.5854645E-01
8.243032E-02,-4.5387268E-02,1.2177277E-01
8.243360E-02,-5.0270081E-02,8.5762024E-02
8.243688E-02,-5.8357239E-02,5.0285339E-02
8.244015E-02,-6.4384460E-02,1.4656067E-02
8.244343E-02,-6.8733215E-02,-2.0057678E-02
8.244671E-02,-7.4073792E-02,-5.5305481E-02
8.244998E-02,-7.8804016E-02,-8.9790344E-02
8.245326E-02,-8.2695007E-02,-1.2442780E-01
8.245654E-02,-8.7425232E-02,-1.5914154E-01
8.245981E-02,-9.1773987E-02,-1.9217682E-01
8.246309E-02,-9.4749451E-02,-2.2605133E-01
8.246637E-02,-9.7801208E-02,-2.6053619E-01
8.246964E-02,-1.0138702E-01,-2.9334259E-01
8.247292E-02,-1.0413361E-01,-3.2668304E-01
8.247620E-02,-1.0665131E-01,-3.5819244E-01
8.247948E-02,-1.0863495E-01,-3.9054108E-01
8.248275E-02,-1.1038971E-01,-4.2243195E-01
8.248603E-02,-1.1244965E-01,-4.5355988E-01
8.248931E-02,-1.1397552E-01,-4.8445892E-01
8.249258E-02,-1.1504364E-01,-5.1497650E-01
8.249586E-02,-1.1428070E-01,-5.4488373E-01
8.249914E-02,-1.1618805E-01,-5.7547760E-01
8.250241E-02,-1.1687469E-01,-6.0561371E-01
8.250569E-02,-1.1702728E-01,-6.3368988E-01
8.250897E-02,-1.1557770E-01,-6.6268158E-01
8.251224E-02,-1.1511993E-01,-6.9182587E-01
8.251552E-02,-1.1466217E-01,-7.1829987E-01
8.251880E-02,-1.1290741E-01,-7.4652863E-01
8.252207E-02,-1.1252594E-01,-7.7315521E-01
8.252535E-02,-1.1092377E-01,-7.9901886E-01
8.252863E-02,-1.0985565E-01,-8.2442474E-01
8.253190E-02,-1.0794830E-01,-8.4952545E-01
8.253518E-02,-1.0680389E-01,-8.7477875E-01
8.253846E-02,-1.0443878E-01,-8.9888763E-01
8.254173E-02,-1.0245514E-01,-9.2284393E-01
8.254501E-02,-1.0031891E-01,-9.4588470E-01
8.254829E-02,-9.7648621E-02,-9.6831512E-01
8.255156E-02,-9.6199036E-02,-9.9089813E-01
8.255484E-02,-9.4596863E-02,-1.0114975E+00
8.255812E-02,-9.2536926E-02,-1.0327072E+00
8.256140E-02,-8.9332581E-02,-1.0519333E+00
8.256467E-02,-8.6967468E-02,-1.0710068E+00
8.256795E-02,-8.4220886E-02,-1.0896988E+00
8.257123E-02,-8.2923889E-02,-1.1083908E+00
8.257450E-02,-8.0711365E-02,-1.1265488E+00
8.257778E-02,-7.9261780E-02,-1.1429520E+00
8.258106E-02,-7.6591492E-02,-1.1586685E+00
8.258433E-02,-7.3539734E-02,-1.1740036E+00
8.258761E-02,-7.0793152E-02,-1.1889572E+00
8.259089E-02,-6.8885803E-02,-1.2034531E+00
8.259416E-02,-6.7054749E-02,-1.2163467E+00
8.259744E-02,-6.4384460E-02,-1.2284775E+00
8.260072E-02,-6.1027527E-02,-1.2399216E+00
8.260399E-02,-6.0188293E-02,-1.2505264E+00
8.260727E-02,-5.9272766E-02,-1.2617416E+00
8.261055E-02,-5.6068420E-02,-1.2702866E+00
8.261382E-02,-5.4847717E-02,-1.2793655E+00
8.261710E-02,-5.3703308E-02,-1.2879105E+00
8.262038E-02,-5.1490784E-02,-1.2947006E+00
8.262365E-02,-5.0804138E-02,-1.3028641E+00
8.262693E-02,-4.9125671E-02,-1.3088150E+00
8.263021E-02,-4.9201965E-02,-1.3131638E+00
8.263348E-02,-4.7523499E-02,-1.3175125E+00
8.263676E-02,-4.6150208E-02,-1.3214798E+00
8.264004E-02,-4.4929504E-02,-1.3240738E+00
8.264332E-02,-4.5310974E-02,-1.3264389E+00
8.264659E-02,-4.5158386E-02,-1.3288040E+00
8.264987E-02,-4.4624329E-02,-1.3288040E+00
8.265315E-02,-4.4166565E-02,-1.3293381E+00
8.265642E-02,-4.3556213E-02,-1.3282700E+00
8.265970E-02,-4.4395447E-02,-1.3258286E+00
8.266298E-02,-4.4853210E-02,-1.3233871E+00
8.266625E-02,-4.4853210E-02,-1.3210220E+00
8.266953E-02,-4.5997620E-02,-1.3172073E+00
8.267281E-02,-4.5997620E-02,-1.3122482E+00
8.267608E-02,-4.7523499E-02,-1.3066025E+00
8.267936E-02,-4.9659729E-02,-1.3016434E+00
8.268264E-02,-5.0346375E-02,-1.2943954E+00
8.268591E-02,-5.1185608E-02,-1.2875290E+00
8.268919E-02,-5.2711487E-02,-1.2788315E+00
8.269247E-02,-5.5076599E-02,-1.2695236E+00
8.269574E-02,-5.7136536E-02,-1.2594528E+00
8.269902E-02,-5.9120178E-02,-1.2498398E+00
8.270230E-02,-6.0798645E-02,-1.2386246E+00
8.270557E-02,-6.1485291E-02,-1.2268753E+00
8.270885E-02,-6.3697815E-02,-1.2137527E+00
8.271213E-02,-6.6291809E-02,-1.2007828E+00
8.271540E-02,-6.9419861E-02,-1.1868973E+00
8.271868E-02,-7.1327209E-02,-1.1720200E+00
8.272196E-02,-7.4607849E-02,-1.1557693E+00
8.272524E-02,-7.6286316E-02,-1.1402817E+00
8.272851E-02,-7.8422546E-02,-1.1235733E+00
8.273179E-02,-8.2237244E-02,-1.1054916E+00
8.273507E-02,-8.3534241E-02,-1.0873337E+00
8.273834E-02,-8.6280823E-02,-1.0685654E+00
8.274162E-02,-8.9027405E-02,-1.0497971E+00
8.274490E-02,-9.1163635E-02,-1.0306473E+00
8.274817E-02,-9.4749451E-02,-1.0099716E+00
8.275145E-02,-9.6656799E-02,-9.8746490E-01
8.275473E-02,-9.9784851E-02,-9.6625519E-01
8.275800E-02,-1.0070038E-01,-9.4329071E-01
8.276128E-02,-1.0398102E-01,-9.2002106E-01
8.276456E-02,-1.0611725E-01,-8.9698029E-01
8.276783E-02,-1.0863495E-01,-8.7226105E-01
8.277111E-02,-1.0962677E-01,-8.4731293E-01
8.277439E-02,-1.1168671E-01,-8.2190704E-01
8.277766E-02,-1.1420441E-01,-7.9535675E-01
8.278094E-02,-1.1634064E-01,-7.6873016E-01
8.278422E-02,-1.1695099E-01,-7.4233246E-01
8.278749E-02,-1.1878204E-01,-7.1417999E-01
8.279077E-02,-1.1992645E-01,-6.8701935E-01
8.279405E-02,-1.2137604E-01,-6.5970612E-01
8.279732E-02,-1.2305450E-01,-6.3056183E-01
8.280060E-02,-1.2358856E-01,-6.0164642E-01
8.280388E-02,-1.2358856E-01,-5.7196808E-01
8.280716E-02,-1.2335968E-01,-5.4175568E-01
8.281043E-02,-1.2358856E-01,-5.1139069E-01
8.281371E-02,-1.2328339E-01,-4.8018646E-01
8.281699E-02,-1.2252045E-01,-4.4989777E-01
8.282026E-02,-1.2206268E-01,-4.1869354E-01
8.282354E-02,-1.2053680E-01,-3.8649750E-01
8.282682E-02,-1.2091827E-01,-3.5361481E-01
8.283009E-02,-1.1931610E-01,-3.2118988E-01
8.283337E-02,-1.1771393E-01,-2.8891754E-01
8.283665E-02,-1.1542511E-01,-2.5626373E-01
8.283992E-02,-1.1290741E-01,-2.2208405E-01
8.284320E-02,-1.1061859E-01,-1.8752289E-01
8.284648E-02,-1.0749054E-01,-1.5334320E-01
8.284975E-02,-1.0382843E-01,-1.1908722E-01
8.285303E-02,-1.0024261E-01,-8.4754944E-02
8.285631E-02,-9.6046448E-02,-4.9812317E-02
8.285958E-02,-9.2994690E-02,-1.5098572E-02
8.286286E-02,-8.7806702E-02,2.0378113E-02
8.286614E-02,-8.2618713E-02,5.6465149E-02
8.286941E-02,-7.8422546E-02,9.1026306E-02
8.287269E-02,-7.2624207E-02,1.2779999E-01
8.287597E-02,-6.7588806E-02,1.6396332E-01
8.287924E-02,-6.0340881E-02,1.9913483E-01
8.288252E-02,-5.3703308E-02,2.3560333E-01
8.288580E-02,-4.7142029E-02,2.7169037E-01
8.288908E-02,-3.9817810E-02,3.0777740E-01
8.289235E-02,-3.3180237E-02,3.4287262E-01
8.289563E-02,-2.5779724E-02,3.7743378E-01
8.289891E-02,-1.7921448E-02,4.1451263E-01
8.290218E-02,-9.4528198E-03,4.4991302E-01
8.290546E-02,-6.7901611E-04,4.8561859E-01
8.290874E-02,8.0184937E-03,5.2071381E-01
8.291201E-02,1.7860413E-02,5.5664825E-01
8.291529E-02,2.6710510E-02,5.9029388E-01
8.291857E-02,3.6857605E-02,6.2439728E-01
8.292184E-02,4.6318054E-02,6.5979767E-01
8.292512E-02,5.8219910E-02,6.9512177E-01
8.292840E-02,6.7985535E-02,7.3014069E-01
8.293167E-02,7.8437805E-02,7.6538849E-01
8.293495E-02,8.9500427E-02,8.0071259E-01
8.293823E-02,1.0117340E-01,8.3481598E-01
8.294150E-02,1.1154938E-01,8.7052155E-01
8.294478E-02,1.2413788E-01,9.0523529E-01
8.294806E-02,1.3687897E-01,9.3972015E-01
8.295133E-02,1.4900970E-01,9.7321320E-01
8.295461E-02,1.6030121E-01,1.0080795E+00
8.295789E-02,1.7250824E-01,1.0426407E+00
8.296116E-02,1.8463898E-01,1.0758286E+00
8.296444E-02,1.9783783E-01,1.1093216E+00
8.296772E-02,2.1065521E-01,1.1412125E+00
8.297100E-02,2.2240448E-01,1.1738663E+00
8.297427E-02,2.3674774E-01,1.2059860E+00
8.297755E-02,2.4880219E-01,1.2381821E+00
8.298083E-02,2.6093292E-01,1.2703781E+00
8.298410E-02,2.7527618E-01,1.3012009E+00
8.298738E-02,2.8733063E-01,1.3316422E+00
8.299066E-02,2.9907990E-01,1.3623886E+00
8.299393E-02,3.1296539E-01,1.3932877E+00
8.299721E-02,3.2570648E-01,1.4221268E+00
8.300049E-02,3.3867645E-01,1.4515762E+00
8.300376E-02,3.5187531E-01,1.4801102E+00
8.300704E-02,3.6469269E-01,1.5086441E+00
8.301032E-02,3.7659454E-01,1.5354996E+00
8.301359E-02,3.8925934E-01,1.5628891E+00
8.301687E-02,4.0100861E-01,1.5898972E+00
8.302015E-02,4.1321564E-01,1.6171341E+00
8.302342E-02,4.2511749E-01,1.6430740E+00
8.302670E-02,4.3656158E-01,1.6691666E+00
8.302998E-02,4.4770050E-01,1.6946487E+00
8.303325E-02,4.5868683E-01,1.7195969E+00
8.303653E-02,4.7028351E-01,1.7434769E+00
8.303981E-02,4.8104095E-01,1.7658310E+00
8.304308E-02,4.9156952E-01,1.7884903E+00
8.304636E-02,5.0217438E-01,1.8113022E+00
8.304964E-02,5.1194000E-01,1.8331223E+00
8.305292E-02,5.2201080E-01,1.8538742E+00
8.305619E-02,5.3055573E-01,1.8743210E+00
8.305947E-02,5.3948212E-01,1.8944626E+00
8.306275E-02,5.4863739E-01,1.9135361E+00
8.306602E-02,5.5588531E-01,1.9333725E+00
8.306930E-02,5.6511688E-01,1.9506149E+00
8.307258E-02,5.7175446E-01,1.9683151E+00
8.307585E-02,5.7839203E-01,1.9851761E+00
8.307913E-02,5.8670807E-01,2.0014267E+00
8.308241E-02,5.9342194E-01,2.0164566E+00
8.308568E-02,5.9799957E-01,2.0312576E+00
8.308896E-02,6.0395050E-01,2.0452957E+00
8.309224E-02,6.0913849E-01,2.0578842E+00
8.309551E-02,6.1470795E-01,2.0697861E+00
8.309879E-02,6.1753082E-01,2.0822220E+00
8.310207E-02,6.2119293E-01,2.0935898E+00
8.310534E-02,6.2432098E-01,2.1038895E+00
8.310862E-02,6.2798309E-01,2.1140366E+00
8.311190E-02,6.3080597E-01,2.1224289E+00
8.311517E-02,6.3225555E-01,2.1312027E+00
8.311845E-02,6.3401031E-01,2.1392136E+00
8.312173E-02,6.3355255E-01,2.1457748E+00
8.312500E-02,6.3393402E-01,2.1518784E+00
8.312828E-02,6.3332367E-01,2.1570663E+00
8.313156E-02,6.3256073E-01,2.1608047E+00
8.313484E-02,6.3141632E-01,2.1659927E+00
8.313811E-02,6.3034821E-01,2.1692734E+00
8.314139E-02,6.2874603E-01,2.1713333E+00
8.314467E-02,6.2462616E-01,2.1733932E+00
8.314794E-02,6.2187958E-01,2.1752243E+00
8.315122E-02,6.1882782E-01,2.1763687E+00
8.315450E-02,6.1386871E-01,2.1749191E+00
8.315777E-02,6.0944366E-01,2.1738510E+00
8.316105E-02,6.0341644E-01,2.1712570E+00
8.316433E-02,5.9777069E-01,2.1682053E+00
8.316760E-02,5.9136200E-01,2.1654587E+00
8.317088E-02,5.8495331E-01,2.1619492E+00
8.317416E-02,5.7900238E-01,2.1566086E+00
8.317743E-02,5.7099152E-01,2.1510391E+00
8.318071E-02,5.6328583E-01,2.1451645E+00
8.318399E-02,5.5542755E-01,2.1385269E+00
8.318726E-02,5.4657745E-01,2.1305161E+00
8.319054E-02,5.3719330E-01,2.1219711E+00
8.319382E-02,5.2811432E-01,2.1128922E+00
8.319709E-02,5.1865387E-01,2.1022110E+00
8.320037E-02,5.0888824E-01,2.0919113E+00
8.320365E-02,4.9919891E-01,2.0808487E+00
8.320692E-02,4.8836517E-01,2.0687943E+00
8.321020E-02,4.7669220E-01,2.0572739E+00
8.321348E-02,4.6425629E-01,2.0437698E+00
8.321676E-02,4.5365143E-01,2.0301895E+00
8.322003E-02,4.4083405E-01,2.0151596E+00
8.322331E-02,4.2862701E-01,1.9999008E+00
8.322659E-02,4.1687775E-01,1.9838791E+00
8.322986E-02,4.0245819E-01,1.9661789E+00
8.323314E-02,3.8925934E-01,1.9482498E+00
8.323642E-02,3.7674713E-01,1.9306259E+00
8.323969E-02,3.6370087E-01,1.9116287E+00
8.324297E-02,3.5027313E-01,1.8929367E+00
8.324625E-02,3.3623505E-01,1.8727188E+00
8.324952E-02,3.2250214E-01,1.8522720E+00
8.325280E-02,3.0777740E-01,1.8311386E+00
8.325608E-02,2.9366302E-01,1.8096237E+00
8.325935E-02,2.7870941E-01,1.7866592E+00
8.326263E-02,2.6589203E-01,1.7645340E+00
8.326591E-02,2.5193024E-01,1.7412643E+00
8.326918E-02,2.3789215E-01,1.7173843E+00
8.327246E-02,2.2362518E-01,1.6934280E+00
8.327574E-02,2.0958710E-01,1.6680222E+00
8.327901E-02,1.9554901E-01,1.6423111E+00
8.328229E-02,1.8029022E-01,1.6159134E+00
8.328557E-02,1.6594696E-01,1.5890579E+00
8.328884E-02,1.5206146E-01,1.5618210E+00
8.329212E-02,1.3809967E-01,1.5338974E+00
8.329540E-02,1.2520599E-01,1.5066605E+00
8.329868E-02,1.1063385E-01,1.4785843E+00
8.330195E-02,9.7358704E-02,1.4504318E+00
8.330523E-02,8.3168030E-02,1.4213638E+00
8.330851E-02,7.0350647E-02,1.3917618E+00
8.331178E-02,5.7991028E-02,1.3619308E+00
8.331506E-02,4.3571472E-02,1.3308792E+00
8.331834E-02,2.9914856E-02,1.3012772E+00
8.332161E-02,1.7707825E-02,1.2693863E+00
8.332489E-02,5.8822632E-03,1.2381058E+00
8.332817E-02,-6.0195923E-03,1.2060623E+00
8.333144E-02,-1.8455505E-02,1.1742477E+00
8.333472E-02,-2.8450012E-02,1.1413651E+00
8.333800E-02,-3.9894104E-02,1.1090927E+00
8.334127E-02,-4.9964905E-02,1.0746841E+00
8.334455E-02,-6.2095642E-02,1.0417252E+00
8.334783E-02,-7.1098328E-02,1.0082321E+00
8.335110E-02,-8.1626892E-02,9.7290802E-01
8.335438E-02,-9.0324402E-02,9.3827057E-01
8.335766E-02,-9.9403381E-02,9.0393829E-01
8.336093E-02,-1.0962677E-01,8.7021637E-01
8.336421E-02,-1.1756134E-01,8.3535004E-01
8.336749E-02,-1.2595367E-01,8.0033112E-01
8.337076E-02,-1.3289642E-01,7.6554108E-01
8.337404E-02,-1.4136505E-01,7.2930145E-01
8.337732E-02,-1.4929962E-01,6.9412994E-01
8.338060E-02,-1.5608978E-01,6.5895844E-01
8.338387E-02,-1.6196442E-01,6.2371063E-01
8.338715E-02,-1.6799164E-01,5.9090424E-01
8.339043E-02,-1.7447662E-01,5.5603790E-01
8.339370E-02,-1.7951202E-01,5.2155304E-01
8.339698E-02,-1.8393707E-01,4.8577118E-01
8.340026E-02,-1.8981171E-01,4.5006561E-01
8.340353E-02,-1.9370270E-01,4.1504669E-01
8.340681E-02,-1.9728851E-01,3.7827301E-01
8.341009E-02,-2.0217133E-01,3.4294891E-01
8.341336E-02,-2.0438385E-01,3.0709076E-01
8.341664E-02,-2.0667267E-01,2.7085114E-01
8.341992E-02,-2.0934296E-01,2.3522186E-01
8.342319E-02,-2.1117401E-01,1.9989777E-01
8.342647E-02,-2.1346283E-01,1.6381073E-01
8.342975E-02,-2.1613312E-01,1.2726593E-01
8.343302E-02,-2.1590424E-01,9.1102600E-02
8.343630E-02,-2.1666718E-01,5.5702209E-02
8.343958E-02,-2.1796417E-01,2.0149231E-02
8.344285E-02,-2.1758270E-01,-1.5251160E-02
8.344613E-02,-2.1788788E-01,-5.0193787E-02
8.344941E-02,-2.1720123E-01,-8.4678650E-02
8.345268E-02,-2.1743011E-01,-1.1923981E-01
8.345596E-02,-2.1491241E-01,-1.5341949E-01
8.345924E-02,-2.1407318E-01,-1.8775177E-01
8.346252E-02,-2.1269989E-01,-2.2116852E-01
8.346579E-02,-2.1079254E-01,-2.5435638E-01
8.346907E-02,-2.0903778E-01,-2.8800201E-01
8.347235E-02,-2.0713043E-01,-3.2027435E-01
8.347562E-02,-2.0522308E-01,-3.5292816E-01
8.347890E-02,-2.0178986E-01,-3.8581085E-01
8.348218E-02,-2.0003510E-01,-4.1747284E-01
8.348545E-02,-1.9751740E-01,-4.4921112E-01
8.348873E-02,-1.9385529E-01,-4.7949982E-01
8.349201E-02,-1.9110870E-01,-5.1032257E-01
8.349528E-02,-1.8675995E-01,-5.4122162E-01
8.349856E-02,-1.8325043E-01,-5.7082367E-01
8.350184E-02,-1.7920685E-01,-6.0103607E-01
8.350511E-02,-1.7516327E-01,-6.3002777E-01
8.350839E-02,-1.7150116E-01,-6.5856171E-01
8.351167E-02,-1.6783905E-01,-6.8671417E-01
8.351494E-02,-1.6349030E-01,-7.1440887E-01
8.351822E-02,-1.5876007E-01,-7.4156952E-01
8.352150E-02,-1.5425873E-01,-7.6796722E-01
8.352477E-02,-1.5044403E-01,-7.9428864E-01
8.352805E-02,-1.4563751E-01,-8.2083893E-01
8.353133E-02,-1.4121246E-01,-8.4685516E-01
8.353460E-02,-1.3762665E-01,-8.7157440E-01
8.353788E-02,-1.3373566E-01,-8.9621735E-01
8.354116E-02,-1.2915802E-01,-9.1941071E-01
8.354444E-02,-1.2412262E-01,-9.4252777E-01
8.354771E-02,-1.2015533E-01,-9.6411896E-01
8.355099E-02,-1.1626434E-01,-9.8632050E-01
8.355427E-02,-1.1183929E-01,-1.0076065E+00
8.355754E-02,-1.0832977E-01,-1.0282822E+00
8.356082E-02,-1.0405731E-01,-1.0483475E+00
8.356410E-02,-1.0024261E-01,-1.0667343E+00
8.356737E-02,-9.6656799E-02,-1.0861130E+00
8.357065E-02,-9.2231750E-02,-1.1055679E+00
8.357393E-02,-8.8951111E-02,-1.1233444E+00
8.357720E-02,-8.5899353E-02,-1.1394424E+00
8.358048E-02,-8.3534241E-02,-1.1559219E+00
8.358376E-02,-7.9719543E-02,-1.1705704E+00
8.358703E-02,-7.6438904E-02,-1.1856766E+00
8.359031E-02,-7.3005676E-02,-1.1998672E+00
8.359359E-02,-7.0182800E-02,-1.2132950E+00
8.359686E-02,-6.7741394E-02,-1.2256546E+00
8.360014E-02,-6.5681458E-02,-1.2377090E+00
8.360342E-02,-6.3163757E-02,-1.2488480E+00
8.360669E-02,-6.1180115E-02,-1.2585373E+00
8.360997E-02,-5.8815002E-02,-1.2686081E+00
8.361325E-02,-5.7136536E-02,-1.2779160E+00
8.361652E-02,-5.5305481E-02,-1.2863846E+00
8.361980E-02,-5.2940369E-02,-1.2936325E+00
8.362308E-02,-5.1795959E-02,-1.3017960E+00
8.362636E-02,-5.0880432E-02,-1.3072891E+00
8.362963E-02,-5.0193787E-02,-1.3130112E+00
8.363291E-02,-4.9888611E-02,-1.3167496E+00
8.363619E-02,-4.8896790E-02,-1.3206406E+00
8.363946E-02,-4.8515320E-02,-1.3227768E+00
8.364274E-02,-4.7447205E-02,-1.3261337E+00
8.364602E-02,-4.7447205E-02,-1.3279648E+00
8.364929E-02,-4.6836853E-02,-1.3280411E+00
8.365257E-02,-4.6913147E-02,-1.3291092E+00
8.365585E-02,-4.7370911E-02,-1.3278122E+00
8.365912E-02,-4.7065735E-02,-1.3267441E+00
8.366240E-02,-4.8210144E-02,-1.3235397E+00
8.366568E-02,-4.8362732E-02,-1.3210220E+00
8.366895E-02,-4.8133850E-02,-1.3177414E+00
8.367223E-02,-4.8286438E-02,-1.3135452E+00
8.367551E-02,-4.9125671E-02,-1.3079758E+00
8.367878E-02,-5.0270081E-02,-1.3021774E+00
8.368206E-02,-5.1872253E-02,-1.2950821E+00
8.368534E-02,-5.2787781E-02,-1.2874527E+00
8.368861E-02,-5.3550720E-02,-1.2794418E+00
8.369189E-02,-5.3703308E-02,-1.2703629E+00
8.369517E-02,-5.5534363E-02,-1.2605209E+00
8.369844E-02,-5.6221008E-02,-1.2502975E+00
8.370172E-02,-5.6449890E-02,-1.2393112E+00
8.370500E-02,-5.6983948E-02,-1.2271805E+00
8.370828E-02,-5.9043884E-02,-1.2149734E+00
8.371155E-02,-6.0264587E-02,-1.2023087E+00
8.371483E-02,-6.0493469E-02,-1.1882706E+00
8.371811E-02,-6.1714172E-02,-1.1734695E+00
8.372138E-02,-6.2934875E-02,-1.1573715E+00
8.372466E-02,-6.3163757E-02,-1.1421890E+00
8.372794E-02,-6.4918518E-02,-1.1256332E+00
8.373121E-02,-6.5986633E-02,-1.1084671E+00
8.373449E-02,-6.6368103E-02,-1.0897751E+00
8.373777E-02,-6.7741394E-02,-1.0721512E+00
8.374104E-02,-6.8046570E-02,-1.0530014E+00
8.374432E-02,-6.8199158E-02,-1.0327835E+00
8.374760E-02,-6.8275452E-02,-1.0132523E+00
8.375087E-02,-6.7665100E-02,-9.9074554E-01
8.375415E-02,-6.8428040E-02,-9.6930695E-01
8.375743E-02,-6.8428040E-02,-9.4641876E-01
8.376070E-02,-6.7436218E-02,-9.2398834E-01
8.376398E-02,-6.6596985E-02,-9.0125275E-01
8.376726E-02,-6.5910339E-02,-8.7660980E-01
8.377053E-02,-6.4842224E-02,-8.5181427E-01
8.377381E-02,-6.4002991E-02,-8.2671356E-01
8.377709E-02,-6.2019348E-02,-8.0138397E-01
8.378036E-02,-6.1408997E-02,-7.7437592E-01
8.378364E-02,-5.9196472E-02,-7.4752045E-01
8.378692E-02,-5.7212830E-02,-7.1997833E-01
8.379020E-02,-5.4237366E-02,-6.9197845E-01
8.379347E-02,-5.1872253E-02,-6.6436005E-01
8.379675E-02,-4.9049377E-02,-6.3552094E-01
8.380003E-02,-4.6150208E-02,-6.0599518E-01
8.380330E-02,-4.1801453E-02,-5.7746124E-01
8.380658E-02,-3.8825989E-02,-5.4724884E-01
8.380986E-02,-3.5240173E-02,-5.1634979E-01
8.381313E-02,-3.0586243E-02,-4.8682404E-01
8.381641E-02,-2.6161194E-02,-4.5546722E-01
8.381969E-02,-2.2117615E-02,-4.2342377E-01
8.382296E-02,-1.6700745E-02,-3.9229584E-01
8.382624E-02,-1.1817932E-02,-3.5979462E-01
8.382952E-02,-5.9432983E-03,-3.2805634E-01
8.383279E-02,-6.0272217E-04,-2.9509735E-01
8.383607E-02,5.7296753E-03,-2.6168060E-01
8.383935E-02,1.2290955E-02,-2.2757721E-01
8.384262E-02,1.9233704E-02,-1.9362640E-01
8.384590E-02,2.6405334E-02,-1.6013336E-01
8.384918E-02,3.3195496E-02,-1.2534332E-01
8.385245E-02,4.1816711E-02,-9.1011047E-02
8.385573E-02,4.9446106E-02,-5.6526184E-02
8.385901E-02,5.6846619E-02,-2.1354675E-02
8.386228E-02,6.5010071E-02,1.3816833E-02
8.386556E-02,7.3478699E-02,4.9064636E-02
8.386884E-02,8.2939148E-02,8.4388733E-02
8.387212E-02,9.0721130E-02,1.1971283E-01
8.387539E-02,9.9952698E-02,1.5602875E-01
8.387867E-02,1.0918427E-01,1.9181061E-01
8.388195E-02,1.1849213E-01,2.2835541E-01
8.388522E-02,1.3031769E-01,2.6367950E-01
8.388850E-02,1.3863373E-01,2.9961395E-01
8.389178E-02,1.4954376E-01,3.3585358E-01
8.389505E-02,1.5946198E-01,3.7133026E-01
8.389833E-02,1.7021942E-01,4.0787506E-01
8.390161E-02,1.8074799E-01,4.4327545E-01
8.390488E-02,1.9089508E-01,4.7852325E-01
8.390816E-02,2.0249176E-01,5.1453400E-01
8.391144E-02,2.1256256E-01,5.5008698E-01
8.391471E-02,2.2309113E-01,5.8380890E-01
8.391799E-02,2.3415375E-01,6.1745453E-01
8.392127E-02,2.4506378E-01,6.5316010E-01
8.392454E-02,2.5589752E-01,6.8810272E-01
8.392782E-02,2.6741791E-01,7.2365570E-01
8.393110E-02,2.7748871E-01,7.5943756E-01
8.393437E-02,2.8916168E-01,7.9407501E-01
8.393765E-02,2.9999542E-01,8.2855988E-01
8.394093E-02,3.1029510E-01,8.6457062E-01
8.394420E-02,3.2204437E-01,8.9974213E-01
8.394748E-02,3.3348846E-01,9.3407440E-01
8.395076E-02,3.4424591E-01,9.6863556E-01
8.395404E-02,3.5500336E-01,1.0023575E+00
8.395731E-02,3.6606598E-01,1.0361557E+00
8.396059E-02,3.7667084E-01,1.0694962E+00
8.396387E-02,3.8651276E-01,1.1034470E+00
8.396714E-02,3.9658356E-01,1.1362534E+00
8.397042E-02,4.0665436E-01,1.1679153E+00
8.397370E-02,4.1596222E-01,1.2006454E+00
8.397697E-02,4.2588043E-01,1.2331467E+00
8.398025E-02,4.3625641E-01,1.2654953E+00
8.398353E-02,4.4464874E-01,1.2968521E+00
8.398680E-02,4.5334625E-01,1.3266830E+00
8.399008E-02,4.6173859E-01,1.3578110E+00
8.399336E-02,4.7028351E-01,1.3865738E+00
8.399663E-02,4.7875214E-01,1.4162521E+00
8.399991E-02,4.8622894E-01,1.4466934E+00
8.400319E-02,4.9378204E-01,1.4749222E+00
8.400646E-02,5.0080109E-01,1.5037613E+00
8.400974E-02,5.0743866E-01,1.5308456E+00
8.401302E-02,5.1338959E-01,1.5577011E+00
8.401629E-02,5.1926422E-01,1.5852432E+00
8.401957E-02,5.2597809E-01,1.6129379E+00
8.402285E-02,5.3116608E-01,1.6396408E+00
8.402612E-02,5.3635406E-01,1.6655045E+00
8.402940E-02,5.3986359E-01,1.6902237E+00
8.403268E-02,5.4482269E-01,1.7149429E+00
8.403596E-02,5.4901886E-01,1.7383652E+00
8.403923E-02,5.5191803E-01,1.7621689E+00
8.404251E-02,5.5512238E-01,1.7848282E+00
8.404579E-02,5.5809784E-01,1.8074875E+00
8.404906E-02,5.5931854E-01,1.8293076E+00
8.405234E-02,5.6145477E-01,1.8511276E+00
8.405562E-02,5.6267548E-01,1.8714218E+00
8.405889E-02,5.6275177E-01,1.8912582E+00
8.406217E-02,5.6237030E-01,1.9107132E+00
8.406545E-02,5.6114960E-01,1.9291000E+00
8.406872E-02,5.6092072E-01,1.9470291E+00
8.407200E-02,5.5863190E-01,1.9646530E+00
8.407528E-02,5.5687714E-01,1.9815903E+00
8.407855E-02,5.5558014E-01,1.9979935E+00
8.408183E-02,5.5275726E-01,2.0140152E+00
8.408511E-02,5.4901886E-01,2.0283585E+00
8.408838E-02,5.4505157E-01,2.0419388E+00
8.409166E-02,5.4100800E-01,2.0559006E+00
8.409494E-02,5.3566742E-01,2.0680313E+00
8.409821E-02,5.3139496E-01,2.0803146E+00
8.410149E-02,5.2544403E-01,2.0924454E+00
8.410477E-02,5.1766205E-01,2.1022873E+00
8.410804E-02,5.1125336E-01,2.1126633E+00
8.411132E-02,5.0545502E-01,2.1215897E+00
8.411460E-02,4.9843597E-01,2.1302872E+00
8.411788E-02,4.9019623E-01,2.1379929E+00
8.412115E-02,4.8119354E-01,2.1445541E+00
8.412443E-02,4.7249603E-01,2.1508102E+00
8.412771E-02,4.6311188E-01,2.1556168E+00
8.413098E-02,4.5334625E-01,2.1604233E+00
8.413426E-02,4.4358063E-01,2.1652298E+00
8.413754E-02,4.3206024E-01,2.1685867E+00
8.414081E-02,4.2145538E-01,2.1711807E+00
8.414409E-02,4.1115570E-01,2.1724777E+00
8.414737E-02,3.9833832E-01,2.1739273E+00
8.415064E-02,3.8697052E-01,2.1739273E+00
8.415392E-02,3.7522125E-01,2.1745377E+00
8.415720E-02,3.6362457E-01,2.1727066E+00
8.416047E-02,3.4935760E-01,2.1711044E+00
8.416375E-02,3.3669281E-01,2.1688156E+00
8.416703E-02,3.2280731E-01,2.1653824E+00
8.417030E-02,3.0976105E-01,2.1610336E+00
8.417358E-02,2.9549408E-01,2.1569138E+00
8.417686E-02,2.8229523E-01,2.1514206E+00
8.418013E-02,2.6810455E-01,2.1456985E+00
8.418341E-02,2.5406647E-01,2.1391373E+00
8.418669E-02,2.3857880E-01,2.1317368E+00
8.418996E-02,2.2393036E-01,2.1229630E+00
8.419324E-02,2.0989227E-01,2.1138077E+00
8.419652E-02,1.9425201E-01,2.1041183E+00
8.419980E-02,1.7952728E-01,2.0937424E+00
8.420307E-02,1.6373444E-01,2.0828323E+00
8.420635E-02,1.4878082E-01,2.0713120E+00
8.420963E-02,1.3397980E-01,2.0587234E+00
8.421290E-02,1.1917877E-01,2.0462875E+00
8.421618E-02,1.0262299E-01,2.0328598E+00
8.421946E-02,8.6906433E-02,2.0182877E+00
8.422273E-02,7.2181702E-02,2.0026474E+00
8.422601E-02,5.6922913E-02,1.9867783E+00
8.422929E-02,4.1587830E-02,1.9693069E+00
8.423256E-02,2.8160095E-02,1.9522171E+00
8.423584E-02,1.2901306E-02,1.9344406E+00
8.423912E-02,-2.0523071E-03,1.9159012E+00
8.424239E-02,-1.7311096E-02,1.8973618E+00
8.424567E-02,-3.2035828E-02,1.8770676E+00
8.424895E-02,-4.5310974E-02,1.8570786E+00
8.425222E-02,-5.9959412E-02,1.8358688E+00
8.425550E-02,-7.3463440E-02,1.8138199E+00
8.425878E-02,-8.7196350E-02,1.7902451E+00
8.426205E-02,-1.0138702E-01,1.7682724E+00
8.426533E-02,-1.1466217E-01,1.7462234E+00
8.426861E-02,-1.2679291E-01,1.7218857E+00
8.427188E-02,-1.3907623E-01,1.6980820E+00
8.427516E-02,-1.5158844E-01,1.6732864E+00
8.427844E-02,-1.6463470E-01,1.6474228E+00
8.428172E-02,-1.7615509E-01,1.6214828E+00
8.428499E-02,-1.8874359E-01,1.5937119E+00
8.428827E-02,-1.9972992E-01,1.5664749E+00
8.429155E-02,-2.1063995E-01,1.5394669E+00
8.429482E-02,-2.2116852E-01,1.5121536E+00
8.429810E-02,-2.3215485E-01,1.4836197E+00
8.430138E-02,-2.4131012E-01,1.4558487E+00
8.430465E-02,-2.5130463E-01,1.4268570E+00
8.430793E-02,-2.6045990E-01,1.3973312E+00
8.431121E-02,-2.6900482E-01,1.3676529E+00
8.431448E-02,-2.7732086E-01,1.3369064E+00
8.431776E-02,-2.8548431E-01,1.3060837E+00
8.432104E-02,-2.9242706E-01,1.2749557E+00
8.432431E-02,-3.0089569E-01,1.2433701E+00
8.432759E-02,-3.0730438E-01,1.2107925E+00
8.433087E-02,-3.1356049E-01,1.1791306E+00
8.433414E-02,-3.2035065E-01,1.1462479E+00
8.433742E-02,-3.2653046E-01,1.1145096E+00
8.434070E-02,-3.3087921E-01,1.0797195E+00
8.434397E-02,-3.3454132E-01,1.0465317E+00
8.434725E-02,-3.4049225E-01,1.0120468E+00
8.435053E-02,-3.4392548E-01,9.7939301E-01
8.435380E-02,-3.4690094E-01,9.4406891E-01
8.435708E-02,-3.5132599E-01,9.1004181E-01
8.436036E-02,-3.5231781E-01,8.7578583E-01
8.436364E-02,-3.5536957E-01,8.4030914E-01
8.436691E-02,-3.5697174E-01,8.0567169E-01
8.437019E-02,-3.5811615E-01,7.7072906E-01
8.437347E-02,-3.5971832E-01,7.3509979E-01
8.437674E-02,-3.5971832E-01,7.0053864E-01
8.438002E-02,-3.5979462E-01,6.6422272E-01
8.438330E-02,-3.6048126E-01,6.2928009E-01
8.438657E-02,-3.5880280E-01,5.9487152E-01
8.438985E-02,-3.5865021E-01,5.6160736E-01
8.439313E-02,-3.5788727E-01,5.2552032E-01
8.439640E-02,-3.5628510E-01,4.9011993E-01
8.439968E-02,-3.5407257E-01,4.5494843E-01
8.440296E-02,-3.5170746E-01,4.1962433E-01
8.440623E-02,-3.4972382E-01,3.8414764E-01
8.440951E-02,-3.4720612E-01,3.4760284E-01
8.441279E-02,-3.4453583E-01,3.1220245E-01
8.441606E-02,-3.4079742E-01,2.7611542E-01
8.441934E-02,-3.3721161E-01,2.3957062E-01
8.442262E-02,-3.3332062E-01,2.0500946E-01
8.442589E-02,-3.2927704E-01,1.6976166E-01
8.442917E-02,-3.2447052E-01,1.3390350E-01
8.443245E-02,-3.2042694E-01,9.7434998E-02
8.443572E-02,-3.1546783E-01,6.1424255E-02
8.443900E-02,-3.0997467E-01,2.6557922E-02
8.444228E-02,-3.0425262E-01,-8.9187622E-03
8.444556E-02,-2.9982758E-01,-4.4624329E-02
8.444883E-02,-2.9341888E-01,-7.9261780E-02
8.445211E-02,-2.8907013E-01,-1.1306000E-01
8.445539E-02,-2.8273773E-01,-1.4754486E-01
8.445866E-02,-2.7617645E-01,-1.8096161E-01
8.446194E-02,-2.7091217E-01,-2.1514130E-01
8.446522E-02,-2.6480865E-01,-2.4886322E-01
8.446849E-02,-2.5809479E-01,-2.8304291E-01
8.447177E-02,-2.5252533E-01,-3.1562042E-01
8.447505E-02,-2.4512482E-01,-3.4812164E-01
8.447832E-02,-2.3955536E-01,-3.7932587E-01
8.448160E-02,-2.3398590E-01,-4.1167450E-01
8.448488E-02,-2.2689056E-01,-4.4280243E-01
8.448815E-02,-2.1987152E-01,-4.7377777E-01
8.449143E-02,-2.1308136E-01,-5.0559235E-01
8.449471E-02,-2.0713043E-01,-5.3618622E-01
8.449798E-02,-1.9995880E-01,-5.6548309E-01
8.450126E-02,-1.9438934E-01,-5.9592438E-01
8.450454E-02,-1.8691254E-01,-6.2438202E-01
8.450781E-02,-1.8035126E-01,-6.5360260E-01
8.451109E-02,-1.7401886E-01,-6.8236542E-01
8.451437E-02,-1.6822052E-01,-7.0944977E-01
8.451764E-02,-1.6196442E-01,-7.3676300E-01
8.452092E-02,-1.5807343E-01,-7.6361847E-01
8.452420E-02,-1.5135956E-01,-7.9070282E-01
8.452748E-02,-1.4563751E-01,-8.1603241E-01
8.453075E-02,-1.4029694E-01,-8.4174347E-01
8.453403E-02,-1.3518524E-01,-8.6653900E-01
8.453731E-02,-1.2938690E-01,-8.9163971E-01
8.454058E-02,-1.2519073E-01,-9.1574860E-01
8.454386E-02,-1.1901093E-01,-9.3840790E-01
8.454714E-02,-1.1428070E-01,-9.6144867E-01
8.455041E-02,-1.1000824E-01,-9.8288727E-01
8.455369E-02,-1.0527802E-01,-1.0050888E+00
8.455697E-02,-1.0031891E-01,-1.0257645E+00
8.456024E-02,-9.5893860E-02,-1.0457535E+00
8.456352E-02,-9.3299866E-02,-1.0660477E+00
8.456680E-02,-8.9027405E-02,-1.0837479E+00
8.457007E-02,-8.4983826E-02,-1.1021347E+00
8.457335E-02,-8.1550598E-02,-1.1200638E+00
8.457663E-02,-7.9490662E-02,-1.1376114E+00
8.457990E-02,-7.5599670E-02,-1.1536331E+00
8.458318E-02,-7.3310852E-02,-1.1678238E+00
8.458646E-02,-7.1022034E-02,-1.1828537E+00
8.458973E-02,-6.7970276E-02,-1.1973495E+00
8.459301E-02,-6.4842224E-02,-1.2113113E+00
8.459629E-02,-6.3087463E-02,-1.2245865E+00
8.459956E-02,-6.1943054E-02,-1.2364883E+00
8.460284E-02,-5.9272766E-02,-1.2473984E+00
8.460612E-02,-5.7670593E-02,-1.2577744E+00
8.460940E-02,-5.6678772E-02,-1.2675400E+00
8.461267E-02,-5.4695129E-02,-1.2771530E+00
8.461595E-02,-5.4161072E-02,-1.2860031E+00
8.461923E-02,-5.3092957E-02,-1.2930222E+00
8.462250E-02,-5.2864075E-02,-1.3007278E+00
8.462578E-02,-5.1795959E-02,-1.3068314E+00
8.462906E-02,-5.1033020E-02,-1.3119431E+00
8.463233E-02,-5.0727844E-02,-1.3173599E+00
8.463561E-02,-5.0880432E-02,-1.3214798E+00
8.463889E-02,-5.0575256E-02,-1.3239212E+00
8.464216E-02,-5.0117493E-02,-1.3272018E+00
8.464544E-02,-5.0346375E-02,-1.3294907E+00
8.464872E-02,-5.1033020E-02,-1.3292618E+00
8.465199E-02,-5.0575256E-02,-1.3295670E+00
8.465527E-02,-5.0117493E-02,-1.3293381E+00
8.465855E-02,-4.9812317E-02,-1.3273544E+00
8.466182E-02,-4.9659729E-02,-1.3257523E+00
8.466510E-02,-4.9964905E-02,-1.3227768E+00
8.466838E-02,-5.0117493E-02,-1.3191147E+00
8.467165E-02,-5.0422668E-02,-1.3146133E+00
8.467493E-02,-5.2024841E-02,-1.3103409E+00
8.467821E-02,-5.1109314E-02,-1.3043137E+00
8.468148E-02,-5.1109314E-02,-1.2972946E+00
8.468476E-02,-5.1795959E-02,-1.2905045E+00
8.468804E-02,-5.2482605E-02,-1.2816544E+00
8.469132E-02,-5.3016663E-02,-1.2735672E+00
8.469459E-02,-5.2711487E-02,-1.2638779E+00
8.469787E-02,-5.1185608E-02,-1.2531204E+00
8.470115E-02,-5.1109314E-02,-1.2420578E+00
8.470442E-02,-5.1109314E-02,-1.2306900E+00
8.470770E-02,-5.0651550E-02,-1.2182541E+00
8.471098E-02,-5.0041199E-02,-1.2046738E+00
8.471425E-02,-4.9430847E-02,-1.1901016E+00
8.471753E-02,-4.9812317E-02,-1.1759109E+00
8.472081E-02,-4.7676086E-02,-1.1617966E+00
8.472408E-02,-4.5921326E-02,-1.1463852E+00
8.472736E-02,-4.4853210E-02,-1.1302872E+00
8.473064E-02,-4.4853210E-02,-1.1120529E+00
8.473391E-02,-4.2945862E-02,-1.0950394E+00
8.473719E-02,-4.0962219E-02,-1.0761948E+00
8.474047E-02,-3.9283752E-02,-1.0568161E+00
8.474374E-02,-3.8063049E-02,-1.0368271E+00
8.474702E-02,-3.4934998E-02,-1.0173721E+00
8.475030E-02,-3.2264709E-02,-9.9578094E-01
8.475357E-02,-3.0052185E-02,-9.7373199E-01
8.475685E-02,-2.6695251E-02,-9.5153046E-01
8.476013E-02,-2.3643494E-02,-9.2864227E-01
8.476340E-02,-2.0057678E-02,-9.0476227E-01
8.476668E-02,-1.6853333E-02,-8.8065338E-01
8.476996E-02,-1.2886047E-02,-8.5623932E-01
8.477324E-02,-8.5372925E-03,-8.3052826E-01
8.477651E-02,-4.9514771E-03,-8.0451202E-01
8.477979E-02,7.6293945E-06,-7.7758026E-01
8.478307E-02,4.9667358E-03,-7.5133514E-01
8.478634E-02,1.0078430E-02,-7.2493744E-01
8.478962E-02,1.4122009E-02,-6.9731903E-01
8.479290E-02,2.0301819E-02,-6.6916656E-01
8.479617E-02,2.6786804E-02,-6.4139557E-01
8.479945E-02,3.1211853E-02,-6.1240387E-01
8.480273E-02,3.6552429E-02,-5.8196259E-01
8.480600E-02,4.3647766E-02,-5.5289459E-01
8.480928E-02,4.9751282E-02,-5.2268219E-01
8.481256E-02,5.6312561E-02,-4.9170685E-01
8.481583E-02,6.3407898E-02,-4.6004486E-01
8.481911E-02,7.2181702E-02,-4.2929840E-01
8.482239E-02,7.8208923E-02,-3.9756012E-01
8.482566E-02,8.6296082E-02,-3.6498260E-01
8.482894E-02,9.3086243E-02,-3.3339691E-01
8.483222E-02,1.0094452E-01,-3.0005646E-01
8.483549E-02,1.0903168E-01,-2.6694489E-01
8.483877E-02,1.1742401E-01,-2.3337555E-01
8.484205E-02,1.2543488E-01,-1.9934845E-01
8.484532E-02,1.3352203E-01,-1.6547394E-01
8.484860E-02,1.4145660E-01,-1.3106537E-01
8.485188E-02,1.5084076E-01,-9.7343445E-02
8.485516E-02,1.5755463E-01,-6.3468933E-02
8.485843E-02,1.6785431E-01,-2.8602600E-02
8.486171E-02,1.7624664E-01,6.4163208E-03
8.486499E-02,1.8570709E-01,4.2427063E-02
8.486826E-02,1.9470978E-01,7.8208923E-02
8.487154E-02,2.0294952E-01,1.1391449E-01
8.487482E-02,2.1195221E-01,1.4946747E-01
8.487809E-02,2.2156525E-01,1.8524933E-01
8.488137E-02,2.3064423E-01,2.2095490E-01
8.488465E-02,2.3850250E-01,2.5681305E-01
8.488792E-02,2.4796295E-01,2.9305267E-01
8.489120E-02,2.5559235E-01,3.2814789E-01
8.489448E-02,2.6497650E-01,3.6423492E-01
8.489775E-02,2.7313995E-01,4.0047455E-01
8.490103E-02,2.8191376E-01,4.3671417E-01
8.490431E-02,2.9068756E-01,4.7180939E-01
8.490758E-02,2.9816437E-01,5.0713348E-01
8.491086E-02,3.0701447E-01,5.4398346E-01
8.491414E-02,3.1571198E-01,5.7724762E-01
8.491741E-02,3.2341766E-01,6.1096954E-01
8.492069E-02,3.3119965E-01,6.4614105E-01
8.492397E-02,3.4027863E-01,6.8177032E-01
8.492724E-02,3.4806061E-01,7.1694183E-01
8.493052E-02,3.5454559E-01,7.5356293E-01
8.493380E-02,3.6171722E-01,7.8789520E-01
8.493708E-02,3.6721039E-01,8.2299042E-01
8.494035E-02,3.7392426E-01,8.5755157E-01
8.494363E-02,3.8018036E-01,8.9287567E-01
8.494691E-02,3.8628387E-01,9.2652130E-01
8.495018E-02,3.9070892E-01,9.6184540E-01
8.495346E-02,3.9650726E-01,9.9610138E-01
8.495674E-02,4.0108490E-01,1.0297470E+00
8.496001E-02,4.0581512E-01,1.0640030E+00
8.496329E-02,4.1107941E-01,1.0976486E+00
8.496657E-02,4.1466522E-01,1.1300735E+00
8.496984E-02,4.1718292E-01,1.1622696E+00
8.497312E-02,4.2122650E-01,1.1948471E+00
8.497640E-02,4.2389679E-01,1.2274246E+00
8.497967E-02,4.2687225E-01,1.2591629E+00
8.498295E-02,4.2893219E-01,1.2903671E+00
8.498623E-02,4.3045807E-01,1.3215714E+00
8.498950E-02,4.3160248E-01,1.3519363E+00
8.499278E-02,4.3236542E-01,1.3819962E+00
8.499606E-02,4.3343353E-01,1.4112930E+00
8.499933E-02,4.3343353E-01,1.4408951E+00
8.500261E-02,4.3312836E-01,1.4695816E+00
8.500589E-02,4.3091583E-01,1.4976578E+00
8.500916E-02,4.3091583E-01,1.5250473E+00
8.501244E-02,4.2809296E-01,1.5528946E+00
8.501572E-02,4.2687225E-01,1.5803604E+00
8.501900E-02,4.2321014E-01,1.6072922E+00
8.502227E-02,4.1985321E-01,1.6341476E+00
8.502555E-02,4.1634369E-01,1.6600113E+00
8.502883E-02,4.1199493E-01,1.6853409E+00
8.503210E-02,4.0756989E-01,1.7101364E+00
8.503538E-02,4.0299225E-01,1.7331772E+00
8.503866E-02,3.9727020E-01,1.7572861E+00
8.504193E-02,3.9154816E-01,1.7797928E+00
8.504521E-02,3.8552094E-01,1.8027573E+00
8.504849E-02,3.7842560E-01,1.8239670E+00
8.505176E-02,3.7148285E-01,1.8454056E+00
8.505504E-02,3.6415863E-01,1.8666916E+00
8.505832E-02,3.5622406E-01,1.8867569E+00
8.506159E-02,3.4645844E-01,1.9067459E+00
8.506487E-02,3.3676910E-01,1.9256668E+00
8.506815E-02,3.2791901E-01,1.9435196E+00
8.507142E-02,3.1784821E-01,1.9605331E+00
8.507470E-02,3.0693817E-01,1.9776993E+00
8.507798E-02,2.9633331E-01,1.9938736E+00
8.508125E-02,2.8549957E-01,2.0105057E+00
8.508453E-02,2.7512360E-01,2.0250015E+00
8.508781E-02,2.6390839E-01,2.0384293E+00
8.509108E-02,2.5131989E-01,2.0526199E+00
8.509436E-02,2.3964691E-01,2.0648270E+00
8.509764E-02,2.2537994E-01,2.0773392E+00
8.510092E-02,2.1370697E-01,2.0880966E+00
8.510419E-02,1.9913483E-01,2.0990829E+00
8.510747E-02,1.8601227E-01,2.1097641E+00
8.511075E-02,1.7273712E-01,2.1195297E+00
8.511402E-02,1.5801239E-01,2.1279984E+00
8.511730E-02,1.4344025E-01,2.1359329E+00
8.512058E-02,1.2947845E-01,2.1431046E+00
8.512385E-02,1.1467743E-01,2.1498947E+00
8.512713E-02,1.0010529E-01,2.1553879E+00
8.513041E-02,8.4999084E-02,2.1596603E+00
8.513368E-02,7.0503235E-02,2.1645432E+00
8.513696E-02,5.5702209E-02,2.1681290E+00
8.514024E-02,3.9909363E-02,2.1711807E+00
8.514351E-02,2.4650574E-02,2.1728592E+00
8.514679E-02,9.2391968E-03,2.1743088E+00
8.515007E-02,-7.7743530E-03,2.1749954E+00
8.515334E-02,-2.2346497E-02,2.1749191E+00
8.515662E-02,-3.8139343E-02,2.1739273E+00
8.515990E-02,-5.3474426E-02,2.1720963E+00
8.516317E-02,-6.8580627E-02,2.1694260E+00
8.516645E-02,-8.5441589E-02,2.1662979E+00
8.516973E-02,-1.0085297E-01,2.1627121E+00
8.517300E-02,-1.1687469E-01,2.1582108E+00
8.517628E-02,-1.3014984E-01,2.1527939E+00
8.517956E-02,-1.4647675E-01,2.1469193E+00
8.518284E-02,-1.6204071E-01,2.1402817E+00
8.518611E-02,-1.7630768E-01,2.1328049E+00
8.518939E-02,-1.9255829E-01,2.1248703E+00
8.519267E-02,-2.0636749E-01,2.1157913E+00
8.519594E-02,-2.2124481E-01,2.1066360E+00
8.519922E-02,-2.3581696E-01,2.0964127E+00
8.520250E-02,-2.4871063E-01,2.0854263E+00
8.520577E-02,-2.6236725E-01,2.0724564E+00
8.520905E-02,-2.7587128E-01,2.0613174E+00
8.521233E-02,-2.8861237E-01,2.0485001E+00
8.521560E-02,-3.0249786E-01,2.0352249E+00
8.521888E-02,-3.1493378E-01,2.0213394E+00
8.522216E-02,-3.2721710E-01,2.0056992E+00
8.522543E-02,-3.3889008E-01,1.9897537E+00
8.522871E-02,-3.5010529E-01,1.9721298E+00
8.523199E-02,-3.6093903E-01,1.9548111E+00
8.523526E-02,-3.7169647E-01,1.9365768E+00
8.523854E-02,-3.8306427E-01,1.9182663E+00
8.524182E-02,-3.9237213E-01,1.8985062E+00
8.524509E-02,-4.0267181E-01,1.8794327E+00
8.524837E-02,-4.1098785E-01,1.8583755E+00
8.525165E-02,-4.1915131E-01,1.8380051E+00
8.525492E-02,-4.2830658E-01,1.8174057E+00
8.525820E-02,-4.3570709E-01,1.7947464E+00
8.526148E-02,-4.4432831E-01,1.7724686E+00
8.526476E-02,-4.5142365E-01,1.7499619E+00
8.526803E-02,-4.5836639E-01,1.7257004E+00
8.527131E-02,-4.6492767E-01,1.7013626E+00
8.527459E-02,-4.7011566E-01,1.6767197E+00
8.527786E-02,-4.7675323E-01,1.6510086E+00
8.528114E-02,-4.8186493E-01,1.6246109E+00
8.528442E-02,-4.8613739E-01,1.5976791E+00
8.528769E-02,-4.9163055E-01,1.5704422E+00
8.529097E-02,-4.9491119E-01,1.5425949E+00
8.529425E-02,-4.9781036E-01,1.5153580E+00
8.529752E-02,-5.0032806E-01,1.4876633E+00
8.530080E-02,-5.0376129E-01,1.4592819E+00
8.530408E-02,-5.0551605E-01,1.4310532E+00
8.530735E-02,-5.0658417E-01,1.4015274E+00
8.531063E-02,-5.0818634E-01,1.3718491E+00
8.531391E-02,-5.0978851E-01,1.3427811E+00
8.531718E-02,-5.1047516E-01,1.3108902E+00
8.532046E-02,-5.0986481E-01,1.2801437E+00
8.532374E-02,-5.0948334E-01,1.2480240E+00
8.532701E-02,-5.0772858E-01,1.2157516E+00
8.533029E-02,-5.0643158E-01,1.1841660E+00
8.533357E-02,-5.0490570E-01,1.1523514E+00
8.533684E-02,-5.0223541E-01,1.1195450E+00
8.534012E-02,-4.9903107E-01,1.0865860E+00
8.534340E-02,-4.9651337E-01,1.0532455E+00
8.534668E-02,-4.9315643E-01,1.0183792E+00
8.534995E-02,-4.8941803E-01,9.8404694E-01
8.535323E-02,-4.8644257E-01,9.4971466E-01
8.535651E-02,-4.8224640E-01,9.1439056E-01
8.535978E-02,-4.7644806E-01,8.8051605E-01
8.536306E-02,-4.7263336E-01,8.4603119E-01
8.536634E-02,-4.6660614E-01,8.1108856E-01
8.536961E-02,-4.6080780E-01,7.7538300E-01
8.537289E-02,-4.5478058E-01,7.4059296E-01
8.537617E-02,-4.4867706E-01,7.0542145E-01
8.537944E-02,-4.4272614E-01,6.7032623E-01
8.538272E-02,-4.3616486E-01,6.3446808E-01
8.538600E-02,-4.2922211E-01,6.0059357E-01
8.538927E-02,-4.2159271E-01,5.6679535E-01
8.539255E-02,-4.1503143E-01,5.3215790E-01
8.539583E-02,-4.0671539E-01,4.9576569E-01
8.539910E-02,-4.0023041E-01,4.6067047E-01
8.540238E-02,-3.9206696E-01,4.2465973E-01
8.540566E-02,-3.8542938E-01,3.8956451E-01
8.540893E-02,-3.7749481E-01,3.5355377E-01
8.541221E-02,-3.6978912E-01,3.1761932E-01
8.541549E-02,-3.6124420E-01,2.8214264E-01
8.541876E-02,-3.5369110E-01,2.4582672E-01
8.542204E-02,-3.4590912E-01,2.0943451E-01
8.542532E-02,-3.3683014E-01,1.7418671E-01
8.542860E-02,-3.2798004E-01,1.3848114E-01
8.543187E-02,-3.1974030E-01,1.0285187E-01
8.543515E-02,-3.1165314E-01,6.7146301E-02
8.543843E-02,-3.0371857E-01,3.1288147E-02
8.544170E-02,-2.9578400E-01,-4.2648315E-03
8.544498E-02,-2.8601837E-01,-3.9283752E-02
8.544826E-02,-2.7777863E-01,-7.3768616E-02
8.545153E-02,-2.6931000E-01,-1.0886383E-01
8.545481E-02,-2.6068878E-01,-1.4235687E-01
8.545809E-02,-2.5199127E-01,-1.7729950E-01
8.546136E-02,-2.4352264E-01,-2.1109772E-01
8.546464E-02,-2.3604584E-01,-2.4420929E-01
8.546792E-02,-2.2734833E-01,-2.7655792E-01
8.547119E-02,-2.1842194E-01,-3.1043243E-01
8.547447E-02,-2.1094513E-01,-3.4232330E-01
8.547775E-02,-2.0255280E-01,-3.7436676E-01
8.548102E-02,-1.9454193E-01,-4.0732574E-01
8.548430E-02,-1.8637848E-01,-4.3845367E-01
8.548758E-02,-1.7996979E-01,-4.7011566E-01
8.549085E-02,-1.7348480E-01,-5.0116730E-01
8.549413E-02,-1.6562653E-01,-5.3069305E-01
8.549741E-02,-1.5937042E-01,-5.6060028E-01
8.550068E-02,-1.5280914E-01,-5.9188080E-01
8.550396E-02,-1.4777374E-01,-6.2064362E-01
8.550724E-02,-1.4144135E-01,-6.4948273E-01
8.551052E-02,-1.3518524E-01,-6.7801666E-01
8.551379E-02,-1.2984467E-01,-7.0563507E-01
8.551707E-02,-1.2381744E-01,-7.3348236E-01
8.552035E-02,-1.1962128E-01,-7.6071930E-01
8.552362E-02,-1.1359406E-01,-7.8749847E-01
8.552690E-02,-1.0955048E-01,-8.1412506E-01
8.553018E-02,-1.0497284E-01,-8.3930206E-01
8.553345E-02,-9.8487854E-02,-8.6295319E-01
8.553673E-02,-9.4444275E-02,-8.8835907E-01
8.554001E-02,-9.0324402E-02,-9.1147614E-01
8.554328E-02,-8.6738586E-02,-9.3474579E-01
8.554656E-02,-8.3152771E-02,-9.5709991E-01
8.554984E-02,-7.9795837E-02,-9.7914886E-01
8.555311E-02,-7.6438904E-02,-1.0006638E+00
8.555639E-02,-7.3921204E-02,-1.0212631E+00
8.555967E-02,-7.1098328E-02,-1.0422440E+00
8.556294E-02,-6.9038391E-02,-1.0617752E+00
8.556622E-02,-6.5986633E-02,-1.0807724E+00
8.556950E-02,-6.4689636E-02,-1.0990067E+00
8.557277E-02,-6.1943054E-02,-1.1176224E+00
8.557605E-02,-6.0035706E-02,-1.1349411E+00
8.557933E-02,-5.9425354E-02,-1.1513443E+00
8.558260E-02,-5.6678772E-02,-1.1673660E+00
8.558588E-02,-5.6144714E-02,-1.1807938E+00
8.558916E-02,-5.4771423E-02,-1.1955185E+00
8.559244E-02,-5.4695129E-02,-1.2090988E+00
8.559571E-02,-5.3855896E-02,-1.2229080E+00
8.559899E-02,-5.2253723E-02,-1.2341232E+00
8.560227E-02,-5.3245544E-02,-1.2455673E+00
8.560554E-02,-5.1185608E-02,-1.2557144E+00
8.560882E-02,-5.1872253E-02,-1.2663193E+00
8.561210E-02,-5.1033020E-02,-1.2758560E+00
8.561537E-02,-5.1795959E-02,-1.2850113E+00
8.561865E-02,-5.1490784E-02,-1.2926407E+00
8.562193E-02,-5.0880432E-02,-1.2993546E+00
8.562520E-02,-5.0498962E-02,-1.3056870E+00
8.562848E-02,-5.1795959E-02,-1.3114853E+00
8.563176E-02,-5.1567078E-02,-1.3163681E+00
8.563503E-02,-5.1719666E-02,-1.3208694E+00
8.563831E-02,-5.2177429E-02,-1.3246841E+00
8.564159E-02,-5.1338196E-02,-1.3268967E+00
8.564486E-02,-5.2558899E-02,-1.3291092E+00
8.564814E-02,-5.2635193E-02,-1.3306351E+00
8.565142E-02,-5.2864075E-02,-1.3308640E+00
8.565469E-02,-5.2787781E-02,-1.3291855E+00
8.565797E-02,-5.2177429E-02,-1.3294144E+00
8.566125E-02,-5.2787781E-02,-1.3260574E+00
8.566452E-02,-5.2864075E-02,-1.3243790E+00
8.566780E-02,-5.2177429E-02,-1.3198013E+00
8.567108E-02,-5.2253723E-02,-1.3153000E+00
8.567436E-02,-5.2330017E-02,-1.3105698E+00
8.567763E-02,-5.0804138E-02,-1.3048477E+00
8.568091E-02,-4.9583435E-02,-1.2982864E+00
8.568419E-02,-4.9354553E-02,-1.2905807E+00
8.568746E-02,-4.7676086E-02,-1.2825699E+00
8.569074E-02,-4.6836853E-02,-1.2741776E+00
8.569402E-02,-4.5768738E-02,-1.2649460E+00
8.569729E-02,-4.4700623E-02,-1.2561722E+00
8.570057E-02,-4.3937683E-02,-1.2445755E+00
8.570385E-02,-4.2945862E-02,-1.2331314E+00
8.570712E-02,-4.0809631E-02,-1.2214584E+00
8.571040E-02,-3.9436340E-02,-1.2083359E+00
8.571368E-02,-3.6384583E-02,-1.1952133E+00
8.571695E-02,-3.5316467E-02,-1.1807938E+00
8.572023E-02,-3.3180237E-02,-1.1657639E+00
8.572351E-02,-3.0662537E-02,-1.1498947E+00
8.572678E-02,-2.8984070E-02,-1.1339493E+00
8.573006E-02,-2.6618958E-02,-1.1167831E+00
8.573334E-02,-2.3109436E-02,-1.0988541E+00
8.573661E-02,-2.0362854E-02,-1.0802383E+00
8.573989E-02,-1.7082214E-02,-1.0608597E+00
8.574317E-02,-1.2351990E-02,-1.0411758E+00
8.574644E-02,-8.0032349E-03,-1.0215683E+00
8.574972E-02,-4.4937134E-03,-1.0004349E+00
8.575300E-02,5.4168701E-04,-9.7846222E-01
8.575628E-02,4.2037964E-03,-9.5641327E-01
8.575955E-02,9.0103149E-03,-9.3413544E-01
8.576283E-02,1.3587952E-02,-9.1094208E-01
8.576611E-02,1.8547058E-02,-8.8614655E-01
8.576938E-02,2.3124695E-02,-8.6127472E-01
8.577266E-02,2.9151917E-02,-8.3655548E-01
8.577594E-02,3.4263611E-02,-8.1137848E-01
8.577921E-02,3.9833069E-02,-7.8391266E-01
8.578249E-02,4.4639587E-02,-7.5797272E-01
8.578577E-02,5.1658630E-02,-7.3149872E-01
8.578904E-02,5.7838440E-02,-7.0395660E-01
8.579232E-02,6.3713074E-02,-6.7481232E-01
8.579560E-02,7.0732117E-02,-6.4650726E-01
8.579887E-02,7.6683044E-02,-6.1782074E-01
8.580215E-02,8.2176208E-02,-5.8867645E-01
8.580543E-02,8.7364197E-02,-5.5861664E-01
8.580870E-02,9.4688416E-02,-5.2817535E-01
8.581198E-02,1.0140228E-01,-4.9666595E-01
8.581526E-02,1.0796356E-01,-4.6584320E-01
8.581853E-02,1.1483002E-01,-4.3540192E-01
8.582181E-02,1.2131500E-01,-4.0282440E-01
8.582509E-02,1.2886810E-01,-3.7139130E-01
8.582836E-02,1.3573456E-01,-3.3927155E-01
8.583164E-02,1.4282990E-01,-3.0677032E-01
8.583492E-02,1.5045929E-01,-2.7404022E-01
8.583820E-02,1.5602875E-01,-2.3978424E-01
8.584147E-02,1.6274261E-01,-2.0613861E-01
8.584475E-02,1.6983795E-01,-1.7256927E-01
8.584803E-02,1.7647552E-01,-1.3808441E-01
8.585130E-02,1.8181610E-01,-1.0306549E-01
8.585458E-02,1.8845367E-01,-6.8199158E-02
8.585786E-02,1.9440460E-01,-3.4629822E-02
8.586113E-02,2.0081329E-01,5.4168701E-04
8.586441E-02,2.0737457E-01,3.6018372E-02
8.586769E-02,2.1256256E-01,7.0045471E-02
8.587096E-02,2.1805573E-01,1.0597992E-01
8.587424E-02,2.2385406E-01,1.4260101E-01
8.587752E-02,2.2911835E-01,1.7800140E-01
8.588079E-02,2.3369598E-01,2.1408844E-01
8.588407E-02,2.3888397E-01,2.4971771E-01
8.588735E-02,2.4414825E-01,2.8572845E-01
8.589062E-02,2.4826813E-01,3.2219696E-01
8.589390E-02,2.5215912E-01,3.5698700E-01
8.589718E-02,2.5643158E-01,3.9345551E-01
8.590045E-02,2.5963593E-01,4.2969513E-01
8.590373E-02,2.6253510E-01,4.6623993E-01
8.590701E-02,2.6581573E-01,5.0041962E-01
8.591028E-02,2.6848602E-01,5.3620148E-01
8.591356E-02,2.7085114E-01,5.7083893E-01
8.591684E-02,2.7420807E-01,6.0524750E-01
8.592012E-02,2.7527618E-01,6.3942719E-01
8.592339E-02,2.7672577E-01,6.7498016E-01
8.592667E-02,2.7703094E-01,7.1060944E-01
8.592995E-02,2.7787018E-01,7.4692535E-01
8.593322E-02,2.7878571E-01,7.8133392E-01
8.593650E-02,2.7855682E-01,8.1627655E-01
8.593978E-02,2.7779388E-01,8.5228729E-01
8.594305E-02,2.7710724E-01,8.8631439E-01
8.594633E-02,2.7596283E-01,9.2034149E-01
8.594961E-02,2.7397919E-01,9.5566559E-01
8.595288E-02,2.7115631E-01,9.8969269E-01
8.595616E-02,2.6909637E-01,1.0232620E+00
8.595944E-02,2.6650238E-01,1.0579758E+00
8.596271E-02,2.6345062E-01,1.0907059E+00
8.596599E-02,2.5955963E-01,1.1241989E+00
8.596927E-02,2.5597382E-01,1.1564713E+00
8.597254E-02,2.5078583E-01,1.1890488E+00
8.597582E-02,2.4536896E-01,1.2213974E+00
8.597910E-02,2.4033356E-01,1.2542038E+00
8.598237E-02,2.3377228E-01,1.2851791E+00
8.598565E-02,2.2835541E-01,1.3157730E+00
8.598893E-02,2.2072601E-01,1.3462143E+00
8.599220E-02,2.1294403E-01,1.3776474E+00
8.599548E-02,2.0554352E-01,1.4065628E+00
8.599876E-02,1.9799042E-01,1.4357834E+00
8.600204E-02,1.8891144E-01,1.4657669E+00
8.600531E-02,1.8090057E-01,1.4930801E+00
8.600859E-02,1.7144012E-01,1.5212326E+00
8.601187E-02,1.6083527E-01,1.5480118E+00
8.601514E-02,1.5305328E-01,1.5760880E+00
8.601842E-02,1.4168549E-01,1.6038589E+00
8.602170E-02,1.3184357E-01,1.6293411E+00
8.602497E-02,1.2100983E-01,1.6548996E+00
8.602825E-02,1.0948944E-01,1.6806870E+00
8.603153E-02,9.7206116E-02,1.7057877E+00
8.603480E-02,8.5685730E-02,1.7307358E+00
8.603808E-02,7.2792053E-02,1.7542343E+00
8.604136E-02,6.1042786E-02,1.7774277E+00
8.604463E-02,4.8225403E-02,1.7990952E+00
8.604791E-02,3.5102844E-02,1.8210678E+00
8.605119E-02,2.1446228E-02,1.8422012E+00
8.605446E-02,7.4844360E-03,1.8627243E+00
8.605774E-02,-4.7988892E-03,1.8824081E+00
8.606102E-02,-1.9218445E-02,1.9023972E+00
8.606429E-02,-3.3409119E-02,1.9215469E+00
8.606757E-02,-4.7752380E-02,1.9398575E+00
8.607085E-02,-6.1943054E-02,1.9575577E+00
8.607412E-02,-7.6744080E-02,1.9749527E+00
8.607740E-02,-9.2079163E-02,1.9915085E+00
8.608068E-02,-1.0703278E-01,2.0074539E+00
8.608396E-02,-1.2297821E-01,2.0223312E+00
8.608723E-02,-1.3716888E-01,2.0368271E+00
8.609051E-02,-1.5334320E-01,2.0503311E+00
8.609379E-02,-1.6738129E-01,2.0629959E+00
8.609706E-02,-1.8401337E-01,2.0758133E+00
8.610034E-02,-1.9873810E-01,2.0871811E+00
8.610362E-02,-2.1491241E-01,2.0976334E+00
8.610689E-02,-2.2978973E-01,2.1083908E+00
8.611017E-02,-2.4420929E-01,2.1168594E+00
8.611345E-02,-2.6007843E-01,2.1260147E+00
8.611672E-02,-2.7457428E-01,2.1335678E+00
8.612000E-02,-2.9029083E-01,2.1408157E+00
8.612328E-02,-3.0402374E-01,2.1469193E+00
8.612655E-02,-3.2004547E-01,2.1528702E+00
8.612983E-02,-3.3446503E-01,2.1590500E+00
8.613311E-02,-3.4903717E-01,2.1627121E+00
8.613638E-02,-3.6238861E-01,2.1664505E+00
8.613966E-02,-3.7520599E-01,2.1697311E+00
8.614294E-02,-3.8855743E-01,2.1724014E+00
8.614621E-02,-4.0099335E-01,2.1728592E+00
8.614949E-02,-4.1464996E-01,2.1743851E+00
8.615277E-02,-4.2754364E-01,2.1743088E+00
8.615604E-02,-4.3852997E-01,2.1730881E+00
8.615932E-02,-4.5233917E-01,2.1722488E+00
8.616260E-02,-4.6439362E-01,2.1704941E+00
8.616588E-02,-4.7591400E-01,2.1676712E+00
8.616915E-02,-4.8743439E-01,2.1637039E+00
8.617243E-02,-4.9941254E-01,2.1594315E+00
8.617571E-02,-5.1001740E-01,2.1535568E+00
8.617898E-02,-5.2146149E-01,2.1476822E+00
8.618226E-02,-5.3092194E-01,2.1414261E+00
8.618554E-02,-5.4038239E-01,2.1342545E+00
8.618881E-02,-5.4946136E-01,2.1262436E+00
8.619209E-02,-5.5846405E-01,2.1166306E+00
8.619537E-02,-5.6586456E-01,2.1084671E+00
8.619864E-02,-5.7555389E-01,2.0977859E+00
8.620192E-02,-5.8287811E-01,2.0868759E+00
8.620520E-02,-5.8959198E-01,2.0748978E+00
8.620847E-02,-5.9760284E-01,2.0620041E+00
8.621175E-02,-6.0401154E-01,2.0489578E+00
8.621503E-02,-6.1011505E-01,2.0364456E+00
8.621830E-02,-6.1576080E-01,2.0221786E+00
8.622158E-02,-6.1980438E-01,2.0068436E+00
8.622486E-02,-6.2529755E-01,1.9902115E+00
8.622813E-02,-6.2911224E-01,1.9741898E+00
8.623141E-02,-6.3300323E-01,1.9568710E+00
8.623469E-02,-6.3613129E-01,1.9388657E+00
8.623796E-02,-6.3788605E-01,1.9210129E+00
8.624124E-02,-6.4070892E-01,1.9016342E+00
8.624452E-02,-6.4231110E-01,1.8822556E+00
8.624780E-02,-6.4383698E-01,1.8621902E+00
8.625107E-02,-6.4345551E-01,1.8409042E+00
8.625435E-02,-6.4360809E-01,1.8196945E+00
8.625763E-02,-6.4330292E-01,1.7982559E+00
8.626090E-02,-6.4253998E-01,1.7755966E+00
8.626418E-02,-6.4116669E-01,1.7533951E+00
8.626746E-02,-6.3941193E-01,1.7301254E+00
8.627073E-02,-6.3857269E-01,1.7054062E+00
8.627401E-02,-6.3498688E-01,1.6806107E+00
8.627729E-02,-6.3216400E-01,1.6547470E+00
8.628056E-02,-6.2789154E-01,1.6284256E+00
8.628384E-02,-6.2514496E-01,1.6028671E+00
8.628712E-02,-6.1995697E-01,1.5752487E+00
8.629039E-02,-6.1553192E-01,1.5476303E+00
8.629367E-02,-6.1087799E-01,1.5209274E+00
8.629695E-02,-6.0546112E-01,1.4939957E+00
8.630022E-02,-5.9844208E-01,1.4649277E+00
8.630350E-02,-5.9203339E-01,1.4357071E+00
8.630678E-02,-5.8600616E-01,1.4067154E+00
8.631005E-02,-5.7898712E-01,1.3765030E+00
8.631333E-02,-5.7135773E-01,1.3472824E+00
8.631661E-02,-5.6388092E-01,1.3160782E+00
8.631988E-02,-5.5594635E-01,1.2857895E+00
8.632316E-02,-5.4732513E-01,1.2538986E+00
8.632644E-02,-5.3878021E-01,1.2222366E+00
8.632972E-02,-5.3115082E-01,1.1895065E+00
8.633299E-02,-5.2207184E-01,1.1571579E+00
8.633627E-02,-5.1314545E-01,1.1251907E+00
8.633955E-02,-5.0353241E-01,1.0916214E+00
8.634282E-02,-4.9437714E-01,1.0578995E+00
8.634610E-02,-4.8415375E-01,1.0239487E+00
8.634938E-02,-4.7431183E-01,9.9045563E-01
8.635265E-02,-4.6439362E-01,9.5612335E-01
8.635593E-02,-4.5386505E-01,9.2171478E-01
8.635921E-02,-4.4272614E-01,8.8707733E-01
8.636248E-02,-4.3341827E-01,8.5205841E-01
8.636576E-02,-4.2327118E-01,8.1650543E-01
8.636904E-02,-4.1228485E-01,7.8156281E-01
8.637231E-02,-4.0236664E-01,7.4707794E-01
8.637559E-02,-3.9107513E-01,7.1114349E-01
8.637887E-02,-3.8169098E-01,6.7559052E-01
8.638214E-02,-3.7215424E-01,6.4049530E-01
8.638542E-02,-3.6193085E-01,6.0585785E-01
8.638870E-02,-3.5178375E-01,5.7266998E-01
8.639197E-02,-3.4171295E-01,5.3810883E-01
8.639525E-02,-3.3148956E-01,5.0286102E-01
8.639853E-02,-3.2073212E-01,4.6623993E-01
8.640180E-02,-3.1020355E-01,4.3183136E-01
8.640508E-02,-2.9944611E-01,3.9528656E-01
8.640836E-02,-2.8907013E-01,3.5958099E-01
8.641164E-02,-2.7854156E-01,3.2311249E-01
8.641491E-02,-2.6923370E-01,2.8809357E-01
8.641819E-02,-2.5878143E-01,2.5231171E-01
8.642147E-02,-2.4848175E-01,2.1675873E-01
8.642474E-02,-2.3856354E-01,1.8044281E-01
8.642802E-02,-2.2948456E-01,1.4504242E-01
8.643130E-02,-2.2048187E-01,1.0872650E-01
8.643457E-02,-2.1002960E-01,7.2868347E-02
8.643785E-02,-2.0087433E-01,3.7467957E-02
8.644113E-02,-1.9164276E-01,2.0675659E-03
8.644440E-02,-1.8347931E-01,-3.3638000E-02
8.644768E-02,-1.7478180E-01,-6.8046570E-02
8.645096E-02,-1.6715240E-01,-1.0207367E-01
8.645423E-02,-1.5914154E-01,-1.3709259E-01
8.645751E-02,-1.5013885E-01,-1.7127228E-01
8.646079E-02,-1.4357758E-01,-2.0453644E-01
8.646406E-02,-1.3549042E-01,-2.3886871E-01
8.646734E-02,-1.2908173E-01,-2.7320099E-01
8.647062E-02,-1.2152863E-01,-3.0562592E-01
8.647389E-02,-1.1565399E-01,-3.3774567E-01
8.647717E-02,-1.0939789E-01,-3.7032318E-01
8.648045E-02,-1.0390472E-01,-4.0213776E-01
8.648372E-02,-9.8411560E-02,-4.3494415E-01
8.648700E-02,-9.2689514E-02,-4.6569061E-01
8.649028E-02,-8.7272644E-02,-4.9689484E-01
8.649356E-02,-8.2466125E-02,-5.2718353E-01
8.649683E-02,-7.8575134E-02,-5.5716705E-01
8.650011E-02,-7.4531555E-02,-5.8684540E-01
8.650339E-02,-6.9725037E-02,-6.1614227E-01
8.650666E-02,-6.6596985E-02,-6.4582062E-01
8.650994E-02,-6.3240051E-02,-6.7366791E-01
8.651322E-02,-5.9425354E-02,-7.0121002E-01
8.651649E-02,-5.6907654E-02,-7.2821808E-01
8.651977E-02,-5.3779602E-02,-7.5583649E-01
8.652305E-02,-5.0498962E-02,-7.8223419E-01
8.652632E-02,-4.8744202E-02,-8.0847931E-01
8.652960E-02,-4.6989441E-02,-8.3449554E-01
8.653288E-02,-4.4395447E-02,-8.6005402E-01
8.653615E-02,-4.3098450E-02,-8.8538361E-01
8.653943E-02,-4.1496277E-02,-9.0941620E-01
8.654271E-02,-4.0351868E-02,-9.3329620E-01
8.654598E-02,-3.9665222E-02,-9.5473480E-01
8.654926E-02,-3.8825989E-02,-9.7716522E-01
8.655254E-02,-3.8215637E-02,-9.9936676E-01
8.655581E-02,-3.7986755E-02,-1.0204239E+00
8.655909E-02,-3.7376404E-02,-1.0399551E+00
8.656237E-02,-3.6155701E-02,-1.0602493E+00
8.656564E-02,-3.7376404E-02,-1.0790939E+00
8.656892E-02,-3.7757874E-02,-1.0990829E+00
8.657220E-02,-3.8063049E-02,-1.1167831E+00
8.657548E-02,-3.7834167E-02,-1.1344833E+00
8.657875E-02,-3.9360046E-02,-1.1496658E+00
8.658203E-02,-3.8902283E-02,-1.1653061E+00
8.658531E-02,-3.9588928E-02,-1.1804886E+00
8.658858E-02,-4.0504456E-02,-1.1949081E+00
8.659186E-02,-4.0351868E-02,-1.2081070E+00
8.659514E-02,-4.1725159E-02,-1.2199326E+00
8.659841E-02,-4.2259216E-02,-1.2336655E+00
8.660169E-02,-4.3327332E-02,-1.2448807E+00
8.660497E-02,-4.4242859E-02,-1.2555618E+00
8.660824E-02,-4.5692444E-02,-1.2658615E+00
8.661152E-02,-4.6607971E-02,-1.2760849E+00
8.661480E-02,-4.7218323E-02,-1.2831039E+00
8.661807E-02,-4.7370911E-02,-1.2913437E+00
8.662135E-02,-4.9659729E-02,-1.2987442E+00
8.662463E-02,-4.9736023E-02,-1.3054581E+00
8.662790E-02,-5.0880432E-02,-1.3108749E+00
8.663118E-02,-5.1490784E-02,-1.3165207E+00
8.663446E-02,-5.2330017E-02,-1.3217087E+00
8.663773E-02,-5.2635193E-02,-1.3254471E+00
8.664101E-02,-5.3398132E-02,-1.3276596E+00
8.664429E-02,-5.4008484E-02,-1.3294907E+00
8.664756E-02,-5.3321838E-02,-1.3302536E+00
8.665084E-02,-5.3855896E-02,-1.3301773E+00
8.665412E-02,-5.3855896E-02,-1.3299484E+00
8.665740E-02,-5.4084778E-02,-1.3300247E+00
8.666067E-02,-5.3398132E-02,-1.3271255E+00
8.666395E-02,-5.3550720E-02,-1.3250656E+00
8.666723E-02,-5.3016663E-02,-1.3221664E+00
8.667050E-02,-5.3092957E-02,-1.3177414E+00
8.667378E-02,-5.1414490E-02,-1.3130112E+00
8.667706E-02,-5.1185608E-02,-1.3076706E+00
8.668033E-02,-4.9659729E-02,-1.3011856E+00
8.668361E-02,-4.9049377E-02,-1.2943954E+00
8.668689E-02,-4.8210144E-02,-1.2865372E+00
8.669016E-02,-4.6607971E-02,-1.2775345E+00
8.669344E-02,-4.4853210E-02,-1.2679977E+00
8.669672E-02,-4.3098450E-02,-1.2585373E+00
8.669999E-02,-4.0733337E-02,-1.2482376E+00
8.670327E-02,-3.8139343E-02,-1.2365646E+00
8.670655E-02,-3.6460876E-02,-1.2250443E+00
8.670982E-02,-3.4019470E-02,-1.2116165E+00
8.671310E-02,-3.1578064E-02,-1.1976547E+00
8.671638E-02,-2.9365540E-02,-1.1833115E+00
8.671965E-02,-2.5321960E-02,-1.1685867E+00
8.672293E-02,-2.1888733E-02,-1.1534805E+00
8.672621E-02,-1.7921448E-02,-1.1374588E+00
8.672948E-02,-1.6471863E-02,-1.1199112E+00
8.673276E-02,-1.3343811E-02,-1.1026688E+00
8.673604E-02,-9.3002319E-03,-1.0832901E+00
8.673932E-02,-5.7144165E-03,-1.0642166E+00
8.674259E-02,-2.2811890E-03,-1.0450668E+00
8.674587E-02,2.8305054E-03,-1.0251541E+00
8.674915E-02,7.0266724E-03,-1.0047073E+00
8.675242E-02,1.0231018E-02,-9.8136139E-01
8.675570E-02,1.4961243E-02,-9.6030426E-01
8.675898E-02,1.8775940E-02,-9.3756866E-01
8.676225E-02,2.4116516E-02,-9.1475677E-01
8.676553E-02,2.7854919E-02,-8.9125824E-01
8.676881E-02,3.2966614E-02,-8.6646271E-01
8.677208E-02,3.7162781E-02,-8.4136200E-01
8.677536E-02,4.2274475E-02,-8.1580353E-01
8.677864E-02,4.7004700E-02,-7.9032135E-01
8.678191E-02,5.1124573E-02,-7.6422882E-01
8.678519E-02,5.6617737E-02,-7.3691559E-01
8.678847E-02,6.1653137E-02,-7.0983124E-01
8.679174E-02,6.6078186E-02,-6.8213654E-01
8.679502E-02,6.9816589E-02,-6.5314484E-01
8.679830E-02,7.3783875E-02,-6.2529755E-01
8.680157E-02,7.7445984E-02,-5.9523773E-01
8.680485E-02,8.2099915E-02,-5.6487274E-01
8.680813E-02,8.6296082E-02,-5.3359222E-01
8.681140E-02,9.0797424E-02,-5.0353241E-01
8.681468E-02,9.5146179E-02,-4.7270966E-01
8.681796E-02,9.9037170E-02,-4.4074249E-01
8.682124E-02,1.0330963E-01,-4.0930939E-01
8.682451E-02,1.0628510E-01,-3.7795258E-01
8.682779E-02,1.0979462E-01,-3.4568024E-01
8.683107E-02,1.1307526E-01,-3.1363678E-01
8.683434E-02,1.1528778E-01,-2.8144073E-01
8.683762E-02,1.1887360E-01,-2.4741364E-01
8.684090E-02,1.2070465E-01,-2.1331024E-01
8.684417E-02,1.2284088E-01,-1.7920685E-01
8.684745E-02,1.2543488E-01,-1.4456940E-01
8.685073E-02,1.2749481E-01,-1.1008453E-01
8.685400E-02,1.2932587E-01,-7.6210022E-02
8.685728E-02,1.3054657E-01,-4.1877747E-02
8.686056E-02,1.3230133E-01,-6.6299438E-03
8.686383E-02,1.3367462E-01,2.8236389E-02
8.686711E-02,1.3344574E-01,6.3865662E-02
8.687039E-02,1.3245392E-01,9.9571228E-02
8.687366E-02,1.3245392E-01,1.3520050E-01
8.687694E-02,1.3214874E-01,1.7067719E-01
8.688022E-02,1.3161469E-01,2.0699310E-01
8.688349E-02,1.3077545E-01,2.4224091E-01
8.688677E-02,1.2978363E-01,2.7901459E-01
8.689005E-02,1.2764740E-01,3.1525421E-01
8.689332E-02,1.2566376E-01,3.5126495E-01
8.689660E-02,1.2383270E-01,3.8697052E-01
8.689988E-02,1.2009430E-01,4.2366791E-01
8.690316E-02,1.1742401E-01,4.5906830E-01
8.690643E-02,1.1437225E-01,4.9454498E-01
8.690971E-02,1.0964203E-01,5.3002167E-01
8.691299E-02,1.0536957E-01,5.6496429E-01
8.691626E-02,1.0208893E-01,5.9876251E-01
8.691954E-02,9.6214294E-02,6.3263702E-01
8.692282E-02,9.0644836E-02,6.6841888E-01
8.692609E-02,8.5456848E-02,7.0351410E-01
8.692937E-02,7.9124451E-02,7.3921967E-01
8.693265E-02,7.2868347E-02,7.7408600E-01
8.693592E-02,6.5315247E-02,8.0918121E-01
8.693920E-02,5.8753967E-02,8.4374237E-01
8.694248E-02,5.1353455E-02,8.7921906E-01
8.694575E-02,4.2350769E-02,9.1400909E-01
8.694903E-02,3.4492493E-02,9.4803619E-01
8.695231E-02,2.6176453E-02,9.8282623E-01
8.695558E-02,1.7021179E-02,1.0169296E+00
8.695886E-02,7.4844360E-03,1.0510330E+00
8.696214E-02,-2.2048950E-03,1.0845261E+00
8.696541E-02,-1.0978699E-02,1.1178665E+00
8.696869E-02,-2.1583557E-02,1.1496811E+00
8.697197E-02,-3.1883240E-02,1.1830215E+00
8.697524E-02,-4.2716980E-02,1.2150650E+00
8.697852E-02,-5.3474426E-02,1.2467270E+00
8.698180E-02,-6.5605164E-02,1.2796860E+00
8.698508E-02,-7.6896667E-02,1.3098984E+00
8.698835E-02,-8.8111877E-02,1.3402634E+00
8.699163E-02,-1.0131073E-01,1.3711624E+00
8.699491E-02,-1.1412811E-01,1.4003830E+00
8.699818E-02,-1.2602997E-01,1.4310532E+00
8.700146E-02,-1.3930511E-01,1.4590530E+00
8.700474E-02,-1.5364838E-01,1.4878159E+00
8.700801E-02,-1.6654205E-01,1.5149765E+00
8.701129E-02,-1.8058014E-01,1.5429764E+00
8.701457E-02,-1.9408417E-01,1.5700607E+00
8.701784E-02,-2.0888519E-01,1.5974503E+00
8.702112E-02,-2.2216034E-01,1.6239243E+00
8.702440E-02,-2.3696136E-01,1.6496353E+00
8.702767E-02,-2.5038910E-01,1.6757278E+00
8.703095E-02,-2.6557159E-01,1.7007523E+00
8.703423E-02,-2.7861786E-01,1.7241745E+00
8.703750E-02,-2.9303741E-01,1.7478256E+00
8.704078E-02,-3.0745697E-01,1.7712479E+00
8.704406E-02,-3.2202911E-01,1.7938309E+00
8.704733E-02,-3.3766937E-01,1.8159561E+00
8.705061E-02,-3.5079193E-01,1.8370895E+00
8.705389E-02,-3.6414337E-01,1.8582230E+00
8.705716E-02,-3.7764740E-01,1.8781357E+00
8.706044E-02,-3.9092255E-01,1.8982773E+00
8.706372E-02,-4.0465546E-01,1.9178085E+00
8.706700E-02,-4.1869354E-01,1.9353561E+00
8.707027E-02,-4.3151093E-01,1.9525986E+00
8.707355E-02,-4.4478607E-01,1.9698410E+00
8.707683E-02,-4.5783234E-01,1.9870834E+00
8.708010E-02,-4.7187042E-01,2.0032578E+00
8.708338E-02,-4.8453522E-01,2.0175247E+00
8.708666E-02,-4.9826813E-01,2.0329361E+00
8.708993E-02,-5.1001740E-01,2.0461349E+00
8.709321E-02,-5.2260590E-01,2.0594864E+00
8.709649E-02,-5.3595734E-01,2.0713882E+00
8.709976E-02,-5.4732513E-01,2.0821457E+00
8.710304E-02,-5.5930328E-01,2.0945053E+00
8.710632E-02,-5.7013702E-01,2.1051102E+00
8.710959E-02,-5.8127594E-01,2.1141129E+00
8.711287E-02,-5.9272003E-01,2.1233444E+00
8.711615E-02,-6.0286713E-01,2.1316605E+00
8.711942E-02,-6.1248016E-01,2.1396713E+00
8.712270E-02,-6.2186432E-01,2.1462326E+00
8.712598E-02,-6.3086700E-01,2.1518021E+00
8.712925E-02,-6.3956451E-01,2.1567612E+00
8.713253E-02,-6.4795685E-01,2.1620255E+00
8.713581E-02,-6.5604401E-01,2.1656876E+00
8.713908E-02,-6.6329193E-01,2.1685867E+00
8.714236E-02,-6.7115021E-01,2.1707993E+00
8.714564E-02,-6.7725372E-01,2.1721725E+00
8.714892E-02,-6.8373871E-01,2.1735458E+00
8.715219E-02,-6.8862152E-01,2.1739273E+00
8.715547E-02,-6.9441986E-01,2.1722488E+00
8.715875E-02,-6.9884491E-01,2.1710281E+00
8.716202E-02,-7.0418549E-01,2.1698074E+00
8.716530E-02,-7.0670319E-01,2.1672134E+00
8.716858E-02,-7.1044159E-01,2.1638565E+00
8.717185E-02,-7.1410370E-01,2.1587448E+00
8.717513E-02,-7.1685028E-01,2.1540909E+00
8.717841E-02,-7.1852875E-01,2.1477585E+00
8.718168E-02,-7.1959686E-01,2.1416550E+00
8.718496E-02,-7.2097015E-01,2.1341019E+00
8.718824E-02,-7.2074127E-01,2.1260910E+00
8.719151E-02,-7.2081757E-01,2.1173172E+00
8.719479E-02,-7.1959686E-01,2.1088486E+00
8.719807E-02,-7.1883392E-01,2.0979385E+00
8.720134E-02,-7.1707916E-01,2.0881729E+00
8.720462E-02,-7.1494293E-01,2.0771103E+00
8.720790E-02,-7.1318817E-01,2.0646744E+00
8.721117E-02,-7.1028900E-01,2.0517807E+00
8.721445E-02,-7.0601654E-01,2.0385818E+00
8.721773E-02,-7.0349884E-01,2.0236282E+00
8.722100E-02,-6.9846344E-01,2.0089035E+00
8.722428E-02,-6.9327545E-01,1.9936447E+00
8.722756E-02,-6.8785858E-01,1.9767075E+00
8.723084E-02,-6.8236542E-01,1.9593124E+00
8.723411E-02,-6.7610931E-01,1.9416885E+00
8.723739E-02,-6.6970062E-01,1.9235306E+00
8.724067E-02,-6.6313934E-01,1.9056778E+00
8.724394E-02,-6.5573883E-01,1.8863754E+00
8.724722E-02,-6.4803314E-01,1.8651657E+00
8.725050E-02,-6.3971710E-01,1.8441849E+00
8.725377E-02,-6.3170624E-01,1.8233566E+00
8.725705E-02,-6.2300873E-01,1.8014603E+00
8.726033E-02,-6.1354828E-01,1.7784195E+00
8.726360E-02,-6.0500336E-01,1.7549973E+00
8.726688E-02,-5.9470367E-01,1.7322617E+00
8.727016E-02,-5.8379364E-01,1.7086105E+00
8.727343E-02,-5.7379913E-01,1.6841202E+00
8.727671E-02,-5.6334686E-01,1.6588669E+00
8.727999E-02,-5.5129242E-01,1.6324692E+00
8.728326E-02,-5.4152679E-01,1.6063766E+00
8.728654E-02,-5.2939606E-01,1.5785294E+00
8.728982E-02,-5.1680756E-01,1.5522079E+00
8.729309E-02,-5.0627899E-01,1.5245895E+00
8.729637E-02,-4.9346161E-01,1.4966660E+00
8.729965E-02,-4.8285675E-01,1.4687424E+00
8.730292E-02,-4.7011566E-01,1.4400558E+00
8.730620E-02,-4.5851898E-01,1.4103775E+00
8.730948E-02,-4.4707489E-01,1.3801651E+00
8.731276E-02,-4.3379974E-01,1.3508682E+00
8.731603E-02,-4.2128754E-01,1.3198929E+00
8.731931E-02,-4.0991974E-01,1.2897568E+00
8.732259E-02,-3.9756012E-01,1.2580185E+00
8.732586E-02,-3.8657379E-01,1.2255936E+00
8.732914E-02,-3.7352753E-01,1.1940079E+00
8.733242E-02,-3.6071014E-01,1.1619644E+00
8.733569E-02,-3.4880829E-01,1.1301498E+00
8.733897E-02,-3.3728790E-01,1.0971146E+00
8.734225E-02,-3.2530975E-01,1.0633163E+00
8.734552E-02,-3.1172943E-01,1.0286789E+00
8.734880E-02,-2.9929352E-01,9.9510956E-01
8.735208E-02,-2.8769684E-01,9.6070099E-01
8.735535E-02,-2.7518463E-01,9.2621613E-01
8.735863E-02,-2.6343536E-01,8.9218903E-01
8.736191E-02,-2.5145721E-01,8.5785675E-01
8.736518E-02,-2.3879242E-01,8.2337189E-01
8.736846E-02,-2.2711945E-01,7.8881073E-01
8.737174E-02,-2.1567535E-01,7.5333405E-01
8.737501E-02,-2.0476532E-01,7.1778107E-01
8.737829E-02,-1.9301605E-01,6.8260956E-01
8.738157E-02,-1.8210602E-01,6.4682770E-01
8.738484E-02,-1.7104340E-01,6.1287689E-01
8.738812E-02,-1.6104889E-01,5.7900238E-01
8.739140E-02,-1.5006256E-01,5.4505157E-01
8.739468E-02,-1.4113617E-01,5.0896454E-01
8.739795E-02,-1.3167572E-01,4.7348785E-01
8.740123E-02,-1.2191010E-01,4.3831635E-01
8.740451E-02,-1.1328888E-01,4.0123749E-01
8.740778E-02,-1.0451508E-01,3.6530304E-01
8.741106E-02,-9.5130920E-02,3.2944489E-01
8.741434E-02,-8.7120056E-02,2.9396820E-01
8.741761E-02,-7.9872131E-02,2.5704193E-01
8.742089E-02,-7.1403503E-02,2.2087860E-01
8.742417E-02,-6.4460754E-02,1.8532562E-01
8.742744E-02,-5.7518005E-02,1.5000153E-01
8.743072E-02,-5.1414490E-02,1.1391449E-01
8.743400E-02,-4.4624329E-02,7.7674866E-02
8.743727E-02,-3.9207458E-02,4.2579651E-02
8.744055E-02,-3.3180237E-02,7.8659058E-03
8.744383E-02,-2.8297424E-02,-2.7000427E-02
8.744710E-02,-2.3719788E-02,-6.1637878E-02
8.745038E-02,-1.9218445E-02,-9.6733093E-02
8.745366E-02,-1.3572693E-02,-1.3014984E-01
8.745693E-02,-9.9868774E-03,-1.6463470E-01
8.746021E-02,-6.0958862E-03,-1.9904327E-01
8.746349E-02,-2.3574829E-03,-2.3322296E-01
8.746676E-02,1.0757446E-03,-2.6694489E-01
8.747004E-02,3.0593872E-03,-2.9975128E-01
8.747332E-02,5.8822632E-03,-3.3271027E-01
8.747660E-02,7.1029663E-03,-3.6391449E-01
8.747987E-02,1.0231018E-02,-3.9626312E-01
8.748315E-02,1.1680603E-02,-4.2716217E-01
8.748643E-02,1.2748718E-02,-4.5851898E-01
8.748970E-02,1.5266418E-02,-4.8934174E-01
8.749298E-02,1.5190125E-02,-5.1955414E-01
8.749626E-02,1.5953064E-02,-5.5052948E-01
8.749953E-02,1.6716003E-02,-5.8089447E-01
8.750281E-02,1.6334534E-02,-6.1064911E-01
8.750609E-02,1.6792297E-02,-6.3956451E-01
8.750936E-02,1.5800476E-02,-6.6817474E-01
8.751264E-02,1.5953064E-02,-6.9701385E-01
8.751592E-02,1.4884949E-02,-7.2440338E-01
8.751919E-02,1.4503479E-02,-7.5080109E-01
8.752247E-02,1.3206482E-02,-7.7758026E-01
8.752575E-02,1.2519836E-02,-8.0413055E-01
8.752902E-02,1.0765076E-02,-8.3007050E-01
8.753230E-02,9.1629028E-03,-8.5494232E-01
8.753558E-02,7.4844360E-03,-8.7882233E-01
8.753885E-02,6.7214966E-03,-9.0384674E-01
8.754213E-02,3.7460327E-03,-9.2795563E-01
8.754541E-02,2.5253296E-03,-9.5053864E-01
8.754868E-02,8.3923340E-05,-9.7251129E-01
8.755196E-02,-2.4337769E-03,-9.9394989E-01
8.755524E-02,-4.5700073E-03,-1.0156937E+00
8.755852E-02,-6.7062378E-03,-1.0356827E+00
8.756179E-02,-9.1476440E-03,-1.0554428E+00
8.756507E-02,-1.0902405E-02,-1.0739822E+00
8.756835E-02,-1.3420105E-02,-1.0926743E+00
8.757162E-02,-1.5632629E-02,-1.1117477E+00
8.757490E-02,-1.8608093E-02,-1.1292191E+00
8.757818E-02,-2.1049500E-02,-1.1457748E+00
8.758145E-02,-2.3719788E-02,-1.1611099E+00
8.758473E-02,-2.5627136E-02,-1.1769791E+00
8.758801E-02,-2.7687073E-02,-1.1910172E+00
8.759128E-02,-3.0052185E-02,-1.2050552E+00
8.759456E-02,-3.2112122E-02,-1.2191696E+00
8.759784E-02,-3.3943176E-02,-1.2319870E+00
8.760111E-02,-3.7834167E-02,-1.2427444E+00
8.760439E-02,-3.9131165E-02,-1.2542648E+00
8.760767E-02,-4.0504456E-02,-1.2640305E+00
8.761094E-02,-4.3785095E-02,-1.2737961E+00
8.761422E-02,-4.4013977E-02,-1.2829514E+00
8.761750E-02,-4.6379089E-02,-1.2908096E+00
8.762077E-02,-4.7676086E-02,-1.2983627E+00
8.762405E-02,-4.9812317E-02,-1.3047714E+00
8.762733E-02,-4.9659729E-02,-1.3105698E+00
8.763060E-02,-5.1643372E-02,-1.3145370E+00
8.763388E-02,-5.2558899E-02,-1.3203354E+00
8.763716E-02,-5.2330017E-02,-1.3236160E+00
8.764044E-02,-5.2635193E-02,-1.3255997E+00
8.764371E-02,-5.2940369E-02,-1.3284988E+00
8.764699E-02,-5.4161072E-02,-1.3309402E+00
8.765027E-02,-5.3932190E-02,-1.3308640E+00
8.765354E-02,-5.3627014E-02,-1.3307114E+00
8.765682E-02,-5.3245544E-02,-1.3296432E+00
8.766010E-02,-5.3245544E-02,-1.3275070E+00
8.766337E-02,-5.2024841E-02,-1.3254471E+00
8.766665E-02,-5.2940369E-02,-1.3213272E+00
8.766993E-02,-5.1567078E-02,-1.3181229E+00
8.767320E-02,-5.0880432E-02,-1.3136978E+00
8.767648E-02,-5.0041199E-02,-1.3075943E+00
8.767976E-02,-4.9430847E-02,-1.3011856E+00
8.768303E-02,-4.8439026E-02,-1.2942429E+00
8.768631E-02,-4.6379089E-02,-1.2866898E+00
8.768959E-02,-4.5387268E-02,-1.2786026E+00
8.769286E-02,-4.3861389E-02,-1.2697525E+00
8.769614E-02,-4.1725159E-02,-1.2592239E+00
8.769942E-02,-3.9588928E-02,-1.2492294E+00
8.770269E-02,-3.8139343E-02,-1.2379379E+00
8.770597E-02,-3.6079407E-02,-1.2248917E+00
8.770925E-02,-3.3790588E-02,-1.2126083E+00
8.771252E-02,-3.1425476E-02,-1.1990280E+00
8.771580E-02,-2.9060364E-02,-1.1852188E+00
8.771908E-02,-2.6084900E-02,-1.1713333E+00
8.772236E-02,-2.3719788E-02,-1.1550827E+00
8.772563E-02,-2.1965027E-02,-1.1391373E+00
8.772891E-02,-1.9065857E-02,-1.1232681E+00
8.773219E-02,-1.6624451E-02,-1.1054153E+00
8.773546E-02,-1.3725281E-02,-1.0854263E+00
8.773874E-02,-1.1817932E-02,-1.0674973E+00
8.774202E-02,-9.3765259E-03,-1.0478897E+00
8.774529E-02,-6.5536499E-03,-1.0279770E+00
8.774857E-02,-4.6463013E-03,-1.0078354E+00
8.775185E-02,-1.9760132E-03,-9.8609161E-01
8.775512E-02,2.3651123E-04,-9.6434784E-01
8.775840E-02,2.9830933E-03,-9.4153595E-01
8.776168E-02,5.7296753E-03,-9.1895294E-01
8.776495E-02,7.3318481E-03,-8.9476776E-01
8.776823E-02,1.0383606E-02,-8.7088776E-01
8.777151E-02,1.2138367E-02,-8.4601593E-01
8.777478E-02,1.4198303E-02,-8.2022858E-01
8.777806E-02,1.5342712E-02,-7.9383087E-01
8.778134E-02,1.8318176E-02,-7.6712799E-01
8.778461E-02,1.9004822E-02,-7.4042511E-01
8.778789E-02,2.1446228E-02,-7.1356964E-01
8.779117E-02,2.2438049E-02,-6.8625641E-01
8.779444E-02,2.3353577E-02,-6.5871429E-01
8.779772E-02,2.3048401E-02,-6.2987518E-01
8.780100E-02,2.4192810E-02,-6.0080719E-01
8.780428E-02,2.4879456E-02,-5.7067108E-01
8.780755E-02,2.5184631E-02,-5.3992462E-01
8.781083E-02,2.5871277E-02,-5.0963593E-01
8.781411E-02,2.5413513E-02,-4.7805023E-01
8.781738E-02,2.4421692E-02,-4.4654083E-01
8.782066E-02,2.4497986E-02,-4.1503143E-01
8.782394E-02,2.3277283E-02,-3.8306427E-01
8.782721E-02,2.3048401E-02,-3.5102081E-01
8.783049E-02,2.0835876E-02,-3.1890106E-01
8.783377E-02,1.8852234E-02,-2.8624725E-01
8.783704E-02,1.7707825E-02,-2.5222015E-01
8.784032E-02,1.4961243E-02,-2.1857452E-01
8.784360E-02,1.1451721E-02,-1.8401337E-01
8.784687E-02,8.7814331E-03,-1.5059662E-01
8.785015E-02,5.7296753E-03,-1.1603546E-01
8.785343E-02,2.3727417E-03,-8.1245422E-02
8.785670E-02,-9.8419189E-04,-4.7523499E-02
8.785998E-02,-5.0277710E-03,-1.2199402E-02
8.786326E-02,-9.1476440E-03,2.3048401E-02
8.786653E-02,-1.4106750E-02,5.7914734E-02
8.786981E-02,-2.0057678E-02,9.3162537E-02
8.787309E-02,-2.5627136E-02,1.2940216E-01
8.787636E-02,-3.1578064E-02,1.6503143E-01
8.787964E-02,-3.7376404E-02,2.0119476E-01
8.788292E-02,-4.3632507E-02,2.3735809E-01
8.788620E-02,-4.9583435E-02,2.7390289E-01
8.788947E-02,-5.6602478E-02,3.0930328E-01
8.789275E-02,-6.4002991E-02,3.4493256E-01
8.789603E-02,-7.1632385E-02,3.8132477E-01
8.789930E-02,-7.9338074E-02,4.1786957E-01
8.790258E-02,-8.7196350E-02,4.5319366E-01
8.790586E-02,-9.6351624E-02,4.8905182E-01
8.790913E-02,-1.0718536E-01,5.2490997E-01
8.791241E-02,-1.1550140E-01,5.5954742E-01
8.791569E-02,-1.2442780E-01,5.9357452E-01
8.791896E-02,-1.3480377E-01,6.2729645E-01
8.792224E-02,-1.4464569E-01,6.6216278E-01
8.792552E-02,-1.5494537E-01,6.9824982E-01
8.792879E-02,-1.6524506E-01,7.3395538E-01
8.793207E-02,-1.7539215E-01,7.6912689E-01
8.793535E-02,-1.8698883E-01,8.0391693E-01
8.793862E-02,-1.9789886E-01,8.3946991E-01
8.794190E-02,-2.0949554E-01,8.7502289E-01
8.794518E-02,-2.2124481E-01,9.0988922E-01
8.794845E-02,-2.3451996E-01,9.4353485E-01
8.795173E-02,-2.4581146E-01,9.7718048E-01
8.795501E-02,-2.5725555E-01,1.0116653E+00
8.795828E-02,-2.7060699E-01,1.0453110E+00
8.796156E-02,-2.8266144E-01,1.0787277E+00
8.796484E-02,-2.9486847E-01,1.1119156E+00
8.796812E-02,-3.0730438E-01,1.1451797E+00
8.797139E-02,-3.1981659E-01,1.1772232E+00
8.797467E-02,-3.3293915E-01,1.2092667E+00
8.797795E-02,-3.4522247E-01,1.2430649E+00
8.798122E-02,-3.5773468E-01,1.2738876E+00
8.798450E-02,-3.7032318E-01,1.3046341E+00
8.798778E-02,-3.8283539E-01,1.3349228E+00
8.799105E-02,-3.9580536E-01,1.3658981E+00
8.799433E-02,-4.0724945E-01,1.3947372E+00
8.799761E-02,-4.1938019E-01,1.4243393E+00
8.800088E-02,-4.3173981E-01,1.4530258E+00
8.800416E-02,-4.4379425E-01,1.4817123E+00
8.800744E-02,-4.5653534E-01,1.5097122E+00
8.801071E-02,-4.6927643E-01,1.5371017E+00
8.801399E-02,-4.8155975E-01,1.5644150E+00
8.801727E-02,-4.9369049E-01,1.5918808E+00
8.802054E-02,-5.0559235E-01,1.6188889E+00
8.802382E-02,-5.1703644E-01,1.6448288E+00
8.802710E-02,-5.2901459E-01,1.6708450E+00
8.803037E-02,-5.4152679E-01,1.6957932E+00
8.803365E-02,-5.5175018E-01,1.7204361E+00
8.803693E-02,-5.6327057E-01,1.7437820E+00
8.804020E-02,-5.7395172E-01,1.7675095E+00
8.804348E-02,-5.8539581E-01,1.7897873E+00
8.804676E-02,-5.9508514E-01,1.8122177E+00
8.805004E-02,-6.0462189E-01,1.8341904E+00
8.805331E-02,-6.1461639E-01,1.8550186E+00
8.805659E-02,-6.2415314E-01,1.8748550E+00
8.805987E-02,-6.3346100E-01,1.8956070E+00
8.806314E-02,-6.4192963E-01,1.9146042E+00
8.806642E-02,-6.5062714E-01,1.9335251E+00
8.806970E-02,-6.5833282E-01,1.9515305E+00
8.807297E-02,-6.6596222E-01,1.9677811E+00
8.807625E-02,-6.7198944E-01,1.9848709E+00
8.807953E-02,-6.7916107E-01,2.0013504E+00
8.808280E-02,-6.8587494E-01,2.0166855E+00
8.808608E-02,-6.9060516E-01,2.0309525E+00
8.808936E-02,-6.9678497E-01,2.0451431E+00
8.809263E-02,-7.0212555E-01,2.0578079E+00
8.809591E-02,-7.0571136E-01,2.0702438E+00
8.809919E-02,-7.1059418E-01,2.0816879E+00
8.810246E-02,-7.1402740E-01,2.0939713E+00
8.810574E-02,-7.1746063E-01,2.1041946E+00
8.810902E-02,-7.1967316E-01,2.1135788E+00
8.811229E-02,-7.2127533E-01,2.1227341E+00
8.811557E-02,-7.2287750E-01,2.1313553E+00
8.811885E-02,-7.2333527E-01,2.1389084E+00
8.812212E-02,-7.2516632E-01,2.1460037E+00
8.812540E-02,-7.2600555E-01,2.1512680E+00
8.812868E-02,-7.2531891E-01,2.1563034E+00
8.813196E-02,-7.2447968E-01,2.1614914E+00
8.813523E-02,-7.2318268E-01,2.1656876E+00
8.813851E-02,-7.2127533E-01,2.1681290E+00
8.814179E-02,-7.1822357E-01,2.1711044E+00
8.814506E-02,-7.1555328E-01,2.1733170E+00
8.814834E-02,-7.1189117E-01,2.1737747E+00
8.815162E-02,-7.0761871E-01,2.1744614E+00
8.815489E-02,-7.0456696E-01,2.1740036E+00
8.815817E-02,-6.9930267E-01,2.1732407E+00
8.816145E-02,-6.9480133E-01,2.1704178E+00
8.816472E-02,-6.8885040E-01,2.1678238E+00
8.816800E-02,-6.8305206E-01,2.1640854E+00
8.817128E-02,-6.7595673E-01,2.1599655E+00
8.817455E-02,-6.6916656E-01,2.1557693E+00
8.817783E-02,-6.6207123E-01,2.1502762E+00
8.818111E-02,-6.5444183E-01,2.1434860E+00
8.818438E-02,-6.4688873E-01,2.1366959E+00
8.818766E-02,-6.3796234E-01,2.1288376E+00
8.819094E-02,-6.2934113E-01,2.1201401E+00
8.819421E-02,-6.1843109E-01,2.1108322E+00
8.819749E-02,-6.0950470E-01,2.1013718E+00
8.820077E-02,-6.0034943E-01,2.0910721E+00
8.820404E-02,-5.8890533E-01,2.0796280E+00
8.820732E-02,-5.7723236E-01,2.0671158E+00
8.821060E-02,-5.6563568E-01,2.0543747E+00
8.821388E-02,-5.5457306E-01,2.0407181E+00
8.821715E-02,-5.4236603E-01,2.0264511E+00
8.822043E-02,-5.2985382E-01,2.0123367E+00
8.822371E-02,-5.1787567E-01,1.9967728E+00
8.822698E-02,-5.0490570E-01,1.9799118E+00
8.823026E-02,-4.9300385E-01,1.9632034E+00
8.823354E-02,-4.8033905E-01,1.9458084E+00
8.823681E-02,-4.6736908E-01,1.9280319E+00
8.824009E-02,-4.5378876E-01,1.9094925E+00
8.824337E-02,-4.4036102E-01,1.8895035E+00
8.824664E-02,-4.2647552E-01,1.8692093E+00
8.824992E-02,-4.1358185E-01,1.8487625E+00
8.825320E-02,-3.9984894E-01,1.8269424E+00
8.825647E-02,-3.8756561E-01,1.8057327E+00
8.825975E-02,-3.7413788E-01,1.7833023E+00
8.826303E-02,-3.5971832E-01,1.7612534E+00
8.826630E-02,-3.4552765E-01,1.7376785E+00
8.826958E-02,-3.3225250E-01,1.7139511E+00
8.827286E-02,-3.1890106E-01,1.6890793E+00
8.827613E-02,-3.0348969E-01,1.6632156E+00
8.827941E-02,-2.8968048E-01,1.6373520E+00
8.828269E-02,-2.7617645E-01,1.6118698E+00
8.828596E-02,-2.6107025E-01,1.5847855E+00
8.828924E-02,-2.4733734E-01,1.5578537E+00
8.829252E-02,-2.3322296E-01,1.5300064E+00
8.829580E-02,-2.1987152E-01,1.5020828E+00
8.829907E-02,-2.0598602E-01,1.4742355E+00
8.830235E-02,-1.9232941E-01,1.4451675E+00
8.830563E-02,-1.7905426E-01,1.4155655E+00
8.830890E-02,-1.6547394E-01,1.3863449E+00
8.831218E-02,-1.5280914E-01,1.3563614E+00
8.831546E-02,-1.3953400E-01,1.3256912E+00
8.831873E-02,-1.2702179E-01,1.2950974E+00
8.832201E-02,-1.1527252E-01,1.2640457E+00
8.832529E-02,-1.0199738E-01,1.2322311E+00
8.832856E-02,-8.9103699E-02,1.2002640E+00
8.833184E-02,-7.8346252E-02,1.1679153E+00
8.833512E-02,-6.7588806E-02,1.1355667E+00
8.833839E-02,-5.6526184E-02,1.1032181E+00
8.834167E-02,-4.5692444E-02,1.0690384E+00
8.834495E-02,-3.6231995E-02,1.0358505E+00
8.834822E-02,-2.5169373E-02,1.0016708E+00
8.835150E-02,-1.5632629E-02,9.6779633E-01
8.835478E-02,-6.0958862E-03,9.3247223E-01
8.835805E-02,2.9830933E-03,8.9897919E-01
8.836133E-02,1.2519836E-02,8.6449432E-01
8.836461E-02,2.1446228E-02,8.2909393E-01
8.836788E-02,3.0143738E-02,7.9331207E-01
8.837116E-02,3.6781311E-02,7.5882721E-01
8.837444E-02,4.5783997E-02,7.2388458E-01
8.837772E-02,5.2268982E-02,6.8810272E-01
8.838099E-02,5.9059143E-02,6.5293121E-01
8.838427E-02,6.5467834E-02,6.1760712E-01
8.838755E-02,7.1418762E-02,5.8449554E-01
8.839082E-02,7.7369690E-02,5.4955292E-01
8.839410E-02,8.2710266E-02,5.1453400E-01
8.839738E-02,8.6601257E-02,4.7890472E-01
8.840065E-02,9.1712952E-02,4.4274139E-01
8.840393E-02,9.5832825E-02,4.0734100E-01
8.840721E-02,9.9800110E-02,3.7041473E-01
8.841048E-02,1.0277557E-01,3.3448029E-01
8.841376E-02,1.0674286E-01,2.9991913E-01
8.841704E-02,1.0918427E-01,2.6345062E-01
8.842031E-02,1.1215973E-01,2.2751617E-01
8.842359E-02,1.1521149E-01,1.9150543E-01
8.842687E-02,1.1597443E-01,1.5595245E-01
8.843014E-02,1.1704254E-01,1.1963654E-01
8.843342E-02,1.1925507E-01,8.4693909E-02
8.843670E-02,1.1879730E-01,4.8301697E-02
8.843997E-02,1.2062836E-01,1.3053894E-02
8.844325E-02,1.2039948E-01,-2.1507263E-02
8.844653E-02,1.1986542E-01,-5.5992126E-02
8.844980E-02,1.1902618E-01,-8.9714050E-02
8.845308E-02,1.1780548E-01,-1.2435150E-01
8.845636E-02,1.1765289E-01,-1.5959930E-01
8.845964E-02,1.1551666E-01,-1.9332123E-01
8.846291E-02,1.1414337E-01,-2.2711945E-01
8.846619E-02,1.1246490E-01,-2.6091766E-01
8.846947E-02,1.1009979E-01,-2.9402924E-01
8.847274E-02,1.0903168E-01,-3.2607269E-01
8.847602E-02,1.0529327E-01,-3.5842133E-01
8.847930E-02,1.0323334E-01,-3.9076996E-01
8.848257E-02,1.0010529E-01,-4.2266083E-01
8.848585E-02,9.6748352E-02,-4.5394135E-01
8.848913E-02,9.3772888E-02,-4.8529816E-01
8.849240E-02,9.0263367E-02,-5.1589203E-01
8.849568E-02,8.6677551E-02,-5.4656219E-01
8.849896E-02,8.2557678E-02,-5.7555389E-01
8.850223E-02,7.9200745E-02,-6.0569000E-01
8.850551E-02,7.5386047E-02,-6.3430023E-01
8.850879E-02,7.1495056E-02,-6.6359711E-01
8.851206E-02,6.7985535E-02,-6.9106293E-01
8.851534E-02,6.4704895E-02,-7.1936798E-01
8.851862E-02,5.9669495E-02,-7.4591827E-01
8.852189E-02,5.5702209E-02,-7.7269745E-01
8.852517E-02,5.1582336E-02,-7.9940033E-01
8.852845E-02,4.7080994E-02,-8.2556915E-01
8.853172E-02,4.2655945E-02,-8.5028839E-01
8.853500E-02,3.8002014E-02,-8.7508392E-01
8.853828E-02,3.2890320E-02,-8.9949799E-01
8.854156E-02,2.9075623E-02,-9.2368317E-01
8.854483E-02,2.5871277E-02,-9.4626617E-01
8.854811E-02,2.0301819E-02,-9.6816254E-01
8.855139E-02,1.6716003E-02,-9.9089813E-01
8.855466E-02,1.1985779E-02,-1.0114975E+00
8.855794E-02,7.9421997E-03,-1.0321732E+00
8.856122E-02,4.9667358E-03,-1.0520859E+00
8.856449E-02,1.2283325E-03,-1.0707016E+00
8.856777E-02,-3.3493042E-03,-1.0903854E+00
8.857105E-02,-6.6299438E-03,-1.1087723E+00
8.857432E-02,-9.8342896E-03,-1.1257858E+00
8.857760E-02,-1.3648987E-02,-1.1428757E+00
8.858088E-02,-1.6777039E-02,-1.1587448E+00
8.858415E-02,-2.0057678E-02,-1.1740036E+00
8.858743E-02,-2.2804260E-02,-1.1885757E+00
8.859071E-02,-2.5093079E-02,-1.2026138E+00
8.859398E-02,-2.8068542E-02,-1.2161179E+00
8.859726E-02,-3.1501770E-02,-1.2289352E+00
8.860054E-02,-3.3332825E-02,-1.2407608E+00
8.860381E-02,-3.4858704E-02,-1.2518997E+00
8.860709E-02,-3.7910461E-02,-1.2621994E+00
8.861037E-02,-3.8902283E-02,-1.2721176E+00
8.861364E-02,-4.1877747E-02,-1.2807388E+00
8.861692E-02,-4.4166565E-02,-1.2889786E+00
8.862020E-02,-4.5539856E-02,-1.2968369E+00
8.862348E-02,-4.7065735E-02,-1.3034744E+00
8.862675E-02,-4.7676086E-02,-1.3095779E+00
8.863003E-02,-4.8286438E-02,-1.3142319E+00
8.863331E-02,-4.9507141E-02,-1.3190384E+00
8.863658E-02,-5.0651550E-02,-1.3228531E+00
8.863986E-02,-5.0727844E-02,-1.3262863E+00
8.864314E-02,-5.2635193E-02,-1.3284225E+00
8.864641E-02,-5.0956726E-02,-1.3307114E+00
8.864969E-02,-5.2024841E-02,-1.3310165E+00
8.865297E-02,-5.2177429E-02,-1.3310165E+00
8.865624E-02,-5.1567078E-02,-1.3308640E+00
8.865952E-02,-5.2253723E-02,-1.3292618E+00
8.866280E-02,-5.2101135E-02,-1.3269730E+00
8.866607E-02,-5.0956726E-02,-1.3242264E+00
8.866935E-02,-5.0117493E-02,-1.3198013E+00
8.867263E-02,-4.9354553E-02,-1.3149185E+00
8.867590E-02,-4.8667908E-02,-1.3091965E+00
8.867918E-02,-4.7904968E-02,-1.3030930E+00
8.868246E-02,-4.8591614E-02,-1.2963791E+00
8.868573E-02,-4.8286438E-02,-1.2896652E+00
8.868901E-02,-4.6607971E-02,-1.2808914E+00
8.869229E-02,-4.5463562E-02,-1.2724228E+00
8.869556E-02,-4.3632507E-02,-1.2628098E+00
8.869884E-02,-4.3174744E-02,-1.2525101E+00
8.870212E-02,-4.1343689E-02,-1.2412949E+00
8.870540E-02,-4.0885925E-02,-1.2290878E+00
8.870867E-02,-3.8902283E-02,-1.2164993E+00
8.871195E-02,-3.7376404E-02,-1.2033005E+00
8.871523E-02,-3.6994934E-02,-1.1888809E+00
8.871850E-02,-3.5392761E-02,-1.1737747E+00
8.872178E-02,-3.4477234E-02,-1.1595078E+00
8.872506E-02,-3.4019470E-02,-1.1432571E+00
8.872833E-02,-3.2722473E-02,-1.1264725E+00
8.873161E-02,-3.1730652E-02,-1.1090775E+00
8.873489E-02,-3.1425476E-02,-1.0906143E+00
8.873816E-02,-3.1654358E-02,-1.0719986E+00
8.874144E-02,-3.1425476E-02,-1.0529251E+00
8.874472E-02,-3.0509949E-02,-1.0321732E+00
8.874799E-02,-3.0662537E-02,-1.0120316E+00
8.875127E-02,-3.1349182E-02,-9.9059296E-01
8.875455E-02,-3.1425476E-02,-9.6923065E-01
8.875782E-02,-3.1806946E-02,-9.4680023E-01
8.876110E-02,-3.0967712E-02,-9.2436981E-01
8.876438E-02,-3.1883240E-02,-9.0018463E-01
8.876765E-02,-3.3180237E-02,-8.7592316E-01
8.877093E-02,-3.4934998E-02,-8.5059357E-01
8.877421E-02,-3.5926819E-02,-8.2625580E-01
8.877748E-02,-3.8063049E-02,-8.0054474E-01
8.878076E-02,-3.9817810E-02,-7.7422333E-01
8.878404E-02,-4.0504456E-02,-7.4668121E-01
8.878732E-02,-4.3632507E-02,-7.1967316E-01
8.879059E-02,-4.6455383E-02,-6.9167328E-01
8.879387E-02,-4.8515320E-02,-6.6344452E-01
8.879715E-02,-5.1795959E-02,-6.3460541E-01
8.880042E-02,-5.5305481E-02,-6.0576630E-01
8.880370E-02,-5.7365417E-02,-5.7624054E-01
8.880698E-02,-6.0493469E-02,-5.4694366E-01
8.881025E-02,-6.5376282E-02,-5.1535797E-01
8.881353E-02,-6.9496155E-02,-4.8529816E-01
8.881681E-02,-7.4378967E-02,-4.5363617E-01
8.882008E-02,-7.7735901E-02,-4.2205048E-01
8.882336E-02,-8.3381653E-02,-3.9138031E-01
8.882664E-02,-8.8417053E-02,-3.5834503E-01
8.882991E-02,-9.4215393E-02,-3.2553864E-01
8.883319E-02,-1.0024261E-01,-2.9212189E-01
8.883647E-02,-1.0543060E-01,-2.5946808E-01
8.883974E-02,-1.1100006E-01,-2.2551727E-01
8.884302E-02,-1.1916351E-01,-1.9217682E-01
8.884630E-02,-1.2625885E-01,-1.5761566E-01
8.884957E-02,-1.3304901E-01,-1.2328339E-01
8.885285E-02,-1.4029694E-01,-8.8111877E-02
8.885613E-02,-1.4739227E-01,-5.4161072E-02
8.885940E-02,-1.5570831E-01,-1.9142151E-02
8.886268E-02,-1.6349030E-01,1.6258240E-02
8.886596E-02,-1.7180634E-01,5.1200867E-02
8.886924E-02,-1.8088531E-01,8.6677551E-02
8.887251E-02,-1.8904877E-01,1.2223053E-01
8.887579E-02,-1.9850922E-01,1.5839386E-01
8.887907E-02,-2.0827484E-01,1.9470978E-01
8.888234E-02,-2.1712494E-01,2.3011017E-01
8.888562E-02,-2.2834015E-01,2.6619720E-01
8.888890E-02,-2.3764801E-01,3.0243683E-01
8.889217E-02,-2.4710846E-01,3.3707428E-01
8.889545E-02,-2.5725555E-01,3.7369537E-01
8.889873E-02,-2.6763153E-01,4.0978241E-01
8.890200E-02,-2.7838898E-01,4.4625092E-01
8.890528E-02,-2.8807831E-01,4.8012543E-01
8.890856E-02,-2.9936981E-01,5.1605988E-01
8.891183E-02,-3.1005096E-01,5.5100250E-01
8.891511E-02,-3.2035065E-01,5.8579254E-01
8.891839E-02,-3.3042145E-01,6.1959076E-01
8.892166E-02,-3.4186554E-01,6.5430450E-01
8.892494E-02,-3.5163116E-01,6.8970490E-01
8.892822E-02,-3.6315155E-01,7.2525787E-01
8.893149E-02,-3.7390900E-01,7.6096344E-01
8.893477E-02,-3.8497162E-01,7.9529572E-01
8.893805E-02,-3.9366913E-01,8.3016205E-01
8.894132E-02,-4.0587616E-01,8.6525726E-01
8.894460E-02,-4.1548920E-01,9.0019989E-01
8.894788E-02,-4.2617035E-01,9.3392181E-01
8.895116E-02,-4.3700409E-01,9.6962738E-01
8.895443E-02,-4.4692230E-01,1.0031967E+00
8.895771E-02,-4.5767975E-01,1.0369949E+00
8.896099E-02,-4.6851349E-01,1.0703354E+00
8.896426E-02,-4.7843170E-01,1.1038284E+00
8.896754E-02,-4.8957062E-01,1.1368637E+00
8.897082E-02,-4.9925995E-01,1.1692886E+00
8.897409E-02,-5.0910187E-01,1.2016373E+00
8.897737E-02,-5.1764679E-01,1.2336807E+00
8.898065E-02,-5.2680206E-01,1.2652664E+00
8.898392E-02,-5.3565216E-01,1.2970810E+00
8.898720E-02,-5.4496002E-01,1.3285141E+00
8.899048E-02,-5.5350494E-01,1.3594131E+00
8.899375E-02,-5.6212616E-01,1.3886337E+00
8.899703E-02,-5.7013702E-01,1.4184647E+00
8.900031E-02,-5.7837677E-01,1.4484482E+00
8.900358E-02,-5.8600616E-01,1.4772873E+00
8.900686E-02,-5.9317780E-01,1.5048294E+00
8.901014E-02,-5.9889984E-01,1.5326004E+00
8.901341E-02,-6.0576630E-01,1.5602951E+00
8.901669E-02,-6.1240387E-01,1.5857010E+00
8.901997E-02,-6.1759186E-01,1.6133194E+00
8.902324E-02,-6.2308502E-01,1.6397171E+00
8.902652E-02,-6.2751007E-01,1.6656570E+00
8.902980E-02,-6.3193512E-01,1.6918259E+00
8.903308E-02,-6.3651276E-01,1.7162399E+00
8.903635E-02,-6.3956451E-01,1.7404251E+00
8.903963E-02,-6.4276886E-01,1.7632370E+00
8.904291E-02,-6.4482880E-01,1.7862015E+00
8.904618E-02,-6.4711761E-01,1.8087082E+00
8.904946E-02,-6.4864349E-01,1.8299179E+00
8.905274E-02,-6.5039825E-01,1.8515854E+00
8.905601E-02,-6.5139008E-01,1.8715744E+00
8.905929E-02,-6.5245819E-01,1.8915634E+00
8.906257E-02,-6.5200043E-01,1.9111710E+00
8.906584E-02,-6.5108490E-01,1.9300919E+00
8.906912E-02,-6.5032196E-01,1.9480972E+00
8.907240E-02,-6.4833832E-01,1.9641953E+00
8.907567E-02,-6.4727020E-01,1.9814377E+00
8.907895E-02,-6.4536285E-01,1.9976120E+00
8.908223E-02,-6.4261627E-01,2.0135574E+00
8.908550E-02,-6.3842010E-01,2.0277481E+00
8.908878E-02,-6.3498688E-01,2.0425491E+00
8.909206E-02,-6.3018036E-01,2.0546036E+00
8.909533E-02,-6.2598419E-01,2.0668869E+00
8.909861E-02,-6.2010956E-01,2.0793991E+00
8.910189E-02,-6.1537933E-01,2.0903091E+00
8.910516E-02,-6.0881805E-01,2.1020584E+00
8.910844E-02,-6.0157013E-01,2.1111374E+00
8.911172E-02,-5.9516144E-01,2.1206741E+00
8.911500E-02,-5.8707428E-01,2.1287613E+00
8.911827E-02,-5.7906342E-01,2.1364670E+00
8.912155E-02,-5.6952667E-01,2.1432571E+00
8.912483E-02,-5.6189728E-01,2.1500473E+00
8.912810E-02,-5.5281830E-01,2.1552353E+00
8.913138E-02,-5.4351044E-01,2.1599655E+00
8.913466E-02,-5.3290558E-01,2.1631699E+00
8.913793E-02,-5.2275848E-01,2.1662979E+00
8.914121E-02,-5.1131439E-01,2.1686630E+00
8.914449E-02,-4.9948883E-01,2.1706467E+00
8.914776E-02,-4.8796844E-01,2.1723251E+00
8.915104E-02,-4.7621918E-01,2.1729355E+00
8.915432E-02,-4.6439362E-01,2.1724014E+00
8.915759E-02,-4.5233917E-01,2.1704941E+00
8.916087E-02,-4.3944550E-01,2.1686630E+00
8.916415E-02,-4.2639923E-01,2.1656113E+00
8.916742E-02,-4.1388702E-01,2.1624069E+00
8.917070E-02,-4.0114594E-01,2.1592026E+00
8.917398E-02,-3.8817596E-01,2.1538620E+00
8.917725E-02,-3.7497711E-01,2.1482925E+00
8.918053E-02,-3.6078644E-01,2.1421890E+00
8.918381E-02,-3.4751129E-01,2.1354752E+00
8.918708E-02,-3.3293915E-01,2.1279221E+00
8.919036E-02,-3.1867218E-01,2.1196823E+00
8.919364E-02,-3.0326080E-01,2.1106033E+00
8.919692E-02,-2.8876495E-01,2.1006851E+00
8.920019E-02,-2.7236176E-01,2.0901566E+00
8.920347E-02,-2.5778961E-01,2.0793228E+00
8.920675E-02,-2.4298859E-01,2.0675735E+00
8.921002E-02,-2.2803497E-01,2.0546036E+00
8.921330E-02,-2.1254730E-01,2.0418625E+00
8.921658E-02,-1.9675446E-01,2.0277481E+00
8.921985E-02,-1.8202972E-01,2.0128708E+00
8.922313E-02,-1.6699982E-01,1.9976120E+00
8.922641E-02,-1.5097809E-01,1.9812851E+00
8.922968E-02,-1.3594818E-01,1.9641953E+00
8.923296E-02,-1.2137604E-01,1.9467239E+00
8.923624E-02,-1.0718536E-01,1.9288712E+00
8.923951E-02,-9.2765808E-02,1.9100266E+00
8.924279E-02,-7.7888489E-02,1.8910294E+00
8.924607E-02,-6.3621521E-02,1.8702774E+00
8.924934E-02,-4.9583435E-02,1.8505936E+00
8.925262E-02,-3.4477234E-02,1.8300705E+00
8.925590E-02,-2.1583557E-02,1.8074112E+00
8.925917E-02,-7.3928833E-03,1.7858200E+00
8.926245E-02,5.8822632E-03,1.7629318E+00
8.926573E-02,1.9081116E-02,1.7400436E+00
8.926900E-02,3.2051086E-02,1.7157822E+00
8.927228E-02,4.5555115E-02,1.6920547E+00
8.927556E-02,5.8372498E-02,1.6667252E+00
8.927884E-02,7.0884705E-02,1.6416245E+00
8.928211E-02,8.1947327E-02,1.6151505E+00
8.928539E-02,9.3849182E-02,1.5886765E+00
8.928867E-02,1.0544586E-01,1.5603714E+00
8.929194E-02,1.1582184E-01,1.5336685E+00
8.929522E-02,1.2741852E-01,1.5066605E+00
8.929850E-02,1.3680267E-01,1.4779739E+00
8.930177E-02,1.4809418E-01,1.4497452E+00
8.930505E-02,1.5702057E-01,1.4205246E+00
8.930833E-02,1.6701508E-01,1.3911514E+00
8.931160E-02,1.7433929E-01,1.3606339E+00
8.931488E-02,1.8379974E-01,1.3301926E+00
8.931816E-02,1.9081879E-01,1.2999802E+00
8.932143E-02,1.9875336E-01,1.2690048E+00
8.932471E-02,2.0462799E-01,1.2365036E+00
8.932799E-02,2.1164703E-01,1.2044601E+00
8.933126E-02,2.1874237E-01,1.1721115E+00
8.933454E-02,2.2438812E-01,1.1405258E+00
8.933782E-02,2.3049164E-01,1.1072617E+00
8.934109E-02,2.3499298E-01,1.0743027E+00
8.934437E-02,2.3972321E-01,1.0394363E+00
8.934765E-02,2.4422455E-01,1.0064011E+00
8.935092E-02,2.4803925E-01,9.7237396E-01
8.935420E-02,2.5124359E-01,9.3720245E-01
8.935748E-02,2.5444794E-01,9.0378571E-01
8.936076E-02,2.5673676E-01,8.6930084E-01
8.936403E-02,2.5902557E-01,8.3313751E-01
8.936731E-02,2.6070404E-01,7.9811859E-01
8.937059E-02,2.6169586E-01,7.6287079E-01
8.937386E-02,2.6222992E-01,7.2724152E-01
8.937714E-02,2.6284027E-01,6.9207001E-01
8.938042E-02,2.6207733E-01,6.5705109E-01
8.938369E-02,2.6276398E-01,6.2195587E-01
8.938697E-02,2.6230621E-01,5.8815765E-01
8.939025E-02,2.6268768E-01,5.5504608E-01
8.939352E-02,2.6108551E-01,5.1972198E-01
8.939680E-02,2.5986481E-01,4.8462677E-01
8.940008E-02,2.5688934E-01,4.4815826E-01
8.940335E-02,2.5452423E-01,4.1283417E-01
8.940663E-02,2.5322723E-01,3.7712860E-01
8.940991E-02,2.4956512E-01,3.4142303E-01
8.941318E-02,2.4628448E-01,3.0480194E-01
8.941646E-02,2.4285126E-01,2.6963043E-01
8.941974E-02,2.3911285E-01,2.3270416E-01
8.942301E-02,2.3484039E-01,1.9745636E-01
8.942629E-02,2.3133087E-01,1.6159821E-01
8.942957E-02,2.2705841E-01,1.2505341E-01
8.943284E-02,2.2232819E-01,8.9729309E-02
8.943612E-02,2.1767426E-01,5.4100037E-02
8.943940E-02,2.1218109E-01,1.9081116E-02
8.944268E-02,2.0638275E-01,-1.6853333E-02
8.944595E-02,2.0035553E-01,-5.2024841E-02
8.944923E-02,1.9402313E-01,-8.5899353E-02
8.945251E-02,1.8944550E-01,-1.2091827E-01
8.945578E-02,1.8341827E-01,-1.5479279E-01
8.945906E-02,1.7700958E-01,-1.8889618E-01
8.946234E-02,1.7044830E-01,-2.2208405E-01
8.946561E-02,1.6510773E-01,-2.5641632E-01
8.946889E-02,1.5900421E-01,-2.8945160E-01
8.947217E-02,1.5305328E-01,-3.2164764E-01
8.947544E-02,1.4611053E-01,-3.5483551E-01
8.947872E-02,1.4000702E-01,-3.8695526E-01
8.948200E-02,1.3382721E-01,-4.1930389E-01
8.948527E-02,1.2764740E-01,-4.5066071E-01
8.948855E-02,1.2032318E-01,-4.8079681E-01
8.949183E-02,1.1338043E-01,-5.1154327E-01
8.949510E-02,1.0704803E-01,-5.4183197E-01
8.949838E-02,1.0056305E-01,-5.7105255E-01
8.950166E-02,9.4535828E-02,-6.0157013E-01
8.950493E-02,8.7593079E-02,-6.3033295E-01
8.950821E-02,8.2328796E-02,-6.5940094E-01
8.951149E-02,7.6377869E-02,-6.8740082E-01
8.951476E-02,7.0732117E-02,-7.1555328E-01
8.951804E-02,6.3407898E-02,-7.4256134E-01
8.952132E-02,5.8372498E-02,-7.6995087E-01
8.952460E-02,5.1887512E-02,-7.9558563E-01
8.952787E-02,4.5631409E-02,-8.2175446E-01
8.953115E-02,3.9222717E-02,-8.4731293E-01
8.953443E-02,3.4721375E-02,-8.7203217E-01
8.953770E-02,2.9075623E-02,-8.9659882E-01
8.954098E-02,2.4269104E-02,-9.1979218E-01
8.954426E-02,1.9767761E-02,-9.4336700E-01
8.954753E-02,1.4350891E-02,-9.6656036E-01
8.955081E-02,9.0103149E-03,-9.8868561E-01
8.955409E-02,4.7378540E-03,-1.0098953E+00
8.955736E-02,3.1280518E-04,-1.0307999E+00
8.956064E-02,-3.0441284E-03,-1.0506363E+00
8.956392E-02,-7.6217651E-03,-1.0689468E+00
8.956719E-02,-1.1970520E-02,-1.0878677E+00
8.957047E-02,-1.4945984E-02,-1.1073227E+00
8.957375E-02,-1.8302917E-02,-1.1246414E+00
8.957702E-02,-2.0744324E-02,-1.1414261E+00
8.958030E-02,-2.3490906E-02,-1.1591263E+00
8.958358E-02,-2.6695251E-02,-1.1740036E+00
8.958685E-02,-2.9899597E-02,-1.1879654E+00
8.959013E-02,-3.1578064E-02,-1.2023087E+00
8.959341E-02,-3.4553528E-02,-1.2159653E+00
8.959668E-02,-3.6842346E-02,-1.2291641E+00
8.959996E-02,-3.9436340E-02,-1.2411423E+00
8.960324E-02,-4.0885925E-02,-1.2518997E+00
8.960652E-02,-4.2793274E-02,-1.2630386E+00
8.960979E-02,-4.3556213E-02,-1.2728043E+00
8.961307E-02,-4.5692444E-02,-1.2810440E+00
8.961635E-02,-4.5921326E-02,-1.2892838E+00
8.961962E-02,-4.6684265E-02,-1.2972946E+00
8.962290E-02,-4.6684265E-02,-1.3054581E+00
8.962618E-02,-4.8210144E-02,-1.3114090E+00
8.962945E-02,-4.8362732E-02,-1.3159866E+00
8.963273E-02,-4.9430847E-02,-1.3209457E+00
8.963601E-02,-4.8744202E-02,-1.3241501E+00
8.963928E-02,-4.9888611E-02,-1.3272018E+00
8.964256E-02,-5.0117493E-02,-1.3289566E+00
8.964584E-02,-4.9736023E-02,-1.3305588E+00
8.964911E-02,-5.0498962E-02,-1.3312454E+00
8.965239E-02,-5.0422668E-02,-1.3320084E+00
8.965567E-02,-4.9736023E-02,-1.3315506E+00
8.965894E-02,-4.9354553E-02,-1.3291092E+00
8.966222E-02,-4.9125671E-02,-1.3272018E+00
8.966550E-02,-4.9507141E-02,-1.3247604E+00
8.966877E-02,-4.8973083E-02,-1.3212509E+00
8.967205E-02,-4.8591614E-02,-1.3165207E+00
8.967533E-02,-4.8896790E-02,-1.3117905E+00
8.967860E-02,-4.8057556E-02,-1.3050766E+00
8.968188E-02,-4.7828674E-02,-1.2986679E+00
8.968516E-02,-4.9354553E-02,-1.2914200E+00
8.968844E-02,-4.8439026E-02,-1.2827988E+00
8.969171E-02,-4.8744202E-02,-1.2744827E+00
8.969499E-02,-4.9354553E-02,-1.2649460E+00
8.969827E-02,-4.8896790E-02,-1.2549515E+00
8.970154E-02,-4.9888611E-02,-1.2434311E+00
8.970482E-02,-4.9430847E-02,-1.2328262E+00
8.970810E-02,-4.9964905E-02,-1.2200851E+00
8.971137E-02,-5.0270081E-02,-1.2064285E+00
8.971465E-02,-5.0346375E-02,-1.1919327E+00
8.971793E-02,-5.0193787E-02,-1.1773605E+00
8.972120E-02,-5.1872253E-02,-1.1627884E+00
8.972448E-02,-5.3321838E-02,-1.1468430E+00
8.972776E-02,-5.4084778E-02,-1.1309738E+00
8.973103E-02,-5.5839539E-02,-1.1137314E+00
8.973431E-02,-5.8052063E-02,-1.0946579E+00
8.973759E-02,-5.9349060E-02,-1.0759659E+00
8.974086E-02,-5.9349060E-02,-1.0567398E+00
8.974414E-02,-6.2705994E-02,-1.0370560E+00
8.974742E-02,-6.5605164E-02,-1.0164566E+00
8.975069E-02,-6.7283630E-02,-9.9486542E-01
8.975397E-02,-7.0030212E-02,-9.7304535E-01
8.975725E-02,-7.2471619E-02,-9.5046234E-01
8.976052E-02,-7.5141907E-02,-9.2772675E-01
8.976380E-02,-7.8346252E-02,-9.0430450E-01
8.976708E-02,-8.2618713E-02,-8.8088226E-01
8.977036E-02,-8.6051941E-02,-8.5578156E-01
8.977363E-02,-8.9942932E-02,-8.2953644E-01
8.977691E-02,-9.3452454E-02,-8.0397797E-01
8.978019E-02,-9.7572327E-02,-7.7719879E-01
8.978346E-02,-1.0260773E-01,-7.5102997E-01
8.978674E-02,-1.0802460E-01,-7.2379303E-01
8.979002E-02,-1.1283112E-01,-6.9686127E-01
8.979329E-02,-1.1923981E-01,-6.6855621E-01
8.979657E-02,-1.2397003E-01,-6.3956451E-01
8.979985E-02,-1.3053131E-01,-6.1080170E-01
8.980312E-02,-1.3541412E-01,-5.8112335E-01
8.980640E-02,-1.4144135E-01,-5.5106354E-01
8.980968E-02,-1.4777374E-01,-5.2085114E-01
8.981295E-02,-1.5464020E-01,-4.9025726E-01
8.981623E-02,-1.6173553E-01,-4.5905304E-01
8.981951E-02,-1.6959381E-01,-4.2769623E-01
8.982278E-02,-1.7638397E-01,-3.9580536E-01
8.982606E-02,-1.8485260E-01,-3.6383820E-01
8.982934E-02,-1.9164276E-01,-3.3072662E-01
8.983261E-02,-1.9950104E-01,-2.9929352E-01
8.983589E-02,-2.0697784E-01,-2.6526642E-01
8.983917E-02,-2.1521759E-01,-2.3055267E-01
8.984244E-02,-2.2437286E-01,-1.9774628E-01
8.984572E-02,-2.3215485E-01,-1.6333771E-01
8.984900E-02,-2.4100494E-01,-1.2877655E-01
8.985228E-02,-2.4878693E-01,-9.4291687E-02
8.985555E-02,-2.5748444E-01,-6.0646057E-02
8.985883E-02,-2.6595306E-01,-2.5627136E-02
8.986211E-02,-2.7449799E-01,9.9258423E-03
8.986538E-02,-2.8334808E-01,4.5478821E-02
8.986866E-02,-2.9135895E-01,8.1489563E-02
8.987194E-02,-3.0081940E-01,1.1627960E-01
8.987521E-02,-3.1005096E-01,1.5297699E-01
8.987849E-02,-3.1829071E-01,1.8852997E-01
8.988177E-02,-3.2759857E-01,2.2415924E-01
8.988504E-02,-3.3667755E-01,2.5971222E-01
8.988832E-02,-3.4468842E-01,2.9557037E-01
8.989160E-02,-3.5346222E-01,3.3112335E-01
8.989487E-02,-3.6215973E-01,3.6713409E-01
8.989815E-02,-3.7039948E-01,4.0261078E-01
8.990143E-02,-3.7779999E-01,4.3892670E-01
8.990470E-02,-3.8703156E-01,4.7432709E-01
8.990798E-02,-3.9481354E-01,5.0904083E-01
8.991126E-02,-4.0290070E-01,5.4550934E-01
8.991453E-02,-4.1022491E-01,5.7953644E-01
8.991781E-02,-4.1754913E-01,6.1386871E-01
8.992109E-02,-4.2418671E-01,6.4835358E-01
8.992436E-02,-4.3204498E-01,6.8314362E-01
8.992764E-02,-4.3914032E-01,7.1976471E-01
8.993092E-02,-4.4509125E-01,7.5531769E-01
8.993420E-02,-4.5264435E-01,7.9010773E-01
8.993747E-02,-4.5935822E-01,8.2489777E-01
8.994075E-02,-4.6637726E-01,8.5991669E-01
8.994403E-02,-4.7126007E-01,8.9470673E-01
8.994730E-02,-4.7728729E-01,9.2926788E-01
8.995058E-02,-4.8270416E-01,9.6375275E-01
8.995386E-02,-4.8796844E-01,9.9854279E-01
8.995713E-02,-4.9269867E-01,1.0326462E+00
8.996041E-02,-4.9651337E-01,1.0653000E+00
8.996369E-02,-5.0101471E-01,1.0997849E+00
8.996696E-02,-5.0566864E-01,1.1326675E+00
8.997024E-02,-5.0940704E-01,1.1640244E+00
8.997352E-02,-5.1123810E-01,1.1963730E+00
8.997679E-02,-5.1551056E-01,1.2282639E+00
8.998007E-02,-5.1757050E-01,1.2609940E+00
8.998335E-02,-5.1909637E-01,1.2928848E+00
8.998662E-02,-5.2039337E-01,1.3234787E+00
8.998990E-02,-5.2046967E-01,1.3544540E+00
8.999318E-02,-5.2161407E-01,1.3848953E+00
8.999645E-02,-5.2153778E-01,1.4136581E+00
8.999973E-02,-5.2230072E-01,1.4429550E+00
9.000301E-02,-5.2092743E-01,1.4720993E+00
9.000628E-02,-5.2108002E-01,1.5001755E+00
9.000956E-02,-5.1894379E-01,1.5277176E+00
9.001284E-02,-5.1650238E-01,1.5550308E+00
9.001612E-02,-5.1436615E-01,1.5819626E+00
9.001939E-02,-5.1070404E-01,1.6092758E+00
9.002267E-02,-5.0803375E-01,1.6359024E+00
9.002595E-02,-5.0399017E-01,1.6619949E+00
9.002922E-02,-5.0017548E-01,1.6866379E+00
9.003250E-02,-4.9567413E-01,1.7109756E+00
9.003578E-02,-4.9063873E-01,1.7353897E+00
9.003905E-02,-4.8468781E-01,1.7583542E+00
9.004233E-02,-4.7896576E-01,1.7813950E+00
9.004561E-02,-4.7301483E-01,1.8032913E+00
9.004888E-02,-4.6576691E-01,1.8257217E+00
9.005216E-02,-4.5897675E-01,1.8459396E+00
9.005544E-02,-4.5020294E-01,1.8675308E+00
9.005871E-02,-4.4249725E-01,1.8873672E+00
9.006199E-02,-4.3433380E-01,1.9081192E+00
9.006527E-02,-4.2533112E-01,1.9264297E+00
9.006854E-02,-4.1663361E-01,1.9448166E+00
9.007182E-02,-4.0671539E-01,1.9623642E+00
9.007510E-02,-3.9702606E-01,1.9784622E+00
9.007837E-02,-3.8687897E-01,1.9960861E+00
9.008165E-02,-3.7627411E-01,2.0111160E+00
9.008493E-02,-3.6513519E-01,2.0260696E+00
9.008820E-02,-3.5414886E-01,2.0395737E+00
9.009148E-02,-3.4278107E-01,2.0522385E+00
9.009476E-02,-3.3110809E-01,2.0658951E+00
9.009804E-02,-3.1790924E-01,2.0771103E+00
9.010131E-02,-3.0509186E-01,2.0884781E+00
9.010459E-02,-2.9135895E-01,2.0991592E+00
9.010787E-02,-2.7800751E-01,2.1096878E+00
9.011114E-02,-2.6488495E-01,2.1196823E+00
9.011442E-02,-2.4993134E-01,2.1283798E+00
9.011770E-02,-2.3581696E-01,2.1353989E+00
9.012097E-02,-2.2162628E-01,2.1416550E+00
9.012425E-02,-2.0667267E-01,2.1482162E+00
9.012753E-02,-1.9126129E-01,2.1539383E+00
9.013080E-02,-1.7623138E-01,2.1586685E+00
9.013408E-02,-1.6120148E-01,2.1633987E+00
9.013736E-02,-1.4624786E-01,2.1664505E+00
9.014063E-02,-1.3030243E-01,2.1688156E+00
9.014391E-02,-1.1473846E-01,2.1707230E+00
9.014719E-02,-9.8793030E-02,2.1726303E+00
9.015046E-02,-8.3381653E-02,2.1733170E+00
9.015374E-02,-6.7588806E-02,2.1733932E+00
9.015702E-02,-5.3092957E-02,2.1717911E+00
9.016029E-02,-3.7223816E-02,2.1698837E+00
9.016357E-02,-2.1659851E-02,2.1679001E+00
9.016685E-02,-7.4691772E-03,2.1642380E+00
9.017012E-02,8.6288452E-03,2.1605759E+00
9.017340E-02,2.3429871E-02,2.1561508E+00
9.017668E-02,3.9146423E-02,2.1505814E+00
9.017996E-02,5.4786682E-02,2.1446304E+00
9.018323E-02,6.9587708E-02,2.1379166E+00
9.018651E-02,8.4236145E-02,2.1305161E+00
9.018979E-02,9.8884583E-02,2.1222000E+00
9.019306E-02,1.1338043E-01,2.1131210E+00
9.019634E-02,1.2871552E-01,2.1032791E+00
9.019962E-02,1.4183807E-01,2.0926743E+00
9.020289E-02,1.5610504E-01,2.0815353E+00
9.020617E-02,1.6960907E-01,2.0701675E+00
9.020945E-02,1.8273163E-01,2.0571976E+00
9.021272E-02,1.9654083E-01,2.0443802E+00
9.021600E-02,2.0943451E-01,2.0307999E+00
9.021928E-02,2.2148895E-01,2.0163803E+00
9.022255E-02,2.3484039E-01,1.9997482E+00
9.022583E-02,2.4613190E-01,1.9846420E+00
9.022911E-02,2.5894928E-01,1.9676285E+00
9.023238E-02,2.6947784E-01,1.9501572E+00
9.023566E-02,2.7993011E-01,1.9321518E+00
9.023894E-02,2.9061127E-01,1.9136887E+00
9.024221E-02,3.0136871E-01,1.8937759E+00
9.024549E-02,3.1121063E-01,1.8740158E+00
9.024877E-02,3.2028961E-01,1.8541031E+00
9.025204E-02,3.2906342E-01,1.8332748E+00
9.025532E-02,3.3898163E-01,1.8113785E+00
9.025860E-02,3.4745026E-01,1.7904739E+00
9.026188E-02,3.5500336E-01,1.7677383E+00
9.026515E-02,3.6194611E-01,1.7447739E+00
9.026843E-02,3.7041473E-01,1.7209702E+00
9.027171E-02,3.7651825E-01,1.6961746E+00
9.027498E-02,3.8216400E-01,1.6722183E+00
9.027826E-02,3.8758087E-01,1.6466599E+00
9.028154E-02,3.9200592E-01,1.6210251E+00
9.028481E-02,3.9742279E-01,1.5936356E+00
9.028809E-02,4.0123749E-01,1.5664749E+00
9.029137E-02,4.0451813E-01,1.5396194E+00
9.029464E-02,4.0772247E-01,1.5115433E+00
9.029792E-02,4.1123199E-01,1.4835434E+00
9.030120E-02,4.1405487E-01,1.4550858E+00
9.030447E-02,4.1641998E-01,1.4257126E+00
9.030775E-02,4.1771698E-01,1.3958054E+00
9.031103E-02,4.1870880E-01,1.3659744E+00
9.031430E-02,4.1931915E-01,1.3363724E+00
9.031758E-02,4.1901398E-01,1.3061600E+00
9.032086E-02,4.1878510E-01,1.2752609E+00
9.032413E-02,4.1779327E-01,1.2436752E+00
9.032741E-02,4.1710663E-01,1.2108688E+00
9.033069E-02,4.1542816E-01,1.1794357E+00
9.033396E-02,4.1359711E-01,1.1460190E+00
9.033724E-02,4.1230011E-01,1.1138992E+00
9.034052E-02,4.0810394E-01,1.0801773E+00
9.034380E-02,4.0550995E-01,1.0469131E+00
9.034707E-02,4.0154266E-01,1.0137253E+00
9.035035E-02,3.9864349E-01,9.7855377E-01
9.035363E-02,3.9429474E-01,9.4376373E-01
9.035690E-02,3.8933563E-01,9.0988922E-01
9.036018E-02,3.8590240E-01,8.7616730E-01
9.036346E-02,3.8010406E-01,8.4046173E-01
9.036673E-02,3.7522125E-01,8.0567169E-01
9.037001E-02,3.6904144E-01,7.7004242E-01
9.037329E-02,3.6339569E-01,7.3548126E-01
9.037656E-02,3.5637665E-01,6.9962311E-01
9.037984E-02,3.5057831E-01,6.6422272E-01
9.038312E-02,3.4348297E-01,6.2950897E-01
9.038639E-02,3.3661652E-01,5.9601593E-01
9.038967E-02,3.2807159E-01,5.6191254E-01
9.039295E-02,3.2097626E-01,5.2628326E-01
9.039622E-02,3.1334686E-01,4.9057770E-01
9.039950E-02,3.0632782E-01,4.5464325E-01
9.040278E-02,2.9770660E-01,4.1939545E-01
9.040605E-02,2.9068756E-01,3.8361359E-01
9.040933E-02,2.8206635E-01,3.4745026E-01
9.041261E-02,2.7466583E-01,3.1174469E-01
9.041588E-02,2.6589203E-01,2.7634430E-01
9.041916E-02,2.5879669E-01,2.4002838E-01
9.042244E-02,2.5017548E-01,2.0439911E-01
9.042572E-02,2.4071503E-01,1.6892242E-01
9.042899E-02,2.3178864E-01,1.3237762E-01
9.043227E-02,2.2339630E-01,9.7587585E-02
9.043555E-02,2.1569061E-01,6.0890198E-02
9.043882E-02,2.0653534E-01,2.5642395E-02
9.044210E-02,1.9760895E-01,-9.8342896E-03
9.044538E-02,1.8830109E-01,-4.4700623E-02
9.044865E-02,1.7983246E-01,-7.9490662E-02
9.045193E-02,1.7060089E-01,-1.1405182E-01
9.045521E-02,1.6236115E-01,-1.4785004E-01
9.045848E-02,1.5328217E-01,-1.8218231E-01
9.046176E-02,1.4481354E-01,-2.1605682E-01
9.046504E-02,1.3680267E-01,-2.5023651E-01
9.046831E-02,1.2848663E-01,-2.8380585E-01
9.047159E-02,1.1986542E-01,-3.1600189E-01
9.047487E-02,1.1215973E-01,-3.4888458E-01
9.047814E-02,1.0437775E-01,-3.8054657E-01
9.048142E-02,9.6214294E-02,-4.1266632E-01
9.048470E-02,8.8203430E-02,-4.4463348E-01
9.048797E-02,8.2023621E-02,-4.7568512E-01
9.049125E-02,7.4928284E-02,-5.0650787E-01
9.049453E-02,6.8367004E-02,-5.3679657E-01
9.049780E-02,6.0966492E-02,-5.6670380E-01
9.050108E-02,5.4100037E-02,-5.9691620E-01
9.050436E-02,4.8683167E-02,-6.2636566E-01
9.050764E-02,4.2350769E-02,-6.5505219E-01
9.051091E-02,3.6170959E-02,-6.8373871E-01
9.051419E-02,3.0906677E-02,-7.1128082E-01
9.051747E-02,2.4116516E-02,-7.3897552E-01
9.052074E-02,1.9004822E-02,-7.6583099E-01
9.052402E-02,1.4579773E-02,-7.9344940E-01
9.052730E-02,8.4762573E-03,-8.1954193E-01
9.053057E-02,4.5852661E-03,-8.4479523E-01
9.053385E-02,-1.1367798E-03,-8.6898041E-01
9.053713E-02,-4.2648315E-03,-8.9324188E-01
9.054040E-02,-8.3084106E-03,-9.1834259E-01
9.054368E-02,-1.1817932E-02,-9.4161224E-01
9.054696E-02,-1.6242981E-02,-9.6305084E-01
9.055023E-02,-1.9752502E-02,-9.8464203E-01
9.055351E-02,-2.2346497E-02,-1.0066910E+00
9.055679E-02,-2.5398254E-02,-1.0278244E+00
9.056006E-02,-2.8450012E-02,-1.0472794E+00
9.056334E-02,-2.9670715E-02,-1.0663528E+00
9.056662E-02,-3.1349182E-02,-1.0846634E+00
9.056989E-02,-3.4324646E-02,-1.1041946E+00
9.057317E-02,-3.5621643E-02,-1.1222763E+00
9.057645E-02,-3.7605286E-02,-1.1390610E+00
9.057972E-02,-3.8825989E-02,-1.1553879E+00
9.058300E-02,-4.0199280E-02,-1.1704941E+00
9.058628E-02,-4.1572571E-02,-1.1846085E+00
9.058956E-02,-4.2716980E-02,-1.1982651E+00
9.059283E-02,-4.2793274E-02,-1.2122269E+00
9.059611E-02,-4.4700623E-02,-1.2249680E+00
9.059939E-02,-4.5234680E-02,-1.2373276E+00
9.060266E-02,-4.5539856E-02,-1.2484665E+00
9.060594E-02,-4.5921326E-02,-1.2587662E+00
9.060922E-02,-4.6073914E-02,-1.2692184E+00
9.061249E-02,-4.7142029E-02,-1.2782211E+00
9.061577E-02,-4.7752380E-02,-1.2873001E+00
9.061905E-02,-4.6607971E-02,-1.2946243E+00
9.062232E-02,-4.6684265E-02,-1.3013382E+00
9.062560E-02,-4.7065735E-02,-1.3085098E+00
9.062888E-02,-4.6455383E-02,-1.3130875E+00
9.063215E-02,-4.6150208E-02,-1.3178177E+00
9.063543E-02,-4.5310974E-02,-1.3225479E+00
9.063871E-02,-4.4776917E-02,-1.3259811E+00
9.064198E-02,-4.5616150E-02,-1.3275070E+00
9.064526E-02,-4.5310974E-02,-1.3301010E+00
9.064854E-02,-4.5310974E-02,-1.3301773E+00
9.065181E-02,-4.6150208E-02,-1.3318558E+00
9.065509E-02,-4.5463562E-02,-1.3310928E+00
9.065837E-02,-4.5997620E-02,-1.3304062E+00
9.066164E-02,-4.4700623E-02,-1.3282700E+00
9.066492E-02,-4.5539856E-02,-1.3255997E+00
9.066820E-02,-4.5845032E-02,-1.3217087E+00
9.067148E-02,-4.6302795E-02,-1.3171310E+00
9.067475E-02,-4.6607971E-02,-1.3122482E+00
9.067803E-02,-4.6989441E-02,-1.3062210E+00
9.068131E-02,-4.7828674E-02,-1.2993546E+00
9.068458E-02,-4.8210144E-02,-1.2923355E+00
9.068786E-02,-5.0041199E-02,-1.2850876E+00
9.069114E-02,-5.0498962E-02,-1.2770004E+00
9.069441E-02,-5.1719666E-02,-1.2677689E+00
9.069769E-02,-5.2635193E-02,-1.2566299E+00
9.070097E-02,-5.4389954E-02,-1.2460251E+00
9.070424E-02,-5.5458069E-02,-1.2339706E+00
9.070752E-02,-5.6831360E-02,-1.2217636E+00
9.071080E-02,-5.9349060E-02,-1.2087173E+00
9.071407E-02,-6.1408997E-02,-1.1938400E+00
9.071735E-02,-6.4079285E-02,-1.1791153E+00
9.072063E-02,-6.5147400E-02,-1.1646194E+00
9.072390E-02,-6.7741394E-02,-1.1492844E+00
9.072718E-02,-7.0564270E-02,-1.1331863E+00
9.073046E-02,-7.3692322E-02,-1.1164017E+00
9.073373E-02,-7.7354431E-02,-1.0978622E+00
9.073701E-02,-8.1474304E-02,-1.0785599E+00
9.074029E-02,-8.2923889E-02,-1.0596390E+00
9.074356E-02,-8.6738586E-02,-1.0400314E+00
9.074684E-02,-9.0629578E-02,-1.0202713E+00
9.075012E-02,-9.4749451E-02,-9.9883270E-01
9.075340E-02,-9.9250793E-02,-9.7754669E-01
9.075667E-02,-1.0382843E-01,-9.5549774E-01
9.075995E-02,-1.0794830E-01,-9.3245697E-01
9.076323E-02,-1.1237335E-01,-9.0865326E-01
9.076650E-02,-1.1725616E-01,-8.8484955E-01
9.076978E-02,-1.2229156E-01,-8.5982513E-01
9.077306E-02,-1.2778473E-01,-8.3518219E-01
9.077633E-02,-1.3358307E-01,-8.0947113E-01
9.077961E-02,-1.3907623E-01,-7.8330231E-01
9.078289E-02,-1.4479828E-01,-7.5652313E-01
9.078616E-02,-1.5036774E-01,-7.2974396E-01
9.078944E-02,-1.5593719E-01,-7.0159149E-01
9.079272E-02,-1.6204071E-01,-6.7389679E-01
9.079599E-02,-1.6951752E-01,-6.4604950E-01
9.079927E-02,-1.7569733E-01,-6.1660004E-01
9.080255E-02,-1.8225861E-01,-5.8654022E-01
9.080582E-02,-1.8920135E-01,-5.5670929E-01
9.080910E-02,-1.9507599E-01,-5.2649689E-01
9.081238E-02,-2.0209503E-01,-4.9597931E-01
9.081565E-02,-2.0789337E-01,-4.6416473E-01
9.081893E-02,-2.1475983E-01,-4.3318939E-01
9.082221E-02,-2.2162628E-01,-4.0229034E-01
9.082548E-02,-2.2849274E-01,-3.6910248E-01
9.082876E-02,-2.3513031E-01,-3.3766937E-01
9.083204E-02,-2.4192047E-01,-3.0471039E-01
9.083532E-02,-2.4863434E-01,-2.7220917E-01
9.083859E-02,-2.5557709E-01,-2.3795319E-01
9.084187E-02,-2.6168060E-01,-2.0453644E-01
9.084515E-02,-2.6839447E-01,-1.7028046E-01
9.084842E-02,-2.7419281E-01,-1.3640594E-01
9.085170E-02,-2.8090668E-01,-1.0131073E-01
9.085498E-02,-2.8578949E-01,-6.7283630E-02
9.085825E-02,-2.9166412E-01,-3.2035828E-02
9.086153E-02,-2.9906464E-01,2.7542114E-03
9.086481E-02,-3.0463409E-01,3.7696838E-02
9.086808E-02,-3.0936432E-01,7.3402405E-02
9.087136E-02,-3.1592560E-01,1.0956573E-01
9.087464E-02,-3.2088470E-01,1.4534760E-01
9.087791E-02,-3.2592010E-01,1.8067169E-01
9.088119E-02,-3.3156586E-01,2.1622467E-01
9.088447E-02,-3.3675385E-01,2.5177765E-01
9.088774E-02,-3.4018707E-01,2.8839874E-01
9.089102E-02,-3.4484100E-01,3.2448578E-01
9.089430E-02,-3.4796906E-01,3.5919952E-01
9.089757E-02,-3.5186005E-01,3.9566803E-01
9.090085E-02,-3.5498810E-01,4.3282318E-01
9.090413E-02,-3.5819244E-01,4.6837616E-01
9.090740E-02,-3.6147308E-01,5.0255585E-01
9.091068E-02,-3.6345673E-01,5.3810883E-01
9.091396E-02,-3.6605072E-01,5.7236481E-01
9.091724E-02,-3.6757660E-01,6.0601044E-01
9.092051E-02,-3.6956024E-01,6.4171600E-01
9.092379E-02,-3.7039948E-01,6.7734528E-01
9.092707E-02,-3.7162018E-01,7.1274567E-01
9.093034E-02,-3.7215424E-01,7.4868011E-01
9.093362E-02,-3.7131500E-01,7.8285980E-01
9.093690E-02,-3.7123871E-01,8.1856537E-01
9.094017E-02,-3.7062836E-01,8.5373688E-01
9.094345E-02,-3.7017059E-01,8.8837433E-01
9.094673E-02,-3.6872101E-01,9.2339325E-01
9.095000E-02,-3.6643219E-01,9.5810699E-01
9.095328E-02,-3.6574554E-01,9.9198151E-01
9.095656E-02,-3.6277008E-01,1.0262375E+00
9.095983E-02,-3.5987091E-01,1.0594254E+00
9.096311E-02,-3.5636139E-01,1.0931473E+00
9.096639E-02,-3.5330963E-01,1.1265640E+00
9.096966E-02,-3.4888458E-01,1.1589127E+00
9.097294E-02,-3.4491730E-01,1.1913376E+00
9.097622E-02,-3.4018707E-01,1.2239914E+00
9.097949E-02,-3.3446503E-01,1.2558060E+00
9.098277E-02,-3.2813263E-01,1.2872391E+00
9.098605E-02,-3.2157135E-01,1.3179092E+00
9.098932E-02,-3.1485748E-01,1.3476639E+00
9.099260E-02,-3.0806732E-01,1.3785629E+00
9.099588E-02,-3.0043793E-01,1.4080124E+00
9.099916E-02,-2.9090118E-01,1.4374619E+00
9.100243E-02,-2.8342438E-01,1.4666061E+00
9.100571E-02,-2.7434540E-01,1.4949875E+00
9.100899E-02,-2.6564789E-01,1.5223007E+00
9.101226E-02,-2.5611115E-01,1.5490036E+00
9.101554E-02,-2.4642181E-01,1.5764694E+00
9.101882E-02,-2.3627472E-01,1.6022568E+00
9.102209E-02,-2.2582245E-01,1.6294937E+00
9.102537E-02,-2.1422577E-01,1.6562729E+00
9.102865E-02,-2.0316315E-01,1.6822128E+00
9.103192E-02,-1.9057465E-01,1.7066269E+00
9.103520E-02,-1.7844391E-01,1.7299728E+00
9.103848E-02,-1.6745758E-01,1.7540817E+00
9.104175E-02,-1.5311432E-01,1.7765121E+00
9.104503E-02,-1.4052582E-01,1.7994766E+00
9.104831E-02,-1.2740326E-01,1.8216019E+00
9.105158E-02,-1.1565399E-01,1.8428116E+00
9.105486E-02,-1.0054779E-01,1.8634109E+00
9.105814E-02,-8.7730408E-02,1.8834000E+00
9.106141E-02,-7.3081970E-02,1.9031601E+00
9.106469E-02,-5.9349060E-02,1.9221573E+00
9.106797E-02,-4.5616150E-02,1.9410019E+00
9.107124E-02,-3.0509949E-02,1.9580917E+00
9.107452E-02,-1.5480042E-02,1.9746475E+00
9.107780E-02,-1.1367798E-03,1.9910507E+00
9.108108E-02,1.4808655E-02,2.0069962E+00
9.108435E-02,2.9914856E-02,2.0217972E+00
9.108763E-02,4.6089172E-02,2.0361404E+00
9.109091E-02,6.0508728E-02,2.0488052E+00
9.109418E-02,7.5614929E-02,2.0620041E+00
9.109746E-02,9.1484070E-02,2.0739059E+00
9.110074E-02,1.0674286E-01,2.0853500E+00
9.110401E-02,1.2177277E-01,2.0962601E+00
9.110729E-02,1.3565826E-01,2.1064072E+00
9.111057E-02,1.5198517E-01,2.1154099E+00
9.111384E-02,1.6655731E-01,2.1249466E+00
9.111712E-02,1.8296051E-01,2.1330338E+00
9.112040E-02,1.9760895E-01,2.1398239E+00
9.112367E-02,2.1187592E-01,2.1470718E+00
9.112695E-02,2.2805023E-01,2.1528702E+00
9.113023E-02,2.4300385E-01,2.1576767E+00
9.113350E-02,2.5643158E-01,2.1610336E+00
9.113678E-02,2.7024078E-01,2.1643906E+00
9.114006E-02,2.8412628E-01,2.1675186E+00
9.114333E-02,2.9778290E-01,2.1694260E+00
9.114661E-02,3.1227875E-01,2.1711044E+00
9.114989E-02,3.2578278E-01,2.1713333E+00
9.115316E-02,3.3966827E-01,2.1715622E+00
9.115644E-02,3.5210419E-01,2.1711044E+00
9.115972E-02,3.6423492E-01,2.1692734E+00
9.116300E-02,3.7636566E-01,2.1672897E+00
9.116627E-02,3.8750458E-01,2.1641617E+00
9.116955E-02,3.9978790E-01,2.1604233E+00
9.117283E-02,4.1077423E-01,2.1553879E+00
9.117610E-02,4.2267609E-01,2.1505814E+00
9.117938E-02,4.3305206E-01,2.1458511E+00
9.118266E-02,4.4327545E-01,2.1395950E+00
9.118593E-02,4.5212555E-01,2.1314316E+00
9.118921E-02,4.6173859E-01,2.1231918E+00
9.119249E-02,4.7081757E-01,2.1143417E+00
9.119576E-02,4.7852325E-01,2.1048813E+00
9.119904E-02,4.8737335E-01,2.0947342E+00
9.120232E-02,4.9355316E-01,2.0835953E+00
9.120559E-02,5.0133514E-01,2.0714645E+00
9.120887E-02,5.0911713E-01,2.0597153E+00
9.121215E-02,5.1499176E-01,2.0463638E+00
9.121542E-02,5.2033234E-01,2.0333176E+00
9.121870E-02,5.2605438E-01,2.0185928E+00
9.122198E-02,5.3070831E-01,2.0037155E+00
9.122525E-02,5.3452301E-01,1.9876938E+00
9.122853E-02,5.3879547E-01,1.9705276E+00
9.123181E-02,5.4192352E-01,1.9538956E+00
9.123508E-02,5.4543304E-01,1.9361954E+00
9.123836E-02,5.4726410E-01,1.9173508E+00
9.124164E-02,5.4962921E-01,1.8976669E+00
9.124492E-02,5.5207062E-01,1.8780594E+00
9.124819E-02,5.5229950E-01,1.8576126E+00
9.125147E-02,5.5268097E-01,1.8367844E+00
9.125475E-02,5.5252838E-01,1.8153458E+00
9.125802E-02,5.5283356E-01,1.7934494E+00
9.126130E-02,5.5069733E-01,1.7714005E+00
9.126458E-02,5.5146027E-01,1.7485886E+00
9.126785E-02,5.4863739E-01,1.7243271E+00
9.127113E-02,5.4680634E-01,1.6998367E+00
9.127441E-02,5.4367828E-01,1.6754990E+00
9.127768E-02,5.4032135E-01,1.6494064E+00
9.128096E-02,5.3734589E-01,1.6238480E+00
9.128424E-02,5.3437042E-01,1.5974503E+00
9.128751E-02,5.2979279E-01,1.5702133E+00
9.129079E-02,5.2452850E-01,1.5432816E+00
9.129407E-02,5.1964569E-01,1.5165024E+00
9.129734E-02,5.1300812E-01,1.4882736E+00
9.130062E-02,5.0865936E-01,1.4601212E+00
9.130390E-02,5.0125885E-01,1.4307480E+00
9.130717E-02,4.9515533E-01,1.4014511E+00
9.131045E-02,4.8699188E-01,1.3714676E+00
9.131373E-02,4.8096466E-01,1.3406448E+00
9.131700E-02,4.7341156E-01,1.3101273E+00
9.132028E-02,4.6562958E-01,1.2796097E+00
9.132356E-02,4.5738983E-01,1.2482529E+00
9.132684E-02,4.4777679E-01,1.2158279E+00
9.133011E-02,4.3991852E-01,1.1837082E+00
9.133339E-02,4.3114471E-01,1.1521988E+00
9.133667E-02,4.2107391E-01,1.1189346E+00
9.133994E-02,4.1191864E-01,1.0858231E+00
9.134322E-02,4.0238190E-01,1.0525589E+00
9.134650E-02,3.9360809E-01,1.0183792E+00
9.134977E-02,3.8246918E-01,9.8412323E-01
9.135305E-02,3.7209320E-01,9.4910431E-01
9.135633E-02,3.6179352E-01,9.1469574E-01
9.135960E-02,3.5202789E-01,8.8074493E-01
9.136288E-02,3.4127045E-01,8.4572601E-01
9.136616E-02,3.3020782E-01,8.1116486E-01
9.136943E-02,3.1899261E-01,7.7591705E-01
9.137271E-02,3.0777740E-01,7.4051666E-01
9.137599E-02,2.9816437E-01,7.0496368E-01
9.137926E-02,2.8664398E-01,6.7032623E-01
9.138254E-02,2.7642059E-01,6.3492584E-01
9.138582E-02,2.6604462E-01,6.0082245E-01
9.138909E-02,2.5482941E-01,5.6717682E-01
9.139237E-02,2.4437714E-01,5.3223419E-01
9.139565E-02,2.3247528E-01,4.9591827E-01
9.139892E-02,2.2217560E-01,4.6059418E-01
9.140220E-02,2.1225739E-01,4.2465973E-01
9.140548E-02,2.0195770E-01,3.8933563E-01
9.140876E-02,1.9066620E-01,3.5263824E-01
9.141203E-02,1.7975616E-01,3.1693268E-01
9.141531E-02,1.6876984E-01,2.8130341E-01
9.141859E-02,1.5862274E-01,2.4452972E-01
9.142186E-02,1.4839935E-01,2.0935822E-01
9.142514E-02,1.4031219E-01,1.7411041E-01
9.142842E-02,1.2970734E-01,1.3893890E-01
9.143169E-02,1.2017059E-01,1.0163116E-01
9.143497E-02,1.0979462E-01,6.5620422E-02
9.143825E-02,1.0041046E-01,3.0677795E-02
9.144152E-02,9.2018127E-02,-4.4174194E-03
9.144480E-02,8.4388733E-02,-3.9131165E-02
9.144808E-02,7.5843811E-02,-7.4150085E-02
9.145135E-02,6.8061829E-02,-1.0848236E-01
9.145463E-02,6.0661316E-02,-1.4273834E-01
9.145791E-02,5.2116394E-02,-1.7661285E-01
9.146118E-02,4.5707703E-02,-2.1079254E-01
9.146446E-02,3.8764954E-02,-2.4512482E-01
9.146774E-02,3.0754089E-02,-2.7861786E-01
9.147101E-02,2.2743225E-02,-3.1127167E-01
9.147429E-02,1.6792297E-02,-3.4384918E-01
9.147757E-02,1.0917664E-02,-3.7635040E-01
9.148084E-02,5.1193237E-03,-4.0862274E-01
9.148412E-02,-3.7384033E-04,-4.4043732E-01
9.148740E-02,-5.9432983E-03,-4.7133636E-01
9.149068E-02,-1.1283875E-02,-5.0215912E-01
9.149395E-02,-1.5708923E-02,-5.3221893E-01
9.149723E-02,-2.0210266E-02,-5.6349945E-01
9.150051E-02,-2.4482727E-02,-5.9340668E-01
9.150378E-02,-2.8831482E-02,-6.2201691E-01
9.150706E-02,-3.2798767E-02,-6.5100861E-01
9.151034E-02,-3.6231995E-02,-6.7946625E-01
9.151361E-02,-3.9512634E-02,-7.0792389E-01
9.151689E-02,-4.2869568E-02,-7.3493195E-01
9.152017E-02,-4.4929504E-02,-7.6216888E-01
9.152344E-02,-4.7142029E-02,-7.8910065E-01
9.152672E-02,-4.9888611E-02,-8.1465912E-01
9.153000E-02,-5.1261902E-02,-8.4021759E-01
9.153327E-02,-5.3016663E-02,-8.6470795E-01
9.153655E-02,-5.5534363E-02,-8.8874054E-01
9.153983E-02,-5.6755066E-02,-9.1216278E-01
9.154310E-02,-5.7594299E-02,-9.3566132E-01
9.154638E-02,-5.8586121E-02,-9.5877838E-01
9.154966E-02,-5.8815002E-02,-9.8159027E-01
9.155293E-02,-6.0417175E-02,-1.0033340E+00
9.155621E-02,-6.0340881E-02,-1.0243149E+00
9.155949E-02,-6.1256409E-02,-1.0436935E+00
9.156276E-02,-6.0646057E-02,-1.0629959E+00
9.156604E-02,-6.0646057E-02,-1.0825272E+00
9.156932E-02,-6.0646057E-02,-1.1019058E+00
9.157260E-02,-6.1637878E-02,-1.1193771E+00
9.157587E-02,-6.1180115E-02,-1.1370010E+00
9.157915E-02,-6.0112000E-02,-1.1528702E+00
9.158243E-02,-5.9577942E-02,-1.1683578E+00
9.158570E-02,-5.8204651E-02,-1.1834641E+00
9.158898E-02,-5.8509827E-02,-1.1978836E+00
9.159226E-02,-5.7746887E-02,-1.2121506E+00
9.159553E-02,-5.7746887E-02,-1.2255020E+00
9.159881E-02,-5.5610657E-02,-1.2366409E+00
9.160209E-02,-5.5000305E-02,-1.2484665E+00
9.160536E-02,-5.3932190E-02,-1.2588425E+00
9.160864E-02,-5.2482605E-02,-1.2683029E+00
9.161192E-02,-5.2253723E-02,-1.2781448E+00
9.161519E-02,-5.2864075E-02,-1.2869186E+00
9.161847E-02,-5.1872253E-02,-1.2953873E+00
9.162175E-02,-4.9583435E-02,-1.3026352E+00
9.162502E-02,-4.7828674E-02,-1.3087387E+00
9.162830E-02,-4.7676086E-02,-1.3147659E+00
9.163158E-02,-4.7904968E-02,-1.3198776E+00
9.163485E-02,-4.6760559E-02,-1.3238449E+00
9.163813E-02,-4.5234680E-02,-1.3278122E+00
9.164141E-02,-4.6531677E-02,-1.3304825E+00
9.164468E-02,-4.5921326E-02,-1.3317795E+00
9.164796E-02,-4.5539856E-02,-1.3326950E+00
9.165124E-02,-4.4853210E-02,-1.3329239E+00
9.165452E-02,-4.5616150E-02,-1.3327713E+00
9.165779E-02,-4.4853210E-02,-1.3316269E+00
9.166107E-02,-4.4929504E-02,-1.3301010E+00
9.166435E-02,-4.6150208E-02,-1.3278885E+00
9.166762E-02,-4.6379089E-02,-1.3246841E+00
9.167090E-02,-4.5997620E-02,-1.3202591E+00
9.167418E-02,-4.7447205E-02,-1.3144608E+00
9.167745E-02,-4.7752380E-02,-1.3088150E+00
9.168073E-02,-4.8973083E-02,-1.3025589E+00
9.168401E-02,-5.0346375E-02,-1.2941666E+00
9.168728E-02,-5.1033020E-02,-1.2865372E+00
9.169056E-02,-5.2253723E-02,-1.2785263E+00
9.169384E-02,-5.4389954E-02,-1.2690659E+00
9.169711E-02,-5.6602478E-02,-1.2585373E+00
9.170039E-02,-5.7746887E-02,-1.2480850E+00
9.170367E-02,-6.0493469E-02,-1.2362595E+00
9.170694E-02,-6.2629700E-02,-1.2239761E+00
9.171022E-02,-6.4994812E-02,-1.2116165E+00
9.171350E-02,-6.7588806E-02,-1.1977310E+00
9.171677E-02,-7.0259094E-02,-1.1834641E+00
9.172005E-02,-7.4073792E-02,-1.1689682E+00
9.172333E-02,-7.7125549E-02,-1.1530228E+00
9.172660E-02,-8.0101013E-02,-1.1374588E+00
9.172988E-02,-8.3381653E-02,-1.1206741E+00
9.173316E-02,-8.6433411E-02,-1.1028214E+00
9.173644E-02,-9.1239929E-02,-1.0838242E+00
9.173971E-02,-9.4291687E-02,-1.0654373E+00
9.174299E-02,-9.7648621E-02,-1.0446854E+00
9.174627E-02,-1.0077667E-01,-1.0248489E+00
9.174954E-02,-1.0695648E-01,-1.0045547E+00
9.175282E-02,-1.1023712E-01,-9.8242950E-01
9.175610E-02,-1.1435699E-01,-9.6099091E-01
9.175937E-02,-1.1870575E-01,-9.3756866E-01
9.176265E-02,-1.2183380E-01,-9.1498566E-01
9.176593E-02,-1.2664032E-01,-8.9087677E-01
9.176920E-02,-1.3091278E-01,-8.6585236E-01
9.177248E-02,-1.3541412E-01,-8.4105682E-01
9.177576E-02,-1.3983917E-01,-8.1565094E-01
9.177903E-02,-1.4579010E-01,-7.8978729E-01
9.178231E-02,-1.4861298E-01,-7.6224518E-01
9.178559E-02,-1.5364838E-01,-7.3516083E-01
9.178886E-02,-1.5753937E-01,-7.0754242E-01
9.179214E-02,-1.6211700E-01,-6.7969513E-01
9.179542E-02,-1.6692352E-01,-6.5085602E-01
9.179869E-02,-1.7127228E-01,-6.2209320E-01
9.180197E-02,-1.7661285E-01,-5.9218597E-01
9.180525E-02,-1.8050385E-01,-5.6212616E-01
9.180852E-02,-1.8454742E-01,-5.3282928E-01
9.181180E-02,-1.8851471E-01,-5.0200653E-01
9.181508E-02,-1.9316864E-01,-4.7103119E-01
9.181836E-02,-1.9675446E-01,-4.4051361E-01
9.182163E-02,-2.0056915E-01,-4.0953827E-01
9.182491E-02,-2.0446014E-01,-3.7711334E-01
9.182819E-02,-2.0697784E-01,-3.4552765E-01
9.183146E-02,-2.1140289E-01,-3.1272125E-01
9.183474E-02,-2.1437836E-01,-2.7938080E-01
9.183802E-02,-2.1659088E-01,-2.4565887E-01
9.184129E-02,-2.1895599E-01,-2.1216583E-01
9.184457E-02,-2.2139740E-01,-1.7775726E-01
9.184785E-02,-2.2360992E-01,-1.4388275E-01
9.185112E-02,-2.2437286E-01,-1.0886383E-01
9.185440E-02,-2.2658539E-01,-7.4150085E-02
9.185768E-02,-2.2856903E-01,-4.0199280E-02
9.186095E-02,-2.2978973E-01,-4.2648315E-03
9.186423E-02,-2.2925568E-01,3.1517029E-02
9.186751E-02,-2.3032379E-01,6.6612244E-02
9.187078E-02,-2.3093414E-01,1.0208893E-01
9.187406E-02,-2.3093414E-01,1.3771820E-01
9.187734E-02,-2.3040009E-01,1.7372894E-01
9.188061E-02,-2.2940826E-01,2.0943451E-01
9.188389E-02,-2.2864532E-01,2.4567413E-01
9.188717E-02,-2.2666168E-01,2.8122711E-01
9.189044E-02,-2.2544098E-01,3.1754303E-01
9.189372E-02,-2.2345734E-01,3.5286713E-01
9.189700E-02,-2.2124481E-01,3.8933563E-01
9.190028E-02,-2.1834564E-01,4.2588043E-01
9.190355E-02,-2.1483612E-01,4.6074677E-01
9.190683E-02,-2.1086884E-01,4.9561310E-01
9.191011E-02,-2.0697784E-01,5.3177643E-01
9.191338E-02,-2.0262909E-01,5.6710052E-01
9.191666E-02,-1.9805145E-01,6.0021210E-01
9.191994E-02,-1.9271088E-01,6.3454437E-01
9.192321E-02,-1.8782806E-01,6.6971588E-01
9.192649E-02,-1.8225861E-01,7.0534515E-01
9.192977E-02,-1.7630768E-01,7.4158478E-01
9.193304E-02,-1.6837311E-01,7.7690887E-01
9.193632E-02,-1.6158295E-01,8.1230927E-01
9.193960E-02,-1.5380096E-01,8.4725189E-01
9.194287E-02,-1.4594269E-01,8.8204193E-01
9.194615E-02,-1.3823700E-01,9.1568756E-01
9.194943E-02,-1.2999725E-01,9.5024872E-01
9.195270E-02,-1.2076569E-01,9.8458099E-01
9.195598E-02,-1.1237335E-01,1.0186081E+00
9.195926E-02,-1.0245514E-01,1.0527878E+00
9.196253E-02,-9.2231750E-02,1.0865860E+00
9.196581E-02,-8.1779480E-02,1.1206131E+00
9.196909E-02,-7.1784973E-02,1.1521988E+00
9.197236E-02,-6.0417175E-02,1.1843185E+00
9.197564E-02,-5.0346375E-02,1.2168198E+00
9.197892E-02,-3.8444519E-02,1.2485580E+00
9.198220E-02,-2.7458191E-02,1.2809067E+00
9.198547E-02,-1.5785217E-02,1.3111954E+00
9.198875E-02,-3.5781860E-03,1.3407211E+00
9.199203E-02,7.7133179E-03,1.3723831E+00
9.199530E-02,1.9920349E-02,1.4014511E+00
9.199858E-02,3.3271790E-02,1.4318161E+00
9.200186E-02,4.7004700E-02,1.4608078E+00
9.200513E-02,5.9898376E-02,1.4887314E+00
9.200841E-02,7.3783875E-02,1.5165024E+00
9.201169E-02,8.7287903E-02,1.5445023E+00
9.201496E-02,1.0193634E-01,1.5712814E+00
9.201824E-02,1.1589813E-01,1.5980606E+00
9.202152E-02,1.2985992E-01,1.6247635E+00
9.202479E-02,1.4389801E-01,1.6504745E+00
9.202807E-02,1.5717316E-01,1.6764145E+00
9.203135E-02,1.7151642E-01,1.7013626E+00
9.203462E-02,1.8647003E-01,1.7251663E+00
9.203790E-02,2.0165253E-01,1.7485123E+00
9.204118E-02,2.1607208E-01,1.7720871E+00
9.204445E-02,2.2995758E-01,1.7948990E+00
9.204773E-02,2.4468231E-01,1.8169479E+00
9.205101E-02,2.5902557E-01,1.8380814E+00
9.205428E-02,2.7298737E-01,1.8594437E+00
9.205756E-02,2.8656769E-01,1.8800430E+00
9.206084E-02,2.9999542E-01,1.8992691E+00
9.206412E-02,3.1494904E-01,1.9191055E+00
9.206739E-02,3.2929230E-01,1.9366531E+00
9.207067E-02,3.4325409E-01,1.9544296E+00
9.207395E-02,3.5683441E-01,1.9718246E+00
9.207722E-02,3.7056732E-01,1.9886093E+00
9.208050E-02,3.8384247E-01,2.0044022E+00
9.208378E-02,3.9696503E-01,2.0202713E+00
9.208705E-02,4.0978241E-01,2.0330887E+00
9.209033E-02,4.2176056E-01,2.0468216E+00
9.209361E-02,4.3488312E-01,2.0597916E+00
9.209688E-02,4.4678497E-01,2.0723801E+00
9.210016E-02,4.5822906E-01,2.0837479E+00
9.210344E-02,4.7089386E-01,2.0938187E+00
9.210671E-02,4.8104095E-01,2.1044998E+00
9.210999E-02,4.9347687E-01,2.1143417E+00
9.211327E-02,5.0400543E-01,2.1238022E+00
9.211654E-02,5.1361847E-01,2.1315842E+00
9.211982E-02,5.2307892E-01,2.1385269E+00
9.212310E-02,5.3238678E-01,2.1451645E+00
9.212637E-02,5.4161835E-01,2.1500473E+00
9.212965E-02,5.4978180E-01,2.1553116E+00
9.213293E-02,5.5825043E-01,2.1603470E+00
9.213620E-02,5.6687164E-01,2.1630173E+00
9.213948E-02,5.7366180E-01,2.1666794E+00
9.214276E-02,5.8060455E-01,2.1698074E+00
9.214604E-02,5.8663177E-01,2.1707993E+00
9.214931E-02,5.9342194E-01,2.1714096E+00
9.215259E-02,5.9876251E-01,2.1724014E+00
9.215587E-02,6.0356903E-01,2.1701126E+00
9.215914E-02,6.0814667E-01,2.1695786E+00
9.216242E-02,6.1249542E-01,2.1672897E+00
9.216570E-02,6.1737823E-01,2.1641617E+00
9.216897E-02,6.2012482E-01,2.1601944E+00
9.217225E-02,6.2302399E-01,2.1556168E+00
9.217553E-02,6.2584686E-01,2.1509628E+00
9.217880E-02,6.2767792E-01,2.1447067E+00
9.218208E-02,6.2828827E-01,2.1382217E+00
9.218536E-02,6.3027191E-01,2.1315842E+00
9.218863E-02,6.2989044E-01,2.1238022E+00
9.219191E-02,6.3042450E-01,2.1151047E+00
9.219519E-02,6.2958527E-01,2.1054916E+00
9.219846E-02,6.2851715E-01,2.0952682E+00
9.220174E-02,6.2615204E-01,2.0836716E+00
9.220502E-02,6.2523651E-01,2.0717697E+00
9.220829E-02,6.2264252E-01,2.0599442E+00
9.221157E-02,6.2027740E-01,2.0472031E+00
9.221485E-02,6.1516571E-01,2.0340042E+00
9.221812E-02,6.1066437E-01,2.0205002E+00
9.222140E-02,6.0608673E-01,2.0051651E+00
9.222468E-02,6.0089874E-01,1.9891434E+00
9.222796E-02,5.9540558E-01,1.9728928E+00
9.223123E-02,5.9044647E-01,1.9554977E+00
9.223451E-02,5.8434296E-01,1.9377213E+00
9.223779E-02,5.7846832E-01,1.9193344E+00
9.224106E-02,5.7129669E-01,1.9004135E+00
9.224434E-02,5.6450653E-01,1.8811111E+00
9.224762E-02,5.5519867E-01,1.8608170E+00
9.225089E-02,5.4825592E-01,1.8396072E+00
9.225417E-02,5.3910065E-01,1.8185501E+00
9.225745E-02,5.3002167E-01,1.7972641E+00
9.226072E-02,5.2155304E-01,1.7740707E+00
9.226400E-02,5.1071930E-01,1.7513351E+00
9.226728E-02,5.0156403E-01,1.7280655E+00
9.227055E-02,4.9279022E-01,1.7039566E+00
9.227383E-02,4.8157501E-01,1.6794662E+00
9.227711E-02,4.7013092E-01,1.6541367E+00
9.228038E-02,4.6006012E-01,1.6272049E+00
9.228366E-02,4.4861603E-01,1.6017227E+00
9.228694E-02,4.3770599E-01,1.5752487E+00
9.229021E-02,4.2626190E-01,1.5478592E+00
9.229349E-02,4.1405487E-01,1.5200119E+00
9.229677E-02,4.0245819E-01,1.4923172E+00
9.230004E-02,3.9025116E-01,1.4637833E+00
9.230332E-02,3.7834930E-01,1.4347153E+00
9.230660E-02,3.6484528E-01,1.4054184E+00
9.230988E-02,3.5332489E-01,1.3749771E+00
9.231315E-02,3.3951569E-01,1.3452225E+00
9.231643E-02,3.2822418E-01,1.3140182E+00
9.231971E-02,3.1395721E-01,1.2841873E+00
9.232298E-02,3.0136871E-01,1.2519150E+00
9.232626E-02,2.8931427E-01,1.2194138E+00
9.232954E-02,2.7718353E-01,1.1882858E+00
9.233281E-02,2.6436615E-01,1.1562424E+00
9.233609E-02,2.5193024E-01,1.1233597E+00
9.233937E-02,2.4002838E-01,1.0909348E+00
9.234264E-02,2.2774506E-01,1.0574417E+00
9.234592E-02,2.1454620E-01,1.0242538E+00
9.234920E-02,2.0211029E-01,9.8946381E-01
9.235247E-02,1.8929291E-01,9.5513153E-01
9.235575E-02,1.7769623E-01,9.2041779E-01
9.235903E-02,1.6495514E-01,8.8600922E-01
9.236230E-02,1.5312958E-01,8.5091400E-01
9.236558E-02,1.4107513E-01,8.1612396E-01
9.236886E-02,1.2970734E-01,7.8141022E-01
9.237213E-02,1.1811066E-01,7.4730682E-01
9.237541E-02,1.0666656E-01,7.1060944E-01
9.237869E-02,9.5146179E-02,6.7589569E-01
9.238196E-02,8.5533142E-02,6.3980865E-01
9.238524E-02,7.4394226E-02,6.0654449E-01
9.238852E-02,6.3407898E-02,5.7328033E-01
9.239180E-02,5.3642273E-02,5.3803253E-01
9.239507E-02,4.3647766E-02,5.0225067E-01
9.239835E-02,3.4645081E-02,4.6654510E-01
9.240163E-02,2.4879456E-02,4.3099213E-01
9.240490E-02,1.5419006E-02,3.9505768E-01
9.240818E-02,6.7214966E-03,3.5919952E-01
9.241146E-02,-1.5945435E-03,3.2410431E-01
9.241473E-02,-9.2239380E-03,2.8763580E-01
9.241801E-02,-1.7616272E-02,2.5170135E-01
9.242129E-02,-2.4787903E-02,2.1591949E-01
9.242456E-02,-3.2722473E-02,1.8074799E-01
9.242784E-02,-3.8749695E-02,1.4389801E-01
9.243112E-02,-4.5463562E-02,1.0880280E-01
9.243439E-02,-5.1109314E-02,7.2486877E-02
9.243767E-02,-5.7365417E-02,3.7315369E-02
9.244095E-02,-6.4155579E-02,2.1438599E-03
9.244422E-02,-6.9038391E-02,-3.3485413E-02
9.244750E-02,-7.5294495E-02,-6.8046570E-02
9.245078E-02,-7.9643250E-02,-1.0214996E-01
9.245405E-02,-8.4220886E-02,-1.3663483E-01
9.245733E-02,-8.8111877E-02,-1.7096710E-01
9.246061E-02,-9.2002869E-02,-2.0461273E-01
9.246388E-02,-9.5436096E-02,-2.3894501E-01
9.246716E-02,-9.8030090E-02,-2.7167511E-01
9.247044E-02,-1.0070038E-01,-3.0554962E-01
9.247372E-02,-1.0405731E-01,-3.3843231E-01
9.247699E-02,-1.0611725E-01,-3.7093353E-01
9.248027E-02,-1.0817719E-01,-4.0274811E-01
9.248355E-02,-1.1046600E-01,-4.3456268E-01
9.248682E-02,-1.1222076E-01,-4.6622467E-01
9.249010E-02,-1.1382294E-01,-4.9658966E-01
9.249338E-02,-1.1443329E-01,-5.2672577E-01
9.249665E-02,-1.1573029E-01,-5.5663300E-01
9.249993E-02,-1.1542511E-01,-5.8776093E-01
9.250321E-02,-1.1504364E-01,-6.1713409E-01
9.250648E-02,-1.1603546E-01,-6.4521027E-01
9.250976E-02,-1.1473846E-01,-6.7382050E-01
9.251304E-02,-1.1397552E-01,-7.0197296E-01
9.251631E-02,-1.1466217E-01,-7.2928619E-01
9.251959E-02,-1.1153412E-01,-7.5698090E-01
9.252287E-02,-1.1252594E-01,-7.8414154E-01
9.252614E-02,-1.1100006E-01,-8.1000519E-01
9.252942E-02,-1.1054230E-01,-8.3563995E-01
9.253270E-02,-1.0832977E-01,-8.6035919E-01
9.253597E-02,-1.0733795E-01,-8.8469696E-01
9.253925E-02,-1.0482025E-01,-9.0850067E-01
9.254253E-02,-1.0306549E-01,-9.3253326E-01
9.254580E-02,-1.0161591E-01,-9.5542145E-01
9.254908E-02,-9.8793030E-02,-9.7808075E-01
9.255236E-02,-9.7343445E-02,-1.0002823E+00
9.255564E-02,-9.4749451E-02,-1.0211105E+00
9.255891E-02,-9.4062805E-02,-1.0414810E+00
9.256219E-02,-9.0324402E-02,-1.0608597E+00
9.256547E-02,-8.8111877E-02,-1.0799332E+00
9.256874E-02,-8.5365295E-02,-1.0985489E+00
9.257202E-02,-8.3229065E-02,-1.1169357E+00
9.257530E-02,-8.1779480E-02,-1.1345596E+00
9.257857E-02,-7.9414368E-02,-1.1505051E+00
9.258185E-02,-7.6744080E-02,-1.1651535E+00
9.258513E-02,-7.3844910E-02,-1.1807175E+00
9.258840E-02,-7.1632385E-02,-1.1956711E+00
9.259168E-02,-6.9190979E-02,-1.2087936E+00
9.259496E-02,-6.7436218E-02,-1.2220688E+00
9.259823E-02,-6.4231873E-02,-1.2349625E+00
9.260151E-02,-6.3545227E-02,-1.2462540E+00
9.260479E-02,-6.1485291E-02,-1.2573166E+00
9.260806E-02,-6.0264587E-02,-1.2675400E+00
9.261134E-02,-5.7670593E-02,-1.2764664E+00
9.261462E-02,-5.5458069E-02,-1.2855453E+00
9.261789E-02,-5.4008484E-02,-1.2935562E+00
9.262117E-02,-5.1719666E-02,-1.3011093E+00
9.262445E-02,-5.0270081E-02,-1.3076706E+00
9.262772E-02,-4.9964905E-02,-1.3132401E+00
9.263100E-02,-4.8210144E-02,-1.3178940E+00
9.263428E-02,-4.8286438E-02,-1.3223953E+00
9.263756E-02,-4.6989441E-02,-1.3251419E+00
9.264083E-02,-4.6073914E-02,-1.3286514E+00
9.264411E-02,-4.5234680E-02,-1.3309402E+00
9.264739E-02,-4.5234680E-02,-1.3319321E+00
9.265066E-02,-4.5463562E-02,-1.3320847E+00
9.265394E-02,-4.5158386E-02,-1.3317032E+00
9.265722E-02,-4.4853210E-02,-1.3310165E+00
9.266049E-02,-4.4853210E-02,-1.3297958E+00
9.266377E-02,-4.5463562E-02,-1.3268967E+00
9.266705E-02,-4.7065735E-02,-1.3239212E+00
9.267032E-02,-4.6913147E-02,-1.3203354E+00
9.267360E-02,-4.8133850E-02,-1.3149185E+00
9.267688E-02,-4.8439026E-02,-1.3096542E+00
9.268015E-02,-5.0651550E-02,-1.3034744E+00
9.268343E-02,-5.1109314E-02,-1.2966080E+00
9.268671E-02,-5.3245544E-02,-1.2892075E+00
9.268998E-02,-5.5839539E-02,-1.2807388E+00
9.269326E-02,-5.6373596E-02,-1.2714310E+00
9.269654E-02,-5.7670593E-02,-1.2612839E+00
9.269981E-02,-5.8891296E-02,-1.2509079E+00
9.270309E-02,-6.1027527E-02,-1.2388535E+00
9.270637E-02,-6.3850403E-02,-1.2281723E+00
9.270964E-02,-6.4689636E-02,-1.2134476E+00
9.271292E-02,-6.7588806E-02,-1.2006302E+00
9.271620E-02,-6.9419861E-02,-1.1865921E+00
9.271948E-02,-7.2929382E-02,-1.1723251E+00
9.272275E-02,-7.4684143E-02,-1.1578293E+00
9.272603E-02,-7.6591492E-02,-1.1417313E+00
9.272931E-02,-7.9338074E-02,-1.1243362E+00
9.273258E-02,-8.1855774E-02,-1.1067123E+00
9.273586E-02,-8.4144592E-02,-1.0871048E+00
9.273914E-02,-8.7806702E-02,-1.0681076E+00
9.274241E-02,-9.0171814E-02,-1.0484238E+00
9.274569E-02,-9.2689514E-02,-1.0289688E+00
9.274897E-02,-9.5130920E-02,-1.0073013E+00
9.275224E-02,-9.7877502E-02,-9.8609161E-01
9.275552E-02,-1.0077667E-01,-9.6442413E-01
9.275880E-02,-1.0291290E-01,-9.4115448E-01
9.276207E-02,-1.0489655E-01,-9.1857147E-01
9.276535E-02,-1.0703278E-01,-8.9461517E-01
9.276863E-02,-1.0924530E-01,-8.6951447E-01
9.277190E-02,-1.1145782E-01,-8.4609222E-01
9.277518E-02,-1.1328888E-01,-8.2030487E-01
9.277846E-02,-1.1611176E-01,-7.9421234E-01
9.278173E-02,-1.1756134E-01,-7.6728058E-01
9.278501E-02,-1.1847687E-01,-7.3973846E-01
9.278829E-02,-1.2038422E-01,-7.1250153E-01
9.279156E-02,-1.2023163E-01,-6.8495941E-01
9.279484E-02,-1.2206268E-01,-6.5665436E-01
9.279812E-02,-1.2290192E-01,-6.2880707E-01
9.280140E-02,-1.2335968E-01,-5.9859467E-01
9.280467E-02,-1.2488556E-01,-5.6830597E-01
9.280795E-02,-1.2412262E-01,-5.3809357E-01
9.281123E-02,-1.2374115E-01,-5.0719452E-01
9.281450E-02,-1.2374115E-01,-4.7690582E-01
9.281778E-02,-1.2305450E-01,-4.4562531E-01
9.282106E-02,-1.2290192E-01,-4.1457367E-01
9.282433E-02,-1.2175751E-01,-3.8184357E-01
9.282761E-02,-1.2091827E-01,-3.5079193E-01
9.283089E-02,-1.1977386E-01,-3.1760406E-01
9.283416E-02,-1.1824799E-01,-2.8525543E-01
9.283744E-02,-1.1496735E-01,-2.5138092E-01
9.284072E-02,-1.1199188E-01,-2.1735382E-01
9.284399E-02,-1.0962677E-01,-1.8340302E-01
9.284727E-02,-1.0710907E-01,-1.4945221E-01
9.285055E-02,-1.0428619E-01,-1.1527252E-01
9.285382E-02,-1.0039520E-01,-8.0558777E-02
9.285710E-02,-9.5283508E-02,-4.6302795E-02
9.286038E-02,-9.1163635E-02,-1.1665344E-02
9.286365E-02,-8.7577820E-02,2.3811340E-02
9.286693E-02,-8.2084656E-02,5.9516907E-02
9.287021E-02,-7.7507019E-02,9.5222473E-02
9.287348E-02,-7.1327209E-02,1.3161469E-01
9.287676E-02,-6.6139221E-02,1.6777802E-01
9.288004E-02,-5.9577942E-02,2.0264435E-01
9.288332E-02,-5.2330017E-02,2.3880768E-01
9.288659E-02,-4.5463562E-02,2.7489471E-01
9.288987E-02,-3.8597107E-02,3.1052399E-01
9.289315E-02,-3.1425476E-02,3.4622955E-01
9.289642E-02,-2.3262024E-02,3.8201141E-01
9.289970E-02,-1.6319275E-02,4.1886139E-01
9.290298E-02,-8.6898804E-03,4.5456696E-01
9.290625E-02,6.1798096E-04,4.8958588E-01
9.290953E-02,1.0002136E-02,5.2605438E-01
9.291281E-02,1.9386292E-02,5.6069183E-01
9.291608E-02,2.8694153E-02,5.9365082E-01
9.291936E-02,3.7849426E-02,6.2737274E-01
9.292264E-02,4.8759460E-02,6.6223907E-01
9.292591E-02,5.9288025E-02,6.9832611E-01
9.292919E-02,7.0426941E-02,7.3418427E-01
9.293247E-02,8.0268860E-02,7.6935577E-01
9.293574E-02,9.1407776E-02,8.0437469E-01
9.293902E-02,1.0308075E-01,8.3954620E-01
9.294230E-02,1.1574554E-01,8.7456512E-01
9.294557E-02,1.2665558E-01,9.0935516E-01
9.294885E-02,1.3794708E-01,9.4384003E-01
9.295213E-02,1.5015411E-01,9.7870636E-01
9.295540E-02,1.6259003E-01,1.0121231E+00
9.295868E-02,1.7525482E-01,1.0471420E+00
9.296196E-02,1.8814850E-01,1.0801773E+00
9.296524E-02,2.0081329E-01,1.1132126E+00
9.296851E-02,2.1385956E-01,1.1460953E+00
9.297179E-02,2.2629547E-01,1.1779861E+00
9.297507E-02,2.3873138E-01,1.2101059E+00
9.297834E-02,2.5040436E-01,1.2427597E+00
9.298162E-02,2.6421356E-01,1.2750320E+00
9.298490E-02,2.7687836E-01,1.3062363E+00
9.298817E-02,2.8862762E-01,1.3364487E+00
9.299145E-02,3.0243683E-01,1.3672714E+00
9.299473E-02,3.1624603E-01,1.3959579E+00
9.299800E-02,3.2913971E-01,1.4259415E+00
9.300128E-02,3.4195709E-01,1.4549332E+00
9.300456E-02,3.5431671E-01,1.4833145E+00
9.300783E-02,3.6812592E-01,1.5110855E+00
9.301111E-02,3.7949371E-01,1.5391617E+00
9.301439E-02,3.9162445E-01,1.5658646E+00
9.301766E-02,4.0314484E-01,1.5936356E+00
9.302094E-02,4.1603851E-01,1.6195755E+00
9.302422E-02,4.2717743E-01,1.6452103E+00
9.302749E-02,4.3885040E-01,1.6708450E+00
9.303077E-02,4.5136261E-01,1.6957932E+00
9.303405E-02,4.6143341E-01,1.7206650E+00
9.303732E-02,4.7325897E-01,1.7453079E+00
9.304060E-02,4.8432159E-01,1.7681961E+00
9.304388E-02,4.9416351E-01,1.7907791E+00
9.304716E-02,5.0453949E-01,1.8124466E+00
9.305043E-02,5.1506805E-01,1.8335800E+00
9.305371E-02,5.2399445E-01,1.8545609E+00
9.305699E-02,5.3299713E-01,1.8748550E+00
9.306026E-02,5.4207611E-01,1.8954544E+00
9.306354E-02,5.4985809E-01,1.9136124E+00
9.306682E-02,5.6023407E-01,1.9320755E+00
9.307009E-02,5.6793976E-01,1.9505386E+00
9.307337E-02,5.7518768E-01,1.9672470E+00
9.307665E-02,5.8129120E-01,1.9841843E+00
9.307992E-02,5.8731842E-01,2.0000534E+00
9.308320E-02,5.9296417E-01,2.0157700E+00
9.308648E-02,5.9914398E-01,2.0301895E+00
9.308975E-02,6.0433197E-01,2.0439224E+00
9.309303E-02,6.1051178E-01,2.0567398E+00
9.309631E-02,6.1440277E-01,2.0685654E+00
9.309958E-02,6.1875153E-01,2.0802383E+00
9.310286E-02,6.2226105E-01,2.0911484E+00
9.310614E-02,6.2454987E-01,2.1020584E+00
9.310941E-02,6.2821198E-01,2.1122818E+00
9.311269E-02,6.2989044E-01,2.1198349E+00
9.311597E-02,6.3172150E-01,2.1283035E+00
9.311924E-02,6.3332367E-01,2.1354752E+00
9.312252E-02,6.3317108E-01,2.1418076E+00
9.312580E-02,6.3393402E-01,2.1482162E+00
9.312908E-02,6.3294220E-01,2.1539383E+00
9.313235E-02,6.3301849E-01,2.1584396E+00
9.313563E-02,6.3126373E-01,2.1625595E+00
9.313891E-02,6.2928009E-01,2.1654587E+00
9.314218E-02,6.2660980E-01,2.1672897E+00
9.314546E-02,6.2432098E-01,2.1689682E+00
9.314874E-02,6.2050629E-01,2.1698074E+00
9.315201E-02,6.1730194E-01,2.1698837E+00
9.315529E-02,6.1295319E-01,2.1695786E+00
9.315857E-02,6.0829926E-01,2.1685104E+00
9.316184E-02,6.0173798E-01,2.1662216E+00
9.316512E-02,5.9639740E-01,2.1634750E+00
9.316840E-02,5.9067535E-01,2.1600418E+00
9.317167E-02,5.8388519E-01,2.1559219E+00
9.317495E-02,5.7686615E-01,2.1514969E+00
9.317823E-02,5.6961823E-01,2.1469193E+00
9.318150E-02,5.6160736E-01,2.1399765E+00
9.318478E-02,5.5435944E-01,2.1318893E+00
9.318806E-02,5.4512787E-01,2.1240311E+00
9.319133E-02,5.3620148E-01,2.1163254E+00
9.319461E-02,5.2635956E-01,2.1058731E+00
9.319789E-02,5.1583099E-01,2.0959549E+00
9.320116E-02,5.0522614E-01,2.0848923E+00
9.320444E-02,4.9530792E-01,2.0747452E+00
9.320772E-02,4.8462677E-01,2.0623856E+00
9.321100E-02,4.7264862E-01,2.0495682E+00
9.321427E-02,4.6105194E-01,2.0359116E+00
9.321755E-02,4.5037079E-01,2.0229416E+00
9.322083E-02,4.3724823E-01,2.0067673E+00
9.322410E-02,4.2557526E-01,1.9912033E+00
9.322738E-02,4.1291046E-01,1.9741898E+00
9.323066E-02,3.9948273E-01,1.9570999E+00
9.323393E-02,3.8712311E-01,1.9392471E+00
9.323721E-02,3.7468719E-01,1.9221573E+00
9.324049E-02,3.6057281E-01,1.9028549E+00
9.324376E-02,3.4661102E-01,1.8828659E+00
9.324704E-02,3.3264923E-01,1.8625717E+00
9.325032E-02,3.1815338E-01,1.8419724E+00
9.325359E-02,3.0434418E-01,1.8208389E+00
9.325687E-02,2.9045868E-01,1.7994003E+00
9.326015E-02,2.7649689E-01,1.7772751E+00
9.326342E-02,2.6245880E-01,1.7543106E+00
9.326670E-02,2.4887848E-01,1.7311172E+00
9.326998E-02,2.3430634E-01,1.7070847E+00
9.327325E-02,2.2026825E-01,1.6822128E+00
9.327653E-02,2.0623016E-01,1.6571121E+00
9.327981E-02,1.9104767E-01,1.6307144E+00
9.328308E-02,1.7624664E-01,1.6040878E+00
9.328636E-02,1.6327667E-01,1.5776138E+00
9.328964E-02,1.4801788E-01,1.5495377E+00
9.329292E-02,1.3375092E-01,1.5232162E+00
9.329619E-02,1.2039948E-01,1.4943771E+00
9.329947E-02,1.0704803E-01,1.4666824E+00
9.330275E-02,9.3696594E-02,1.4386063E+00
9.330602E-02,8.0116272E-02,1.4087753E+00
9.330930E-02,6.7527771E-02,1.3784103E+00
9.331258E-02,5.4481506E-02,1.3496475E+00
9.331585E-02,4.0290833E-02,1.3194351E+00
9.331913E-02,2.7854919E-02,1.2886124E+00
9.332241E-02,1.5571594E-02,1.2569504E+00
9.332568E-02,4.1275024E-03,1.2243729E+00
9.332896E-02,-8.3084106E-03,1.1932449E+00
9.333224E-02,-1.9599915E-02,1.1607437E+00
9.333551E-02,-3.1196594E-02,1.1286240E+00
9.333879E-02,-4.2259216E-02,1.0952835E+00
9.334207E-02,-5.2711487E-02,1.0622482E+00
9.334534E-02,-6.2629700E-02,1.0288315E+00
9.334862E-02,-7.2624207E-02,9.9526215E-01
9.335190E-02,-8.2923889E-02,9.6031952E-01
9.335517E-02,-9.3070984E-02,9.2591095E-01
9.335845E-02,-1.0207367E-01,8.9173126E-01
9.336173E-02,-1.1145782E-01,8.5648346E-01
9.336500E-02,-1.2107086E-01,8.2039642E-01
9.336828E-02,-1.2900543E-01,7.8537750E-01
9.337156E-02,-1.3617706E-01,7.5112152E-01
9.337484E-02,-1.4388275E-01,7.1495819E-01
9.337811E-02,-1.5097809E-01,6.7978668E-01
9.338139E-02,-1.5822601E-01,6.4469147E-01
9.338467E-02,-1.6379547E-01,6.1058807E-01
9.338794E-02,-1.7096710E-01,5.7740021E-01
9.339122E-02,-1.7554474E-01,5.4261017E-01
9.339450E-02,-1.8088531E-01,5.0652313E-01
9.339777E-02,-1.8660736E-01,4.7104645E-01
9.340105E-02,-1.9072723E-01,4.3556976E-01
9.340433E-02,-1.9561005E-01,3.9986420E-01
9.340760E-02,-1.9950104E-01,3.6370087E-01
9.341088E-02,-2.0392609E-01,3.2769012E-01
9.341416E-02,-2.0621490E-01,2.9221344E-01
9.341743E-02,-2.0911407E-01,2.5681305E-01
9.342071E-02,-2.1163177E-01,2.2042084E-01
9.342399E-02,-2.1430206E-01,1.8547821E-01
9.342726E-02,-2.1666718E-01,1.4900970E-01
9.343054E-02,-2.1727753E-01,1.1353302E-01
9.343382E-02,-2.1765900E-01,7.7598572E-02
9.343709E-02,-2.1842194E-01,4.1435242E-02
9.344037E-02,-2.1865082E-01,7.2555542E-03
9.344365E-02,-2.1887970E-01,-2.8068542E-02
9.344692E-02,-2.1849823E-01,-6.3240051E-02
9.345020E-02,-2.1811676E-01,-9.7267151E-02
9.345348E-02,-2.1735382E-01,-1.3190460E-01
9.345676E-02,-2.1651459E-01,-1.6616058E-01
9.346003E-02,-2.1506500E-01,-2.0087433E-01
9.346331E-02,-2.1308136E-01,-2.3436737E-01
9.346659E-02,-2.1186066E-01,-2.6778412E-01
9.346986E-02,-2.0957184E-01,-3.0142975E-01
9.347314E-02,-2.0766449E-01,-3.3377838E-01
9.347642E-02,-2.0545197E-01,-3.6597443E-01
9.347969E-02,-2.0301056E-01,-3.9839935E-01
9.348297E-02,-2.0011139E-01,-4.2967987E-01
9.348625E-02,-1.9721222E-01,-4.6134186E-01
9.348952E-02,-1.9339752E-01,-4.9231720E-01
9.349280E-02,-1.8981171E-01,-5.2321625E-01
9.349608E-02,-1.8683624E-01,-5.5327606E-01
9.349935E-02,-1.8279266E-01,-5.8325958E-01
9.350263E-02,-1.7935944E-01,-6.1362457E-01
9.350591E-02,-1.7493439E-01,-6.4177704E-01
9.350918E-02,-1.7073822E-01,-6.7053986E-01
9.351246E-02,-1.6684723E-01,-6.9922638E-01
9.351574E-02,-1.6265106E-01,-7.2638702E-01
9.351901E-02,-1.5799713E-01,-7.5263214E-01
9.352229E-02,-1.5326691E-01,-7.7925873E-01
9.352557E-02,-1.4952850E-01,-8.0580902E-01
9.352884E-02,-1.4517975E-01,-8.3228302E-01
9.353212E-02,-1.4159393E-01,-8.5715485E-01
9.353540E-02,-1.3671112E-01,-8.8187408E-01
9.353868E-02,-1.3266754E-01,-9.0621185E-01
9.354195E-02,-1.2915802E-01,-9.2917633E-01
9.354523E-02,-1.2473297E-01,-9.5175934E-01
9.354851E-02,-1.2023163E-01,-9.7457123E-01
9.355178E-02,-1.1573029E-01,-9.9768829E-01
9.355506E-02,-1.1138153E-01,-1.0182114E+00
9.355834E-02,-1.0718536E-01,-1.0388107E+00
9.356161E-02,-1.0321808E-01,-1.0584183E+00
9.356489E-02,-1.0016632E-01,-1.0777206E+00
9.356817E-02,-9.5741272E-02,-1.0963364E+00
9.357144E-02,-9.2384338E-02,-1.1149521E+00
9.357472E-02,-8.8645935E-02,-1.1322708E+00
9.357800E-02,-8.5670471E-02,-1.1482925E+00
9.358127E-02,-8.1855774E-02,-1.1629410E+00
9.358455E-02,-7.9109192E-02,-1.1780472E+00
9.358783E-02,-7.6667786E-02,-1.1924667E+00
9.359110E-02,-7.3616028E-02,-1.2073441E+00
9.359438E-02,-7.0793152E-02,-1.2198563E+00
9.359766E-02,-6.8199158E-02,-1.2329025E+00
9.360093E-02,-6.4460754E-02,-1.2451859E+00
9.360421E-02,-6.3316345E-02,-1.2558670E+00
9.360749E-02,-6.0951233E-02,-1.2665482E+00
9.361076E-02,-5.9043884E-02,-1.2758560E+00
9.361404E-02,-5.6373596E-02,-1.2842484E+00
9.361732E-02,-5.4695129E-02,-1.2926407E+00
9.362060E-02,-5.3932190E-02,-1.2992783E+00
9.362387E-02,-5.1795959E-02,-1.3061447E+00
9.362715E-02,-5.0880432E-02,-1.3129349E+00
9.363043E-02,-5.0498962E-02,-1.3174362E+00
9.363370E-02,-4.8515320E-02,-1.3222427E+00
9.363698E-02,-4.8057556E-02,-1.3260574E+00
9.364026E-02,-4.7676086E-02,-1.3284225E+00
9.364353E-02,-4.7828674E-02,-1.3304825E+00
9.364681E-02,-4.8362732E-02,-1.3325424E+00
9.365009E-02,-4.7828674E-02,-1.3326187E+00
9.365336E-02,-4.7676086E-02,-1.3330765E+00
9.365664E-02,-4.7599792E-02,-1.3323135E+00
9.365992E-02,-4.7294617E-02,-1.3305588E+00
9.366319E-02,-4.7065735E-02,-1.3280411E+00
9.366647E-02,-4.8057556E-02,-1.3249130E+00
9.366975E-02,-4.8744202E-02,-1.3210220E+00
9.367302E-02,-4.8439026E-02,-1.3162918E+00
9.367630E-02,-4.9354553E-02,-1.3107986E+00
9.367958E-02,-5.0880432E-02,-1.3041611E+00
9.368285E-02,-5.2635193E-02,-1.2974472E+00
9.368613E-02,-5.2787781E-02,-1.2905807E+00
9.368941E-02,-5.3550720E-02,-1.2815018E+00
9.369268E-02,-5.5534363E-02,-1.2723465E+00
9.369596E-02,-5.6297302E-02,-1.2621231E+00
9.369924E-02,-5.6755066E-02,-1.2525101E+00
9.370252E-02,-5.7594299E-02,-1.2415237E+00
9.370579E-02,-5.9196472E-02,-1.2287827E+00
9.370907E-02,-6.0112000E-02,-1.2165756E+00
9.371235E-02,-6.2171936E-02,-1.2039108E+00
9.371562E-02,-6.2400818E-02,-1.1891098E+00
9.371890E-02,-6.2934875E-02,-1.1743088E+00
9.372218E-02,-6.3621521E-02,-1.1592789E+00
9.372545E-02,-6.3926697E-02,-1.1435623E+00
9.372873E-02,-6.6291809E-02,-1.1267014E+00
9.373201E-02,-6.7588806E-02,-1.1091537E+00
9.373528E-02,-6.8199158E-02,-1.0903091E+00
9.373856E-02,-6.8122864E-02,-1.0716171E+00
9.374184E-02,-6.8962097E-02,-1.0526962E+00
9.374511E-02,-6.8580627E-02,-1.0328598E+00
9.374839E-02,-6.8580627E-02,-1.0125656E+00
9.375167E-02,-6.9419861E-02,-9.9074554E-01
9.375494E-02,-6.8656921E-02,-9.6793365E-01
9.375822E-02,-6.8275452E-02,-9.4580841E-01
9.376150E-02,-6.8428040E-02,-9.2192841E-01
9.376477E-02,-6.6673279E-02,-8.9812469E-01
9.376805E-02,-6.5757751E-02,-8.7386322E-01
9.377133E-02,-6.4918518E-02,-8.4899139E-01
9.377460E-02,-6.3087463E-02,-8.2366180E-01
9.377788E-02,-6.1485291E-02,-7.9734039E-01
9.378116E-02,-6.0417175E-02,-7.7185822E-01
9.378444E-02,-5.8738708E-02,-7.4446869E-01
9.378771E-02,-5.6297302E-02,-7.1730804E-01
9.379099E-02,-5.2787781E-02,-6.9007111E-01
9.379427E-02,-5.0041199E-02,-6.6115570E-01
9.379754E-02,-4.7599792E-02,-6.3307953E-01
9.380082E-02,-4.4700623E-02,-6.0408783E-01
9.380410E-02,-4.1191101E-02,-5.7395172E-01
9.380737E-02,-3.7681580E-02,-5.4358673E-01
9.381065E-02,-3.3180237E-02,-5.1352692E-01
9.381393E-02,-2.9441833E-02,-4.8293304E-01
9.381720E-02,-2.4482727E-02,-4.5119476E-01
9.382048E-02,-1.9752502E-02,-4.1999054E-01
9.382376E-02,-1.4488220E-02,-3.8756561E-01
9.382703E-02,-9.5291138E-03,-3.5590363E-01
9.383031E-02,-4.1122437E-03,-3.2256317E-01
9.383359E-02,2.6016235E-03,-2.9074860E-01
9.383686E-02,8.7814331E-03,-2.5717926E-01
9.384014E-02,1.4732361E-02,-2.2330475E-01
9.384342E-02,2.0759583E-02,-1.8904877E-01
9.384669E-02,2.8617859E-02,-1.5563202E-01
9.384997E-02,3.5408020E-02,-1.2114716E-01
9.385325E-02,4.3495178E-02,-8.6738586E-02
9.385652E-02,5.1048279E-02,-5.2406311E-02
9.385980E-02,5.9364319E-02,-1.7082214E-02
9.386308E-02,6.7146301E-02,1.8318176E-02
9.386636E-02,7.6301575E-02,5.4328918E-02
9.386963E-02,8.3930969E-02,8.9271545E-02
9.387291E-02,9.3086243E-02,1.2459564E-01
9.387619E-02,1.0239410E-01,1.6068268E-01
9.387946E-02,1.1170197E-01,1.9715118E-01
9.388274E-02,1.2085724E-01,2.3270416E-01
9.388602E-02,1.3047028E-01,2.6863861E-01
9.388929E-02,1.4092255E-01,3.0426788E-01
9.389257E-02,1.5053558E-01,3.4027863E-01
9.389585E-02,1.6114044E-01,3.7606049E-01
9.389912E-02,1.7151642E-01,4.1275787E-01
9.390240E-02,1.8166351E-01,4.4808197E-01
9.390568E-02,1.9348907E-01,4.8310089E-01
9.390895E-02,2.0371246E-01,5.1956940E-01
9.391223E-02,2.1393585E-01,5.5367279E-01
9.391551E-02,2.2530365E-01,5.8792877E-01
9.391878E-02,2.3567963E-01,6.2256622E-01
9.392206E-02,2.4750519E-01,6.5819550E-01
9.392534E-02,2.5864410E-01,6.9298553E-01
9.392861E-02,2.6955414E-01,7.2869110E-01
9.393189E-02,2.8038788E-01,7.6454926E-01
9.393517E-02,2.9114532E-01,7.9834747E-01
9.393844E-02,3.0220795E-01,8.3458710E-01
9.394172E-02,3.1418610E-01,8.6998749E-01
9.394500E-02,3.2463837E-01,9.0332794E-01
9.394828E-02,3.3592987E-01,9.3796539E-01
9.395155E-02,3.4653473E-01,9.7229767E-01
9.395483E-02,3.5790253E-01,1.0064011E+00
9.395811E-02,3.6858368E-01,1.0404282E+00
9.396138E-02,3.7781525E-01,1.0742264E+00
9.396466E-02,3.8780975E-01,1.1072617E+00
9.396794E-02,3.9849091E-01,1.1399918E+00
9.397121E-02,4.0932465E-01,1.1727982E+00
9.397449E-02,4.1924286E-01,1.2053757E+00
9.397777E-02,4.2786407E-01,1.2370377E+00
9.398104E-02,4.3694305E-01,1.2693863E+00
9.398432E-02,4.4670868E-01,1.2999039E+00
9.398760E-02,4.5525360E-01,1.3311844E+00
9.399087E-02,4.6463776E-01,1.3618546E+00
9.399415E-02,4.7303009E-01,1.3914566E+00
9.399743E-02,4.8027802E-01,1.4207535E+00
9.400070E-02,4.8828888E-01,1.4501266E+00
9.400398E-02,4.9599457E-01,1.4788895E+00
9.400726E-02,5.0339508E-01,1.5074997E+00
9.401053E-02,5.0896454E-01,1.5349655E+00
9.401381E-02,5.1529694E-01,1.5615921E+00
9.401709E-02,5.2193451E-01,1.5883713E+00
9.402036E-02,5.2742767E-01,1.6149979E+00
9.402364E-02,5.3177643E-01,1.6417770E+00
9.402692E-02,5.3734589E-01,1.6674118E+00
9.403020E-02,5.4177094E-01,1.6931992E+00
9.403347E-02,5.4589081E-01,1.7166977E+00
9.403675E-02,5.4932404E-01,1.7405777E+00
9.404003E-02,5.5222321E-01,1.7630081E+00
9.404330E-02,5.5466461E-01,1.7858200E+00
9.404658E-02,5.5634308E-01,1.8084793E+00
9.404986E-02,5.5870819E-01,1.8296890E+00
9.405313E-02,5.5992889E-01,1.8510513E+00
9.405641E-02,5.6061554E-01,1.8715744E+00
9.405969E-02,5.6076813E-01,1.8909531E+00
9.406296E-02,5.6084442E-01,1.9102554E+00
9.406624E-02,5.5977631E-01,1.9285660E+00
9.406952E-02,5.5878448E-01,1.9464188E+00
9.407279E-02,5.5733490E-01,1.9644241E+00
9.407607E-02,5.5558014E-01,1.9812088E+00
9.407935E-02,5.5252838E-01,1.9971542E+00
9.408262E-02,5.5016327E-01,2.0127182E+00
9.408590E-02,5.4772186E-01,2.0275192E+00
9.408918E-02,5.4253387E-01,2.0410233E+00
9.409245E-02,5.3772736E-01,2.0550613E+00
9.409573E-02,5.3353119E-01,2.0665054E+00
9.409901E-02,5.2948761E-01,2.0782547E+00
9.410228E-02,5.2330780E-01,2.0895462E+00
9.410556E-02,5.1651764E-01,2.0998459E+00
9.410884E-02,5.0965118E-01,2.1103745E+00
9.411212E-02,5.0240326E-01,2.1194534E+00
9.411539E-02,4.9538422E-01,2.1276932E+00
9.411867E-02,4.8706818E-01,2.1360092E+00
9.412195E-02,4.7913361E-01,2.1426468E+00
9.412522E-02,4.6982574E-01,2.1485214E+00
9.412850E-02,4.6044159E-01,2.1537094E+00
9.413178E-02,4.5067596E-01,2.1582108E+00
9.413505E-02,4.4052887E-01,2.1623306E+00
9.413833E-02,4.2961884E-01,2.1651535E+00
9.414161E-02,4.1855621E-01,2.1677475E+00
9.414488E-02,4.0764618E-01,2.1700363E+00
9.414816E-02,3.9536285E-01,2.1705704E+00
9.415144E-02,3.8384247E-01,2.1710281E+00
9.415471E-02,3.7125397E-01,2.1699600E+00
9.415799E-02,3.5942841E-01,2.1682816E+00
9.416127E-02,3.4661102E-01,2.1669083E+00
9.416454E-02,3.3264923E-01,2.1642380E+00
9.416782E-02,3.1922150E-01,2.1612625E+00
9.417110E-02,3.0564117E-01,2.1570663E+00
9.417437E-02,2.9129791E-01,2.1512680E+00
9.417765E-02,2.7771759E-01,2.1466904E+00
9.418093E-02,2.6345062E-01,2.1410446E+00
9.418420E-02,2.5017548E-01,2.1339493E+00
9.418748E-02,2.3506927E-01,2.1263962E+00
9.419076E-02,2.2034454E-01,2.1185379E+00
9.419404E-02,2.0607758E-01,2.1084671E+00
9.419731E-02,1.9120026E-01,2.0983963E+00
9.420059E-02,1.7601776E-01,2.0880966E+00
9.420387E-02,1.6075897E-01,2.0764999E+00
9.420714E-02,1.4427948E-01,2.0642929E+00
9.421042E-02,1.3054657E-01,2.0515518E+00
9.421370E-02,1.1421967E-01,2.0384293E+00
9.421697E-02,9.8426819E-02,2.0243149E+00
9.422025E-02,8.3168030E-02,2.0092850E+00
9.422353E-02,6.7909241E-02,1.9936447E+00
9.422680E-02,5.2955627E-02,1.9776230E+00
9.423008E-02,3.7925720E-02,1.9599228E+00
9.423336E-02,2.2743225E-02,1.9429855E+00
9.423663E-02,8.2473755E-03,1.9257431E+00
9.423991E-02,-7.1640015E-03,1.9059067E+00
9.424319E-02,-2.1125793E-02,1.8873672E+00
9.424646E-02,-3.5850525E-02,1.8674545E+00
9.424974E-02,-5.1109314E-02,1.8470840E+00
9.425302E-02,-6.2782288E-02,1.8252640E+00
9.425629E-02,-7.7049255E-02,1.8036728E+00
9.425957E-02,-9.1545105E-02,1.7813950E+00
9.426285E-02,-1.0565948E-01,1.7592697E+00
9.426612E-02,-1.1847687E-01,1.7363052E+00
9.426940E-02,-1.3144684E-01,1.7118149E+00
9.427268E-02,-1.4296722E-01,1.6873245E+00
9.427596E-02,-1.5578461E-01,1.6614609E+00
9.427923E-02,-1.6852570E-01,1.6360550E+00
9.428251E-02,-1.8004608E-01,1.6101151E+00
9.428579E-02,-1.9202423E-01,1.5832596E+00
9.428906E-02,-2.0323944E-01,1.5553360E+00
9.429234E-02,-2.1346283E-01,1.5287857E+00
9.429562E-02,-2.2505951E-01,1.5008621E+00
9.429889E-02,-2.3513031E-01,1.4726334E+00
9.430217E-02,-2.4588776E-01,1.4444046E+00
9.430545E-02,-2.5435638E-01,1.4154892E+00
9.430872E-02,-2.6404572E-01,1.3859634E+00
9.431200E-02,-2.7136993E-01,1.3557510E+00
9.431528E-02,-2.8014374E-01,1.3246994E+00
9.431855E-02,-2.8823090E-01,1.2940292E+00
9.432183E-02,-2.9563141E-01,1.2625961E+00
9.432511E-02,-3.0333710E-01,1.2314682E+00
9.432838E-02,-3.0936432E-01,1.1988144E+00
9.433166E-02,-3.1554413E-01,1.1659317E+00
9.433494E-02,-3.2157135E-01,1.1338120E+00
9.433821E-02,-3.2729340E-01,1.1009293E+00
9.434149E-02,-3.3362579E-01,1.0672836E+00
9.434477E-02,-3.3850861E-01,1.0337143E+00
9.434804E-02,-3.4095001E-01,9.9976349E-01
9.435132E-02,-3.4636688E-01,9.6482086E-01
9.435460E-02,-3.4888458E-01,9.3102264E-01
9.435788E-02,-3.5102081E-01,8.9661407E-01
9.436115E-02,-3.5361481E-01,8.6228180E-01
9.436443E-02,-3.5475922E-01,8.2672882E-01
9.436771E-02,-3.5689545E-01,7.9170990E-01
9.437098E-02,-3.5887909E-01,7.5730133E-01
9.437426E-02,-3.5903168E-01,7.2190094E-01
9.437754E-02,-3.5994720E-01,6.8680573E-01
9.438081E-02,-3.5895538E-01,6.5171051E-01
9.438409E-02,-3.5987091E-01,6.1653900E-01
9.438737E-02,-3.5887909E-01,5.8274078E-01
9.439064E-02,-3.5720062E-01,5.4878998E-01
9.439392E-02,-3.5590363E-01,5.1361847E-01
9.439720E-02,-3.5498810E-01,4.7783661E-01
9.440047E-02,-3.5369110E-01,4.4297028E-01
9.440375E-02,-3.5208893E-01,4.0688324E-01
9.440703E-02,-3.4865570E-01,3.7102509E-01
9.441030E-02,-3.4598541E-01,3.3501434E-01
9.441358E-02,-3.4407806E-01,2.9976654E-01
9.441686E-02,-3.4011078E-01,2.6337433E-01
9.442013E-02,-3.3675385E-01,2.2721100E-01
9.442341E-02,-3.3248138E-01,1.9135284E-01
9.442669E-02,-3.2843781E-01,1.5557098E-01
9.442996E-02,-3.2363129E-01,1.1887360E-01
9.443324E-02,-3.1943512E-01,8.3396912E-02
9.443652E-02,-3.1424713E-01,4.7996521E-02
9.443980E-02,-3.0928802E-01,1.2290955E-02
9.444307E-02,-3.0364227E-01,-2.1736145E-02
9.444635E-02,-2.9730988E-01,-5.6602478E-02
9.444963E-02,-2.9242706E-01,-9.1239929E-02
9.445290E-02,-2.8716278E-01,-1.2511444E-01
9.445618E-02,-2.8060150E-01,-1.5906525E-01
9.445946E-02,-2.7495575E-01,-1.9370270E-01
9.446273E-02,-2.6862335E-01,-2.2788239E-01
9.446601E-02,-2.6290131E-01,-2.6175690E-01
9.446929E-02,-2.5611115E-01,-2.9502106E-01
9.447256E-02,-2.5084686E-01,-3.2828522E-01
9.447584E-02,-2.4405670E-01,-3.5994720E-01
9.447912E-02,-2.3703766E-01,-3.9214325E-01
9.448239E-02,-2.3108673E-01,-4.2388153E-01
9.448567E-02,-2.2498322E-01,-4.5569611E-01
9.448895E-02,-2.1811676E-01,-4.8636627E-01
9.449222E-02,-2.1163177E-01,-5.1627350E-01
9.449550E-02,-2.0507050E-01,-5.4724884E-01
9.449878E-02,-1.9789886E-01,-5.7776642E-01
9.450205E-02,-1.9286346E-01,-6.0790253E-01
9.450533E-02,-1.8576813E-01,-6.3620758E-01
9.450861E-02,-1.7966461E-01,-6.6550446E-01
9.451188E-02,-1.7401886E-01,-6.9289398E-01
9.451516E-02,-1.6707611E-01,-7.1974945E-01
9.451844E-02,-1.6127777E-01,-7.4759674E-01
9.452172E-02,-1.5570831E-01,-7.7445221E-01
9.452499E-02,-1.4838409E-01,-8.0084991E-01
9.452827E-02,-1.4380646E-01,-8.2694244E-01
9.453155E-02,-1.3892365E-01,-8.5250092E-01
9.453482E-02,-1.3343048E-01,-8.7645721E-01
9.453810E-02,-1.2747955E-01,-9.0102386E-01
9.454138E-02,-1.2198639E-01,-9.2475128E-01
9.454465E-02,-1.1847687E-01,-9.4802094E-01
9.454793E-02,-1.1237335E-01,-9.7022247E-01
9.455121E-02,-1.0779572E-01,-9.9227142E-01
9.455448E-02,-1.0451508E-01,-1.0145493E+00
9.455776E-02,-1.0070038E-01,-1.0349197E+00
9.456104E-02,-9.6733093E-02,-1.0545273E+00
9.456431E-02,-9.2308044E-02,-1.0733719E+00
9.456759E-02,-8.9179993E-02,-1.0931320E+00
9.457087E-02,-8.5517883E-02,-1.1109085E+00
9.457414E-02,-8.2313538E-02,-1.1289902E+00
9.457742E-02,-7.7964783E-02,-1.1455460E+00
9.458070E-02,-7.5675964E-02,-1.1614151E+00
9.458397E-02,-7.2776794E-02,-1.1768265E+00
9.458725E-02,-7.0335388E-02,-1.1917801E+00
9.459053E-02,-6.7970276E-02,-1.2055893E+00
9.459380E-02,-6.6368103E-02,-1.2192459E+00
9.459708E-02,-6.3392639E-02,-1.2310715E+00
9.460036E-02,-6.1408997E-02,-1.2433548E+00
9.460364E-02,-6.0188293E-02,-1.2539597E+00
9.460691E-02,-5.9196472E-02,-1.2647934E+00
9.461019E-02,-5.7594299E-02,-1.2747116E+00
9.461347E-02,-5.5152893E-02,-1.2835617E+00
9.461674E-02,-5.4618835E-02,-1.2916489E+00
9.462002E-02,-5.3245544E-02,-1.2990494E+00
9.462330E-02,-5.3474426E-02,-1.3062210E+00
9.462657E-02,-5.2787781E-02,-1.3117142E+00
9.462985E-02,-5.1795959E-02,-1.3175125E+00
9.463313E-02,-5.1185608E-02,-1.3227768E+00
9.463640E-02,-5.1185608E-02,-1.3262100E+00
9.463968E-02,-5.1185608E-02,-1.3292618E+00
9.464296E-02,-5.0804138E-02,-1.3313217E+00
9.464623E-02,-4.9964905E-02,-1.3330002E+00
9.464951E-02,-4.9507141E-02,-1.3341446E+00
9.465279E-02,-4.9659729E-02,-1.3346024E+00
9.465606E-02,-4.9888611E-02,-1.3335342E+00
9.465934E-02,-4.9964905E-02,-1.3328476E+00
9.466262E-02,-5.1033020E-02,-1.3294907E+00
9.466589E-02,-5.1490784E-02,-1.3278122E+00
9.466917E-02,-5.0956726E-02,-1.3235397E+00
9.467245E-02,-5.1033020E-02,-1.3182755E+00
9.467572E-02,-5.0880432E-02,-1.3138504E+00
9.467900E-02,-5.1567078E-02,-1.3078232E+00
9.468228E-02,-5.1414490E-02,-1.3011093E+00
9.468556E-02,-5.1261902E-02,-1.2934036E+00
9.468883E-02,-5.1338196E-02,-1.2849350E+00
9.469211E-02,-5.1261902E-02,-1.2764664E+00
9.469539E-02,-5.1948547E-02,-1.2664719E+00
9.469866E-02,-5.1872253E-02,-1.2551041E+00
9.470194E-02,-5.2330017E-02,-1.2446518E+00
9.470522E-02,-5.1109314E-02,-1.2330551E+00
9.470849E-02,-5.0422668E-02,-1.2206955E+00
9.471177E-02,-5.0270081E-02,-1.2077255E+00
9.471505E-02,-4.8820496E-02,-1.1928482E+00
9.471832E-02,-4.8286438E-02,-1.1780472E+00
9.472160E-02,-4.6913147E-02,-1.1627884E+00
9.472488E-02,-4.6150208E-02,-1.1467667E+00
9.472815E-02,-4.5005798E-02,-1.1304398E+00
9.473143E-02,-4.3479919E-02,-1.1134262E+00
9.473471E-02,-4.1725159E-02,-1.0945053E+00
9.473798E-02,-4.1343689E-02,-1.0747452E+00
9.474126E-02,-3.9283752E-02,-1.0551376E+00
9.474454E-02,-3.6155701E-02,-1.0359879E+00
9.474781E-02,-3.4553528E-02,-1.0159225E+00
9.475109E-02,-3.1959534E-02,-9.9356842E-01
9.475437E-02,-2.9670715E-02,-9.7266388E-01
9.475764E-02,-2.6771545E-02,-9.4847870E-01
9.476092E-02,-2.3414612E-02,-9.2665863E-01
9.476420E-02,-2.0210266E-02,-9.0369415E-01
9.476748E-02,-1.6700745E-02,-8.7851715E-01
9.477075E-02,-1.3191223E-02,-8.5372162E-01
9.477403E-02,-8.1558228E-03,-8.2808685E-01
9.477731E-02,-4.1122437E-03,-8.0168915E-01
9.478058E-02,5.4168701E-04,-7.7544403E-01
9.478386E-02,5.8822632E-03,-7.4759674E-01
9.478714E-02,1.0841370E-02,-7.2135162E-01
9.479041E-02,1.5876770E-02,-6.9327545E-01
9.479369E-02,2.0988464E-02,-6.6527557E-01
9.479697E-02,2.6863098E-02,-6.3689423E-01
9.480024E-02,3.2203674E-02,-6.0736847E-01
9.480352E-02,3.8917542E-02,-5.7769012E-01
9.480680E-02,4.5631409E-02,-5.4770660E-01
9.481007E-02,5.1887512E-02,-5.1818085E-01
9.481335E-02,5.7991028E-02,-4.8720551E-01
9.481663E-02,6.5010071E-02,-4.5577240E-01
9.481990E-02,7.2257996E-02,-4.2472076E-01
9.482318E-02,7.9811096E-02,-3.9199066E-01
9.482646E-02,8.6753845E-02,-3.6025238E-01
9.482973E-02,9.3925476E-02,-3.2820892E-01
9.483301E-02,1.0170746E-01,-2.9517365E-01
9.483629E-02,1.0956573E-01,-2.6213837E-01
9.483956E-02,1.1719513E-01,-2.2910309E-01
9.484284E-02,1.2627411E-01,-1.9492340E-01
9.484612E-02,1.3413239E-01,-1.6028595E-01
9.484940E-02,1.4290619E-01,-1.2694550E-01
9.485267E-02,1.5084076E-01,-9.2689514E-02
9.485595E-02,1.5991974E-01,-5.8280945E-02
9.485923E-02,1.6838837E-01,-2.2880554E-02
9.486250E-02,1.7853546E-01,1.2367249E-02
9.486578E-02,1.8654633E-01,4.7996521E-02
9.486906E-02,1.9600677E-01,8.3854675E-02
9.487233E-02,2.0470428E-01,1.1925507E-01
9.487561E-02,2.1355438E-01,1.5496063E-01
9.487889E-02,2.2225189E-01,1.9074249E-01
9.488216E-02,2.3087311E-01,2.2621918E-01
9.488544E-02,2.3987579E-01,2.6245880E-01
9.488872E-02,2.4834442E-01,2.9862213E-01
9.489199E-02,2.5749969E-01,3.3486176E-01
9.489527E-02,2.6589203E-01,3.6919403E-01
9.489855E-02,2.7405548E-01,4.0665436E-01
9.490182E-02,2.8290558E-01,4.4197845E-01
9.490510E-02,2.9145050E-01,4.7699738E-01
9.490838E-02,3.0113983E-01,5.1262665E-01
9.491165E-02,3.0754852E-01,5.4764557E-01
9.491493E-02,3.1472015E-01,5.8213043E-01
9.491821E-02,3.2402802E-01,6.1608124E-01
9.492148E-02,3.3249664E-01,6.5102386E-01
9.492476E-02,3.4050751E-01,6.8527985E-01
9.492804E-02,3.4874725E-01,7.2190094E-01
9.493132E-02,3.5561371E-01,7.5676727E-01
9.493459E-02,3.6263275E-01,7.9140472E-01
9.493787E-02,3.6934662E-01,8.2703400E-01
9.494115E-02,3.7491608E-01,8.6273956E-01
9.494442E-02,3.8178253E-01,8.9745331E-01
9.494770E-02,3.8697052E-01,9.3186188E-01
9.495098E-02,3.9330292E-01,9.6634674E-01
9.495425E-02,3.9849091E-01,1.0006790E+00
9.495753E-02,4.0177155E-01,1.0344772E+00
9.496081E-02,4.0703583E-01,1.0680466E+00
9.496408E-02,4.1107941E-01,1.1012344E+00
9.496736E-02,4.1497040E-01,1.1341934E+00
9.497064E-02,4.1863251E-01,1.1662369E+00
9.497391E-02,4.2221832E-01,1.1992722E+00
9.497719E-02,4.2527008E-01,1.2315445E+00
9.498047E-02,4.2717743E-01,1.2633591E+00
9.498374E-02,4.2916107E-01,1.2946396E+00
9.498702E-02,4.3061066E-01,1.3255386E+00
9.499030E-02,4.3259430E-01,1.3565903E+00
9.499357E-02,4.3129730E-01,1.3854294E+00
9.499685E-02,4.3144989E-01,1.4147263E+00
9.500013E-02,4.3122101E-01,1.4444809E+00
9.500340E-02,4.3083954E-01,1.4730148E+00
9.500668E-02,4.3022919E-01,1.5009384E+00
9.500996E-02,4.2794037E-01,1.5287857E+00
9.501324E-02,4.2641449E-01,1.5564041E+00
9.501651E-02,4.2420197E-01,1.5830307E+00
9.501979E-02,4.2130280E-01,1.6093521E+00
9.502307E-02,4.1817474E-01,1.6355209E+00
9.502634E-02,4.1413116E-01,1.6620712E+00
9.502962E-02,4.0955353E-01,1.6876297E+00
9.503290E-02,4.0482330E-01,1.7108994E+00
9.503617E-02,3.9925385E-01,1.7347031E+00
9.503945E-02,3.9261627E-01,1.7585831E+00
9.504273E-02,3.8735199E-01,1.7810898E+00
9.504600E-02,3.8155365E-01,1.8035202E+00
9.504928E-02,3.7415314E-01,1.8255692E+00
9.505256E-02,3.6743927E-01,1.8463211E+00
9.505583E-02,3.5980988E-01,1.8666153E+00
9.505911E-02,3.5103607E-01,1.8867569E+00
9.506239E-02,3.4096527E-01,1.9062119E+00
9.506566E-02,3.3211517E-01,1.9250565E+00
9.506894E-02,3.2288361E-01,1.9435196E+00
9.507222E-02,3.1304169E-01,1.9603043E+00
9.507549E-02,3.0335236E-01,1.9770889E+00
9.507877E-02,2.9213715E-01,1.9931870E+00
9.508205E-02,2.8054047E-01,2.0098953E+00
9.508532E-02,2.6871490E-01,2.0250778E+00
9.508860E-02,2.5803375E-01,2.0390396E+00
9.509188E-02,2.4666595E-01,2.0522385E+00
9.509516E-02,2.3354340E-01,2.0645981E+00
9.509843E-02,2.2118378E-01,2.0758133E+00
9.510171E-02,2.0836639E-01,2.0872574E+00
9.510499E-02,1.9394684E-01,2.0985489E+00
9.510826E-02,1.8013763E-01,2.1083145E+00
9.511154E-02,1.6556549E-01,2.1169357E+00
9.511482E-02,1.5198517E-01,2.1257858E+00
9.511809E-02,1.3787079E-01,2.1329575E+00
9.512137E-02,1.2390900E-01,2.1401291E+00
9.512465E-02,1.1009979E-01,2.1467667E+00
9.512792E-02,9.4306946E-02,2.1534042E+00
9.513120E-02,7.9582214E-02,2.1576004E+00
9.513448E-02,6.4704895E-02,2.1619492E+00
9.513775E-02,4.8835754E-02,2.1654587E+00
9.514103E-02,3.3653259E-02,2.1678238E+00
9.514431E-02,1.8394470E-02,2.1692734E+00
9.514758E-02,3.1356812E-03,2.1705704E+00
9.515086E-02,-1.3038635E-02,2.1710281E+00
9.515414E-02,-2.8450012E-02,2.1705704E+00
9.515741E-02,-4.4013977E-02,2.1704178E+00
9.516069E-02,-5.8509827E-02,2.1679764E+00
9.516397E-02,-7.3616028E-02,2.1652298E+00
9.516724E-02,-8.9485168E-02,2.1619492E+00
9.517052E-02,-1.0520172E-01,2.1572952E+00
9.517380E-02,-1.2175751E-01,2.1530228E+00
9.517708E-02,-1.3632965E-01,2.1483688E+00
9.518035E-02,-1.5105438E-01,2.1426468E+00
9.518363E-02,-1.6692352E-01,2.1354752E+00
9.518691E-02,-1.8088531E-01,2.1282272E+00
9.519018E-02,-1.9629669E-01,2.1189957E+00
9.519346E-02,-2.0972443E-01,2.1105270E+00
9.519674E-02,-2.2498322E-01,2.1000748E+00
