in s,C1 in V,C2 in V
7.919232E-03,-8.8697205E-02,-8.8253571E-01
7.922509E-03,-8.9689026E-02,-8.5255219E-01
7.925786E-03,-8.8926086E-02,-8.2241608E-01
7.929062E-03,-8.9917908E-02,-7.9182220E-01
7.932339E-03,-9.0146790E-02,-7.6199127E-01
7.935616E-03,-8.9917908E-02,-7.2979523E-01
7.938893E-03,-8.7857971E-02,-6.9790436E-01
7.942170E-03,-8.7781677E-02,-6.6639496E-01
7.945446E-03,-8.5416565E-02,-6.3389374E-01
7.948723E-03,-8.5035095E-02,-6.0146881E-01
7.952000E-03,-8.2212219E-02,-5.7034088E-01
7.955277E-03,-7.9084167E-02,-5.3738190E-01
7.958554E-03,-7.7787170E-02,-5.0388885E-01
7.961830E-03,-7.5345764E-02,-4.6955658E-01
7.965107E-03,-7.1073303E-02,-4.3568207E-01
7.968384E-03,-6.8326721E-02,-4.0249420E-01
7.971661E-03,-6.4130554E-02,-3.6808563E-01
7.974938E-03,-6.2146912E-02,-3.3428741E-01
7.978214E-03,-5.6958923E-02,-2.9911591E-01
7.981491E-03,-5.1618347E-02,-2.6485992E-01
7.984768E-03,-4.7422180E-02,-2.3068024E-01
7.988045E-03,-4.2234192E-02,-1.9497467E-01
7.991322E-03,-3.6283264E-02,-1.6048981E-01
7.994598E-03,-3.1781921E-02,-1.2585236E-01
7.997875E-03,-2.4991760E-02,-9.1596375E-02
8.001152E-03,-1.9040833E-02,-5.6119690E-02
8.004429E-03,-1.3242493E-02,-2.2245178E-02
8.007706E-03,-5.6130981E-03,1.2392273E-02
8.010982E-03,1.4822388E-03,4.7334900E-02
8.014259E-03,1.0103455E-02,8.2124939E-02
8.017536E-03,1.6664734E-02,1.1691498E-01
8.020813E-03,2.5743713E-02,1.5147614E-01
8.024090E-03,3.3678284E-02,1.8588470E-01
8.027366E-03,4.1994324E-02,2.1983551E-01
8.030643E-03,5.0615540E-02,2.5424408E-01
8.033920E-03,5.9236755E-02,2.8834747E-01
8.037197E-03,6.8926086E-02,3.2252716E-01
8.040474E-03,7.8386536E-02,3.5769867E-01
8.043750E-03,8.8457336E-02,3.9096283E-01
8.047027E-03,1.0020660E-01,4.2575287E-01
8.050304E-03,1.1020111E-01,4.5955109E-01
8.053581E-03,1.2118744E-01,4.9411224E-01
8.056858E-03,1.3102936E-01,5.2646088E-01
8.060134E-03,1.4171051E-01,5.6041168E-01
8.063411E-03,1.5124725E-01,5.9230255E-01
8.066688E-03,1.6292023E-01,6.2533783E-01
8.069965E-03,1.7321991E-01,6.5761017E-01
8.073242E-03,1.8504547E-01,6.9011139E-01
8.076518E-03,1.9519257E-01,7.2200226E-01
8.079795E-03,2.0831512E-01,7.5381683E-01
8.083072E-03,2.1747040E-01,7.8540253E-01
8.086349E-03,2.3021149E-01,8.1645416E-01
8.089626E-03,2.4112152E-01,8.4704803E-01
8.092902E-03,2.5416779E-01,8.7756561E-01
8.096179E-03,2.6355194E-01,9.0625214E-01
8.099456E-03,2.7629303E-01,9.3570160E-01
8.102733E-03,2.8644012E-01,9.6522736E-01
8.106010E-03,2.9864716E-01,9.9414276E-01
8.109286E-03,3.0955719E-01,1.0222189E+00
8.112563E-03,3.2237457E-01,1.0500662E+00
8.115840E-03,3.3221649E-01,1.0765402E+00
8.119117E-03,3.4495758E-01,1.1043875E+00
8.122394E-03,3.5449432E-01,1.1305563E+00
8.125670E-03,3.6693024E-01,1.1577933E+00
8.128947E-03,3.7669586E-01,1.1816733E+00
8.132224E-03,3.8745331E-01,1.2079184E+00
8.135501E-03,3.9760040E-01,1.2317984E+00
8.138778E-03,4.0873932E-01,1.2568991E+00
8.142054E-03,4.1781830E-01,1.2803976E+00
8.145331E-03,4.2880463E-01,1.3032858E+00
8.148608E-03,4.3696808E-01,1.3248007E+00
8.151885E-03,4.4825958E-01,1.3473837E+00
8.155162E-03,4.5459198E-01,1.3689749E+00
8.158438E-03,4.6534943E-01,1.3901083E+00
8.161715E-03,4.7191071E-01,1.4090292E+00
8.164992E-03,4.8251556E-01,1.4293997E+00
8.168269E-03,4.8823761E-01,1.4476340E+00
8.171546E-03,4.9876617E-01,1.4667838E+00
8.174822E-03,5.0319122E-01,1.4844077E+00
8.178099E-03,5.1280426E-01,1.5028708E+00
8.181376E-03,5.1776337E-01,1.5183585E+00
8.184653E-03,5.2592682E-01,1.5362875E+00
8.187930E-03,5.2936005E-01,1.5503256E+00
8.191206E-03,5.3561615E-01,1.5660422E+00
8.194483E-03,5.3866791E-01,1.5793936E+00
8.197760E-03,5.4629730E-01,1.5943472E+00
8.201037E-03,5.4721283E-01,1.6050284E+00
8.204314E-03,5.5316376E-01,1.6181509E+00
8.207590E-03,5.5453705E-01,1.6288321E+00
8.210867E-03,5.5873322E-01,1.6401999E+00
8.214144E-03,5.5957245E-01,1.6495840E+00
8.217421E-03,5.6353973E-01,1.6603415E+00
8.220698E-03,5.6308197E-01,1.6681998E+00
8.223974E-03,5.6613373E-01,1.6770499E+00
8.227251E-03,5.6491302E-01,1.6839163E+00
8.230528E-03,5.6651520E-01,1.6900961E+00
8.233805E-03,5.6529449E-01,1.6954367E+00
8.237082E-03,5.6567596E-01,1.7011588E+00
8.240358E-03,5.6338715E-01,1.7052786E+00
8.243635E-03,5.6231903E-01,1.7093985E+00
8.246912E-03,5.5835175E-01,1.7124503E+00
8.250189E-03,5.5766510E-01,1.7151205E+00
8.253466E-03,5.5377411E-01,1.7161887E+00
8.256742E-03,5.5102753E-01,1.7180197E+00
8.260019E-03,5.4660248E-01,1.7164938E+00
8.263296E-03,5.4225372E-01,1.7177145E+00
8.266573E-03,5.3737091E-01,1.7148154E+00
8.269850E-03,5.3248810E-01,1.7135947E+00
8.273126E-03,5.2676605E-01,1.7111533E+00
8.276403E-03,5.2020477E-01,1.7085593E+00
8.279680E-03,5.1440643E-01,1.7042105E+00
8.282957E-03,5.0715851E-01,1.6997092E+00
8.286234E-03,4.9945282E-01,1.6938345E+00
8.289510E-03,4.9197601E-01,1.6881125E+00
8.292787E-03,4.8480438E-01,1.6800253E+00
8.296064E-03,4.7557281E-01,1.6735403E+00
8.299341E-03,4.6618866E-01,1.6641562E+00
8.302618E-03,4.5749115E-01,1.6556113E+00
8.305894E-03,4.4795441E-01,1.6463034E+00
8.309171E-03,4.3864655E-01,1.6355460E+00
8.312448E-03,4.2842316E-01,1.6235678E+00
8.315725E-03,4.1797089E-01,1.6124289E+00
8.319002E-03,4.0782379E-01,1.6000693E+00
8.322278E-03,3.9653229E-01,1.5866415E+00
8.325555E-03,3.8669037E-01,1.5732901E+00
8.328832E-03,3.7478851E-01,1.5584891E+00
8.332109E-03,3.6349701E-01,1.5435355E+00
8.335386E-03,3.5098480E-01,1.5285818E+00
8.338662E-03,3.3885406E-01,1.5118735E+00
8.341939E-03,3.2679962E-01,1.4950125E+00
8.345216E-03,3.1444000E-01,1.4773123E+00
8.348493E-03,3.0261444E-01,1.4581625E+00
8.351770E-03,2.9010223E-01,1.4402335E+00
8.355046E-03,2.7682709E-01,1.4207022E+00
8.358323E-03,2.6408600E-01,1.3999503E+00
8.361600E-03,2.5195526E-01,1.3800375E+00
8.364877E-03,2.3913788E-01,1.3600485E+00
8.368154E-03,2.2616791E-01,1.3384573E+00
8.371430E-03,2.1357941E-01,1.3154166E+00
8.374707E-03,2.0106720E-01,1.2928336E+00
8.377984E-03,1.8817352E-01,1.2701743E+00
8.381261E-03,1.7619537E-01,1.2458365E+00
8.384538E-03,1.6353058E-01,1.2213461E+00
8.387814E-03,1.5162872E-01,1.1962454E+00
8.391091E-03,1.3919281E-01,1.1711447E+00
8.394368E-03,1.2729095E-01,1.1449759E+00
8.397645E-03,1.1523651E-01,1.1194174E+00
8.400922E-03,1.0096954E-01,1.0918753E+00
8.404198E-03,8.7618103E-02,1.0644858E+00
8.407475E-03,7.5411072E-02,1.0374014E+00
8.410752E-03,6.2822571E-02,1.0103171E+00
8.414029E-03,5.2446594E-02,9.8140167E-01
8.417306E-03,4.0544739E-02,9.5248627E-01
8.420582E-03,2.9405823E-02,9.2280792E-01
8.423859E-03,1.8648376E-02,8.9389252E-01
8.427136E-03,6.9754028E-03,8.6398529E-01
8.430413E-03,-3.4768677E-03,8.3308624E-01
8.433690E-03,-1.4692078E-02,8.0188202E-01
8.436966E-03,-2.5144348E-02,7.7144073E-01
8.440243E-03,-3.5520325E-02,7.3893951E-01
8.443520E-03,-4.4904480E-02,7.0704865E-01
8.446797E-03,-5.3907166E-02,6.7561554E-01
8.450074E-03,-6.3977966E-02,6.4319061E-01
8.453350E-03,-7.2751770E-02,6.1038422E-01
8.456627E-03,-8.0381165E-02,5.7864594E-01
8.459904E-03,-8.8849792E-02,5.4507660E-01
8.463181E-03,-9.6784363E-02,5.1272797E-01
8.466458E-03,-1.0571075E-01,4.7923492E-01
8.469734E-03,-1.1196686E-01,4.4543671E-01
8.473011E-03,-1.1738373E-01,4.1171478E-01
8.476288E-03,-1.2386871E-01,3.7799286E-01
8.479565E-03,-1.3035370E-01,3.4343170E-01
8.482842E-03,-1.3622833E-01,3.0963348E-01
8.486118E-03,-1.4217926E-01,2.7469086E-01
8.489395E-03,-1.4622284E-01,2.4066376E-01
8.492672E-03,-1.5255524E-01,2.0564484E-01
8.495949E-03,-1.5682770E-01,1.7199921E-01
8.499226E-03,-1.6094757E-01,1.3720917E-01
8.502502E-03,-1.6399933E-01,1.0325836E-01
8.505779E-03,-1.6857697E-01,6.6560974E-02
8.509056E-03,-1.7094208E-01,3.2152405E-02
8.512333E-03,-1.7521454E-01,-2.6376343E-03
8.515610E-03,-1.7651154E-01,-3.6206970E-02
8.518886E-03,-1.7979218E-01,-7.0997009E-02
8.522163E-03,-1.8086029E-01,-1.0456635E-01
8.525440E-03,-1.8223358E-01,-1.4057709E-01
8.528717E-03,-1.8200470E-01,-1.7414642E-01
8.531994E-03,-1.8299652E-01,-2.0939423E-01
8.535270E-03,-1.8345428E-01,-2.4448944E-01
8.538547E-03,-1.8406464E-01,-2.7889801E-01
8.541824E-03,-1.8322540E-01,-3.1200958E-01
8.545101E-03,-1.8414093E-01,-3.4725739E-01
8.548378E-03,-1.8276764E-01,-3.8181854E-01
8.551654E-03,-1.8215729E-01,-4.1569305E-01
8.554931E-03,-1.7963959E-01,-4.4857574E-01
8.558208E-03,-1.7948700E-01,-4.8245026E-01
8.561485E-03,-1.7544342E-01,-5.1533295E-01
8.564762E-03,-1.7582489E-01,-5.4966522E-01
8.568038E-03,-1.7201019E-01,-5.8209015E-01
8.571315E-03,-1.7033173E-01,-6.1489655E-01
8.574592E-03,-1.6636444E-01,-6.4610077E-01
8.577869E-03,-1.6392303E-01,-6.7951752E-01
8.581146E-03,-1.6010834E-01,-7.0988251E-01
8.584422E-03,-1.5865875E-01,-7.4184967E-01
8.587699E-03,-1.5331818E-01,-7.7236725E-01
8.590976E-03,-1.5041901E-01,-8.0273224E-01
8.594253E-03,-1.4500214E-01,-8.3263947E-01
8.597530E-03,-1.4347626E-01,-8.6262299E-01
8.600806E-03,-1.3737274E-01,-8.9108063E-01
8.604083E-03,-1.3523651E-01,-9.2144562E-01
8.607360E-03,-1.2959076E-01,-9.4914032E-01
8.610637E-03,-1.2669159E-01,-9.7820831E-01
8.613914E-03,-1.2020660E-01,-1.0066660E+00
8.617190E-03,-1.1662079E-01,-1.0349710E+00
8.620467E-03,-1.1112762E-01,-1.0614450E+00
8.623744E-03,-1.0944916E-01,-1.0885294E+00
8.627021E-03,-1.0410858E-01,-1.1141641E+00
8.630298E-03,-9.9912415E-02,-1.1402567E+00
8.633574E-03,-9.4266663E-02,-1.1645944E+00
8.636851E-03,-9.2054138E-02,-1.1903055E+00
8.640128E-03,-8.3814392E-02,-1.2138803E+00
8.643405E-03,-8.2822571E-02,-1.2379129E+00
8.646682E-03,-7.5956116E-02,-1.2603433E+00
8.649958E-03,-7.4125061E-02,-1.2833841E+00
8.653235E-03,-6.8174133E-02,-1.3047464E+00
8.656512E-03,-6.6037903E-02,-1.3277109E+00
8.659789E-03,-5.8408508E-02,-1.3473184E+00
8.663066E-03,-5.6119690E-02,-1.3679941E+00
8.666342E-03,-5.0779114E-02,-1.3866098E+00
8.669619E-03,-4.8490295E-02,-1.4074380E+00
8.672896E-03,-4.1547546E-02,-1.4249094E+00
8.676173E-03,-4.1242371E-02,-1.4436777E+00
8.679450E-03,-3.5978088E-02,-1.4603098E+00
8.682726E-03,-3.6206970E-02,-1.4780099E+00
8.686003E-03,-3.0256042E-02,-1.4944131E+00
8.689280E-03,-2.9264221E-02,-1.5101297E+00
8.692557E-03,-2.3542175E-02,-1.5241678E+00
8.695834E-03,-2.3313293E-02,-1.5388162E+00
8.699110E-03,-1.8506775E-02,-1.5505655E+00
8.702387E-03,-1.7362366E-02,-1.5643747E+00
8.705664E-03,-1.4310608E-02,-1.5760477E+00
8.708941E-03,-1.3700256E-02,-1.5873392E+00
8.712218E-03,-1.0038147E-02,-1.5977914E+00
8.715494E-03,-9.3515015E-03,-1.6083200E+00
8.718771E-03,-6.3760376E-03,-1.6168649E+00
8.722048E-03,-7.2915649E-03,-1.6260965E+00
8.725325E-03,-4.5449829E-03,-1.6329630E+00
8.728602E-03,-4.4686890E-03,-1.6404398E+00
8.731878E-03,-2.2561646E-03,-1.6467722E+00
8.735155E-03,-3.3242798E-03,-1.6528757E+00
8.738432E-03,-2.5613403E-03,-1.6574533E+00
8.741709E-03,-1.1880493E-03,-1.6632516E+00
8.744986E-03,-8.8287354E-04,-1.6659982E+00
8.748262E-03,-1.4932251E-03,-1.6692026E+00
8.751539E-03,-2.7252197E-04,-1.6705759E+00
8.754816E-03,-9.5916748E-04,-1.6720255E+00
8.758093E-03,-1.5695190E-03,-1.6727884E+00
8.761370E-03,-3.0191040E-03,-1.6730936E+00
8.764646E-03,-2.4087524E-03,-1.6721017E+00
8.767923E-03,-4.6212769E-03,-1.6703470E+00
8.771200E-03,-4.9264526E-03,-1.6681345E+00
8.774477E-03,-6.1471558E-03,-1.6651590E+00
8.777754E-03,-7.9782104E-03,-1.6624124E+00
8.781030E-03,-8.8937378E-03,-1.6572244E+00
8.784307E-03,-1.1029968E-02,-1.6531046E+00
8.787584E-03,-1.3700256E-02,-1.6463144E+00
8.790861E-03,-1.4158020E-02,-1.6402109E+00
8.794138E-03,-1.6599426E-02,-1.6327341E+00
8.797414E-03,-1.7133484E-02,-1.6260965E+00
8.800691E-03,-1.9269714E-02,-1.6173227E+00
8.803968E-03,-2.0795593E-02,-1.6078622E+00
8.807245E-03,-2.3618469E-02,-1.5978677E+00
8.810522E-03,-2.3618469E-02,-1.5868051E+00
8.813798E-03,-2.5907288E-02,-1.5763528E+00
8.817075E-03,-2.6517639E-02,-1.5630777E+00
8.820352E-03,-3.0561218E-02,-1.5501840E+00
8.823629E-03,-3.0713806E-02,-1.5369089E+00
8.826906E-03,-3.3765564E-02,-1.5227945E+00
8.830182E-03,-3.5291443E-02,-1.5084512E+00
8.833459E-03,-3.7198792E-02,-1.4933450E+00
8.836736E-03,-3.8266907E-02,-1.4762552E+00
8.840013E-03,-4.0097961E-02,-1.4588602E+00
8.843290E-03,-4.0403137E-02,-1.4413889E+00
8.846566E-03,-4.3073425E-02,-1.4236887E+00
8.849843E-03,-4.3149719E-02,-1.4046915E+00
8.853120E-03,-4.4904480E-02,-1.3852365E+00
8.856397E-03,-4.4370422E-02,-1.3651712E+00
8.859674E-03,-4.7269592E-02,-1.3434274E+00
8.862950E-03,-4.6048889E-02,-1.3243539E+00
8.866227E-03,-4.7803650E-02,-1.3023813E+00
8.869504E-03,-4.7879944E-02,-1.2797220E+00
8.872781E-03,-4.8795471E-02,-1.2573679E+00
8.876058E-03,-4.8719177E-02,-1.2347086E+00
8.879334E-03,-4.8566589E-02,-1.2115152E+00
8.882611E-03,-4.9176941E-02,-1.1871774E+00
8.885888E-03,-4.8490295E-02,-1.1619241E+00
8.889165E-03,-4.7422180E-02,-1.1367471E+00
8.892442E-03,-4.7269592E-02,-1.1108072E+00
8.895718E-03,-4.4523010E-02,-1.0853250E+00
8.898995E-03,-4.3454895E-02,-1.0580118E+00
8.902272E-03,-4.0174255E-02,-1.0310800E+00
8.905549E-03,-3.9106140E-02,-1.0031564E+00
8.908826E-03,-3.5672913E-02,-9.7500397E-01
8.912102E-03,-3.4223328E-02,-9.4502045E-01
8.915379E-03,-3.2773743E-02,-9.1648651E-01
8.918656E-03,-2.8882751E-02,-8.8688446E-01
8.921933E-03,-2.5602112E-02,-8.5812164E-01
8.925210E-03,-2.1863708E-02,-8.2806183E-01
8.928486E-03,-1.7743835E-02,-7.9861237E-01
8.931763E-03,-1.4158020E-02,-7.6862885E-01
8.935040E-03,-1.0877380E-02,-7.3757721E-01
8.938317E-03,-5.5368042E-03,-7.0553375E-01
8.941594E-03,-6.5399170E-04,-6.7425323E-01
8.944870E-03,4.6102905E-03,-6.4091278E-01
8.948147E-03,9.1879272E-03,-6.0879303E-01
8.951424E-03,1.5825500E-02,-5.7583405E-01
8.954701E-03,2.0784607E-02,-5.4371429E-01
8.957978E-03,2.8032532E-02,-5.0961090E-01
8.961254E-03,3.2839050E-02,-4.7604156E-01
8.964531E-03,4.0392151E-02,-4.4231964E-01
8.967808E-03,4.6266785E-02,-4.0997101E-01
8.971085E-03,5.3972473E-02,-3.7525726E-01
8.974362E-03,5.9160461E-02,-3.4077240E-01
8.977638E-03,6.8086853E-02,-3.0544830E-01
8.980915E-03,7.5639954E-02,-2.7195526E-01
8.984192E-03,8.4566345E-02,-2.3678375E-01
8.987469E-03,9.1509094E-02,-2.0268036E-01
8.990746E-03,1.0257172E-01,-1.6735626E-01
8.994022E-03,1.0928558E-01,-1.3401581E-01
8.997299E-03,1.2027191E-01,-9.8768005E-02
9.000576E-03,1.2912201E-01,-6.4359436E-02
9.003853E-03,1.3820099E-01,-2.9416809E-02
9.007130E-03,1.4628815E-01,5.6021118E-03
9.010406E-03,1.5597748E-01,4.0621033E-02
9.013683E-03,1.6353058E-01,7.5182190E-02
9.016960E-03,1.7428802E-01,1.1073517E-01
9.020237E-03,1.8252777E-01,1.4430450E-01
9.023514E-03,1.9351410E-01,1.7970490E-01
9.026790E-03,2.0121979E-01,2.1304535E-01
9.030067E-03,2.1296906E-01,2.4768280E-01
9.033344E-03,2.2082733E-01,2.8071808E-01
9.036621E-03,2.3250031E-01,3.1619476E-01
9.039898E-03,2.4081635E-01,3.4961151E-01
9.043174E-03,2.5248932E-01,3.8485931E-01
9.046451E-03,2.6072906E-01,4.1789459E-01
9.049728E-03,2.7293610E-01,4.5306610E-01
9.053005E-03,2.8026031E-01,4.8617767E-01
9.056282E-03,2.9063629E-01,5.1944183E-01
9.059558E-03,2.9818939E-01,5.5240082E-01
9.062835E-03,3.0986237E-01,5.8612274E-01
9.066112E-03,3.1840729E-01,6.1801361E-01
9.069389E-03,3.3030914E-01,6.5158295E-01
9.072666E-03,3.3664154E-01,6.8217682E-01
9.075942E-03,3.4907745E-01,7.1460175E-01
9.079219E-03,3.5540985E-01,7.4527191E-01
9.082496E-03,3.6670135E-01,7.7792572E-01
9.085773E-03,3.7349152E-01,8.0806183E-01
9.089050E-03,3.8340973E-01,8.3980011E-01
9.092326E-03,3.8936066E-01,8.6955475E-01
9.095603E-03,4.0019440E-01,9.0068268E-01
9.098880E-03,4.0591644E-01,9.2990326E-01
9.102157E-03,4.1552948E-01,9.5920013E-01
9.105434E-03,4.2125153E-01,9.8765778E-01
9.108710E-03,4.2949127E-01,1.0161917E+00
9.111987E-03,4.3467926E-01,1.0425894E+00
9.115264E-03,4.4131683E-01,1.0715048E+00
9.118541E-03,4.4681000E-01,1.0985129E+00
9.121818E-03,4.5314240E-01,1.1254446E+00
9.125094E-03,4.5710968E-01,1.1518423E+00
9.128371E-03,4.6313690E-01,1.1777823E+00
9.131648E-03,4.6740936E-01,1.2015860E+00
9.134925E-03,4.7229218E-01,1.2268393E+00
9.138202E-03,4.7450470E-01,1.2508719E+00
9.141478E-03,4.7969269E-01,1.2757437E+00
9.144755E-03,4.8167633E-01,1.2978690E+00
9.148032E-03,4.8587250E-01,1.3212149E+00
9.151309E-03,4.8655914E-01,1.3427298E+00
9.154586E-03,4.8945831E-01,1.3650076E+00
9.157862E-03,4.9083160E-01,1.3856070E+00
9.161139E-03,4.9342560E-01,1.4069693E+00
9.164416E-03,4.9289154E-01,1.4259665E+00
9.167693E-03,4.9380707E-01,1.4453452E+00
9.170970E-03,4.9273895E-01,1.4636557E+00
9.174246E-03,4.9212860E-01,1.4828818E+00
9.177523E-03,4.9144196E-01,1.5004294E+00
9.180800E-03,4.8945831E-01,1.5173666E+00
9.184077E-03,4.8762726E-01,1.5330069E+00
9.187354E-03,4.8434662E-01,1.5497916E+00
9.190630E-03,4.8167633E-01,1.5638297E+00
9.193907E-03,4.7824310E-01,1.5782492E+00
9.197184E-03,4.7480988E-01,1.5919821E+00
9.200461E-03,4.6992706E-01,1.6036551E+00
9.203738E-03,4.6512054E-01,1.6152518E+00
9.207014E-03,4.5886444E-01,1.6270010E+00
9.210291E-03,4.5398163E-01,1.6379874E+00
9.213568E-03,4.4803070E-01,1.6476004E+00
9.216845E-03,4.4162201E-01,1.6565268E+00
9.220122E-03,4.3460297E-01,1.6662924E+00
9.223398E-03,4.2842316E-01,1.6745322E+00
9.226675E-03,4.1972565E-01,1.6825430E+00
9.229952E-03,4.1240143E-01,1.6887228E+00
9.233229E-03,4.0339874E-01,1.6947501E+00
9.236506E-03,3.9538788E-01,1.6996329E+00
9.239782E-03,3.8546967E-01,1.7043631E+00
9.243059E-03,3.7608551E-01,1.7081778E+00
9.246336E-03,3.6639618E-01,1.7116110E+00
9.249613E-03,3.5617279E-01,1.7135184E+00
9.252890E-03,3.4572052E-01,1.7156546E+00
9.256166E-03,3.3442902E-01,1.7164938E+00
9.259443E-03,3.2336639E-01,1.7171805E+00
9.262720E-03,3.1176971E-01,1.7165701E+00
9.265997E-03,3.0078339E-01,1.7158835E+00
9.269274E-03,2.8964447E-01,1.7137473E+00
9.272550E-03,2.7682709E-01,1.7106192E+00
9.275827E-03,2.6431488E-01,1.7075674E+00
9.279104E-03,2.5241302E-01,1.7033713E+00
9.282381E-03,2.4020599E-01,1.6999380E+00
9.285658E-03,2.2677826E-01,1.6939871E+00
9.288934E-03,2.1327423E-01,1.6875021E+00
9.292211E-03,2.0137238E-01,1.6811697E+00
9.295488E-03,1.8763947E-01,1.6733878E+00
9.298765E-03,1.7367767E-01,1.6655295E+00
9.302042E-03,1.6223358E-01,1.6572897E+00
9.305318E-03,1.4735626E-01,1.6472189E+00
9.308595E-03,1.3453888E-01,1.6374533E+00
9.311872E-03,1.2111115E-01,1.6257040E+00
9.315149E-03,1.0798859E-01,1.6143362E+00
9.318426E-03,9.3492737E-02,1.6018240E+00
9.321702E-03,8.0217590E-02,1.5893118E+00
9.324979E-03,6.6332092E-02,1.5756552E+00
9.328256E-03,5.2904358E-02,1.5616934E+00
9.331533E-03,3.9552917E-02,1.5460532E+00
9.334810E-03,2.5972595E-02,1.5312521E+00
9.338086E-03,1.1629333E-02,1.5143912E+00
9.341363E-03,3.2653809E-05,1.4983694E+00
9.344640E-03,-1.4463196E-02,1.4805930E+00
9.347917E-03,-2.7127991E-02,1.4624350E+00
9.351194E-03,-3.9945374E-02,1.4442007E+00
9.354470E-03,-5.2991638E-02,1.4249747E+00
9.357747E-03,-6.5580139E-02,1.4043753E+00
9.361024E-03,-7.7405701E-02,1.3842337E+00
9.364301E-03,-9.0833435E-02,1.3622610E+00
9.367578E-03,-1.0181976E-01,1.3412039E+00
9.370854E-03,-1.1517120E-01,1.3188498E+00
9.374131E-03,-1.2508942E-01,1.2961142E+00
9.377408E-03,-1.3714386E-01,1.2724631E+00
9.380685E-03,-1.4751984E-01,1.2495749E+00
9.383962E-03,-1.5926910E-01,1.2247031E+00
9.387238E-03,-1.6842438E-01,1.2005179E+00
9.390515E-03,-1.7971588E-01,1.1746542E+00
9.393792E-03,-1.8932892E-01,1.1495535E+00
9.397069E-03,-1.9955231E-01,1.1225455E+00
9.400346E-03,-2.0786835E-01,1.0956137E+00
9.403622E-03,-2.1687103E-01,1.0678427E+00
9.406899E-03,-2.2480560E-01,1.0416739E+00
9.410176E-03,-2.3342682E-01,1.0138266E+00
9.413453E-03,-2.3991180E-01,9.8628448E-01
9.416730E-03,-2.4815155E-01,9.5721649E-01
9.420006E-03,-2.5501801E-01,9.2822479E-01
9.423283E-03,-2.6203705E-01,8.9854645E-01
9.426560E-03,-2.6730133E-01,8.6940216E-01
9.429837E-03,-2.7348114E-01,8.3789276E-01
9.433114E-03,-2.7912689E-01,8.0836700E-01
9.436390E-03,-2.8523041E-01,7.7693390E-01
9.439667E-03,-2.8942657E-01,7.4580597E-01
9.442944E-03,-2.9392792E-01,7.1399139E-01
9.446221E-03,-2.9652191E-01,6.8278717E-01
9.449498E-03,-3.0239655E-01,6.5036224E-01
9.452774E-03,-3.0476166E-01,6.1877655E-01
9.456051E-03,-3.0819489E-01,5.8574127E-01
9.459328E-03,-3.0926300E-01,5.5240082E-01
9.462605E-03,-3.1162811E-01,5.1852631E-01
9.465882E-03,-3.1208588E-01,4.8541473E-01
9.469158E-03,-3.1574799E-01,4.5115875E-01
9.472435E-03,-3.1529022E-01,4.1728424E-01
9.475712E-03,-3.1696869E-01,3.8318085E-01
9.478989E-03,-3.1681610E-01,3.5029816E-01
9.482266E-03,-3.1757904E-01,3.1527924E-01
9.485542E-03,-3.1475616E-01,2.8041290E-01
9.488819E-03,-3.1475616E-01,2.4554657E-01
9.492096E-03,-3.1261993E-01,2.1197723E-01
9.495373E-03,-3.1200958E-01,1.7718719E-01
9.498650E-03,-3.0865265E-01,1.4430450E-01
9.501926E-03,-3.0926300E-01,1.0890411E-01
9.505203E-03,-3.0430389E-01,7.4495544E-02
9.508480E-03,-3.0346466E-01,3.7950745E-02
9.511757E-03,-2.9865814E-01,4.1525269E-03
9.515034E-03,-2.9705597E-01,-3.0332336E-02
9.518310E-03,-2.9133392E-01,-6.4359436E-02
9.521587E-03,-2.8935028E-01,-9.9607239E-02
9.524864E-03,-2.8355194E-01,-1.3256622E-01
9.528141E-03,-2.8050018E-01,-1.6857697E-01
9.531418E-03,-2.7363373E-01,-2.0161224E-01
9.534694E-03,-2.7119232E-01,-2.3785187E-01
9.537971E-03,-2.6356293E-01,-2.7103973E-01
9.541248E-03,-2.6211334E-01,-3.0636383E-01
9.544525E-03,-2.5288177E-01,-3.4008575E-01
9.547802E-03,-2.5028778E-01,-3.7518097E-01
9.551078E-03,-2.4242950E-01,-4.0928436E-01
9.554355E-03,-2.3991180E-01,-4.4277740E-01
9.557632E-03,-2.3243500E-01,-4.7527863E-01
9.560909E-03,-2.2831512E-01,-5.0953461E-01
9.564186E-03,-2.1961761E-01,-5.4234100E-01
9.567462E-03,-2.1618439E-01,-5.7705475E-01
9.570739E-03,-2.0863129E-01,-6.0848785E-01
9.574016E-03,-2.0412994E-01,-6.4060760E-01
9.577293E-03,-1.9527985E-01,-6.7219330E-01
9.580570E-03,-1.9169403E-01,-7.0492340E-01
9.583846E-03,-1.8353058E-01,-7.3597504E-01
9.587123E-03,-1.7834259E-01,-7.6801849E-01
9.590400E-03,-1.6956879E-01,-7.9777313E-01
9.593677E-03,-1.6560150E-01,-8.2844330E-01
9.596954E-03,-1.5766693E-01,-8.5705353E-01
9.600230E-03,-1.5331818E-01,-8.8711334E-01
9.603507E-03,-1.4492584E-01,-9.1579987E-01
9.606784E-03,-1.3981415E-01,-9.4532562E-01
9.610061E-03,-1.3348175E-01,-9.7355438E-01
9.613338E-03,-1.2867523E-01,-1.0020883E+00
9.616614E-03,-1.2180878E-01,-1.0299356E+00
9.619891E-03,-1.1646820E-01,-1.0571725E+00
9.623168E-03,-1.1021210E-01,-1.0836465E+00
9.626445E-03,-1.0601593E-01,-1.1097391E+00
9.629722E-03,-9.9454651E-02,-1.1354501E+00
9.632998E-03,-9.5105896E-02,-1.1606271E+00
9.636275E-03,-8.8544617E-02,-1.1848886E+00
9.639552E-03,-8.3966980E-02,-1.2093027E+00
9.642829E-03,-7.9389343E-02,-1.2334879E+00
9.646106E-03,-7.5193176E-02,-1.2567575E+00
9.649382E-03,-6.9394836E-02,-1.2802560E+00
9.652659E-03,-6.7792664E-02,-1.3016946E+00
9.655936E-03,-6.1689148E-02,-1.3229807E+00
9.659213E-03,-5.9171448E-02,-1.3440378E+00
9.662490E-03,-5.4517517E-02,-1.3636453E+00
9.665766E-03,-5.3144226E-02,-1.3846262E+00
9.669043E-03,-4.9024353E-02,-1.4036996E+00
9.672320E-03,-4.6048889E-02,-1.4223917E+00
9.675597E-03,-4.2386780E-02,-1.4397104E+00
9.678874E-03,-4.1776428E-02,-1.4573343E+00
9.682150E-03,-3.7961731E-02,-1.4744241E+00
9.685427E-03,-3.5520325E-02,-1.4912088E+00
9.688704E-03,-3.3002625E-02,-1.5070779E+00
9.691981E-03,-3.2697449E-02,-1.5216501E+00
9.695258E-03,-2.9569397E-02,-1.5362985E+00
9.698534E-03,-2.9264221E-02,-1.5500314E+00
9.701811E-03,-2.6975403E-02,-1.5626962E+00
9.705088E-03,-2.6288757E-02,-1.5740640E+00
9.708365E-03,-2.3999939E-02,-1.5856607E+00
9.711642E-03,-2.4839172E-02,-1.5962656E+00
9.714918E-03,-2.2779236E-02,-1.6061838E+00
9.718195E-03,-2.4533997E-02,-1.6156442E+00
9.721472E-03,-2.2550354E-02,-1.6235025E+00
9.724749E-03,-2.3084412E-02,-1.6312845E+00
9.728026E-03,-2.2245178E-02,-1.6388376E+00
9.731302E-03,-2.3313293E-02,-1.6457040E+00
9.734579E-03,-2.3313293E-02,-1.6515024E+00
9.737856E-03,-2.4457703E-02,-1.6567667E+00
9.741133E-03,-2.4152527E-02,-1.6621835E+00
9.744410E-03,-2.5907288E-02,-1.6647775E+00
9.747686E-03,-2.6059875E-02,-1.6678293E+00
9.750963E-03,-2.8348694E-02,-1.6695078E+00
9.754240E-03,-2.8653870E-02,-1.6716440E+00
9.757517E-03,-2.9874573E-02,-1.6725595E+00
9.760794E-03,-2.9645691E-02,-1.6723306E+00
9.764070E-03,-3.1324158E-02,-1.6714914E+00
9.767347E-03,-3.2087097E-02,-1.6704996E+00
9.770624E-03,-3.3841858E-02,-1.6680582E+00
9.773901E-03,-3.4299622E-02,-1.6663797E+00
9.777178E-03,-3.6283264E-02,-1.6624887E+00
9.780454E-03,-3.6359558E-02,-1.6593607E+00
9.783731E-03,-3.8648376E-02,-1.6531808E+00
9.787008E-03,-3.8724670E-02,-1.6474588E+00
9.790285E-03,-4.0708313E-02,-1.6401346E+00
9.793562E-03,-4.2386780E-02,-1.6341837E+00
9.796838E-03,-4.3378601E-02,-1.6264017E+00
9.800115E-03,-4.3531189E-02,-1.6184671E+00
9.803392E-03,-4.5514832E-02,-1.6089304E+00
9.806669E-03,-4.5896301E-02,-1.5992410E+00
9.809946E-03,-4.6964417E-02,-1.5881784E+00
9.813222E-03,-4.7498474E-02,-1.5774210E+00
9.816499E-03,-4.8871765E-02,-1.5642984E+00
9.819776E-03,-4.8719177E-02,-1.5523203E+00
9.823053E-03,-4.8337708E-02,-1.5382059E+00
9.826330E-03,-4.9482117E-02,-1.5253885E+00
9.829606E-03,-4.9405823E-02,-1.5105112E+00
9.832883E-03,-5.0626526E-02,-1.4952524E+00
9.836160E-03,-4.9329529E-02,-1.4785440E+00
9.839437E-03,-4.9787292E-02,-1.4623697E+00
9.842714E-03,-4.8108826E-02,-1.4447458E+00
9.845990E-03,-4.7498474E-02,-1.4280374E+00
9.849267E-03,-4.6201477E-02,-1.4095743E+00
9.852544E-03,-4.5514832E-02,-1.3910349E+00
9.855821E-03,-4.4141541E-02,-1.3707407E+00
9.859098E-03,-4.3226013E-02,-1.3502939E+00
9.862374E-03,-4.0097961E-02,-1.3290079E+00
9.865651E-03,-3.9640198E-02,-1.3079507E+00
9.868928E-03,-3.6435852E-02,-1.2853677E+00
9.872205E-03,-3.4757385E-02,-1.2622507E+00
9.875482E-03,-3.0408630E-02,-1.2389810E+00
9.878758E-03,-2.8730164E-02,-1.2152536E+00
9.882035E-03,-2.5144348E-02,-1.1909158E+00
9.885312E-03,-2.2855530E-02,-1.1665018E+00
9.888589E-03,-1.7667542E-02,-1.1404855E+00
9.891866E-03,-1.5226135E-02,-1.1152322E+00
9.895142E-03,-1.0114441E-02,-1.0876901E+00
9.898419E-03,-7.2915649E-03,-1.0625131E+00
9.901696E-03,-1.1880493E-03,-1.0340555E+00
9.904973E-03,2.4740601E-03,-1.0060556E+00
9.908250E-03,7.9672241E-03,-9.7820831E-01
9.911526E-03,1.3002625E-02,-9.4990326E-01
9.914803E-03,1.9106140E-02,-9.1999603E-01
9.918080E-03,2.3531189E-02,-8.9207245E-01
9.921357E-03,3.1007996E-02,-8.6224152E-01
9.924634E-03,3.4593811E-02,-8.3324982E-01
9.927910E-03,4.2299500E-02,-8.0303741E-01
9.931187E-03,4.6724548E-02,-7.7282501E-01
9.934464E-03,5.5727234E-02,-7.4040009E-01
9.937741E-03,5.9923401E-02,-7.0980621E-01
9.941018E-03,6.8849792E-02,-6.7715240E-01
9.944294E-03,7.3732605E-02,-6.4671112E-01
9.947571E-03,8.2964172E-02,-6.1466766E-01
9.950848E-03,8.8381042E-02,-5.8254791E-01
9.954125E-03,9.7460022E-02,-5.4829193E-01
9.957402E-03,1.0302948E-01,-5.1533295E-01
9.960678E-03,1.1355804E-01,-4.8092438E-01
9.963955E-03,1.1928009E-01,-4.4910980E-01
9.967232E-03,1.2950348E-01,-4.1439606E-01
9.970509E-03,1.3530182E-01,-3.8120819E-01
9.973786E-03,1.4445709E-01,-3.4580780E-01
9.977062E-03,1.5071320E-01,-3.1223846E-01
9.980339E-03,1.6063141E-01,-2.7744843E-01
9.983616E-03,1.6581940E-01,-2.4349762E-01
9.986893E-03,1.7543243E-01,-2.0771576E-01
9.990170E-03,1.8222260E-01,-1.7361237E-01
9.993446E-03,1.9046234E-01,-1.3874603E-01
9.996723E-03,1.9801544E-01,-1.0464264E-01
1.000000E-02,2.0762848E-01,-6.9013367E-02
1.000328E-02,2.1449493E-01,-3.5901794E-02
1.000655E-02,2.2334503E-01,-4.2510986E-04
1.000983E-02,2.3005890E-01,3.4059753E-02
1.001311E-02,2.3860382E-01,6.9078674E-02
1.001638E-02,2.4539398E-01,1.0341095E-01
1.001966E-02,2.5508331E-01,1.3942169E-01
1.002294E-02,2.6065277E-01,1.7360138E-01
1.002621E-02,2.6935028E-01,2.0739960E-01
1.002949E-02,2.7514862E-01,2.4096893E-01
1.003277E-02,2.8270172E-01,2.7659821E-01
1.003604E-02,2.8819489E-01,3.1077789E-01
1.003932E-02,2.9620575E-01,3.4579681E-01
1.004260E-02,3.0185150E-01,3.7951874E-01
1.004588E-02,3.0810760E-01,4.1362213E-01
1.004915E-02,3.1382965E-01,4.4734406E-01
1.005243E-02,3.2008575E-01,4.8175262E-01
1.005571E-02,3.2557892E-01,5.1440643E-01
1.005898E-02,3.3152985E-01,5.4835724E-01
1.006226E-02,3.3549713E-01,5.8131622E-01
1.006554E-02,3.4053253E-01,6.1450409E-01
1.006881E-02,3.4449982E-01,6.4639496E-01
1.007209E-02,3.4846710E-01,6.7897247E-01
1.007537E-02,3.5312103E-01,7.1093964E-01
1.007864E-02,3.5647797E-01,7.4229645E-01
1.008192E-02,3.5777496E-01,7.7403473E-01
1.008520E-02,3.6120819E-01,8.0424713E-01
1.008847E-02,3.6364960E-01,8.3522247E-01
1.009175E-02,3.6487030E-01,8.6627411E-01
1.009503E-02,3.6654877E-01,8.9602875E-01
1.009830E-02,3.6685394E-01,9.2494415E-01
1.010158E-02,3.6815094E-01,9.5454620E-01
1.010486E-02,3.6754059E-01,9.8361420E-01
1.010813E-02,3.6731171E-01,1.0126822E+00
1.011141E-02,3.6677765E-01,1.0395377E+00
1.011469E-02,3.6700653E-01,1.0667746E+00
1.011796E-02,3.6418365E-01,1.0940878E+00
1.012124E-02,3.6395477E-01,1.1213248E+00
1.012452E-02,3.6014008E-01,1.1475699E+00
1.012780E-02,3.5792755E-01,1.1738150E+00
1.013107E-02,3.5548615E-01,1.1985342E+00
1.013435E-02,3.5174774E-01,1.2229483E+00
1.013763E-02,3.4694122E-01,1.2475150E+00
1.014090E-02,3.4274506E-01,1.2712424E+00
1.014418E-02,3.3755707E-01,1.2949698E+00
1.014746E-02,3.3366608E-01,1.3171713E+00
1.015073E-02,3.2710480E-01,1.3400595E+00
1.015401E-02,3.2123016E-01,1.3624899E+00
1.015729E-02,3.1474518E-01,1.3830893E+00
1.016056E-02,3.0917572E-01,1.4036887E+00
1.016384E-02,3.0108856E-01,1.4236014E+00
1.016712E-02,2.9406952E-01,1.4422171E+00
1.017039E-02,2.8483795E-01,1.4611380E+00
1.017367E-02,2.7781891E-01,1.4796774E+00
1.017695E-02,2.6866364E-01,1.4971487E+00
1.018022E-02,2.5981354E-01,1.5141623E+00
1.018350E-02,2.4890350E-01,1.5305655E+00
1.018678E-02,2.3959564E-01,1.5459006E+00
1.019005E-02,2.2983002E-01,1.5599387E+00
1.019333E-02,2.2014069E-01,1.5740530E+00
1.019661E-02,2.0862030E-01,1.5887778E+00
1.019988E-02,1.9877838E-01,1.6010611E+00
1.020316E-02,1.8618988E-01,1.6145651E+00
1.020644E-02,1.7466949E-01,1.6260092E+00
1.020972E-02,1.6299652E-01,1.6360800E+00
1.021299E-02,1.5208649E-01,1.6469901E+00
1.021627E-02,1.4041351E-01,1.6562979E+00
1.021955E-02,1.2866425E-01,1.6649954E+00
1.022282E-02,1.1607574E-01,1.6736166E+00
1.022610E-02,1.0371613E-01,1.6820090E+00
1.022938E-02,8.8686218E-02,1.6885703E+00
1.023265E-02,7.5868835E-02,1.6949026E+00
1.023593E-02,6.2059631E-02,1.7003958E+00
1.023921E-02,4.9318542E-02,1.7045157E+00
1.024248E-02,3.4441223E-02,1.7081778E+00
1.024576E-02,2.2539368E-02,1.7118399E+00
1.024904E-02,7.1279907E-03,1.7142050E+00
1.025231E-02,-5.7656860E-03,1.7160361E+00
1.025559E-02,-2.1177063E-02,1.7167990E+00
1.025887E-02,-3.3536682E-02,1.7180197E+00
1.026214E-02,-4.8032532E-02,1.7169516E+00
1.026542E-02,-6.1155090E-02,1.7161124E+00
1.026870E-02,-7.6261292E-02,1.7138998E+00
1.027197E-02,-8.9383850E-02,1.7119925E+00
1.027525E-02,-1.0410858E-01,1.7084830E+00
1.027853E-02,-1.1677338E-01,1.7043631E+00
1.028180E-02,-1.3126923E-01,1.7001669E+00
1.028508E-02,-1.4446808E-01,1.6956656E+00
1.028836E-02,-1.5873505E-01,1.6897910E+00
1.029164E-02,-1.7147614E-01,1.6833060E+00
1.029491E-02,-1.8642975E-01,1.6754477E+00
1.029819E-02,-1.9756866E-01,1.6681998E+00
1.030147E-02,-2.1214081E-01,1.6595023E+00
1.030474E-02,-2.2327972E-01,1.6500418E+00
1.030802E-02,-2.3655487E-01,1.6407339E+00
1.031130E-02,-2.4677826E-01,1.6296713E+00
1.031457E-02,-2.6119781E-01,1.6176169E+00
1.031785E-02,-2.7157379E-01,1.6066306E+00
1.032113E-02,-2.8446747E-01,1.5926688E+00
1.032440E-02,-2.9423309E-01,1.5793936E+00
1.032768E-02,-3.0628754E-01,1.5642874E+00
1.033096E-02,-3.1605316E-01,1.5509360E+00
1.033423E-02,-3.2650543E-01,1.5345328E+00
1.033751E-02,-3.3665253E-01,1.5187399E+00
1.034079E-02,-3.4840179E-01,1.5014212E+00
1.034406E-02,-3.5580231E-01,1.4847128E+00
1.034734E-02,-3.6572052E-01,1.4659445E+00
1.035062E-02,-3.7212921E-01,1.4482443E+00
1.035389E-02,-3.8204742E-01,1.4281027E+00
1.035717E-02,-3.8830353E-01,1.4084189E+00
1.036045E-02,-3.9784027E-01,1.3874380E+00
1.036372E-02,-4.0379120E-01,1.3680594E+00
1.036700E-02,-4.1172577E-01,1.3454764E+00
1.037028E-02,-4.1699005E-01,1.3243430E+00
1.037356E-02,-4.2423798E-01,1.3009970E+00
1.037683E-02,-4.2904449E-01,1.2795584E+00
1.038011E-02,-4.3469025E-01,1.2541525E+00
1.038339E-02,-4.3652130E-01,1.2310355E+00
1.038666E-02,-4.4399811E-01,1.2053244E+00
1.038994E-02,-4.4628693E-01,1.1809103E+00
1.039322E-02,-4.5002533E-01,1.1535971E+00
1.039649E-02,-4.5185638E-01,1.1286490E+00
1.039977E-02,-4.5689178E-01,1.1017935E+00
1.040305E-02,-4.5635773E-01,1.0753958E+00
1.040632E-02,-4.6009613E-01,1.0477011E+00
1.040960E-02,-4.5902802E-01,1.0206168E+00
1.041288E-02,-4.6185089E-01,9.9223541E-01
1.041615E-02,-4.5948578E-01,9.6438812E-01
1.041943E-02,-4.6169830E-01,9.3478607E-01
1.042271E-02,-4.5956207E-01,9.0648102E-01
1.042598E-02,-4.6116425E-01,8.7603973E-01
1.042926E-02,-4.5795990E-01,8.4582733E-01
1.043254E-02,-4.5795990E-01,8.1431793E-01
1.043581E-02,-4.5490814E-01,7.8418182E-01
1.043909E-02,-4.5391632E-01,7.5206207E-01
1.044237E-02,-4.5040680E-01,7.2192596E-01
1.044564E-02,-4.4895721E-01,6.8843292E-01
1.044892E-02,-4.4407440E-01,6.5638947E-01
1.045220E-02,-4.4155670E-01,6.2312531E-01
1.045548E-02,-4.3667389E-01,5.9123444E-01
1.045875E-02,-4.3415619E-01,5.5766510E-01
1.046203E-02,-4.2790009E-01,5.2569794E-01
1.046531E-02,-4.2439056E-01,4.9090790E-01
1.046858E-02,-4.1836334E-01,4.5772003E-01
1.047186E-02,-4.1302277E-01,4.2331146E-01
1.047514E-02,-4.0600372E-01,3.8951324E-01
1.047841E-02,-4.0157867E-01,3.5487579E-01
1.048169E-02,-3.9326263E-01,3.2138275E-01
1.048497E-02,-3.8860870E-01,2.8720306E-01
1.048824E-02,-3.8075043E-01,2.5325226E-01
1.049152E-02,-3.7411285E-01,2.1838593E-01
1.049480E-02,-3.6556793E-01,1.8550323E-01
1.049807E-02,-3.5992218E-01,1.5063690E-01
1.050135E-02,-3.5084320E-01,1.1599945E-01
1.050463E-02,-3.4435822E-01,8.0217590E-02
1.050790E-02,-3.3665253E-01,4.5427551E-02
1.051118E-02,-3.3039642E-01,1.0713806E-02
1.051446E-02,-3.2101227E-01,-2.2321472E-02
1.051773E-02,-3.1277252E-01,-5.7721863E-02
1.052101E-02,-3.0521942E-01,-9.1138611E-02
1.052429E-02,-2.9713226E-01,-1.2745453E-01
1.052756E-02,-2.8843475E-01,-1.6148163E-01
1.053084E-02,-2.8111053E-01,-1.9589020E-01
1.053412E-02,-2.7241302E-01,-2.3052765E-01
1.053740E-02,-2.6386810E-01,-2.6592804E-01
1.054067E-02,-2.5547577E-01,-2.9873444E-01
1.054395E-02,-2.4754120E-01,-3.3375336E-01
1.054723E-02,-2.3884369E-01,-3.6770416E-01
1.055050E-02,-2.3151947E-01,-4.0211273E-01
1.055378E-02,-2.2183014E-01,-4.3522430E-01
1.055706E-02,-2.1664215E-01,-4.6940399E-01
1.056033E-02,-2.0718170E-01,-5.0266815E-01
1.056361E-02,-2.0023895E-01,-5.3654266E-01
1.056689E-02,-1.9131256E-01,-5.6889130E-01
1.057016E-02,-1.8589569E-01,-6.0177399E-01
1.057344E-02,-1.7712189E-01,-6.3419891E-01
1.057672E-02,-1.6926361E-01,-6.6731049E-01
1.057999E-02,-1.6277863E-01,-6.9881989E-01
1.058327E-02,-1.5598846E-01,-7.3002411E-01
1.058655E-02,-1.4866425E-01,-7.6130463E-01
1.058982E-02,-1.4401031E-01,-7.9289032E-01
1.059310E-02,-1.3622833E-01,-8.2279755E-01
1.059638E-02,-1.3088776E-01,-8.5247589E-01
1.059965E-02,-1.2440277E-01,-8.8223053E-01
1.060293E-02,-1.1913849E-01,-9.1084076E-01
1.060621E-02,-1.1211945E-01,-9.3998505E-01
1.060948E-02,-1.0799957E-01,-9.6836639E-01
1.061276E-02,-1.0273529E-01,-9.9667145E-01
1.061604E-02,-9.8615417E-02,-1.0245187E+00
1.061932E-02,-9.2664490E-02,-1.0523660E+00
1.062259E-02,-8.9078674E-02,-1.0793741E+00
1.062587E-02,-8.2975159E-02,-1.1057718E+00
1.062915E-02,-8.0075989E-02,-1.1314828E+00
1.063242E-02,-7.5193176E-02,-1.1568124E+00
1.063570E-02,-7.2217712E-02,-1.1802347E+00
1.063898E-02,-6.7563782E-02,-1.2048013E+00
1.064225E-02,-6.5503845E-02,-1.2295206E+00
1.064553E-02,-6.1612854E-02,-1.2529428E+00
1.064881E-02,-5.9781799E-02,-1.2749155E+00
1.065208E-02,-5.5509338E-02,-1.2974985E+00
1.065536E-02,-5.4746399E-02,-1.3193185E+00
1.065864E-02,-5.2076111E-02,-1.3395364E+00
1.066191E-02,-5.0550232E-02,-1.3599832E+00
1.066519E-02,-4.8032532E-02,-1.3816507E+00
1.066847E-02,-4.7956238E-02,-1.4008768E+00
1.067174E-02,-4.6277771E-02,-1.4195688E+00
1.067502E-02,-4.5057068E-02,-1.4368875E+00
1.067830E-02,-4.4370422E-02,-1.4555795E+00
1.068157E-02,-4.3302307E-02,-1.4718301E+00
1.068485E-02,-4.2615662E-02,-1.4888437E+00
1.068813E-02,-4.3454895E-02,-1.5047891E+00
1.069140E-02,-4.3302307E-02,-1.5194376E+00
1.069468E-02,-4.2920837E-02,-1.5329416E+00
1.069796E-02,-4.2463074E-02,-1.5463693E+00
1.070124E-02,-4.3531189E-02,-1.5597208E+00
1.070451E-02,-4.5667419E-02,-1.5733011E+00
1.070779E-02,-4.4904480E-02,-1.5844400E+00
1.071107E-02,-4.5667419E-02,-1.5947397E+00
1.071434E-02,-4.5972595E-02,-1.6046579E+00
1.071762E-02,-4.6430359E-02,-1.6143472E+00
1.072090E-02,-4.7574768E-02,-1.6224344E+00
1.072417E-02,-4.9405823E-02,-1.6306741E+00
1.072745E-02,-5.0245056E-02,-1.6378458E+00
1.073073E-02,-5.1389465E-02,-1.6452463E+00
1.073400E-02,-5.2152405E-02,-1.6508157E+00
1.073728E-02,-5.3601990E-02,-1.6563089E+00
1.074056E-02,-5.4898987E-02,-1.6598947E+00
1.074383E-02,-5.6882629E-02,-1.6646249E+00
1.074711E-02,-5.7111511E-02,-1.6675241E+00
1.075039E-02,-5.9476624E-02,-1.6697366E+00
1.075366E-02,-5.9476624E-02,-1.6711862E+00
1.075694E-02,-6.1918030E-02,-1.6738565E+00
1.076022E-02,-6.1307678E-02,-1.6733224E+00
1.076349E-02,-6.3291321E-02,-1.6737039E+00
1.076677E-02,-6.3215027E-02,-1.6713388E+00
1.077005E-02,-6.5503845E-02,-1.6704233E+00
1.077332E-02,-6.5274963E-02,-1.6673715E+00
1.077660E-02,-6.7945251E-02,-1.6641672E+00
1.077988E-02,-6.7563782E-02,-1.6602762E+00
1.078316E-02,-6.8784485E-02,-1.6553171E+00
1.078643E-02,-6.8403015E-02,-1.6486032E+00
1.078971E-02,-6.9165955E-02,-1.6430338E+00
1.079299E-02,-6.8479309E-02,-1.6349466E+00
1.079626E-02,-7.0234070E-02,-1.6286142E+00
1.079954E-02,-6.8021545E-02,-1.6195352E+00
1.080282E-02,-6.8250427E-02,-1.6102274E+00
1.080609E-02,-6.7334900E-02,-1.6002328E+00
1.080937E-02,-6.7716370E-02,-1.5906198E+00
1.081265E-02,-6.5809021E-02,-1.5783365E+00
1.081592E-02,-6.6953430E-02,-1.5670450E+00
1.081920E-02,-6.3291321E-02,-1.5542276E+00
1.082248E-02,-6.4740906E-02,-1.5414102E+00
1.082575E-02,-6.1536560E-02,-1.5276773E+00
1.082903E-02,-6.2604675E-02,-1.5140207E+00
1.083231E-02,-5.9400330E-02,-1.4981516E+00
1.083558E-02,-5.8713684E-02,-1.4835794E+00
1.083886E-02,-5.5127869E-02,-1.4654977E+00
1.084214E-02,-5.4517517E-02,-1.4483316E+00
1.084541E-02,-5.0321350E-02,-1.4307840E+00
1.084869E-02,-4.9558411E-02,-1.4128549E+00
1.085197E-02,-4.4217834E-02,-1.3927896E+00
1.085524E-02,-4.3760071E-02,-1.3734872E+00
1.085852E-02,-3.7503967E-02,-1.3525064E+00
1.086180E-02,-3.5749207E-02,-1.3328226E+00
1.086508E-02,-3.0637512E-02,-1.3108499E+00
1.086835E-02,-2.8730164E-02,-1.2894876E+00
1.087163E-02,-2.2931824E-02,-1.2664468E+00
1.087491E-02,-2.0566711E-02,-1.2438638E+00
1.087818E-02,-1.4234314E-02,-1.2188394E+00
1.088146E-02,-1.1945496E-02,-1.1966379E+00
1.088474E-02,-5.5368042E-03,-1.1710794E+00
1.088801E-02,-1.3406372E-03,-1.1468179E+00
1.089129E-02,4.0762329E-03,-1.1198099E+00
1.089457E-02,8.5012817E-03,-1.0946329E+00
1.089784E-02,1.5825500E-02,-1.0666330E+00
1.090112E-02,1.8953552E-02,-1.0403116E+00
1.090440E-02,2.4523010E-02,-1.0119302E+00
1.090767E-02,3.1084290E-02,-9.8469330E-01
1.091095E-02,3.8332214E-02,-9.5623566E-01
1.091423E-02,4.2986145E-02,-9.2693878E-01
1.091750E-02,5.0615540E-02,-8.9802338E-01
1.092078E-02,5.4811707E-02,-8.6903168E-01
1.092406E-02,6.1983337E-02,-8.3881927E-01
1.092733E-02,6.6942444E-02,-8.0921722E-01
1.093061E-02,7.4877014E-02,-7.7824188E-01
1.093389E-02,7.9912415E-02,-7.4757172E-01
1.093716E-02,8.6855164E-02,-7.1560455E-01
1.094044E-02,9.3111267E-02,-6.8440033E-01
1.094372E-02,1.0127472E-01,-6.5212799E-01
1.094700E-02,1.0646271E-01,-6.2023712E-01
1.095027E-02,1.1371063E-01,-5.8781219E-01
1.095355E-02,1.1928009E-01,-5.5531097E-01
1.095683E-02,1.2683319E-01,-5.2120758E-01
1.096010E-02,1.3217377E-01,-4.8763824E-01
1.096338E-02,1.3736176E-01,-4.5460297E-01
1.096666E-02,1.4354156E-01,-4.2141510E-01
1.096993E-02,1.4789032E-01,-3.8647247E-01
1.097321E-02,1.5338348E-01,-3.5244537E-01
1.097649E-02,1.5925812E-01,-3.1788422E-01
1.097976E-02,1.6383575E-01,-2.8347565E-01
1.098304E-02,1.6856598E-01,-2.4921967E-01
1.098632E-02,1.7421173E-01,-2.1397186E-01
1.098959E-02,1.7932343E-01,-1.7941071E-01
1.099287E-02,1.8321442E-01,-1.4538361E-01
1.099615E-02,1.8779205E-01,-1.1150909E-01
1.099942E-02,1.9191193E-01,-7.6337585E-02
1.100270E-02,1.9755768E-01,-4.2081604E-02
1.100598E-02,2.0038055E-01,-7.0626831E-03
1.100925E-02,2.0312714E-01,2.6430359E-02
1.101253E-02,2.0617889E-01,6.1296692E-02
1.101581E-02,2.0991730E-01,9.7002258E-02
1.101908E-02,2.1167206E-01,1.3194489E-01
1.102236E-02,2.1357941E-01,1.6650604E-01
1.102564E-02,2.1609711E-01,2.0060944E-01
1.102892E-02,2.1861481E-01,2.3555206E-01
1.103219E-02,2.2052216E-01,2.6919769E-01
1.103547E-02,2.2128510E-01,3.0360626E-01
1.103875E-02,2.2235321E-01,3.3854889E-01
1.104202E-02,2.2204803E-01,3.7196564E-01
1.104530E-02,2.2151398E-01,4.0629791E-01
1.104858E-02,2.2197174E-01,4.3979095E-01
1.105185E-02,2.2120880E-01,4.7435211E-01
1.105513E-02,2.1991180E-01,5.0753998E-01
1.105841E-02,2.1869110E-01,5.4118561E-01
1.106168E-02,2.1747040E-01,5.7422089E-01
1.106496E-02,2.1502899E-01,6.0710358E-01
1.106824E-02,2.1342682E-01,6.4013885E-01
1.107151E-02,2.0999359E-01,6.7210602E-01
1.107479E-02,2.0656036E-01,7.0407318E-01
1.107807E-02,2.0320343E-01,7.3596405E-01
1.108134E-02,1.9915985E-01,7.6754974E-01
1.108462E-02,1.9496368E-01,7.9814362E-01
1.108790E-02,1.8924164E-01,8.2835602E-01
1.109117E-02,1.8412994E-01,8.5940765E-01
1.109445E-02,1.7810272E-01,8.8931488E-01
1.109773E-02,1.7329620E-01,9.1906952E-01
1.110100E-02,1.6642975E-01,9.4798492E-01
1.110428E-02,1.5956329E-01,9.7773956E-01
1.110756E-02,1.5315460E-01,1.0058157E+00
1.111084E-02,1.4598297E-01,1.0338156E+00
1.111411E-02,1.3858246E-01,1.0608237E+00
1.111739E-02,1.3156342E-01,1.0885184E+00
1.112067E-02,1.2240814E-01,1.1160605E+00
1.112394E-02,1.1332916E-01,1.1424582E+00
1.112722E-02,1.0310577E-01,1.1683218E+00
1.113050E-02,9.4331970E-02,1.1936514E+00
1.113377E-02,8.2658997E-02,1.2177603E+00
1.113705E-02,7.2511902E-02,1.2417166E+00
1.114033E-02,6.0762634E-02,1.2650626E+00
1.114360E-02,5.1454773E-02,1.2889426E+00
1.114688E-02,3.9171448E-02,1.3119070E+00
1.115016E-02,2.8948059E-02,1.3351767E+00
1.115343E-02,1.6588440E-02,1.3565390E+00
1.115671E-02,4.9917603E-03,1.3772910E+00
1.115999E-02,-6.6812134E-03,1.3969748E+00
1.116326E-02,-1.7743835E-02,1.4177267E+00
1.116654E-02,-3.1400452E-02,1.4362662E+00
1.116982E-02,-4.3073425E-02,1.4556448E+00
1.117309E-02,-5.6730042E-02,1.4730399E+00
1.117637E-02,-6.9318542E-02,1.4912741E+00
1.117965E-02,-8.2898865E-02,1.5091269E+00
1.118292E-02,-9.5258484E-02,1.5259879E+00
1.118620E-02,-1.0944916E-01,1.5415518E+00
1.118948E-02,-1.2150360E-01,1.5565817E+00
1.119276E-02,-1.3660980E-01,1.5709250E+00
1.119603E-02,-1.4858795E-01,1.5851920E+00
1.119931E-02,-1.6369415E-01,1.5983145E+00
1.120259E-02,-1.7613007E-01,1.6103690E+00
1.120586E-02,-1.9138885E-01,1.6217368E+00
1.120914E-02,-2.0481659E-01,1.6331808E+00
1.121242E-02,-2.1999908E-01,1.6432516E+00
1.121569E-02,-2.3090912E-01,1.6530936E+00
1.121897E-02,-2.4647308E-01,1.6619437E+00
1.122225E-02,-2.5875641E-01,1.6706412E+00
1.122552E-02,-2.7309967E-01,1.6782706E+00
1.122880E-02,-2.8538300E-01,1.6861288E+00
1.123208E-02,-2.9972626E-01,1.6912405E+00
1.123535E-02,-3.1155182E-01,1.6981833E+00
1.123863E-02,-3.2597137E-01,1.7018454E+00
1.124191E-02,-3.3718658E-01,1.7060416E+00
1.124518E-02,-3.5160614E-01,1.7092459E+00
1.124846E-02,-3.6251617E-01,1.7125266E+00
1.125174E-02,-3.7640167E-01,1.7141287E+00
1.125501E-02,-3.8601471E-01,1.7156546E+00
1.125829E-02,-3.9921356E-01,1.7158072E+00
1.126157E-02,-4.0951324E-01,1.7161124E+00
1.126484E-02,-4.2301727E-01,1.7145865E+00
1.126812E-02,-4.3217255E-01,1.7136710E+00
1.127140E-02,-4.4292999E-01,1.7106955E+00
1.127468E-02,-4.5223785E-01,1.7081778E+00
1.127795E-02,-4.6383453E-01,1.7045157E+00
1.128123E-02,-4.7184540E-01,1.7006247E+00
1.128451E-02,-4.8351837E-01,1.6946738E+00
1.128778E-02,-4.8969818E-01,1.6900961E+00
1.129106E-02,-5.0106598E-01,1.6832297E+00
1.129434E-02,-5.0762726E-01,1.6767447E+00
1.129761E-02,-5.1594330E-01,1.6678183E+00
1.130089E-02,-5.2166534E-01,1.6601889E+00
1.130417E-02,-5.3112579E-01,1.6507285E+00
1.130744E-02,-5.3433014E-01,1.6406577E+00
1.131072E-02,-5.4264618E-01,1.6297476E+00
1.131400E-02,-5.4783417E-01,1.6193716E+00
1.131727E-02,-5.5485321E-01,1.6060202E+00
1.132055E-02,-5.5767609E-01,1.5941946E+00
1.132383E-02,-5.6347443E-01,1.5793173E+00
1.132710E-02,-5.6606842E-01,1.5661185E+00
1.133038E-02,-5.7217194E-01,1.5517752E+00
1.133366E-02,-5.7278229E-01,1.5372794E+00
1.133693E-02,-5.7735992E-01,1.5196555E+00
1.134021E-02,-5.7743622E-01,1.5033286E+00
1.134349E-02,-5.8178497E-01,1.4853232E+00
1.134676E-02,-5.8170868E-01,1.4680807E+00
1.135004E-02,-5.8384491E-01,1.4486258E+00
1.135332E-02,-5.8270050E-01,1.4303915E+00
1.135660E-02,-5.8460785E-01,1.4105551E+00
1.135987E-02,-5.8277679E-01,1.3907950E+00
1.136315E-02,-5.8384491E-01,1.3692801E+00
1.136643E-02,-5.8041168E-01,1.3489096E+00
1.136970E-02,-5.8018280E-01,1.3264029E+00
1.137298E-02,-5.7674957E-01,1.3039725E+00
1.137626E-02,-5.7537628E-01,1.2804739E+00
1.137953E-02,-5.7118011E-01,1.2568228E+00
1.138281E-02,-5.6957794E-01,1.2328665E+00
1.138609E-02,-5.6454254E-01,1.2091391E+00
1.138936E-02,-5.6149078E-01,1.1836569E+00
1.139264E-02,-5.5599762E-01,1.1587088E+00
1.139592E-02,-5.5302216E-01,1.1324637E+00
1.139919E-02,-5.4699493E-01,1.1061423E+00
1.140247E-02,-5.4173065E-01,1.0788290E+00
1.140575E-02,-5.3516937E-01,1.0510580E+00
1.140902E-02,-5.2959991E-01,1.0237448E+00
1.141230E-02,-5.2273346E-01,9.9605011E-01
1.141558E-02,-5.1624847E-01,9.6751617E-01
1.141885E-02,-5.0800873E-01,9.3852448E-01
1.142213E-02,-5.0259186E-01,9.0991425E-01
1.142541E-02,-4.9389435E-01,8.7970184E-01
1.142868E-02,-4.8687531E-01,8.4926056E-01
1.143196E-02,-4.7825409E-01,8.1874298E-01
1.143524E-02,-4.7039581E-01,7.8822540E-01
1.143852E-02,-4.6124054E-01,7.5648712E-01
1.144179E-02,-4.5178009E-01,7.2482513E-01
1.144507E-02,-4.4247223E-01,6.9331573E-01
1.144835E-02,-4.3400360E-01,6.6134857E-01
1.145162E-02,-4.2408539E-01,6.2831329E-01
1.145490E-02,-4.1607452E-01,5.9657501E-01
1.145818E-02,-4.0539337E-01,5.6292938E-01
1.146145E-02,-3.9707733E-01,5.2989410E-01
1.146473E-02,-3.8570953E-01,4.9624847E-01
1.146801E-02,-3.7632538E-01,4.6267914E-01
1.147128E-02,-3.6564423E-01,4.2933868E-01
1.147456E-02,-3.5717560E-01,3.9485382E-01
1.147784E-02,-3.4641815E-01,3.6166595E-01
1.148111E-02,-3.3695770E-01,3.2657074E-01
1.148439E-02,-3.2681061E-01,2.9155182E-01
1.148767E-02,-3.1666351E-01,2.5760101E-01
1.149094E-02,-3.0582977E-01,2.2281097E-01
1.149422E-02,-2.9667450E-01,1.8916534E-01
1.149750E-02,-2.8667999E-01,1.5475677E-01
1.150077E-02,-2.7630402E-01,1.2011932E-01
1.150405E-02,-2.6600433E-01,8.4871521E-02
1.150733E-02,-2.5761200E-01,4.9852600E-02
1.151060E-02,-2.4830414E-01,1.4528503E-02
1.151388E-02,-2.3945404E-01,-1.8583069E-02
1.151716E-02,-2.2999359E-01,-5.4136047E-02
1.152044E-02,-2.2205902E-01,-8.7629089E-02
1.152371E-02,-2.1244598E-01,-1.2234283E-01
1.152699E-02,-2.0412994E-01,-1.5644623E-01
1.153027E-02,-1.9489838E-01,-1.9093109E-01
1.153354E-02,-1.8635345E-01,-2.2549225E-01
1.153682E-02,-1.7849518E-01,-2.6112152E-01
1.154010E-02,-1.6865326E-01,-2.9408051E-01
1.154337E-02,-1.6071869E-01,-3.2963348E-01
1.154665E-02,-1.5278412E-01,-3.6343170E-01
1.154993E-02,-1.4477325E-01,-3.9867950E-01
1.155320E-02,-1.3874603E-01,-4.3095184E-01
1.155648E-02,-1.3264252E-01,-4.6551300E-01
1.155976E-02,-1.2585236E-01,-4.9824310E-01
1.156303E-02,-1.1936737E-01,-5.3120209E-01
1.156631E-02,-1.1326385E-01,-5.6454254E-01
1.156959E-02,-1.0731293E-01,-5.9734894E-01
1.157286E-02,-1.0174347E-01,-6.2893463E-01
1.157614E-02,-9.6174011E-02,-6.6174103E-01
1.157942E-02,-9.1214905E-02,-6.9286896E-01
1.158269E-02,-8.5569153E-02,-7.2483612E-01
1.158597E-02,-8.0381165E-02,-7.5565887E-01
1.158925E-02,-7.6032410E-02,-7.8663422E-01
1.159252E-02,-7.1149597E-02,-8.1707550E-01
1.159580E-02,-6.7182312E-02,-8.4736420E-01
1.159908E-02,-6.4588318E-02,-8.7627960E-01
1.160236E-02,-6.0849915E-02,-9.0557648E-01
1.160563E-02,-5.8103333E-02,-9.3487335E-01
1.160891E-02,-5.5661926E-02,-9.6409393E-01
1.161219E-02,-5.2610168E-02,-9.9285675E-01
1.161546E-02,-5.1770935E-02,-1.0203989E+00
1.161874E-02,-4.8566589E-02,-1.0477884E+00
1.162202E-02,-4.7345886E-02,-1.0747964E+00
1.162529E-02,-4.4599304E-02,-1.1003549E+00
1.162857E-02,-4.3912659E-02,-1.1265237E+00
1.163185E-02,-4.1394958E-02,-1.1519296E+00
1.163512E-02,-4.2463074E-02,-1.1776407E+00
1.163840E-02,-4.0632019E-02,-1.2014444E+00
1.164168E-02,-4.1394958E-02,-1.2258585E+00
1.164495E-02,-3.9563904E-02,-1.2485941E+00
1.164823E-02,-4.0632019E-02,-1.2717111E+00
1.165151E-02,-3.9563904E-02,-1.2933786E+00
1.165478E-02,-4.2081604E-02,-1.3162668E+00
1.165806E-02,-4.0860901E-02,-1.3366373E+00
1.166134E-02,-4.2386780E-02,-1.3577707E+00
1.166461E-02,-4.2157898E-02,-1.3776071E+00
1.166789E-02,-4.4370422E-02,-1.3978250E+00
1.167117E-02,-4.3683777E-02,-1.4165170E+00
1.167444E-02,-4.6506653E-02,-1.4353616E+00
1.167772E-02,-4.6506653E-02,-1.4523752E+00
1.168100E-02,-4.9710999E-02,-1.4697702E+00
1.168428E-02,-5.0626526E-02,-1.4857156E+00
1.168755E-02,-5.2533875E-02,-1.5032632E+00
1.169083E-02,-5.2457581E-02,-1.5168436E+00
1.169411E-02,-5.4822693E-02,-1.5320261E+00
1.169738E-02,-5.6272278E-02,-1.5451486E+00
1.170066E-02,-6.0239563E-02,-1.5588815E+00
1.170394E-02,-5.9858093E-02,-1.5701730E+00
1.170721E-02,-6.4435730E-02,-1.5826852E+00
1.171049E-02,-6.4817200E-02,-1.5929086E+00
1.171377E-02,-6.7868958E-02,-1.6040475E+00
1.171704E-02,-6.7106018E-02,-1.6123636E+00
1.172032E-02,-7.0844421E-02,-1.6219766E+00
1.172360E-02,-7.0844421E-02,-1.6295297E+00
1.172687E-02,-7.4964294E-02,-1.6369302E+00
1.173015E-02,-7.4506531E-02,-1.6434915E+00
1.173343E-02,-7.8321228E-02,-1.6509683E+00
1.173670E-02,-7.8168640E-02,-1.6547830E+00
1.173998E-02,-8.1144104E-02,-1.6606577E+00
1.174326E-02,-7.9923401E-02,-1.6638620E+00
1.174653E-02,-8.4729919E-02,-1.6676004E+00
1.174981E-02,-8.2517395E-02,-1.6682870E+00
1.175309E-02,-8.6179504E-02,-1.6714151E+00
1.175636E-02,-8.4577332E-02,-1.6715677E+00
1.175964E-02,-8.7934265E-02,-1.6727121E+00
1.176292E-02,-8.5950623E-02,-1.6722543E+00
1.176620E-02,-8.9002380E-02,-1.6721017E+00
1.176947E-02,-8.7476501E-02,-1.6693552E+00
1.177275E-02,-8.9612732E-02,-1.6674478E+00
1.177603E-02,-8.7476501E-02,-1.6639383E+00
1.177930E-02,-8.8697205E-02,-1.6601236E+00
1.178258E-02,-8.6026917E-02,-1.6544016E+00
1.178586E-02,-8.8620911E-02,-1.6500528E+00
1.178913E-02,-8.6026917E-02,-1.6437967E+00
1.179241E-02,-8.6942444E-02,-1.6368539E+00
1.179569E-02,-8.3738098E-02,-1.6284616E+00
1.179896E-02,-8.6026917E-02,-1.6208322E+00
1.180224E-02,-8.1678162E-02,-1.6112192E+00
1.180552E-02,-8.1601868E-02,-1.6026743E+00
1.180879E-02,-7.9313049E-02,-1.5923746E+00
1.181207E-02,-7.9389343E-02,-1.5810831E+00
1.181535E-02,-7.6261292E-02,-1.5694864E+00
1.181862E-02,-7.5116882E-02,-1.5578134E+00
1.182190E-02,-7.1683655E-02,-1.5441568E+00
1.182518E-02,-7.0157776E-02,-1.5306528E+00
1.182845E-02,-6.6571960E-02,-1.5165384E+00
1.183173E-02,-6.4817200E-02,-1.5008218E+00
1.183501E-02,-6.0621033E-02,-1.4841898E+00
1.183828E-02,-5.9705505E-02,-1.4674051E+00
1.184156E-02,-5.6043396E-02,-1.4510782E+00
1.184484E-02,-5.3144226E-02,-1.4340646E+00
1.184812E-02,-4.7651062E-02,-1.4166696E+00
1.185139E-02,-4.5667419E-02,-1.3969095E+00
1.185467E-02,-4.0784607E-02,-1.3770731E+00
1.185795E-02,-3.8190613E-02,-1.3558633E+00
1.186122E-02,-3.2773743E-02,-1.3356454E+00
1.186450E-02,-2.9264221E-02,-1.3142068E+00
1.186778E-02,-2.5296936E-02,-1.2922342E+00
1.187105E-02,-2.1253357E-02,-1.2696512E+00
1.187433E-02,-1.6675720E-02,-1.2464578E+00
1.187761E-02,-1.3623962E-02,-1.2234171E+00
1.188088E-02,-8.2070923E-03,-1.1996133E+00
1.188416E-02,-4.5449829E-03,-1.1755807E+00
1.188744E-02,9.4818115E-04,-1.1503275E+00
1.189071E-02,5.5258179E-03,-1.1240060E+00
1.189399E-02,1.0484924E-02,-1.0989816E+00
1.189727E-02,1.4070740E-02,-1.0720499E+00
1.190054E-02,1.9640198E-02,-1.0449655E+00
1.190382E-02,2.2768250E-02,-1.0170419E+00
1.190710E-02,2.8032532E-02,-9.8904205E-01
1.191037E-02,3.2152405E-02,-9.6096588E-01
1.191365E-02,3.7264099E-02,-9.3197418E-01
1.191693E-02,4.1841736E-02,-9.0351654E-01
1.192020E-02,4.5656433E-02,-8.7498260E-01
1.192348E-02,4.8937073E-02,-8.4530426E-01
1.192676E-02,5.4964294E-02,-8.1600739E-01
1.193004E-02,5.6642761E-02,-7.8487946E-01
1.193331E-02,6.0304871E-02,-7.5344635E-01
1.193659E-02,6.4806213E-02,-7.2140289E-01
1.193987E-02,6.7247620E-02,-6.8981720E-01
1.194314E-02,7.0299377E-02,-6.5800262E-01
1.194642E-02,7.4571838E-02,-6.2557770E-01
1.194970E-02,7.7013245E-02,-5.9246613E-01
1.195297E-02,8.0446472E-02,-5.6034637E-01
1.195625E-02,8.1667175E-02,-5.2700592E-01
1.195953E-02,8.4490051E-02,-4.9442841E-01
1.196280E-02,8.5558167E-02,-4.6131683E-01
1.196608E-02,8.8304749E-02,-4.2767120E-01
1.196936E-02,8.8991394E-02,-3.9410187E-01
1.197263E-02,9.0440979E-02,-3.5908295E-01
1.197591E-02,9.2348328E-02,-3.2436920E-01
1.197919E-02,9.2729797E-02,-2.8980804E-01
1.198246E-02,9.4408264E-02,-2.5623871E-01
1.198574E-02,9.3950500E-02,-2.2091461E-01
1.198902E-02,9.3111267E-02,-1.8589569E-01
1.199229E-02,9.2958679E-02,-1.5179230E-01
1.199557E-02,9.1737976E-02,-1.1608673E-01
1.199885E-02,9.1051331E-02,-8.2517395E-02
1.200212E-02,8.9678040E-02,-4.7879944E-02
1.200540E-02,8.7465515E-02,-1.3166199E-02
1.200868E-02,8.5329285E-02,2.2081604E-02
1.201196E-02,8.2201233E-02,5.6795349E-02
1.201523E-02,7.9530945E-02,9.1509094E-02
1.201851E-02,7.6021423E-02,1.2652802E-01
1.202179E-02,7.3427429E-02,1.6124176E-01
1.202506E-02,6.8926086E-02,1.9519257E-01
1.202834E-02,6.5263977E-02,2.2990631E-01
1.203162E-02,6.0152283E-02,2.6439117E-01
1.203489E-02,5.5345764E-02,2.9780792E-01
1.203817E-02,4.9165955E-02,3.3214020E-01
1.204145E-02,4.4359436E-02,3.6601471E-01
1.204472E-02,3.7416687E-02,4.0011810E-01
1.204800E-02,3.2228699E-02,4.3490814E-01
1.205128E-02,2.4370422E-02,4.6824860E-01
1.205455E-02,1.8648376E-02,5.0235199E-01
1.205783E-02,1.0256042E-02,5.3569244E-01
1.206111E-02,3.3132935E-03,5.6918549E-01
1.206438E-02,-5.6130981E-03,6.0176300E-01
1.206766E-02,-1.2937317E-02,6.3418793E-01
1.207094E-02,-2.2550354E-02,6.6600250E-01
1.207421E-02,-3.0179749E-02,6.9804596E-01
1.207749E-02,-4.0555725E-02,7.2978424E-01
1.208077E-02,-4.9329529E-02,7.6266693E-01
1.208404E-02,-6.0163269E-02,7.9295563E-01
1.208732E-02,-6.8097839E-02,8.2309174E-01
1.209060E-02,-8.0381165E-02,8.5437225E-01
1.209388E-02,-8.9536438E-02,8.8511871E-01
1.209715E-02,-1.0189606E-01,9.1487335E-01
1.210043E-02,-1.1173798E-01,9.4462799E-01
1.210371E-02,-1.2341095E-01,9.7201752E-01
1.210698E-02,-1.3447357E-01,1.0010092E+00
1.211026E-02,-1.4614655E-01,1.0287039E+00
1.211354E-02,-1.5705658E-01,1.0563223E+00
1.211681E-02,-1.6995026E-01,1.0831015E+00
1.212009E-02,-1.8154694E-01,1.1116354E+00
1.212337E-02,-1.9505096E-01,1.1379568E+00
1.212664E-02,-2.0596100E-01,1.1640494E+00
1.212992E-02,-2.1992279E-01,1.1886923E+00
1.213320E-02,-2.3228241E-01,1.2140982E+00
1.213647E-02,-2.4616791E-01,1.2373679E+00
1.213975E-02,-2.5738312E-01,1.2617056E+00
1.214303E-02,-2.7088715E-01,1.2854330E+00
1.214630E-02,-2.8278900E-01,1.3085501E+00
1.214958E-02,-2.9743744E-01,1.3295309E+00
1.215286E-02,-3.0811859E-01,1.3531058E+00
1.215613E-02,-3.2307220E-01,1.3737814E+00
1.215941E-02,-3.3451630E-01,1.3939230E+00
1.216269E-02,-3.4939362E-01,1.4138358E+00
1.216596E-02,-3.5961700E-01,1.4345114E+00
1.216924E-02,-3.7411285E-01,1.4526694E+00
1.217252E-02,-3.8624359E-01,1.4719717E+00
1.217580E-02,-3.9921356E-01,1.4895193E+00
1.217907E-02,-4.0920807E-01,1.5079062E+00
1.218235E-02,-4.2362762E-01,1.5232413E+00
1.218563E-02,-4.3362213E-01,1.5389578E+00
1.218890E-02,-4.4727875E-01,1.5537589E+00
1.219218E-02,-4.5704437E-01,1.5689413E+00
1.219546E-02,-4.7062469E-01,1.5823691E+00
1.219873E-02,-4.7970367E-01,1.5957968E+00
1.220201E-02,-4.9313141E-01,1.6078513E+00
1.220529E-02,-5.0259186E-01,1.6205161E+00
1.220856E-02,-5.1380707E-01,1.6308157E+00
1.221184E-02,-5.2235199E-01,1.6417258E+00
1.221512E-02,-5.3387238E-01,1.6515677E+00
1.221839E-02,-5.4180695E-01,1.6621725E+00
1.222167E-02,-5.5225922E-01,1.6684286E+00
1.222495E-02,-5.5912567E-01,1.6774313E+00
1.222822E-02,-5.6889130E-01,1.6839926E+00
1.223150E-02,-5.7591034E-01,1.6913168E+00
1.223478E-02,-5.8521820E-01,1.6968863E+00
1.223805E-02,-5.9063507E-01,1.7029898E+00
1.224133E-02,-5.9925629E-01,1.7065756E+00
1.224461E-02,-6.0436798E-01,1.7094748E+00
1.224788E-02,-6.1276031E-01,1.7119925E+00
1.225116E-02,-6.1749054E-01,1.7141287E+00
1.225444E-02,-6.2328888E-01,1.7148917E+00
1.225772E-02,-6.2641693E-01,1.7167227E+00
1.226099E-02,-6.3244415E-01,1.7162650E+00
1.226427E-02,-6.3519073E-01,1.7161887E+00
1.226755E-02,-6.4060760E-01,1.7145102E+00
1.227082E-02,-6.4282013E-01,1.7122977E+00
1.227410E-02,-6.4579559E-01,1.7089407E+00
1.227738E-02,-6.4762665E-01,1.7058127E+00
1.228065E-02,-6.5029694E-01,1.7018454E+00
1.228393E-02,-6.5136505E-01,1.6965048E+00
1.228721E-02,-6.5319611E-01,1.6903250E+00
1.229048E-02,-6.5342499E-01,1.6842215E+00
1.229376E-02,-6.5479828E-01,1.6774313E+00
1.229704E-02,-6.5434052E-01,1.6699545E+00
1.230031E-02,-6.5304352E-01,1.6607993E+00
1.230359E-02,-6.5044952E-01,1.6514914E+00
1.230687E-02,-6.4991547E-01,1.6414969E+00
1.231014E-02,-6.4701630E-01,1.6309683E+00
1.231342E-02,-6.4503265E-01,1.6193716E+00
1.231670E-02,-6.4152313E-01,1.6076987E+00
1.231997E-02,-6.3923431E-01,1.5948813E+00
1.232325E-02,-6.3458038E-01,1.5824454E+00
1.232653E-02,-6.2985016E-01,1.5682547E+00
1.232980E-02,-6.2565399E-01,1.5525381E+00
1.233308E-02,-6.2046600E-01,1.5378134E+00
1.233636E-02,-6.1405731E-01,1.5216391E+00
1.233964E-02,-6.0879303E-01,1.5044730E+00
1.234291E-02,-6.0223175E-01,1.4877646E+00
1.234619E-02,-5.9498383E-01,1.4698355E+00
1.234947E-02,-5.8949066E-01,1.4516013E+00
1.235274E-02,-5.8178497E-01,1.4334433E+00
1.235602E-02,-5.7316376E-01,1.4139120E+00
1.235930E-02,-5.6522919E-01,1.3940756E+00
1.236257E-02,-5.5744720E-01,1.3735526E+00
1.236585E-02,-5.4882599E-01,1.3519614E+00
1.236913E-02,-5.3906036E-01,1.3311331E+00
1.237240E-02,-5.3135468E-01,1.3080923E+00
1.237568E-02,-5.2174164E-01,1.2851279E+00
1.237896E-02,-5.1151825E-01,1.2621634E+00
1.238223E-02,-5.0228668E-01,1.2382834E+00
1.238551E-02,-4.9137665E-01,1.2137167E+00
1.238879E-02,-4.8023773E-01,1.1880057E+00
1.239206E-02,-4.6986176E-01,1.1625998E+00
1.239534E-02,-4.5963837E-01,1.1368887E+00
1.239862E-02,-4.4804169E-01,1.1109488E+00
1.240189E-02,-4.3758942E-01,1.0833304E+00
1.240517E-02,-4.2645050E-01,1.0558646E+00
1.240845E-02,-4.1599823E-01,1.0277121E+00
1.241172E-02,-4.0402008E-01,9.9963593E-01
1.241500E-02,-3.9249969E-01,9.7110199E-01
1.241828E-02,-3.8151337E-01,9.4310211E-01
1.242156E-02,-3.6953522E-01,9.1365265E-01
1.242483E-02,-3.5854889E-01,8.8565277E-01
1.242811E-02,-3.4573151E-01,8.5429596E-01
1.243139E-02,-3.3482147E-01,8.2339691E-01
1.243466E-02,-3.2299591E-01,7.9242157E-01
1.243794E-02,-3.1147552E-01,7.6136993E-01
1.244122E-02,-2.9995514E-01,7.2955536E-01
1.244449E-02,-2.8729034E-01,6.9789337E-01
1.244777E-02,-2.7592255E-01,6.6600250E-01
1.245105E-02,-2.6501251E-01,6.3388275E-01
1.245432E-02,-2.5372101E-01,6.0092377E-01
1.245760E-02,-2.4288727E-01,5.6895660E-01
1.246088E-02,-2.3258759E-01,5.3561615E-01
1.246415E-02,-2.2099091E-01,5.0273346E-01
1.246743E-02,-2.1160675E-01,4.6893524E-01
1.247071E-02,-2.0077301E-01,4.3467926E-01
1.247398E-02,-1.8917633E-01,4.0095734E-01
1.247726E-02,-1.7902924E-01,3.6746429E-01
1.248054E-02,-1.7010284E-01,3.3252167E-01
1.248381E-02,-1.5873505E-01,2.9918121E-01
1.248709E-02,-1.5133453E-01,2.6370453E-01
1.249037E-02,-1.3943268E-01,2.2990631E-01
1.249364E-02,-1.3187958E-01,1.9511627E-01
1.249692E-02,-1.2142731E-01,1.6124176E-01
1.250020E-02,-1.1494232E-01,1.2637543E-01
1.250348E-02,-1.0662628E-01,9.1737976E-02
1.250675E-02,-9.8844299E-02,5.6108704E-02
1.251003E-02,-9.0757141E-02,2.1089783E-02
1.251331E-02,-8.3661804E-02,-1.3547668E-02
1.251658E-02,-7.5116882E-02,-4.6964417E-02
1.251986E-02,-7.0234070E-02,-8.1601868E-02
1.252314E-02,-6.2604675E-02,-1.1608673E-01
1.252641E-02,-5.7569275E-02,-1.5118195E-01
1.252969E-02,-5.0702820E-02,-1.8436981E-01
1.253297E-02,-4.4828186E-02,-2.1961761E-01
1.253624E-02,-3.9411316E-02,-2.5379730E-01
1.253952E-02,-3.5367737E-02,-2.8889252E-01
1.254280E-02,-2.9874573E-02,-3.2269073E-01
1.254607E-02,-2.6822815E-02,-3.5824371E-01
1.254935E-02,-2.1634827E-02,-3.9188934E-01
1.255263E-02,-1.8277893E-02,-4.2637421E-01
1.255590E-02,-1.4920959E-02,-4.5879913E-01
1.255918E-02,-1.2021790E-02,-4.9320770E-01
1.256246E-02,-8.6648560E-03,-5.2563263E-01
1.256573E-02,-6.3760376E-03,-5.6019379E-01
1.256901E-02,-3.2479858E-03,-5.9170319E-01
1.257229E-02,-2.2561646E-03,-6.2428070E-01
1.257556E-02,1.0894775E-04,-6.5556122E-01
1.257884E-02,-2.7252197E-04,-6.8859650E-01
1.258212E-02,2.9318237E-03,-7.1919037E-01
1.258540E-02,2.8555298E-03,-7.5199677E-01
1.258867E-02,4.6865845E-03,-7.8213287E-01
1.259195E-02,2.3214722E-03,-8.1242157E-01
1.259523E-02,5.4495239E-03,-8.4202362E-01
1.259850E-02,2.8555298E-03,-8.7299896E-01
1.260178E-02,4.3051147E-03,-9.0061737E-01
1.260506E-02,1.2533569E-03,-9.3060089E-01
1.260833E-02,1.7874146E-03,-9.5882965E-01
1.261161E-02,-1.3406372E-03,-9.8789764E-01
1.261489E-02,-3.4881592E-04,-1.0160501E+00
1.261816E-02,-3.4005737E-03,-1.0443552E+00
1.262144E-02,-2.7139282E-03,-1.0696085E+00
1.262472E-02,-6.8338013E-03,-1.0969980E+00
1.262799E-02,-6.0708618E-03,-1.1217172E+00
1.263127E-02,-1.0343323E-02,-1.1479623E+00
1.263455E-02,-1.0343323E-02,-1.1722238E+00
1.263782E-02,-1.4310608E-02,-1.1980112E+00
1.264110E-02,-1.5531311E-02,-1.2206705E+00
1.264438E-02,-2.0948181E-02,-1.2453134E+00
1.264765E-02,-2.1711121E-02,-1.2674387E+00
1.265093E-02,-2.5983582E-02,-1.2908609E+00
1.265421E-02,-2.5754700E-02,-1.3125284E+00
1.265748E-02,-3.0484924E-02,-1.3346536E+00
1.266076E-02,-3.1324158E-02,-1.3540323E+00
1.266404E-02,-3.6664734E-02,-1.3752420E+00
1.266732E-02,-3.9029846E-02,-1.3952310E+00
1.267059E-02,-4.3149719E-02,-1.4150674E+00
1.267387E-02,-4.4523010E-02,-1.4324625E+00
1.267715E-02,-4.9253235E-02,-1.4495523E+00
1.268042E-02,-5.0626526E-02,-1.4665659E+00
1.268370E-02,-5.4670105E-02,-1.4830453E+00
1.268698E-02,-5.7645569E-02,-1.4992960E+00
1.269025E-02,-6.0239563E-02,-1.5148599E+00
1.269353E-02,-6.1231384E-02,-1.5293558E+00
1.269681E-02,-6.6037903E-02,-1.5423257E+00
1.270008E-02,-6.7563782E-02,-1.5553720E+00
1.270336E-02,-7.1149597E-02,-1.5687234E+00
1.270664E-02,-7.2828064E-02,-1.5806253E+00
1.270991E-02,-7.6337585E-02,-1.5906961E+00
1.271319E-02,-7.6947937E-02,-1.6012247E+00
1.271647E-02,-7.9618225E-02,-1.6115244E+00
1.271974E-02,-8.1296692E-02,-1.6202219E+00
1.272302E-02,-8.4806213E-02,-1.6284616E+00
1.272630E-02,-8.5035095E-02,-1.6371591E+00
1.272957E-02,-8.8392029E-02,-1.6436441E+00
1.273285E-02,-8.9460144E-02,-1.6492136E+00
1.273613E-02,-9.1138611E-02,-1.6552408E+00
1.273940E-02,-9.1748962E-02,-1.6592081E+00
1.274268E-02,-9.3580017E-02,-1.6646249E+00
1.274596E-02,-9.2817078E-02,-1.6682108E+00
1.274924E-02,-9.5105896E-02,-1.6706522E+00
1.275251E-02,-9.6097717E-02,-1.6721780E+00
1.275579E-02,-9.6936951E-02,-1.6735513E+00
1.275907E-02,-9.6174011E-02,-1.6737802E+00
1.276234E-02,-9.6860657E-02,-1.6733224E+00
1.276562E-02,-9.5716248E-02,-1.6732462E+00
1.276890E-02,-9.6784363E-02,-1.6706522E+00
1.277217E-02,-9.4877014E-02,-1.6685159E+00
1.277545E-02,-9.4648132E-02,-1.6650827E+00
1.277873E-02,-9.3274841E-02,-1.6611917E+00
1.278200E-02,-9.2817078E-02,-1.6566904E+00
1.278528E-02,-9.0833435E-02,-1.6518839E+00
1.278856E-02,-8.9612732E-02,-1.6456277E+00
1.279183E-02,-8.7400208E-02,-1.6392953E+00
1.279511E-02,-8.7476501E-02,-1.6312845E+00
1.279839E-02,-8.4348450E-02,-1.6227396E+00
1.280166E-02,-8.3966980E-02,-1.6139658E+00
1.280494E-02,-8.0075989E-02,-1.6048868E+00
1.280822E-02,-7.9007874E-02,-1.5948160E+00
1.281149E-02,-7.6719055E-02,-1.5848978E+00
1.281477E-02,-7.5879822E-02,-1.5729959E+00
1.281805E-02,-7.1531067E-02,-1.5610941E+00
1.282132E-02,-7.0157776E-02,-1.5474374E+00
1.282460E-02,-6.6877136E-02,-1.5343912E+00
1.282788E-02,-6.4359436E-02,-1.5195901E+00
1.283116E-02,-6.1231384E-02,-1.5053995E+00
1.283443E-02,-5.9476624E-02,-1.4877756E+00
1.283771E-02,-5.5280457E-02,-1.4717538E+00
1.284099E-02,-5.3220520E-02,-1.4540536E+00
1.284426E-02,-5.0321350E-02,-1.4378030E+00
1.284754E-02,-4.7803650E-02,-1.4191110E+00
1.285082E-02,-4.3607483E-02,-1.4011819E+00
1.285409E-02,-4.1929016E-02,-1.3816507E+00
1.285737E-02,-3.8266907E-02,-1.3616617E+00
1.286065E-02,-3.5138855E-02,-1.3409860E+00
1.286392E-02,-3.4223328E-02,-1.3199289E+00
1.286720E-02,-3.0561218E-02,-1.2976511E+00
1.287048E-02,-2.6670227E-02,-1.2753732E+00
1.287375E-02,-2.4228821E-02,-1.2524850E+00
1.287703E-02,-2.0719299E-02,-1.2289102E+00
1.288031E-02,-1.8583069E-02,-1.2032755E+00
1.288358E-02,-1.6141663E-02,-1.1805399E+00
1.288686E-02,-1.4463196E-02,-1.1547525E+00
1.289014E-02,-1.1106262E-02,-1.1297281E+00
1.289341E-02,-9.5803833E-03,-1.1034067E+00
1.289669E-02,-6.9863892E-03,-1.0774667E+00
1.289997E-02,-5.1553345E-03,-1.0509927E+00
1.290324E-02,-4.3923950E-03,-1.0235269E+00
1.290652E-02,-2.1035767E-03,-9.9545074E-01
1.290980E-02,-1.6458130E-03,-9.6653534E-01
1.291308E-02,-9.5916748E-04,-9.3746735E-01
1.291635E-02,6.4300537E-04,-9.0908600E-01
1.291963E-02,1.2533569E-03,-8.7894989E-01
1.292291E-02,2.7029419E-03,-8.5072113E-01
1.292618E-02,2.3977661E-03,-8.1997467E-01
1.292946E-02,2.6266479E-03,-7.9006744E-01
1.293274E-02,3.6184692E-03,-7.5886322E-01
1.293601E-02,2.1688843E-03,-7.2666718E-01
1.293929E-02,1.7874146E-03,-6.9599701E-01
1.294257E-02,4.1412354E-04,-6.6570831E-01
1.294584E-02,-7.3028564E-04,-6.3244415E-01
1.294912E-02,-3.2479858E-03,-6.0001923E-01
1.295240E-02,-4.4686890E-03,-5.6675507E-01
1.295567E-02,-6.9863892E-03,-5.3356720E-01
1.295895E-02,-8.1307983E-03,-5.0022675E-01
1.296223E-02,-1.1869202E-02,-4.6749664E-01
1.296550E-02,-1.4463196E-02,-4.3339325E-01
1.296878E-02,-1.8888245E-02,-4.0012909E-01
1.297206E-02,-2.0490417E-02,-3.6480499E-01
1.297533E-02,-2.6059875E-02,-3.3047272E-01
1.297861E-02,-2.9798279E-02,-2.9606415E-01
1.298189E-02,-3.5520325E-02,-2.6249481E-01
1.298516E-02,-3.9029846E-02,-2.2656036E-01
1.298844E-02,-4.4446716E-02,-1.9245697E-01
1.299172E-02,-4.9100647E-02,-1.5789581E-01
1.299500E-02,-5.5890808E-02,-1.2432648E-01
1.299827E-02,-6.0010681E-02,-8.8773499E-02
1.300155E-02,-6.8555603E-02,-5.6043396E-02
1.300483E-02,-7.4582825E-02,-2.0414124E-02
1.300810E-02,-8.3738098E-02,1.3536682E-02
1.301138E-02,-8.8315735E-02,4.9013367E-02
1.301466E-02,-9.6555481E-02,8.3345642E-02
1.301793E-02,-1.0304047E-01,1.1981415E-01
1.302121E-02,-1.1356903E-01,1.5330719E-01
1.302449E-02,-1.1921478E-01,1.8947052E-01
1.302776E-02,-1.2959076E-01,2.2235321E-01
1.303104E-02,-1.3546539E-01,2.5737213E-01
1.303432E-02,-1.4637543E-01,2.9124664E-01
1.303759E-02,-1.5499664E-01,3.2641815E-01
1.304087E-02,-1.6636444E-01,3.5960602E-01
1.304415E-02,-1.7536713E-01,3.9462494E-01
1.304742E-02,-1.8696381E-01,4.2842316E-01
1.305070E-02,-1.9558502E-01,4.6313690E-01
1.305398E-02,-2.0710541E-01,4.9563812E-01
1.305725E-02,-2.1626068E-01,5.3004669E-01
1.306053E-02,-2.2938324E-01,5.6262421E-01
1.306381E-02,-2.3800446E-01,5.9611725E-01
1.306708E-02,-2.5021149E-01,6.2755035E-01
1.307036E-02,-2.5822235E-01,6.6165375E-01
1.307364E-02,-2.7180267E-01,6.9285797E-01
1.307692E-02,-2.8080536E-01,7.2551178E-01
1.308019E-02,-2.9530121E-01,7.5641083E-01
1.308347E-02,-3.0605865E-01,7.8914093E-01
1.308675E-02,-3.1834198E-01,8.1843781E-01
1.309002E-02,-3.2902313E-01,8.5009979E-01
1.309330E-02,-3.4153534E-01,8.7962555E-01
1.309658E-02,-3.5061432E-01,9.0922760E-01
1.309985E-02,-3.6449982E-01,9.3722748E-01
1.310313E-02,-3.7464691E-01,9.6721100E-01
1.310641E-02,-3.8860870E-01,9.9536346E-01
1.310968E-02,-3.9761139E-01,1.0239737E+00
1.311296E-02,-4.1027618E-01,1.0502188E+00
1.311624E-02,-4.2080475E-01,1.0788290E+00
1.311951E-02,-4.3186737E-01,1.1052267E+00
1.312279E-02,-4.4209076E-01,1.1320822E+00
1.312607E-02,-4.5414520E-01,1.1581747E+00
1.312934E-02,-4.6475006E-01,1.1842673E+00
1.313262E-02,-4.7665192E-01,1.2085287E+00
1.313590E-02,-4.8565460E-01,1.2345450E+00
1.313917E-02,-4.9625946E-01,1.2584250E+00
1.314245E-02,-5.0549103E-01,1.2821524E+00
1.314573E-02,-5.1670624E-01,1.3042014E+00
1.314900E-02,-5.2486969E-01,1.3272421E+00
1.315228E-02,-5.3509308E-01,1.3495963E+00
1.315556E-02,-5.4325653E-01,1.3707297E+00
1.315884E-02,-5.5172516E-01,1.3916342E+00
1.316211E-02,-5.5935455E-01,1.4115469E+00
1.316539E-02,-5.6812836E-01,1.4309256E+00
1.316867E-02,-5.7522369E-01,1.4499991E+00
1.317194E-02,-5.8292938E-01,1.4682333E+00
1.317522E-02,-5.8964325E-01,1.4864676E+00
1.317850E-02,-5.9719635E-01,1.5031760E+00
1.318177E-02,-6.0261322E-01,1.5210287E+00
1.318505E-02,-6.0947968E-01,1.5362875E+00
1.318833E-02,-6.1558319E-01,1.5512411E+00
1.319160E-02,-6.2107635E-01,1.5664236E+00
1.319488E-02,-6.2542511E-01,1.5799277E+00
1.319816E-02,-6.2985016E-01,1.5929739E+00
1.320143E-02,-6.3427521E-01,1.6064017E+00
1.320471E-02,-6.3801361E-01,1.6186087E+00
1.320799E-02,-6.4114166E-01,1.6300528E+00
1.321126E-02,-6.4434601E-01,1.6403525E+00
1.321454E-02,-6.4541412E-01,1.6496603E+00
1.321782E-02,-6.4838959E-01,1.6598074E+00
1.322109E-02,-6.4999176E-01,1.6681235E+00
1.322437E-02,-6.5029694E-01,1.6761343E+00
1.322765E-02,-6.4961029E-01,1.6826956E+00
1.323092E-02,-6.5060211E-01,1.6900198E+00
1.323420E-02,-6.4930511E-01,1.6962759E+00
1.323748E-02,-6.5037323E-01,1.7010825E+00
1.324076E-02,-6.4838959E-01,1.7047446E+00
1.324403E-02,-6.4671112E-01,1.7078726E+00
1.324731E-02,-6.4388824E-01,1.7113821E+00
1.325059E-02,-6.4060760E-01,1.7129080E+00
1.325386E-02,-6.3778473E-01,1.7148917E+00
1.325714E-02,-6.3473297E-01,1.7148917E+00
1.326042E-02,-6.3030792E-01,1.7155020E+00
1.326369E-02,-6.2634064E-01,1.7145102E+00
1.326697E-02,-6.2084747E-01,1.7136710E+00
1.327025E-02,-6.1581207E-01,1.7113821E+00
1.327352E-02,-6.1085297E-01,1.7089407E+00
1.327680E-02,-6.0505463E-01,1.7051260E+00
1.328008E-02,-5.9727264E-01,1.7004721E+00
1.328335E-02,-5.9139801E-01,1.6958945E+00
1.328663E-02,-5.8323456E-01,1.6909354E+00
1.328991E-02,-5.7514740E-01,1.6847556E+00
1.329318E-02,-5.6889130E-01,1.6770499E+00
1.329646E-02,-5.5965973E-01,1.6696494E+00
1.329974E-02,-5.5096222E-01,1.6611044E+00
1.330301E-02,-5.4203583E-01,1.6521017E+00
1.330629E-02,-5.3295685E-01,1.6422598E+00
1.330957E-02,-5.2303864E-01,1.6320364E+00
1.331284E-02,-5.1327301E-01,1.6210501E+00
1.331612E-02,-5.0243927E-01,1.6088431E+00
1.331940E-02,-4.9206329E-01,1.5969412E+00
1.332268E-02,-4.8183990E-01,1.5838950E+00
1.332595E-02,-4.7108246E-01,1.5697043E+00
1.332923E-02,-4.5887543E-01,1.5567343E+00
1.333251E-02,-4.4720245E-01,1.5410178E+00
1.333578E-02,-4.3491913E-01,1.5254538E+00
1.333906E-02,-4.2347504E-01,1.5085928E+00
1.334234E-02,-4.1111542E-01,1.4910452E+00
1.334561E-02,-3.9875580E-01,1.4736502E+00
1.334889E-02,-3.8654877E-01,1.4554922E+00
1.335217E-02,-3.7357880E-01,1.4373343E+00
1.335544E-02,-3.6076141E-01,1.4185660E+00
1.335872E-02,-3.4901215E-01,1.3973563E+00
1.336200E-02,-3.3505035E-01,1.3768332E+00
1.336527E-02,-3.2337738E-01,1.3560049E+00
1.336855E-02,-3.0972076E-01,1.3338034E+00
1.337183E-02,-2.9736115E-01,1.3103812E+00
1.337510E-02,-2.8370453E-01,1.2883322E+00
1.337838E-02,-2.7142120E-01,1.2647574E+00
1.338166E-02,-2.5837494E-01,1.2412589E+00
1.338493E-02,-2.4654938E-01,1.2160818E+00
1.338821E-02,-2.3357941E-01,1.1921255E+00
1.339149E-02,-2.2083832E-01,1.1655753E+00
1.339476E-02,-2.0756317E-01,1.1407034E+00
1.339804E-02,-1.9650055E-01,1.1140768E+00
1.340132E-02,-1.8360687E-01,1.0871451E+00
1.340460E-02,-1.7162872E-01,1.0591452E+00
1.340787E-02,-1.5858246E-01,1.0316031E+00
1.341115E-02,-1.4835907E-01,1.0041373E+00
1.341443E-02,-1.3493134E-01,9.7552704E-01
1.341770E-02,-1.2516571E-01,9.4661163E-01
1.342098E-02,-1.1166168E-01,9.1754364E-01
1.342426E-02,-1.0258270E-01,8.8725494E-01
1.342753E-02,-8.9841614E-02,8.5780548E-01
1.343081E-02,-7.9999695E-02,8.2675385E-01
1.343409E-02,-6.9242249E-02,7.9692291E-01
1.343736E-02,-6.0544739E-02,7.6594757E-01
1.344064E-02,-4.8719177E-02,7.3527740E-01
1.344392E-02,-3.9716492E-02,7.0231842E-01
1.344719E-02,-2.9264221E-02,6.7042755E-01
1.345047E-02,-2.1024475E-02,6.3815521E-01
1.345375E-02,-1.0724792E-02,6.0649323E-01
1.345702E-02,-4.4686890E-03,5.7383942E-01
1.346030E-02,4.9917603E-03,5.4156708E-01
1.346358E-02,1.1476746E-02,5.0715851E-01
1.346685E-02,1.9640198E-02,4.7442841E-01
1.347013E-02,2.5514832E-02,4.4001984E-01
1.347341E-02,3.4136047E-02,4.0606903E-01
1.347668E-02,3.8942566E-02,3.7211823E-01
1.347996E-02,4.7182312E-02,3.3839630E-01
1.348324E-02,5.1302185E-02,3.0299591E-01
1.348652E-02,5.8855286E-02,2.6957916E-01
1.348979E-02,6.2212219E-02,2.3456024E-01
1.349307E-02,6.8086853E-02,2.0137238E-01
1.349635E-02,7.0680847E-02,1.6627716E-01
1.349962E-02,7.8081360E-02,1.3255524E-01
1.350290E-02,7.9073181E-02,9.7002258E-02
1.350618E-02,8.4413757E-02,6.2975159E-02
1.350945E-02,8.6015930E-02,2.6811829E-02
1.351273E-02,9.0898743E-02,-5.7656860E-03
1.351601E-02,8.9449158E-02,-4.2157898E-02
1.351928E-02,9.5018616E-02,-7.5879822E-02
1.352256E-02,9.4103088E-02,-1.1097504E-01
1.352584E-02,9.7154846E-02,-1.4431549E-01
1.352911E-02,9.6849670E-02,-1.7963959E-01
1.353239E-02,1.0005402E-01,-2.1503998E-01
1.353567E-02,9.8070374E-02,-2.4929596E-01
1.353894E-02,1.0051178E-01,-2.8301788E-01
1.354222E-02,9.7460022E-02,-3.1895233E-01
1.354550E-02,9.9901428E-02,-3.5259796E-01
1.354877E-02,9.6773376E-02,-3.8799835E-01
1.355205E-02,9.7688904E-02,-4.2042328E-01
1.355533E-02,9.2806091E-02,-4.5475555E-01
1.355860E-02,9.2653503E-02,-4.8718048E-01
1.356188E-02,8.9754333E-02,-5.2143646E-01
1.356516E-02,8.7999573E-02,-5.5454803E-01
1.356844E-02,8.4871521E-02,-5.8651520E-01
1.357171E-02,8.3879700E-02,-6.1901642E-01
1.357499E-02,8.0751648E-02,-6.5159393E-01
1.357827E-02,7.7776184E-02,-6.8295074E-01
1.358154E-02,7.3732605E-02,-7.1468903E-01
1.358482E-02,7.1596375E-02,-7.4627472E-01
1.358810E-02,6.7247620E-02,-7.7793671E-01
1.359137E-02,6.4577332E-02,-8.0860687E-01
1.359465E-02,5.9618225E-02,-8.3851410E-01
1.359793E-02,5.6032410E-02,-8.6720062E-01
1.360120E-02,5.1912537E-02,-8.9710785E-01
1.360448E-02,4.7716370E-02,-9.2541290E-01
1.360776E-02,4.3367615E-02,-9.5440460E-01
1.361103E-02,3.8332214E-02,-9.8293854E-01
1.361431E-02,3.3754578E-02,-1.0107858E+00
1.361759E-02,2.9710999E-02,-1.0390146E+00
1.362086E-02,2.4751892E-02,-1.0662515E+00
1.362414E-02,2.0479431E-02,-1.0939462E+00
1.362742E-02,1.6283264E-02,-1.1191995E+00
1.363069E-02,1.1705627E-02,-1.1452158E+00
1.363397E-02,5.4495239E-03,-1.1700113E+00
1.363725E-02,1.7111206E-03,-1.1940439E+00
1.364052E-02,-2.2561646E-03,-1.2186868E+00
1.364380E-02,-6.3760376E-03,-1.2424142E+00
1.364708E-02,-1.1640320E-02,-1.2651498E+00
1.365036E-02,-1.5607605E-02,-1.2874277E+00
1.365363E-02,-1.9880066E-02,-1.3097055E+00
1.365691E-02,-2.3999939E-02,-1.3306100E+00
1.366019E-02,-2.9340515E-02,-1.3513620E+00
1.366346E-02,-3.2850037E-02,-1.3723428E+00
1.366674E-02,-3.7198792E-02,-1.3917215E+00
1.367002E-02,-3.9945374E-02,-1.4109476E+00
1.367329E-02,-4.3607483E-02,-1.4297922E+00
1.367657E-02,-4.7574768E-02,-1.4474161E+00
1.367985E-02,-5.1465759E-02,-1.4638956E+00
1.368312E-02,-5.4517517E-02,-1.4813669E+00
1.368640E-02,-5.8637390E-02,-1.4981516E+00
1.368968E-02,-5.9858093E-02,-1.5134866E+00
1.369295E-02,-6.4740906E-02,-1.5273721E+00
1.369623E-02,-6.5809021E-02,-1.5416391E+00
1.369951E-02,-6.9547424E-02,-1.5542276E+00
1.370278E-02,-7.1149597E-02,-1.5676553E+00
1.370606E-02,-7.4201355E-02,-1.5788705E+00
1.370934E-02,-7.5727234E-02,-1.5906198E+00
1.371261E-02,-7.8016052E-02,-1.6004617E+00
1.371589E-02,-7.8168640E-02,-1.6115244E+00
1.371917E-02,-8.0228577E-02,-1.6202219E+00
1.372244E-02,-8.1601868E-02,-1.6283853E+00
1.372572E-02,-8.4195862E-02,-1.6359384E+00
1.372900E-02,-8.4043274E-02,-1.6429575E+00
1.373228E-02,-8.5035095E-02,-1.6496713E+00
1.373555E-02,-8.5416565E-02,-1.6548593E+00
1.373883E-02,-8.6179504E-02,-1.6592081E+00
1.374211E-02,-8.6179504E-02,-1.6640146E+00
1.374538E-02,-8.7018738E-02,-1.6670663E+00
1.374866E-02,-8.5721741E-02,-1.6703470E+00
1.375194E-02,-8.6942444E-02,-1.6724832E+00
1.375521E-02,-8.6179504E-02,-1.6739328E+00
1.375849E-02,-8.5721741E-02,-1.6743143E+00
1.376177E-02,-8.5340271E-02,-1.6744669E+00
1.376504E-02,-8.5111389E-02,-1.6721780E+00
1.376832E-02,-8.3280334E-02,-1.6717203E+00
1.377160E-02,-8.1830750E-02,-1.6691263E+00
1.377487E-02,-8.0457458E-02,-1.6663034E+00
1.377815E-02,-7.9084167E-02,-1.6623361E+00
1.378143E-02,-7.7939758E-02,-1.6574533E+00
1.378470E-02,-7.6871643E-02,-1.6521890E+00
1.378798E-02,-7.5956116E-02,-1.6466959E+00
1.379126E-02,-7.4201355E-02,-1.6397531E+00
1.379453E-02,-7.3285828E-02,-1.6334207E+00
1.379781E-02,-7.0997009E-02,-1.6247232E+00
1.380109E-02,-7.0081482E-02,-1.6167123E+00
1.380436E-02,-6.6953430E-02,-1.6068704E+00
1.380764E-02,-6.6114197E-02,-1.5969522E+00
1.381092E-02,-6.3901672E-02,-1.5858133E+00
1.381420E-02,-6.0163269E-02,-1.5746744E+00
1.381747E-02,-5.9171448E-02,-1.5608652E+00
1.382075E-02,-5.7340393E-02,-1.5486581E+00
1.382403E-02,-5.5280457E-02,-1.5354593E+00
1.382730E-02,-5.4517517E-02,-1.5215738E+00
1.383058E-02,-5.3220520E-02,-1.5053232E+00
1.383386E-02,-5.1160583E-02,-1.4911325E+00
1.383713E-02,-4.8642883E-02,-1.4745767E+00
1.384041E-02,-4.8337708E-02,-1.4580972E+00
1.384369E-02,-4.7117004E-02,-1.4403970E+00
1.384696E-02,-4.5133362E-02,-1.4225443E+00
1.385024E-02,-4.3454895E-02,-1.4043863E+00
1.385352E-02,-4.3454895E-02,-1.3855417E+00
1.385679E-02,-4.1089783E-02,-1.3641031E+00
1.386007E-02,-4.2005310E-02,-1.3438852E+00
1.386335E-02,-3.8953552E-02,-1.3219888E+00
1.386662E-02,-3.9182434E-02,-1.3019235E+00
1.386990E-02,-3.8114319E-02,-1.2778909E+00
1.387318E-02,-3.9335022E-02,-1.2554605E+00
1.387645E-02,-3.7732849E-02,-1.2317331E+00
1.387973E-02,-4.0479431E-02,-1.2087686E+00
1.388301E-02,-3.9487610E-02,-1.1832101E+00
1.388628E-02,-4.1852722E-02,-1.1598642E+00
1.388956E-02,-4.1089783E-02,-1.1330850E+00
1.389284E-02,-4.2920837E-02,-1.1081369E+00
1.389612E-02,-4.2157898E-02,-1.0811288E+00
1.389939E-02,-4.5896301E-02,-1.0557230E+00
1.390267E-02,-4.6048889E-02,-1.0271890E+00
1.390595E-02,-4.9024353E-02,-1.0002573E+00
1.390922E-02,-5.0550232E-02,-9.7019745E-01
1.391250E-02,-5.4288635E-02,-9.4196869E-01
1.391578E-02,-5.5204163E-02,-9.1274811E-01
1.391905E-02,-5.9552917E-02,-8.8482452E-01
1.392233E-02,-6.1994324E-02,-8.5484100E-01
1.392561E-02,-6.6114197E-02,-8.2569672E-01
1.392888E-02,-6.7258606E-02,-7.9495026E-01
1.393216E-02,-7.3819885E-02,-7.6389862E-01
1.393544E-02,-7.6566467E-02,-7.3322845E-01
1.393871E-02,-8.2975159E-02,-7.0232941E-01
1.394199E-02,-8.6179504E-02,-6.6921783E-01
1.394527E-02,-9.3274841E-02,-6.3786102E-01
1.394854E-02,-9.6097717E-02,-6.0406281E-01
1.395182E-02,-1.0319305E-01,-5.7262970E-01
1.395510E-02,-1.0777069E-01,-5.3867889E-01
1.395837E-02,-1.1578156E-01,-5.0549103E-01
1.396165E-02,-1.1951996E-01,-4.7268463E-01
1.396493E-02,-1.2783600E-01,-4.4018341E-01
1.396820E-02,-1.3271881E-01,-4.0562225E-01
1.397148E-02,-1.4195038E-01,-3.7220551E-01
1.397476E-02,-1.4744354E-01,-3.3695770E-01
1.397804E-02,-1.5682770E-01,-3.0323578E-01
1.398131E-02,-1.6308380E-01,-2.6814056E-01
1.398459E-02,-1.7345978E-01,-2.3502899E-01
1.398787E-02,-1.7925812E-01,-1.9863678E-01
1.399114E-02,-1.8993927E-01,-1.6445709E-01
1.399442E-02,-1.9733978E-01,-1.2989594E-01
1.399770E-02,-2.0901276E-01,-9.5182190E-02
1.400097E-02,-2.1603180E-01,-6.0697327E-02
1.400425E-02,-2.2556854E-01,-2.6593933E-02
1.400753E-02,-2.3289276E-01,8.7301636E-03
1.401080E-02,-2.4418427E-01,4.2223206E-02
1.401408E-02,-2.5135590E-01,7.7471008E-02
1.401736E-02,-2.6241852E-01,1.1256622E-01
1.402063E-02,-2.7035309E-01,1.4827179E-01
1.402391E-02,-2.8141571E-01,1.8199371E-01
1.402719E-02,-2.9018951E-01,2.1670746E-01
1.403046E-02,-3.0094696E-01,2.5081085E-01
1.403374E-02,-3.1025482E-01,2.8552460E-01
1.403702E-02,-3.2177521E-01,3.1970428E-01
1.404029E-02,-3.3062531E-01,3.5434174E-01
1.404357E-02,-3.4100128E-01,3.8806366E-01
1.404685E-02,-3.4939362E-01,4.2216705E-01
1.405012E-02,-3.6015106E-01,4.5642303E-01
1.405340E-02,-3.6900116E-01,4.9006866E-01
1.405668E-02,-3.8036896E-01,5.2287506E-01
1.405996E-02,-3.8822723E-01,5.5659698E-01
1.406323E-02,-3.9928986E-01,5.8970856E-01
1.406651E-02,-4.0867401E-01,6.2236237E-01
1.406979E-02,-4.1874481E-01,6.5539764E-01
1.407306E-02,-4.2744232E-01,6.8828033E-01
1.407634E-02,-4.3690277E-01,7.2001862E-01
1.407962E-02,-4.4529510E-01,7.5183319E-01
1.408289E-02,-4.5361115E-01,7.8326630E-01
1.408617E-02,-4.6261383E-01,8.1401276E-01
1.408945E-02,-4.7192169E-01,8.4422516E-01
1.409272E-02,-4.7916962E-01,8.7481903E-01
1.409600E-02,-4.8840118E-01,9.0457367E-01
1.409928E-02,-4.9458099E-01,9.3341278E-01
1.410255E-02,-5.0259186E-01,9.6309113E-01
1.410583E-02,-5.0976349E-01,9.9147247E-01
1.410911E-02,-5.1685883E-01,1.0194724E+00
1.411238E-02,-5.2235199E-01,1.0474722E+00
1.411566E-02,-5.2898956E-01,1.0747855E+00
1.411894E-02,-5.3494049E-01,1.1019461E+00
1.412221E-02,-5.4173065E-01,1.1284964E+00
1.412549E-02,-5.4646088E-01,1.1544363E+00
1.412877E-02,-5.5141998E-01,1.1804526E+00
1.413204E-02,-5.5470062E-01,1.2062399E+00
1.413532E-02,-5.6011749E-01,1.2305777E+00
1.413860E-02,-5.6301666E-01,1.2546866E+00
1.414188E-02,-5.6675507E-01,1.2785666E+00
1.414515E-02,-5.6912018E-01,1.3016074E+00
1.414843E-02,-5.7163788E-01,1.3238089E+00
1.415171E-02,-5.7369781E-01,1.3455527E+00
1.415498E-02,-5.7606293E-01,1.3668387E+00
1.415826E-02,-5.7652069E-01,1.3887350E+00
1.416154E-02,-5.7690216E-01,1.4085715E+00
1.416481E-02,-5.7873322E-01,1.4280264E+00
1.416809E-02,-5.7873322E-01,1.4476340E+00
1.417137E-02,-5.7896210E-01,1.4657919E+00
1.417464E-02,-5.7735992E-01,1.4843314E+00
1.417792E-02,-5.7606293E-01,1.5005820E+00
1.418120E-02,-5.7552887E-01,1.5179770E+00
1.418447E-02,-5.7346893E-01,1.5342276E+00
1.418775E-02,-5.7079865E-01,1.5493338E+00
1.419103E-02,-5.6728912E-01,1.5640585E+00
1.419430E-02,-5.6278778E-01,1.5781729E+00
1.419758E-02,-5.5973602E-01,1.5923636E+00
1.420086E-02,-5.5592133E-01,1.6051810E+00
1.420413E-02,-5.5058075E-01,1.6163199E+00
1.420741E-02,-5.4546906E-01,1.6279929E+00
1.421069E-02,-5.4112030E-01,1.6385977E+00
1.421396E-02,-5.3371979E-01,1.6488974E+00
1.421724E-02,-5.2807404E-01,1.6575186E+00
1.422052E-02,-5.2082611E-01,1.6669028E+00
1.422380E-02,-5.1441742E-01,1.6746848E+00
1.422707E-02,-5.0587250E-01,1.6820090E+00
1.423035E-02,-4.9755646E-01,1.6879599E+00
1.423363E-02,-4.8893524E-01,1.6946738E+00
1.423690E-02,-4.8100067E-01,1.7002432E+00
1.424018E-02,-4.7070099E-01,1.7042868E+00
1.424346E-02,-4.6093536E-01,1.7090933E+00
1.424673E-02,-4.5178009E-01,1.7126028E+00
1.425001E-02,-4.4178558E-01,1.7142050E+00
1.425329E-02,-4.3087555E-01,1.7161887E+00
1.425656E-02,-4.2049957E-01,1.7159598E+00
1.425984E-02,-4.0875031E-01,1.7160361E+00
1.426312E-02,-3.9791656E-01,1.7155783E+00
1.426639E-02,-3.8563324E-01,1.7146628E+00
1.426967E-02,-3.7441803E-01,1.7124503E+00
1.427295E-02,-3.6175323E-01,1.7110007E+00
1.427622E-02,-3.5099579E-01,1.7071097E+00
1.427950E-02,-3.3695770E-01,1.7039816E+00
1.428278E-02,-3.2505585E-01,1.6986411E+00
1.428605E-02,-3.1071259E-01,1.6920798E+00
1.428933E-02,-2.9896332E-01,1.6865103E+00
1.429261E-02,-2.8469635E-01,1.6801016E+00
1.429588E-02,-2.7256561E-01,1.6723959E+00
1.429916E-02,-2.5768829E-01,1.6646902E+00
1.430244E-02,-2.4563385E-01,1.6546194E+00
1.430572E-02,-2.3045135E-01,1.6458456E+00
1.430899E-02,-2.1900726E-01,1.6355460E+00
1.431227E-02,-2.0420624E-01,1.6250937E+00
1.431555E-02,-1.9108368E-01,1.6122000E+00
1.431882E-02,-1.7574860E-01,1.6007559E+00
1.432210E-02,-1.6422821E-01,1.5876334E+00
1.432538E-02,-1.4797760E-01,1.5742056E+00
1.432865E-02,-1.3630463E-01,1.5594046E+00
1.433193E-02,-1.2051178E-01,1.5446036E+00
1.433521E-02,-1.0975433E-01,1.5284293E+00
1.433848E-02,-9.4648132E-02,1.5129416E+00
1.434176E-02,-8.2746277E-02,1.4951651E+00
1.434504E-02,-6.7029724E-02,1.4776175E+00
1.434831E-02,-5.5661926E-02,1.4584677E+00
1.435159E-02,-4.0860901E-02,1.4408438E+00
1.435487E-02,-3.0637512E-02,1.4215414E+00
1.435814E-02,-1.5455017E-02,1.4028494E+00
1.436142E-02,-5.9945679E-03,1.3813345E+00
1.436470E-02,8.9590454E-03,1.3608878E+00
1.436797E-02,1.8724670E-02,1.3383047E+00
1.437125E-02,3.1084290E-02,1.3176291E+00
1.437453E-02,4.0926208E-02,1.2936728E+00
1.437780E-02,5.4735413E-02,1.2708609E+00
1.438108E-02,6.2975159E-02,1.2457602E+00
1.438436E-02,7.5182190E-02,1.2218802E+00
1.438764E-02,8.3574524E-02,1.1965506E+00
1.439091E-02,9.7383728E-02,1.1719839E+00
1.439419E-02,1.0348724E-01,1.1455099E+00
1.439747E-02,1.1607574E-01,1.1200278E+00
1.440074E-02,1.2362885E-01,1.0924857E+00
1.440402E-02,1.3354706E-01,1.0654013E+00
1.440730E-02,1.4110016E-01,1.0376303E+00
1.441057E-02,1.5033173E-01,1.0113852E+00
1.441385E-02,1.5506195E-01,9.8185944E-01
1.441713E-02,1.6391205E-01,9.5294403E-01
1.442040E-02,1.6932892E-01,9.2288422E-01
1.442368E-02,1.7718719E-01,8.9518951E-01
1.442696E-02,1.8115448E-01,8.6413788E-01
1.443023E-02,1.8824982E-01,8.3499359E-01
1.443351E-02,1.9320892E-01,8.0348419E-01
1.443679E-02,1.9961761E-01,7.7334808E-01
1.444006E-02,2.0320343E-01,7.4038910E-01
1.444334E-02,2.0770477E-01,7.0865082E-01
1.444662E-02,2.1037506E-01,6.7653107E-01
1.444989E-02,2.1480011E-01,6.4532684E-01
1.445317E-02,2.1686005E-01,6.1183380E-01
1.445645E-02,2.2082733E-01,5.7979034E-01
1.445972E-02,2.2166656E-01,5.4599213E-01
1.446300E-02,2.2525238E-01,5.1295685E-01
1.446628E-02,2.2586273E-01,4.7954010E-01
1.446956E-02,2.2731232E-01,4.4635223E-01
1.447283E-02,2.2792267E-01,4.1194366E-01
1.447611E-02,2.2944855E-01,3.7898468E-01
1.447939E-02,2.2853302E-01,3.4427094E-01
1.448266E-02,2.2838043E-01,3.1093048E-01
1.448594E-02,2.2777008E-01,2.7598785E-01
1.448922E-02,2.2693085E-01,2.4211334E-01
1.449249E-02,2.2563385E-01,2.0755219E-01
1.449577E-02,2.2426056E-01,1.7291473E-01
1.449905E-02,2.2288727E-01,1.3835358E-01
1.450232E-02,2.2006439E-01,1.0379242E-01
1.450560E-02,2.1739410E-01,6.8544617E-02
1.450888E-02,2.1640228E-01,3.3983459E-02
1.451215E-02,2.1197723E-01,-8.8287354E-04
1.451543E-02,2.0907806E-01,-3.4909973E-02
1.451871E-02,2.0450043E-01,-6.8631897E-02
1.452198E-02,2.0083832E-01,-1.0372711E-01
1.452526E-02,1.9725250E-01,-1.3889862E-01
1.452854E-02,1.9267487E-01,-1.7246796E-01
1.453181E-02,1.8763947E-01,-2.0748688E-01
1.453509E-02,1.8382477E-01,-2.4235321E-01
1.453837E-02,1.7810272E-01,-2.7691437E-01
1.454164E-02,1.7314362E-01,-3.1063629E-01
1.454492E-02,1.6757416E-01,-3.4527374E-01
1.454820E-02,1.6253876E-01,-3.7968231E-01
1.455148E-02,1.5704559E-01,-4.1348053E-01
1.455475E-02,1.5162872E-01,-4.4735504E-01
1.455803E-02,1.4598297E-01,-4.8092438E-01
1.456131E-02,1.3987946E-01,-5.1395966E-01
1.456458E-02,1.3438629E-01,-5.4760529E-01
1.456786E-02,1.2851166E-01,-5.8079315E-01
1.457114E-02,1.2202667E-01,-6.1329437E-01
1.457441E-02,1.1622833E-01,-6.4457489E-01
1.457769E-02,1.0821747E-01,-6.7745758E-01
1.458097E-02,1.0302948E-01,-7.0881439E-01
1.458424E-02,9.5705261E-02,-7.3956085E-01
1.458752E-02,8.9449158E-02,-7.7152802E-01
1.459080E-02,8.2048645E-02,-8.0235077E-01
1.459407E-02,7.5868835E-02,-8.3332611E-01
1.459735E-02,6.9994202E-02,-8.6193634E-01
1.460063E-02,6.4577332E-02,-8.9146210E-01
1.460390E-02,5.7024231E-02,-9.1969086E-01
1.460718E-02,5.2141418E-02,-9.4914032E-01
1.461046E-02,4.5809021E-02,-9.7714020E-01
1.461373E-02,3.9934387E-02,-1.0063608E+00
1.461701E-02,3.3220520E-02,-1.0342081E+00
1.462029E-02,2.7879944E-02,-1.0614450E+00
1.462356E-02,2.1852722E-02,-1.0878427E+00
1.462684E-02,1.6969910E-02,-1.1143167E+00
1.463012E-02,1.1018982E-02,-1.1392648E+00
1.463340E-02,6.5176392E-03,-1.1648233E+00
1.463667E-02,1.1007690E-03,-1.1899240E+00
1.463995E-02,-3.6294556E-03,-1.2145670E+00
1.464323E-02,-9.1226196E-03,-1.2378366E+00
1.464650E-02,-1.3318787E-02,-1.2614114E+00
1.464978E-02,-1.8506775E-02,-1.2840707E+00
1.465306E-02,-2.2397766E-02,-1.3055856E+00
1.465633E-02,-2.4762878E-02,-1.3271005E+00
1.465961E-02,-2.8882751E-02,-1.3480051E+00
1.466289E-02,-3.2392273E-02,-1.3684518E+00
1.466616E-02,-3.6512146E-02,-1.3889749E+00
1.466944E-02,-3.8648376E-02,-1.4081247E+00
1.467272E-02,-4.1852722E-02,-1.4268167E+00
1.467599E-02,-4.4828186E-02,-1.4439828E+00
1.467927E-02,-4.8032532E-02,-1.4612253E+00
1.468255E-02,-5.0550232E-02,-1.4776285E+00
1.468582E-02,-5.2076111E-02,-1.4945657E+00
1.468910E-02,-5.4822693E-02,-1.5104349E+00
1.469238E-02,-5.5814514E-02,-1.5250833E+00
1.469565E-02,-5.7569275E-02,-1.5383585E+00
1.469893E-02,-5.9018860E-02,-1.5525491E+00
1.470221E-02,-6.0010681E-02,-1.5645273E+00
1.470548E-02,-6.1918030E-02,-1.5765817E+00
1.470876E-02,-6.1612854E-02,-1.5864999E+00
1.471204E-02,-6.3138733E-02,-1.5987833E+00
1.471532E-02,-6.4359436E-02,-1.6080148E+00
1.471859E-02,-6.5122375E-02,-1.6188486E+00
1.472187E-02,-6.4817200E-02,-1.6267068E+00
1.472515E-02,-6.6266785E-02,-1.6350229E+00
1.472842E-02,-6.4740906E-02,-1.6418893E+00
1.473170E-02,-6.5656433E-02,-1.6488321E+00
1.473498E-02,-6.4435730E-02,-1.6534860E+00
1.473825E-02,-6.4130554E-02,-1.6592081E+00
1.474153E-02,-6.2757263E-02,-1.6633279E+00
1.474481E-02,-6.3443909E-02,-1.6671426E+00
1.474808E-02,-6.1612854E-02,-1.6695078E+00
1.475136E-02,-6.1765442E-02,-1.6719492E+00
1.475464E-02,-5.9476624E-02,-1.6730173E+00
1.475791E-02,-5.9324036E-02,-1.6736276E+00
1.476119E-02,-5.8332214E-02,-1.6727884E+00
1.476447E-02,-5.8103333E-02,-1.6740091E+00
1.476774E-02,-5.5814514E-02,-1.6714151E+00
1.477102E-02,-5.5738220E-02,-1.6694315E+00
1.477430E-02,-5.2762756E-02,-1.6663797E+00
1.477757E-02,-5.3754578E-02,-1.6627176E+00
1.478085E-02,-5.0855408E-02,-1.6586740E+00
1.478413E-02,-5.0473938E-02,-1.6539438E+00
1.478740E-02,-4.9024353E-02,-1.6468484E+00
1.479068E-02,-4.8642883E-02,-1.6421182E+00
1.479396E-02,-4.5438538E-02,-1.6334970E+00
1.479724E-02,-4.5438538E-02,-1.6270120E+00
1.480051E-02,-4.3836365E-02,-1.6180856E+00
1.480379E-02,-4.4141541E-02,-1.6098459E+00
1.480707E-02,-4.1471252E-02,-1.5983255E+00
1.481034E-02,-4.1929016E-02,-1.5884836E+00
1.481362E-02,-4.0097961E-02,-1.5759714E+00
1.481690E-02,-4.1242371E-02,-1.5643747E+00
1.482017E-02,-3.9640198E-02,-1.5512521E+00
1.482345E-02,-4.1318665E-02,-1.5388162E+00
1.482673E-02,-3.7351379E-02,-1.5237863E+00
1.483000E-02,-4.0555725E-02,-1.5098245E+00
1.483328E-02,-3.8266907E-02,-1.4940317E+00
1.483656E-02,-4.1471252E-02,-1.4780099E+00
1.483983E-02,-3.8800964E-02,-1.4600809E+00
1.484311E-02,-4.2234192E-02,-1.4445932E+00
1.484639E-02,-3.9563904E-02,-1.4255960E+00
1.484966E-02,-4.3378601E-02,-1.4081247E+00
1.485294E-02,-4.2081604E-02,-1.3873727E+00
1.485622E-02,-4.5514832E-02,-1.3689096E+00
1.485949E-02,-4.5057068E-02,-1.3479288E+00
1.486277E-02,-4.9253235E-02,-1.3275583E+00
1.486605E-02,-4.9482117E-02,-1.3048227E+00
1.486932E-02,-5.2610168E-02,-1.2831552E+00
1.487260E-02,-5.3449402E-02,-1.2599619E+00
1.487588E-02,-5.8332214E-02,-1.2376077E+00
1.487916E-02,-5.8942566E-02,-1.2128122E+00
1.488243E-02,-6.3596497E-02,-1.1891611E+00
1.488571E-02,-6.5809021E-02,-1.1636789E+00
1.488899E-02,-7.1378479E-02,-1.1384256E+00
1.489226E-02,-7.3133240E-02,-1.1127145E+00
1.489554E-02,-7.8855286E-02,-1.0873849E+00
1.489882E-02,-8.1601868E-02,-1.0597665E+00
1.490209E-02,-8.6942444E-02,-1.0333688E+00
1.490537E-02,-9.0375671E-02,-1.0055978E+00
1.490865E-02,-9.5258484E-02,-9.7714020E-01
1.491192E-02,-1.0021759E-01,-9.4753815E-01
1.491520E-02,-1.0670258E-01,-9.1862274E-01
1.491848E-02,-1.1135651E-01,-8.8970734E-01
1.492175E-02,-1.1654449E-01,-8.6094452E-01
1.492503E-02,-1.2272430E-01,-8.3080841E-01
1.492831E-02,-1.2974335E-01,-8.0090118E-01
1.493158E-02,-1.3538910E-01,-7.7038361E-01
1.493486E-02,-1.4210297E-01,-7.3856903E-01
1.493814E-02,-1.4828278E-01,-7.0744110E-01
1.494141E-02,-1.5499664E-01,-6.7539764E-01
1.494469E-02,-1.6087128E-01,-6.4274384E-01
1.494797E-02,-1.6972137E-01,-6.1009003E-01
1.495124E-02,-1.7643524E-01,-5.7873322E-01
1.495452E-02,-1.8436981E-01,-5.4592682E-01
1.495780E-02,-1.9222809E-01,-5.1220490E-01
1.496108E-02,-2.0084930E-01,-4.7863556E-01
1.496435E-02,-2.0710541E-01,-4.4537140E-01
1.496763E-02,-2.1572662E-01,-4.1172577E-01
1.497091E-02,-2.2389008E-01,-3.7693573E-01
1.497418E-02,-2.3212982E-01,-3.4267975E-01
1.497746E-02,-2.3953033E-01,-3.0819489E-01
1.498074E-02,-2.4784637E-01,-2.7401520E-01
1.498401E-02,-2.5539948E-01,-2.3914886E-01
1.498729E-02,-2.6394440E-01,-2.0420624E-01
1.499057E-02,-2.6997162E-01,-1.7002655E-01
1.499384E-02,-2.7950836E-01,-1.3569427E-01
1.499712E-02,-2.8637482E-01,-1.0029388E-01
1.500040E-02,-2.9568268E-01,-6.6724548E-02
1.500367E-02,-3.0186249E-01,-3.1247864E-02
1.500695E-02,-3.1155182E-01,3.3132935E-03
1.501023E-02,-3.1765533E-01,3.8561096E-02
1.501350E-02,-3.2681061E-01,7.3045959E-02
1.501678E-02,-3.3382965E-01,1.0775970E-01
1.502006E-02,-3.4351898E-01,1.4216827E-01
1.502333E-02,-3.5015656E-01,1.7665314E-01
1.502661E-02,-3.5732819E-01,2.1052765E-01
1.502989E-02,-3.6320282E-01,2.4440216E-01
1.503316E-02,-3.7121368E-01,2.8033661E-01
1.503644E-02,-3.7716461E-01,3.1421112E-01
1.503972E-02,-3.8494659E-01,3.4846710E-01
1.504300E-02,-3.9089752E-01,3.8196014E-01
1.504627E-02,-3.9806915E-01,4.1705536E-01
1.504955E-02,-4.0257050E-01,4.5062469E-01
1.505283E-02,-4.1042877E-01,4.8480438E-01
1.505610E-02,-4.1515900E-01,5.1799225E-01
1.505938E-02,-4.1996552E-01,5.5133270E-01
1.506266E-02,-4.2416168E-01,5.8322357E-01
1.506593E-02,-4.2934967E-01,6.1694550E-01
1.506921E-02,-4.3217255E-01,6.4906525E-01
1.507249E-02,-4.3629242E-01,6.8095612E-01
1.507576E-02,-4.3896271E-01,7.1216034E-01
1.507904E-02,-4.4277740E-01,7.4466156E-01
1.508232E-02,-4.4529510E-01,7.7647614E-01
1.508559E-02,-4.4773651E-01,8.0752777E-01
1.508887E-02,-4.4964386E-01,8.3827423E-01
1.509215E-02,-4.5116974E-01,8.6955475E-01
1.509542E-02,-4.5254303E-01,8.9808868E-01
1.509870E-02,-4.5330597E-01,9.2799591E-01
1.510198E-02,-4.5437408E-01,9.5729279E-01
1.510525E-02,-4.5475555E-01,9.8666595E-01
1.510853E-02,-4.5422150E-01,1.0148947E+00
1.511181E-02,-4.5368744E-01,1.0431998E+00
1.511508E-02,-4.5376373E-01,1.0700552E+00
1.511836E-02,-4.5139862E-01,1.0975974E+00
1.512164E-02,-4.4949127E-01,1.1233847E+00
1.512492E-02,-4.4735504E-01,1.1506216E+00
1.512819E-02,-4.4498993E-01,1.1756461E+00
1.513147E-02,-4.4025970E-01,1.2008994E+00
1.513475E-02,-4.3858124E-01,1.2254660E+00
1.513802E-02,-4.3308807E-01,1.2504141E+00
1.514130E-02,-4.2980743E-01,1.2738364E+00
1.514458E-02,-4.2416168E-01,1.2968771E+00
1.514785E-02,-4.2042328E-01,1.3186209E+00
1.515113E-02,-4.1409088E-01,1.3413565E+00
1.515441E-02,-4.0867401E-01,1.3627951E+00
1.515768E-02,-4.0104462E-01,1.3842337E+00
1.516096E-02,-3.9555145E-01,1.4042990E+00
1.516424E-02,-3.8738800E-01,1.4252036E+00
1.516751E-02,-3.8136078E-01,1.4433615E+00
1.517079E-02,-3.7159515E-01,1.4635031E+00
1.517407E-02,-3.6350800E-01,1.4804404E+00
1.517734E-02,-3.5381866E-01,1.4984457E+00
1.518062E-02,-3.4596039E-01,1.5151541E+00
1.518390E-02,-3.3428741E-01,1.5313284E+00
1.518717E-02,-3.2688690E-01,1.5464346E+00
1.519045E-02,-3.1506134E-01,1.5614645E+00
1.519373E-02,-3.0598236E-01,1.5758841E+00
1.519700E-02,-2.9316498E-01,1.5897696E+00
1.520028E-02,-2.8393341E-01,1.6019003E+00
1.520356E-02,-2.7111603E-01,1.6154807E+00
1.520684E-02,-2.6012970E-01,1.6266959E+00
1.521011E-02,-2.4769379E-01,1.6375296E+00
1.521339E-02,-2.3678375E-01,1.6472952E+00
1.521667E-02,-2.2312714E-01,1.6568320E+00
1.521994E-02,-2.1282745E-01,1.6659109E+00
1.522322E-02,-1.9795013E-01,1.6745322E+00
1.522650E-02,-1.8620087E-01,1.6814749E+00
1.522977E-02,-1.7147614E-01,1.6875784E+00
1.523305E-02,-1.5987946E-01,1.6945212E+00
1.523633E-02,-1.4462067E-01,1.6997092E+00
1.523960E-02,-1.3241364E-01,1.7036765E+00
1.524288E-02,-1.1822296E-01,1.7081778E+00
1.524616E-02,-1.0601593E-01,1.7104666E+00
1.524943E-02,-8.9994202E-02,1.7145865E+00
1.525271E-02,-7.8244934E-02,1.7151968E+00
1.525599E-02,-6.0849915E-02,1.7167227E+00
1.525926E-02,-4.9329529E-02,1.7165701E+00
1.526254E-02,-3.3765564E-02,1.7162650E+00
1.526582E-02,-2.2702942E-02,1.7151205E+00
1.526909E-02,-6.4523315E-03,1.7138235E+00
1.527237E-02,5.4495239E-03,1.7109244E+00
1.527565E-02,2.2310486E-02,1.7086356E+00
1.527892E-02,3.3907166E-02,1.7041342E+00
1.528220E-02,4.9852600E-02,1.7004721E+00
1.528548E-02,6.1525574E-02,1.6939871E+00
1.528876E-02,7.7013245E-02,1.6893332E+00
1.529203E-02,8.8228455E-02,1.6813986E+00
1.529531E-02,1.0501312E-01,1.6752951E+00
1.529859E-02,1.1615204E-01,1.6663687E+00
1.530186E-02,1.3163971E-01,1.6581290E+00
1.530514E-02,1.4140533E-01,1.6475241E+00
1.530842E-02,1.5345978E-01,1.6385977E+00
1.531169E-02,1.6391205E-01,1.6269247E+00
1.531497E-02,1.7741608E-01,1.6157858E+00
1.531825E-02,1.8649506E-01,1.6025107E+00
1.532152E-02,2.0015167E-01,1.5896933E+00
1.532480E-02,2.0984100E-01,1.5753500E+00
1.532808E-02,2.2151398E-01,1.5616171E+00
1.533135E-02,2.3120331E-01,1.5473502E+00
1.533463E-02,2.4264740E-01,1.5320151E+00
1.533791E-02,2.5126862E-01,1.5148489E+00
1.534118E-02,2.6179718E-01,1.4993613E+00
1.534446E-02,2.6996063E-01,1.4821188E+00
1.534774E-02,2.7942108E-01,1.4641135E+00
1.535101E-02,2.8735565E-01,1.4447348E+00
1.535429E-02,2.9673981E-01,1.4262717E+00
1.535757E-02,3.0368256E-01,1.4058249E+00
1.536084E-02,3.1123566E-01,1.3854544E+00
1.536412E-02,3.1779694E-01,1.3637106E+00
1.536740E-02,3.2382416E-01,1.3426535E+00
1.537068E-02,3.3114838E-01,1.3203757E+00
1.537395E-02,3.3687042E-01,1.2975638E+00
1.537723E-02,3.4121918E-01,1.2744467E+00
1.538051E-02,3.4594940E-01,1.2514059E+00
1.538378E-02,3.5090851E-01,1.2262289E+00
1.538706E-02,3.5533356E-01,1.2021964E+00
1.539034E-02,3.5991119E-01,1.1768668E+00
1.539361E-02,3.6265778E-01,1.1516898E+00
1.539689E-02,3.6609100E-01,1.1253683E+00
1.540017E-02,3.6822723E-01,1.0988943E+00
1.540344E-02,3.7066864E-01,1.0715048E+00
1.540672E-02,3.7196564E-01,1.0443442E+00
1.541000E-02,3.7257599E-01,1.0171072E+00
1.541327E-02,3.7402557E-01,9.8842072E-01
1.541655E-02,3.7440704E-01,9.5912384E-01
1.541983E-02,3.7341522E-01,9.3104767E-01
1.542310E-02,3.7242340E-01,9.0053009E-01
1.542638E-02,3.7166046E-01,8.7092804E-01
1.542966E-02,3.7089752E-01,8.4079193E-01
1.543293E-02,3.6822723E-01,8.0981659E-01
1.543621E-02,3.6616730E-01,7.7868866E-01
1.543949E-02,3.6517548E-01,7.4710297E-01
1.544276E-02,3.6174225E-01,7.1559357E-01
1.544604E-02,3.5853790E-01,6.8347382E-01
1.544932E-02,3.5472321E-01,6.5051483E-01
1.545260E-02,3.4968781E-01,6.1847137E-01
1.545587E-02,3.4648346E-01,5.8589386E-01
1.545915E-02,3.4144806E-01,5.5301117E-01
1.546243E-02,3.3679413E-01,5.2050995E-01
1.546570E-02,3.3297943E-01,4.8655914E-01
1.546898E-02,3.2718109E-01,4.5321869E-01
1.547226E-02,3.2092499E-01,4.1865753E-01
1.547553E-02,3.1588959E-01,3.8508820E-01
1.547881E-02,3.0909943E-01,3.5060333E-01
1.548209E-02,3.0269073E-01,3.1680511E-01
1.548536E-02,2.9544281E-01,2.8232025E-01
1.548864E-02,2.8895782E-01,2.4791168E-01
1.549192E-02,2.8239655E-01,2.1365570E-01
1.549519E-02,2.7537750E-01,1.7962860E-01
1.549847E-02,2.6812958E-01,1.4537262E-01
1.550175E-02,2.6149200E-01,1.1157440E-01
1.550502E-02,2.5371002E-01,7.6097717E-02
1.550830E-02,2.4615692E-01,3.9858093E-02
1.551158E-02,2.3860382E-01,6.0598755E-03
1.551485E-02,2.3135590E-01,-2.8501282E-02
1.551813E-02,2.2296356E-01,-6.2452087E-02
1.552141E-02,2.1441864E-01,-9.6936951E-02
1.552468E-02,2.0724701E-01,-1.3187958E-01
1.552796E-02,1.9915985E-01,-1.6552521E-01
1.553124E-02,1.9076752E-01,-2.0046783E-01
1.553452E-02,1.8329071E-01,-2.3487640E-01
1.553779E-02,1.7489838E-01,-2.6974274E-01
1.554107E-02,1.6658234E-01,-3.0392242E-01
1.554435E-02,1.5880035E-01,-3.3848358E-01
1.554762E-02,1.5117096E-01,-3.7296844E-01
1.555090E-02,1.4354156E-01,-4.0775848E-01
1.555418E-02,1.3583588E-01,-4.4071747E-01
1.555745E-02,1.2782501E-01,-4.7306610E-01
1.556073E-02,1.2019562E-01,-5.0587250E-01
1.556401E-02,1.1241364E-01,-5.4028107E-01
1.556728E-02,1.0432648E-01,-5.7362152E-01
1.557056E-02,9.5705261E-02,-6.0719086E-01
1.557384E-02,8.8609924E-02,-6.3793732E-01
1.557711E-02,8.1056824E-02,-6.7135406E-01
1.558039E-02,7.3198547E-02,-7.0255829E-01
1.558367E-02,6.6026917E-02,-7.3452545E-01
1.558694E-02,6.0762634E-02,-7.6557709E-01
1.559022E-02,5.2522888E-02,-7.9670502E-01
1.559350E-02,4.7792664E-02,-8.2684113E-01
1.559677E-02,4.0468445E-02,-8.5674835E-01
1.560005E-02,3.5356750E-02,-8.8535858E-01
1.560333E-02,2.8337708E-02,-9.1511322E-01
1.560660E-02,2.3531189E-02,-9.4357086E-01
1.560988E-02,1.7351379E-02,-9.7233368E-01
1.561316E-02,1.3612976E-02,-1.0006387E+00
1.561644E-02,7.7383423E-03,-1.0284860E+00
1.561971E-02,3.1607056E-03,-1.0556467E+00
1.562299E-02,-1.5695190E-03,-1.0824258E+00
1.562627E-02,-4.1635132E-03,-1.1079843E+00
1.562954E-02,-1.0648499E-02,-1.1338480E+00
1.563282E-02,-1.3013611E-02,-1.1592538E+00
1.563610E-02,-1.8659363E-02,-1.1849649E+00
1.563937E-02,-2.0261536E-02,-1.2082346E+00
1.564265E-02,-2.5144348E-02,-1.2330301E+00
1.564593E-02,-2.6670227E-02,-1.2553842E+00
1.564920E-02,-3.0408630E-02,-1.2786539E+00
1.565248E-02,-3.1553040E-02,-1.3001688E+00
1.565576E-02,-3.5138855E-02,-1.3225229E+00
1.565903E-02,-3.5901794E-02,-1.3428934E+00
1.566231E-02,-4.0403137E-02,-1.3646371E+00
1.566559E-02,-4.0708313E-02,-1.3838632E+00
1.566886E-02,-4.2920837E-02,-1.4046915E+00
1.567214E-02,-4.2157898E-02,-1.4226205E+00
1.567542E-02,-4.5896301E-02,-1.4416177E+00
1.567869E-02,-4.3454895E-02,-1.4578683E+00
1.568197E-02,-4.6659241E-02,-1.4758737E+00
1.568525E-02,-4.5362244E-02,-1.4912088E+00
1.568852E-02,-4.6735535E-02,-1.5081461E+00
1.569180E-02,-4.5057068E-02,-1.5220316E+00
1.569508E-02,-4.6888123E-02,-1.5375955E+00
1.569836E-02,-4.5820007E-02,-1.5496500E+00
1.570163E-02,-4.6659241E-02,-1.5627725E+00
1.570491E-02,-4.3073425E-02,-1.5738351E+00
1.570819E-02,-4.5438538E-02,-1.5860422E+00
1.571146E-02,-4.2691956E-02,-1.5963419E+00
1.571474E-02,-4.4446716E-02,-1.6072519E+00
1.571802E-02,-4.1013489E-02,-1.6154916E+00
1.572129E-02,-4.2920837E-02,-1.6249521E+00
1.572457E-02,-3.9106140E-02,-1.6318948E+00
1.572785E-02,-4.0174255E-02,-1.6392191E+00
1.573112E-02,-3.7046204E-02,-1.6466959E+00
1.573440E-02,-3.8266907E-02,-1.6531808E+00
1.573768E-02,-3.4147034E-02,-1.6579874E+00
1.574095E-02,-3.4833679E-02,-1.6624124E+00
1.574423E-02,-3.2087097E-02,-1.6654642E+00
1.574751E-02,-3.3536682E-02,-1.6690500E+00
1.575078E-02,-2.9950867E-02,-1.6704233E+00
1.575406E-02,-3.0561218E-02,-1.6725595E+00
1.575734E-02,-2.8348694E-02,-1.6731699E+00
1.576061E-02,-2.9187927E-02,-1.6742380E+00
1.576389E-02,-2.5525818E-02,-1.6733987E+00
1.576717E-02,-2.7356873E-02,-1.6721780E+00
1.577044E-02,-2.3771057E-02,-1.6702707E+00
1.577372E-02,-2.4457703E-02,-1.6670663E+00
1.577700E-02,-2.1253357E-02,-1.6630991E+00
1.578028E-02,-2.2855530E-02,-1.6598184E+00
1.578355E-02,-2.1405945E-02,-1.6545541E+00
1.578683E-02,-2.1482239E-02,-1.6491373E+00
1.579011E-02,-1.9727478E-02,-1.6425760E+00
1.579338E-02,-2.1482239E-02,-1.6347940E+00
1.579666E-02,-2.0032654E-02,-1.6271646E+00
1.579994E-02,-2.1253357E-02,-1.6190775E+00
1.580321E-02,-1.9880066E-02,-1.6103036E+00
1.580649E-02,-2.1634827E-02,-1.6009958E+00
1.580977E-02,-2.1100769E-02,-1.5900095E+00
1.581304E-02,-2.1634827E-02,-1.5787943E+00
1.581632E-02,-2.1711121E-02,-1.5666635E+00
1.581960E-02,-2.4762878E-02,-1.5536935E+00
1.582287E-02,-2.4762878E-02,-1.5399606E+00
1.582615E-02,-2.6517639E-02,-1.5270670E+00
1.582943E-02,-2.6899109E-02,-1.5126474E+00
1.583270E-02,-2.9569397E-02,-1.4965494E+00
1.583598E-02,-3.1858215E-02,-1.4813669E+00
1.583926E-02,-3.4299622E-02,-1.4632089E+00
1.584253E-02,-3.5215149E-02,-1.4470346E+00
1.584581E-02,-3.9106140E-02,-1.4294870E+00
1.584909E-02,-4.1700134E-02,-1.4110239E+00
1.585236E-02,-4.5743713E-02,-1.3927133E+00
1.585564E-02,-4.7345886E-02,-1.3722665E+00
1.585892E-02,-5.2228699E-02,-1.3518961E+00
1.586220E-02,-5.4364929E-02,-1.3311441E+00
1.586547E-02,-5.9171448E-02,-1.3091714E+00
1.586875E-02,-6.2070618E-02,-1.2871225E+00
1.587203E-02,-6.8021545E-02,-1.2644632E+00
1.587530E-02,-6.9623718E-02,-1.2412698E+00
1.587858E-02,-7.5498352E-02,-1.2174661E+00
1.588186E-02,-7.9999695E-02,-1.1934335E+00
1.588513E-02,-8.4806213E-02,-1.1684091E+00
1.588841E-02,-8.9154968E-02,-1.1435373E+00
1.589169E-02,-9.5182190E-02,-1.1174448E+00
1.589496E-02,-9.9378357E-02,-1.0915048E+00
1.589824E-02,-1.0540558E-01,-1.0653360E+00
1.590152E-02,-1.1005951E-01,-1.0372598E+00
1.590479E-02,-1.1616302E-01,-1.0099466E+00
1.590807E-02,-1.2127472E-01,-9.8187042E-01
1.591135E-02,-1.2753082E-01,-9.5356537E-01
1.591462E-02,-1.3203217E-01,-9.2426849E-01
1.591790E-02,-1.3920380E-01,-8.9504791E-01
1.592118E-02,-1.4416290E-01,-8.6597992E-01
1.592445E-02,-1.5102936E-01,-8.3584381E-01
1.592773E-02,-1.5636993E-01,-8.0677582E-01
1.593101E-02,-1.6331268E-01,-7.7541901E-01
1.593428E-02,-1.6850067E-01,-7.4352814E-01
1.593756E-02,-1.7567230E-01,-7.1278168E-01
1.594084E-02,-1.8154694E-01,-6.8104340E-01
1.594412E-02,-1.8879486E-01,-6.4869476E-01
1.594739E-02,-1.9459320E-01,-6.1695648E-01
1.595067E-02,-2.0138336E-01,-5.8476044E-01
1.595395E-02,-2.0733429E-01,-5.5134369E-01
1.595722E-02,-2.1465851E-01,-5.1762177E-01
1.596050E-02,-2.1969391E-01,-4.8451019E-01
1.596378E-02,-2.2503448E-01,-4.5101715E-01
1.596705E-02,-2.3029877E-01,-4.1851593E-01
1.597033E-02,-2.3686005E-01,-3.8410736E-01
1.597361E-02,-2.4159027E-01,-3.4931732E-01
1.597688E-02,-2.4777008E-01,-3.1452728E-01
1.598016E-02,-2.5227142E-01,-2.8050018E-01
1.598344E-02,-2.5852753E-01,-2.4509979E-01
1.598671E-02,-2.6272369E-01,-2.1099640E-01
1.598999E-02,-2.6722504E-01,-1.7559601E-01
1.599327E-02,-2.7172638E-01,-1.4233185E-01
1.599654E-02,-2.7660919E-01,-1.0723663E-01
1.599982E-02,-2.8072906E-01,-7.2751770E-02
1.600310E-02,-2.8530670E-01,-3.8114319E-02
1.600637E-02,-2.8820587E-01,-4.2398071E-03
1.600965E-02,-2.9179169E-01,3.0702820E-02
1.601293E-02,-2.9583527E-01,6.5569153E-02
1.601620E-02,-2.9781891E-01,1.0096954E-01
1.601948E-02,-3.0079437E-01,1.3507294E-01
1.602276E-02,-3.0453278E-01,1.6986298E-01
1.602604E-02,-3.0735565E-01,2.0373749E-01
1.602931E-02,-3.0804230E-01,2.3860382E-01
1.603259E-02,-3.0979706E-01,2.7293610E-01
1.603587E-02,-3.0979706E-01,3.0757355E-01
1.603914E-02,-3.1010223E-01,3.4205841E-01
1.604242E-02,-3.1048370E-01,3.7547516E-01
1.604570E-02,-3.1117035E-01,4.0973114E-01
1.604897E-02,-3.1101776E-01,4.4406342E-01
1.605225E-02,-3.0987335E-01,4.7778534E-01
1.605553E-02,-3.0918671E-01,5.1165985E-01
1.605880E-02,-3.0788971E-01,5.4469513E-01
1.606208E-02,-3.0460907E-01,5.7780670E-01
1.606536E-02,-3.0315948E-01,6.1046051E-01
1.606863E-02,-2.9942108E-01,6.4326691E-01
1.607191E-02,-2.9781891E-01,6.7523407E-01
1.607519E-02,-2.9278351E-01,7.0788788E-01
1.607846E-02,-2.9049469E-01,7.3901581E-01
1.608174E-02,-2.8492523E-01,7.7098297E-01
1.608502E-02,-2.8149200E-01,8.0142426E-01
1.608829E-02,-2.7515961E-01,8.3331512E-01
1.609157E-02,-2.7103973E-01,8.6398529E-01
1.609485E-02,-2.6455475E-01,8.9473175E-01
1.609812E-02,-2.5913788E-01,9.2296051E-01
1.610140E-02,-2.5219513E-01,9.5279144E-01
1.610468E-02,-2.4517609E-01,9.8086761E-01
1.610796E-02,-2.3647858E-01,1.0102408E+00
1.611123E-02,-2.3045135E-01,1.0373251E+00
1.611451E-02,-2.2121979E-01,1.0653250E+00
1.611779E-02,-2.1435333E-01,1.0921042E+00
1.612106E-02,-2.0405365E-01,1.1199515E+00
1.612434E-02,-1.9672943E-01,1.1458914E+00
1.612762E-02,-1.8604828E-01,1.1732809E+00
1.613089E-02,-1.7712189E-01,1.1969321E+00
1.613417E-02,-1.6552521E-01,1.2229483E+00
1.613745E-02,-1.5667511E-01,1.2462180E+00
1.614072E-02,-1.4431549E-01,1.2703268E+00
1.614400E-02,-1.3508392E-01,1.2932913E+00
1.614728E-02,-1.2302948E-01,1.3168661E+00
1.615055E-02,-1.1250092E-01,1.3386099E+00
1.615383E-02,-9.8920593E-02,1.3609641E+00
1.615711E-02,-8.8468323E-02,1.3809531E+00
1.616038E-02,-7.5574646E-02,1.4019339E+00
1.616366E-02,-6.4817200E-02,1.4207785E+00
1.616694E-02,-4.9863586E-02,1.4417593E+00
1.617021E-02,-4.0632019E-02,1.4597647E+00
1.617349E-02,-2.5754700E-02,1.4781516E+00
1.617677E-02,-1.4234314E-02,1.4951651E+00
1.618004E-02,7.1929932E-04,1.5133994E+00
1.618332E-02,1.1781921E-02,1.5287344E+00
1.618660E-02,2.7574768E-02,1.5458243E+00
1.618988E-02,3.9400330E-02,1.5590994E+00
1.619315E-02,5.3438416E-02,1.5731375E+00
1.619643E-02,6.6637268E-02,1.5865652E+00
1.619971E-02,8.1056824E-02,1.6016714E+00
1.620298E-02,9.4942322E-02,1.6131918E+00
1.620626E-02,1.1027740E-01,1.6253226E+00
1.620954E-02,1.2256073E-01,1.6360037E+00
1.621281E-02,1.3636993E-01,1.6460745E+00
1.621609E-02,1.4865326E-01,1.6559164E+00
1.621937E-02,1.6208099E-01,1.6653006E+00
1.622264E-02,1.7360138E-01,1.6720908E+00
1.622592E-02,1.8809723E-01,1.6803305E+00
1.622920E-02,1.9977020E-01,1.6871207E+00
1.623247E-02,2.1426605E-01,1.6923849E+00
1.623575E-02,2.2685455E-01,1.6978018E+00
1.623903E-02,2.4005341E-01,1.7036765E+00
1.624230E-02,2.5180267E-01,1.7068808E+00
1.624558E-02,2.6584076E-01,1.7102377E+00
1.624886E-02,2.7720856E-01,1.7126791E+00
1.625213E-02,2.8895782E-01,1.7151968E+00
1.625541E-02,3.0108856E-01,1.7163412E+00
1.625869E-02,3.1245636E-01,1.7161887E+00
1.626196E-02,3.2451080E-01,1.7163412E+00
1.626524E-02,3.3610748E-01,1.7158072E+00
1.626852E-02,3.4648346E-01,1.7148154E+00
1.627180E-02,3.5602020E-01,1.7124503E+00
1.627507E-02,3.6738800E-01,1.7100851E+00
1.627835E-02,3.7715363E-01,1.7055838E+00
1.628163E-02,3.8691925E-01,1.7010825E+00
1.628490E-02,3.9584564E-01,1.6955893E+00
1.628818E-02,4.0561127E-01,1.6895621E+00
1.629146E-02,4.1453766E-01,1.6839926E+00
1.629473E-02,4.2254852E-01,1.6759818E+00
1.629801E-02,4.2926239E-01,1.6686575E+00
1.630129E-02,4.3773102E-01,1.6587393E+00
1.630456E-02,4.4444489E-01,1.6500418E+00
1.630784E-02,4.5138763E-01,1.6400473E+00
1.631112E-02,4.5756744E-01,1.6289084E+00
1.631439E-02,4.6313690E-01,1.6176932E+00
1.631767E-02,4.6779083E-01,1.6053336E+00
1.632095E-02,4.7252106E-01,1.5928214E+00
1.632422E-02,4.7679352E-01,1.5793173E+00
1.632750E-02,4.8121857E-01,1.5647452E+00
1.633078E-02,4.8396515E-01,1.5503256E+00
1.633405E-02,4.8701691E-01,1.5349905E+00
1.633733E-02,4.8945831E-01,1.5179770E+00
1.634061E-02,4.9258636E-01,1.5010397E+00
1.634388E-02,4.9327301E-01,1.4838736E+00
1.634716E-02,4.9571442E-01,1.4657919E+00
1.635044E-02,4.9693512E-01,1.4474051E+00
1.635372E-02,4.9754547E-01,1.4283316E+00
1.635699E-02,4.9769806E-01,1.4088004E+00
1.636027E-02,4.9731659E-01,1.3891165E+00
1.636355E-02,4.9533295E-01,1.3688223E+00
1.636682E-02,4.9540924E-01,1.3469260E+00
1.637010E-02,4.9365448E-01,1.3250296E+00
1.637338E-02,4.9113678E-01,1.3027518E+00
1.637665E-02,4.8861908E-01,1.2791006E+00
1.637993E-02,4.8678802E-01,1.2562125E+00
1.638321E-02,4.8182892E-01,1.2309592E+00
1.638648E-02,4.7892975E-01,1.2070029E+00
1.638976E-02,4.7381805E-01,1.1819785E+00
1.639304E-02,4.6985077E-01,1.1561911E+00
1.639631E-02,4.6420502E-01,1.1300223E+00
1.639959E-02,4.6054291E-01,1.1027853E+00
1.640287E-02,4.5482086E-01,1.0760825E+00
1.640614E-02,4.4871735E-01,1.0486166E+00
1.640942E-02,4.4223236E-01,1.0202353E+00
1.641270E-02,4.3528961E-01,9.9261688E-01
1.641597E-02,4.2926239E-01,9.6469330E-01
1.641925E-02,4.2285370E-01,9.3577789E-01
1.642253E-02,4.1400360E-01,9.0609955E-01
1.642580E-02,4.0660309E-01,8.7596344E-01
1.642908E-02,3.9958405E-01,8.4483551E-01
1.643236E-02,3.9180206E-01,8.1523346E-01
1.643564E-02,3.8211273E-01,7.8425812E-01
1.643891E-02,3.7326263E-01,7.5290131E-01
1.644219E-02,3.6349701E-01,7.2001862E-01
1.644547E-02,3.5533356E-01,6.8881439E-01
1.644874E-02,3.4610199E-01,6.5638947E-01
1.645202E-02,3.3664154E-01,6.2457489E-01
1.645530E-02,3.2718109E-01,5.9230255E-01
1.645857E-02,3.1749176E-01,5.5949615E-01
1.646185E-02,3.0658173E-01,5.2569794E-01
1.646513E-02,2.9826569E-01,4.9235748E-01
1.646840E-02,2.8766083E-01,4.5878815E-01
1.647168E-02,2.7804779E-01,4.2537140E-01
1.647496E-02,2.6721405E-01,3.9142059E-01
1.647823E-02,2.5874542E-01,3.5701202E-01
1.648151E-02,2.4798798E-01,3.2252716E-01
1.648479E-02,2.3898529E-01,2.8796600E-01
1.648806E-02,2.2838043E-01,2.5256561E-01
1.649134E-02,2.1953033E-01,2.1975922E-01
1.649462E-02,2.0846771E-01,1.8527435E-01
1.649789E-02,2.0015167E-01,1.5124725E-01
1.650117E-02,1.8985199E-01,1.1561798E-01
1.650445E-02,1.8084930E-01,8.0599060E-02
1.650772E-02,1.7009186E-01,4.5198669E-02
1.651100E-02,1.6139435E-01,1.1018982E-02
1.651428E-02,1.5170502E-01,-2.3465881E-02
1.651756E-02,1.4453339E-01,-5.7340393E-02
1.652083E-02,1.3415741E-01,-9.2283020E-02
1.652411E-02,1.2622284E-01,-1.2661530E-01
1.652739E-02,1.1584686E-01,-1.6064240E-01
1.653066E-02,1.0753082E-01,-1.9489838E-01
1.653394E-02,9.7383728E-02,-2.3075653E-01
1.653722E-02,9.0364685E-02,-2.6432587E-01
1.654049E-02,8.0293884E-02,-2.9903961E-01
1.654377E-02,7.4190369E-02,-3.3283783E-01
1.654705E-02,6.5035095E-02,-3.6808563E-01
1.655032E-02,5.8702698E-02,-4.0165497E-01
1.655360E-02,4.9471130E-02,-4.3621613E-01
1.655688E-02,4.5046082E-02,-4.6886993E-01
1.656015E-02,3.7264099E-02,-5.0358368E-01
1.656343E-02,3.2839050E-02,-5.3471161E-01
1.656671E-02,2.4980774E-02,-5.6896759E-01
1.656998E-02,2.0097961E-02,-6.0055328E-01
1.657326E-02,1.2850037E-02,-6.3328339E-01
1.657654E-02,8.2723999E-03,-6.6540314E-01
1.657981E-02,2.1688843E-03,-6.9683624E-01
1.658309E-02,-1.2643433E-03,-7.2796417E-01
1.658637E-02,-7.1389771E-03,-7.6016022E-01
1.658964E-02,-9.9618530E-03,-7.8976227E-01
1.659292E-02,-1.5226135E-02,-8.2081390E-01
1.659620E-02,-1.7591248E-02,-8.5033966E-01
1.659948E-02,-2.3160706E-02,-8.8085724E-01
1.660275E-02,-2.4686584E-02,-9.0862823E-01
1.660603E-02,-3.0103455E-02,-9.3914581E-01
1.660931E-02,-3.1476746E-02,-9.6729828E-01
1.661258E-02,-3.5520325E-02,-9.9590851E-01
1.661586E-02,-3.6283264E-02,-1.0235269E+00
1.661914E-02,-4.0784607E-02,-1.0519846E+00
1.662241E-02,-3.9640198E-02,-1.0780008E+00
1.662569E-02,-4.3836365E-02,-1.1049326E+00
1.662897E-02,-4.3378601E-02,-1.1298807E+00
1.663224E-02,-4.6354065E-02,-1.1562784E+00
1.663552E-02,-4.5667419E-02,-1.1803873E+00
1.663880E-02,-4.7879944E-02,-1.2064035E+00
1.664207E-02,-4.6125183E-02,-1.2295206E+00
1.664535E-02,-4.8490295E-02,-1.2534769E+00
1.664863E-02,-4.7193298E-02,-1.2752206E+00
1.665190E-02,-4.9253235E-02,-1.2984903E+00
1.665518E-02,-4.6201477E-02,-1.3193948E+00
1.665846E-02,-4.7727356E-02,-1.3407571E+00
1.666173E-02,-4.5743713E-02,-1.3602884E+00
1.666501E-02,-4.6582947E-02,-1.3809641E+00
1.666829E-02,-4.3226013E-02,-1.4004190E+00
1.667156E-02,-4.2920837E-02,-1.4197214E+00
1.667484E-02,-4.2310486E-02,-1.4375742E+00
1.667812E-02,-4.2691956E-02,-1.4548929E+00
1.668140E-02,-3.9487610E-02,-1.4707620E+00
1.668467E-02,-3.9106140E-02,-1.4880045E+00
1.668795E-02,-3.6130676E-02,-1.5041025E+00
1.669123E-02,-3.4147034E-02,-1.5194376E+00
1.669450E-02,-3.2315979E-02,-1.5336282E+00
1.669778E-02,-3.1934509E-02,-1.5481241E+00
1.670106E-02,-2.8882751E-02,-1.5610178E+00
1.670433E-02,-2.7662048E-02,-1.5726907E+00
1.670761E-02,-2.5068054E-02,-1.5843637E+00
1.671089E-02,-2.3847351E-02,-1.5946634E+00
1.671416E-02,-2.1024475E-02,-1.6043527E+00
1.671744E-02,-2.0261536E-02,-1.6138132E+00
1.672072E-02,-1.7743835E-02,-1.6222055E+00
1.672399E-02,-1.6675720E-02,-1.6309793E+00
1.672727E-02,-1.4615784E-02,-1.6379984E+00
1.673055E-02,-1.4539490E-02,-1.6444070E+00
1.673382E-02,-1.1487732E-02,-1.6506631E+00
1.673710E-02,-1.1029968E-02,-1.6556223E+00
1.674038E-02,-9.0463257E-03,-1.6608865E+00
1.674365E-02,-7.2152710E-03,-1.6643198E+00
1.674693E-02,-5.0027466E-03,-1.6672189E+00
1.675021E-02,-4.8501587E-03,-1.6704233E+00
1.675348E-02,-3.8583374E-03,-1.6720255E+00
1.675676E-02,-4.0872192E-03,-1.6733987E+00
1.676004E-02,-2.1798706E-03,-1.6738565E+00
1.676332E-02,-1.9509888E-03,-1.6727884E+00
1.676659E-02,-8.0657959E-04,-1.6721017E+00
1.676987E-02,-1.5695190E-03,-1.6701944E+00
1.677315E-02,1.8524170E-04,-1.6676767E+00
1.677642E-02,-9.5916748E-04,-1.6637857E+00
1.677970E-02,-1.9622803E-04,-1.6601236E+00
1.678298E-02,-5.0140381E-04,-1.6550882E+00
1.678625E-02,-2.7252197E-04,-1.6497476E+00
1.678953E-02,-2.1035767E-03,-1.6436441E+00
1.679281E-02,-1.8746948E-03,-1.6368539E+00
1.679608E-02,-3.7820435E-03,-1.6282327E+00
1.679936E-02,-3.6294556E-03,-1.6199930E+00
1.680264E-02,-5.6130981E-03,-1.6116769E+00
1.680591E-02,-6.1471558E-03,-1.6023691E+00
1.680919E-02,-9.0463257E-03,-1.5919168E+00
1.681247E-02,-1.0038147E-02,-1.5803964E+00
1.681574E-02,-1.2632141E-02,-1.5685709E+00
1.681902E-02,-1.2784729E-02,-1.5565164E+00
1.682230E-02,-1.6217957E-02,-1.5436227E+00
1.682557E-02,-1.7972717E-02,-1.5295847E+00
1.682885E-02,-2.2168884E-02,-1.5152414E+00
1.683213E-02,-2.4228821E-02,-1.4999063E+00
1.683540E-02,-2.8577576E-02,-1.4839609E+00
1.683868E-02,-3.0713806E-02,-1.4671762E+00
1.684196E-02,-3.4681091E-02,-1.4493997E+00
1.684524E-02,-3.7198792E-02,-1.4320047E+00
1.684851E-02,-4.0555725E-02,-1.4141519E+00
1.685179E-02,-4.3836365E-02,-1.3951547E+00
1.685507E-02,-4.7651062E-02,-1.3747079E+00
1.685834E-02,-5.0550232E-02,-1.3550241E+00
1.686162E-02,-5.4898987E-02,-1.3340433E+00
1.686490E-02,-5.8255920E-02,-1.3128336E+00
1.686817E-02,-6.3138733E-02,-1.2907846E+00
1.687145E-02,-6.6724548E-02,-1.2677438E+00
1.687473E-02,-7.1378479E-02,-1.2447794E+00
1.687800E-02,-7.5650940E-02,-1.2207468E+00
1.688128E-02,-8.0838928E-02,-1.1970193E+00
1.688456E-02,-8.5187683E-02,-1.1727579E+00
1.688783E-02,-8.9994202E-02,-1.1468179E+00
1.689111E-02,-9.3656311E-02,-1.1217172E+00
1.689439E-02,-9.8081360E-02,-1.0950906E+00
1.689766E-02,-1.0372711E-01,-1.0689981E+00
1.690094E-02,-1.0769440E-01,-1.0410745E+00
1.690422E-02,-1.1219574E-01,-1.0144479E+00
1.690749E-02,-1.1631561E-01,-9.8576141E-01
1.691077E-02,-1.2051178E-01,-9.5806671E-01
1.691405E-02,-1.2425018E-01,-9.2823578E-01
1.691732E-02,-1.2928558E-01,-9.0015961E-01
1.692060E-02,-1.3271881E-01,-8.7055756E-01
1.692388E-02,-1.3691498E-01,-8.4118439E-01
1.692716E-02,-1.4019562E-01,-8.1059052E-01
1.693043E-02,-1.4423920E-01,-7.8075958E-01
1.693371E-02,-1.4805389E-01,-7.4940277E-01
1.693699E-02,-1.5209747E-01,-7.1819855E-01
1.694026E-02,-1.5507294E-01,-6.8600250E-01
1.694354E-02,-1.5904022E-01,-6.5418793E-01
1.694682E-02,-1.6094757E-01,-6.2183929E-01
1.695009E-02,-1.6460968E-01,-5.9086395E-01
1.695337E-02,-1.6628815E-01,-5.5691315E-01
1.695665E-02,-1.6949249E-01,-5.2425934E-01
1.695992E-02,-1.7147614E-01,-4.9015594E-01
1.696320E-02,-1.7399384E-01,-4.5803619E-01
1.696648E-02,-1.7521454E-01,-4.2393280E-01
1.696975E-02,-1.7712189E-01,-3.9089752E-01
1.697303E-02,-1.7704559E-01,-3.5534454E-01
1.697631E-02,-1.7902924E-01,-3.2101227E-01
1.697958E-02,-1.7841888E-01,-2.8545929E-01
1.698286E-02,-1.7979218E-01,-2.5188995E-01
1.698614E-02,-1.7834259E-01,-2.1648956E-01
1.698941E-02,-1.7872406E-01,-1.8238617E-01
1.699269E-02,-1.7674042E-01,-1.4744354E-01
1.699597E-02,-1.7742706E-01,-1.1341644E-01
1.699924E-02,-1.7521454E-01,-7.7558289E-02
1.700252E-02,-1.7475677E-01,-4.3988953E-02
1.700580E-02,-1.7132355E-01,-8.9700317E-03
1.700908E-02,-1.7071320E-01,2.5820007E-02
1.701235E-02,-1.6682220E-01,6.0915222E-02
1.701563E-02,-1.6537262E-01,9.5400085E-02
1.701891E-02,-1.6064240E-01,1.3072418E-01
1.702218E-02,-1.5781952E-01,1.6436981E-01
1.702546E-02,-1.5225006E-01,1.9915985E-01
1.702874E-02,-1.5095306E-01,2.3295807E-01
1.703201E-02,-1.4324738E-01,2.6851105E-01
1.703529E-02,-1.3996674E-01,3.0177521E-01
1.703857E-02,-1.3210846E-01,3.3763336E-01
1.704184E-02,-1.2951447E-01,3.7021088E-01
1.704512E-02,-1.2165619E-01,4.0477203E-01
1.704840E-02,-1.1707855E-01,4.3834137E-01
1.705167E-02,-1.0822845E-01,4.7274994E-01
1.705495E-02,-1.0304047E-01,5.0502228E-01
1.705823E-02,-9.3580017E-02,5.3981232E-01
1.706150E-02,-8.8010559E-02,5.7193207E-01
1.706478E-02,-7.8244934E-02,6.0618805E-01
1.706806E-02,-7.1683655E-02,6.3762115E-01
1.707133E-02,-6.1841736E-02,6.7119049E-01
1.707461E-02,-5.3601990E-02,7.0178436E-01
1.707789E-02,-4.2463074E-02,7.3405670E-01
1.708116E-02,-3.5749207E-02,7.6541351E-01
1.708444E-02,-2.3542175E-02,7.9692291E-01
1.708772E-02,-1.5607605E-02,8.2713531E-01
1.709100E-02,-4.1635132E-03,8.5849213E-01
1.709427E-02,4.3051147E-03,8.8824677E-01
1.709755E-02,1.7351379E-02,9.1784882E-01
1.710083E-02,2.7574768E-02,9.4630646E-01
1.710410E-02,3.9781799E-02,9.7598480E-01
1.710738E-02,4.9013367E-02,1.0041373E+00
1.711066E-02,6.2059631E-02,1.0322134E+00
1.711393E-02,7.4342957E-02,1.0586874E+00
1.711721E-02,8.6168518E-02,1.0872214E+00
1.712049E-02,9.9519958E-02,1.1136954E+00
1.712376E-02,1.1218475E-01,1.1402457E+00
1.712704E-02,1.2339996E-01,1.1667197E+00
1.713032E-02,1.3728546E-01,1.1929648E+00
1.713359E-02,1.4972137E-01,1.2164633E+00
1.713687E-02,1.6162323E-01,1.2408011E+00
1.714015E-02,1.7360138E-01,1.2649100E+00
1.714342E-02,1.8603729E-01,1.2892477E+00
1.714670E-02,2.0007538E-01,1.3109152E+00
1.714998E-02,2.1197723E-01,1.3334982E+00
1.715325E-02,2.2479462E-01,1.3552420E+00
1.715653E-02,2.3715424E-01,1.3769095E+00
1.715981E-02,2.4943756E-01,1.3964407E+00
1.716308E-02,2.6187347E-01,1.4166586E+00
1.716636E-02,2.7522491E-01,1.4358847E+00
1.716964E-02,2.8773712E-01,1.4554160E+00
1.717292E-02,3.0055450E-01,1.4725058E+00
1.717619E-02,3.1245636E-01,1.4915030E+00
1.717947E-02,3.2382416E-01,1.5079062E+00
1.718275E-02,3.3618378E-01,1.5244620E+00
1.718602E-02,3.4839081E-01,1.5403311E+00
1.718930E-02,3.5998749E-01,1.5554373E+00
1.719258E-02,3.7181305E-01,1.5705435E+00
1.719585E-02,3.8241791E-01,1.5841238E+00
1.719913E-02,3.9485382E-01,1.5977805E+00
1.720241E-02,4.0423798E-01,1.6099112E+00
1.720568E-02,4.1507172E-01,1.6221945E+00
1.720896E-02,4.2605804E-01,1.6326468E+00
1.721224E-02,4.3689178E-01,1.6425650E+00
1.721551E-02,4.4627594E-01,1.6526358E+00
1.721879E-02,4.5619415E-01,1.6620200E+00
1.722207E-02,4.6504425E-01,1.6709464E+00
1.722534E-02,4.7358917E-01,1.6786520E+00
1.722862E-02,4.8175262E-01,1.6855185E+00
1.723190E-02,4.9075531E-01,1.6913168E+00
1.723517E-02,4.9762177E-01,1.6969626E+00
1.723845E-02,5.0578522E-01,1.7018454E+00
1.724173E-02,5.1234650E-01,1.7056601E+00
1.724500E-02,5.1951813E-01,1.7100089E+00
1.724828E-02,5.2554535E-01,1.7122214E+00
1.725156E-02,5.3248810E-01,1.7137473E+00
1.725484E-02,5.3676056E-01,1.7145102E+00
1.725811E-02,5.4202484E-01,1.7151205E+00
1.726139E-02,5.4606842E-01,1.7155020E+00
1.726467E-02,5.5110382E-01,1.7148154E+00
1.726794E-02,5.5346893E-01,1.7123740E+00
1.727122E-02,5.5758881E-01,1.7109244E+00
1.727450E-02,5.6048798E-01,1.7084830E+00
1.727777E-02,5.6369232E-01,1.7039053E+00
1.728105E-02,5.6445526E-01,1.7005484E+00
1.728433E-02,5.6621002E-01,1.6956656E+00
1.728760E-02,5.6682037E-01,1.6900961E+00
1.729088E-02,5.6765961E-01,1.6836874E+00
1.729416E-02,5.6773590E-01,1.6757529E+00
1.729743E-02,5.6720184E-01,1.6672079E+00
1.730071E-02,5.6552338E-01,1.6595786E+00
1.730399E-02,5.6544708E-01,1.6502707E+00
1.730726E-02,5.6292938E-01,1.6402762E+00
1.731054E-02,5.6147980E-01,1.6299002E+00
1.731382E-02,5.5743622E-01,1.6192191E+00
1.731709E-02,5.5529999E-01,1.6070883E+00
1.732037E-02,5.4950165E-01,1.5935843E+00
1.732365E-02,5.4774689E-01,1.5796225E+00
1.732692E-02,5.4240631E-01,1.5652029E+00
1.733020E-02,5.3927826E-01,1.5510886E+00
1.733348E-02,5.3241180E-01,1.5352194E+00
1.733676E-02,5.2806305E-01,1.5191214E+00
1.734003E-02,5.2096771E-01,1.5026419E+00
1.734331E-02,5.1585602E-01,1.4862387E+00
1.734659E-02,5.0860809E-01,1.4680807E+00
1.734986E-02,5.0242828E-01,1.4495413E+00
1.735314E-02,4.9350189E-01,1.4300864E+00
1.735642E-02,4.8678802E-01,1.4104788E+00
1.735969E-02,4.7694611E-01,1.3911002E+00
1.736297E-02,4.6992706E-01,1.3708823E+00
1.736625E-02,4.5993256E-01,1.3492148E+00
1.736952E-02,4.5245575E-01,1.3276236E+00
1.737280E-02,4.4200348E-01,1.3043539E+00
1.737608E-02,4.3376373E-01,1.2823050E+00
1.737935E-02,4.2262482E-01,1.2585776E+00
1.738263E-02,4.1461395E-01,1.2350790E+00
1.738591E-02,4.0217804E-01,1.2104361E+00
1.738918E-02,3.9317535E-01,1.1854880E+00
1.739246E-02,3.8150238E-01,1.1587088E+00
1.739574E-02,3.7181305E-01,1.1336844E+00
1.739901E-02,3.5914825E-01,1.1060660E+00
1.740229E-02,3.4976410E-01,1.0795920E+00
1.740557E-02,3.3687042E-01,1.0527365E+00
1.740884E-02,3.2725739E-01,1.0251944E+00
1.741212E-02,3.1398224E-01,9.9742340E-01
1.741540E-02,3.0406403E-01,9.6919464E-01
1.741868E-02,2.9086517E-01,9.3959259E-01
1.742195E-02,2.8033661E-01,9.1098236E-01
1.742523E-02,2.6774811E-01,8.8054108E-01
1.742851E-02,2.5805878E-01,8.5040497E-01
1.743178E-02,2.4569916E-01,8.1897186E-01
1.743506E-02,2.3478912E-01,7.8906464E-01
1.743834E-02,2.2220062E-01,7.5686859E-01
1.744161E-02,2.1266388E-01,7.2604584E-01
1.744489E-02,1.9839691E-01,6.9323944E-01
1.744817E-02,1.8954681E-01,6.6157745E-01
1.745144E-02,1.7627167E-01,6.2846588E-01
1.745472E-02,1.6688751E-01,5.9779572E-01
1.745800E-02,1.5475677E-01,5.6346344E-01
1.746127E-02,1.4544891E-01,5.3157257E-01
1.746455E-02,1.3255524E-01,4.9739288E-01
1.746783E-02,1.2523102E-01,4.6428131E-01
1.747110E-02,1.1203217E-01,4.2979645E-01
1.747438E-02,1.0280060E-01,3.9584564E-01
1.747766E-02,9.0517273E-02,3.6158966E-01
1.748093E-02,8.3116760E-02,3.2908844E-01
1.748421E-02,7.0223083E-02,2.9330658E-01
1.748749E-02,6.3890686E-02,2.6027130E-01
1.749076E-02,5.2904358E-02,2.2426056E-01
1.749404E-02,4.4817200E-02,1.9130157E-01
1.749732E-02,3.4670105E-02,1.5666412E-01
1.750060E-02,2.8185120E-02,1.2294220E-01
1.750387E-02,1.8038025E-02,8.5787048E-02
1.750715E-02,1.2697449E-02,5.2675476E-02
1.751043E-02,2.5503540E-03,1.6283264E-02
1.751370E-02,-2.9428101E-03,-1.7286072E-02
1.751698E-02,-1.1258850E-02,-5.2381287E-02
1.752026E-02,-1.6294250E-02,-8.5111389E-02
1.752353E-02,-2.5068054E-02,-1.2173248E-01
1.752681E-02,-2.9950867E-02,-1.5545441E-01
1.753009E-02,-3.7961731E-02,-1.9039703E-01
1.753336E-02,-4.0632019E-02,-2.2472931E-01
1.753664E-02,-4.7956238E-02,-2.5913788E-01
1.753992E-02,-5.1236877E-02,-2.9263092E-01
1.754319E-02,-5.7798157E-02,-3.2734467E-01
1.754647E-02,-5.9324036E-02,-3.6129547E-01
1.754975E-02,-6.5351257E-02,-3.9654327E-01
1.755302E-02,-6.7029724E-02,-4.3003632E-01
1.755630E-02,-7.2446594E-02,-4.6337677E-01
1.755958E-02,-7.5193176E-02,-4.9725128E-01
1.756285E-02,-7.9007874E-02,-5.3036285E-01
1.756613E-02,-7.9465637E-02,-5.6324554E-01
1.756941E-02,-8.3127747E-02,-5.9635712E-01
1.757268E-02,-8.3432922E-02,-6.2786652E-01
1.757596E-02,-8.6484680E-02,-6.6059662E-01
1.757924E-02,-8.7095032E-02,-6.9279266E-01
1.758252E-02,-8.9689026E-02,-7.2353912E-01
1.758579E-02,-8.9460144E-02,-7.5497223E-01
1.758907E-02,-9.0070496E-02,-7.8602386E-01
1.759235E-02,-9.0451965E-02,-8.1577850E-01
1.759562E-02,-9.0451965E-02,-8.4667755E-01
1.759890E-02,-8.9460144E-02,-8.7605072E-01
1.760218E-02,-9.0909729E-02,-9.0603424E-01
1.760545E-02,-8.9765320E-02,-9.3479706E-01
1.760873E-02,-8.9536438E-02,-9.6355988E-01
1.761201E-02,-8.7857971E-02,-9.9209381E-01
1.761528E-02,-8.8315735E-02,-1.0195596E+00
1.761856E-02,-8.5187683E-02,-1.0474069E+00
1.762184E-02,-8.3890686E-02,-1.0743387E+00
1.762511E-02,-8.2135925E-02,-1.1001260E+00
1.762839E-02,-8.0915222E-02,-1.1269815E+00
1.763167E-02,-7.8168640E-02,-1.1525400E+00
1.763494E-02,-7.7176819E-02,-1.1777933E+00
1.763822E-02,-7.4506531E-02,-1.2026651E+00
1.764150E-02,-7.2065125E-02,-1.2265451E+00
1.764477E-02,-6.8708191E-02,-1.2502725E+00
1.764805E-02,-6.6114197E-02,-1.2730844E+00
1.765133E-02,-6.2833557E-02,-1.2941415E+00
1.765460E-02,-6.0697327E-02,-1.3175638E+00
1.765788E-02,-5.7492981E-02,-1.3385446E+00
1.766116E-02,-5.5585632E-02,-1.3586099E+00
1.766444E-02,-5.0702820E-02,-1.3793619E+00
1.766771E-02,-4.8948059E-02,-1.3988931E+00
1.767099E-02,-4.5743713E-02,-1.4172037E+00
1.767427E-02,-4.4294128E-02,-1.4347513E+00
1.767754E-02,-3.9258728E-02,-1.4528329E+00
1.768082E-02,-3.7198792E-02,-1.4702280E+00
1.768410E-02,-3.3765564E-02,-1.4870126E+00
1.768737E-02,-3.1171570E-02,-1.5018137E+00
1.769065E-02,-2.7738342E-02,-1.5173776E+00
1.769393E-02,-2.5754700E-02,-1.5320261E+00
1.769720E-02,-2.1787415E-02,-1.5449960E+00
1.770048E-02,-1.9956360E-02,-1.5574319E+00
1.770376E-02,-1.6675720E-02,-1.5706308E+00
1.770703E-02,-1.4615784E-02,-1.5823801E+00
1.771031E-02,-1.1106262E-02,-1.5931375E+00
1.771359E-02,-9.9618530E-03,-1.6034372E+00
1.771686E-02,-7.2915649E-03,-1.6132028E+00
1.772014E-02,-6.6812134E-03,-1.6223581E+00
1.772342E-02,-4.3923950E-03,-1.6309030E+00
1.772669E-02,-2.1798706E-03,-1.6379984E+00
1.772997E-02,1.8524170E-04,-1.6453989E+00
1.773325E-02,1.0244751E-03,-1.6511209E+00
1.773652E-02,2.3214722E-03,-1.6570718E+00
1.773980E-02,2.7029419E-03,-1.6615732E+00
1.774308E-02,4.9917603E-03,-1.6663797E+00
1.774636E-02,4.5339966E-03,-1.6688211E+00
1.774963E-02,5.8309937E-03,-1.6716440E+00
1.775291E-02,5.8309937E-03,-1.6725595E+00
1.775619E-02,5.9835815E-03,-1.6750009E+00
1.775946E-02,6.0598755E-03,-1.6747720E+00
1.776274E-02,7.2805786E-03,-1.6741617E+00
1.776602E-02,6.8991089E-03,-1.6732462E+00
1.776929E-02,5.9835815E-03,-1.6722543E+00
1.777257E-02,6.3650513E-03,-1.6692026E+00
1.777585E-02,6.5176392E-03,-1.6655405E+00
1.777912E-02,4.8391724E-03,-1.6618784E+00
1.778240E-02,3.0844116E-03,-1.6569955E+00
1.778568E-02,2.7029419E-03,-1.6505869E+00
1.778895E-02,2.0925903E-03,-1.6450174E+00
1.779223E-02,-3.4881592E-04,-1.6382272E+00
1.779551E-02,-1.7984009E-03,-1.6308267E+00
1.779878E-02,-3.4768677E-03,-1.6219003E+00
1.780206E-02,-4.5449829E-03,-1.6135843E+00
1.780534E-02,-6.9863892E-03,-1.6041238E+00
1.780861E-02,-8.0545044E-03,-1.5949686E+00
1.781189E-02,-1.1029968E-02,-1.5823801E+00
1.781517E-02,-1.4692078E-02,-1.5713937E+00
1.781844E-02,-1.6141663E-02,-1.5590341E+00
1.782172E-02,-1.9651184E-02,-1.5460641E+00
1.782500E-02,-2.1940002E-02,-1.5321024E+00
1.782828E-02,-2.4533997E-02,-1.5182169E+00
1.783155E-02,-2.7051697E-02,-1.5033395E+00
1.783483E-02,-2.9950867E-02,-1.4874704E+00
1.783811E-02,-3.1629333E-02,-1.4695413E+00
1.784138E-02,-3.5291443E-02,-1.4528329E+00
1.784466E-02,-3.7503967E-02,-1.4353616E+00
1.784794E-02,-4.2463074E-02,-1.4170511E+00
1.785121E-02,-4.4141541E-02,-1.3984354E+00
1.785449E-02,-4.7117004E-02,-1.3794382E+00
1.785777E-02,-4.9710999E-02,-1.3576944E+00
1.786104E-02,-5.3373108E-02,-1.3383920E+00
1.786432E-02,-5.5814514E-02,-1.3155801E+00
1.786760E-02,-5.9629211E-02,-1.2945230E+00
1.787087E-02,-6.1460266E-02,-1.2719400E+00
1.787415E-02,-6.4740906E-02,-1.2491281E+00
1.787743E-02,-6.6648254E-02,-1.2257822E+00
1.788070E-02,-6.9776306E-02,-1.2025888E+00
1.788398E-02,-7.1454773E-02,-1.1774881E+00
1.788726E-02,-7.6108704E-02,-1.1526926E+00
1.789053E-02,-7.6032410E-02,-1.1271341E+00
1.789381E-02,-7.9236755E-02,-1.1011179E+00
1.789709E-02,-8.0762634E-02,-1.0745676E+00
1.790036E-02,-8.3738098E-02,-1.0487802E+00
1.790364E-02,-8.3890686E-02,-1.0201700E+00
1.790692E-02,-8.6484680E-02,-9.9270416E-01
1.791020E-02,-8.7171326E-02,-9.6417023E-01
1.791347E-02,-8.9841614E-02,-9.3601776E-01
1.791675E-02,-8.8620911E-02,-9.0633942E-01
1.792003E-02,-9.0986023E-02,-8.7826324E-01
1.792330E-02,-8.9917908E-02,-8.4789825E-01
1.792658E-02,-9.1214905E-02,-8.1776215E-01
1.792986E-02,-8.9383850E-02,-7.8640533E-01
1.793313E-02,-9.1520081E-02,-7.5619293E-01
1.793641E-02,-8.8773499E-02,-7.2437836E-01
1.793969E-02,-8.9994202E-02,-6.9363190E-01
1.794296E-02,-8.7018738E-02,-6.5998627E-01
1.794624E-02,-8.8315735E-02,-6.2870575E-01
1.794952E-02,-8.4043274E-02,-5.9536530E-01
1.795279E-02,-8.3585510E-02,-5.6423737E-01
1.795607E-02,-7.9847107E-02,-5.2914215E-01
1.795935E-02,-7.9770813E-02,-4.9686981E-01
1.796262E-02,-7.4277649E-02,-4.6261383E-01
1.796590E-02,-7.3438416E-02,-4.3018890E-01
1.796918E-02,-6.7106018E-02,-3.9539886E-01
1.797245E-02,-6.6114197E-02,-3.6190582E-01
1.797573E-02,-5.9858093E-02,-3.2642914E-01
1.797901E-02,-5.7416687E-02,-2.9255463E-01
1.798228E-02,-5.1236877E-02,-2.5753571E-01
1.798556E-02,-4.6811829E-02,-2.2373749E-01
1.798884E-02,-4.0326843E-02,-1.8780304E-01
1.799212E-02,-3.7275085E-02,-1.5369965E-01
1.799539E-02,-3.0103455E-02,-1.1913849E-01
1.799867E-02,-2.5373230E-02,-8.4958801E-02
1.800195E-02,-1.7286072E-02,-5.0473938E-02
1.800522E-02,-1.1792908E-02,-1.5683899E-02
1.800850E-02,-4.0109253E-03,1.9335022E-02
1.801178E-02,2.7029419E-03,5.3514709E-02
1.801505E-02,1.0637512E-02,8.8381042E-02
1.801833E-02,1.6969910E-02,1.2301849E-01
1.802161E-02,2.6582947E-02,1.5857147E-01
1.802488E-02,3.4288635E-02,1.9206451E-01
1.802816E-02,4.3215027E-02,2.2639679E-01
1.803144E-02,5.1302185E-02,2.6072906E-01
1.803471E-02,6.1678162E-02,2.9460358E-01
1.803799E-02,7.0757141E-02,3.3000397E-01
1.804127E-02,8.1362000E-02,3.6456512E-01
1.804454E-02,9.0212097E-02,3.9805817E-01
1.804782E-02,1.0157990E-01,4.3193268E-01
1.805110E-02,1.1203217E-01,4.6679901E-01
1.805437E-02,1.2301849E-01,4.9945282E-01
1.805765E-02,1.3308929E-01,5.3355621E-01
1.806093E-02,1.4285492E-01,5.6575226E-01
1.806420E-02,1.5345978E-01,5.9848236E-01
1.806748E-02,1.6383575E-01,6.3151764E-01
1.807076E-02,1.7566132E-01,6.6394257E-01
1.807404E-02,1.8611359E-01,6.9560455E-01
1.807731E-02,1.9801544E-01,7.2764801E-01
1.808059E-02,2.0938324E-01,7.5969147E-01
1.808387E-02,2.2059845E-01,7.9089569E-01
1.808714E-02,2.3227142E-01,8.2171844E-01
1.809042E-02,2.4279999E-01,8.5139679E-01
1.809370E-02,2.5447296E-01,8.8282990E-01
1.809697E-02,2.6606964E-01,9.1105865E-01
1.810025E-02,2.7720856E-01,9.4020294E-01
1.810353E-02,2.8895782E-01,9.7049164E-01
1.810680E-02,2.9994415E-01,9.9879669E-01
1.811008E-02,3.1291412E-01,1.0266440E+00
1.811336E-02,3.2382416E-01,1.0540335E+00
1.811663E-02,3.3519196E-01,1.0810416E+00
1.811991E-02,3.4610199E-01,1.1086600E+00
1.812319E-02,3.5777496E-01,1.1355154E+00
1.812646E-02,3.6845612E-01,1.1613028E+00
1.812974E-02,3.7898468E-01,1.1870139E+00
1.813302E-02,3.9027618E-01,1.2113516E+00
1.813629E-02,3.9958405E-01,1.2361472E+00
1.813957E-02,4.1057037E-01,1.2602560E+00
1.814285E-02,4.1987823E-01,1.2848227E+00
1.814612E-02,4.2964386E-01,1.3072531E+00
1.814940E-02,4.3971466E-01,1.3299124E+00
1.815268E-02,4.4825958E-01,1.3520377E+00
1.815596E-02,4.5733856E-01,1.3726370E+00
1.815923E-02,4.6550201E-01,1.3937704E+00
1.816251E-02,4.7526764E-01,1.4141409E+00
1.816579E-02,4.8228668E-01,1.4332144E+00
1.816906E-02,4.9220490E-01,1.4528983E+00
1.817234E-02,4.9876617E-01,1.4701407E+00
1.817562E-02,5.0601410E-01,1.4888327E+00
1.817889E-02,5.1143097E-01,1.5057700E+00
1.818217E-02,5.1799225E-01,1.5217917E+00
1.818545E-02,5.2325653E-01,1.5375845E+00
1.818872E-02,5.3088593E-01,1.5526907E+00
1.819200E-02,5.3477692E-01,1.5682547E+00
1.819528E-02,5.4149078E-01,1.5814536E+00
1.819855E-02,5.4469513E-01,1.5953391E+00
1.820183E-02,5.4912018E-01,1.6085379E+00
1.820511E-02,5.5201935E-01,1.6199057E+00
1.820838E-02,5.5522369E-01,1.6311209E+00
1.821166E-02,5.5758881E-01,1.6410391E+00
1.821494E-02,5.6033539E-01,1.6510336E+00
1.821821E-02,5.6117462E-01,1.6604178E+00
1.822149E-02,5.6361603E-01,1.6693442E+00
1.822477E-02,5.6384491E-01,1.6765921E+00
1.822804E-02,5.6552338E-01,1.6843741E+00
1.823132E-02,5.6338715E-01,1.6908591E+00
1.823460E-02,5.6483673E-01,1.6963522E+00
1.823788E-02,5.6331085E-01,1.7009299E+00
1.824115E-02,5.6346344E-01,1.7059653E+00
1.824443E-02,5.6025909E-01,1.7086356E+00
1.824771E-02,5.5934357E-01,1.7117636E+00
1.825098E-02,5.5468964E-01,1.7137473E+00
1.825426E-02,5.5278229E-01,1.7151968E+00
1.825754E-02,5.4728912E-01,1.7160361E+00
1.826081E-02,5.4538177E-01,1.7158072E+00
1.826409E-02,5.4027008E-01,1.7148154E+00
1.826737E-02,5.3615021E-01,1.7138998E+00
1.827064E-02,5.2958893E-01,1.7112296E+00
1.827392E-02,5.2539276E-01,1.7095511E+00
1.827720E-02,5.1669525E-01,1.7057364E+00
1.828047E-02,5.1234650E-01,1.7023032E+00
1.828375E-02,5.0334381E-01,1.6965048E+00
1.828703E-02,4.9785065E-01,1.6913168E+00
1.829030E-02,4.8846649E-01,1.6842215E+00
1.829358E-02,4.8083710E-01,1.6774313E+00
1.829686E-02,4.7137665E-01,1.6696494E+00
1.830013E-02,4.6321320E-01,1.6610281E+00
1.830341E-02,4.5298981E-01,1.6510336E+00
1.830669E-02,4.4574188E-01,1.6421072E+00
1.830996E-02,4.3475555E-01,1.6315024E+00
1.831324E-02,4.2674469E-01,1.6199057E+00
1.831652E-02,4.1484283E-01,1.6080801E+00
1.831980E-02,4.0637421E-01,1.5956442E+00
1.832307E-02,3.9210724E-01,1.5816824E+00
1.832635E-02,3.8318085E-01,1.5692465E+00
1.832963E-02,3.7036346E-01,1.5533774E+00
1.833290E-02,3.5945343E-01,1.5393393E+00
1.833618E-02,3.4663605E-01,1.5220206E+00
1.833946E-02,3.3618378E-01,1.5064566E+00
1.834273E-02,3.2267975E-01,1.4878409E+00
1.834601E-02,3.1238007E-01,1.4718192E+00
1.834929E-02,2.9757904E-01,1.4523642E+00
1.835256E-02,2.8727936E-01,1.4344351E+00
1.835584E-02,2.7179169E-01,1.4138358E+00
1.835912E-02,2.6141571E-01,1.3940756E+00
1.836239E-02,2.4791168E-01,1.3729422E+00
1.836567E-02,2.3677277E-01,1.3528769E+00
1.836895E-02,2.2235321E-01,1.3305228E+00
1.837222E-02,2.1136688E-01,1.3092368E+00
1.837550E-02,1.9587921E-01,1.2857382E+00
1.837878E-02,1.8573212E-01,1.2633078E+00
1.838205E-02,1.7154144E-01,1.2388937E+00
1.838533E-02,1.6040253E-01,1.2142508E+00
1.838861E-02,1.4590668E-01,1.1889212E+00
1.839188E-02,1.3698029E-01,1.1648886E+00
1.839516E-02,1.2225555E-01,1.1376517E+00
1.839844E-02,1.1104034E-01,1.1124747E+00
1.840172E-02,9.5781555E-02,1.0843985E+00
1.840499E-02,8.5024109E-02,1.0576956E+00
1.840827E-02,7.1520081E-02,1.0294669E+00
1.841155E-02,6.1067810E-02,1.0022299E+00
1.841482E-02,4.8555603E-02,9.7262787E-01
1.841810E-02,3.9095154E-02,9.4447540E-01
1.842138E-02,2.4675598E-02,9.1502594E-01
1.842465E-02,1.4604797E-02,8.8633942E-01
1.842793E-02,2.7029419E-03,8.5627960E-01
1.843121E-02,-5.7656860E-03,8.2530426E-01
1.843448E-02,-1.8888245E-02,7.9356598E-01
1.843776E-02,-2.7509460E-02,7.6327728E-01
1.844104E-02,-3.8648376E-02,7.3100494E-01
1.844431E-02,-4.7040710E-02,6.9919037E-01
1.844759E-02,-5.7798157E-02,6.6623138E-01
1.845087E-02,-6.6266785E-02,6.3426422E-01
1.845414E-02,-7.5040588E-02,6.0161041E-01
1.845742E-02,-8.2441101E-02,5.6941437E-01
1.846070E-02,-9.1748962E-02,5.3653168E-01
1.846397E-02,-9.9073181E-02,5.0334381E-01
1.846725E-02,-1.0670258E-01,4.6985077E-01
1.847053E-02,-1.1334015E-01,4.3658661E-01
1.847380E-02,-1.2104584E-01,4.0240692E-01
1.847708E-02,-1.2653900E-01,3.6883759E-01
1.848036E-02,-1.3348175E-01,3.3366608E-01
1.848364E-02,-1.3836456E-01,2.9956268E-01
1.848691E-02,-1.4431549E-01,2.6545929E-01
1.849019E-02,-1.4874054E-01,2.3105072E-01
1.849347E-02,-1.5499664E-01,1.9694733E-01
1.849674E-02,-1.5873505E-01,1.6353058E-01
1.850002E-02,-1.6262604E-01,1.2889313E-01
1.850330E-02,-1.6621185E-01,9.3187561E-02
1.850657E-02,-1.7063690E-01,5.7787170E-02
1.850985E-02,-1.7254425E-01,2.3683777E-02
1.851313E-02,-1.7613007E-01,-1.0419617E-02
1.851640E-02,-1.7765594E-01,-4.5133362E-02
1.851968E-02,-1.8086029E-01,-7.8778992E-02
1.852296E-02,-1.8101288E-01,-1.1395050E-01
1.852623E-02,-1.8276764E-01,-1.4782501E-01
1.852951E-02,-1.8414093E-01,-1.8253876E-01
1.853279E-02,-1.8536163E-01,-2.1755768E-01
1.853606E-02,-1.8513275E-01,-2.5288177E-01
1.853934E-02,-1.8642975E-01,-2.8706146E-01
1.854262E-02,-1.8406464E-01,-3.2116486E-01
1.854589E-02,-1.8520905E-01,-3.5549713E-01
1.854917E-02,-1.8375946E-01,-3.9066864E-01
1.855245E-02,-1.8269135E-01,-4.2378021E-01
1.855572E-02,-1.8139435E-01,-4.5696808E-01
1.855900E-02,-1.8070770E-01,-4.9015594E-01
1.856228E-02,-1.7689301E-01,-5.2425934E-01
1.856556E-02,-1.7506195E-01,-5.5744720E-01
1.856883E-02,-1.7208649E-01,-5.8956696E-01
1.857211E-02,-1.7071320E-01,-6.2161041E-01
1.857539E-02,-1.6537262E-01,-6.5449310E-01
1.857866E-02,-1.6377045E-01,-6.8661285E-01
1.858194E-02,-1.6064240E-01,-7.1819855E-01
1.858522E-02,-1.5652252E-01,-7.4955536E-01
1.858849E-02,-1.5293671E-01,-7.8098846E-01
1.859177E-02,-1.5095306E-01,-8.1066681E-01
1.859505E-02,-1.4645172E-01,-8.4209991E-01
1.859832E-02,-1.4332367E-01,-8.7086273E-01
1.860160E-02,-1.3912750E-01,-8.9985443E-01
1.860488E-02,-1.3554169E-01,-9.2815948E-01
1.860815E-02,-1.3020111E-01,-9.5776154E-01
1.861143E-02,-1.2684418E-01,-9.8599030E-01
1.861471E-02,-1.2081696E-01,-1.0149057E+00
1.861798E-02,-1.1807037E-01,-1.0429056E+00
1.862126E-02,-1.1257721E-01,-1.0696085E+00
1.862454E-02,-1.0967804E-01,-1.0963113E+00
1.862781E-02,-1.0403229E-01,-1.1222513E+00
1.863109E-02,-9.9225769E-02,-1.1471994E+00
1.863437E-02,-9.5105896E-02,-1.1729105E+00
1.863764E-02,-9.0757141E-02,-1.1977823E+00
1.864092E-02,-8.5340271E-02,-1.2215097E+00
1.864420E-02,-8.1678162E-02,-1.2446268E+00
1.864748E-02,-7.6642761E-02,-1.2678201E+00
1.865075E-02,-7.2522888E-02,-1.2904031E+00
1.865403E-02,-6.7868958E-02,-1.3119943E+00
1.865731E-02,-6.3672791E-02,-1.3319070E+00
1.866058E-02,-5.9934387E-02,-1.3531168E+00
1.866386E-02,-5.4975281E-02,-1.3736398E+00
1.866714E-02,-5.2076111E-02,-1.3932474E+00
1.867041E-02,-4.8566589E-02,-1.4130075E+00
1.867369E-02,-4.4523010E-02,-1.4310892E+00
1.867697E-02,-4.1776428E-02,-1.4478738E+00
1.868024E-02,-3.7656555E-02,-1.4661081E+00
1.868352E-02,-3.4681091E-02,-1.4818246E+00
1.868680E-02,-3.1781921E-02,-1.4987619E+00
1.869007E-02,-2.8653870E-02,-1.5143259E+00
1.869335E-02,-2.4991760E-02,-1.5291269E+00
1.869663E-02,-2.2321472E-02,-1.5428598E+00
1.869990E-02,-2.0566711E-02,-1.5559061E+00
1.870318E-02,-1.7896423E-02,-1.5676553E+00
1.870646E-02,-1.6065369E-02,-1.5804727E+00
1.870973E-02,-1.4081726E-02,-1.5913828E+00
1.871301E-02,-1.2021790E-02,-1.6021402E+00
1.871629E-02,-9.2752075E-03,-1.6113718E+00
1.871956E-02,-8.2833862E-03,-1.6199167E+00
1.872284E-02,-5.5368042E-03,-1.6283853E+00
1.872612E-02,-5.7656860E-03,-1.6370828E+00
1.872940E-02,-3.0191040E-03,-1.6432626E+00
1.873267E-02,-3.8583374E-03,-1.6499002E+00
1.873595E-02,-2.8665161E-03,-1.6546304E+00
1.873923E-02,-1.7984009E-03,-1.6596658E+00
1.874250E-02,-1.1117554E-03,-1.6632516E+00
1.874578E-02,-2.0272827E-03,-1.6673715E+00
1.874906E-02,-1.1880493E-03,-1.6697366E+00
1.875233E-02,-2.7902222E-03,-1.6722543E+00
1.875561E-02,-2.3324585E-03,-1.6726358E+00
1.875889E-02,-4.2398071E-03,-1.6739328E+00
1.876216E-02,-3.4768677E-03,-1.6737039E+00
1.876544E-02,-5.4605103E-03,-1.6721780E+00
1.876872E-02,-5.2316284E-03,-1.6708047E+00
1.877199E-02,-7.4441528E-03,-1.6688974E+00
1.877527E-02,-7.3678589E-03,-1.6659219E+00
1.877855E-02,-9.1989136E-03,-1.6621072E+00
1.878182E-02,-9.5803833E-03,-1.6567667E+00
1.878510E-02,-1.1869202E-02,-1.6524179E+00
1.878838E-02,-1.2174377E-02,-1.6448648E+00
1.879165E-02,-1.5607605E-02,-1.6396768E+00
1.879493E-02,-1.6065369E-02,-1.6309030E+00
1.879821E-02,-1.8659363E-02,-1.6235788E+00
1.880148E-02,-1.8888245E-02,-1.6133554E+00
1.880476E-02,-2.2321472E-02,-1.6044290E+00
1.880804E-02,-2.1711121E-02,-1.5942056E+00
1.881132E-02,-2.5373230E-02,-1.5842111E+00
1.881459E-02,-2.5296936E-02,-1.5720804E+00
1.881787E-02,-2.9569397E-02,-1.5604074E+00
1.882115E-02,-2.9416809E-02,-1.5467508E+00
1.882442E-02,-3.3460388E-02,-1.5345438E+00
1.882770E-02,-3.3612976E-02,-1.5196664E+00
1.883098E-02,-3.7198792E-02,-1.5053232E+00
1.883425E-02,-3.7046204E-02,-1.4881570E+00
1.883753E-02,-4.1318665E-02,-1.4744241E+00
1.884081E-02,-3.9792786E-02,-1.4556558E+00
1.884408E-02,-4.3683777E-02,-1.4392526E+00
1.884736E-02,-4.2157898E-02,-1.4201791E+00
1.885064E-02,-4.5209656E-02,-1.4029367E+00
1.885391E-02,-4.4675598E-02,-1.3823373E+00
1.885719E-02,-4.8337708E-02,-1.3626535E+00
1.886047E-02,-4.6354065E-02,-1.3416727E+00
1.886374E-02,-4.9176941E-02,-1.3207681E+00
1.886702E-02,-4.7727356E-02,-1.2979562E+00
1.887030E-02,-4.9710999E-02,-1.2761362E+00
1.887357E-02,-4.7727356E-02,-1.2531717E+00
1.887685E-02,-5.0092468E-02,-1.2299020E+00
1.888013E-02,-4.8948059E-02,-1.2057932E+00
1.888340E-02,-4.8795471E-02,-1.1818369E+00
1.888668E-02,-4.7498474E-02,-1.1562021E+00
1.888996E-02,-4.8108826E-02,-1.1313303E+00
1.889324E-02,-4.5667419E-02,-1.1047800E+00
1.889651E-02,-4.5133362E-02,-1.0791452E+00
1.889979E-02,-4.1852722E-02,-1.0518320E+00
1.890307E-02,-4.1623840E-02,-1.0241373E+00
1.890634E-02,-3.8114319E-02,-9.9522186E-01
1.890962E-02,-3.6664734E-02,-9.6760345E-01
1.891290E-02,-3.3078918E-02,-9.3800140E-01
1.891617E-02,-3.2468567E-02,-9.0984894E-01
1.891945E-02,-2.7433167E-02,-8.8078094E-01
1.892273E-02,-2.4839172E-02,-8.5201813E-01
1.892600E-02,-2.1100769E-02,-8.2172943E-01
1.892928E-02,-1.7896423E-02,-7.9128815E-01
1.893256E-02,-1.2937317E-02,-7.6099945E-01
1.893583E-02,-9.3515015E-03,-7.3010040E-01
1.893911E-02,-4.3923950E-03,-6.9798065E-01
1.894239E-02,6.4300537E-04,-6.6555573E-01
1.894566E-02,5.2969360E-03,-6.3320709E-01
1.894894E-02,1.0332336E-02,-6.0169769E-01
1.895222E-02,1.6893616E-02,-5.6858612E-01
1.895549E-02,2.2615662E-02,-5.3471161E-01
1.895877E-02,2.9176941E-02,-5.0182892E-01
1.896205E-02,3.4517517E-02,-4.6780182E-01
1.896532E-02,4.2452087E-02,-4.3537689E-01
1.896860E-02,4.8860779E-02,-4.0119720E-01
1.897188E-02,5.5879822E-02,-3.6755157E-01
1.897516E-02,6.3509216E-02,-3.3146454E-01
1.897843E-02,7.0909729E-02,-2.9736115E-01
1.898171E-02,7.8386536E-02,-2.6371552E-01
1.898499E-02,8.6931458E-02,-2.2953583E-01
1.898826E-02,9.5476379E-02,-1.9398285E-01
1.899154E-02,1.0379242E-01,-1.6010834E-01
1.899482E-02,1.1302399E-01,-1.2562347E-01
1.899809E-02,1.2286591E-01,-9.0528259E-02
1.900137E-02,1.3080048E-01,-5.6577454E-02
1.900465E-02,1.3919281E-01,-2.1634827E-02
1.900792E-02,1.4804291E-01,1.2850037E-02
1.901120E-02,1.5750336E-01,4.7334900E-02
1.901448E-02,1.6620087E-01,8.2124939E-02
1.901775E-02,1.7558502E-01,1.1828827E-01
1.902103E-02,1.8458771E-01,1.5147614E-01
1.902431E-02,1.9458221E-01,1.8634247E-01
1.902758E-02,2.0434784E-01,2.2044586E-01
1.903086E-02,2.1357941E-01,2.5500702E-01
1.903414E-02,2.2494720E-01,2.8895782E-01
1.903741E-02,2.3448395E-01,3.2382416E-01
1.904069E-02,2.4417328E-01,3.5815643E-01
1.904397E-02,2.5325226E-01,3.9233612E-01
1.904724E-02,2.6362823E-01,4.2582916E-01
1.905052E-02,2.7316498E-01,4.5947479E-01
1.905380E-02,2.8285431E-01,4.9357819E-01
1.905708E-02,2.9353546E-01,5.2737640E-01
1.906035E-02,3.0192780E-01,5.5934357E-01
1.906363E-02,3.1108307E-01,5.9291290E-01
1.906691E-02,3.2145905E-01,6.2617706E-01
1.907018E-02,3.3030914E-01,6.5806793E-01
1.907346E-02,3.4068512E-01,6.9095062E-01
1.907674E-02,3.4900116E-01,7.2207855E-01
1.908001E-02,3.5777496E-01,7.5480865E-01
1.908329E-02,3.6738800E-01,7.8570770E-01
1.908657E-02,3.7654327E-01,8.1721710E-01
1.908984E-02,3.8409637E-01,8.4742950E-01
1.909312E-02,3.9325165E-01,8.7855743E-01
1.909640E-02,4.0019440E-01,9.0732025E-01
1.909967E-02,4.0927338E-01,9.3669342E-01
1.910295E-02,4.1583466E-01,9.6576141E-01
1.910623E-02,4.2369293E-01,9.9406647E-01
1.910950E-02,4.2849945E-01,1.0224478E+00
1.911278E-02,4.3666290E-01,1.0493033E+00
1.911606E-02,4.4192719E-01,1.0769217E+00
1.911933E-02,4.4993805E-01,1.1045401E+00
1.912261E-02,4.5360016E-01,1.1300986E+00
1.912589E-02,4.5939850E-01,1.1577933E+00
1.912916E-02,4.6367096E-01,1.1825888E+00
1.913244E-02,4.7061371E-01,1.2079947E+00
1.913572E-02,4.7252106E-01,1.2314932E+00
1.913900E-02,4.7793793E-01,1.2567465E+00
1.914227E-02,4.8015045E-01,1.2806265E+00
1.914555E-02,4.8449921E-01,1.3025992E+00
1.914883E-02,4.8541473E-01,1.3252585E+00
1.915210E-02,4.8930573E-01,1.3479941E+00
1.915538E-02,4.8991608E-01,1.3690512E+00
1.915866E-02,4.9266266E-01,1.3904135E+00
1.916193E-02,4.9212860E-01,1.4104788E+00
1.916521E-02,4.9418854E-01,1.4303915E+00
1.916849E-02,4.9121307E-01,1.4483206E+00
1.917176E-02,4.9312042E-01,1.4674704E+00
1.917504E-02,4.9159454E-01,1.4859335E+00
1.917832E-02,4.9235748E-01,1.5034811E+00
1.918159E-02,4.8808502E-01,1.5199606E+00
1.918487E-02,4.8777985E-01,1.5364401E+00
1.918815E-02,4.8266815E-01,1.5520804E+00
1.919142E-02,4.8213409E-01,1.5664236E+00
1.919470E-02,4.7725128E-01,1.5806143E+00
1.919798E-02,4.7488617E-01,1.5932791E+00
1.920125E-02,4.6733307E-01,1.6059439E+00
1.920453E-02,4.6489166E-01,1.6186087E+00
1.920781E-02,4.5756744E-01,1.6289084E+00
1.921108E-02,4.5398163E-01,1.6402762E+00
1.921436E-02,4.4642853E-01,1.6501944E+00
1.921764E-02,4.4200348E-01,1.6601889E+00
1.922092E-02,4.3223785E-01,1.6675131E+00
1.922419E-02,4.2712616E-01,1.6757529E+00
1.922747E-02,4.1758942E-01,1.6822379E+00
1.923075E-02,4.1049408E-01,1.6892569E+00
1.923402E-02,4.0057587E-01,1.6943686E+00
1.923730E-02,3.9317535E-01,1.7002432E+00
1.924058E-02,3.8333344E-01,1.7045157E+00
1.924385E-02,3.7494110E-01,1.7082541E+00
1.924713E-02,3.6250519E-01,1.7104666E+00
1.925041E-02,3.5342621E-01,1.7137473E+00
1.925368E-02,3.4144806E-01,1.7151205E+00
1.925696E-02,3.3259796E-01,1.7160361E+00
1.926024E-02,3.2000946E-01,1.7156546E+00
1.926351E-02,3.1100677E-01,1.7161124E+00
1.926679E-02,2.9673981E-01,1.7142813E+00
1.927007E-02,2.8651642E-01,1.7130606E+00
1.927334E-02,2.7263092E-01,1.7088644E+00
1.927662E-02,2.6194977E-01,1.7070334E+00
1.927990E-02,2.4882721E-01,1.7014639E+00
1.928317E-02,2.3738312E-01,1.6977255E+00
1.928645E-02,2.2204803E-01,1.6910880E+00
1.928973E-02,2.1228241E-01,1.6859763E+00
1.929300E-02,1.9732880E-01,1.6777365E+00
1.929628E-02,1.8542694E-01,1.6715567E+00
1.929956E-02,1.7108368E-01,1.6620963E+00
1.930284E-02,1.5941071E-01,1.6538565E+00
1.930611E-02,1.4476227E-01,1.6429465E+00
1.930939E-02,1.3339447E-01,1.6335623E+00
1.931267E-02,1.1805939E-01,1.6222708E+00
1.931594E-02,1.0592865E-01,1.6111319E+00
1.931922E-02,8.9906921E-02,1.5988486E+00
1.932250E-02,7.7013245E-02,1.5861075E+00
1.932577E-02,6.2288513E-02,1.5710776E+00
1.932905E-02,4.9776306E-02,1.5574973E+00
1.933233E-02,3.6195984E-02,1.5424673E+00
1.933560E-02,2.2691956E-02,1.5273611E+00
1.933888E-02,8.2723999E-03,1.5095847E+00
1.934216E-02,-3.9346313E-03,1.4934103E+00
1.934543E-02,-1.7896423E-02,1.4749472E+00
1.934871E-02,-3.0256042E-02,1.4565604E+00
1.935199E-02,-4.3073425E-02,1.4392416E+00
1.935526E-02,-5.5509338E-02,1.4184134E+00
1.935854E-02,-6.9318542E-02,1.3979666E+00
1.936182E-02,-8.1220398E-02,1.3784354E+00
1.936509E-02,-9.3351135E-02,1.3571494E+00
1.936837E-02,-1.0456635E-01,1.3353293E+00
1.937165E-02,-1.1662079E-01,1.3134329E+00
1.937492E-02,-1.2730194E-01,1.2916129E+00
1.937820E-02,-1.3897491E-01,1.2675803E+00
1.938148E-02,-1.4912201E-01,1.2437766E+00
1.938476E-02,-1.6087128E-01,1.2196677E+00
1.938803E-02,-1.7078949E-01,1.1957877E+00
1.939131E-02,-1.8154694E-01,1.1706870E+00
1.939459E-02,-1.9146515E-01,1.1429160E+00
1.939786E-02,-2.0100189E-01,1.1173575E+00
1.940114E-02,-2.0954681E-01,1.0896628E+00
1.940442E-02,-2.1862579E-01,1.0619681E+00
1.940769E-02,-2.2732330E-01,1.0354941E+00
1.941097E-02,-2.3495270E-01,1.0081046E+00
1.941425E-02,-2.4220062E-01,9.7926544E-01
1.941752E-02,-2.4990631E-01,9.5027374E-01
1.942080E-02,-2.5654388E-01,9.2196869E-01
1.942408E-02,-2.6302887E-01,8.9198517E-01
1.942735E-02,-2.6829315E-01,8.6245941E-01
1.943063E-02,-2.7515961E-01,8.3163666E-01
1.943391E-02,-2.8103424E-01,8.0096649E-01
1.943718E-02,-2.8629852E-01,7.6976227E-01
1.944046E-02,-2.8988434E-01,7.3726105E-01
1.944374E-02,-2.9461456E-01,7.0590424E-01
1.944701E-02,-2.9797150E-01,6.7370819E-01
1.945029E-02,-3.0178619E-01,6.4128326E-01
1.945357E-02,-3.0491425E-01,6.0931610E-01
1.945684E-02,-3.0888153E-01,5.7605194E-01
1.946012E-02,-3.0987335E-01,5.4278778E-01
1.946340E-02,-3.1208588E-01,5.0982880E-01
1.946668E-02,-3.1323029E-01,4.7595428E-01
1.946995E-02,-3.1582428E-01,4.4177460E-01
1.947323E-02,-3.1559540E-01,4.0782379E-01
1.947651E-02,-3.1651093E-01,3.7440704E-01
1.947978E-02,-3.1567169E-01,3.4007477E-01
1.948306E-02,-3.1681610E-01,3.0650543E-01
1.948634E-02,-3.1544281E-01,2.7209686E-01
1.948961E-02,-3.1361176E-01,2.3715424E-01
1.949289E-02,-3.1254364E-01,2.0358490E-01
1.949617E-02,-3.1185699E-01,1.6925262E-01
1.949944E-02,-3.0834747E-01,1.3476776E-01
1.950272E-02,-3.0666901E-01,1.0020660E-01
1.950600E-02,-3.0293060E-01,6.4729919E-02
1.950927E-02,-3.0163361E-01,3.0168762E-02
1.951255E-02,-2.9797150E-01,-4.9264526E-03
1.951583E-02,-2.9514862E-01,-3.8953552E-02
1.951910E-02,-2.9125763E-01,-7.4506531E-02
1.952238E-02,-2.8744293E-01,-1.0700775E-01
1.952566E-02,-2.8309418E-01,-1.4256073E-01
1.952893E-02,-2.7966095E-01,-1.7643524E-01
1.953221E-02,-2.7416779E-01,-2.1137787E-01
1.953549E-02,-2.6951385E-01,-2.4685455E-01
1.953876E-02,-2.6402069E-01,-2.8050018E-01
1.954204E-02,-2.5944305E-01,-3.1361176E-01
1.954532E-02,-2.5341583E-01,-3.4847809E-01
1.954860E-02,-2.4799896E-01,-3.8227631E-01
1.955187E-02,-2.4281097E-01,-4.1729523E-01
1.955515E-02,-2.3777557E-01,-4.4987274E-01
1.955843E-02,-2.3197723E-01,-4.8397614E-01
1.956170E-02,-2.2549225E-01,-5.1739288E-01
1.956498E-02,-2.1885468E-01,-5.5119110E-01
1.956826E-02,-2.1343781E-01,-5.8376862E-01
1.957153E-02,-2.0618988E-01,-6.1619354E-01
1.957481E-02,-2.0016266E-01,-6.4777924E-01
1.957809E-02,-1.9436432E-01,-6.8028046E-01
1.958136E-02,-1.8726898E-01,-7.1224762E-01
1.958464E-02,-1.8017365E-01,-7.4398590E-01
1.958792E-02,-1.7437531E-01,-7.7450348E-01
1.959119E-02,-1.6918732E-01,-8.0418182E-01
1.959447E-02,-1.6209198E-01,-8.3492828E-01
1.959775E-02,-1.5644623E-01,-8.6483551E-01
1.960102E-02,-1.4950348E-01,-8.9359833E-01
1.960430E-02,-1.4393402E-01,-9.2335297E-01
1.960758E-02,-1.3783051E-01,-9.5150543E-01
1.961085E-02,-1.3233734E-01,-9.8118378E-01
1.961413E-02,-1.2653900E-01,-1.0089548E+00
1.961741E-02,-1.2188507E-01,-1.0375650E+00
1.962068E-02,-1.1532379E-01,-1.0633524E+00
1.962396E-02,-1.1044098E-01,-1.0914285E+00
1.962724E-02,-1.0349823E-01,-1.1165292E+00
1.963052E-02,-9.8996887E-02,-1.1429269E+00
1.963379E-02,-9.2664490E-02,-1.1676462E+00
1.963707E-02,-8.9231262E-02,-1.1928995E+00
1.964035E-02,-8.2746277E-02,-1.2162454E+00
1.964362E-02,-7.9694519E-02,-1.2402017E+00
1.964690E-02,-7.3133240E-02,-1.2622507E+00
1.965018E-02,-7.0386658E-02,-1.2859781E+00
1.965345E-02,-6.4206848E-02,-1.3067300E+00
1.965673E-02,-6.2452087E-02,-1.3288553E+00
1.966001E-02,-5.7264099E-02,-1.3490732E+00
1.966328E-02,-5.4746399E-02,-1.3700540E+00
1.966656E-02,-4.9329529E-02,-1.3892038E+00
1.966984E-02,-4.8719177E-02,-1.4095743E+00
1.967311E-02,-4.3683777E-02,-1.4286478E+00
1.967639E-02,-4.3302307E-02,-1.4457376E+00
1.967967E-02,-3.8495789E-02,-1.4621408E+00
1.968294E-02,-3.8648376E-02,-1.4795358E+00
1.968622E-02,-3.3765564E-02,-1.4957864E+00
1.968950E-02,-3.4452209E-02,-1.5115030E+00
1.969277E-02,-2.9874573E-02,-1.5264566E+00
1.969605E-02,-3.0484924E-02,-1.5407236E+00
1.969933E-02,-2.7509460E-02,-1.5530069E+00
1.970260E-02,-2.7280579E-02,-1.5666635E+00
1.970588E-02,-2.4991760E-02,-1.5768869E+00
1.970916E-02,-2.6441345E-02,-1.5903146E+00
1.971244E-02,-2.2321472E-02,-1.5996225E+00
1.971571E-02,-2.5068054E-02,-1.6096170E+00
1.971899E-02,-2.2245178E-02,-1.6174753E+00
1.972227E-02,-2.2702942E-02,-1.6273172E+00
1.972554E-02,-2.1558533E-02,-1.6333444E+00
1.972882E-02,-2.4228821E-02,-1.6418893E+00
1.973210E-02,-2.0948181E-02,-1.6472299E+00
1.973537E-02,-2.5678406E-02,-1.6540201E+00
1.973865E-02,-2.3084412E-02,-1.6578348E+00
1.974193E-02,-2.4991760E-02,-1.6629465E+00
1.974520E-02,-2.3237000E-02,-1.6651590E+00
1.974848E-02,-2.6899109E-02,-1.6687448E+00
1.975176E-02,-2.5830994E-02,-1.6704996E+00
1.975503E-02,-2.9111633E-02,-1.6727884E+00
1.975831E-02,-2.7356873E-02,-1.6727121E+00
1.976159E-02,-3.0942688E-02,-1.6736276E+00
1.976486E-02,-2.9950867E-02,-1.6717966E+00
1.976814E-02,-3.2544861E-02,-1.6710336E+00
1.977142E-02,-3.1781921E-02,-1.6685159E+00
1.977469E-02,-3.5291443E-02,-1.6652353E+00
1.977797E-02,-3.5215149E-02,-1.6610391E+00
1.978125E-02,-3.7427673E-02,-1.6569193E+00
1.978452E-02,-3.7656555E-02,-1.6511209E+00
1.978780E-02,-4.0555725E-02,-1.6458566E+00
1.979108E-02,-3.9411316E-02,-1.6387613E+00
1.979436E-02,-4.2615662E-02,-1.6318948E+00
1.979763E-02,-4.2615662E-02,-1.6227396E+00
1.980091E-02,-4.4294128E-02,-1.6148050E+00
1.980419E-02,-4.3302307E-02,-1.6054208E+00
1.980746E-02,-4.5743713E-02,-1.5965707E+00
1.981074E-02,-4.4446716E-02,-1.5849741E+00
1.981402E-02,-4.6888123E-02,-1.5735300E+00
1.981729E-02,-4.6582947E-02,-1.5615518E+00
1.982057E-02,-4.8185120E-02,-1.5483530E+00
1.982385E-02,-4.7422180E-02,-1.5346964E+00
1.982712E-02,-4.8108826E-02,-1.5222604E+00
1.983040E-02,-4.6582947E-02,-1.5074594E+00
1.983368E-02,-4.8795471E-02,-1.4917429E+00
1.983695E-02,-4.6582947E-02,-1.4751871E+00
1.984023E-02,-4.7879944E-02,-1.4580209E+00
1.984351E-02,-4.6354065E-02,-1.4408548E+00
1.984678E-02,-4.6201477E-02,-1.4230783E+00
1.985006E-02,-4.4980774E-02,-1.4034708E+00
1.985334E-02,-4.3302307E-02,-1.3842447E+00
1.985661E-02,-4.2463074E-02,-1.3641794E+00
1.985989E-02,-4.0937195E-02,-1.3433511E+00
1.986317E-02,-3.8648376E-02,-1.3230569E+00
1.986644E-02,-3.8266907E-02,-1.3009317E+00
1.986972E-02,-3.5291443E-02,-1.2787302E+00
1.987300E-02,-3.3918152E-02,-1.2558420E+00
1.987628E-02,-2.9416809E-02,-1.2325723E+00
1.987955E-02,-2.7280579E-02,-1.2091501E+00
1.988283E-02,-2.3618469E-02,-1.1840494E+00
1.988611E-02,-2.0871887E-02,-1.1589487E+00
1.988938E-02,-1.6446838E-02,-1.1333902E+00
1.989266E-02,-1.3089905E-02,-1.1084421E+00
1.989594E-02,-7.5204468E-03,-1.0821207E+00
1.989921E-02,-4.7738647E-03,-1.0555704E+00
1.990249E-02,-5.7769775E-04,-1.0281808E+00
1.990577E-02,3.6947632E-03,-9.9934174E-01
1.990904E-02,1.0179749E-02,-9.7256256E-01
1.991232E-02,1.4986267E-02,-9.4334198E-01
1.991560E-02,2.0632019E-02,-9.1373993E-01
1.991887E-02,2.5743713E-02,-8.8520599E-01
1.992215E-02,3.1542053E-02,-8.5537506E-01
1.992543E-02,3.6653748E-02,-8.2546783E-01
1.992870E-02,4.4130554E-02,-7.9548431E-01
1.993198E-02,4.9852600E-02,-7.6412750E-01
1.993526E-02,5.6261292E-02,-7.3330475E-01
1.993853E-02,6.2364807E-02,-7.0156647E-01
1.994181E-02,7.0299377E-02,-6.7074371E-01
1.994509E-02,7.6326599E-02,-6.3793732E-01
1.994836E-02,8.3955994E-02,-6.0597015E-01
1.995164E-02,9.1051331E-02,-5.7385040E-01
1.995492E-02,9.9672546E-02,-5.4073883E-01
1.995820E-02,1.0669159E-01,-5.0640656E-01
1.996147E-02,1.1500763E-01,-4.7276093E-01
1.996475E-02,1.2355255E-01,-4.3896271E-01
1.996803E-02,1.3102936E-01,-4.0630890E-01
1.997130E-02,1.3919281E-01,-3.7190033E-01
1.997458E-02,1.4583038E-01,-3.3779694E-01
1.997786E-02,1.5292572E-01,-3.0239655E-01
1.998113E-02,1.6154694E-01,-2.6920868E-01
1.998441E-02,1.6971039E-01,-2.3457123E-01
1.998769E-02,1.7665314E-01,-1.9970490E-01
1.999096E-02,1.8519806E-01,-1.6506744E-01
1.999424E-02,1.9221710E-01,-1.3165070E-01
1.999752E-02,2.0167755E-01,-9.6250305E-02
2.000079E-02,2.0945953E-01,-6.1994324E-02
2.000407E-02,2.1800446E-01,-2.6822815E-02
2.000735E-02,2.2555756E-01,7.3568726E-03
2.001062E-02,2.3280548E-01,4.2452087E-02
2.001390E-02,2.3967194E-01,7.6402893E-02
2.001718E-02,2.4890350E-01,1.1264252E-01
2.002045E-02,2.5638031E-01,1.4720367E-01
2.002373E-02,2.6355194E-01,1.8199371E-01
2.002701E-02,2.7095245E-01,2.1594452E-01
2.003028E-02,2.7903961E-01,2.5119232E-01
2.003356E-02,2.8376984E-01,2.8499054E-01
2.003684E-02,2.9216217E-01,3.1970428E-01
2.004012E-02,2.9712128E-01,3.5411285E-01
2.004339E-02,3.0497955E-01,3.8829254E-01
2.004667E-02,3.1070160E-01,4.2170929E-01
2.004995E-02,3.1726288E-01,4.5634674E-01
2.005322E-02,3.2206940E-01,4.8922943E-01
2.005650E-02,3.2702850E-01,5.2325653E-01
2.005978E-02,3.3076691E-01,5.5591034E-01
2.006305E-02,3.3709930E-01,5.8978485E-01
2.006633E-02,3.4060883E-01,6.2144684E-01
2.006961E-02,3.4678864E-01,6.5493988E-01
2.007288E-02,3.4900116E-01,6.8660187E-01
2.007616E-02,3.5396027E-01,7.1963715E-01
2.007944E-02,3.5556244E-01,7.5061249E-01
2.008271E-02,3.6006378E-01,7.8288483E-01
2.008599E-02,3.6158966E-01,8.1248688E-01
2.008927E-02,3.6525177E-01,8.4445404E-01
2.009254E-02,3.6540436E-01,8.7428497E-01
2.009582E-02,3.6860870E-01,9.0480255E-01
2.009910E-02,3.6708282E-01,9.3356537E-01
2.010237E-02,3.6906647E-01,9.6316742E-01
2.010565E-02,3.6792206E-01,9.9063324E-01
2.010893E-02,3.6883759E-01,1.0193198E+00
2.011220E-02,3.6715912E-01,1.0461752E+00
2.011548E-02,3.6685394E-01,1.0753958E+00
2.011876E-02,3.6334442E-01,1.1012595E+00
2.012204E-02,3.6433624E-01,1.1294882E+00
2.012531E-02,3.5983490E-01,1.1550467E+00
2.012859E-02,3.5891937E-01,1.1811392E+00
2.013187E-02,3.5457062E-01,1.2054007E+00
2.013514E-02,3.5243439E-01,1.2305014E+00
2.013842E-02,3.4671234E-01,1.2544577E+00
2.014170E-02,3.4472870E-01,1.2789481E+00
2.014497E-02,3.3656525E-01,1.3009970E+00
2.014825E-02,3.3358978E-01,1.3237326E+00
2.015153E-02,3.2512115E-01,1.3455527E+00
2.015480E-02,3.2031464E-01,1.3676016E+00
2.015808E-02,3.1268524E-01,1.3871329E+00
2.016136E-02,3.0787872E-01,1.4084189E+00
2.016463E-02,2.9666351E-01,1.4266531E+00
2.016791E-02,2.9185699E-01,1.4464896E+00
2.017119E-02,2.8209137E-01,1.4643423E+00
2.017446E-02,2.7591156E-01,1.4835684E+00
2.017774E-02,2.6469635E-01,1.4997427E+00
2.018102E-02,2.5821136E-01,1.5176718E+00
2.018429E-02,2.4592804E-01,1.5334647E+00
2.018757E-02,2.3814606E-01,1.5494864E+00
2.019085E-02,2.2555756E-01,1.5639059E+00
2.019412E-02,2.1716522E-01,1.5787833E+00
2.019740E-02,2.0610260E-01,1.5914481E+00
2.020068E-02,1.9671844E-01,1.6052573E+00
2.020396E-02,1.8298553E-01,1.6170828E+00
2.020723E-02,1.7306732E-01,1.6293661E+00
2.021051E-02,1.6078400E-01,1.6398184E+00
2.021379E-02,1.5002655E-01,1.6510336E+00
2.021706E-02,1.3789581E-01,1.6597311E+00
2.022034E-02,1.2767242E-01,1.6691916E+00
2.022362E-02,1.1294769E-01,1.6768210E+00
2.022689E-02,9.9672546E-02,1.6846793E+00
2.023017E-02,8.5024109E-02,1.6904013E+00
2.023345E-02,7.3732605E-02,1.6966574E+00
2.023672E-02,5.8321228E-02,1.7014639E+00
2.024000E-02,4.5732727E-02,1.7061179E+00
2.024328E-02,3.1465759E-02,1.7091696E+00
2.024655E-02,1.7809143E-02,1.7131369E+00
2.024983E-02,3.8473511E-03,1.7155783E+00
2.025311E-02,-1.0343323E-02,1.7170279E+00
2.025638E-02,-2.4457703E-02,1.7179434E+00
2.025966E-02,-3.8038025E-02,1.7183249E+00
2.026294E-02,-5.1770935E-02,1.7171042E+00
2.026621E-02,-6.6114197E-02,1.7161887E+00
2.026949E-02,-7.8702698E-02,1.7143576E+00
2.027277E-02,-9.3580017E-02,1.7119162E+00
2.027604E-02,-1.0761810E-01,1.7088644E+00
2.027932E-02,-1.2165619E-01,1.7051260E+00
2.028260E-02,-1.3424469E-01,1.7001669E+00
2.028588E-02,-1.4713837E-01,1.6950552E+00
2.028915E-02,-1.6171051E-01,1.6883414E+00
2.029243E-02,-1.7551971E-01,1.6817038E+00
2.029571E-02,-1.8932892E-01,1.6739218E+00
2.029898E-02,-2.0237518E-01,1.6653769E+00
2.030226E-02,-2.1519257E-01,1.6572134E+00
2.030554E-02,-2.2823883E-01,1.6470663E+00
2.030881E-02,-2.3968292E-01,1.6369955E+00
2.031209E-02,-2.5204254E-01,1.6253989E+00
2.031537E-02,-2.6287628E-01,1.6138785E+00
2.031864E-02,-2.7500702E-01,1.6016714E+00
2.032192E-02,-2.8645111E-01,1.5889304E+00
2.032520E-02,-2.9736115E-01,1.5748923E+00
2.032847E-02,-3.0972076E-01,1.5604727E+00
2.033175E-02,-3.1963898E-01,1.5456717E+00
2.033503E-02,-3.2993866E-01,1.5297263E+00
2.033830E-02,-3.4046722E-01,1.5134756E+00
2.034158E-02,-3.4969879E-01,1.4966147E+00
2.034486E-02,-3.5862518E-01,1.4786856E+00
2.034813E-02,-3.6747528E-01,1.4606039E+00
2.035141E-02,-3.7647797E-01,1.4412253E+00
2.035469E-02,-3.8494659E-01,1.4221518E+00
2.035796E-02,-3.9196564E-01,1.4030783E+00
2.036124E-02,-4.0051056E-01,1.3819449E+00
2.036452E-02,-4.0676666E-01,1.3612692E+00
2.036780E-02,-4.1332794E-01,1.3400595E+00
2.037107E-02,-4.1805817E-01,1.3174002E+00
2.037435E-02,-4.2393280E-01,1.2946646E+00
2.037763E-02,-4.3003632E-01,1.2713187E+00
2.038090E-02,-4.3453766E-01,1.2470572E+00
2.038418E-02,-4.3949677E-01,1.2227957E+00
2.038746E-02,-4.4346405E-01,1.1979239E+00
2.039073E-02,-4.4842316E-01,1.1727469E+00
2.039401E-02,-4.5101715E-01,1.1473410E+00
2.039729E-02,-4.5368744E-01,1.1208670E+00
2.040056E-02,-4.5498444E-01,1.0943930E+00
2.040384E-02,-4.5666290E-01,1.0663168E+00
2.040712E-02,-4.5940948E-01,1.0394614E+00
2.041039E-02,-4.6047760E-01,1.0112326E+00
2.041367E-02,-4.6040131E-01,9.8361420E-01
2.041695E-02,-4.6078278E-01,9.5401215E-01
2.042022E-02,-4.6200348E-01,9.2631744E-01
2.042350E-02,-4.6032501E-01,8.9610504E-01
2.042678E-02,-4.5956207E-01,8.6627411E-01
2.043005E-02,-4.5956207E-01,8.3590912E-01
2.043333E-02,-4.5788361E-01,8.0493378E-01
2.043661E-02,-4.5498444E-01,7.7327179E-01
2.043988E-02,-4.5277191E-01,7.4283051E-01
2.044316E-02,-4.4918610E-01,7.1063446E-01
2.044644E-02,-4.4704987E-01,6.7981171E-01
2.044972E-02,-4.4300629E-01,6.4670013E-01
2.045299E-02,-4.3873383E-01,6.1480927E-01
2.045627E-02,-4.3545319E-01,5.8146881E-01
2.045955E-02,-4.3125702E-01,5.4904388E-01
2.046282E-02,-4.2728973E-01,5.1631378E-01
2.046610E-02,-4.2095734E-01,4.8274445E-01
2.046938E-02,-4.1554047E-01,4.4902252E-01
2.047265E-02,-4.0920807E-01,4.1560577E-01
2.047593E-02,-4.0340973E-01,3.8051056E-01
2.047921E-02,-3.9715363E-01,3.4686493E-01
2.048248E-02,-3.9127899E-01,3.1184601E-01
2.048576E-02,-3.8403107E-01,2.7766632E-01
2.048904E-02,-3.7739349E-01,2.4272369E-01
2.049231E-02,-3.7060333E-01,2.0923065E-01
2.049559E-02,-3.6427094E-01,1.7474579E-01
2.049887E-02,-3.5610748E-01,1.4102386E-01
2.050214E-02,-3.4939362E-01,1.0547089E-01
2.050542E-02,-3.4039093E-01,7.0986023E-02
2.050870E-02,-3.3367706E-01,3.5127869E-02
2.051197E-02,-3.2482697E-01,1.5585327E-03
2.051525E-02,-3.1849457E-01,-3.2850037E-02
2.051853E-02,-3.0979706E-01,-6.7182312E-02
2.052180E-02,-3.0224396E-01,-1.0220123E-01
2.052508E-02,-2.9308868E-01,-1.3676239E-01
2.052836E-02,-2.8500153E-01,-1.7162872E-01
2.053164E-02,-2.7638031E-01,-2.0474030E-01
2.053491E-02,-2.6936127E-01,-2.4097992E-01
2.053819E-02,-2.6035858E-01,-2.7493073E-01
2.054147E-02,-2.5265289E-01,-3.0865265E-01
2.054474E-02,-2.4365021E-01,-3.4260345E-01
2.054802E-02,-2.3655487E-01,-3.7785126E-01
2.055130E-02,-2.2739960E-01,-4.1050507E-01
2.055457E-02,-2.2175385E-01,-4.4560028E-01
2.055785E-02,-2.1206451E-01,-4.7772003E-01
2.056113E-02,-2.0580841E-01,-5.1220490E-01
2.056440E-02,-1.9680573E-01,-5.4470612E-01
2.056768E-02,-1.9077850E-01,-5.7819916E-01
2.057096E-02,-1.8139435E-01,-6.0986115E-01
2.057423E-02,-1.7521454E-01,-6.4350677E-01
2.057751E-02,-1.6766144E-01,-6.7471100E-01
2.058079E-02,-1.6262604E-01,-7.0606781E-01
2.058406E-02,-1.5339447E-01,-7.3742462E-01
2.058734E-02,-1.4736725E-01,-7.7030731E-01
2.059062E-02,-1.3950897E-01,-7.9968048E-01
2.059389E-02,-1.3523651E-01,-8.3035065E-01
2.059717E-02,-1.2737823E-01,-8.5850311E-01
2.060045E-02,-1.2409760E-01,-8.9008881E-01
2.060372E-02,-1.1662079E-01,-9.1732574E-01
2.060700E-02,-1.1334015E-01,-9.4730927E-01
2.061028E-02,-1.0502411E-01,-9.7591949E-01
2.061356E-02,-1.0258270E-01,-1.0049112E+00
2.061683E-02,-9.5563660E-02,-1.0321481E+00
2.062011E-02,-9.3045959E-02,-1.0610635E+00
2.062339E-02,-8.5569153E-02,-1.0871561E+00
2.062666E-02,-8.3356628E-02,-1.1138589E+00
2.062994E-02,-7.8397522E-02,-1.1384256E+00
2.063322E-02,-7.6795349E-02,-1.1646707E+00
2.063649E-02,-7.1302185E-02,-1.1880930E+00
2.063977E-02,-6.9776306E-02,-1.2132700E+00
2.064305E-02,-6.4740906E-02,-1.2364633E+00
2.064632E-02,-6.2757263E-02,-1.2598856E+00
2.064960E-02,-5.8103333E-02,-1.2815530E+00
2.065288E-02,-5.7645569E-02,-1.3037546E+00
2.065615E-02,-5.2991638E-02,-1.3250406E+00
2.065943E-02,-5.3067932E-02,-1.3462503E+00
2.066271E-02,-4.9863586E-02,-1.3669260E+00
2.066598E-02,-4.9482117E-02,-1.3882883E+00
2.066926E-02,-4.5285950E-02,-1.4059122E+00
2.067254E-02,-4.6354065E-02,-1.4245279E+00
2.067581E-02,-4.3912659E-02,-1.4427621E+00
2.067909E-02,-4.4065247E-02,-1.4601572E+00
2.068237E-02,-4.3149719E-02,-1.4761789E+00
2.068564E-02,-4.3836365E-02,-1.4932687E+00
2.068892E-02,-4.1929016E-02,-1.5092905E+00
2.069220E-02,-4.3226013E-02,-1.5243967E+00
2.069548E-02,-4.1623840E-02,-1.5384348E+00
2.069875E-02,-4.3607483E-02,-1.5513284E+00
2.070203E-02,-4.3302307E-02,-1.5636880E+00
2.070531E-02,-4.4523010E-02,-1.5751321E+00
2.070858E-02,-4.3988953E-02,-1.5869577E+00
2.071186E-02,-4.5591125E-02,-1.5976389E+00
2.071514E-02,-4.4980774E-02,-1.6073282E+00
2.071841E-02,-4.5743713E-02,-1.6170938E+00
2.072169E-02,-4.6811829E-02,-1.6257150E+00
2.072497E-02,-4.8414001E-02,-1.6327341E+00
2.072824E-02,-4.8337708E-02,-1.6403635E+00
2.073152E-02,-5.0092468E-02,-1.6465433E+00
2.073480E-02,-5.1465759E-02,-1.6519601E+00
2.073807E-02,-5.3220520E-02,-1.6576822E+00
2.074135E-02,-5.2915344E-02,-1.6621072E+00
2.074463E-02,-5.5280457E-02,-1.6650827E+00
2.074790E-02,-5.4898987E-02,-1.6684396E+00
2.075118E-02,-5.8789978E-02,-1.6708810E+00
2.075446E-02,-5.8866272E-02,-1.6727121E+00
2.075773E-02,-6.1612854E-02,-1.6731699E+00
2.076101E-02,-6.1689148E-02,-1.6731699E+00
2.076429E-02,-6.3291321E-02,-1.6727884E+00
2.076756E-02,-6.2757263E-02,-1.6714914E+00
2.077084E-02,-6.5274963E-02,-1.6692789E+00
2.077412E-02,-6.5046082E-02,-1.6663797E+00
2.077740E-02,-6.6953430E-02,-1.6626413E+00
2.078067E-02,-6.6495667E-02,-1.6585214E+00
2.078395E-02,-6.8097839E-02,-1.6531046E+00
2.078723E-02,-6.7487488E-02,-1.6470773E+00
2.079050E-02,-6.8555603E-02,-1.6402872E+00
2.079378E-02,-6.7182312E-02,-1.6334207E+00
2.079706E-02,-6.8784485E-02,-1.6254861E+00
2.080033E-02,-6.8555603E-02,-1.6168649E+00
2.080361E-02,-6.8555603E-02,-1.6083963E+00
2.080689E-02,-6.8097839E-02,-1.5987833E+00
2.081016E-02,-6.7792664E-02,-1.5879495E+00
2.081344E-02,-6.7182312E-02,-1.5768106E+00
2.081672E-02,-6.6648254E-02,-1.5644510E+00
2.081999E-02,-6.4817200E-02,-1.5531595E+00
2.082327E-02,-6.3520203E-02,-1.5391977E+00
2.082655E-02,-6.2757263E-02,-1.5258463E+00
2.082982E-02,-6.1155090E-02,-1.5102060E+00
2.083310E-02,-5.8103333E-02,-1.4954050E+00
2.083638E-02,-5.7035217E-02,-1.4796121E+00
2.083965E-02,-5.4288635E-02,-1.4618356E+00
2.084293E-02,-5.3830872E-02,-1.4440591E+00
2.084621E-02,-4.9787292E-02,-1.4273508E+00
2.084948E-02,-4.7498474E-02,-1.4080484E+00
2.085276E-02,-4.4065247E-02,-1.3897379E+00
2.085604E-02,-3.9792786E-02,-1.3686044E+00
2.085932E-02,-3.6054382E-02,-1.3486154E+00
2.086259E-02,-3.3536682E-02,-1.3266428E+00
2.086587E-02,-3.0484924E-02,-1.3064249E+00
2.086915E-02,-2.5678406E-02,-1.2836130E+00
2.087242E-02,-2.1558533E-02,-1.2614877E+00
2.087570E-02,-1.6675720E-02,-1.2384470E+00
2.087898E-02,-1.3395081E-02,-1.2148721E+00
2.088225E-02,-8.7411499E-03,-1.1903055E+00
2.088553E-02,-3.4768677E-03,-1.1653574E+00
2.088881E-02,1.5585327E-03,-1.1399515E+00
2.089208E-02,7.2042847E-03,-1.1137064E+00
2.089536E-02,1.2087097E-02,-1.0879190E+00
2.089864E-02,1.7885437E-02,-1.0621317E+00
2.090191E-02,2.4141541E-02,-1.0342081E+00
2.090519E-02,2.8414001E-02,-1.0069711E+00
2.090847E-02,3.4441223E-02,-9.7858978E-01
2.091174E-02,3.9934387E-02,-9.5005585E-01
2.091502E-02,4.6648254E-02,-9.2037750E-01
2.091830E-02,5.2294006E-02,-8.9230133E-01
2.092157E-02,5.8244934E-02,-8.6231781E-01
2.092485E-02,6.3966980E-02,-8.3324982E-01
2.092813E-02,7.0757141E-02,-8.0257965E-01
2.093140E-02,7.6555481E-02,-7.7229095E-01
2.093468E-02,8.3421936E-02,-7.3994232E-01
2.093796E-02,8.9830627E-02,-7.0904327E-01
2.094124E-02,9.5705261E-02,-6.7722870E-01
2.094451E-02,1.0165619E-01,-6.4526154E-01
2.094779E-02,1.0951447E-01,-6.1214996E-01
2.095107E-02,1.1523651E-01,-5.8102203E-01
2.095434E-02,1.2309479E-01,-5.4691864E-01
2.095762E-02,1.2706207E-01,-5.1434113E-01
2.096090E-02,1.3446259E-01,-4.8039032E-01
2.096417E-02,1.3873505E-01,-4.4704987E-01
2.096745E-02,1.4445709E-01,-4.1256500E-01
2.097073E-02,1.4918732E-01,-3.8029266E-01
2.097400E-02,1.5582489E-01,-3.4390045E-01
2.097728E-02,1.5895294E-01,-3.0972076E-01
2.098056E-02,1.6620087E-01,-2.7561737E-01
2.098383E-02,1.7024445E-01,-2.4097992E-01
2.098711E-02,1.7642426E-01,-2.0626617E-01
2.099039E-02,1.7985748E-01,-1.7208649E-01
2.099366E-02,1.8672394E-01,-1.3722015E-01
2.099694E-02,1.8886017E-01,-1.0296417E-01
2.100022E-02,1.9511627E-01,-6.8021545E-02
2.100349E-02,1.9687103E-01,-3.3994446E-02
2.100677E-02,2.0213531E-01,1.0244751E-03
2.101005E-02,2.0404266E-01,3.4517517E-02
2.101332E-02,2.0900177E-01,6.9383850E-02
2.101660E-02,2.0930695E-01,1.0409760E-01
2.101988E-02,2.1319794E-01,1.4010834E-01
2.102316E-02,2.1434235E-01,1.7383026E-01
2.102643E-02,2.1823334E-01,2.0869659E-01
2.102971E-02,2.1800446E-01,2.4211334E-01
2.103299E-02,2.2143768E-01,2.7720856E-01
2.103626E-02,2.2120880E-01,3.1100677E-01
2.103954E-02,2.2311615E-01,3.4625458E-01
2.104282E-02,2.2143768E-01,3.7990021E-01
2.104609E-02,2.2387909E-01,4.1537689E-01
2.104937E-02,2.2090363E-01,4.4810699E-01
2.105265E-02,2.2281097E-01,4.8282074E-01
2.105592E-02,2.1968292E-01,5.1532196E-01
2.105920E-02,2.1891998E-01,5.4904388E-01
2.106248E-02,2.1602081E-01,5.8123993E-01
2.106575E-02,2.1602081E-01,6.1511444E-01
2.106903E-02,2.1136688E-01,6.4723419E-01
2.107231E-02,2.0930695E-01,6.8011688E-01
2.107558E-02,2.0480560E-01,7.1132111E-01
2.107886E-02,2.0289825E-01,7.4412750E-01
2.108214E-02,1.9771027E-01,7.7510284E-01
2.108541E-02,1.9420074E-01,8.0569672E-01
2.108869E-02,1.8763947E-01,8.3621429E-01
2.109197E-02,1.8374847E-01,8.6856293E-01
2.109524E-02,1.7672943E-01,8.9740204E-01
2.109852E-02,1.7177032E-01,9.2715668E-01
2.110180E-02,1.6391205E-01,9.5553802E-01
2.110508E-02,1.5841888E-01,9.8491119E-01
2.110835E-02,1.5063690E-01,1.0126822E+00
2.111163E-02,1.4430450E-01,1.0409109E+00
2.111491E-02,1.3499664E-01,1.0684531E+00
2.111818E-02,1.2790131E-01,1.0956137E+00
2.112146E-02,1.1966156E-01,1.1218588E+00
2.112474E-02,1.1126923E-01,1.1490958E+00
2.112801E-02,9.9214783E-02,1.1745779E+00
2.113129E-02,9.0212097E-02,1.1999075E+00
2.113457E-02,8.0446472E-02,1.2241690E+00
2.113784E-02,7.0604553E-02,1.2485831E+00
2.114112E-02,6.0075989E-02,1.2724631E+00
2.114440E-02,4.9394836E-02,1.2960379E+00
2.114767E-02,3.7569275E-02,1.3174002E+00
2.115095E-02,2.7040710E-02,1.3402884E+00
2.115423E-02,1.4452209E-02,1.3623373E+00
2.115750E-02,2.4740601E-03,1.3845389E+00
2.116078E-02,-1.0114441E-02,1.4039938E+00
2.116406E-02,-2.1405945E-02,1.4241354E+00
2.116733E-02,-3.4223328E-02,1.4432089E+00
2.117061E-02,-4.5209656E-02,1.4619009E+00
2.117389E-02,-5.7798157E-02,1.4789145E+00
2.117716E-02,-7.1607361E-02,1.4977591E+00
2.118044E-02,-8.5340271E-02,1.5142386E+00
2.118372E-02,-9.8081360E-02,1.5308707E+00
2.118700E-02,-1.1250092E-01,1.5464346E+00
2.119027E-02,-1.2539459E-01,1.5610831E+00
2.119355E-02,-1.3836456E-01,1.5743582E+00
2.119683E-02,-1.5270782E-01,1.5890829E+00
2.120010E-02,-1.6659332E-01,1.6010611E+00
2.120338E-02,-1.8040253E-01,1.6134970E+00
2.120666E-02,-1.9444061E-01,1.6253989E+00
2.120993E-02,-2.0809723E-01,1.6356223E+00
2.121321E-02,-2.2221161E-01,1.6462271E+00
2.121649E-02,-2.3571564E-01,1.6560690E+00
2.121976E-02,-2.4899078E-01,1.6643088E+00
2.122304E-02,-2.6119781E-01,1.6734641E+00
2.122632E-02,-2.7523590E-01,1.6804068E+00
2.122959E-02,-2.8904510E-01,1.6871207E+00
2.123287E-02,-3.0254913E-01,1.6939108E+00
2.123615E-02,-3.1513763E-01,1.6988699E+00
2.123942E-02,-3.2833649E-01,1.7029135E+00
2.124270E-02,-3.4031464E-01,1.7074911E+00
2.124598E-02,-3.5313202E-01,1.7110007E+00
2.124925E-02,-3.6617828E-01,1.7130606E+00
2.125253E-02,-3.7762238E-01,1.7145102E+00
2.125581E-02,-3.8883759E-01,1.7154257E+00
2.125908E-02,-4.0073944E-01,1.7159598E+00
2.126236E-02,-4.1210724E-01,1.7157309E+00
2.126564E-02,-4.2316986E-01,1.7148154E+00
2.126892E-02,-4.3415619E-01,1.7135184E+00
2.127219E-02,-4.4590546E-01,1.7100851E+00
2.127547E-02,-4.5506073E-01,1.7078726E+00
2.127875E-02,-4.6497894E-01,1.7044394E+00
2.128202E-02,-4.7520233E-01,1.6991751E+00
2.128530E-02,-4.8466278E-01,1.6943686E+00
2.128858E-02,-4.9351288E-01,1.6878836E+00
2.129185E-02,-5.0144745E-01,1.6817038E+00
2.129513E-02,-5.0961090E-01,1.6737692E+00
2.129841E-02,-5.1754547E-01,1.6656058E+00
2.130168E-02,-5.2448822E-01,1.6568320E+00
2.130496E-02,-5.3082062E-01,1.6472189E+00
2.130824E-02,-5.3692413E-01,1.6370718E+00
2.131151E-02,-5.4333282E-01,1.6273062E+00
2.131479E-02,-5.4958893E-01,1.6150229E+00
2.131807E-02,-5.5370880E-01,1.6037314E+00
2.132134E-02,-5.5927826E-01,1.5910666E+00
2.132462E-02,-5.6316925E-01,1.5774863E+00
2.132790E-02,-5.6660248E-01,1.5636771E+00
2.133117E-02,-5.7064606E-01,1.5493338E+00
2.133445E-02,-5.7423187E-01,1.5345328E+00
2.133773E-02,-5.7705475E-01,1.5167563E+00
2.134100E-02,-5.7941986E-01,1.4986746E+00
2.134428E-02,-5.8003021E-01,1.4821188E+00
2.134756E-02,-5.8201385E-01,1.4633505E+00
2.135084E-02,-5.8201385E-01,1.4449637E+00
2.135411E-02,-5.8277679E-01,1.4252036E+00
2.135739E-02,-5.8338715E-01,1.4055197E+00
2.136067E-02,-5.8254791E-01,1.3858359E+00
2.136394E-02,-5.8125092E-01,1.3647025E+00
2.136722E-02,-5.8102203E-01,1.3428061E+00
2.137050E-02,-5.7911469E-01,1.3208334E+00
2.137377E-02,-5.7713104E-01,1.2983267E+00
2.137705E-02,-5.7247711E-01,1.2767355E+00
2.138033E-02,-5.7102753E-01,1.2511771E+00
2.138360E-02,-5.6629730E-01,1.2272208E+00
2.138688E-02,-5.6438995E-01,1.2025778E+00
2.139016E-02,-5.5866791E-01,1.1782401E+00
2.139343E-02,-5.5561615E-01,1.1522238E+00
2.139671E-02,-5.4997040E-01,1.1261313E+00
2.139999E-02,-5.4554535E-01,1.0991232E+00
2.140326E-02,-5.3875519E-01,1.0722678E+00
2.140654E-02,-5.3417755E-01,1.0441916E+00
2.140982E-02,-5.2631927E-01,1.0174124E+00
2.141309E-02,-5.2120758E-01,9.8834442E-01
2.141637E-02,-5.1342560E-01,9.6026825E-01
2.141965E-02,-5.0770355E-01,9.3051361E-01
2.142292E-02,-4.9862457E-01,9.0106415E-01
2.142620E-02,-4.9351288E-01,8.7123322E-01
2.142948E-02,-4.8443390E-01,8.4140228E-01
2.143276E-02,-4.7825409E-01,8.0996918E-01
2.143603E-02,-4.6757294E-01,7.7914642E-01
2.143931E-02,-4.6139313E-01,7.4748444E-01
2.144259E-02,-4.5071198E-01,7.1711945E-01
2.144586E-02,-4.4270111E-01,6.8385529E-01
2.144914E-02,-4.3255402E-01,6.5249847E-01
2.145242E-02,-4.2423798E-01,6.1976837E-01
2.145569E-02,-4.1355682E-01,5.8749603E-01
2.145897E-02,-4.0569855E-01,5.5415558E-01
2.146225E-02,-3.9394928E-01,5.2211212E-01
2.146552E-02,-3.8570953E-01,4.8762726E-01
2.146880E-02,-3.7380768E-01,4.5512604E-01
2.147208E-02,-3.6617828E-01,4.2079376E-01
2.147535E-02,-3.5458160E-01,3.8752960E-01
2.147863E-02,-3.4733368E-01,3.5258698E-01
2.148191E-02,-3.3520294E-01,3.1939911E-01
2.148518E-02,-3.2589508E-01,2.8422760E-01
2.148846E-02,-3.1391693E-01,2.5103973E-01
2.149174E-02,-3.0651642E-01,2.1571564E-01
2.149501E-02,-2.9385162E-01,1.8222260E-01
2.149829E-02,-2.8568817E-01,1.4766144E-01
2.150157E-02,-2.7439667E-01,1.1363434E-01
2.150484E-02,-2.6714874E-01,7.6631775E-02
2.150812E-02,-2.5478912E-01,4.2452087E-02
2.151140E-02,-2.4738861E-01,7.0516968E-03
2.151468E-02,-2.3747040E-01,-2.6136169E-02
2.151795E-02,-2.3029877E-01,-6.1689148E-02
2.152123E-02,-2.1832062E-01,-9.5716248E-02
2.152451E-02,-2.1122528E-01,-1.3088776E-01
2.152778E-02,-2.0138336E-01,-1.6422821E-01
2.153106E-02,-1.9390656E-01,-1.9863678E-01
2.153434E-02,-1.8421722E-01,-2.3289276E-01
2.153761E-02,-1.7704559E-01,-2.6791168E-01
2.154089E-02,-1.6697479E-01,-3.0186249E-01
2.154417E-02,-1.6079498E-01,-3.3665253E-01
2.154744E-02,-1.5087677E-01,-3.7090851E-01
2.155072E-02,-1.4469696E-01,-4.0585114E-01
2.155400E-02,-1.3584686E-01,-4.3881012E-01
2.155727E-02,-1.3065887E-01,-4.7215057E-01
2.156055E-02,-1.2295319E-01,-5.0526215E-01
2.156383E-02,-1.1761261E-01,-5.3875519E-01
2.156710E-02,-1.1005951E-01,-5.7156158E-01
2.157038E-02,-1.0517670E-01,-6.0421539E-01
2.157366E-02,-9.8462830E-02,-6.3587738E-01
2.157693E-02,-9.4571838E-02,-6.6868378E-01
2.158021E-02,-8.7705383E-02,-7.0049835E-01
2.158349E-02,-8.4348450E-02,-7.3177887E-01
2.158676E-02,-7.8626404E-02,-7.6359344E-01
2.159004E-02,-7.5040588E-02,-7.9418732E-01
2.159332E-02,-7.0539246E-02,-8.2424713E-01
2.159660E-02,-6.8555603E-02,-8.5400177E-01
2.159987E-02,-6.2909851E-02,-8.8322235E-01
2.160315E-02,-6.1383972E-02,-9.1221405E-01
2.160643E-02,-5.7645569E-02,-9.4006134E-01
2.160970E-02,-5.6043396E-02,-9.7042633E-01
2.161298E-02,-5.1694641E-02,-9.9789215E-01
2.161626E-02,-5.0550232E-02,-1.0252817E+00
2.161953E-02,-4.8337708E-02,-1.0534341E+00
2.162281E-02,-4.5591125E-02,-1.0803659E+00
2.162609E-02,-4.5362244E-02,-1.1070688E+00
2.162936E-02,-4.4141541E-02,-1.1331613E+00
2.163264E-02,-4.3226013E-02,-1.1584909E+00
2.163592E-02,-4.2157898E-02,-1.1834390E+00
2.163919E-02,-4.0784607E-02,-1.2079294E+00
2.164247E-02,-4.1089783E-02,-1.2314279E+00
2.164575E-02,-4.0250549E-02,-1.2555368E+00
2.164902E-02,-4.0097961E-02,-1.2775858E+00
2.165230E-02,-3.9640198E-02,-1.2991769E+00
2.165558E-02,-4.0708313E-02,-1.3209207E+00
2.165885E-02,-4.0784607E-02,-1.3415201E+00
2.166213E-02,-4.1547546E-02,-1.3618143E+00
2.166541E-02,-4.1776428E-02,-1.3827188E+00
2.166868E-02,-4.2463074E-02,-1.4021738E+00
2.167196E-02,-4.4370422E-02,-1.4212473E+00
2.167524E-02,-4.5820007E-02,-1.4395578E+00
2.167852E-02,-4.6964417E-02,-1.4556558E+00
2.168179E-02,-4.9634705E-02,-1.4730508E+00
2.168507E-02,-5.0016174E-02,-1.4890726E+00
2.168835E-02,-5.1923523E-02,-1.5055521E+00
2.169162E-02,-5.3144226E-02,-1.5202005E+00
2.169490E-02,-5.6348572E-02,-1.5345438E+00
2.169818E-02,-5.6730042E-02,-1.5478952E+00
2.170145E-02,-5.9018860E-02,-1.5601022E+00
2.170473E-02,-6.0010681E-02,-1.5719278E+00
2.170801E-02,-6.2375793E-02,-1.5835245E+00
2.171128E-02,-6.3520203E-02,-1.5942056E+00
2.171456E-02,-6.6800842E-02,-1.6043527E+00
2.171784E-02,-6.8097839E-02,-1.6143472E+00
2.172111E-02,-7.0310364E-02,-1.6233499E+00
2.172439E-02,-7.2294006E-02,-1.6307504E+00
2.172767E-02,-7.3972473E-02,-1.6373880E+00
2.173094E-02,-7.5193176E-02,-1.6447885E+00
2.173422E-02,-7.6184998E-02,-1.6507394E+00
2.173750E-02,-7.7634583E-02,-1.6563089E+00
2.174077E-02,-7.9694519E-02,-1.6608865E+00
2.174405E-02,-8.1220398E-02,-1.6653879E+00
2.174733E-02,-8.2517395E-02,-1.6680582E+00
2.175060E-02,-8.3204041E-02,-1.6713388E+00
2.175388E-02,-8.5492859E-02,-1.6716440E+00
2.175716E-02,-8.4882507E-02,-1.6725595E+00
2.176044E-02,-8.6560974E-02,-1.6720255E+00
2.176371E-02,-8.7323914E-02,-1.6720255E+00
2.176699E-02,-8.7400208E-02,-1.6703470E+00
2.177027E-02,-8.7095032E-02,-1.6689737E+00
2.177354E-02,-8.8086853E-02,-1.6655405E+00
2.177682E-02,-8.8620911E-02,-1.6634805E+00
2.178010E-02,-8.8392029E-02,-1.6583688E+00
2.178337E-02,-8.8697205E-02,-1.6530283E+00
2.178665E-02,-8.8086853E-02,-1.6475351E+00
2.178993E-02,-8.6789856E-02,-1.6412790E+00
2.179320E-02,-8.7018738E-02,-1.6338785E+00
2.179648E-02,-8.4958801E-02,-1.6265543E+00
2.179976E-02,-8.4272156E-02,-1.6184671E+00
2.180303E-02,-8.3051453E-02,-1.6099985E+00
2.180631E-02,-8.1372986E-02,-1.5996225E+00
2.180959E-02,-8.0304871E-02,-1.5903909E+00
2.181286E-02,-7.7787170E-02,-1.5781076E+00
2.181614E-02,-7.5574646E-02,-1.5670450E+00
2.181942E-02,-7.3819885E-02,-1.5538461E+00
2.182269E-02,-7.1912537E-02,-1.5404184E+00
2.182597E-02,-6.8784485E-02,-1.5254648E+00
2.182925E-02,-6.6419373E-02,-1.5124185E+00
2.183252E-02,-6.3749084E-02,-1.4960916E+00
2.183580E-02,-6.1078796E-02,-1.4800699E+00
2.183908E-02,-5.6958923E-02,-1.4635904E+00
2.184236E-02,-5.5051575E-02,-1.4461191E+00
2.184563E-02,-5.0397644E-02,-1.4278848E+00
2.184891E-02,-4.7117004E-02,-1.4101846E+00
2.185219E-02,-4.2386780E-02,-1.3902719E+00
2.185546E-02,-4.0174255E-02,-1.3705881E+00
2.185874E-02,-3.5672913E-02,-1.3496072E+00
2.186202E-02,-3.3231506E-02,-1.3300760E+00
2.186529E-02,-2.7204285E-02,-1.3082559E+00
2.186857E-02,-2.4457703E-02,-1.2872751E+00
2.187185E-02,-1.8583069E-02,-1.2642343E+00
2.187512E-02,-1.6141663E-02,-1.2410410E+00
2.187840E-02,-1.0190735E-02,-1.2170084E+00
2.188168E-02,-7.5967407E-03,-1.1927469E+00
2.188495E-02,-1.0354614E-03,-1.1681039E+00
2.188823E-02,1.2533569E-03,-1.1432321E+00
2.189151E-02,7.5857544E-03,-1.1169870E+00
2.189478E-02,1.0942688E-02,-1.0914285E+00
2.189806E-02,1.8038025E-02,-1.0648019E+00
2.190134E-02,1.9716492E-02,-1.0376413E+00
2.190461E-02,2.6811829E-02,-1.0090311E+00
2.190789E-02,2.8948059E-02,-9.8171783E-01
2.191117E-02,3.5051575E-02,-9.5272614E-01
2.191444E-02,3.7645569E-02,-9.2434479E-01
2.191772E-02,4.4893494E-02,-8.9436127E-01
2.192100E-02,4.5732727E-02,-8.6636139E-01
2.192428E-02,5.1836243E-02,-8.3508087E-01
2.192755E-02,5.4811707E-02,-8.0639435E-01
2.193083E-02,6.0304871E-02,-7.7511383E-01
2.193411E-02,6.1449280E-02,-7.4444366E-01
2.193738E-02,6.7705383E-02,-7.1178986E-01
2.194066E-02,6.8544617E-02,-6.8173004E-01
2.194394E-02,7.4266663E-02,-6.4846588E-01
2.194721E-02,7.4419250E-02,-6.1733795E-01
2.195049E-02,7.9683533E-02,-5.8415009E-01
2.195377E-02,8.0293884E-02,-5.5210663E-01
2.195704E-02,8.4032288E-02,-5.1838470E-01
2.196032E-02,8.5176697E-02,-4.8512054E-01
2.196360E-02,8.8609924E-02,-4.5132233E-01
2.196687E-02,8.8915100E-02,-4.1912628E-01
2.197015E-02,9.1432800E-02,-3.8364960E-01
2.197343E-02,9.1051331E-02,-3.4969879E-01
2.197670E-02,9.4179382E-02,-3.1460358E-01
2.197998E-02,9.3034973E-02,-2.8164459E-01
2.198326E-02,9.3645325E-02,-2.4685455E-01
2.198653E-02,9.3416443E-02,-2.1145416E-01
2.198981E-02,9.3874207E-02,-1.7628265E-01
2.199309E-02,9.2653503E-02,-1.4225555E-01
2.199636E-02,9.2424622E-02,-1.0738922E-01
2.199964E-02,9.0975037E-02,-7.3209534E-02
2.200292E-02,9.0135803E-02,-3.8648376E-02
2.200620E-02,8.6702576E-02,-3.7820435E-03
2.200947E-02,8.6092224E-02,3.0779114E-02
2.201275E-02,8.2124939E-02,6.4958801E-02
2.201603E-02,7.9836121E-02,1.0066437E-01
2.201930E-02,7.5716248E-02,1.3499664E-01
2.202258E-02,7.3198547E-02,1.7054962E-01
2.202586E-02,6.8773499E-02,2.0396637E-01
2.202913E-02,6.5569153E-02,2.3845123E-01
2.203241E-02,6.0152283E-02,2.7263092E-01
2.203569E-02,5.5574646E-02,3.0681061E-01
2.203896E-02,5.0081482E-02,3.4129547E-01
2.204224E-02,4.3977966E-02,3.7600922E-01
2.204552E-02,3.7340393E-02,4.1018890E-01
2.204879E-02,3.1542053E-02,4.4421600E-01
2.205207E-02,2.3683777E-02,4.7778534E-01
2.205535E-02,1.6969910E-02,5.1127838E-01
2.205862E-02,9.7219849E-03,5.4461884E-01
2.206190E-02,2.1688843E-03,5.7765411E-01
2.206518E-02,-6.1471558E-03,6.1023163E-01
2.206845E-02,-1.4539490E-02,6.4250397E-01
2.207173E-02,-2.3465881E-02,6.7508148E-01
2.207501E-02,-3.1934509E-02,7.0735382E-01
2.207828E-02,-4.1929016E-02,7.3893951E-01
2.208156E-02,-5.0779114E-02,7.7113556E-01
2.208484E-02,-6.0621033E-02,8.0203461E-01
2.208812E-02,-7.0691833E-02,8.3270477E-01
2.209139E-02,-8.2212219E-02,8.6268829E-01
2.209467E-02,-9.1901550E-02,8.9335846E-01
2.209795E-02,-1.0319305E-01,9.2296051E-01
2.210122E-02,-1.1395050E-01,9.5225739E-01
2.210450E-02,-1.2531830E-01,9.8071503E-01
2.210778E-02,-1.3630463E-01,1.0087912E+00
2.211105E-02,-1.4874054E-01,1.0361807E+00
2.211433E-02,-1.5926910E-01,1.0639517E+00
2.211761E-02,-1.7132355E-01,1.0918753E+00
2.212088E-02,-1.8429352E-01,1.1181204E+00
2.212416E-02,-1.9604279E-01,1.1455099E+00
2.212744E-02,-2.0931793E-01,1.1712210E+00
2.213071E-02,-2.2099091E-01,1.1965506E+00
2.213399E-02,-2.3350311E-01,1.2211935E+00
2.213727E-02,-2.4708344E-01,1.2462180E+00
2.214054E-02,-2.5868011E-01,1.2700980E+00
2.214382E-02,-2.7180267E-01,1.2929861E+00
2.214710E-02,-2.8538300E-01,1.3160269E+00
2.215037E-02,-2.9812408E-01,1.3380759E+00
2.215365E-02,-3.0994965E-01,1.3597433E+00
2.215693E-02,-3.2345367E-01,1.3806479E+00
2.216020E-02,-3.3634735E-01,1.4014761E+00
2.216348E-02,-3.4924103E-01,1.4222281E+00
2.216676E-02,-3.6182953E-01,1.4403860E+00
2.217004E-02,-3.7449432E-01,1.4589255E+00
2.217331E-02,-3.8746429E-01,1.4772360E+00
2.217659E-02,-3.9951874E-01,1.4948599E+00
2.217987E-02,-4.1142059E-01,1.5126364E+00
2.218314E-02,-4.2385651E-01,1.5297263E+00
2.218642E-02,-4.3575836E-01,1.5454428E+00
2.218970E-02,-4.4621063E-01,1.5601675E+00
2.219297E-02,-4.5834137E-01,1.5737479E+00
2.219625E-02,-4.6917511E-01,1.5881674E+00
2.219953E-02,-4.8054291E-01,1.6013663E+00
2.220280E-02,-4.9168182E-01,1.6137259E+00
2.220608E-02,-5.0236298E-01,1.6247122E+00
2.220936E-02,-5.1197601E-01,1.6363852E+00
2.221263E-02,-5.2204681E-01,1.6465323E+00
2.221591E-02,-5.3120209E-01,1.6563742E+00
2.221919E-02,-5.4157806E-01,1.6646140E+00
2.222246E-02,-5.5088593E-01,1.6740744E+00
2.222574E-02,-5.6019379E-01,1.6807883E+00
2.222902E-02,-5.6812836E-01,1.6879599E+00
2.223229E-02,-5.7697845E-01,1.6939108E+00
2.223557E-02,-5.8422638E-01,1.6989462E+00
2.223885E-02,-5.9246613E-01,1.7031424E+00
2.224212E-02,-5.9788300E-01,1.7078726E+00
2.224540E-02,-6.0566498E-01,1.7116110E+00
2.224868E-02,-6.1100555E-01,1.7131369E+00
2.225196E-02,-6.1771942E-01,1.7161887E+00
2.225523E-02,-6.2191559E-01,1.7176382E+00
2.225851E-02,-6.2832428E-01,1.7177145E+00
2.226179E-02,-6.3091827E-01,1.7175620E+00
2.226506E-02,-6.3526703E-01,1.7167990E+00
2.226834E-02,-6.3862396E-01,1.7161124E+00
2.227162E-02,-6.4312531E-01,1.7130606E+00
2.227489E-02,-6.4411713E-01,1.7103903E+00
2.227817E-02,-6.4709259E-01,1.7069571E+00
2.228145E-02,-6.4755035E-01,1.7031424E+00
2.228472E-02,-6.5105988E-01,1.6965811E+00
2.228800E-02,-6.5060211E-01,1.6908591E+00
2.229128E-02,-6.5266205E-01,1.6838400E+00
2.229455E-02,-6.5044952E-01,1.6774313E+00
2.229783E-02,-6.5136505E-01,1.6694205E+00
2.230111E-02,-6.4953400E-01,1.6610281E+00
2.230438E-02,-6.4907623E-01,1.6507285E+00
2.230766E-02,-6.4655853E-01,1.6408865E+00
2.231094E-02,-6.4549042E-01,1.6296713E+00
2.231421E-02,-6.3999725E-01,1.6199820E+00
2.231749E-02,-6.4091278E-01,1.6070883E+00
2.232077E-02,-6.3488556E-01,1.5952628E+00
2.232404E-02,-6.3297821E-01,1.5810721E+00
2.232732E-02,-6.2733246E-01,1.5672629E+00
2.233060E-02,-6.2389923E-01,1.5519278E+00
2.233388E-02,-6.1665131E-01,1.5371268E+00
