in s,C1 in V,C2 in V
7.185990E-02,4.1740417E-02,-1.6532822E+00
7.186318E-02,3.8154602E-02,-1.6403122E+00
7.186646E-02,3.4797668E-02,-1.6270370E+00
7.186973E-02,3.1288147E-02,-1.6117020E+00
7.187301E-02,2.8083801E-02,-1.5966721E+00
7.187629E-02,2.3048401E-02,-1.5802689E+00
7.187956E-02,1.9462585E-02,-1.5641708E+00
7.188284E-02,1.4350891E-02,-1.5473862E+00
7.188612E-02,1.0002136E-02,-1.5286942E+00
7.188940E-02,5.6533813E-03,-1.5091629E+00
7.189267E-02,9.9945068E-04,-1.4885635E+00
7.189595E-02,-4.6463013E-03,-1.4668961E+00
7.189923E-02,-8.5372925E-03,-1.4444656E+00
7.190250E-02,-1.3877869E-02,-1.4205093E+00
7.190578E-02,-1.9142151E-02,-1.3962479E+00
7.190906E-02,-2.3948669E-02,-1.3715286E+00
7.191233E-02,-2.8221130E-02,-1.3463516E+00
7.191561E-02,-3.2722473E-02,-1.3192673E+00
7.191889E-02,-3.8520813E-02,-1.2937088E+00
7.192216E-02,-4.3556213E-02,-1.2646408E+00
7.192544E-02,-4.7142029E-02,-1.2371750E+00
7.192872E-02,-5.2864075E-02,-1.2072678E+00
7.193199E-02,-5.6602478E-02,-1.1771317E+00
7.193527E-02,-6.2095642E-02,-1.1468430E+00
7.193855E-02,-6.4918518E-02,-1.1160202E+00
7.194182E-02,-7.0564270E-02,-1.0835190E+00
7.194510E-02,-7.4607849E-02,-1.0510941E+00
7.194838E-02,-7.7125549E-02,-1.0182877E+00
7.195165E-02,-8.0101013E-02,-9.8357391E-01
7.195493E-02,-8.3534241E-02,-9.4939423E-01
7.195821E-02,-8.5975647E-02,-9.1468048E-01
7.196148E-02,-9.0095520E-02,-8.7851715E-01
7.196476E-02,-9.2002869E-02,-8.4189606E-01
7.196804E-02,-9.2689514E-02,-8.0458832E-01
7.197132E-02,-9.4444275E-02,-7.6781464E-01
7.197459E-02,-9.5588684E-02,-7.2997284E-01
7.197787E-02,-9.7877502E-02,-6.9167328E-01
7.198115E-02,-9.7877502E-02,-6.5245819E-01
7.198442E-02,-9.7496033E-02,-6.1293793E-01
7.198770E-02,-9.8106384E-02,-5.7173920E-01
7.199098E-02,-9.7114563E-02,-5.3260040E-01
7.199425E-02,-9.5893860E-02,-4.9193573E-01
7.199753E-02,-9.4520569E-02,-4.5195770E-01
7.200081E-02,-9.2460632E-02,-4.0930939E-01
7.200408E-02,-9.0553284E-02,-3.6803436E-01
7.200736E-02,-8.8340759E-02,-3.2614899E-01
7.201064E-02,-8.4831238E-02,-2.8418732E-01
7.201391E-02,-8.1016541E-02,-2.4153900E-01
7.201719E-02,-7.6896667E-02,-1.9911957E-01
7.202047E-02,-7.1784973E-02,-1.5608978E-01
7.202374E-02,-6.7207336E-02,-1.1161041E-01
7.202702E-02,-6.0340881E-02,-6.7512512E-02
7.203030E-02,-5.3932190E-02,-2.3948669E-02
7.203357E-02,-4.8591614E-02,1.9767761E-02
7.203685E-02,-4.0504456E-02,6.4476013E-02
7.204013E-02,-3.3485413E-02,1.0857391E-01
7.204340E-02,-2.4864197E-02,1.5358734E-01
7.204668E-02,-1.6471863E-02,1.9852448E-01
7.204996E-02,-7.1640015E-03,2.4323273E-01
7.205324E-02,2.9067993E-03,2.8870392E-01
7.205651E-02,1.3435364E-02,3.3356476E-01
7.205979E-02,2.2590637E-02,3.7743378E-01
7.206307E-02,3.4111023E-02,4.2206573E-01
7.206634E-02,4.6012878E-02,4.6692657E-01
7.206962E-02,5.8372498E-02,5.1033783E-01
7.207290E-02,7.0808411E-02,5.5359650E-01
7.207617E-02,8.4388733E-02,5.9822845E-01
7.207945E-02,9.6519470E-02,6.4286041E-01
7.208273E-02,1.1101532E-01,6.8733978E-01
7.208600E-02,1.2497711E-01,7.3113251E-01
7.208928E-02,1.3970184E-01,7.7660370E-01
7.209256E-02,1.5488434E-01,8.2024384E-01
7.209583E-02,1.6907501E-01,8.6533356E-01
7.209911E-02,1.8570709E-01,9.0843964E-01
7.210239E-02,2.0058441E-01,9.5314789E-01
7.210566E-02,2.1714020E-01,9.9701691E-01
7.210894E-02,2.3323822E-01,1.0407333E+00
7.211222E-02,2.5162506E-01,1.0838394E+00
7.211549E-02,2.6741791E-01,1.1264877E+00
7.211877E-02,2.8435516E-01,1.1693649E+00
7.212205E-02,3.0060577E-01,1.2114029E+00
7.212532E-02,3.1861115E-01,1.2526016E+00
7.212860E-02,3.3600616E-01,1.2938766E+00
7.213188E-02,3.5324860E-01,1.3348465E+00
7.213516E-02,3.7064362E-01,1.3765793E+00
7.213843E-02,3.8971710E-01,1.4168625E+00
7.214171E-02,4.0642548E-01,1.4569931E+00
7.214499E-02,4.2504120E-01,1.4959030E+00
7.214826E-02,4.4327545E-01,1.5339737E+00
7.215154E-02,4.6135712E-01,1.5722733E+00
7.215482E-02,4.7920990E-01,1.6106491E+00
7.215809E-02,4.9752045E-01,1.6483383E+00
7.216137E-02,5.1567841E-01,1.6855698E+00
7.216465E-02,5.3292084E-01,1.7215805E+00
7.216792E-02,5.5092621E-01,1.7584305E+00
7.217120E-02,5.6870270E-01,1.7924576E+00
7.217448E-02,5.8541107E-01,1.8277817E+00
7.217775E-02,6.0303497E-01,1.8625717E+00
7.218103E-02,6.2004852E-01,1.8963699E+00
7.218431E-02,6.3523102E-01,1.9289474E+00
7.218758E-02,6.5132904E-01,1.9620590E+00
7.219086E-02,6.6696930E-01,1.9937973E+00
7.219414E-02,6.8230438E-01,2.0250778E+00
7.219741E-02,6.9588470E-01,2.0565109E+00
7.220069E-02,7.1083832E-01,2.0866470E+00
7.220397E-02,7.2548676E-01,2.1157913E+00
7.220724E-02,7.3952484E-01,2.1440964E+00
7.221052E-02,7.5371552E-01,2.1720200E+00
7.221380E-02,7.6775360E-01,2.1993332E+00
7.221708E-02,7.8011322E-01,2.2251205E+00
7.222035E-02,7.9338837E-01,2.2509842E+00
7.222363E-02,8.0521393E-01,2.2763901E+00
7.222691E-02,8.1696320E-01,2.3010330E+00
7.223018E-02,8.2711029E-01,2.3238449E+00
7.223346E-02,8.3771515E-01,2.3461990E+00
7.223674E-02,8.4725189E-01,2.3680954E+00
7.224001E-02,8.5648346E-01,2.3890762E+00
7.224329E-02,8.6510468E-01,2.4086075E+00
7.224657E-02,8.7380219E-01,2.4287491E+00
7.224984E-02,8.8181305E-01,2.4473648E+00
7.225312E-02,8.8829803E-01,2.4639206E+00
7.225640E-02,8.9432526E-01,2.4804764E+00
7.225967E-02,8.9981842E-01,2.4969559E+00
7.226295E-02,9.0431976E-01,2.5111465E+00
7.226623E-02,9.0805817E-01,2.5269394E+00
7.226950E-02,9.1057587E-01,2.5395279E+00
7.227278E-02,9.1370392E-01,2.5521164E+00
7.227606E-02,9.1645050E-01,2.5632553E+00
7.227933E-02,9.1606903E-01,2.5732498E+00
7.228261E-02,9.1736603E-01,2.5830154E+00
7.228589E-02,9.1667938E-01,2.5920944E+00
7.228916E-02,9.1591644E-01,2.5998001E+00
7.229244E-02,9.1454315E-01,2.6075058E+00
7.229572E-02,9.1255951E-01,2.6125412E+00
7.229900E-02,9.0904999E-01,2.6181107E+00
7.230227E-02,9.0447235E-01,2.6220779E+00
7.230555E-02,8.9974213E-01,2.6251297E+00
7.230883E-02,8.9386749E-01,2.6288681E+00
7.231210E-02,8.8722992E-01,2.6300125E+00
7.231538E-02,8.8158417E-01,2.6306229E+00
7.231866E-02,8.7364960E-01,2.6303177E+00
7.232193E-02,8.6540985E-01,2.6295547E+00
7.232521E-02,8.5686493E-01,2.6271896E+00
7.232849E-02,8.4740448E-01,2.6244431E+00
7.233176E-02,8.3733368E-01,2.6202469E+00
7.233504E-02,8.2703400E-01,2.6152115E+00
7.233832E-02,8.1589508E-01,2.6101761E+00
7.234159E-02,8.0338287E-01,2.6033096E+00
7.234487E-02,7.9079437E-01,2.5966721E+00
7.234815E-02,7.7797699E-01,2.5885849E+00
7.235142E-02,7.6363373E-01,2.5789719E+00
7.235470E-02,7.4997711E-01,2.5685959E+00
7.235798E-02,7.3494720E-01,2.5586777E+00
7.236125E-02,7.1953583E-01,2.5466995E+00
7.236453E-02,7.0412445E-01,2.5345688E+00
7.236781E-02,6.9008636E-01,2.5201492E+00
7.237108E-02,6.7414093E-01,2.5058060E+00
7.237436E-02,6.5918732E-01,2.4899368E+00
7.237764E-02,6.4095306E-01,2.4744492E+00
7.238092E-02,6.2462616E-01,2.4573593E+00
7.238419E-02,6.0715485E-01,2.4390488E+00
7.238747E-02,5.8861542E-01,2.4202805E+00
7.239075E-02,5.6931305E-01,2.4002914E+00
7.239402E-02,5.5100250E-01,2.3801498E+00
7.239730E-02,5.3154755E-01,2.3585587E+00
7.240058E-02,5.1178741E-01,2.3363571E+00
7.240385E-02,4.9256134E-01,2.3142319E+00
7.240713E-02,4.7325897E-01,2.2905045E+00
7.241041E-02,4.5296478E-01,2.2655563E+00
7.241368E-02,4.3244171E-01,2.2397690E+00
7.241696E-02,4.1245270E-01,2.2141342E+00
7.242024E-02,3.9131927E-01,2.1879654E+00
7.242351E-02,3.7064362E-01,2.1601181E+00
7.242679E-02,3.5103607E-01,2.1314316E+00
7.243007E-02,3.3074188E-01,2.1025925E+00
7.243334E-02,3.1052399E-01,2.0730667E+00
7.243662E-02,2.9106903E-01,2.0433884E+00
7.243990E-02,2.7062225E-01,2.0124893E+00
7.244317E-02,2.5040436E-01,1.9807510E+00
7.244645E-02,2.3011017E-01,1.9485550E+00
7.244973E-02,2.0973969E-01,1.9166641E+00
7.245300E-02,1.8929291E-01,1.8830948E+00
7.245628E-02,1.7006683E-01,1.8493729E+00
7.245956E-02,1.5091705E-01,1.8136673E+00
7.246284E-02,1.3115692E-01,1.7788010E+00
7.246611E-02,1.1238861E-01,1.7430954E+00
7.246939E-02,9.4535828E-02,1.7062454E+00
7.247267E-02,7.5767517E-02,1.6690140E+00
7.247594E-02,5.8143616E-02,1.6326218E+00
7.247922E-02,4.0672302E-02,1.5937881E+00
7.248250E-02,2.2666931E-02,1.5558701E+00
7.248577E-02,6.4163208E-03,1.5183334E+00
7.248905E-02,-9.7579956E-03,1.4800339E+00
7.249233E-02,-2.6847839E-02,1.4404373E+00
7.249560E-02,-4.1954041E-02,1.3996964E+00
7.249888E-02,-5.7518005E-02,1.3594131E+00
7.250216E-02,-7.2242737E-02,1.3188248E+00
7.250543E-02,-8.4831238E-02,1.2768631E+00
7.250871E-02,-9.9632263E-02,1.2349014E+00
7.251199E-02,-1.1306000E-01,1.1932449E+00
7.251526E-02,-1.2511444E-01,1.1503677E+00
7.251854E-02,-1.3808441E-01,1.1087112E+00
7.252182E-02,-1.4952850E-01,1.0653000E+00
7.252509E-02,-1.6028595E-01,1.0223465E+00
7.252837E-02,-1.7119598E-01,9.7946930E-01
7.253165E-02,-1.8058014E-01,9.3560028E-01
7.253492E-02,-1.9072723E-01,8.9150238E-01
7.253820E-02,-1.9927216E-01,8.4687042E-01
7.254148E-02,-2.0781708E-01,8.0261993E-01
7.254476E-02,-2.1491241E-01,7.5806427E-01
7.254803E-02,-2.2277069E-01,7.1389008E-01
7.255131E-02,-2.2864532E-01,6.6941071E-01
7.255459E-02,-2.3558807E-01,6.2531281E-01
7.255786E-02,-2.4077606E-01,5.8060455E-01
7.256114E-02,-2.4611664E-01,5.3726959E-01
7.256442E-02,-2.5054169E-01,4.9393463E-01
7.256769E-02,-2.5420380E-01,4.4907379E-01
7.257097E-02,-2.5748444E-01,4.0528107E-01
7.257425E-02,-2.6061249E-01,3.6103058E-01
7.257752E-02,-2.6183319E-01,3.1624603E-01
7.258080E-02,-2.6297760E-01,2.7100372E-01
7.258408E-02,-2.6465607E-01,2.2614288E-01
7.258735E-02,-2.6526642E-01,1.8219757E-01
7.259063E-02,-2.6442719E-01,1.3665009E-01
7.259391E-02,-2.6442719E-01,9.2704773E-02
7.259718E-02,-2.6366425E-01,4.8606873E-02
7.260046E-02,-2.6175690E-01,4.0512085E-03
7.260374E-02,-2.6068878E-01,-3.9665222E-02
7.260701E-02,-2.5794220E-01,-8.3381653E-02
7.261029E-02,-2.5527191E-01,-1.2633514E-01
7.261357E-02,-2.5176239E-01,-1.6928864E-01
7.261684E-02,-2.4787140E-01,-2.1269989E-01
7.262012E-02,-2.4390411E-01,-2.5618744E-01
7.262340E-02,-2.3963165E-01,-2.9753876E-01
7.262668E-02,-2.3482513E-01,-3.4018707E-01
7.262995E-02,-2.3032379E-01,-3.8146210E-01
7.263323E-02,-2.2414398E-01,-4.2357635E-01
7.263651E-02,-2.1849823E-01,-4.6393585E-01
7.263978E-02,-2.1323395E-01,-5.0551605E-01
7.264306E-02,-2.0644379E-01,-5.4564667E-01
7.264634E-02,-1.9911957E-01,-5.8501434E-01
7.264961E-02,-1.9301605E-01,-6.2567902E-01
7.265289E-02,-1.8744659E-01,-6.6481781E-01
7.265617E-02,-1.8035126E-01,-7.0395660E-01
7.265944E-02,-1.7356110E-01,-7.4156952E-01
7.266272E-02,-1.6532135E-01,-7.7933502E-01
7.266600E-02,-1.5830231E-01,-8.1595612E-01
7.266927E-02,-1.5219879E-01,-8.5349274E-01
7.267255E-02,-1.4388275E-01,-8.8996124E-01
7.267583E-02,-1.3602448E-01,-9.2642975E-01
7.267910E-02,-1.2839508E-01,-9.6068573E-01
7.268238E-02,-1.2046051E-01,-9.9562836E-01
7.268566E-02,-1.1336517E-01,-1.0288162E+00
7.268893E-02,-1.0459137E-01,-1.0619278E+00
7.269221E-02,-9.7190857E-02,-1.0942764E+00
7.269549E-02,-9.0476990E-02,-1.1264725E+00
7.269876E-02,-8.2008362E-02,-1.1571426E+00
7.270204E-02,-7.4836731E-02,-1.1881180E+00
7.270532E-02,-6.8275452E-02,-1.2173386E+00
7.270860E-02,-6.0722351E-02,-1.2471695E+00
7.271187E-02,-5.4237366E-02,-1.2752457E+00
7.271515E-02,-4.8057556E-02,-1.3030167E+00
7.271843E-02,-4.1725159E-02,-1.3300247E+00
7.272170E-02,-3.4477234E-02,-1.3557358E+00
7.272498E-02,-2.8221130E-02,-1.3812943E+00
7.272826E-02,-2.2575378E-02,-1.4053268E+00
7.273153E-02,-1.6548157E-02,-1.4289780E+00
7.273481E-02,-1.0749817E-02,-1.4522476E+00
7.273809E-02,-5.2566528E-03,-1.4735336E+00
7.274136E-02,8.3923340E-05,-1.4946671E+00
7.274464E-02,5.9585571E-03,-1.5158005E+00
7.274792E-02,9.5443726E-03,-1.5345688E+00
7.275119E-02,1.4427185E-02,-1.5530319E+00
7.275447E-02,1.7478943E-02,-1.5692062E+00
7.275775E-02,2.2285461E-02,-1.5862961E+00
7.276102E-02,2.5947571E-02,-1.6016312E+00
7.276430E-02,2.8846741E-02,-1.6167374E+00
7.276758E-02,3.1745911E-02,-1.6314621E+00
7.277085E-02,3.4797668E-02,-1.6452713E+00
7.277413E-02,3.8154602E-02,-1.6571732E+00
7.277741E-02,3.8993835E-02,-1.6692276E+00
7.278068E-02,4.1206360E-02,-1.6802902E+00
7.278396E-02,4.3190002E-02,-1.6890640E+00
7.278724E-02,4.4792175E-02,-1.6984482E+00
7.279052E-02,4.4944763E-02,-1.7051620E+00
7.279379E-02,4.6470642E-02,-1.7119522E+00
7.279707E-02,4.5860291E-02,-1.7180557E+00
7.280035E-02,4.6699524E-02,-1.7236252E+00
7.280362E-02,4.6012878E-02,-1.7271347E+00
7.280690E-02,4.5936584E-02,-1.7301865E+00
7.281018E-02,4.4563293E-02,-1.7324753E+00
7.281345E-02,4.3037415E-02,-1.7336960E+00
7.281673E-02,4.2121887E-02,-1.7348404E+00
7.282001E-02,4.1358948E-02,-1.7341537E+00
7.282328E-02,3.9070129E-02,-1.7330093E+00
7.282656E-02,3.7010193E-02,-1.7303391E+00
7.282984E-02,3.5331726E-02,-1.7276688E+00
7.283311E-02,3.3195496E-02,-1.7240067E+00
7.283639E-02,3.0067444E-02,-1.7193527E+00
7.283967E-02,2.7091980E-02,-1.7129440E+00
7.284294E-02,2.4574280E-02,-1.7064590E+00
7.284622E-02,2.1903992E-02,-1.6976089E+00
7.284950E-02,1.9233704E-02,-1.6888351E+00
7.285277E-02,1.6487122E-02,-1.6791458E+00
7.285605E-02,1.3664246E-02,-1.6677017E+00
7.285933E-02,1.0841370E-02,-1.6552658E+00
7.286260E-02,6.9503784E-03,-1.6434402E+00
7.286588E-02,4.1275024E-03,-1.6298599E+00
7.286916E-02,1.0757446E-03,-1.6152878E+00
7.287244E-02,-2.0523071E-03,-1.6002579E+00
7.287571E-02,-5.0277710E-03,-1.5834732E+00
7.287899E-02,-8.9950562E-03,-1.5676804E+00
7.288227E-02,-1.1054993E-02,-1.5505142E+00
7.288554E-02,-1.3114929E-02,-1.5319748E+00
7.288882E-02,-1.7768860E-02,-1.5119858E+00
7.289210E-02,-1.9828796E-02,-1.4909286E+00
7.289537E-02,-2.3414612E-02,-1.4701767E+00
7.289865E-02,-2.5856018E-02,-1.4485092E+00
7.290193E-02,-2.8755188E-02,-1.4266891E+00
7.290520E-02,-3.2112122E-02,-1.4022751E+00
7.290848E-02,-3.3409119E-02,-1.3777847E+00
7.291176E-02,-3.4934998E-02,-1.3528366E+00
7.291503E-02,-3.7376404E-02,-1.3265915E+00
7.291831E-02,-3.7452698E-02,-1.2998123E+00
7.292159E-02,-3.8597107E-02,-1.2715836E+00
7.292486E-02,-4.0351868E-02,-1.2428207E+00
7.292814E-02,-4.0428162E-02,-1.2133713E+00
7.293142E-02,-4.1496277E-02,-1.1832352E+00
7.293469E-02,-4.1343689E-02,-1.1527176E+00
7.293797E-02,-4.1419983E-02,-1.1218948E+00
7.294125E-02,-3.9665222E-02,-1.0906906E+00
7.294452E-02,-3.9665222E-02,-1.0578079E+00
7.294780E-02,-3.7757874E-02,-1.0252304E+00
7.295108E-02,-3.6079407E-02,-9.9013519E-01
7.295436E-02,-3.4553528E-02,-9.5542145E-01
7.295763E-02,-3.1501770E-02,-9.1986847E-01
7.296091E-02,-2.9060364E-02,-8.8454437E-01
7.296419E-02,-2.6390076E-02,-8.4860992E-01
7.296746E-02,-2.1507263E-02,-8.1168365E-01
7.297074E-02,-1.8074036E-02,-7.7475739E-01
7.297402E-02,-1.3954163E-02,-7.3699188E-01
7.297729E-02,-8.3847046E-03,-6.9915009E-01
7.298057E-02,-3.1204224E-03,-6.6046906E-01
7.298385E-02,2.7542114E-03,-6.2079620E-01
7.298712E-02,8.7814331E-03,-5.8074188E-01
7.299040E-02,1.6029358E-02,-5.4053497E-01
7.299368E-02,2.3048401E-02,-4.9903107E-01
7.299695E-02,2.9304504E-02,-4.5867157E-01
7.300023E-02,3.7315369E-02,-4.1762543E-01
7.300351E-02,4.6394348E-02,-3.7497711E-01
7.300678E-02,5.5625916E-02,-3.3301544E-01
7.301006E-02,6.4704895E-02,-2.9174042E-01
7.301334E-02,7.4546814E-02,-2.4909210E-01
7.301661E-02,8.5151672E-02,-2.0606232E-01
7.301989E-02,9.5756531E-02,-1.6303253E-01
7.302317E-02,1.0636139E-01,-1.1954498E-01
7.302644E-02,1.1856842E-01,-7.6133728E-02
7.302972E-02,1.2985992E-01,-3.1883240E-02
7.303300E-02,1.4176178E-01,1.2519836E-02
7.303628E-02,1.5488434E-01,5.6770325E-02
7.303955E-02,1.6663361E-01,1.0018158E-01
7.304283E-02,1.7929840E-01,1.4679718E-01
7.304611E-02,1.9280243E-01,1.9036102E-01
7.304938E-02,2.0691681E-01,2.3644257E-01
7.305266E-02,2.2034454E-01,2.8099823E-01
7.305594E-02,2.3545074E-01,3.2563019E-01
7.305921E-02,2.4887848E-01,3.7010956E-01
7.306249E-02,2.6367950E-01,4.1390228E-01
7.306577E-02,2.7848053E-01,4.5944977E-01
7.306904E-02,2.9251862E-01,5.0423431E-01
7.307232E-02,3.0800629E-01,5.4657745E-01
7.307560E-02,3.2303619E-01,5.9136200E-01
7.307887E-02,3.3882904E-01,6.3484955E-01
7.308215E-02,3.5340118E-01,6.8047333E-01
7.308543E-02,3.6843109E-01,7.2342682E-01
7.308870E-02,3.8353729E-01,7.6782990E-01
7.309198E-02,3.9940643E-01,8.1223297E-01
7.309526E-02,4.1527557E-01,8.5633087E-01
7.309853E-02,4.2992401E-01,9.0012360E-01
7.310181E-02,4.4647980E-01,9.4452667E-01
7.310509E-02,4.6105194E-01,9.8809052E-01
7.310836E-02,4.7760773E-01,1.0322647E+00
7.311164E-02,4.9156952E-01,1.0749130E+00
7.311492E-02,5.0759125E-01,1.1174088E+00
7.311820E-02,5.2269745E-01,1.1599808E+00
7.312147E-02,5.3826141E-01,1.2027054E+00
7.312475E-02,5.5222321E-01,1.2434464E+00
7.312803E-02,5.6710052E-01,1.2858658E+00
7.313130E-02,5.8129120E-01,1.3271408E+00
7.313458E-02,5.9494781E-01,1.3678818E+00
7.313786E-02,6.0868073E-01,1.4084702E+00
7.314113E-02,6.2241364E-01,1.4486008E+00
7.314441E-02,6.3568878E-01,1.4879684E+00
7.314769E-02,6.4682770E-01,1.5267258E+00
7.315096E-02,6.5796661E-01,1.5647202E+00
7.315424E-02,6.6849518E-01,1.6024857E+00
7.315752E-02,6.8032074E-01,1.6405563E+00
7.316079E-02,6.9054413E-01,1.6776352E+00
7.316407E-02,6.9962311E-01,1.7138748E+00
7.316735E-02,7.1045685E-01,1.7505722E+00
7.317062E-02,7.2022247E-01,1.7862778E+00
7.317390E-02,7.2853851E-01,1.8219070E+00
7.317718E-02,7.3738861E-01,1.8570786E+00
7.318045E-02,7.4524689E-01,1.8905716E+00
7.318373E-02,7.5287628E-01,1.9239120E+00
7.318701E-02,7.5836945E-01,1.9560318E+00
7.319028E-02,7.6592255E-01,1.9878464E+00
7.319356E-02,7.7278900E-01,2.0202713E+00
7.319684E-02,7.7782440E-01,2.0506363E+00
7.320012E-02,7.8240204E-01,2.0808487E+00
7.320339E-02,7.8591156E-01,2.1102982E+00
7.320667E-02,7.8842926E-01,2.1389847E+00
7.320995E-02,7.9178619E-01,2.1666794E+00
7.321322E-02,7.9331207E-01,2.1935349E+00
7.321650E-02,7.9438019E-01,2.2189407E+00
7.321978E-02,7.9552460E-01,2.2455673E+00
7.322305E-02,7.9476166E-01,2.2710495E+00
7.322633E-02,7.9392242E-01,2.2952347E+00
7.322961E-02,7.9216766E-01,2.3177414E+00
7.323288E-02,7.8942108E-01,2.3406296E+00
7.323616E-02,7.8759003E-01,2.3629837E+00
7.323944E-02,7.8339386E-01,2.3851089E+00
7.324271E-02,7.7896881E-01,2.4054031E+00
7.324599E-02,7.7439117E-01,2.4247055E+00
7.324927E-02,7.6905060E-01,2.4440079E+00
7.325254E-02,7.6264191E-01,2.4611740E+00
7.325582E-02,7.5516510E-01,2.4778061E+00
7.325910E-02,7.4730682E-01,2.4941330E+00
7.326237E-02,7.3792267E-01,2.5094681E+00
7.326565E-02,7.2922516E-01,2.5233536E+00
7.326893E-02,7.1884918E-01,2.5369339E+00
7.327220E-02,7.0809174E-01,2.5489883E+00
7.327548E-02,6.9809723E-01,2.5610428E+00
7.327876E-02,6.8726349E-01,2.5713425E+00
7.328204E-02,6.7520905E-01,2.5807266E+00
7.328531E-02,6.6239166E-01,2.5885086E+00
7.328859E-02,6.5033722E-01,2.5973587E+00
7.329187E-02,6.3729095E-01,2.6044540E+00
7.329514E-02,6.2279510E-01,2.6102524E+00
7.329842E-02,6.0715485E-01,2.6162796E+00
7.330170E-02,5.9166718E-01,2.6213150E+00
7.330497E-02,5.7541656E-01,2.6244431E+00
7.330825E-02,5.5886078E-01,2.6269608E+00
7.331153E-02,5.4085541E-01,2.6280289E+00
7.331480E-02,5.2391815E-01,2.6290207E+00
7.331808E-02,5.0614166E-01,2.6294022E+00
7.332136E-02,4.8714447E-01,2.6286392E+00
7.332463E-02,4.6845245E-01,2.6271133E+00
7.332791E-02,4.4915009E-01,2.6249771E+00
7.333119E-02,4.2855072E-01,2.6210861E+00
7.333446E-02,4.0924835E-01,2.6167374E+00
7.333774E-02,3.8956451E-01,2.6105576E+00
7.334102E-02,3.6896515E-01,2.6049118E+00
7.334429E-02,3.4844208E-01,2.5975113E+00
7.334757E-02,3.2761383E-01,2.5893478E+00
7.335085E-02,3.0533600E-01,2.5805740E+00
7.335412E-02,2.8481293E-01,2.5704269E+00
7.335740E-02,2.6345062E-01,2.5590591E+00
7.336068E-02,2.4224091E-01,2.5473099E+00
7.336396E-02,2.2133636E-01,2.5348740E+00
7.336723E-02,1.9921112E-01,2.5219040E+00
7.337051E-02,1.7647552E-01,2.5076370E+00
7.337379E-02,1.5511322E-01,2.4926071E+00
7.337706E-02,1.3390350E-01,2.4765091E+00
7.338034E-02,1.1139679E-01,2.4591904E+00
7.338362E-02,9.0187073E-02,2.4409561E+00
7.338689E-02,6.7756653E-02,2.4231796E+00
7.339017E-02,4.6775818E-02,2.4036484E+00
7.339345E-02,2.5489807E-02,2.3823624E+00
7.339672E-02,4.1275024E-03,2.3616867E+00
7.340000E-02,-1.6319275E-02,2.3393326E+00
7.340328E-02,-3.7757874E-02,2.3172073E+00
7.340655E-02,-5.7136536E-02,2.2937851E+00
7.340983E-02,-7.6515198E-02,2.2691422E+00
7.341311E-02,-9.5741272E-02,2.2435074E+00
7.341638E-02,-1.1511993E-01,2.2182541E+00
7.341966E-02,-1.3510895E-01,2.1921616E+00
7.342294E-02,-1.5410614E-01,2.1647720E+00
7.342621E-02,-1.7264557E-01,2.1365433E+00
7.342949E-02,-1.9034576E-01,2.1077042E+00
7.343277E-02,-2.0804596E-01,2.0778732E+00
7.343604E-02,-2.2498322E-01,2.0485764E+00
7.343932E-02,-2.4199677E-01,2.0177536E+00
7.344260E-02,-2.5702667E-01,1.9858627E+00
7.344588E-02,-2.7373505E-01,1.9535904E+00
7.344915E-02,-2.8845978E-01,1.9209366E+00
7.345243E-02,-3.0326080E-01,1.8872147E+00
7.345571E-02,-3.1813812E-01,1.8533401E+00
7.345898E-02,-3.3202362E-01,1.8184738E+00
7.346226E-02,-3.4468842E-01,1.7834549E+00
7.346554E-02,-3.5727692E-01,1.7482834E+00
7.346881E-02,-3.6872101E-01,1.7116623E+00
7.347209E-02,-3.8031769E-01,1.6753464E+00
7.347537E-02,-3.9046478E-01,1.6372757E+00
7.347864E-02,-4.0000153E-01,1.6004257E+00
7.348192E-02,-4.0900421E-01,1.5616684E+00
7.348520E-02,-4.1785431E-01,1.5237503E+00
7.348847E-02,-4.2662811E-01,1.4852982E+00
7.349175E-02,-4.3425751E-01,1.4460068E+00
7.349503E-02,-4.4020844E-01,1.4052658E+00
7.349830E-02,-4.4676971E-01,1.3647537E+00
7.350158E-02,-4.5195770E-01,1.3237076E+00
7.350486E-02,-4.5638275E-01,1.2828903E+00
7.350813E-02,-4.6141815E-01,1.2413864E+00
7.351141E-02,-4.6492767E-01,1.1991196E+00
7.351469E-02,-4.6767426E-01,1.1579208E+00
7.351796E-02,-4.7019196E-01,1.1156540E+00
7.352124E-02,-4.7156525E-01,1.0724716E+00
7.352452E-02,-4.7324371E-01,1.0297470E+00
7.352780E-02,-4.7438812E-01,9.8618317E-01
7.353107E-02,-4.7377777E-01,9.4277191E-01
7.353435E-02,-4.7400665E-01,8.9836884E-01
7.353763E-02,-4.7240448E-01,8.5427094E-01
7.354090E-02,-4.7263336E-01,8.1040192E-01
7.354418E-02,-4.6988678E-01,7.6569366E-01
7.354746E-02,-4.6714020E-01,7.2159576E-01
7.355073E-02,-4.6408844E-01,6.7742157E-01
7.355401E-02,-4.6210480E-01,6.3324738E-01
7.355729E-02,-4.5844269E-01,5.8823395E-01
7.356056E-02,-4.5386505E-01,5.4360199E-01
7.356384E-02,-4.4944000E-01,5.0003815E-01
7.356712E-02,-4.4448090E-01,4.5601654E-01
7.357039E-02,-4.3807220E-01,4.1123199E-01
7.357367E-02,-4.3135834E-01,3.6713409E-01
7.357695E-02,-4.2441559E-01,3.2303619E-01
7.358022E-02,-4.1716766E-01,2.7840424E-01
7.358350E-02,-4.0984344E-01,2.3323822E-01
7.358678E-02,-4.0335846E-01,1.8883514E-01
7.359005E-02,-3.9458466E-01,1.4504242E-01
7.359333E-02,-3.8733673E-01,9.9266052E-02
7.359661E-02,-3.7833405E-01,5.5244446E-02
7.359988E-02,-3.6872101E-01,1.0993958E-02
7.360316E-02,-3.6063385E-01,-3.3180237E-02
7.360644E-02,-3.5140228E-01,-7.7354431E-02
7.360972E-02,-3.4133148E-01,-1.2091827E-01
7.361299E-02,-3.3133698E-01,-1.6349030E-01
7.361627E-02,-3.2118988E-01,-2.0705414E-01
7.361955E-02,-3.1127167E-01,-2.4909210E-01
7.362282E-02,-3.0173492E-01,-2.9204559E-01
7.362610E-02,-2.9135895E-01,-3.3362579E-01
7.362938E-02,-2.8067780E-01,-3.7574005E-01
7.363265E-02,-2.7014923E-01,-4.1617584E-01
7.363593E-02,-2.6030731E-01,-4.5760345E-01
7.363921E-02,-2.4993134E-01,-4.9918365E-01
7.364248E-02,-2.3848724E-01,-5.3908539E-01
7.364576E-02,-2.2834015E-01,-5.8013153E-01
7.364904E-02,-2.1865082E-01,-6.1965179E-01
7.365231E-02,-2.0911407E-01,-6.5863800E-01
7.365559E-02,-1.9828033E-01,-6.9762421E-01
7.365887E-02,-1.8843842E-01,-7.3683929E-01
7.366214E-02,-1.7821503E-01,-7.7330780E-01
7.366542E-02,-1.6822052E-01,-8.1122589E-01
7.366870E-02,-1.5868378E-01,-8.4731293E-01
7.367197E-02,-1.4983368E-01,-8.8454437E-01
7.367525E-02,-1.4113617E-01,-9.2009735E-01
7.367853E-02,-1.3144684E-01,-9.5511627E-01
7.368180E-02,-1.2213898E-01,-9.8998260E-01
7.368508E-02,-1.1374664E-01,-1.0234756E+00
7.368836E-02,-1.0497284E-01,-1.0560532E+00
7.369164E-02,-9.8335266E-02,-1.0893936E+00
7.369491E-02,-8.9790344E-02,-1.1210556E+00
7.369819E-02,-8.1474304E-02,-1.1526413E+00
7.370147E-02,-7.4531555E-02,-1.1835403E+00
7.370474E-02,-6.7359924E-02,-1.2127609E+00
7.370802E-02,-6.0798645E-02,-1.2430496E+00
7.371130E-02,-5.4084778E-02,-1.2718887E+00
7.371457E-02,-4.9507141E-02,-1.2976761E+00
7.371785E-02,-4.3708801E-02,-1.3253708E+00
7.372113E-02,-3.7452698E-02,-1.3506241E+00
7.372440E-02,-3.2951355E-02,-1.3765640E+00
7.372768E-02,-2.7305603E-02,-1.4002151E+00
7.373096E-02,-2.3185730E-02,-1.4240952E+00
7.373423E-02,-1.8608093E-02,-1.4483566E+00
7.373751E-02,-1.5251160E-02,-1.4697952E+00
7.374079E-02,-1.2733459E-02,-1.4905472E+00
7.374406E-02,-9.1476440E-03,-1.5109177E+00
7.374734E-02,-6.5536499E-03,-1.5304489E+00
7.375062E-02,-4.6463013E-03,-1.5478439E+00
7.375389E-02,-2.8915405E-03,-1.5651627E+00
7.375717E-02,-1.4495850E-04,-1.5824814E+00
7.376045E-02,1.3046265E-03,-1.5984268E+00
7.376372E-02,2.7542114E-03,-1.6138382E+00
7.376700E-02,3.2119751E-03,-1.6280289E+00
7.377028E-02,4.4326782E-03,-1.6413803E+00
7.377356E-02,3.8986206E-03,-1.6547318E+00
7.377683E-02,3.8223267E-03,-1.6665573E+00
7.378011E-02,4.7378540E-03,-1.6777725E+00
7.378339E-02,3.8986206E-03,-1.6863937E+00
7.378666E-02,2.7542114E-03,-1.6963882E+00
7.378994E-02,2.9067993E-03,-1.7032547E+00
7.379322E-02,9.9945068E-04,-1.7101212E+00
7.379649E-02,7.6293945E-06,-1.7172928E+00
7.379977E-02,-4.5013428E-04,-1.7221756E+00
7.380305E-02,-2.5100708E-03,-1.7265244E+00
7.380632E-02,-4.4174194E-03,-1.7300339E+00
7.380960E-02,-6.4773560E-03,-1.7316360E+00
7.381288E-02,-8.8424683E-03,-1.7340775E+00
7.381615E-02,-1.0597229E-02,-1.7351456E+00
7.381943E-02,-1.2428284E-02,-1.7350693E+00
7.382271E-02,-1.4945984E-02,-1.7340775E+00
7.382598E-02,-1.8074036E-02,-1.7313309E+00
7.382926E-02,-2.0133972E-02,-1.7281265E+00
7.383254E-02,-2.1659851E-02,-1.7241592E+00
7.383581E-02,-2.4711609E-02,-1.7194290E+00
7.383909E-02,-2.7229309E-02,-1.7135544E+00
7.384237E-02,-2.9518127E-02,-1.7071457E+00
7.384564E-02,-3.2188416E-02,-1.6991348E+00
7.384892E-02,-3.4553528E-02,-1.6905899E+00
7.385220E-02,-3.6918640E-02,-1.6805954E+00
7.385548E-02,-3.8978577E-02,-1.6701431E+00
7.385875E-02,-4.0885925E-02,-1.6577835E+00
7.386203E-02,-4.1954041E-02,-1.6460342E+00
7.386531E-02,-4.3022156E-02,-1.6329880E+00
7.386858E-02,-4.4776917E-02,-1.6171188E+00
7.387186E-02,-4.5997620E-02,-1.6029282E+00
7.387514E-02,-4.6836853E-02,-1.5862198E+00
7.387841E-02,-4.8057556E-02,-1.5705795E+00
7.388169E-02,-4.9049377E-02,-1.5534134E+00
7.388497E-02,-4.9201965E-02,-1.5345688E+00
7.388824E-02,-5.0041199E-02,-1.5158005E+00
7.389152E-02,-4.9812317E-02,-1.4948959E+00
7.389480E-02,-4.9507141E-02,-1.4743729E+00
7.389807E-02,-4.9278259E-02,-1.4525528E+00
7.390135E-02,-4.7828674E-02,-1.4303513E+00
7.390463E-02,-4.7065735E-02,-1.4068527E+00
7.390790E-02,-4.5616150E-02,-1.3815994E+00
7.391118E-02,-4.3937683E-02,-1.3575668E+00
7.391446E-02,-4.0962219E-02,-1.3306351E+00
7.391773E-02,-3.9054871E-02,-1.3045425E+00
7.392101E-02,-3.5469055E-02,-1.2769241E+00
7.392429E-02,-3.2722473E-02,-1.2483902E+00
7.392756E-02,-2.8907776E-02,-1.2187119E+00
7.393084E-02,-2.6237488E-02,-1.1890335E+00
7.393412E-02,-2.0668030E-02,-1.1583633E+00
7.393740E-02,-1.6242981E-02,-1.1269302E+00
7.394067E-02,-1.0826111E-02,-1.0951157E+00
7.394395E-02,-5.7907104E-03,-1.0628433E+00
7.394723E-02,-2.2125244E-04,-1.0301895E+00
7.395050E-02,6.5689087E-03,-9.9646759E-01
7.395378E-02,1.2214661E-02,-9.6091461E-01
7.395706E-02,1.9386292E-02,-9.2704010E-01
7.396033E-02,2.7015686E-02,-8.9118195E-01
7.396361E-02,3.4416199E-02,-8.5524750E-01
7.396689E-02,4.2808533E-02,-8.1847382E-01
7.397016E-02,4.9598694E-02,-7.8040314E-01
7.397344E-02,5.8296204E-02,-7.4301910E-01
7.397672E-02,6.8595886E-02,-7.0525360E-01
7.397999E-02,7.7293396E-02,-6.6565704E-01
7.398327E-02,8.8127136E-02,-6.2758636E-01
7.398655E-02,9.6824646E-02,-5.8661652E-01
7.398982E-02,1.0689545E-01,-5.4724884E-01
7.399310E-02,1.1864471E-01,-5.0734711E-01
7.399638E-02,1.2970734E-01,-4.6599579E-01
7.399965E-02,1.4038849E-01,-4.2441559E-01
7.400293E-02,1.5114594E-01,-3.8253021E-01
7.400621E-02,1.6236115E-01,-3.4117889E-01
7.400948E-02,1.7487335E-01,-3.0005646E-01
7.401276E-02,1.8692780E-01,-2.5649261E-01
7.401604E-02,1.9944000E-01,-2.1430206E-01
7.401932E-02,2.1309662E-01,-1.7134857E-01
7.402259E-02,2.2461700E-01,-1.2793732E-01
7.402587E-02,2.3651886E-01,-8.4220886E-02
7.402915E-02,2.4933624E-01,-4.0809631E-02
7.403242E-02,2.6184845E-01,3.9749146E-03
7.403570E-02,2.7443695E-01,4.7615051E-02
7.403898E-02,2.8763580E-01,9.2247009E-02
7.404225E-02,3.0045319E-01,1.3672638E-01
7.404553E-02,3.1319427E-01,1.8120575E-01
7.404881E-02,3.2540131E-01,2.2591400E-01
7.405208E-02,3.3867645E-01,2.7115631E-01
7.405536E-02,3.5065460E-01,3.1563568E-01
7.405864E-02,3.6354828E-01,3.6087799E-01
7.406191E-02,3.7583160E-01,4.0619659E-01
7.406519E-02,3.8849640E-01,4.5037079E-01
7.406847E-02,4.0108490E-01,4.9477386E-01
7.407174E-02,4.1344452E-01,5.3795624E-01
7.407502E-02,4.2588043E-01,5.8197784E-01
7.407830E-02,4.3717194E-01,6.2660980E-01
7.408157E-02,4.4792938E-01,6.7055511E-01
7.408485E-02,4.5845795E-01,7.1480560E-01
7.408813E-02,4.6959686E-01,7.5913239E-01
7.409140E-02,4.8043060E-01,8.0353546E-01
7.409468E-02,4.8996735E-01,8.4763336E-01
7.409796E-02,4.9996185E-01,8.9142609E-01
7.410124E-02,5.0942230E-01,9.3544769E-01
7.410451E-02,5.1895905E-01,9.7924042E-01
7.410779E-02,5.2696991E-01,1.0233383E+00
7.411107E-02,5.3620148E-01,1.0662918E+00
7.411434E-02,5.4398346E-01,1.1095505E+00
7.411762E-02,5.5123138E-01,1.1514359E+00
7.412090E-02,5.5771637E-01,1.1940842E+00
7.412417E-02,5.6351471E-01,1.2360458E+00
7.412745E-02,5.7022858E-01,1.2770157E+00
7.413073E-02,5.7579803E-01,1.3184433E+00
7.413400E-02,5.8045197E-01,1.3599472E+00
7.413728E-02,5.8563995E-01,1.4003067E+00
7.414056E-02,5.8922577E-01,1.4409714E+00
7.414383E-02,5.9243011E-01,1.4802628E+00
7.414711E-02,5.9563446E-01,1.5182571E+00
7.415039E-02,5.9670258E-01,1.5561752E+00
7.415366E-02,5.9845734E-01,1.5948563E+00
7.415694E-02,5.9960175E-01,1.6331558E+00
7.416022E-02,5.9937286E-01,1.6700821E+00
7.416349E-02,5.9860992E-01,1.7065506E+00
7.416677E-02,5.9761810E-01,1.7435532E+00
7.417005E-02,5.9571075E-01,1.7788773E+00
7.417332E-02,5.9197235E-01,1.8145065E+00
7.417660E-02,5.8953094E-01,1.8482285E+00
7.417988E-02,5.8686066E-01,1.8827133E+00
7.418316E-02,5.8228302E-01,1.9153671E+00
7.418643E-02,5.7694244E-01,1.9485550E+00
7.418971E-02,5.6992340E-01,1.9806747E+00
7.419299E-02,5.6374359E-01,2.0127945E+00
7.419626E-02,5.5664825E-01,2.0436935E+00
7.419954E-02,5.4985809E-01,2.0752792E+00
7.420282E-02,5.4024506E-01,2.1050339E+00
7.420609E-02,5.3055573E-01,2.1324234E+00
7.420937E-02,5.2201080E-01,2.1610336E+00
7.421265E-02,5.1041412E-01,2.1884232E+00
7.421592E-02,4.9851227E-01,2.2141342E+00
7.421920E-02,4.8729706E-01,2.2399216E+00
7.422248E-02,4.7501373E-01,2.2660141E+00
7.422575E-02,4.6150970E-01,2.2898178E+00
7.422903E-02,4.4838715E-01,2.3127823E+00
7.423231E-02,4.3434906E-01,2.3349838E+00
7.423558E-02,4.2015839E-01,2.3577194E+00
7.423886E-02,4.0459442E-01,2.3783188E+00
7.424214E-02,3.8964081E-01,2.3989182E+00
7.424541E-02,3.7300873E-01,2.4192123E+00
7.424869E-02,3.5561371E-01,2.4384384E+00
7.425197E-02,3.3974457E-01,2.4562149E+00
7.425524E-02,3.2227325E-01,2.4732285E+00
7.425852E-02,3.0350494E-01,2.4894028E+00
7.426180E-02,2.8565216E-01,2.5044327E+00
7.426508E-02,2.6688385E-01,2.5186234E+00
7.426835E-02,2.4765778E-01,2.5318222E+00
7.427163E-02,2.2812653E-01,2.5454025E+00
7.427491E-02,2.0836639E-01,2.5570755E+00
7.427818E-02,1.8715668E-01,2.5670700E+00
7.428146E-02,1.6693878E-01,2.5775223E+00
7.428474E-02,1.4672089E-01,2.5869827E+00
7.428801E-02,1.2429047E-01,2.5952225E+00
7.429129E-02,1.0231781E-01,2.6023178E+00
7.429457E-02,8.0421448E-02,2.6088791E+00
7.429784E-02,5.7762146E-02,2.6142960E+00
7.430112E-02,3.5713196E-02,2.6191025E+00
7.430440E-02,1.3893127E-02,2.6231461E+00
7.430767E-02,-8.0032349E-03,2.6252060E+00
7.431095E-02,-2.9975891E-02,2.6268082E+00
7.431423E-02,-5.1109314E-02,2.6283340E+00
7.431750E-02,-7.2776794E-02,2.6282578E+00
7.432078E-02,-9.5283508E-02,2.6275711E+00
7.432406E-02,-1.1763763E-01,2.6269608E+00
7.432733E-02,-1.3930511E-01,2.6239853E+00
7.433061E-02,-1.6097260E-01,2.6210098E+00
7.433389E-02,-1.8302155E-01,2.6162033E+00
7.433716E-02,-2.0346832E-01,2.6106339E+00
7.434044E-02,-2.2582245E-01,2.6041489E+00
7.434372E-02,-2.4756622E-01,2.5969772E+00
7.434700E-02,-2.6793671E-01,2.5890427E+00
7.435027E-02,-2.8739166E-01,2.5805740E+00
7.435355E-02,-3.0844879E-01,2.5714188E+00
7.435683E-02,-3.2904816E-01,2.5611954E+00
7.436010E-02,-3.4903717E-01,2.5492172E+00
7.436338E-02,-3.6818695E-01,2.5363998E+00
7.436666E-02,-3.8809967E-01,2.5222855E+00
7.436993E-02,-4.0602875E-01,2.5091629E+00
7.437321E-02,-4.2319489E-01,2.4938278E+00
7.437649E-02,-4.4150543E-01,2.4778824E+00
7.437976E-02,-4.5798492E-01,2.4604874E+00
7.438304E-02,-4.7545624E-01,2.4439316E+00
7.438632E-02,-4.9124908E-01,2.4250870E+00
7.438959E-02,-5.0711823E-01,2.4049454E+00
7.439287E-02,-5.2222443E-01,2.3838882E+00
7.439615E-02,-5.3755951E-01,2.3635178E+00
7.439942E-02,-5.5167389E-01,2.3420029E+00
7.440270E-02,-5.6632233E-01,2.3195724E+00
7.440598E-02,-5.7860565E-01,2.2967606E+00
7.440925E-02,-5.9081268E-01,2.2731094E+00
7.441253E-02,-6.0210419E-01,2.2473221E+00
7.441581E-02,-6.1286163E-01,2.2212296E+00
7.441908E-02,-6.2369537E-01,2.1964340E+00
7.442236E-02,-6.3262177E-01,2.1692734E+00
7.442564E-02,-6.4467621E-01,2.1411972E+00
7.442892E-02,-6.5345001E-01,2.1125107E+00
7.443219E-02,-6.6016388E-01,2.0826797E+00
7.443547E-02,-6.6741180E-01,2.0525436E+00
7.443875E-02,-6.7397308E-01,2.0217972E+00
7.444202E-02,-6.7969513E-01,1.9905167E+00
7.444530E-02,-6.8480682E-01,1.9590836E+00
7.444858E-02,-6.8984222E-01,1.9255905E+00
7.445185E-02,-6.9525909E-01,1.8927078E+00
7.445513E-02,-6.9815826E-01,1.8587570E+00
7.445841E-02,-7.0143890E-01,1.8240433E+00
7.446168E-02,-7.0410919E-01,1.7886429E+00
7.446496E-02,-7.0479584E-01,1.7530136E+00
7.446824E-02,-7.0525360E-01,1.7166977E+00
7.447151E-02,-7.0471954E-01,1.6797714E+00
7.447479E-02,-7.0441437E-01,1.6428452E+00
7.447807E-02,-7.0243073E-01,1.6050797E+00
7.448134E-02,-7.0059967E-01,1.5668564E+00
7.448462E-02,-6.9861603E-01,1.5287094E+00
7.448790E-02,-6.9632721E-01,1.4901810E+00
7.449117E-02,-6.9342804E-01,1.4518051E+00
7.449445E-02,-6.8877411E-01,1.4115219E+00
7.449773E-02,-6.8305206E-01,1.3720016E+00
7.450100E-02,-6.7839813E-01,1.3308029E+00
7.450428E-02,-6.7221832E-01,1.2899857E+00
7.450756E-02,-6.6527557E-01,1.2477951E+00
7.451084E-02,-6.5886688E-01,1.2065201E+00
7.451411E-02,-6.5093231E-01,1.1641006E+00
7.451739E-02,-6.4269257E-01,1.1218338E+00
7.452067E-02,-6.3445282E-01,1.0794907E+00
7.452394E-02,-6.2529755E-01,1.0376053E+00
7.452722E-02,-6.1553192E-01,9.9396515E-01
7.453050E-02,-6.0561371E-01,9.5001984E-01
7.453377E-02,-5.9668732E-01,9.0569305E-01
7.453705E-02,-5.8600616E-01,8.6197662E-01
7.454033E-02,-5.7585907E-01,8.1772614E-01
7.454360E-02,-5.6479645E-01,7.7477264E-01
7.454688E-02,-5.5312347E-01,7.2983551E-01
7.455016E-02,-5.4053497E-01,6.8581390E-01
7.455343E-02,-5.2878571E-01,6.4171600E-01
7.455671E-02,-5.1779938E-01,5.9654999E-01
7.455999E-02,-5.0505829E-01,5.5214691E-01
7.456326E-02,-4.9353790E-01,5.0820160E-01
7.456654E-02,-4.8079681E-01,4.6387482E-01
7.456982E-02,-4.6790314E-01,4.1962433E-01
7.457309E-02,-4.5546722E-01,3.7514496E-01
7.457637E-02,-4.4287872E-01,3.3135223E-01
7.457965E-02,-4.2891693E-01,2.8649139E-01
7.458292E-02,-4.1602325E-01,2.4132538E-01
7.458620E-02,-4.0297699E-01,1.9699860E-01
7.458948E-02,-3.9008331E-01,1.5244293E-01
7.459276E-02,-3.7711334E-01,1.0704803E-01
7.459603E-02,-3.6505890E-01,6.2110901E-02
7.459931E-02,-3.5178375E-01,1.8394470E-02
7.460259E-02,-3.3896637E-01,-2.5169373E-02
7.460586E-02,-3.2561493E-01,-6.8656921E-02
7.460914E-02,-3.1089020E-01,-1.1229706E-01
7.461242E-02,-2.9952240E-01,-1.5624237E-01
7.461569E-02,-2.8670502E-01,-1.9995880E-01
7.461897E-02,-2.7358246E-01,-2.4237823E-01
7.462225E-02,-2.6168060E-01,-2.8449249E-01
7.462552E-02,-2.4954987E-01,-3.2576752E-01
7.462880E-02,-2.3780060E-01,-3.6750031E-01
7.463208E-02,-2.2696686E-01,-4.0862274E-01
7.463535E-02,-2.1475983E-01,-4.4989777E-01
7.463863E-02,-2.0407867E-01,-4.9163055E-01
7.464191E-02,-1.9355011E-01,-5.3260040E-01
7.464518E-02,-1.8233490E-01,-5.7212067E-01
7.464846E-02,-1.7363739E-01,-6.1316681E-01
7.465174E-02,-1.6425323E-01,-6.5261078E-01
7.465501E-02,-1.5418243E-01,-6.9159698E-01
7.465829E-02,-1.4502716E-01,-7.2959137E-01
7.466157E-02,-1.3732147E-01,-7.6697540E-01
7.466484E-02,-1.2763214E-01,-8.0496979E-01
7.466812E-02,-1.1977386E-01,-8.4151459E-01
7.467140E-02,-1.1222076E-01,-8.7767792E-01
7.467468E-02,-1.0443878E-01,-9.1422272E-01
7.467795E-02,-9.6885681E-02,-9.4870758E-01
7.468123E-02,-9.1621399E-02,-9.8372650E-01
7.468451E-02,-8.4220886E-02,-1.0174484E+00
7.468778E-02,-7.8651428E-02,-1.0509415E+00
7.469106E-02,-7.3005676E-02,-1.0832901E+00
7.469434E-02,-6.7970276E-02,-1.1154099E+00
7.469761E-02,-6.3926697E-02,-1.1464615E+00
7.470089E-02,-5.8128357E-02,-1.1776657E+00
7.470417E-02,-5.3779602E-02,-1.2075729E+00
7.470744E-02,-5.1414490E-02,-1.2379379E+00
7.471072E-02,-4.7981262E-02,-1.2657089E+00
7.471400E-02,-4.4395447E-02,-1.2937851E+00
7.471727E-02,-4.2945862E-02,-1.3212509E+00
7.472055E-02,-4.1648865E-02,-1.3478012E+00
7.472383E-02,-3.8978577E-02,-1.3732834E+00
7.472710E-02,-3.6308289E-02,-1.3977737E+00
7.473038E-02,-3.5545349E-02,-1.4213486E+00
7.473366E-02,-3.5545349E-02,-1.4445419E+00
7.473693E-02,-3.4553528E-02,-1.4667435E+00
7.474021E-02,-3.5240173E-02,-1.4882584E+00
7.474349E-02,-3.4477234E-02,-1.5089340E+00
7.474676E-02,-3.4706116E-02,-1.5283890E+00
7.475004E-02,-3.4629822E-02,-1.5463181E+00
7.475332E-02,-3.6231995E-02,-1.5639420E+00
7.475660E-02,-3.6689758E-02,-1.5808792E+00
7.475987E-02,-3.8139343E-02,-1.5968246E+00
7.476315E-02,-3.8368225E-02,-1.6125412E+00
7.476643E-02,-3.9588928E-02,-1.6270370E+00
7.476970E-02,-4.2182922E-02,-1.6410751E+00
7.477298E-02,-4.4471741E-02,-1.6532822E+00
7.477626E-02,-4.7218323E-02,-1.6651840E+00
7.477953E-02,-4.8820496E-02,-1.6760178E+00
7.478281E-02,-5.1414490E-02,-1.6873093E+00
7.478609E-02,-5.3169250E-02,-1.6960068E+00
7.478936E-02,-5.5992126E-02,-1.7034836E+00
7.479264E-02,-5.8052063E-02,-1.7103500E+00
7.479592E-02,-6.0188293E-02,-1.7168350E+00
7.479919E-02,-6.2553406E-02,-1.7223282E+00
7.480247E-02,-6.4994812E-02,-1.7259903E+00
7.480575E-02,-6.7054749E-02,-1.7297287E+00
7.480902E-02,-6.9572449E-02,-1.7330856E+00
7.481230E-02,-7.1708679E-02,-1.7353745E+00
7.481558E-02,-7.4073792E-02,-1.7357559E+00
7.481885E-02,-7.6591492E-02,-1.7353745E+00
7.482213E-02,-7.9643250E-02,-1.7346878E+00
7.482541E-02,-8.1550598E-02,-1.7323990E+00
7.482868E-02,-8.2542419E-02,-1.7287369E+00
7.483196E-02,-8.4907532E-02,-1.7252274E+00
7.483524E-02,-8.5594177E-02,-1.7206497E+00
7.483852E-02,-8.7120056E-02,-1.7142410E+00
7.484179E-02,-8.8722229E-02,-1.7079086E+00
7.484507E-02,-8.9027405E-02,-1.7006607E+00
7.484835E-02,-9.0858459E-02,-1.6912766E+00
7.485162E-02,-9.1011047E-02,-1.6817398E+00
7.485490E-02,-9.0629578E-02,-1.6718216E+00
7.485818E-02,-9.1087341E-02,-1.6605301E+00
7.486145E-02,-9.0095520E-02,-1.6485519E+00
7.486473E-02,-8.9637756E-02,-1.6352005E+00
7.486801E-02,-8.9561462E-02,-1.6199417E+00
7.487128E-02,-8.7501526E-02,-1.6046066E+00
7.487456E-02,-8.6585999E-02,-1.5895767E+00
7.487784E-02,-8.5136414E-02,-1.5732498E+00
7.488111E-02,-8.3152771E-02,-1.5569229E+00
7.488439E-02,-8.1703186E-02,-1.5389175E+00
7.488767E-02,-7.9795837E-02,-1.5202255E+00
7.489094E-02,-7.6210022E-02,-1.4998550E+00
7.489422E-02,-7.2853088E-02,-1.4786453E+00
7.489750E-02,-6.8199158E-02,-1.4561386E+00
7.490077E-02,-6.5452576E-02,-1.4345474E+00
7.490405E-02,-6.0493469E-02,-1.4105911E+00
7.490733E-02,-5.6449890E-02,-1.3875504E+00
7.491060E-02,-5.1338196E-02,-1.3618393E+00
7.491388E-02,-4.7294617E-02,-1.3347549E+00
7.491716E-02,-4.2182922E-02,-1.3090439E+00
7.492044E-02,-3.5392761E-02,-1.2822647E+00
7.492371E-02,-2.9747009E-02,-1.2532730E+00
7.492699E-02,-2.2346497E-02,-1.2241287E+00
7.493027E-02,-1.5861511E-02,-1.1949844E+00
7.493354E-02,-8.0795288E-03,-1.1635513E+00
7.493682E-02,3.1280518E-04,-1.1329575E+00
7.494010E-02,6.4163208E-03,-1.1015244E+00
7.494337E-02,1.5266418E-02,-1.0690994E+00
7.494665E-02,2.2819519E-02,-1.0368271E+00
7.494993E-02,3.0906677E-02,-1.0017319E+00
7.495320E-02,3.9375305E-02,-9.6770477E-01
7.495648E-02,4.8454285E-02,-9.3268585E-01
7.495976E-02,5.7228088E-02,-8.9736176E-01
7.496303E-02,6.7070007E-02,-8.6142731E-01
7.496631E-02,7.6530457E-02,-8.2442474E-01
7.496959E-02,8.5075378E-02,-7.8734589E-01
7.497286E-02,9.5298767E-02,-7.4927521E-01
7.497614E-02,1.0475922E-01,-7.1112823E-01
7.497942E-02,1.1460114E-01,-6.7382050E-01
7.498269E-02,1.2451935E-01,-6.3430023E-01
7.498597E-02,1.3359833E-01,-5.9462738E-01
7.498925E-02,1.4473724E-01,-5.5518341E-01
7.499252E-02,1.5442657E-01,-5.1467133E-01
7.499580E-02,1.6503143E-01,-4.7286224E-01
7.499908E-02,1.7472076E-01,-4.3181610E-01
7.500236E-02,1.8425751E-01,-3.8962555E-01
7.500563E-02,1.9379425E-01,-3.4903717E-01
7.500891E-02,2.0409393E-01,-3.0722809E-01
7.501219E-02,2.1363068E-01,-2.6549530E-01
7.501546E-02,2.2339630E-01,-2.2200775E-01
7.501874E-02,2.3308563E-01,-1.7951202E-01
7.502202E-02,2.4117279E-01,-1.3564301E-01
7.502529E-02,2.5124359E-01,-9.2689514E-02
7.502857E-02,2.6001740E-01,-4.8820496E-02
7.503185E-02,2.6894379E-01,-5.1040649E-03
7.503512E-02,2.7817535E-01,3.9833069E-02
7.503840E-02,2.8511810E-01,8.2633972E-02
7.504168E-02,2.9290009E-01,1.2741852E-01
7.504495E-02,3.0060577E-01,1.7273712E-01
7.504823E-02,3.0861664E-01,2.1744537E-01
7.505151E-02,3.1594086E-01,2.6230621E-01
7.505478E-02,3.2257843E-01,3.0731964E-01
7.505806E-02,3.2929230E-01,3.5233307E-01
7.506134E-02,3.3463287E-01,3.9727020E-01
7.506461E-02,3.4020233E-01,4.4327545E-01
7.506789E-02,3.4584808E-01,4.8706818E-01
7.507117E-02,3.4897614E-01,5.2994537E-01
7.507444E-02,3.5446930E-01,5.7411957E-01
7.507772E-02,3.5759735E-01,6.1768341E-01
7.508100E-02,3.6049652E-01,6.6277313E-01
7.508428E-02,3.6301422E-01,7.0656586E-01
7.508755E-02,3.6400604E-01,7.5066376E-01
7.509083E-02,3.6629486E-01,7.9529572E-01
7.509411E-02,3.6782074E-01,8.4000397E-01
7.509738E-02,3.6827850E-01,8.8341522E-01
7.510066E-02,3.6812592E-01,9.2812347E-01
7.510394E-02,3.6789703E-01,9.7138214E-01
7.510721E-02,3.6667633E-01,1.0148697E+00
7.511049E-02,3.6492157E-01,1.0586624E+00
7.511377E-02,3.6324310E-01,1.1008530E+00
7.511704E-02,3.5980988E-01,1.1429672E+00
7.512032E-02,3.5622406E-01,1.1861496E+00
7.512360E-02,3.5240936E-01,1.2281113E+00
7.512687E-02,3.4775543E-01,1.2697678E+00
7.513015E-02,3.4226227E-01,1.3108902E+00
7.513343E-02,3.3684540E-01,1.3519363E+00
7.513670E-02,3.3028412E-01,1.3929062E+00
7.513998E-02,3.2181549E-01,1.4333420E+00
7.514326E-02,3.1472015E-01,1.4728622E+00
7.514653E-02,3.0579376E-01,1.5114670E+00
7.514981E-02,2.9732513E-01,1.5486984E+00
7.515309E-02,2.8679657E-01,1.5874557E+00
7.515636E-02,2.7695465E-01,1.6258316E+00
7.515964E-02,2.6573944E-01,1.6632156E+00
7.516292E-02,2.5467682E-01,1.6996078E+00
7.516620E-02,2.4201202E-01,1.7364578E+00
7.516947E-02,2.2919464E-01,1.7719345E+00
7.517275E-02,2.1645355E-01,1.8064194E+00
7.517603E-02,2.0066071E-01,1.8413620E+00
7.517930E-02,1.8738556E-01,1.8751602E+00
7.518258E-02,1.7296600E-01,1.9085007E+00
7.518586E-02,1.5740204E-01,1.9411545E+00
7.518913E-02,1.4214325E-01,1.9731216E+00
7.519241E-02,1.2497711E-01,2.0053940E+00
7.519569E-02,1.0872650E-01,2.0371323E+00
7.519896E-02,9.1178894E-02,2.0668106E+00
7.520224E-02,7.3097229E-02,2.0973282E+00
7.520552E-02,5.4634094E-02,2.1262436E+00
7.520879E-02,3.7010193E-02,2.1545486E+00
7.521207E-02,1.7250061E-02,2.1816330E+00
7.521535E-02,-3.0441284E-03,2.2081070E+00
7.521862E-02,-2.2651672E-02,2.2340469E+00
7.522190E-02,-4.1572571E-02,2.2601395E+00
7.522518E-02,-6.0874939E-02,2.2845535E+00
7.522845E-02,-8.1321716E-02,2.3088150E+00
7.523173E-02,-1.0260773E-01,2.3315506E+00
7.523501E-02,-1.2305450E-01,2.3539810E+00
7.523828E-02,-1.4487457E-01,2.3761063E+00
7.524156E-02,-1.6532135E-01,2.3964005E+00
7.524484E-02,-1.8714142E-01,2.4166946E+00
7.524812E-02,-2.0819855E-01,2.4354630E+00
7.525139E-02,-2.2895050E-01,2.4536209E+00
7.525467E-02,-2.5153351E-01,2.4701004E+00
7.525795E-02,-2.7243805E-01,2.4869614E+00
7.526122E-02,-2.9433441E-01,2.5019913E+00
7.526450E-02,-3.1600189E-01,2.5168686E+00
7.526778E-02,-3.3812714E-01,2.5299911E+00
7.527105E-02,-3.5933685E-01,2.5425797E+00
7.527433E-02,-3.8115692E-01,2.5550919E+00
7.527761E-02,-4.0213776E-01,2.5653152E+00
7.528088E-02,-4.2311859E-01,2.5750046E+00
7.528416E-02,-4.4364166E-01,2.5840073E+00
7.528744E-02,-4.6378326E-01,2.5927048E+00
7.529071E-02,-4.8423004E-01,2.6011734E+00
7.529399E-02,-5.0307465E-01,2.6079636E+00
7.529727E-02,-5.2298737E-01,2.6126938E+00
7.530054E-02,-5.4343414E-01,2.6187210E+00
7.530382E-02,-5.6281281E-01,2.6230698E+00
7.530710E-02,-5.8165741E-01,2.6262741E+00
7.531037E-02,-6.0034943E-01,2.6284866E+00
7.531365E-02,-6.1850739E-01,2.6296310E+00
7.531693E-02,-6.3582611E-01,2.6298599E+00
7.532020E-02,-6.5375519E-01,2.6291733E+00
7.532348E-02,-6.7046356E-01,2.6282578E+00
7.532676E-02,-6.8595123E-01,2.6245193E+00
7.533004E-02,-7.0235443E-01,2.6211624E+00
7.533331E-02,-7.1753693E-01,2.6170425E+00
7.533659E-02,-7.3264313E-01,2.6111679E+00
7.533987E-02,-7.4561310E-01,2.6056747E+00
7.534314E-02,-7.5995636E-01,2.5991898E+00
7.534642E-02,-7.7330780E-01,2.5911789E+00
7.534970E-02,-7.8643036E-01,2.5824814E+00
7.535297E-02,-7.9756927E-01,2.5726395E+00
7.535625E-02,-8.0863190E-01,2.5627213E+00
7.535953E-02,-8.1893158E-01,2.5515060E+00
7.536280E-02,-8.2991791E-01,2.5392990E+00
7.536608E-02,-8.3869171E-01,2.5256424E+00
7.536936E-02,-8.4838104E-01,2.5115280E+00
7.537263E-02,-8.5547638E-01,2.4969559E+00
7.537591E-02,-8.6341095E-01,2.4805527E+00
7.537919E-02,-8.6974335E-01,2.4640732E+00
7.538246E-02,-8.7500763E-01,2.4465256E+00
7.538574E-02,-8.8019562E-01,2.4282913E+00
7.538902E-02,-8.8454437E-01,2.4092941E+00
7.539229E-02,-8.8896942E-01,2.3885422E+00
7.539557E-02,-8.9247894E-01,2.3671799E+00
7.539885E-02,-8.9392853E-01,2.3454361E+00
7.540212E-02,-8.9575958E-01,2.3238449E+00
7.540540E-02,-8.9682770E-01,2.3001938E+00
7.540868E-02,-8.9720917E-01,2.2766190E+00
7.541196E-02,-8.9675140E-01,2.2512131E+00
7.541523E-02,-8.9636993E-01,2.2251968E+00
7.541851E-02,-8.9423370E-01,2.1995621E+00
7.542179E-02,-8.9179230E-01,2.1726303E+00
7.542506E-02,-8.8896942E-01,2.1456223E+00
7.542834E-02,-8.8378143E-01,2.1168594E+00
7.543162E-02,-8.7973785E-01,2.0880966E+00
7.543489E-02,-8.7493134E-01,2.0578842E+00
7.543817E-02,-8.6905670E-01,2.0262222E+00
7.544145E-02,-8.6226654E-01,1.9954758E+00
7.544472E-02,-8.5662079E-01,1.9639664E+00
7.544800E-02,-8.4708405E-01,1.9314651E+00
7.545128E-02,-8.3861542E-01,1.8983536E+00
7.545455E-02,-8.3182526E-01,1.8645554E+00
7.545783E-02,-8.2175446E-01,1.8306046E+00
7.546111E-02,-8.1168365E-01,1.7945175E+00
7.546438E-02,-8.0138397E-01,1.7596512E+00
7.546766E-02,-7.9230499E-01,1.7240219E+00
7.547094E-02,-7.7979279E-01,1.6869431E+00
7.547421E-02,-7.6888275E-01,1.6496353E+00
7.547749E-02,-7.5728607E-01,1.6124802E+00
7.548077E-02,-7.4431610E-01,1.5740280E+00
7.548404E-02,-7.3088837E-01,1.5357285E+00
7.548732E-02,-7.1784210E-01,1.4975815E+00
7.549060E-02,-7.0487213E-01,1.4589767E+00
7.549388E-02,-6.9068146E-01,1.4181595E+00
7.549715E-02,-6.7649078E-01,1.3778763E+00
7.550043E-02,-6.6298676E-01,1.3373642E+00
7.550371E-02,-6.4749908E-01,1.2959366E+00
7.550698E-02,-6.3201141E-01,1.2542801E+00
7.551026E-02,-6.1667633E-01,1.2129288E+00
7.551354E-02,-6.0164642E-01,1.1709671E+00
7.551681E-02,-5.8524323E-01,1.1293869E+00
7.552009E-02,-5.6990814E-01,1.0858994E+00
7.552337E-02,-5.5464935E-01,1.0440903E+00
7.552664E-02,-5.3855133E-01,1.0010605E+00
7.552992E-02,-5.2146149E-01,9.5734406E-01
7.553320E-02,-5.0574493E-01,9.1286469E-01
7.553647E-02,-4.8918915E-01,8.6960602E-01
7.553975E-02,-4.7385406E-01,8.2459259E-01
7.554303E-02,-4.5912933E-01,7.8072357E-01
7.554630E-02,-4.4371796E-01,7.3632050E-01
7.554958E-02,-4.2708588E-01,6.9153595E-01
7.555286E-02,-4.1281891E-01,6.4789581E-01
7.555613E-02,-3.9725494E-01,6.0295868E-01
7.555941E-02,-3.8108063E-01,5.5855560E-01
7.556269E-02,-3.6673737E-01,5.1544952E-01
7.556596E-02,-3.5155487E-01,4.7150421E-01
7.556924E-02,-3.3576202E-01,4.2710114E-01
7.557252E-02,-3.2134247E-01,3.8231659E-01
7.557580E-02,-3.0738068E-01,3.3875275E-01
7.557907E-02,-2.9280853E-01,2.9358673E-01
7.558235E-02,-2.7907562E-01,2.4887848E-01
7.558563E-02,-2.6534271E-01,2.0394135E-01
7.558890E-02,-2.5244904E-01,1.5938568E-01
7.559218E-02,-2.3932648E-01,1.1437225E-01
7.559546E-02,-2.2574615E-01,6.9892883E-02
7.559873E-02,-2.1483612E-01,2.5337219E-02
7.560201E-02,-2.0232391E-01,-1.7921448E-02
7.560529E-02,-1.9011688E-01,-6.2553406E-02
7.560856E-02,-1.7928314E-01,-1.0611725E-01
7.561184E-02,-1.6875458E-01,-1.4952850E-01
7.561512E-02,-1.5769196E-01,-1.9316864E-01
7.561839E-02,-1.4769745E-01,-2.3627472E-01
7.562167E-02,-1.3831329E-01,-2.7823639E-01
7.562495E-02,-1.2854767E-01,-3.2057953E-01
7.562822E-02,-1.1969757E-01,-3.6269379E-01
7.563150E-02,-1.1054230E-01,-4.0396881E-01
7.563478E-02,-1.0321808E-01,-4.4440460E-01
7.563805E-02,-9.5283508E-02,-4.8613739E-01
7.564133E-02,-8.8874817E-02,-5.2664948E-01
7.564461E-02,-8.1932068E-02,-5.6601715E-01
7.564788E-02,-7.5675964E-02,-6.0691071E-01
7.565116E-02,-6.9953918E-02,-6.4574432E-01
7.565444E-02,-6.3926697E-02,-6.8526459E-01
7.565772E-02,-6.0112000E-02,-7.2371674E-01
7.566099E-02,-5.6068420E-02,-7.6125336E-01
7.566427E-02,-5.2482605E-02,-7.9894257E-01
7.566755E-02,-4.8667908E-02,-8.3579254E-01
7.567082E-02,-4.5082092E-02,-8.7287140E-01
7.567410E-02,-4.2716980E-02,-9.0880585E-01
7.567738E-02,-4.0809631E-02,-9.4329071E-01
7.568065E-02,-3.6994934E-02,-9.7861481E-01
7.568393E-02,-3.7223816E-02,-1.0137863E+00
7.568721E-02,-3.5392761E-02,-1.0462112E+00
7.569048E-02,-3.5316467E-02,-1.0800095E+00
7.569376E-02,-3.4248352E-02,-1.1119766E+00
7.569704E-02,-3.3790588E-02,-1.1429520E+00
7.570031E-02,-3.3485413E-02,-1.1743851E+00
7.570359E-02,-3.5392761E-02,-1.2042160E+00
7.570687E-02,-3.5316467E-02,-1.2335892E+00
7.571014E-02,-3.5774231E-02,-1.2624283E+00
7.571342E-02,-3.7681580E-02,-1.2912674E+00
7.571670E-02,-3.8063049E-02,-1.3183517E+00
7.571997E-02,-3.9360046E-02,-1.3439865E+00
7.572325E-02,-4.2564392E-02,-1.3690872E+00
7.572653E-02,-4.4929504E-02,-1.3946457E+00
7.572980E-02,-4.6684265E-02,-1.4182968E+00
7.573308E-02,-5.0117493E-02,-1.4414902E+00
7.573636E-02,-5.2864075E-02,-1.4633865E+00
7.573964E-02,-5.5992126E-02,-1.4846725E+00
7.574291E-02,-5.9425354E-02,-1.5058823E+00
7.574619E-02,-6.1943054E-02,-1.5247269E+00
7.574947E-02,-6.5376282E-02,-1.5429611E+00
7.575274E-02,-6.8504333E-02,-1.5601273E+00
7.575602E-02,-7.2090149E-02,-1.5789719E+00
7.575930E-02,-7.4684143E-02,-1.5949936E+00
7.576257E-02,-7.8117371E-02,-1.6100235E+00
7.576585E-02,-8.2466125E-02,-1.6244431E+00
7.576913E-02,-8.5441589E-02,-1.6384048E+00
7.577240E-02,-8.8951111E-02,-1.6512985E+00
7.577568E-02,-9.1850281E-02,-1.6633530E+00
7.577896E-02,-9.5054626E-02,-1.6742630E+00
7.578223E-02,-9.8793030E-02,-1.6844101E+00
7.578551E-02,-1.0123444E-01,-1.6928024E+00
7.578879E-02,-1.0398102E-01,-1.7009659E+00
7.579206E-02,-1.0787201E-01,-1.7087479E+00
7.579534E-02,-1.1038971E-01,-1.7148514E+00
7.579862E-02,-1.1229706E-01,-1.7206497E+00
7.580189E-02,-1.1450958E-01,-1.7255325E+00
7.580517E-02,-1.1756134E-01,-1.7293472E+00
7.580845E-02,-1.1946869E-01,-1.7323990E+00
7.581172E-02,-1.2114716E-01,-1.7343063E+00
7.581500E-02,-1.2267303E-01,-1.7348404E+00
7.581828E-02,-1.2511444E-01,-1.7359085E+00
7.582156E-02,-1.2618256E-01,-1.7349930E+00
7.582483E-02,-1.2656403E-01,-1.7332382E+00
7.582811E-02,-1.2808990E-01,-1.7304153E+00
7.583139E-02,-1.2786102E-01,-1.7257614E+00
7.583466E-02,-1.2816620E-01,-1.7209549E+00
7.583794E-02,-1.2824249E-01,-1.7165298E+00
7.584122E-02,-1.2770844E-01,-1.7098923E+00
7.584449E-02,-1.2755585E-01,-1.7024918E+00
7.584777E-02,-1.2648773E-01,-1.6928787E+00
7.585105E-02,-1.2587738E-01,-1.6835709E+00
7.585432E-02,-1.2366486E-01,-1.6741104E+00
7.585760E-02,-1.2267303E-01,-1.6624374E+00
7.586088E-02,-1.1885834E-01,-1.6506882E+00
7.586415E-02,-1.1588287E-01,-1.6376419E+00
7.586743E-02,-1.1435699E-01,-1.6232986E+00
7.587071E-02,-1.0977936E-01,-1.6083450E+00
7.587398E-02,-1.0733795E-01,-1.5923233E+00
7.587726E-02,-1.0298920E-01,-1.5758438E+00
7.588054E-02,-9.9250793E-02,-1.5594406E+00
7.588381E-02,-9.5359802E-02,-1.5416641E+00
7.588709E-02,-9.1926575E-02,-1.5225143E+00
7.589037E-02,-8.6357117E-02,-1.5029831E+00
7.589364E-02,-8.2084656E-02,-1.4821548E+00
7.589692E-02,-7.6362610E-02,-1.4607162E+00
7.590020E-02,-7.1098328E-02,-1.4382858E+00
7.590348E-02,-6.5299988E-02,-1.4151688E+00
7.590675E-02,-5.9425354E-02,-1.3910599E+00
7.591003E-02,-5.4771423E-02,-1.3667984E+00
7.591331E-02,-4.7828674E-02,-1.3407822E+00
7.591658E-02,-4.1572571E-02,-1.3141556E+00
7.591986E-02,-3.5469055E-02,-1.2871475E+00
7.592314E-02,-2.8450012E-02,-1.2589188E+00
7.592641E-02,-2.1125793E-02,-1.2302322E+00
7.592969E-02,-1.4488220E-02,-1.2005539E+00
7.593297E-02,-6.7825317E-03,-1.1694260E+00
7.593624E-02,-1.4495850E-04,-1.1382980E+00
7.593952E-02,6.4163208E-03,-1.1075516E+00
7.594280E-02,1.4274597E-02,-1.0746689E+00
7.594607E-02,2.1293640E-02,-1.0417862E+00
7.594935E-02,2.8388977E-02,-1.0091324E+00
7.595263E-02,3.5560608E-02,-9.7449493E-01
7.595590E-02,4.3876648E-02,-9.3932343E-01
7.595918E-02,5.0590515E-02,-9.0415192E-01
7.596246E-02,5.7456970E-02,-8.6875153E-01
7.596573E-02,6.5467834E-02,-8.3144379E-01
7.596901E-02,7.0960999E-02,-7.9390717E-01
7.597229E-02,7.9277039E-02,-7.5743866E-01
7.597556E-02,8.6448669E-02,-7.1997833E-01
7.597884E-02,9.3467712E-02,-6.8030548E-01
7.598212E-02,9.9418640E-02,-6.4238739E-01
7.598540E-02,1.0590363E-01,-6.0279083E-01
7.598867E-02,1.1215973E-01,-5.6166840E-01
7.599195E-02,1.1734772E-01,-5.2169037E-01
7.599523E-02,1.2383270E-01,-4.8011017E-01
7.599850E-02,1.2802887E-01,-4.3990326E-01
7.600178E-02,1.3375092E-01,-3.9748383E-01
7.600506E-02,1.3840485E-01,-3.5628510E-01
7.600833E-02,1.4206696E-01,-3.1508636E-01
7.601161E-02,1.4672089E-01,-2.7297211E-01
7.601489E-02,1.5061188E-01,-2.3062897E-01
7.601816E-02,1.5419769E-01,-1.8767548E-01
7.602144E-02,1.5656281E-01,-1.4365387E-01
7.602472E-02,1.5946198E-01,-1.0031891E-01
7.602799E-02,1.6190338E-01,-5.6755066E-02
7.603127E-02,1.6350555E-01,-1.2504578E-02
7.603455E-02,1.6457367E-01,3.1364441E-02
7.603782E-02,1.6426849E-01,7.5614929E-02
7.604110E-02,1.6464996E-01,1.2024689E-01
7.604438E-02,1.6365814E-01,1.6472626E-01
7.604765E-02,1.6358185E-01,2.0905304E-01
7.605093E-02,1.6114044E-01,2.5444794E-01
7.605421E-02,1.5976715E-01,2.9923248E-01
7.605748E-02,1.5763092E-01,3.4394073E-01
7.606076E-02,1.5427399E-01,3.8864899E-01
7.606404E-02,1.5084076E-01,4.3434906E-01
7.606732E-02,1.4710236E-01,4.7837067E-01
7.607059E-02,1.4191437E-01,5.2216339E-01
7.607387E-02,1.3718414E-01,5.6557465E-01
7.607715E-02,1.3130951E-01,6.1058807E-01
7.608042E-02,1.2497711E-01,6.5445709E-01
7.608370E-02,1.1818695E-01,6.9901276E-01
7.608698E-02,1.1200714E-01,7.4265289E-01
7.609025E-02,1.0407257E-01,7.8797150E-01
7.609353E-02,9.4306946E-02,8.3138275E-01
7.609681E-02,8.5762024E-02,8.7639618E-01
7.610008E-02,7.6072693E-02,9.1973114E-01
7.610336E-02,6.5010071E-02,9.6375275E-01
7.610664E-02,5.5091858E-02,1.0075455E+00
7.610991E-02,4.3571472E-02,1.0514145E+00
7.611319E-02,3.1669617E-02,1.0944443E+00
7.611647E-02,1.9233704E-02,1.1369400E+00
7.611974E-02,6.1111450E-03,1.1786728E+00
7.612302E-02,-7.1640015E-03,1.2204819E+00
7.612630E-02,-2.1354675E-02,1.2619858E+00
7.612957E-02,-3.4400940E-02,1.3024216E+00
7.613285E-02,-4.8973083E-02,1.3440781E+00
7.613613E-02,-6.3697815E-02,1.3848190E+00
7.613940E-02,-7.9490662E-02,1.4249496E+00
7.614268E-02,-9.5970154E-02,1.4653854E+00
7.614596E-02,-1.1244965E-01,1.5034561E+00
7.614924E-02,-1.2831879E-01,1.5414505E+00
7.615251E-02,-1.4678192E-01,1.5791397E+00
7.615579E-02,-1.6471100E-01,1.6187363E+00
7.615907E-02,-1.8172455E-01,1.6555862E+00
7.616234E-02,-1.9866180E-01,1.6928940E+00
7.616562E-02,-2.1727753E-01,1.7297440E+00
7.616890E-02,-2.3749542E-01,1.7655258E+00
7.617217E-02,-2.5595856E-01,1.8003159E+00
7.617545E-02,-2.7487946E-01,1.8348007E+00
7.617873E-02,-2.9410553E-01,1.8694382E+00
7.618200E-02,-3.1409454E-01,1.9031601E+00
7.618528E-02,-3.3393097E-01,1.9359665E+00
7.618856E-02,-3.5384369E-01,1.9686966E+00
7.619183E-02,-3.7436676E-01,2.0013504E+00
7.619511E-02,-3.9420319E-01,2.0328598E+00
7.619839E-02,-4.1312408E-01,2.0631485E+00
7.620166E-02,-4.3311310E-01,2.0925980E+00
7.620494E-02,-4.5272064E-01,2.1212082E+00
7.620822E-02,-4.7255707E-01,2.1500473E+00
7.621149E-02,-4.9292755E-01,2.1775894E+00
7.621477E-02,-5.1299286E-01,2.2040634E+00
7.621805E-02,-5.3290558E-01,2.2301559E+00
7.622132E-02,-5.5274200E-01,2.2556381E+00
7.622460E-02,-5.7250214E-01,2.2804337E+00
7.622788E-02,-5.9210968E-01,2.3043900E+00
7.623116E-02,-6.1171722E-01,2.3265915E+00
7.623443E-02,-6.3094330E-01,2.3497849E+00
7.623771E-02,-6.5024567E-01,2.3716812E+00
7.624099E-02,-6.6840363E-01,2.3910599E+00
7.624426E-02,-6.8618011E-01,2.4122696E+00
7.624754E-02,-7.0517731E-01,2.4314194E+00
7.625082E-02,-7.2203827E-01,2.4498825E+00
7.625409E-02,-7.3966217E-01,2.4677353E+00
7.625737E-02,-7.5629425E-01,2.4839859E+00
7.626065E-02,-7.7223969E-01,2.5000076E+00
7.626392E-02,-7.8780365E-01,2.5148849E+00
7.626720E-02,-8.0443573E-01,2.5281601E+00
7.627048E-02,-8.1931305E-01,2.5408249E+00
7.627375E-02,-8.3426666E-01,2.5527267E+00
7.627703E-02,-8.4792328E-01,2.5638657E+00
7.628031E-02,-8.6180878E-01,2.5737839E+00
7.628358E-02,-8.7516022E-01,2.5846176E+00
7.628686E-02,-8.8835907E-01,2.5927811E+00
7.629014E-02,-8.9980316E-01,2.6001053E+00
7.629341E-02,-9.1170502E-01,2.6068954E+00
7.629669E-02,-9.2253876E-01,2.6129990E+00
7.629997E-02,-9.3192291E-01,2.6177292E+00
7.630324E-02,-9.4184113E-01,2.6223831E+00
7.630652E-02,-9.5000458E-01,2.6255875E+00
7.630980E-02,-9.5908356E-01,2.6271896E+00
7.631308E-02,-9.6602631E-01,2.6289444E+00
7.631635E-02,-9.7251129E-01,2.6290207E+00
7.631963E-02,-9.7785187E-01,2.6292496E+00
7.632291E-02,-9.8525238E-01,2.6277237E+00
7.632618E-02,-9.8838043E-01,2.6254349E+00
7.632946E-02,-9.9135590E-01,2.6220779E+00
7.633274E-02,-9.9539948E-01,2.6178055E+00
7.633601E-02,-9.9761200E-01,2.6135330E+00
7.633929E-02,-1.0002823E+00,2.6076584E+00
7.634257E-02,-1.0004349E+00,2.5998001E+00
7.634584E-02,-1.0021896E+00,2.5922470E+00
7.634912E-02,-1.0011978E+00,2.5835495E+00
7.635240E-02,-1.0001297E+00,2.5731735E+00
7.635567E-02,-9.9799347E-01,2.5635605E+00
7.635895E-02,-9.9585724E-01,2.5528793E+00
7.636223E-02,-9.9272919E-01,2.5402908E+00
7.636550E-02,-9.8975372E-01,2.5272446E+00
7.636878E-02,-9.8433685E-01,2.5132828E+00
7.637206E-02,-9.7914886E-01,2.4978714E+00
7.637533E-02,-9.7258759E-01,2.4819260E+00
7.637861E-02,-9.6633148E-01,2.4665909E+00
7.638189E-02,-9.5824432E-01,2.4494247E+00
7.638516E-02,-9.5069122E-01,2.4303513E+00
7.638844E-02,-9.4199371E-01,2.4110489E+00
7.639172E-02,-9.3245697E-01,2.3908310E+00
7.639500E-02,-9.2345428E-01,2.3709183E+00
7.639827E-02,-9.1170502E-01,2.3494797E+00
7.640155E-02,-9.0110016E-01,2.3278122E+00
7.640483E-02,-8.8942719E-01,2.3039322E+00
7.640810E-02,-8.7744904E-01,2.2800522E+00
7.641138E-02,-8.6463165E-01,2.2550278E+00
7.641466E-02,-8.5082245E-01,2.2295456E+00
7.641793E-02,-8.3731842E-01,2.2041397E+00
7.642121E-02,-8.2358551E-01,2.1767502E+00
7.642449E-02,-8.0855560E-01,2.1492844E+00
7.642776E-02,-7.9383087E-01,2.1212845E+00
7.643104E-02,-7.7918243E-01,2.0920639E+00
7.643432E-02,-7.6285553E-01,2.0627670E+00
7.643759E-02,-7.4805450E-01,2.0317917E+00
7.644087E-02,-7.3004913E-01,2.0002060E+00
7.644415E-02,-7.1402740E-01,1.9686203E+00
7.644742E-02,-6.9609833E-01,1.9365005E+00
7.645070E-02,-6.7954254E-01,1.9036179E+00
7.645398E-02,-6.6260529E-01,1.8699722E+00
7.645725E-02,-6.4482880E-01,1.8359451E+00
7.646053E-02,-6.2789154E-01,1.8010025E+00
7.646381E-02,-6.0912323E-01,1.7651443E+00
7.646708E-02,-5.9142303E-01,1.7297440E+00
7.647036E-02,-5.7334137E-01,1.6937332E+00
7.647364E-02,-5.5510712E-01,1.6561203E+00
7.647692E-02,-5.3656769E-01,1.6183548E+00
7.648019E-02,-5.1833344E-01,1.5803604E+00
7.648347E-02,-4.9941254E-01,1.5419083E+00
7.648675E-02,-4.8087311E-01,1.5034561E+00
7.649002E-02,-4.6218109E-01,1.4653854E+00
7.649330E-02,-4.4417572E-01,1.4254074E+00
7.649658E-02,-4.2685699E-01,1.3847427E+00
7.649985E-02,-4.0808868E-01,1.3446884E+00
7.650313E-02,-3.9069366E-01,1.3044052E+00
7.650641E-02,-3.7215424E-01,1.2620621E+00
7.650968E-02,-3.5491180E-01,1.2208633E+00
7.651296E-02,-3.3843231E-01,1.1793594E+00
7.651624E-02,-3.2050323E-01,1.1373215E+00
7.651951E-02,-3.0303192E-01,1.0952072E+00
7.652279E-02,-2.8525543E-01,1.0513382E+00
7.652607E-02,-2.6831818E-01,1.0086136E+00
7.652934E-02,-2.5252533E-01,9.6588898E-01
7.653262E-02,-2.3581696E-01,9.2140961E-01
7.653590E-02,-2.2124481E-01,8.7807465E-01
7.653917E-02,-2.0636749E-01,8.3283234E-01
7.654245E-02,-1.9072723E-01,7.8964996E-01
7.654573E-02,-1.7607880E-01,7.4417877E-01
7.654900E-02,-1.6265106E-01,7.0000458E-01
7.655228E-02,-1.4960480E-01,6.5666962E-01
7.655556E-02,-1.3564301E-01,6.1081696E-01
7.655884E-02,-1.2366486E-01,5.6671906E-01
7.656211E-02,-1.1061859E-01,5.2338409E-01
7.656539E-02,-9.8106384E-02,4.7913361E-01
7.656867E-02,-8.6891174E-02,4.3480682E-01
7.657194E-02,-7.6591492E-02,3.9017487E-01
7.657522E-02,-6.6444397E-02,3.4569550E-01
7.657850E-02,-5.5992126E-02,3.0121613E-01
7.658177E-02,-4.6531677E-02,2.5620270E-01
7.658505E-02,-3.8139343E-02,2.1202850E-01
7.658833E-02,-3.0509949E-02,1.6716766E-01
7.659160E-02,-2.2193909E-02,1.2100983E-01
7.659488E-02,-1.4259338E-02,7.7217102E-02
7.659816E-02,-8.0795288E-03,3.3424377E-02
7.660143E-02,-1.2130737E-03,-1.0749817E-02
7.660471E-02,4.7378540E-03,-5.4771423E-02
7.660799E-02,9.8495483E-03,-9.8411560E-02
7.661126E-02,1.5495300E-02,-1.4212799E-01
7.661454E-02,2.0149231E-02,-1.8553925E-01
7.661782E-02,2.2132874E-02,-2.2765350E-01
7.662109E-02,2.5642395E-02,-2.7060699E-01
7.662437E-02,2.9151917E-02,-3.1233978E-01
7.662765E-02,3.3119202E-02,-3.5514069E-01
7.663092E-02,3.4187317E-02,-3.9641571E-01
7.663420E-02,3.6018372E-02,-4.3769073E-01
7.663748E-02,3.7239075E-02,-4.7827911E-01
7.664076E-02,3.7773132E-02,-5.1932526E-01
7.664403E-02,3.8154602E-02,-5.5907440E-01
7.664731E-02,3.6933899E-02,-5.9981537E-01
7.665059E-02,3.7315369E-02,-6.3994598E-01
7.665386E-02,3.6781311E-02,-6.7794037E-01
7.665714E-02,3.4645081E-02,-7.1761322E-01
7.666042E-02,3.3653259E-02,-7.5591278E-01
7.666369E-02,3.1059265E-02,-7.9291534E-01
7.666697E-02,2.9762268E-02,-8.3029938E-01
7.667025E-02,2.6939392E-02,-8.6692047E-01
7.667352E-02,2.4421692E-02,-9.0239716E-01
7.667680E-02,2.1141052E-02,-9.3749237E-01
7.668008E-02,1.8241882E-02,-9.7258759E-01
7.668335E-02,1.3969421E-02,-1.0064621E+00
7.668663E-02,9.9258423E-03,-1.0402603E+00
7.668991E-02,6.9503784E-03,-1.0736008E+00
7.669318E-02,1.8386841E-03,-1.1070938E+00
7.669646E-02,-2.4337769E-03,-1.1373825E+00
7.669974E-02,-7.3165894E-03,-1.1691208E+00
7.670301E-02,-1.1741638E-02,-1.1981888E+00
7.670629E-02,-1.6395569E-02,-1.2287064E+00
7.670957E-02,-2.2270203E-02,-1.2576218E+00
7.671284E-02,-2.8297424E-02,-1.2847061E+00
7.671612E-02,-3.4019470E-02,-1.3120193E+00
7.671940E-02,-3.7986755E-02,-1.3389511E+00
7.672268E-02,-4.3861389E-02,-1.3650436E+00
7.672595E-02,-4.9049377E-02,-1.3897629E+00
7.672923E-02,-5.4008484E-02,-1.4141006E+00
7.673251E-02,-5.7670593E-02,-1.4379807E+00
7.673578E-02,-6.4460754E-02,-1.4600296E+00
7.673906E-02,-6.9343567E-02,-1.4813919E+00
7.674234E-02,-7.4378967E-02,-1.5028305E+00
7.674561E-02,-7.9490662E-02,-1.5224380E+00
7.674889E-02,-8.4373474E-02,-1.5405197E+00
7.675217E-02,-8.7959290E-02,-1.5595932E+00
7.675544E-02,-9.3223572E-02,-1.5763779E+00
7.675872E-02,-9.8030090E-02,-1.5929337E+00
7.676200E-02,-1.0192108E-01,-1.6078110E+00
7.676527E-02,-1.0672760E-01,-1.6236801E+00
7.676855E-02,-1.1061859E-01,-1.6368027E+00
7.677183E-02,-1.1489105E-01,-1.6503067E+00
7.677510E-02,-1.1733246E-01,-1.6622086E+00
7.677838E-02,-1.2046051E-01,-1.6735764E+00
7.678166E-02,-1.2358856E-01,-1.6844101E+00
7.678493E-02,-1.2725067E-01,-1.6940231E+00
7.678821E-02,-1.2992096E-01,-1.7021866E+00
7.679149E-02,-1.3259125E-01,-1.7092056E+00
7.679476E-02,-1.3404083E-01,-1.7157669E+00
7.679804E-02,-1.3549042E-01,-1.7214890E+00
7.680132E-02,-1.3755035E-01,-1.7257614E+00
7.680460E-02,-1.3861847E-01,-1.7295761E+00
7.680787E-02,-1.3800812E-01,-1.7323990E+00
7.681115E-02,-1.3907623E-01,-1.7346115E+00
7.681443E-02,-1.4029694E-01,-1.7350693E+00
7.681770E-02,-1.3999176E-01,-1.7352982E+00
7.682098E-02,-1.4060211E-01,-1.7347641E+00
7.682426E-02,-1.4098358E-01,-1.7336960E+00
7.682753E-02,-1.3922882E-01,-1.7305679E+00
7.683081E-02,-1.3838959E-01,-1.7272873E+00
7.683409E-02,-1.3739777E-01,-1.7233963E+00
7.683736E-02,-1.3694000E-01,-1.7176743E+00
7.684064E-02,-1.3442230E-01,-1.7109604E+00
7.684392E-02,-1.3251495E-01,-1.7041702E+00
7.684719E-02,-1.3014984E-01,-1.6957016E+00
7.685047E-02,-1.2694550E-01,-1.6865463E+00
7.685375E-02,-1.2374115E-01,-1.6764755E+00
7.685702E-02,-1.2061310E-01,-1.6655655E+00
7.686030E-02,-1.1733246E-01,-1.6529007E+00
7.686358E-02,-1.1466217E-01,-1.6409988E+00
7.686685E-02,-1.1016083E-01,-1.6267319E+00
7.687013E-02,-1.0558319E-01,-1.6132278E+00
7.687341E-02,-1.0268402E-01,-1.5963669E+00
7.687668E-02,-9.7953796E-02,-1.5795059E+00
7.687996E-02,-9.3986511E-02,-1.5634079E+00
7.688324E-02,-8.8569641E-02,-1.5452499E+00
7.688652E-02,-8.4754944E-02,-1.5270157E+00
7.688979E-02,-7.9872131E-02,-1.5074081E+00
7.689307E-02,-7.5218201E-02,-1.4871902E+00
7.689635E-02,-7.0640564E-02,-1.4659042E+00
7.689962E-02,-6.5910339E-02,-1.4437027E+00
7.690290E-02,-6.1408997E-02,-1.4204330E+00
7.690618E-02,-5.5915833E-02,-1.3960190E+00
7.690945E-02,-5.0880432E-02,-1.3709183E+00
7.691273E-02,-4.6760559E-02,-1.3455124E+00
7.691601E-02,-4.1267395E-02,-1.3192673E+00
7.691928E-02,-3.6079407E-02,-1.2921829E+00
7.692256E-02,-3.1654358E-02,-1.2644882E+00
7.692584E-02,-2.6924133E-02,-1.2348862E+00
7.692911E-02,-2.2117615E-02,-1.2052078E+00
7.693239E-02,-1.6777039E-02,-1.1745377E+00
7.693567E-02,-1.2046814E-02,-1.1440201E+00
7.693894E-02,-8.0795288E-03,-1.1119766E+00
7.694222E-02,-3.4255981E-03,-1.0800858E+00
7.694550E-02,-2.2125244E-04,-1.0477371E+00
7.694877E-02,4.2037964E-03,-1.0145493E+00
7.695205E-02,7.0266724E-03,-9.7983551E-01
7.695533E-02,1.0841370E-02,-9.4466400E-01
7.695860E-02,1.2062073E-02,-9.1033173E-01
7.696188E-02,1.6029358E-02,-8.7416840E-01
7.696516E-02,1.7936707E-02,-8.3686066E-01
7.696844E-02,1.9386292E-02,-7.9947662E-01
7.697171E-02,2.1980286E-02,-7.6316071E-01
7.697499E-02,2.4345398E-02,-7.2509003E-01
7.697827E-02,2.4040222E-02,-6.8640900E-01
7.698154E-02,2.4574280E-02,-6.4749908E-01
7.698482E-02,2.5032043E-02,-6.0858917E-01
7.698810E-02,2.4803162E-02,-5.6838226E-01
7.699137E-02,2.4192810E-02,-5.2809906E-01
7.699465E-02,2.3429871E-02,-4.8812103E-01
7.699793E-02,2.1903992E-02,-4.4699860E-01
7.700120E-02,1.9462585E-02,-4.0564728E-01
7.700448E-02,1.8089294E-02,-3.6429596E-01
7.700776E-02,1.4961243E-02,-3.2157135E-01
7.701103E-02,1.1528015E-02,-2.7999115E-01
7.701431E-02,7.7133179E-03,-2.3772430E-01
7.701759E-02,2.9830933E-03,-1.9568634E-01
7.702086E-02,-1.9760132E-03,-1.5105438E-01
7.702414E-02,-6.5536499E-03,-1.0832977E-01
7.702742E-02,-1.1665344E-02,-6.4460754E-02
7.703069E-02,-1.8150330E-02,-2.1049500E-02
7.703397E-02,-2.5703430E-02,2.3048401E-02
7.703725E-02,-3.3027649E-02,6.7604065E-02
7.704052E-02,-4.0428162E-02,1.1162567E-01
7.704380E-02,-4.8667908E-02,1.5702057E-01
7.704708E-02,-5.5915833E-02,2.0226288E-01
7.705036E-02,-6.5605164E-02,2.4689484E-01
7.705363E-02,-7.5904846E-02,2.9206085E-01
7.705691E-02,-8.5517883E-02,3.3615875E-01
7.706019E-02,-9.6733093E-02,3.8079071E-01
7.706346E-02,-1.0802460E-01,4.2580414E-01
7.706674E-02,-1.1931610E-01,4.7035980E-01
7.707002E-02,-1.3152313E-01,5.1308441E-01
7.707329E-02,-1.4388275E-01,5.5680084E-01
7.707657E-02,-1.5731049E-01,6.0112762E-01
7.707985E-02,-1.7043304E-01,6.4560699E-01
7.708312E-02,-1.8401337E-01,6.9031525E-01
7.708640E-02,-1.9812775E-01,7.3448944E-01
7.708968E-02,-2.1269989E-01,7.7919769E-01
7.709295E-02,-2.2582245E-01,8.2337189E-01
7.709623E-02,-2.4138641E-01,8.6769867E-01
7.709951E-02,-2.5649261E-01,9.1118622E-01
7.710278E-02,-2.7320099E-01,9.5627594E-01
7.710606E-02,-2.8823090E-01,9.9953461E-01
7.710934E-02,-3.0509186E-01,1.0430222E+00
7.711261E-02,-3.2141876E-01,1.0857468E+00
7.711589E-02,-3.3889008E-01,1.1283188E+00
7.711917E-02,-3.5697174E-01,1.1708908E+00
7.712244E-02,-3.7360382E-01,1.2120895E+00
7.712572E-02,-3.9061737E-01,1.2537460E+00
7.712900E-02,-4.0801239E-01,1.2954788E+00
7.713228E-02,-4.2510223E-01,1.3365250E+00
7.713555E-02,-4.4234467E-01,1.3772659E+00
7.713883E-02,-4.5973969E-01,1.4182358E+00
7.714211E-02,-4.7789764E-01,1.4582901E+00
7.714538E-02,-4.9582672E-01,1.4976578E+00
7.714866E-02,-5.1406097E-01,1.5348129E+00
7.715194E-02,-5.3183746E-01,1.5735703E+00
7.715521E-02,-5.4923248E-01,1.6120224E+00
7.715849E-02,-5.6716156E-01,1.6503220E+00
7.716177E-02,-5.8638763E-01,1.6864853E+00
7.716504E-02,-6.0538483E-01,1.7229538E+00
7.716832E-02,-6.2171173E-01,1.7581253E+00
7.717160E-02,-6.3986969E-01,1.7940598E+00
7.717487E-02,-6.5871429E-01,1.8293076E+00
7.717815E-02,-6.7458344E-01,1.8636398E+00
7.718143E-02,-6.9174957E-01,1.8980484E+00
7.718470E-02,-7.0830536E-01,1.9305496E+00
7.718798E-02,-7.2348785E-01,1.9617538E+00
7.719126E-02,-7.3989105E-01,1.9937973E+00
7.719453E-02,-7.5629425E-01,2.0261459E+00
7.719781E-02,-7.7254486E-01,2.0560532E+00
7.720109E-02,-7.8765106E-01,2.0868759E+00
7.720436E-02,-8.0214691E-01,2.1159439E+00
7.720764E-02,-8.1641388E-01,2.1449356E+00
7.721092E-02,-8.2991791E-01,2.1733932E+00
7.721420E-02,-8.4418488E-01,2.1994858E+00
7.721747E-02,-8.5822296E-01,2.2259598E+00
7.722075E-02,-8.6951447E-01,2.2515182E+00
7.722403E-02,-8.8149261E-01,2.2764664E+00
7.722730E-02,-8.9209747E-01,2.3002701E+00
7.723058E-02,-9.0354156E-01,2.3232346E+00
7.723386E-02,-9.1437531E-01,2.3460464E+00
7.723713E-02,-9.2398834E-01,2.3679428E+00
7.724041E-02,-9.3306732E-01,2.3887711E+00
7.724369E-02,-9.4138336E-01,2.4083023E+00
7.724696E-02,-9.5008087E-01,2.4277573E+00
7.725024E-02,-9.5687103E-01,2.4456100E+00
7.725352E-02,-9.6373749E-01,2.4631577E+00
7.725679E-02,-9.6976471E-01,2.4795609E+00
7.726007E-02,-9.7411346E-01,2.4956589E+00
7.726335E-02,-9.7823334E-01,2.5115280E+00
7.726662E-02,-9.8220062E-01,2.5253372E+00
7.726990E-02,-9.8479462E-01,2.5387650E+00
7.727318E-02,-9.8777008E-01,2.5506668E+00
7.727645E-02,-9.9074554E-01,2.5618820E+00
7.727973E-02,-9.9082184E-01,2.5717239E+00
7.728301E-02,-9.9082184E-01,2.5817184E+00
7.728628E-02,-9.9036407E-01,2.5907211E+00
7.728956E-02,-9.8906708E-01,2.5989609E+00
7.729284E-02,-9.8777008E-01,2.6058273E+00
7.729612E-02,-9.8464203E-01,2.6120834E+00
7.729939E-02,-9.8159027E-01,2.6166611E+00
7.730267E-02,-9.7785187E-01,2.6204758E+00
7.730595E-02,-9.7289276E-01,2.6242905E+00
7.730922E-02,-9.6732330E-01,2.6270370E+00
7.731250E-02,-9.6053314E-01,2.6280289E+00
7.731578E-02,-9.5435333E-01,2.6287155E+00
7.731905E-02,-9.4580841E-01,2.6278763E+00
7.732233E-02,-9.3917084E-01,2.6271133E+00
7.732561E-02,-9.2925262E-01,2.6245193E+00
7.732888E-02,-9.2116547E-01,2.6218491E+00
7.733216E-02,-9.1056061E-01,2.6181870E+00
7.733544E-02,-8.9980316E-01,2.6137619E+00
7.733871E-02,-8.8835907E-01,2.6078873E+00
7.734199E-02,-8.7592316E-01,2.6009445E+00
7.734527E-02,-8.6287689E-01,2.5928574E+00
7.734854E-02,-8.4960175E-01,2.5848465E+00
7.735182E-02,-8.3602142E-01,2.5750809E+00
7.735510E-02,-8.2221222E-01,2.5658493E+00
7.735837E-02,-8.0756378E-01,2.5545578E+00
7.736165E-02,-7.9268646E-01,2.5437241E+00
7.736493E-02,-7.7712250E-01,2.5305252E+00
7.736820E-02,-7.6087189E-01,2.5170975E+00
7.737148E-02,-7.4393463E-01,2.5024490E+00
7.737476E-02,-7.2676849E-01,2.4862747E+00
7.737804E-02,-7.0868683E-01,2.4707108E+00
7.738131E-02,-6.9144440E-01,2.4527054E+00
7.738459E-02,-6.7305756E-01,2.4347763E+00
7.738787E-02,-6.5451813E-01,2.4160843E+00
7.739114E-02,-6.3636017E-01,2.3960190E+00
7.739442E-02,-6.1637115E-01,2.3752670E+00
7.739770E-02,-5.9683990E-01,2.3539810E+00
7.740097E-02,-5.7799530E-01,2.3314743E+00
7.740425E-02,-5.5754852E-01,2.3092728E+00
7.740753E-02,-5.3839874E-01,2.2854691E+00
7.741080E-02,-5.1856232E-01,2.2615128E+00
7.741408E-02,-4.9781036E-01,2.2348862E+00
7.741736E-02,-4.7721100E-01,2.2088699E+00
7.742063E-02,-4.5813751E-01,2.1824722E+00
7.742391E-02,-4.3677521E-01,2.1548538E+00
7.742719E-02,-4.1648102E-01,2.1266251E+00
7.743046E-02,-3.9626312E-01,2.0980148E+00
7.743374E-02,-3.7581635E-01,2.0679550E+00
7.743702E-02,-3.5758209E-01,2.0372849E+00
7.744029E-02,-3.3583832E-01,2.0060043E+00
7.744357E-02,-3.1523895E-01,1.9738083E+00
7.744685E-02,-2.9509735E-01,1.9421463E+00
7.745012E-02,-2.7518463E-01,1.9091873E+00
7.745340E-02,-2.5649261E-01,1.8754654E+00
7.745668E-02,-2.3619843E-01,1.8411331E+00
7.745996E-02,-2.1773529E-01,1.8067245E+00
7.746323E-02,-1.9950104E-01,1.7712479E+00
7.746651E-02,-1.8012238E-01,1.7356186E+00
7.746979E-02,-1.6066742E-01,1.6991501E+00
7.747306E-02,-1.4296722E-01,1.6626053E+00
7.747634E-02,-1.2541962E-01,1.6246872E+00
7.747962E-02,-1.0764313E-01,1.5870743E+00
7.748289E-02,-9.1011047E-02,1.5487747E+00
7.748617E-02,-7.3921204E-02,1.5103989E+00
7.748945E-02,-5.8891296E-02,1.4722519E+00
7.749272E-02,-4.1954041E-02,1.4321213E+00
7.749600E-02,-2.6008606E-02,1.3916855E+00
7.749928E-02,-1.2275696E-02,1.3512497E+00
7.750255E-02,2.3727417E-03,1.3104324E+00
7.750583E-02,1.6868591E-02,1.2683182E+00
7.750911E-02,3.0372620E-02,1.2278824E+00
7.751238E-02,4.4105530E-02,1.1865311E+00
7.751566E-02,5.5625916E-02,1.1441116E+00
7.751894E-02,6.8367004E-02,1.1018448E+00
7.752221E-02,8.1031799E-02,1.0588913E+00
7.752549E-02,9.1026306E-02,1.0159378E+00
7.752877E-02,1.0224152E-01,9.7313690E-01
7.753204E-02,1.1200714E-01,9.2865753E-01
7.753532E-02,1.2093353E-01,8.8433075E-01
7.753860E-02,1.3024139E-01,8.4061432E-01
7.754188E-02,1.3817596E-01,7.9720306E-01
7.754515E-02,1.4488983E-01,7.5203705E-01
7.754843E-02,1.5259552E-01,7.0763397E-01
7.755171E-02,1.5923309E-01,6.6414642E-01
7.755498E-02,1.6564178E-01,6.1890411E-01
7.755826E-02,1.6999054E-01,5.7419586E-01
7.756154E-02,1.7510223E-01,5.3047943E-01
7.756481E-02,1.7777252E-01,4.8653412E-01
7.756809E-02,1.8250275E-01,4.4297028E-01
7.757137E-02,1.8578339E-01,3.9833832E-01
7.757464E-02,1.8753815E-01,3.5408783E-01
7.757792E-02,1.9020844E-01,3.0998993E-01
7.758120E-02,1.9188690E-01,2.6451874E-01
7.758447E-02,1.9234467E-01,2.1942902E-01
7.758775E-02,1.9295502E-01,1.7418671E-01
7.759103E-02,1.9287872E-01,1.2978363E-01
7.759430E-02,1.9264984E-01,8.5151672E-02
7.759758E-02,1.9104767E-01,4.0977478E-02
7.760086E-02,1.8952179E-01,-3.7307739E-03
7.760413E-02,1.8791962E-01,-4.6836853E-02
7.760741E-02,1.8578339E-01,-9.1392517E-02
7.761069E-02,1.8257904E-01,-1.3488007E-01
7.761396E-02,1.7876434E-01,-1.7798615E-01
7.761724E-02,1.7502594E-01,-2.2185516E-01
7.762052E-02,1.7166901E-01,-2.6435089E-01
7.762380E-02,1.6640472E-01,-3.0638885E-01
7.762707E-02,1.6197968E-01,-3.4850311E-01
7.763035E-02,1.5686798E-01,-3.8985443E-01
7.763363E-02,1.5198517E-01,-4.3013763E-01
7.763690E-02,1.4626312E-01,-4.7187042E-01
7.764018E-02,1.3970184E-01,-5.1299286E-01
7.764346E-02,1.3367462E-01,-5.5312347E-01
7.764673E-02,1.2741852E-01,-5.9302521E-01
7.765001E-02,1.2162018E-01,-6.3285065E-01
7.765329E-02,1.1437225E-01,-6.7099762E-01
7.765656E-02,1.0689545E-01,-7.1074677E-01
7.765984E-02,1.0048676E-01,-7.4904633E-01
7.766312E-02,9.2018127E-02,-7.8612518E-01
7.766639E-02,8.4770203E-02,-8.2289886E-01
7.766967E-02,7.7369690E-02,-8.5990143E-01
7.767295E-02,6.9664001E-02,-8.9667511E-01
7.767622E-02,6.2568665E-02,-9.3184662E-01
7.767950E-02,5.4023743E-02,-9.6724701E-01
7.768278E-02,4.7004700E-02,-1.0009689E+00
7.768605E-02,3.8383484E-02,-1.0353012E+00
7.768933E-02,3.0296326E-02,-1.0679550E+00
7.769261E-02,2.4345398E-02,-1.1006088E+00
7.769588E-02,1.5266418E-02,-1.1319656E+00
7.769916E-02,7.5607300E-03,-1.1631699E+00
7.770244E-02,7.6293945E-06,-1.1936111E+00
7.770572E-02,-7.6217651E-03,-1.2229080E+00
7.770899E-02,-1.4488220E-02,-1.2524338E+00
7.771227E-02,-2.1049500E-02,-1.2803574E+00
7.771555E-02,-2.7687073E-02,-1.3082047E+00
7.771882E-02,-3.4934998E-02,-1.3344498E+00
7.772210E-02,-4.0809631E-02,-1.3607712E+00
7.772538E-02,-4.6913147E-02,-1.3849564E+00
7.772865E-02,-5.3169250E-02,-1.4105148E+00
7.773193E-02,-5.9196472E-02,-1.4337082E+00
7.773521E-02,-6.5071106E-02,-1.4558334E+00
7.773848E-02,-7.0030212E-02,-1.4771957E+00
7.774176E-02,-7.5218201E-02,-1.4985580E+00
7.774504E-02,-8.0863953E-02,-1.5188522E+00
7.774831E-02,-8.5289001E-02,-1.5375443E+00
7.775159E-02,-8.9103699E-02,-1.5563126E+00
7.775487E-02,-9.3223572E-02,-1.5738602E+00
7.775814E-02,-9.7572327E-02,-1.5904922E+00
7.776142E-02,-1.0169220E-01,-1.6054459E+00
7.776470E-02,-1.0565948E-01,-1.6211624E+00
7.776797E-02,-1.0817719E-01,-1.6349716E+00
7.777125E-02,-1.1138153E-01,-1.6483994E+00
7.777453E-02,-1.1313629E-01,-1.6607590E+00
7.777780E-02,-1.1580658E-01,-1.6728897E+00
7.778108E-02,-1.1817169E-01,-1.6837997E+00
7.778436E-02,-1.1916351E-01,-1.6925735E+00
7.778764E-02,-1.2000275E-01,-1.7021103E+00
7.779091E-02,-1.2038422E-01,-1.7100449E+00
7.779419E-02,-1.2175751E-01,-1.7169876E+00
7.779747E-02,-1.2137604E-01,-1.7218704E+00
7.780074E-02,-1.2221527E-01,-1.7269058E+00
7.780402E-02,-1.2252045E-01,-1.7308731E+00
7.780730E-02,-1.2236786E-01,-1.7340012E+00
7.781057E-02,-1.2175751E-01,-1.7356796E+00
7.781385E-02,-1.2030792E-01,-1.7365952E+00
7.781713E-02,-1.1847687E-01,-1.7367477E+00
7.782040E-02,-1.1756134E-01,-1.7362900E+00
7.782368E-02,-1.1634064E-01,-1.7338486E+00
7.782696E-02,-1.1321259E-01,-1.7320175E+00
7.783023E-02,-1.1061859E-01,-1.7285843E+00
7.783351E-02,-1.0947418E-01,-1.7248459E+00
7.783679E-02,-1.0626984E-01,-1.7192764E+00
7.784006E-02,-1.0352325E-01,-1.7130203E+00
7.784334E-02,-1.0092926E-01,-1.7068405E+00
7.784662E-02,-9.8411560E-02,-1.6974564E+00
7.784989E-02,-9.4291687E-02,-1.6891403E+00
7.785317E-02,-9.1697693E-02,-1.6788406E+00
7.785645E-02,-8.8569641E-02,-1.6678543E+00
7.785972E-02,-8.5975647E-02,-1.6564102E+00
7.786300E-02,-8.2160950E-02,-1.6445847E+00
7.786628E-02,-7.8651428E-02,-1.6297836E+00
7.786956E-02,-7.5218201E-02,-1.6156693E+00
7.787283E-02,-7.2776794E-02,-1.6008682E+00
7.787611E-02,-7.0106506E-02,-1.5845413E+00
7.787939E-02,-6.6673279E-02,-1.5678329E+00
7.788266E-02,-6.3697815E-02,-1.5512009E+00
7.788594E-02,-6.1714172E-02,-1.5338058E+00
7.788922E-02,-5.7365417E-02,-1.5137405E+00
7.789249E-02,-5.4618835E-02,-1.4926834E+00
7.789577E-02,-5.2177429E-02,-1.4710159E+00
7.789905E-02,-4.9888611E-02,-1.4491196E+00
7.790232E-02,-4.6760559E-02,-1.4266891E+00
7.790560E-02,-4.4776917E-02,-1.4026566E+00
7.790888E-02,-4.2335510E-02,-1.3773270E+00
7.791215E-02,-4.0199280E-02,-1.3522263E+00
7.791543E-02,-3.9283752E-02,-1.3253708E+00
7.791871E-02,-3.7452698E-02,-1.2995834E+00
7.792198E-02,-3.4858704E-02,-1.2708206E+00
7.792526E-02,-3.4629822E-02,-1.2420578E+00
7.792854E-02,-3.4172058E-02,-1.2132187E+00
7.793181E-02,-3.3714294E-02,-1.1829300E+00
7.793509E-02,-3.3332825E-02,-1.1521835E+00
7.793837E-02,-3.4248352E-02,-1.1205978E+00
7.794164E-02,-3.4324646E-02,-1.0896988E+00
7.794492E-02,-3.5240173E-02,-1.0569687E+00
7.794820E-02,-3.7147522E-02,-1.0237808E+00
7.795148E-02,-3.9207458E-02,-9.8990631E-01
7.795475E-02,-4.1572571E-02,-9.5519257E-01
7.795803E-02,-4.3708801E-02,-9.1933441E-01
7.796131E-02,-4.6302795E-02,-8.8332367E-01
7.796458E-02,-4.9201965E-02,-8.4685516E-01
7.796786E-02,-5.2940369E-02,-8.0947113E-01
7.797114E-02,-5.7060242E-02,-7.7376556E-01
7.797441E-02,-6.1103821E-02,-7.3592377E-01
7.797769E-02,-6.5299988E-02,-6.9670868E-01
7.798097E-02,-7.1174622E-02,-6.5779877E-01
7.798424E-02,-7.6515198E-02,-6.1789703E-01
7.798752E-02,-8.3076477E-02,-5.7791901E-01
7.799080E-02,-8.9256287E-02,-5.3855133E-01
7.799407E-02,-9.6580505E-02,-4.9750519E-01
7.799735E-02,-1.0390472E-01,-4.5638275E-01
7.800063E-02,-1.1260223E-01,-4.1533661E-01
7.800390E-02,-1.2099457E-01,-3.7375641E-01
7.800718E-02,-1.2976837E-01,-3.3187103E-01
7.801046E-02,-1.3869476E-01,-2.9067230E-01
7.801373E-02,-1.4899445E-01,-2.4748993E-01
7.801701E-02,-1.5898895E-01,-2.0453644E-01
7.802029E-02,-1.6967010E-01,-1.6204071E-01
7.802356E-02,-1.8157196E-01,-1.1855316E-01
7.802684E-02,-1.9286346E-01,-7.5218201E-02
7.803012E-02,-2.0407867E-01,-3.0967712E-02
7.803340E-02,-2.1628571E-01,1.3053894E-02
7.803667E-02,-2.2780609E-01,5.7075500E-02
7.803995E-02,-2.4031830E-01,1.0155487E-01
7.804323E-02,-2.5222015E-01,1.4649200E-01
7.804650E-02,-2.6526642E-01,1.9127655E-01
7.804978E-02,-2.7854156E-01,2.3621368E-01
7.805306E-02,-2.9311371E-01,2.8054047E-01
7.805633E-02,-3.0669403E-01,3.2646942E-01
7.805961E-02,-3.2141876E-01,3.7056732E-01
7.806289E-02,-3.3560944E-01,4.1474152E-01
7.806616E-02,-3.5124969E-01,4.5929718E-01
7.806944E-02,-3.6566925E-01,5.0385284E-01
7.807272E-02,-3.7970734E-01,5.4726410E-01
7.807599E-02,-3.9527130E-01,5.9181976E-01
7.807927E-02,-4.0961456E-01,6.3645172E-01
7.808255E-02,-4.2525482E-01,6.8115997E-01
7.808582E-02,-4.4104767E-01,7.2464752E-01
7.808910E-02,-4.5684052E-01,7.6920319E-01
7.809238E-02,-4.7057343E-01,8.1414032E-01
7.809565E-02,-4.8537445E-01,8.5793304E-01
7.809893E-02,-5.0154877E-01,9.0203094E-01
7.810221E-02,-5.1673126E-01,9.4750214E-01
7.810548E-02,-5.3290558E-01,9.8999786E-01
7.810876E-02,-5.4785919E-01,1.0339432E+00
7.811204E-02,-5.6288910E-01,1.0768967E+00
7.811532E-02,-5.7883453E-01,1.1198502E+00
7.811859E-02,-5.9424591E-01,1.1618118E+00
7.812187E-02,-6.0897064E-01,1.2039261E+00
7.812515E-02,-6.2262726E-01,1.2456589E+00
7.812842E-02,-6.3819122E-01,1.2867050E+00
7.813170E-02,-6.5245819E-01,1.3282089E+00
7.813498E-02,-6.6626740E-01,1.3691788E+00
7.813825E-02,-6.8007660E-01,1.4096909E+00
7.814153E-02,-6.9373322E-01,1.4505081E+00
7.814481E-02,-7.0662689E-01,1.4894943E+00
7.814808E-02,-7.1913910E-01,1.5279465E+00
7.815136E-02,-7.3073578E-01,1.5668564E+00
7.815464E-02,-7.4301910E-01,1.6040115E+00
7.815791E-02,-7.5431061E-01,1.6422348E+00
7.816119E-02,-7.6537323E-01,1.6796951E+00
7.816447E-02,-7.7597809E-01,1.7163162E+00
7.816774E-02,-7.8536224E-01,1.7526321E+00
7.817102E-02,-7.9573822E-01,1.7875748E+00
7.817430E-02,-8.0390167E-01,1.8233566E+00
7.817757E-02,-8.1267548E-01,1.8571548E+00
7.818085E-02,-8.2076263E-01,1.8916397E+00
7.818413E-02,-8.2823944E-01,1.9245224E+00
7.818740E-02,-8.3472443E-01,1.9575577E+00
7.819068E-02,-8.4128571E-01,1.9889908E+00
7.819396E-02,-8.4784698E-01,2.0208054E+00
7.819724E-02,-8.5227203E-01,2.0512466E+00
7.820051E-02,-8.5677338E-01,2.0816116E+00
7.820379E-02,-8.6112213E-01,2.1115952E+00
7.820707E-02,-8.6318207E-01,2.1392899E+00
7.821034E-02,-8.6684418E-01,2.1672897E+00
7.821362E-02,-8.6791229E-01,2.1948318E+00
7.821690E-02,-8.7042999E-01,2.2200089E+00
7.822017E-02,-8.7035370E-01,2.2456436E+00
7.822345E-02,-8.7004852E-01,2.2703629E+00
7.822673E-02,-8.6859894E-01,2.2955399E+00
7.823000E-02,-8.6753082E-01,2.3182755E+00
7.823328E-02,-8.6554718E-01,2.3404770E+00
7.823656E-02,-8.6249542E-01,2.3632126E+00
7.823983E-02,-8.5868073E-01,2.3838120E+00
7.824311E-02,-8.5372162E-01,2.4043350E+00
7.824639E-02,-8.4822845E-01,2.4236374E+00
7.824966E-02,-8.4342194E-01,2.4417953E+00
7.825294E-02,-8.3556366E-01,2.4593430E+00
7.825622E-02,-8.2808685E-01,2.4766617E+00
7.825949E-02,-8.2068634E-01,2.4926071E+00
7.826277E-02,-8.1191254E-01,2.5082474E+00
7.826605E-02,-8.0199432E-01,2.5228195E+00
7.826932E-02,-7.9238129E-01,2.5356369E+00
7.827260E-02,-7.8185272E-01,2.5486069E+00
7.827588E-02,-7.7040863E-01,2.5592880E+00
7.827916E-02,-7.5942230E-01,2.5699692E+00
7.828243E-02,-7.4713898E-01,2.5791245E+00
7.828571E-02,-7.3401642E-01,2.5873642E+00
7.828899E-02,-7.2013092E-01,2.5952988E+00
7.829226E-02,-7.0517731E-01,2.6033859E+00
7.829554E-02,-6.9060516E-01,2.6093369E+00
7.829882E-02,-6.7572784E-01,2.6153641E+00
7.830209E-02,-6.6031647E-01,2.6193314E+00
7.830537E-02,-6.4246368E-01,2.6226120E+00
7.830865E-02,-6.2636566E-01,2.6247482E+00
7.831192E-02,-6.0851288E-01,2.6266556E+00
7.831520E-02,-5.9081268E-01,2.6279526E+00
7.831848E-02,-5.7227325E-01,2.6283340E+00
7.832175E-02,-5.5274200E-01,2.6267319E+00
7.832503E-02,-5.3488922E-01,2.6245956E+00
7.832831E-02,-5.1459503E-01,2.6216202E+00
7.833158E-02,-4.9483490E-01,2.6181870E+00
7.833486E-02,-4.7629547E-01,2.6135330E+00
7.833814E-02,-4.5607758E-01,2.6080399E+00
7.834141E-02,-4.3448639E-01,2.6003342E+00
7.834469E-02,-4.1640472E-01,2.5936203E+00
7.834797E-02,-3.9534760E-01,2.5849991E+00
7.835124E-02,-3.7413788E-01,2.5762253E+00
7.835452E-02,-3.5239410E-01,2.5660782E+00
7.835780E-02,-3.3065033E-01,2.5551682E+00
7.836108E-02,-3.0913544E-01,2.5439529E+00
7.836435E-02,-2.8701019E-01,2.5308304E+00
7.836763E-02,-2.6496124E-01,2.5171738E+00
7.837091E-02,-2.4306488E-01,2.5026016E+00
7.837418E-02,-2.2216034E-01,2.4876480E+00
7.837746E-02,-2.0034027E-01,2.4724655E+00
7.838074E-02,-1.7813873E-01,2.4551468E+00
7.838401E-02,-1.5624237E-01,2.4364548E+00
7.838729E-02,-1.3587189E-01,2.4178391E+00
7.839057E-02,-1.1336517E-01,2.3970108E+00
7.839384E-02,-9.2231750E-02,2.3770218E+00
7.839712E-02,-7.1098328E-02,2.3554306E+00
7.840040E-02,-5.0956726E-02,2.3321609E+00
7.840367E-02,-3.0815125E-02,2.3108749E+00
7.840695E-02,-1.0597229E-02,2.2872238E+00
7.841023E-02,9.0866089E-03,2.2622757E+00
7.841350E-02,2.9228210E-02,2.2374039E+00
7.841678E-02,4.8835754E-02,2.2116165E+00
7.842006E-02,6.8595886E-02,2.1865158E+00
7.842333E-02,8.6753845E-02,2.1579056E+00
7.842661E-02,1.0552216E-01,2.1302872E+00
7.842989E-02,1.2352753E-01,2.1025925E+00
7.843316E-02,1.4099884E-01,2.0726852E+00
7.843644E-02,1.5816498E-01,2.0421677E+00
7.843972E-02,1.7426300E-01,2.0108109E+00
7.844300E-02,1.9036102E-01,1.9788437E+00
7.844627E-02,2.0699310E-01,1.9467239E+00
7.844955E-02,2.2126007E-01,1.9136124E+00
7.845283E-02,2.3560333E-01,1.8799667E+00
7.845610E-02,2.5048065E-01,1.8457108E+00
7.845938E-02,2.6299286E-01,1.8119125E+00
7.846266E-02,2.7581024E-01,1.7767410E+00
7.846593E-02,2.8824615E-01,1.7401199E+00
7.846921E-02,2.9892731E-01,1.7041855E+00
7.847249E-02,3.1082916E-01,1.6674118E+00
7.847576E-02,3.2089996E-01,1.6303329E+00
7.847904E-02,3.3165741E-01,1.5923386E+00
7.848232E-02,3.3943939E-01,1.5543442E+00
7.848559E-02,3.4828949E-01,1.5160446E+00
7.848887E-02,3.5652924E-01,1.4778214E+00
7.849215E-02,3.6377716E-01,1.4389877E+00
7.849542E-02,3.7125397E-01,1.3987045E+00
7.849870E-02,3.7636566E-01,1.3574295E+00
7.850198E-02,3.8338470E-01,1.3170700E+00
7.850525E-02,3.8811493E-01,1.2756424E+00
7.850853E-02,3.9261627E-01,1.2346725E+00
7.851181E-02,3.9620209E-01,1.1926346E+00
7.851508E-02,3.9933014E-01,1.1503677E+00
7.851836E-02,4.0215302E-01,1.1079483E+00
7.852164E-02,4.0444183E-01,1.0647659E+00
7.852492E-02,4.0543365E-01,1.0210495E+00
7.852819E-02,4.0566254E-01,9.7855377E-01
7.853147E-02,4.0581512E-01,9.3483734E-01
7.853475E-02,4.0573883E-01,8.9012909E-01
7.853802E-02,4.0367889E-01,8.4580231E-01
7.854130E-02,4.0184784E-01,8.0170441E-01
7.854458E-02,3.9978790E-01,7.5730133E-01
7.854785E-02,3.9788055E-01,7.1350861E-01
7.855113E-02,3.9398956E-01,6.7017365E-01
7.855441E-02,3.9002228E-01,6.2592316E-01
7.855768E-02,3.8620758E-01,5.8121490E-01
7.856096E-02,3.8109589E-01,5.3688812E-01
7.856424E-02,3.7705231E-01,4.9347687E-01
7.856751E-02,3.7133026E-01,4.4937897E-01
7.857079E-02,3.6553192E-01,4.0566254E-01
7.857407E-02,3.5820770E-01,3.6049652E-01
7.857734E-02,3.5317230E-01,3.1609344E-01
7.858062E-02,3.4668732E-01,2.7130890E-01
7.858390E-02,3.3837128E-01,2.2606659E-01
7.858717E-02,3.3081818E-01,1.8196869E-01
7.859045E-02,3.2143402E-01,1.3741302E-01
7.859373E-02,3.1334686E-01,9.1712952E-02
7.859700E-02,3.0518341E-01,4.8149109E-02
7.860028E-02,2.9625702E-01,3.4408569E-03
7.860356E-02,2.8694916E-01,-4.0504456E-02
7.860684E-02,2.7741241E-01,-8.4907532E-02
7.861011E-02,2.6940155E-01,-1.2786102E-01
7.861339E-02,2.5902557E-01,-1.7165375E-01
7.861667E-02,2.4842072E-01,-2.1430206E-01
7.861994E-02,2.3842621E-01,-2.5717926E-01
7.862322E-02,2.2888947E-01,-2.9868317E-01
7.862650E-02,2.1729279E-01,-3.4117889E-01
7.862977E-02,2.0752716E-01,-3.8298798E-01
7.863305E-02,1.9699860E-01,-4.2456818E-01
7.863633E-02,1.8677521E-01,-4.6591949E-01
7.863960E-02,1.7502594E-01,-5.0704193E-01
7.864288E-02,1.6510773E-01,-5.4740143E-01
7.864616E-02,1.5389252E-01,-5.8684540E-01
7.864943E-02,1.4481354E-01,-6.2697601E-01
7.865271E-02,1.3336945E-01,-6.6626740E-01
7.865599E-02,1.2375641E-01,-7.0441437E-01
7.865926E-02,1.1307526E-01,-7.4233246E-01
7.866254E-02,1.0399628E-01,-7.8063202E-01
7.866582E-02,9.4383240E-02,-8.1801605E-01
7.866909E-02,8.3396912E-02,-8.5532379E-01
7.867237E-02,7.4089050E-02,-8.9171600E-01
7.867565E-02,6.5696716E-02,-9.2711639E-01
7.867892E-02,5.6388855E-02,-9.6213531E-01
7.868220E-02,4.7157288E-02,-9.9707794E-01
7.868548E-02,3.7467957E-02,-1.0300369E+00
7.868876E-02,3.0372620E-02,-1.0626907E+00
7.869203E-02,2.2209167E-02,-1.0965652E+00
7.869531E-02,1.4808655E-02,-1.1271591E+00
7.869859E-02,6.8740845E-03,-1.1587448E+00
7.870186E-02,-6.7901611E-04,-1.1900253E+00
7.870514E-02,-8.0032349E-03,-1.2195511E+00
7.870842E-02,-1.4106750E-02,-1.2491531E+00
7.871169E-02,-1.9981384E-02,-1.2770004E+00
7.871497E-02,-2.6695251E-02,-1.3044662E+00
7.871825E-02,-3.2798767E-02,-1.3310928E+00
7.872152E-02,-3.8139343E-02,-1.3568802E+00
7.872480E-02,-4.2411804E-02,-1.3826675E+00
7.872808E-02,-4.7828674E-02,-1.4076920E+00
7.873135E-02,-5.1261902E-02,-1.4313431E+00
7.873463E-02,-5.5839539E-02,-1.4539261E+00
7.873791E-02,-5.9730530E-02,-1.4755936E+00
7.874118E-02,-6.2705994E-02,-1.4974136E+00
7.874446E-02,-6.6520691E-02,-1.5167923E+00
7.874774E-02,-6.9496155E-02,-1.5360947E+00
7.875101E-02,-7.1250916E-02,-1.5547104E+00
7.875429E-02,-7.3234558E-02,-1.5722580E+00
7.875757E-02,-7.5370789E-02,-1.5888138E+00
7.876084E-02,-7.7201843E-02,-1.6052933E+00
7.876412E-02,-7.8269958E-02,-1.6199417E+00
7.876740E-02,-7.9414368E-02,-1.6343613E+00
7.877068E-02,-7.9185486E-02,-1.6475601E+00
7.877395E-02,-7.9566956E-02,-1.6597672E+00
7.877723E-02,-7.9719543E-02,-1.6722031E+00
7.878051E-02,-7.9566956E-02,-1.6827316E+00
7.878378E-02,-7.9414368E-02,-1.6927261E+00
7.878706E-02,-7.7888489E-02,-1.7008133E+00
7.879034E-02,-7.6896667E-02,-1.7085190E+00
7.879361E-02,-7.6133728E-02,-1.7159195E+00
7.879689E-02,-7.4531555E-02,-1.7205734E+00
7.880017E-02,-7.4226379E-02,-1.7253036E+00
7.880344E-02,-7.1708679E-02,-1.7297287E+00
7.880672E-02,-7.0259094E-02,-1.7335434E+00
7.881000E-02,-6.7359924E-02,-1.7359848E+00
7.881327E-02,-6.6520691E-02,-1.7370529E+00
7.881655E-02,-6.3468933E-02,-1.7385788E+00
7.881983E-02,-6.1180115E-02,-1.7378159E+00
7.882310E-02,-5.8509827E-02,-1.7356796E+00
7.882638E-02,-5.6526184E-02,-1.7335434E+00
7.882966E-02,-5.4313660E-02,-1.7300339E+00
7.883293E-02,-5.2864075E-02,-1.7254562E+00
7.883621E-02,-5.0422668E-02,-1.7207260E+00
7.883949E-02,-4.7218323E-02,-1.7149277E+00
7.884276E-02,-4.4395447E-02,-1.7066116E+00
7.884604E-02,-4.3251038E-02,-1.6998978E+00
7.884932E-02,-4.1191101E-02,-1.6917343E+00
7.885260E-02,-3.8368225E-02,-1.6818161E+00
7.885587E-02,-3.6613464E-02,-1.6718979E+00
7.885915E-02,-3.4858704E-02,-1.6596909E+00
7.886243E-02,-3.2569885E-02,-1.6480179E+00
7.886570E-02,-3.0433655E-02,-1.6339798E+00
7.886898E-02,-2.8907776E-02,-1.6191788E+00
7.887226E-02,-2.8678894E-02,-1.6030807E+00
7.887553E-02,-2.7229309E-02,-1.5875931E+00
7.887881E-02,-2.6771545E-02,-1.5714951E+00
7.888209E-02,-2.5779724E-02,-1.5537186E+00
7.888536E-02,-2.4864197E-02,-1.5357895E+00
7.888864E-02,-2.5016785E-02,-1.5161057E+00
7.889192E-02,-2.4559021E-02,-1.4955063E+00
7.889519E-02,-2.5093079E-02,-1.4740677E+00
7.889847E-02,-2.5169373E-02,-1.4528580E+00
7.890175E-02,-2.5779724E-02,-1.4305038E+00
7.890502E-02,-2.7992249E-02,-1.4073105E+00
7.890830E-02,-2.8831482E-02,-1.3818283E+00
7.891158E-02,-3.0815125E-02,-1.3570328E+00
7.891485E-02,-3.3027649E-02,-1.3301010E+00
7.891813E-02,-3.4934998E-02,-1.3037033E+00
7.892141E-02,-3.7986755E-02,-1.2752457E+00
7.892468E-02,-4.2030334E-02,-1.2470932E+00
7.892796E-02,-4.4700623E-02,-1.2178726E+00
7.893124E-02,-4.8667908E-02,-1.1878891E+00
7.893452E-02,-5.2253723E-02,-1.1579056E+00
7.893779E-02,-5.7136536E-02,-1.1258621E+00
7.894107E-02,-6.2477112E-02,-1.0961075E+00
7.894435E-02,-6.8122864E-02,-1.0622330E+00
7.894762E-02,-7.3158264E-02,-1.0289688E+00
7.895090E-02,-7.9414368E-02,-9.9471283E-01
7.895418E-02,-8.8340759E-02,-9.6045685E-01
7.895745E-02,-9.2994690E-02,-9.2559052E-01
7.896073E-02,-1.0070038E-01,-8.9019012E-01
7.896401E-02,-1.0756683E-01,-8.5364532E-01
7.896728E-02,-1.1634064E-01,-8.1664276E-01
7.897056E-02,-1.2625885E-01,-7.7971649E-01
7.897384E-02,-1.3358307E-01,-7.4187469E-01
7.897711E-02,-1.4159393E-01,-7.0334625E-01
7.898039E-02,-1.5296173E-01,-6.6397858E-01
7.898367E-02,-1.6127777E-01,-6.2461090E-01
7.898694E-02,-1.7165375E-01,-5.8493805E-01
7.899022E-02,-1.8248749E-01,-5.4389191E-01
7.899350E-02,-1.9187164E-01,-5.0360870E-01
7.899677E-02,-2.0262909E-01,-4.6279144E-01
7.900005E-02,-2.1300507E-01,-4.2197418E-01
7.900333E-02,-2.2528839E-01,-3.7947845E-01
7.900660E-02,-2.3711395E-01,-3.3759308E-01
7.900988E-02,-2.4726105E-01,-2.9570770E-01
7.901316E-02,-2.5977325E-01,-2.5305939E-01
7.901644E-02,-2.7136993E-01,-2.0949554E-01
7.901971E-02,-2.8319550E-01,-1.6699982E-01
7.902299E-02,-2.9555511E-01,-1.2297821E-01
7.902627E-02,-3.0844879E-01,-7.9566956E-02
7.902954E-02,-3.2157135E-01,-3.5621643E-02
7.903282E-02,-3.3400726E-01,7.7896118E-03
7.903610E-02,-3.4728241E-01,5.1887512E-02
7.903937E-02,-3.6025238E-01,9.6061707E-02
7.904265E-02,-3.7192535E-01,1.4107513E-01
7.904593E-02,-3.8390350E-01,1.8578339E-01
7.904920E-02,-3.9748383E-01,2.3064423E-01
7.905248E-02,-4.1083527E-01,2.7542877E-01
7.905576E-02,-4.2350006E-01,3.2074738E-01
7.905903E-02,-4.3624115E-01,3.6499786E-01
7.906231E-02,-4.4776154E-01,4.0955353E-01
7.906559E-02,-4.6035004E-01,4.5449066E-01
7.906886E-02,-4.7225189E-01,4.9912262E-01
7.907214E-02,-4.8369598E-01,5.4207611E-01
7.907542E-02,-4.9491119E-01,5.8609772E-01
7.907869E-02,-5.0643158E-01,6.3050079E-01
7.908197E-02,-5.1757050E-01,6.7581940E-01
7.908525E-02,-5.2794647E-01,7.1961212E-01
7.908852E-02,-5.3946686E-01,7.6386261E-01
7.909180E-02,-5.5037689E-01,8.0834198E-01
7.909508E-02,-5.6021881E-01,8.5221100E-01
7.909836E-02,-5.7067108E-01,8.9699554E-01
7.910163E-02,-5.7929230E-01,9.4002533E-01
7.910491E-02,-5.8905792E-01,9.8381805E-01
7.910819E-02,-5.9676361E-01,1.0261612E+00
7.911146E-02,-6.0569000E-01,1.0702591E+00
7.911474E-02,-6.1347198E-01,1.1131363E+00
7.911802E-02,-6.2079620E-01,1.1558609E+00
7.912129E-02,-6.2720490E-01,1.1973648E+00
7.912457E-02,-6.3430023E-01,1.2397079E+00
7.912785E-02,-6.3910675E-01,1.2805252E+00
7.913112E-02,-6.4566803E-01,1.3218765E+00
7.913440E-02,-6.5108490E-01,1.3629227E+00
7.913768E-02,-6.5512848E-01,1.4035873E+00
7.914095E-02,-6.5840912E-01,1.4444046E+00
7.914423E-02,-6.6100311E-01,1.4829330E+00
7.914751E-02,-6.6359711E-01,1.5216904E+00
7.915078E-02,-6.6535187E-01,1.5594559E+00
7.915406E-02,-6.6619110E-01,1.5975266E+00
7.915734E-02,-6.6764069E-01,1.6354446E+00
7.916061E-02,-6.6703033E-01,1.6729813E+00
7.916389E-02,-6.6634369E-01,1.7102127E+00
7.916717E-02,-6.6436005E-01,1.7472153E+00
7.917044E-02,-6.6268158E-01,1.7821579E+00
7.917372E-02,-6.6031647E-01,1.8170242E+00
7.917700E-02,-6.5665436E-01,1.8517380E+00
7.918028E-02,-6.5253448E-01,1.8864517E+00
7.918355E-02,-6.4818573E-01,1.9194107E+00
7.918683E-02,-6.4353180E-01,1.9520645E+00
7.919011E-02,-6.3765717E-01,1.9840317E+00
7.919338E-02,-6.3101959E-01,2.0165329E+00
7.919666E-02,-6.2361908E-01,2.0475845E+00
7.919994E-02,-6.1591339E-01,2.0778732E+00
7.920321E-02,-6.0736847E-01,2.1073227E+00
7.920649E-02,-5.9760284E-01,2.1353989E+00
7.920977E-02,-5.8730316E-01,2.1636276E+00
7.921304E-02,-5.7776642E-01,2.1907120E+00
7.921632E-02,-5.6571198E-01,2.2164993E+00
7.921960E-02,-5.5426788E-01,2.2428970E+00
7.922287E-02,-5.4160309E-01,2.2683029E+00
7.922615E-02,-5.2970123E-01,2.2925644E+00
7.922943E-02,-5.1451874E-01,2.3151474E+00
7.923270E-02,-5.0109100E-01,2.3388748E+00
7.923598E-02,-4.8667145E-01,2.3609238E+00
7.923926E-02,-4.7179413E-01,2.3820572E+00
7.924253E-02,-4.5516205E-01,2.4021988E+00
7.924581E-02,-4.3891144E-01,2.4216537E+00
7.924909E-02,-4.2388153E-01,2.4401932E+00
7.925236E-02,-4.0610504E-01,2.4586563E+00
7.925564E-02,-3.8848114E-01,2.4756699E+00
7.925892E-02,-3.7001801E-01,2.4910812E+00
7.926220E-02,-3.5170746E-01,2.5069504E+00
7.926547E-02,-3.3255768E-01,2.5208359E+00
7.926875E-02,-3.1310272E-01,2.5343399E+00
7.927203E-02,-2.9326630E-01,2.5472336E+00
7.927530E-02,-2.7404022E-01,2.5589828E+00
7.927858E-02,-2.5206757E-01,2.5697403E+00
7.928186E-02,-2.3154449E-01,2.5786667E+00
7.928513E-02,-2.1140289E-01,2.5873642E+00
7.928841E-02,-1.8843842E-01,2.5959091E+00
7.929169E-02,-1.6852570E-01,2.6039200E+00
7.929496E-02,-1.4723969E-01,2.6104813E+00
7.929824E-02,-1.2549591E-01,2.6160507E+00
7.930152E-02,-1.0337067E-01,2.6205521E+00
7.930479E-02,-8.1855774E-02,2.6244431E+00
7.930807E-02,-5.8815002E-02,2.6267319E+00
7.931135E-02,-3.7300110E-02,2.6272659E+00
7.931462E-02,-1.5937805E-02,2.6287918E+00
7.931790E-02,6.0348511E-03,2.6287918E+00
7.932118E-02,2.9075623E-02,2.6281052E+00
7.932445E-02,5.0514221E-02,2.6262741E+00
7.932773E-02,7.3173523E-02,2.6237564E+00
7.933101E-02,9.5451355E-02,2.6207047E+00
7.933428E-02,1.1742401E-01,2.6162033E+00
7.933756E-02,1.3733673E-01,2.6096420E+00
7.934084E-02,1.5991974E-01,2.6043015E+00
7.934412E-02,1.8090057E-01,2.5965958E+00
7.934739E-02,2.0188141E-01,2.5879745E+00
7.935067E-02,2.2301483E-01,2.5790482E+00
7.935395E-02,2.4330902E-01,2.5695114E+00
7.935722E-02,2.6367950E-01,2.5593643E+00
7.936050E-02,2.8321075E-01,2.5462418E+00
7.936378E-02,3.0205536E-01,2.5351028E+00
7.936705E-02,3.2067108E-01,2.5217514E+00
7.937033E-02,3.3966827E-01,2.5060349E+00
7.937361E-02,3.5706329E-01,2.4911575E+00
7.937688E-02,3.7567902E-01,2.4748306E+00
7.938016E-02,3.9200592E-01,2.4578934E+00
7.938344E-02,4.0909576E-01,2.4404221E+00
7.938671E-02,4.2618561E-01,2.4212723E+00
7.938999E-02,4.4213104E-01,2.4022751E+00
7.939327E-02,4.5761871E-01,2.3822098E+00
7.939654E-02,4.7165680E-01,2.3607712E+00
7.939982E-02,4.8630524E-01,2.3391037E+00
7.940310E-02,4.9965668E-01,2.3162918E+00
7.940637E-02,5.1186371E-01,2.2932510E+00
7.940965E-02,5.2552032E-01,2.2693710E+00
7.941293E-02,5.3650665E-01,2.2432022E+00
7.941620E-02,5.4695892E-01,2.2177963E+00
7.941948E-02,5.5702972E-01,2.1916275E+00
7.942276E-02,5.6755829E-01,2.1635513E+00
7.942604E-02,5.7740021E-01,2.1356277E+00
7.942931E-02,5.8594513E-01,2.1069412E+00
7.943259E-02,5.9258270E-01,2.0775681E+00
7.943587E-02,6.0036469E-01,2.0468979E+00
7.943914E-02,6.0654449E-01,2.0160751E+00
7.944242E-02,6.1180878E-01,1.9839554E+00
7.944570E-02,6.1730194E-01,1.9524460E+00
7.944897E-02,6.2294769E-01,1.9193344E+00
7.945225E-02,6.2760162E-01,1.8868332E+00
7.945553E-02,6.3004303E-01,1.8528061E+00
7.945880E-02,6.3271332E-01,1.8183975E+00
7.946208E-02,6.3332367E-01,1.7834549E+00
7.946536E-02,6.3462067E-01,1.7475967E+00
7.946863E-02,6.3561249E-01,1.7110519E+00
7.947191E-02,6.3507843E-01,1.6757278E+00
7.947519E-02,6.3477325E-01,1.6377335E+00
7.947846E-02,6.3309479E-01,1.6001968E+00
7.948174E-02,6.3210297E-01,1.5617447E+00
7.948502E-02,6.2943268E-01,1.5234451E+00
7.948829E-02,6.2538910E-01,1.4849167E+00
7.949157E-02,6.2287140E-01,1.4460831E+00
7.949485E-02,6.1821747E-01,1.4054184E+00
7.949812E-02,6.1287689E-01,1.3656693E+00
7.950140E-02,6.0707855E-01,1.3246994E+00
7.950468E-02,6.0097504E-01,1.2835770E+00
7.950796E-02,5.9487152E-01,1.2420731E+00
7.951123E-02,5.8861542E-01,1.2013321E+00
7.951451E-02,5.7976532E-01,1.1588364E+00
7.951779E-02,5.7183075E-01,1.1164932E+00
7.952106E-02,5.6381989E-01,1.0738449E+00
7.952434E-02,5.5466461E-01,1.0302048E+00
7.952762E-02,5.4596710E-01,9.8717499E-01
7.953089E-02,5.3612518E-01,9.4330597E-01
7.953417E-02,5.2666473E-01,8.9928436E-01
7.953745E-02,5.1605988E-01,8.5465240E-01
7.954072E-02,5.0560760E-01,8.1131744E-01
7.954400E-02,4.9332428E-01,7.6653290E-01
7.954728E-02,4.8195648E-01,7.2182465E-01
7.955055E-02,4.7089386E-01,6.7948151E-01
7.955383E-02,4.5883942E-01,6.3355255E-01
7.955711E-02,4.4640350E-01,5.8953094E-01
7.956038E-02,4.3389130E-01,5.4528046E-01
7.956366E-02,4.2092133E-01,5.0118256E-01
7.956694E-02,4.0917206E-01,4.5723724E-01
7.957021E-02,3.9597321E-01,4.1359711E-01
7.957349E-02,3.8269806E-01,3.6881256E-01
7.957677E-02,3.6957550E-01,3.2471466E-01
7.958004E-02,3.5637665E-01,2.8008270E-01
7.958332E-02,3.4302521E-01,2.3491669E-01
7.958660E-02,3.3081818E-01,1.8975067E-01
7.958988E-02,3.1769562E-01,1.4550018E-01
7.959315E-02,3.0419159E-01,1.0086823E-01
7.959643E-02,2.9137421E-01,5.6007385E-02
7.959971E-02,2.7787018E-01,1.2138367E-02
7.960298E-02,2.6467133E-01,-3.2035828E-02
7.960626E-02,2.5223541E-01,-7.6896667E-02
7.960954E-02,2.3865509E-01,-1.2030792E-01
7.961281E-02,2.2553253E-01,-1.6310883E-01
7.961609E-02,2.1302032E-01,-2.0690155E-01
7.961937E-02,2.0127106E-01,-2.5046539E-01
7.962264E-02,1.8807220E-01,-2.9303741E-01
7.962592E-02,1.7540741E-01,-3.3377838E-01
7.962920E-02,1.6472626E-01,-3.7505341E-01
7.963247E-02,1.5373993E-01,-4.1686249E-01
7.963575E-02,1.4168549E-01,-4.5798492E-01
7.963903E-02,1.3016510E-01,-4.9964142E-01
7.964230E-02,1.1948395E-01,-5.3977203E-01
7.964558E-02,1.0880280E-01,-5.7944489E-01
7.964886E-02,9.9418640E-02,-6.2003326E-01
7.965213E-02,8.8127136E-02,-6.5932465E-01
7.965541E-02,7.9505920E-02,-6.9853973E-01
7.965869E-02,7.0960999E-02,-7.3645782E-01
7.966196E-02,6.1729431E-02,-7.7353668E-01
7.966524E-02,5.3718567E-02,-8.1099701E-01
7.966852E-02,4.5249939E-02,-8.4830475E-01
7.967180E-02,3.7239075E-02,-8.8431549E-01
7.967507E-02,3.0906677E-02,-9.2055511E-01
7.967835E-02,2.3353577E-02,-9.5488739E-01
7.968163E-02,1.6410828E-02,-9.9044037E-01
7.968490E-02,1.0307312E-02,-1.0240860E+00
7.968818E-02,4.6615601E-03,-1.0568924E+00
7.969146E-02,-4.5013428E-04,-1.0894699E+00
7.969473E-02,-6.7825317E-03,-1.1222000E+00
7.969801E-02,-1.0597229E-02,-1.1524124E+00
7.970129E-02,-1.5403748E-02,-1.1836166E+00
7.970456E-02,-1.9142151E-02,-1.2132187E+00
7.970784E-02,-2.2727966E-02,-1.2433548E+00
7.971112E-02,-2.5932312E-02,-1.2718124E+00
7.971439E-02,-2.9136658E-02,-1.2995071E+00
7.971767E-02,-3.0738831E-02,-1.3262100E+00
7.972095E-02,-3.3714294E-02,-1.3528366E+00
7.972422E-02,-3.6613464E-02,-1.3788528E+00
7.972750E-02,-3.6384583E-02,-1.4030380E+00
7.973078E-02,-3.7910461E-02,-1.4272995E+00
7.973405E-02,-3.9665222E-02,-1.4493484E+00
7.973733E-02,-4.0046692E-02,-1.4711685E+00
7.974061E-02,-3.9665222E-02,-1.4921494E+00
7.974388E-02,-3.9741516E-02,-1.5137405E+00
7.974716E-02,-3.9817810E-02,-1.5323563E+00
7.975044E-02,-3.9360046E-02,-1.5503616E+00
7.975372E-02,-3.9283752E-02,-1.5677567E+00
7.975699E-02,-3.7681580E-02,-1.5849991E+00
7.976027E-02,-3.5545349E-02,-1.6008682E+00
7.976355E-02,-3.4629822E-02,-1.6162796E+00
7.976682E-02,-3.3027649E-02,-1.6306229E+00
7.977010E-02,-3.1806946E-02,-1.6440506E+00
7.977338E-02,-2.9899597E-02,-1.6574020E+00
7.977665E-02,-2.8831482E-02,-1.6686935E+00
7.977993E-02,-2.6237488E-02,-1.6800613E+00
7.978321E-02,-2.3338318E-02,-1.6895218E+00
7.978648E-02,-2.1736145E-02,-1.6988297E+00
7.978976E-02,-1.9447327E-02,-1.7069931E+00
7.979304E-02,-1.7234802E-02,-1.7143936E+00
7.979631E-02,-1.5174866E-02,-1.7201920E+00
7.979959E-02,-1.1741638E-02,-1.7253036E+00
7.980287E-02,-9.1476440E-03,-1.7295761E+00
7.980614E-02,-6.6299438E-03,-1.7331619E+00
7.980942E-02,-3.9596558E-03,-1.7356796E+00
7.981270E-02,-3.3493042E-03,-1.7372055E+00
7.981597E-02,7.7056885E-04,-1.7372818E+00
7.981925E-02,2.4490356E-03,-1.7366714E+00
7.982253E-02,4.5852661E-03,-1.7350693E+00
7.982580E-02,5.8059692E-03,-1.7333908E+00
7.982908E-02,7.9421997E-03,-1.7301865E+00
7.983236E-02,1.0154724E-02,-1.7269821E+00
7.983564E-02,1.1222839E-02,-1.7213364E+00
7.983891E-02,1.3130188E-02,-1.7159958E+00
7.984219E-02,1.4122009E-02,-1.7081375E+00
7.984547E-02,1.5495300E-02,-1.7012711E+00
7.984874E-02,1.4961243E-02,-1.6931839E+00
7.985202E-02,1.6181946E-02,-1.6829605E+00
7.985530E-02,1.7478943E-02,-1.6724319E+00
7.985857E-02,1.6716003E-02,-1.6609879E+00
7.986185E-02,1.6181946E-02,-1.6490097E+00
7.986513E-02,1.6181946E-02,-1.6358109E+00
7.986840E-02,1.5342712E-02,-1.6206284E+00
7.987168E-02,1.4503479E-02,-1.6062851E+00
7.987496E-02,1.2519836E-02,-1.5905685E+00
7.987823E-02,1.0993958E-02,-1.5741653E+00
7.988151E-02,8.7814331E-03,-1.5574570E+00
7.988479E-02,6.5689087E-03,-1.5383072E+00
7.988806E-02,3.6697388E-03,-1.5202255E+00
7.989134E-02,9.2315674E-04,-1.4990158E+00
7.989462E-02,-1.8997192E-03,-1.4781876E+00
7.989789E-02,-5.1803589E-03,-1.4563675E+00
7.990117E-02,-9.2239380E-03,-1.4332504E+00
7.990445E-02,-1.3114929E-02,-1.4097519E+00
7.990772E-02,-1.6929626E-02,-1.3851852E+00
7.991100E-02,-2.2727966E-02,-1.3598557E+00
7.991428E-02,-2.7534485E-02,-1.3343735E+00
7.991756E-02,-3.4019470E-02,-1.3075943E+00
7.992083E-02,-3.9588928E-02,-1.2805099E+00
7.992411E-02,-4.5005798E-02,-1.2518234E+00
7.992739E-02,-5.3092957E-02,-1.2227554E+00
7.993066E-02,-5.8433533E-02,-1.1930771E+00
7.993394E-02,-6.5528870E-02,-1.1624832E+00
7.993722E-02,-7.2700500E-02,-1.1312027E+00
7.994049E-02,-8.0635071E-02,-1.0993118E+00
7.994377E-02,-8.8264465E-02,-1.0673447E+00
7.994705E-02,-9.5817566E-02,-1.0340042E+00
7.995032E-02,-1.0443878E-01,-1.0001297E+00
7.995360E-02,-1.1275482E-01,-9.6656036E-01
7.995688E-02,-1.2221527E-01,-9.3192291E-01
7.996015E-02,-1.3137054E-01,-8.9614105E-01
7.996343E-02,-1.4022064E-01,-8.5967255E-01
7.996671E-02,-1.4884186E-01,-8.2205963E-01
7.996998E-02,-1.5860748E-01,-7.8536224E-01
7.997326E-02,-1.6837311E-01,-7.4813080E-01
7.997654E-02,-1.7714691E-01,-7.1013641E-01
7.997981E-02,-1.8767548E-01,-6.7008209E-01
7.998309E-02,-1.9736481E-01,-6.3155365E-01
7.998637E-02,-2.0705414E-01,-5.9165192E-01
7.998964E-02,-2.1712494E-01,-5.5182648E-01
7.999292E-02,-2.2666168E-01,-5.1108551E-01
7.999620E-02,-2.3665619E-01,-4.7042084E-01
7.999948E-02,-2.4687958E-01,-4.2830658E-01
8.000275E-02,-2.5603485E-01,-3.8703156E-01
8.000603E-02,-2.6641083E-01,-3.4476471E-01
8.000931E-02,-2.7571869E-01,-3.0410004E-01
8.001258E-02,-2.8548431E-01,-2.6213837E-01
8.001586E-02,-2.9540253E-01,-2.1826935E-01
8.001914E-02,-3.0486298E-01,-1.7546844E-01
8.002241E-02,-3.1493378E-01,-1.3190460E-01
8.002569E-02,-3.2363129E-01,-8.9103699E-02
8.002897E-02,-3.3232880E-01,-4.5234680E-02
8.003224E-02,-3.4186554E-01,-7.5531006E-04
8.003552E-02,-3.4934235E-01,4.3113708E-02
8.003880E-02,-3.5742950E-01,8.7593079E-02
8.004207E-02,-3.6498260E-01,1.3291168E-01
8.004535E-02,-3.7360382E-01,1.7739105E-01
8.004863E-02,-3.8016510E-01,2.2148895E-01
8.005190E-02,-3.8665009E-01,2.6688385E-01
8.005518E-02,-3.9252472E-01,3.1204987E-01
8.005846E-02,-3.9916229E-01,3.5683441E-01
8.006173E-02,-4.0496063E-01,4.0039825E-01
8.006501E-02,-4.1136932E-01,4.4510651E-01
8.006829E-02,-4.1617584E-01,4.8882294E-01
8.007156E-02,-4.2044830E-01,5.3208160E-01
8.007484E-02,-4.2372894E-01,5.7633209E-01
8.007812E-02,-4.2723846E-01,6.2035370E-01
8.008140E-02,-4.3044281E-01,6.6613007E-01
8.008467E-02,-4.3227386E-01,7.0984650E-01
8.008795E-02,-4.3448639E-01,7.5318146E-01
8.009123E-02,-4.3601227E-01,7.9796600E-01
8.009450E-02,-4.3647003E-01,8.4252167E-01
8.009778E-02,-4.3692780E-01,8.8639069E-01
8.010106E-02,-4.3730927E-01,9.3079376E-01
8.010433E-02,-4.3608856E-01,9.7557831E-01
8.010761E-02,-4.3517303E-01,1.0190659E+00
8.011089E-02,-4.3303680E-01,1.0622482E+00
8.011416E-02,-4.3013763E-01,1.1052780E+00
8.011744E-02,-4.2769623E-01,1.1471634E+00
8.012072E-02,-4.2365265E-01,1.1900406E+00
8.012399E-02,-4.1999054E-01,1.2319260E+00
8.012727E-02,-4.1495514E-01,1.2740402E+00
8.013055E-02,-4.0900421E-01,1.3146286E+00
8.013382E-02,-4.0366364E-01,1.3564377E+00
8.013710E-02,-3.9717865E-01,1.3968735E+00
8.014038E-02,-3.8947296E-01,1.4371567E+00
8.014365E-02,-3.8214874E-01,1.4770584E+00
8.014693E-02,-3.7245941E-01,1.5154343E+00
8.015021E-02,-3.6284637E-01,1.5530472E+00
8.015348E-02,-3.5430145E-01,1.5919571E+00
8.015676E-02,-3.4255219E-01,1.6295700E+00
8.016004E-02,-3.3110809E-01,1.6665726E+00
8.016332E-02,-3.2134247E-01,1.7026596E+00
8.016659E-02,-3.0852509E-01,1.7408066E+00
8.016987E-02,-2.9441071E-01,1.7765884E+00
8.017315E-02,-2.8113556E-01,1.8111496E+00
8.017642E-02,-2.6694489E-01,1.8463974E+00
8.017970E-02,-2.5252533E-01,1.8798904E+00
8.018298E-02,-2.3780060E-01,1.9140701E+00
8.018625E-02,-2.2170258E-01,1.9469528E+00
8.018953E-02,-2.0583344E-01,1.9785385E+00
8.019281E-02,-1.9004059E-01,2.0114975E+00
8.019608E-02,-1.7211151E-01,2.0419388E+00
8.019936E-02,-1.5593719E-01,2.0718460E+00
8.020264E-02,-1.3793182E-01,2.1012192E+00
8.020591E-02,-1.1977386E-01,2.1302109E+00
8.020919E-02,-1.0123444E-01,2.1585922E+00
8.021247E-02,-8.3381653E-02,2.1865158E+00
8.021574E-02,-6.3545227E-02,2.2131424E+00
8.021902E-02,-4.3327332E-02,2.2385483E+00
8.022230E-02,-2.4635315E-02,2.2640305E+00
8.022557E-02,-4.1885376E-03,2.2886734E+00
8.022885E-02,1.5495300E-02,2.3113327E+00
8.023213E-02,3.6781311E-02,2.3342209E+00
8.023540E-02,5.7685852E-02,2.3558884E+00
8.023868E-02,7.9505920E-02,2.3770218E+00
8.024196E-02,1.0056305E-01,2.3977737E+00
8.024524E-02,1.2200165E-01,2.4173050E+00
8.024851E-02,1.4450836E-01,2.4362259E+00
8.025179E-02,1.6533661E-01,2.4544601E+00
8.025507E-02,1.8708038E-01,2.4723129E+00
8.025834E-02,2.0836639E-01,2.4879532E+00
8.026162E-02,2.3049164E-01,2.5024490E+00
8.026490E-02,2.5223541E-01,2.5170212E+00
8.026817E-02,2.7313995E-01,2.5305252E+00
8.027145E-02,2.9503632E-01,2.5432663E+00
8.027473E-02,3.1594086E-01,2.5547867E+00
8.027800E-02,3.3615875E-01,2.5665359E+00
8.028128E-02,3.5713959E-01,2.5759201E+00
8.028456E-02,3.7834930E-01,2.5849228E+00
8.028783E-02,3.9856720E-01,2.5931625E+00
8.029111E-02,4.2107391E-01,2.6010971E+00
8.029439E-02,4.3991852E-01,2.6076584E+00
8.029766E-02,4.6006012E-01,2.6132278E+00
8.030094E-02,4.7920990E-01,2.6178055E+00
8.030422E-02,4.9782562E-01,2.6218491E+00
8.030749E-02,5.1773834E-01,2.6244431E+00
8.031077E-02,5.3635406E-01,2.6281052E+00
8.031405E-02,5.5374908E-01,2.6283340E+00
8.031732E-02,5.7122040E-01,2.6281815E+00
8.032060E-02,5.8838654E-01,2.6277237E+00
8.032388E-02,6.0555267E-01,2.6256638E+00
8.032716E-02,6.2187958E-01,2.6231461E+00
8.033043E-02,6.3668060E-01,2.6189499E+00
8.033371E-02,6.5102386E-01,2.6152878E+00
8.033699E-02,6.6536713E-01,2.6093369E+00
8.034026E-02,6.7887115E-01,2.6036148E+00
8.034354E-02,6.9092560E-01,2.5967484E+00
8.034682E-02,7.0404816E-01,2.5883560E+00
8.035009E-02,7.1541595E-01,2.5792770E+00
8.035337E-02,7.2785187E-01,2.5704269E+00
8.035665E-02,7.3891449E-01,2.5597458E+00
8.035992E-02,7.4929047E-01,2.5486069E+00
8.036320E-02,7.5913239E-01,2.5359421E+00
8.036648E-02,7.6775360E-01,2.5221329E+00
8.036975E-02,7.7652740E-01,2.5075607E+00
8.037303E-02,7.8461456E-01,2.4929123E+00
8.037631E-02,7.9155731E-01,2.4768906E+00
8.037958E-02,7.9766083E-01,2.4607925E+00
8.038286E-02,8.0406952E-01,2.4433212E+00
8.038614E-02,8.0887604E-01,2.4244766E+00
8.038941E-02,8.1299591E-01,2.4042587E+00
8.039269E-02,8.1597137E-01,2.3844986E+00
8.039597E-02,8.1848907E-01,2.3628311E+00
8.039924E-02,8.2115936E-01,2.3415451E+00
8.040252E-02,8.2329559E-01,2.3193436E+00
8.040580E-02,8.2352448E-01,2.2968369E+00
8.040908E-02,8.2398224E-01,2.2730331E+00
8.041235E-02,8.2405853E-01,2.2470169E+00
8.041563E-02,8.2161713E-01,2.2218399E+00
8.041891E-02,8.1925201E-01,2.1959763E+00
8.042218E-02,8.1719208E-01,2.1684341E+00
8.042546E-02,8.1276703E-01,2.1411972E+00
8.042874E-02,8.1047821E-01,2.1133499E+00
8.043201E-02,8.0498505E-01,2.0842056E+00
8.043529E-02,7.9949188E-01,2.0533829E+00
8.043857E-02,7.9369354E-01,2.0224075E+00
8.044184E-02,7.8759003E-01,1.9908218E+00
8.044512E-02,7.8095245E-01,1.9588547E+00
8.044840E-02,7.7294159E-01,1.9256668E+00
8.045167E-02,7.6378632E-01,1.8929367E+00
8.045495E-02,7.5554657E-01,1.8592911E+00
8.045823E-02,7.4501801E-01,1.8243484E+00
8.046150E-02,7.3532867E-01,1.7893295E+00
8.046478E-02,7.2541046E-01,1.7537766E+00
8.046806E-02,7.1511078E-01,1.7173080E+00
8.047133E-02,7.0435333E-01,1.6808395E+00
8.047461E-02,6.9191742E-01,1.6437607E+00
8.047789E-02,6.8054962E-01,1.6063766E+00
8.048116E-02,6.7093658E-01,1.5682297E+00
8.048444E-02,6.5789032E-01,1.5304642E+00
8.048772E-02,6.4530182E-01,1.4918594E+00
8.049100E-02,6.3225555E-01,1.4523392E+00
8.049427E-02,6.1875153E-01,1.4127426E+00
8.049755E-02,6.0471344E-01,1.3723068E+00
8.050083E-02,5.9059906E-01,1.3312607E+00
8.050410E-02,5.7541656E-01,1.2906723E+00
8.050738E-02,5.5985260E-01,1.2483292E+00
8.051066E-02,5.4436493E-01,1.2067490E+00
8.051393E-02,5.3009796E-01,1.1651688E+00
8.051721E-02,5.1491547E-01,1.1229782E+00
8.052049E-02,4.9919891E-01,1.0813217E+00
8.052376E-02,4.8317719E-01,1.0385208E+00
8.052704E-02,4.6639252E-01,9.9472809E-01
8.053032E-02,4.5082855E-01,9.5024872E-01
8.053359E-02,4.3534088E-01,9.0622711E-01
8.053687E-02,4.1786957E-01,8.6327362E-01
8.054015E-02,4.0215302E-01,8.1902313E-01
8.054342E-02,3.8651276E-01,7.7454376E-01
8.054670E-02,3.7026215E-01,7.2914886E-01
8.054998E-02,3.5485077E-01,6.8619537E-01
8.055325E-02,3.3852386E-01,6.4171600E-01
8.055653E-02,3.2303619E-01,5.9723663E-01
8.055981E-02,3.0869293E-01,5.5344391E-01
8.056308E-02,2.9412079E-01,5.1041412E-01
8.056636E-02,2.7840424E-01,4.6585846E-01
8.056964E-02,2.6367950E-01,4.2137909E-01
8.057292E-02,2.4948883E-01,3.7712860E-01
8.057619E-02,2.3392487E-01,3.3188629E-01
8.057947E-02,2.1996307E-01,2.8717804E-01
8.058275E-02,2.0584869E-01,2.4208832E-01
8.058602E-02,1.9196320E-01,1.9722748E-01
8.058930E-02,1.7800140E-01,1.5244293E-01
8.059258E-02,1.6495514E-01,1.0781097E-01
8.059585E-02,1.5229034E-01,6.3255310E-02
8.059913E-02,1.4092255E-01,1.8699646E-02
8.060241E-02,1.2909698E-01,-2.4482727E-02
8.060568E-02,1.1620331E-01,-6.9725037E-02
8.060896E-02,1.0506439E-01,-1.1298370E-01
8.061224E-02,9.4764709E-02,-1.5624237E-01
8.061551E-02,8.3549500E-02,-1.9889069E-01
8.061879E-02,7.3097229E-02,-2.4214935E-01
8.062207E-02,6.4552307E-02,-2.8464508E-01
8.062534E-02,5.4023743E-02,-3.2584381E-01
8.062862E-02,4.6699524E-02,-3.6841583E-01
8.063190E-02,3.7773132E-02,-4.0961456E-01
8.063517E-02,2.8999329E-02,-4.5081329E-01
8.063845E-02,2.0759583E-02,-4.9170685E-01
8.064173E-02,1.4503479E-02,-5.3214264E-01
8.064500E-02,8.1710815E-03,-5.7303619E-01
8.064828E-02,2.2201538E-03,-6.1392975E-01
8.065156E-02,-5.1040649E-03,-6.5283966E-01
8.065484E-02,-1.0063171E-02,-6.9228363E-01
8.065811E-02,-1.4030457E-02,-7.3088837E-01
8.066139E-02,-1.8531799E-02,-7.6796722E-01
8.066467E-02,-2.2346497E-02,-8.0535126E-01
8.066794E-02,-2.6161194E-02,-8.4243011E-01
8.067122E-02,-2.9594421E-02,-8.7805939E-01
8.067450E-02,-3.2035828E-02,-9.1445160E-01
8.067777E-02,-3.4782410E-02,-9.5030975E-01
8.068105E-02,-3.6231995E-02,-9.8525238E-01
8.068433E-02,-3.7910461E-02,-1.0186691E+00
8.068760E-02,-3.7757874E-02,-1.0516281E+00
8.069088E-02,-3.8825989E-02,-1.0843582E+00
8.069416E-02,-4.0657043E-02,-1.1164017E+00
8.069743E-02,-4.0657043E-02,-1.1475296E+00
8.070071E-02,-4.0733337E-02,-1.1784286E+00
8.070399E-02,-3.9283752E-02,-1.2077255E+00
8.070726E-02,-3.8215637E-02,-1.2370987E+00
8.071054E-02,-3.7834167E-02,-1.2667770E+00
8.071382E-02,-3.5697937E-02,-1.2947006E+00
8.071709E-02,-3.4629822E-02,-1.3216324E+00
8.072037E-02,-3.3485413E-02,-1.3482590E+00
8.072365E-02,-3.1730652E-02,-1.3742752E+00
8.072692E-02,-2.7763367E-02,-1.3988419E+00
8.073020E-02,-2.6237488E-02,-1.4214249E+00
8.073348E-02,-2.3414612E-02,-1.4455338E+00
8.073676E-02,-2.1659851E-02,-1.4673538E+00
8.074003E-02,-1.6700745E-02,-1.4884872E+00
8.074331E-02,-1.3648987E-02,-1.5093918E+00
8.074659E-02,-1.1054993E-02,-1.5292282E+00
8.074986E-02,-7.3928833E-03,-1.5480728E+00
8.075314E-02,-3.8833618E-03,-1.5654678E+00
8.075642E-02,-1.2893677E-03,-1.5817184E+00
8.075969E-02,2.4490356E-03,-1.5979691E+00
8.076297E-02,5.4244995E-03,-1.6134567E+00
8.076625E-02,9.6206665E-03,-1.6287155E+00
8.076952E-02,1.3053894E-02,-1.6419144E+00
8.077280E-02,1.6563416E-02,-1.6549606E+00
8.077608E-02,1.9309998E-02,-1.6664810E+00
8.077935E-02,2.3048401E-02,-1.6767807E+00
8.078263E-02,2.6252747E-02,-1.6875381E+00
8.078591E-02,2.8236389E-02,-1.6960831E+00
8.078918E-02,3.2203674E-02,-1.7050858E+00
8.079246E-02,3.4873962E-02,-1.7121811E+00
8.079574E-02,3.6094666E-02,-1.7192764E+00
8.079901E-02,4.0977478E-02,-1.7239304E+00
8.080229E-02,4.1358948E-02,-1.7282028E+00
8.080557E-02,4.4105530E-02,-1.7324753E+00
8.080884E-02,4.6241760E-02,-1.7351456E+00
8.081212E-02,4.8377991E-02,-1.7369766E+00
8.081540E-02,5.0132751E-02,-1.7380447E+00
8.081868E-02,5.1963806E-02,-1.7369766E+00
8.082195E-02,5.2345276E-02,-1.7356796E+00
8.082523E-02,5.3108215E-02,-1.7351456E+00
8.082851E-02,5.4100037E-02,-1.7321701E+00
8.083178E-02,5.5244446E-02,-1.7270584E+00
8.083506E-02,5.2955627E-02,-1.7227097E+00
8.083834E-02,5.3718567E-02,-1.7175217E+00
8.084161E-02,5.2726746E-02,-1.7112656E+00
8.084489E-02,5.3337097E-02,-1.7035599E+00
8.084817E-02,5.1429749E-02,-1.6954727E+00
8.085144E-02,5.0895691E-02,-1.6854782E+00
8.085472E-02,4.9598694E-02,-1.6751785E+00
8.085800E-02,4.6852112E-02,-1.6642685E+00
8.086127E-02,4.4944763E-02,-1.6515274E+00
8.086455E-02,4.2350769E-02,-1.6389389E+00
8.086783E-02,3.9756775E-02,-1.6239853E+00
8.087110E-02,3.6781311E-02,-1.6099472E+00
8.087438E-02,3.3653259E-02,-1.5941544E+00
8.087766E-02,3.0906677E-02,-1.5775223E+00
8.088093E-02,2.6176453E-02,-1.5602036E+00
8.088421E-02,2.1522522E-02,-1.5422745E+00
8.088749E-02,1.7478943E-02,-1.5230484E+00
8.089076E-02,1.2901306E-02,-1.5025253E+00
8.089404E-02,7.8659058E-03,-1.4808578E+00
8.089732E-02,2.2201538E-03,-1.4601822E+00
8.090060E-02,-1.9760132E-03,-1.4379807E+00
8.090387E-02,-8.6898804E-03,-1.4147110E+00
8.090715E-02,-1.3725281E-02,-1.3900681E+00
8.091043E-02,-1.9676208E-02,-1.3644333E+00
8.091370E-02,-2.7000427E-02,-1.3384933E+00
8.091698E-02,-3.2493591E-02,-1.3124008E+00
8.092026E-02,-3.9283752E-02,-1.2854691E+00
8.092353E-02,-4.6607971E-02,-1.2570114E+00
8.092681E-02,-5.3474426E-02,-1.2279434E+00
8.093009E-02,-5.9883118E-02,-1.1978073E+00
8.093336E-02,-6.6978455E-02,-1.1683578E+00
8.093664E-02,-7.3463440E-02,-1.1373825E+00
8.093992E-02,-8.1474304E-02,-1.1054916E+00
8.094319E-02,-8.8951111E-02,-1.0729904E+00
8.094647E-02,-9.5207214E-02,-1.0404129E+00
8.094975E-02,-1.0222626E-01,-1.0061569E+00
8.095302E-02,-1.0924530E-01,-9.7197723E-01
8.095630E-02,-1.1725616E-01,-9.3756866E-01
8.095958E-02,-1.2419891E-01,-9.0178680E-01
8.096285E-02,-1.3129425E-01,-8.6501312E-01
8.096613E-02,-1.3739777E-01,-8.2907867E-01
8.096941E-02,-1.4586639E-01,-7.9154205E-01
8.097268E-02,-1.5212250E-01,-7.5415802E-01
8.097596E-02,-1.5959930E-01,-7.1677399E-01
8.097924E-02,-1.6539764E-01,-6.7671967E-01
8.098252E-02,-1.7188263E-01,-6.3803864E-01
8.098579E-02,-1.7821503E-01,-5.9821320E-01
8.098907E-02,-1.8370819E-01,-5.5823517E-01
8.099235E-02,-1.8927765E-01,-5.1757050E-01
8.099562E-02,-1.9576263E-01,-4.7721100E-01
8.099890E-02,-2.0095062E-01,-4.3524933E-01
8.100218E-02,-2.0560455E-01,-3.9443207E-01
8.100545E-02,-2.0949554E-01,-3.5346222E-01
8.100873E-02,-2.1384430E-01,-3.1027985E-01
8.101201E-02,-2.1743011E-01,-2.6946259E-01
8.101528E-02,-2.2025299E-01,-2.2612762E-01
8.101856E-02,-2.2399139E-01,-1.8340302E-01
8.102184E-02,-2.2658539E-01,-1.4067841E-01
8.102511E-02,-2.3001862E-01,-9.7190857E-02
8.102839E-02,-2.3146820E-01,-5.3016663E-02
8.103167E-02,-2.3291779E-01,-8.5372925E-03
8.103494E-02,-2.3390961E-01,3.5331726E-02
8.103822E-02,-2.3368073E-01,7.9734802E-02
8.104150E-02,-2.3421478E-01,1.2505341E-01
8.104477E-02,-2.3360443E-01,1.6907501E-01
8.104805E-02,-2.3314667E-01,2.1332550E-01
8.105133E-02,-2.3078156E-01,2.5864410E-01
8.105460E-02,-2.2933197E-01,3.0388641E-01
8.105788E-02,-2.2650909E-01,3.4859467E-01
8.106116E-02,-2.2292328E-01,3.9322662E-01
8.106444E-02,-2.2048187E-01,4.3801117E-01
8.106771E-02,-2.1613312E-01,4.8233795E-01
8.107099E-02,-2.1178436E-01,5.2544403E-01
8.107427E-02,-2.0720673E-01,5.6961823E-01
8.107754E-02,-1.9980621E-01,6.1363983E-01
8.108082E-02,-1.9385529E-01,6.5842438E-01
8.108410E-02,-1.8653107E-01,7.0259857E-01
8.108737E-02,-1.7890167E-01,7.4669647E-01
8.109065E-02,-1.7188263E-01,7.9132843E-01
8.109393E-02,-1.6349030E-01,8.3588409E-01
8.109720E-02,-1.5464020E-01,8.7944794E-01
8.110048E-02,-1.4464569E-01,9.2346954E-01
8.110376E-02,-1.3419342E-01,9.6756744E-01
8.110703E-02,-1.2313080E-01,1.0106735E+00
8.111031E-02,-1.1191559E-01,1.0540848E+00
8.111359E-02,-1.0077667E-01,1.0975723E+00
8.111686E-02,-8.8111877E-02,1.1406784E+00
8.112014E-02,-7.5370789E-02,1.1824875E+00
8.112342E-02,-6.2095642E-02,1.2249832E+00
8.112669E-02,-4.8973083E-02,1.2662582E+00
8.112997E-02,-3.4553528E-02,1.3070755E+00
8.113325E-02,-2.0439148E-02,1.3482742E+00
8.113652E-02,-3.8070679E-03,1.3891678E+00
8.113980E-02,1.1528015E-02,1.4299088E+00
8.114308E-02,2.7626038E-02,1.4692764E+00
8.114636E-02,4.4029236E-02,1.5080338E+00
8.114963E-02,6.1729431E-02,1.5463333E+00
8.115291E-02,7.8666687E-02,1.5840225E+00
8.115619E-02,9.7358704E-02,1.6227798E+00
8.115946E-02,1.1513519E-01,1.6597824E+00
8.116274E-02,1.3329315E-01,1.6976242E+00
8.116602E-02,1.5167999E-01,1.7338638E+00
8.116929E-02,1.7090607E-01,1.7700272E+00
8.117257E-02,1.8929291E-01,1.8039780E+00
8.117585E-02,2.0836639E-01,1.8393021E+00
8.117912E-02,2.2797394E-01,1.8734055E+00
8.118240E-02,2.4712372E-01,1.9069748E+00
8.118568E-02,2.6825714E-01,1.9392471E+00
8.118895E-02,2.8786469E-01,1.9717484E+00
8.119223E-02,3.0754852E-01,2.0028000E+00
8.119551E-02,3.2715607E-01,2.0343094E+00
8.119878E-02,3.4699249E-01,2.0654373E+00
8.120206E-02,3.6644745E-01,2.0954971E+00
8.120534E-02,3.8674164E-01,2.1239548E+00
8.120861E-02,4.0703583E-01,2.1528702E+00
8.121189E-02,4.2870331E-01,2.1806412E+00
8.121517E-02,4.4800568E-01,2.2068863E+00
8.121844E-02,4.6768951E-01,2.2325974E+00
8.122172E-02,4.8691559E-01,2.2581558E+00
8.122500E-02,5.0743866E-01,2.2833328E+00
8.122828E-02,5.2750397E-01,2.3059921E+00
8.123155E-02,5.4619598E-01,2.3297958E+00
8.123483E-02,5.6496429E-01,2.3504715E+00
8.123811E-02,5.8419037E-01,2.3726730E+00
8.124138E-02,6.0196686E-01,2.3931198E+00
8.124466E-02,6.2035370E-01,2.4135666E+00
8.124794E-02,6.3813019E-01,2.4323349E+00
8.125121E-02,6.5445709E-01,2.4501114E+00
8.125449E-02,6.7078400E-01,2.4682693E+00
8.125777E-02,6.8611908E-01,2.4849777E+00
8.126104E-02,7.0236969E-01,2.5003128E+00
8.126432E-02,7.1694183E-01,2.5140457E+00
8.126760E-02,7.3288727E-01,2.5283127E+00
8.127087E-02,7.4791718E-01,2.5412827E+00
8.127415E-02,7.6241302E-01,2.5532608E+00
8.127743E-02,7.7667999E-01,2.5642471E+00
8.128070E-02,7.9018402E-01,2.5745468E+00
8.128398E-02,8.0277252E-01,2.5837784E+00
8.128726E-02,8.1558990E-01,2.5920944E+00
8.129053E-02,8.2802582E-01,2.5991898E+00
8.129381E-02,8.3946991E-01,2.6066666E+00
8.129709E-02,8.4976959E-01,2.6121597E+00
8.130036E-02,8.5938263E-01,2.6165848E+00
8.130364E-02,8.6884308E-01,2.6210098E+00
8.130692E-02,8.7792206E-01,2.6229935E+00
8.131020E-02,8.8608551E-01,2.6255112E+00
8.131347E-02,8.9402008E-01,2.6271896E+00
8.131675E-02,9.0004730E-01,2.6270370E+00
8.132003E-02,9.0637970E-01,2.6271896E+00
8.132330E-02,9.1126251E-01,2.6262741E+00
8.132658E-02,9.1629791E-01,2.6234512E+00
8.132986E-02,9.2057037E-01,2.6200943E+00
8.133313E-02,9.2377472E-01,2.6159744E+00
8.133641E-02,9.2568207E-01,2.6109390E+00
8.133969E-02,9.2728424E-01,2.6052170E+00
8.134296E-02,9.2888641E-01,2.5974350E+00
8.134624E-02,9.2888641E-01,2.5898819E+00
8.134952E-02,9.2835236E-01,2.5817947E+00
8.135279E-02,9.2713165E-01,2.5726395E+00
8.135607E-02,9.2484283E-01,2.5624161E+00
8.135935E-02,9.2278290E-01,2.5505905E+00
8.136262E-02,9.1965485E-01,2.5390701E+00
8.136590E-02,9.1507721E-01,2.5250320E+00
8.136918E-02,9.1004181E-01,2.5114517E+00
8.137245E-02,9.0386200E-01,2.4955063E+00
8.137573E-02,8.9806366E-01,2.4803238E+00
8.137901E-02,8.9073944E-01,2.4646072E+00
8.138228E-02,8.8234711E-01,2.4456863E+00
8.138556E-02,8.7387848E-01,2.4276047E+00
8.138884E-02,8.6609650E-01,2.4076920E+00
8.139212E-02,8.5709381E-01,2.3877792E+00
8.139539E-02,8.4702301E-01,2.3678665E+00
8.139867E-02,8.3611298E-01,2.3452835E+00
8.140195E-02,8.2512665E-01,2.3226242E+00
8.140522E-02,8.1352997E-01,2.3008041E+00
8.140850E-02,8.0139923E-01,2.2763901E+00
8.141178E-02,7.8865814E-01,2.2514420E+00
8.141505E-02,7.7507782E-01,2.2256546E+00
8.141833E-02,7.6142120E-01,2.1997147E+00
8.142161E-02,7.4669647E-01,2.1730881E+00
8.142488E-02,7.3342133E-01,2.1449356E+00
8.142816E-02,7.1900177E-01,2.1169357E+00
8.143144E-02,7.0366669E-01,2.0877914E+00
8.143471E-02,6.8909454E-01,2.0584946E+00
8.143799E-02,6.7475128E-01,2.0285110E+00
8.144127E-02,6.5796661E-01,1.9966965E+00
8.144454E-02,6.4263153E-01,1.9636612E+00
8.144782E-02,6.2599945E-01,1.9315414E+00
8.145110E-02,6.0936737E-01,1.8986588E+00
8.145437E-02,5.9136200E-01,1.8652420E+00
8.145765E-02,5.7427216E-01,1.8299942E+00
8.146093E-02,5.5641937E-01,1.7955856E+00
8.146420E-02,5.3871918E-01,1.7602615E+00
8.146748E-02,5.2063751E-01,1.7231064E+00
8.147076E-02,5.0202179E-01,1.6872482E+00
8.147404E-02,4.8332977E-01,1.6509323E+00
8.147731E-02,4.6570587E-01,1.6129379E+00
8.148059E-02,4.4686127E-01,1.5743332E+00
8.148387E-02,4.2839813E-01,1.5364151E+00
8.148714E-02,4.0863800E-01,1.4981918E+00
8.149042E-02,3.9063263E-01,1.4599686E+00
8.149370E-02,3.7339020E-01,1.4198380E+00
8.149697E-02,3.5515594E-01,1.3793259E+00
8.150025E-02,3.3592987E-01,1.3375931E+00
8.150353E-02,3.1815338E-01,1.2977676E+00
8.150680E-02,3.0075836E-01,1.2555771E+00
8.151008E-02,2.8221893E-01,1.2139969E+00
8.151336E-02,2.6558685E-01,1.1723404E+00
8.151663E-02,2.4887848E-01,1.1306076E+00
8.151991E-02,2.3072052E-01,1.0881119E+00
8.152319E-02,2.1370697E-01,1.0447006E+00
8.152646E-02,1.9776154E-01,1.0015182E+00
8.152974E-02,1.8189240E-01,9.5856476E-01
8.153302E-02,1.6464996E-01,9.1332245E-01
8.153629E-02,1.4908600E-01,8.6998749E-01
8.153957E-02,1.3497162E-01,8.2535553E-01
8.154285E-02,1.1887360E-01,7.8148651E-01
8.154612E-02,1.0437775E-01,7.3685455E-01
8.154940E-02,9.0797424E-02,6.9344330E-01
8.155268E-02,7.7064514E-02,6.4896393E-01
8.155596E-02,6.4094543E-02,6.0410309E-01
8.155923E-02,5.1124573E-02,5.5947113E-01
8.156251E-02,3.8230896E-02,5.1613617E-01
8.156579E-02,2.5260925E-02,4.7173309E-01
8.156906E-02,1.4198303E-02,4.2763519E-01
8.157234E-02,4.0512085E-03,3.8323212E-01
8.157562E-02,-6.7825317E-03,3.3928680E-01
8.157889E-02,-1.7158508E-02,2.9389191E-01
8.158217E-02,-2.5856018E-02,2.4872589E-01
8.158545E-02,-3.4934998E-02,2.0386505E-01
8.158872E-02,-4.2793274E-02,1.5953827E-01
8.159200E-02,-5.0956726E-02,1.1383820E-01
8.159528E-02,-5.8357239E-02,6.9969177E-02
8.159855E-02,-6.5452576E-02,2.6252747E-02
8.160183E-02,-7.1784973E-02,-1.6929626E-02
8.160511E-02,-7.7659607E-02,-6.1027527E-02
8.160838E-02,-8.2313538E-02,-1.0550690E-01
8.161166E-02,-8.6891174E-02,-1.4838409E-01
8.161494E-02,-9.2155457E-02,-1.9240570E-01
8.161821E-02,-9.7343445E-02,-2.3459625E-01
8.162149E-02,-9.9784851E-02,-2.7747345E-01
8.162477E-02,-1.0260773E-01,-3.1928253E-01
8.162804E-02,-1.0672760E-01,-3.6162567E-01
8.163132E-02,-1.0741425E-01,-4.0282440E-01
8.163460E-02,-1.0894012E-01,-4.4440460E-01
8.163788E-02,-1.1145782E-01,-4.8651886E-01
8.164115E-02,-1.1222076E-01,-5.2649689E-01
8.164443E-02,-1.1191559E-01,-5.6693268E-01
8.164771E-02,-1.1084747E-01,-6.0630035E-01
8.165098E-02,-1.1092377E-01,-6.4650726E-01
8.165426E-02,-1.1046600E-01,-6.8556976E-01
8.165754E-02,-1.0832977E-01,-7.2386932E-01
8.166081E-02,-1.0688019E-01,-7.6132965E-01
8.166409E-02,-1.0588837E-01,-7.9863739E-01
8.166737E-02,-1.0298920E-01,-8.3602142E-01
8.167064E-02,-1.0016632E-01,-8.7256622E-01
8.167392E-02,-9.7648621E-02,-9.0895844E-01
8.167720E-02,-9.4291687E-02,-9.4397736E-01
8.168047E-02,-9.0782166E-02,-9.7823334E-01
8.168375E-02,-8.6204529E-02,-1.0124893E+00
8.168703E-02,-8.3457947E-02,-1.0457535E+00
8.169030E-02,-7.8804016E-02,-1.0788651E+00
8.169358E-02,-7.4760437E-02,-1.1111374E+00
8.169686E-02,-7.0793152E-02,-1.1424179E+00
8.170013E-02,-6.5605164E-02,-1.1729355E+00
8.170341E-02,-6.0417175E-02,-1.2027664E+00
8.170669E-02,-5.5839539E-02,-1.2324448E+00
8.170996E-02,-5.0727844E-02,-1.2611313E+00
8.171324E-02,-4.5463562E-02,-1.2895126E+00
8.171652E-02,-4.0351868E-02,-1.3169785E+00
8.171980E-02,-3.4248352E-02,-1.3438339E+00
8.172307E-02,-2.9899597E-02,-1.3689346E+00
8.172635E-02,-2.4024963E-02,-1.3937302E+00
8.172963E-02,-1.9065857E-02,-1.4184494E+00
8.173290E-02,-1.2809753E-02,-1.4424057E+00
8.173618E-02,-8.9950562E-03,-1.4644547E+00
8.173946E-02,-4.8751831E-03,-1.4861984E+00
8.174273E-02,5.4168701E-04,-1.5075607E+00
8.174601E-02,5.6533813E-03,-1.5270920E+00
8.174929E-02,1.0841370E-02,-1.5463943E+00
8.175256E-02,1.5190125E-02,-1.5637894E+00
8.175584E-02,2.0454407E-02,-1.5804977E+00
8.175912E-02,2.4803162E-02,-1.5962906E+00
8.176239E-02,2.8694153E-02,-1.6124649E+00
8.176567E-02,3.2432556E-02,-1.6270370E+00
8.176895E-02,3.5636902E-02,-1.6409988E+00
8.177222E-02,3.9833069E-02,-1.6538162E+00
8.177550E-02,4.3571472E-02,-1.6660233E+00
8.177878E-02,4.6928406E-02,-1.6775436E+00
8.178205E-02,5.0743103E-02,-1.6873856E+00
8.178533E-02,5.3337097E-02,-1.6970749E+00
8.178861E-02,5.5778503E-02,-1.7051620E+00
8.179188E-02,5.8296204E-02,-1.7136307E+00
8.179516E-02,6.0432434E-02,-1.7201157E+00
8.179844E-02,6.1729431E-02,-1.7253036E+00
8.180172E-02,6.4476013E-02,-1.7302628E+00
8.180499E-02,6.3713074E-02,-1.7329330E+00
8.180827E-02,6.5010071E-02,-1.7368240E+00
8.181155E-02,6.6383362E-02,-1.7383499E+00
8.181482E-02,6.6154480E-02,-1.7385025E+00
8.181810E-02,6.6459656E-02,-1.7394180E+00
8.182138E-02,6.7451477E-02,-1.7382736E+00
8.182465E-02,6.7451477E-02,-1.7371292E+00
8.182793E-02,6.5315247E-02,-1.7331619E+00
8.183121E-02,6.5086365E-02,-1.7291183E+00
8.183448E-02,6.2110901E-02,-1.7246933E+00
8.183776E-02,6.1042786E-02,-1.7187424E+00
8.184104E-02,6.0508728E-02,-1.7121048E+00
8.184431E-02,5.6999207E-02,-1.7054672E+00
8.184759E-02,5.5244446E-02,-1.6972275E+00
8.185087E-02,5.2497864E-02,-1.6882248E+00
8.185414E-02,4.9598694E-02,-1.6779251E+00
8.185742E-02,4.6012878E-02,-1.6670151E+00
8.186070E-02,4.2045593E-02,-1.6548843E+00
8.186397E-02,3.9527893E-02,-1.6407700E+00
8.186725E-02,3.5789490E-02,-1.6271896E+00
8.187053E-02,3.2203674E-02,-1.6123123E+00
8.187380E-02,2.7626038E-02,-1.5969009E+00
8.187708E-02,2.2819519E-02,-1.5804214E+00
8.188036E-02,1.8394470E-02,-1.5633316E+00
8.188364E-02,1.4808655E-02,-1.5464706E+00
8.188691E-02,1.0383606E-02,-1.5273209E+00
8.189019E-02,6.2637329E-03,-1.5077133E+00
8.189347E-02,9.2315674E-04,-1.4874191E+00
8.189674E-02,-4.1122437E-03,-1.4658279E+00
8.190002E-02,-9.1476440E-03,-1.4436264E+00
8.190330E-02,-1.4869690E-02,-1.4198227E+00
8.190657E-02,-1.8913269E-02,-1.3960953E+00
8.190985E-02,-2.3796082E-02,-1.3711472E+00
8.191313E-02,-2.8373718E-02,-1.3448257E+00
8.191640E-02,-3.4400940E-02,-1.3190384E+00
8.191968E-02,-3.9054871E-02,-1.2923355E+00
8.192296E-02,-4.3556213E-02,-1.2638016E+00
8.192623E-02,-4.8210144E-02,-1.2354965E+00
8.192951E-02,-5.3016663E-02,-1.2061234E+00
8.193279E-02,-5.8052063E-02,-1.1751480E+00
8.193606E-02,-6.2324524E-02,-1.1444016E+00
8.193934E-02,-6.5910339E-02,-1.1131210E+00
8.194262E-02,-6.9419861E-02,-1.0804672E+00
8.194589E-02,-7.2853088E-02,-1.0481186E+00
8.194917E-02,-7.6744080E-02,-1.0151596E+00
8.195245E-02,-7.9566956E-02,-9.8090363E-01
8.195572E-02,-8.2542419E-02,-9.4634247E-01
8.195900E-02,-8.5289001E-02,-9.1147614E-01
8.196228E-02,-8.8874817E-02,-8.7500763E-01
8.196556E-02,-9.0782166E-02,-8.3861542E-01
8.196883E-02,-9.3376160E-02,-8.0115509E-01
8.197211E-02,-9.4367981E-02,-7.6354218E-01
8.197539E-02,-9.5359802E-02,-7.2554779E-01
8.197866E-02,-9.6656799E-02,-6.8648529E-01
8.198194E-02,-9.7419739E-02,-6.4757538E-01
8.198522E-02,-9.5588684E-02,-6.0782623E-01
8.198849E-02,-9.6809387E-02,-5.6761932E-01
8.199177E-02,-9.5970154E-02,-5.2733612E-01
8.199505E-02,-9.4749451E-02,-4.8674774E-01
8.199832E-02,-9.3376160E-02,-4.4570160E-01
8.200160E-02,-9.1926575E-02,-4.0358734E-01
8.200488E-02,-8.9637756E-02,-3.6254120E-01
8.200815E-02,-8.6662292E-02,-3.2126617E-01
8.201143E-02,-8.2618713E-02,-2.7816010E-01
8.201471E-02,-7.9414368E-02,-2.3558807E-01
8.201798E-02,-7.3768616E-02,-1.9309235E-01
8.202126E-02,-7.1174622E-02,-1.4968109E-01
8.202454E-02,-6.5299988E-02,-1.0626984E-01
8.202781E-02,-5.9425354E-02,-6.1943054E-02
8.203109E-02,-5.2558899E-02,-1.8226624E-02
8.203437E-02,-4.6455383E-02,2.5794983E-02
8.203764E-02,-3.9665222E-02,7.0198059E-02
8.204092E-02,-3.2493591E-02,1.1376190E-01
8.204420E-02,-2.3567200E-02,1.5908051E-01
8.204748E-02,-1.4411926E-02,2.0363617E-01
8.205075E-02,-6.0195923E-03,2.4857330E-01
8.205403E-02,3.6697388E-03,2.9419708E-01
8.205731E-02,1.3587952E-02,3.3882904E-01
8.206058E-02,2.3963928E-02,3.8376617E-01
8.206386E-02,3.6094666E-02,4.2900848E-01
8.206714E-02,4.7157288E-02,4.7249603E-01
8.207041E-02,5.9745789E-02,5.1560211E-01
8.207369E-02,7.2563171E-02,5.5970001E-01
8.207697E-02,8.5914612E-02,6.0356903E-01
8.208024E-02,9.9418640E-02,6.4965057E-01
8.208352E-02,1.1330414E-01,6.9336700E-01
8.208680E-02,1.2711334E-01,7.3769379E-01
8.209007E-02,1.4153290E-01,7.8224945E-01
8.209335E-02,1.5618134E-01,8.2672882E-01
8.209663E-02,1.7151642E-01,8.7036896E-01
8.209990E-02,1.8769073E-01,9.1492462E-01
8.210318E-02,2.0363617E-01,9.5909882E-01
8.210646E-02,2.1988678E-01,1.0028915E+00
8.210973E-02,2.3613739E-01,1.0459213E+00
8.211301E-02,2.5307465E-01,1.0887985E+00
8.211629E-02,2.6917267E-01,1.1315994E+00
8.211956E-02,2.8771210E-01,1.1744003E+00
8.212284E-02,3.0434418E-01,1.2154465E+00
8.212612E-02,3.2173920E-01,1.2577133E+00
8.212940E-02,3.3867645E-01,1.2990646E+00
8.213267E-02,3.5652924E-01,1.3401108E+00
8.213595E-02,3.7514496E-01,1.3804703E+00
8.213923E-02,3.9238739E-01,1.4207535E+00
8.214250E-02,4.1077423E-01,1.4608078E+00
8.214578E-02,4.3045807E-01,1.4997940E+00
8.214906E-02,4.4846344E-01,1.5375595E+00
8.215233E-02,4.6646881E-01,1.5756302E+00
8.215561E-02,4.8462677E-01,1.6150742E+00
8.215889E-02,5.0286102E-01,1.6520767E+00
8.216216E-02,5.2147675E-01,1.6891556E+00
8.216544E-02,5.3856659E-01,1.7253952E+00
8.216872E-02,5.5611420E-01,1.7615585E+00
8.217199E-02,5.7320404E-01,1.7968826E+00
8.217527E-02,5.9128571E-01,1.8319016E+00
8.217855E-02,6.0913849E-01,1.8656998E+00
8.218182E-02,6.2508392E-01,1.8994980E+00
8.218510E-02,6.4080048E-01,1.9334488E+00
8.218838E-02,6.5590668E-01,1.9656448E+00
8.219165E-02,6.7299652E-01,1.9970779E+00
8.219493E-02,6.8733978E-01,2.0295029E+00
8.219821E-02,7.0145416E-01,2.0595627E+00
8.220148E-02,7.1480560E-01,2.0900040E+00
8.220476E-02,7.2884369E-01,2.1189194E+00
8.220804E-02,7.4372101E-01,2.1466141E+00
8.221132E-02,7.5806427E-01,2.1747665E+00
8.221459E-02,7.7126312E-01,2.2016983E+00
8.221787E-02,7.8354645E-01,2.2277145E+00
8.222115E-02,7.9582977E-01,2.2531967E+00
8.222442E-02,8.0811310E-01,2.2776871E+00
8.222770E-02,8.1963348E-01,2.3021011E+00
8.223098E-02,8.2955170E-01,2.3239975E+00
8.223425E-02,8.4076691E-01,2.3474960E+00
8.223753E-02,8.5053253E-01,2.3686295E+00
8.224081E-02,8.5945892E-01,2.3891525E+00
8.224408E-02,8.6769867E-01,2.4088364E+00
8.224736E-02,8.7616730E-01,2.4283676E+00
8.225064E-02,8.8372040E-01,2.4468307E+00
8.225391E-02,8.9012909E-01,2.4639206E+00
8.225719E-02,8.9669037E-01,2.4813156E+00
8.226047E-02,9.0233612E-01,2.4966507E+00
8.226374E-02,9.0592194E-01,2.5115280E+00
8.226702E-02,9.0996552E-01,2.5257187E+00
8.227030E-02,9.1378021E-01,2.5389938E+00
8.227357E-02,9.1515350E-01,2.5505142E+00
8.227685E-02,9.1660309E-01,2.5621872E+00
8.228013E-02,9.1774750E-01,2.5718002E+00
8.228340E-02,9.1820526E-01,2.5802689E+00
8.228668E-02,9.1759491E-01,2.5896530E+00
8.228996E-02,9.1591644E-01,2.5973587E+00
8.229324E-02,9.1316986E-01,2.6035385E+00
8.229651E-02,9.1072845E-01,2.6102524E+00
8.229979E-02,9.0843964E-01,2.6151352E+00
8.230307E-02,9.0386200E-01,2.6192551E+00
8.230634E-02,8.9920807E-01,2.6220016E+00
8.230962E-02,8.9379120E-01,2.6251297E+00
8.231290E-02,8.8700104E-01,2.6267319E+00
8.231617E-02,8.7929535E-01,2.6268082E+00
8.231945E-02,8.7288666E-01,2.6265793E+00
8.232273E-02,8.6396027E-01,2.6249771E+00
8.232600E-02,8.5518646E-01,2.6226120E+00
8.232928E-02,8.4526825E-01,2.6203995E+00
8.233256E-02,8.3512115E-01,2.6155930E+00
8.233583E-02,8.2451630E-01,2.6105576E+00
8.233911E-02,8.1261444E-01,2.6048355E+00
8.234239E-02,8.0101776E-01,2.5979691E+00
8.234566E-02,7.8812408E-01,2.5901108E+00
8.234894E-02,7.7530670E-01,2.5820999E+00
8.235222E-02,7.6157379E-01,2.5722580E+00
8.235549E-02,7.4684906E-01,2.5621109E+00
8.235877E-02,7.3258209E-01,2.5503616E+00
8.236205E-02,7.1724701E-01,2.5392990E+00
8.236532E-02,7.0198822E-01,2.5256424E+00
8.236860E-02,6.8711090E-01,2.5122910E+00
8.237188E-02,6.7002106E-01,2.4973373E+00
8.237516E-02,6.5529633E-01,2.4819260E+00
8.237843E-02,6.3797760E-01,2.4654465E+00
8.238171E-02,6.2042999E-01,2.4491196E+00
8.238499E-02,6.0318756E-01,2.4305801E+00
8.238826E-02,5.8335114E-01,2.4106674E+00
8.239154E-02,5.6549835E-01,2.3907547E+00
8.239482E-02,5.4634857E-01,2.3693161E+00
8.239809E-02,5.2704620E-01,2.3480301E+00
8.240137E-02,5.0743866E-01,2.3257523E+00
8.240465E-02,4.8661041E-01,2.3040848E+00
8.240792E-02,4.6814728E-01,2.2803574E+00
8.241120E-02,4.4731903E-01,2.2555618E+00
8.241448E-02,4.2801666E-01,2.2287827E+00
8.241775E-02,4.0695953E-01,2.2027664E+00
8.242103E-02,3.8613129E-01,2.1767502E+00
8.242431E-02,3.6568451E-01,2.1485214E+00
8.242758E-02,3.4508514E-01,2.1206741E+00
8.243086E-02,3.2578278E-01,2.0915298E+00
8.243414E-02,3.0541229E-01,2.0620804E+00
8.243741E-02,2.8504181E-01,2.0310287E+00
8.244069E-02,2.6558685E-01,1.9995193E+00
8.244397E-02,2.4498749E-01,1.9677048E+00
8.244724E-02,2.2522736E-01,1.9349747E+00
8.245052E-02,2.0439911E-01,1.9026260E+00
8.245380E-02,1.8540192E-01,1.8689041E+00
8.245708E-02,1.6632843E-01,1.8347244E+00
8.246035E-02,1.4633942E-01,1.7989426E+00
8.246363E-02,1.2749481E-01,1.7642288E+00
8.246691E-02,1.0826874E-01,1.7275314E+00
8.247018E-02,8.9576721E-02,1.6912918E+00
8.247346E-02,7.0274353E-02,1.6545181E+00
8.247674E-02,5.2497864E-02,1.6166763E+00
8.248001E-02,3.6247253E-02,1.5790634E+00
8.248329E-02,1.7784119E-02,1.5401535E+00
8.248657E-02,1.3046265E-03,1.5026169E+00
8.248984E-02,-1.4945984E-02,1.4637070E+00
8.249312E-02,-3.0128479E-02,1.4244919E+00
8.249640E-02,-4.5539856E-02,1.3845901E+00
8.249967E-02,-6.0264587E-02,1.3424759E+00
8.250295E-02,-7.4913025E-02,1.3024216E+00
8.250623E-02,-8.8951111E-02,1.2608414E+00
8.250950E-02,-1.0253143E-01,1.2195663E+00
8.251278E-02,-1.1542511E-01,1.1783676E+00
8.251606E-02,-1.2847137E-01,1.1361771E+00
8.251933E-02,-1.4029694E-01,1.0940628E+00
8.252261E-02,-1.5250397E-01,1.0508804E+00
8.252589E-02,-1.6310883E-01,1.0070114E+00
8.252916E-02,-1.7363739E-01,9.6413422E-01
8.253244E-02,-1.8218231E-01,9.2018890E-01
8.253572E-02,-1.9240570E-01,8.7540436E-01
8.253900E-02,-2.0026398E-01,8.3145905E-01
8.254227E-02,-2.0911407E-01,7.8736115E-01
8.254555E-02,-2.1659088E-01,7.4349213E-01
8.254883E-02,-2.2284698E-01,6.9878387E-01
8.255210E-02,-2.2978973E-01,6.5529633E-01
8.255538E-02,-2.3574066E-01,6.1089325E-01
8.255866E-02,-2.4146271E-01,5.6633759E-01
8.256193E-02,-2.4596405E-01,5.2285004E-01
8.256521E-02,-2.4962616E-01,4.7920990E-01
8.256849E-02,-2.5428009E-01,4.3457794E-01
8.257176E-02,-2.5649261E-01,3.9063263E-01
8.257504E-02,-2.5992584E-01,3.4592438E-01
8.257832E-02,-2.6152802E-01,3.0045319E-01
8.258159E-02,-2.6381683E-01,2.5543976E-01
8.258487E-02,-2.6473236E-01,2.1103668E-01
8.258815E-02,-2.6442719E-01,1.6648102E-01
8.259142E-02,-2.6419830E-01,1.2116241E-01
8.259470E-02,-2.6389313E-01,7.7140808E-02
8.259798E-02,-2.6274872E-01,3.2508850E-02
8.260125E-02,-2.6099396E-01,-1.1054993E-02
8.260453E-02,-2.6000214E-01,-5.5610657E-02
8.260781E-02,-2.5740814E-01,-9.8869324E-02
8.261108E-02,-2.5382233E-01,-1.4220428E-01
8.261436E-02,-2.5061798E-01,-1.8569183E-01
8.261764E-02,-2.4634552E-01,-2.2856903E-01
8.262092E-02,-2.4275970E-01,-2.7152252E-01
8.262419E-02,-2.3925018E-01,-3.1340790E-01
8.262747E-02,-2.3444366E-01,-3.5529327E-01
8.263075E-02,-2.2895050E-01,-3.9694977E-01
8.263402E-02,-2.2307587E-01,-4.3776703E-01
8.263730E-02,-2.1712494E-01,-4.7904205E-01
8.264058E-02,-2.1125031E-01,-5.1978302E-01
8.264385E-02,-2.0484161E-01,-5.5991364E-01
8.264713E-02,-1.9866180E-01,-6.0042572E-01
8.265041E-02,-1.9232941E-01,-6.3979340E-01
8.265368E-02,-1.8576813E-01,-6.7839813E-01
8.265696E-02,-1.7935944E-01,-7.1692657E-01
8.266024E-02,-1.7111969E-01,-7.5568390E-01
8.266351E-02,-1.6387177E-01,-7.9306793E-01
8.266679E-02,-1.5662384E-01,-8.3045197E-01
8.267007E-02,-1.4975739E-01,-8.6714935E-01
8.267334E-02,-1.4151764E-01,-9.0247345E-01
8.267662E-02,-1.3411713E-01,-9.3833160E-01
8.267990E-02,-1.2549591E-01,-9.7319794E-01
8.268317E-02,-1.1832428E-01,-1.0074539E+00
8.268645E-02,-1.1115265E-01,-1.0423965E+00
8.268973E-02,-1.0405731E-01,-1.0745926E+00
8.269300E-02,-9.7038269E-02,-1.1063309E+00
8.269628E-02,-8.8951111E-02,-1.1383743E+00
8.269956E-02,-8.0863953E-02,-1.1695786E+00
8.270284E-02,-7.3997498E-02,-1.1995621E+00
8.270611E-02,-6.6902161E-02,-1.2289352E+00
8.270939E-02,-5.9196472E-02,-1.2586899E+00
8.271267E-02,-5.2253723E-02,-1.2873764E+00
8.271594E-02,-4.6226501E-02,-1.3145370E+00
8.271922E-02,-3.8902283E-02,-1.3415451E+00
8.272250E-02,-3.2569885E-02,-1.3680191E+00
8.272577E-02,-2.5016785E-02,-1.3927383E+00
8.272905E-02,-1.9981384E-02,-1.4176102E+00
8.273233E-02,-1.4030457E-02,-1.4389725E+00
8.273560E-02,-8.5372925E-03,-1.4614029E+00
8.273888E-02,-2.5100708E-03,-1.4826126E+00
8.274216E-02,2.2964478E-03,-1.5033646E+00
8.274543E-02,7.8659058E-03,-1.5232773E+00
8.274871E-02,1.1604309E-02,-1.5418167E+00
8.275199E-02,1.6487122E-02,-1.5597458E+00
8.275526E-02,2.0759583E-02,-1.5772934E+00
8.275854E-02,2.2895813E-02,-1.5946121E+00
8.276182E-02,2.6481628E-02,-1.6098709E+00
8.276509E-02,2.9685974E-02,-1.6254349E+00
8.276837E-02,3.3195496E-02,-1.6392441E+00
8.277165E-02,3.6552429E-02,-1.6525955E+00
8.277492E-02,3.8536072E-02,-1.6645737E+00
8.277820E-02,4.0061951E-02,-1.6763229E+00
8.278148E-02,4.2121887E-02,-1.6869278E+00
8.278476E-02,4.3342590E-02,-1.6953201E+00
8.278803E-02,4.5021057E-02,-1.7039413E+00
8.279131E-02,4.6089172E-02,-1.7111130E+00
8.279459E-02,4.5707703E-02,-1.7179794E+00
8.279786E-02,4.6012878E-02,-1.7240067E+00
8.280114E-02,4.5478821E-02,-1.7286606E+00
8.280442E-02,4.5326233E-02,-1.7323990E+00
8.280769E-02,4.5173645E-02,-1.7345352E+00
8.281097E-02,4.4868469E-02,-1.7373581E+00
8.281425E-02,4.4715881E-02,-1.7381973E+00
8.281752E-02,4.3037415E-02,-1.7391129E+00
8.282080E-02,4.1435242E-02,-1.7388840E+00
8.282408E-02,3.9070129E-02,-1.7367477E+00
8.282735E-02,3.8307190E-02,-1.7346878E+00
8.283063E-02,3.6323547E-02,-1.7315598E+00
8.283391E-02,3.3348083E-02,-1.7270584E+00
8.283718E-02,3.1364441E-02,-1.7208786E+00
8.284046E-02,2.8007507E-02,-1.7150803E+00
8.284374E-02,2.5489807E-02,-1.7085190E+00
8.284701E-02,2.2590637E-02,-1.6999741E+00
8.285029E-02,1.8699646E-02,-1.6905136E+00
8.285357E-02,1.5800476E-02,-1.6808243E+00
8.285684E-02,1.3130188E-02,-1.6694565E+00
8.286012E-02,9.3917847E-03,-1.6578598E+00
8.286340E-02,6.9503784E-03,-1.6451950E+00
8.286668E-02,2.8305054E-03,-1.6312332E+00
8.286995E-02,3.1280518E-04,-1.6162033E+00
8.287323E-02,-3.6544800E-03,-1.6007919E+00
8.287651E-02,-6.0958862E-03,-1.5840836E+00
8.287978E-02,-8.3084106E-03,-1.5682144E+00
8.288306E-02,-1.2657166E-02,-1.5509720E+00
8.288634E-02,-1.5098572E-02,-1.5319748E+00
8.288961E-02,-1.8684387E-02,-1.5129013E+00
8.289289E-02,-2.2651672E-02,-1.4910049E+00
8.289617E-02,-2.4482727E-02,-1.4705582E+00
8.289944E-02,-2.6542664E-02,-1.4480515E+00
8.290272E-02,-2.8984070E-02,-1.4256210E+00
8.290600E-02,-3.1883240E-02,-1.4017410E+00
8.290927E-02,-3.3638000E-02,-1.3772507E+00
8.291255E-02,-3.4782410E-02,-1.3507004E+00
8.291583E-02,-3.6842346E-02,-1.3252182E+00
8.291910E-02,-3.8063049E-02,-1.2987442E+00
8.292238E-02,-3.8902283E-02,-1.2690659E+00
8.292566E-02,-3.9588928E-02,-1.2406082E+00
8.292893E-02,-3.9894104E-02,-1.2113113E+00
8.293221E-02,-4.0428162E-02,-1.1810226E+00
8.293549E-02,-3.9741516E-02,-1.1494370E+00
8.293876E-02,-4.0428162E-02,-1.1190720E+00
8.294204E-02,-4.0046692E-02,-1.0876389E+00
8.294532E-02,-3.7986755E-02,-1.0536880E+00
8.294860E-02,-3.7071228E-02,-1.0208054E+00
8.295187E-02,-3.5621643E-02,-9.8647308E-01
8.295515E-02,-3.2722473E-02,-9.5267487E-01
8.295843E-02,-3.0128479E-02,-9.1666412E-01
8.296170E-02,-2.7153015E-02,-8.8134003E-01
8.296498E-02,-2.3872375E-02,-8.4403229E-01
8.296826E-02,-2.0896912E-02,-8.0764008E-01
8.297153E-02,-1.7234802E-02,-7.7025604E-01
8.297481E-02,-1.1970520E-02,-7.3218536E-01
8.297809E-02,-5.7907104E-03,-6.9388580E-01
8.298136E-02,-8.3160400E-04,-6.5482330E-01
8.298464E-02,4.8904419E-03,-6.1515045E-01
8.298792E-02,1.0231018E-02,-5.7532501E-01
8.299119E-02,1.8394470E-02,-5.3481293E-01
8.299447E-02,2.4955750E-02,-4.9414825E-01
8.299775E-02,3.2585144E-02,-4.5355988E-01
8.300102E-02,4.1435242E-02,-4.1182709E-01
8.300430E-02,5.0285339E-02,-3.7001801E-01
8.300758E-02,5.8525085E-02,-3.2790375E-01
8.301085E-02,6.9282532E-02,-2.8670502E-01
8.301413E-02,7.8132629E-02,-2.4413300E-01
8.301741E-02,8.8737488E-02,-2.0117950E-01
8.302068E-02,9.9494934E-02,-1.5753937E-01
8.302396E-02,1.0971832E-01,-1.1405182E-01
8.302724E-02,1.2139130E-01,-7.0716858E-02
8.303052E-02,1.3390350E-01,-2.6161194E-02
8.303379E-02,1.4504242E-01,1.7478943E-02
8.303707E-02,1.5663910E-01,6.1805725E-02
8.304035E-02,1.6968536E-01,1.0620880E-01
8.304362E-02,1.8219757E-01,1.5030670E-01
8.304690E-02,1.9699860E-01,1.9554901E-01
8.305018E-02,2.0882416E-01,2.4086761E-01
8.305345E-02,2.2209930E-01,2.8488922E-01
8.305673E-02,2.3720551E-01,3.2975006E-01
8.306001E-02,2.5185394E-01,3.7407684E-01
8.306328E-02,2.6718903E-01,4.1939545E-01
8.306656E-02,2.8084564E-01,4.6372223E-01
8.306984E-02,2.9572296E-01,5.0782013E-01
8.307311E-02,3.1128693E-01,5.5107880E-01
8.307639E-02,3.2547760E-01,5.9510040E-01
8.307967E-02,3.4149933E-01,6.4026642E-01
8.308294E-02,3.5622406E-01,6.8505096E-01
8.308622E-02,3.7155914E-01,7.2914886E-01
8.308950E-02,3.8719940E-01,7.7385712E-01
8.309277E-02,4.0283966E-01,8.1764984E-01
8.309605E-02,4.1855621E-01,8.6228180E-01
8.309933E-02,4.3633270E-01,9.0683746E-01
8.310260E-02,4.5204926E-01,9.5108795E-01
8.310588E-02,4.6707916E-01,9.9373627E-01
8.310916E-02,4.8287201E-01,1.0376816E+00
8.311244E-02,4.9874115E-01,1.0804825E+00
8.311571E-02,5.1277924E-01,1.1237411E+00
8.311899E-02,5.2735138E-01,1.1659317E+00
8.312227E-02,5.4154205E-01,1.2078171E+00
8.312554E-02,5.5649567E-01,1.2486343E+00
8.312882E-02,5.7015228E-01,1.2901382E+00
8.313210E-02,5.8533478E-01,1.3314896E+00
8.313537E-02,5.9937286E-01,1.3726883E+00
8.313865E-02,6.1264801E-01,1.4125137E+00
8.314193E-02,6.2653351E-01,1.4525681E+00
8.314520E-02,6.3690948E-01,1.4914780E+00
8.314848E-02,6.5064240E-01,1.5300064E+00
8.315176E-02,6.6117096E-01,1.5675430E+00
8.315503E-02,6.7314911E-01,1.6069870E+00
8.315831E-02,6.8306732E-01,1.6440659E+00
8.316159E-02,6.9214630E-01,1.6826706E+00
8.316486E-02,7.0252228E-01,1.7184525E+00
8.316814E-02,7.1297455E-01,1.7546921E+00
8.317142E-02,7.2205353E-01,1.7897873E+00
8.317469E-02,7.3136139E-01,1.8243484E+00
8.317797E-02,7.3983002E-01,1.8589096E+00
8.318125E-02,7.4654388E-01,1.8935471E+00
8.318452E-02,7.5539398E-01,1.9266586E+00
8.318780E-02,7.6256561E-01,1.9588547E+00
8.319108E-02,7.6813507E-01,1.9910507E+00
8.319436E-02,7.7408600E-01,2.0222549E+00
8.319763E-02,7.7973175E-01,2.0532303E+00
8.320091E-02,7.8362274E-01,2.0829849E+00
8.320419E-02,7.8697968E-01,2.1115952E+00
8.320746E-02,7.9087067E-01,2.1406631E+00
8.321074E-02,7.9254913E-01,2.1685104E+00
8.321402E-02,7.9491425E-01,2.1959763E+00
8.321729E-02,7.9567719E-01,2.2221451E+00
8.322057E-02,7.9682159E-01,2.2472458E+00
8.322385E-02,7.9644012E-01,2.2720413E+00
8.322712E-02,7.9460907E-01,2.2964554E+00
8.323040E-02,7.9346466E-01,2.3195724E+00
8.323368E-02,7.9140472E-01,2.3427658E+00
8.323695E-02,7.8789520E-01,2.3639755E+00
8.324023E-02,7.8377533E-01,2.3854904E+00
8.324351E-02,7.7873993E-01,2.4047928E+00
8.324678E-02,7.7500153E-01,2.4246292E+00
8.325006E-02,7.6805878E-01,2.4435501E+00
8.325334E-02,7.6081085E-01,2.4606400E+00
8.325661E-02,7.5341034E-01,2.4776535E+00
8.325989E-02,7.4517059E-01,2.4925308E+00
8.326317E-02,7.3639679E-01,2.5070267E+00
8.326644E-02,7.2663116E-01,2.5217514E+00
8.326972E-02,7.1709442E-01,2.5349503E+00
8.327300E-02,7.0679474E-01,2.5478439E+00
8.327628E-02,6.9603729E-01,2.5583725E+00
8.327955E-02,6.8459320E-01,2.5693588E+00
8.328283E-02,6.7322540E-01,2.5787430E+00
8.328611E-02,6.6071320E-01,2.5869064E+00
8.328938E-02,6.4682770E-01,2.5950699E+00
8.329266E-02,6.3339996E-01,2.6011734E+00
8.329594E-02,6.1936188E-01,2.6078110E+00
8.329921E-02,6.0402679E-01,2.6126938E+00
8.330249E-02,5.8831024E-01,2.6173477E+00
8.330577E-02,5.7221222E-01,2.6213150E+00
8.330904E-02,5.5466461E-01,2.6236801E+00
8.331232E-02,5.3726959E-01,2.6249771E+00
8.331560E-02,5.1934052E-01,2.6267319E+00
8.331887E-02,5.0102997E-01,2.6257401E+00
8.332215E-02,4.8294830E-01,2.6251297E+00
8.332543E-02,4.6417999E-01,2.6229935E+00
8.332870E-02,4.4472504E-01,2.6191025E+00
8.333198E-02,4.2458344E-01,2.6151352E+00
8.333526E-02,4.0505219E-01,2.6100998E+00
8.333853E-02,3.8391876E-01,2.6055984E+00
8.334181E-02,3.6431122E-01,2.5993423E+00
8.334509E-02,3.4302521E-01,2.5911026E+00
8.334836E-02,3.2166290E-01,2.5830917E+00
8.335164E-02,3.0159760E-01,2.5737839E+00
8.335492E-02,2.7985382E-01,2.5634842E+00
8.335820E-02,2.5955963E-01,2.5531845E+00
8.336147E-02,2.3690033E-01,2.5409012E+00
8.336475E-02,2.1530914E-01,2.5283890E+00
8.336803E-02,1.9394684E-01,2.5147324E+00
8.337130E-02,1.7174530E-01,2.5012283E+00
8.337458E-02,1.4931488E-01,2.4849777E+00
8.337786E-02,1.2749481E-01,2.4687271E+00
8.338113E-02,1.0628510E-01,2.4511795E+00
8.338441E-02,8.4312439E-02,2.4329453E+00
8.338769E-02,6.2187195E-02,2.4142532E+00
8.339096E-02,4.0519714E-02,2.3938065E+00
8.339424E-02,1.9004822E-02,2.3723679E+00
8.339752E-02,-1.5945435E-03,2.3514633E+00
8.340079E-02,-2.2575378E-02,2.3294907E+00
8.340407E-02,-4.1419983E-02,2.3063736E+00
8.340735E-02,-6.2629700E-02,2.2831039E+00
8.341062E-02,-8.2542419E-02,2.2580032E+00
8.341390E-02,-1.0153961E-01,2.2335892E+00
8.341718E-02,-1.2206268E-01,2.2081070E+00
8.342045E-02,-1.4052582E-01,2.1808701E+00
8.342373E-02,-1.6043854E-01,2.1530991E+00
8.342701E-02,-1.7783356E-01,2.1244888E+00
8.343028E-02,-1.9538116E-01,2.0962601E+00
8.343356E-02,-2.1361542E-01,2.0670395E+00
8.343684E-02,-2.2971344E-01,2.0367508E+00
8.344012E-02,-2.4626923E-01,2.0047836E+00
8.344339E-02,-2.6244354E-01,1.9722824E+00
8.344667E-02,-2.7754974E-01,1.9402390E+00
8.344995E-02,-2.9219818E-01,1.9075851E+00
8.345322E-02,-3.0684662E-01,1.8742447E+00
8.345650E-02,-3.2111359E-01,1.8399124E+00
8.345978E-02,-3.3522797E-01,1.8047409E+00
8.346305E-02,-3.4774017E-01,1.7705612E+00
8.346633E-02,-3.5964203E-01,1.7352371E+00
8.346961E-02,-3.7253571E-01,1.6988449E+00
8.347288E-02,-3.8275909E-01,1.6617661E+00
8.347616E-02,-3.9252472E-01,1.6236191E+00
8.347944E-02,-4.0190887E-01,1.5858536E+00
8.348271E-02,-4.1167450E-01,1.5477066E+00
8.348599E-02,-4.2052460E-01,1.5099411E+00
8.348927E-02,-4.2838287E-01,1.4716415E+00
8.349254E-02,-4.3532562E-01,1.4320450E+00
8.349582E-02,-4.4181061E-01,1.3908463E+00
8.349910E-02,-4.4944000E-01,1.3502579E+00
8.350237E-02,-4.5409393E-01,1.3098221E+00
8.350565E-02,-4.5844269E-01,1.2683945E+00
8.350893E-02,-4.6233368E-01,1.2269669E+00
8.351220E-02,-4.6622467E-01,1.1861496E+00
8.351548E-02,-4.6996307E-01,1.1437302E+00
8.351876E-02,-4.7042084E-01,1.1014633E+00
8.352204E-02,-4.7377777E-01,1.0584335E+00
8.352531E-02,-4.7499847E-01,1.0154800E+00
8.352859E-02,-4.7606659E-01,9.7176361E-01
8.353187E-02,-4.7560883E-01,9.2812347E-01
8.353514E-02,-4.7560883E-01,8.8356781E-01
8.353842E-02,-4.7393036E-01,8.3870697E-01
8.354170E-02,-4.7194672E-01,7.9499054E-01
8.354497E-02,-4.7072601E-01,7.5005341E-01
8.354825E-02,-4.6805573E-01,7.0648956E-01
8.355153E-02,-4.6492767E-01,6.6239166E-01
8.355480E-02,-4.6179962E-01,6.1753082E-01
8.355808E-02,-4.5691681E-01,5.7274628E-01
8.356136E-02,-4.5310211E-01,5.2925873E-01
8.356463E-02,-4.4738007E-01,4.8554230E-01
8.356791E-02,-4.4203949E-01,4.4052887E-01
8.357119E-02,-4.3677521E-01,3.9711761E-01
8.357446E-02,-4.3082428E-01,3.5225677E-01
8.357774E-02,-4.2350006E-01,3.0823517E-01
8.358102E-02,-4.1663361E-01,2.6306915E-01
8.358429E-02,-4.0938568E-01,2.1813202E-01
8.358757E-02,-4.0206146E-01,1.7350006E-01
8.359085E-02,-3.9366913E-01,1.2947845E-01
8.359412E-02,-3.8550568E-01,8.4617615E-02
8.359740E-02,-3.7696075E-01,4.0367126E-02
8.360068E-02,-3.6803436E-01,-3.1967163E-03
8.360396E-02,-3.5903168E-01,-4.8591614E-02
8.360723E-02,-3.5018158E-01,-9.2308044E-02
8.361051E-02,-3.4003448E-01,-1.3518524E-01
8.361379E-02,-3.2790375E-01,-1.7897797E-01
8.361706E-02,-3.1989288E-01,-2.2177887E-01
8.362034E-02,-3.0852509E-01,-2.6427460E-01
8.362362E-02,-2.9837799E-01,-3.0593109E-01
8.362689E-02,-2.8884125E-01,-3.4781647E-01
8.363017E-02,-2.7732086E-01,-3.9000702E-01
8.363345E-02,-2.6786041E-01,-4.3173981E-01
8.363672E-02,-2.5702667E-01,-4.7248077E-01
8.364000E-02,-2.4687958E-01,-5.1421356E-01
8.364328E-02,-2.3657990E-01,-5.5457306E-01
8.364655E-02,-2.2666168E-01,-5.9455109E-01
8.364983E-02,-2.1643829E-01,-6.3391876E-01
8.365311E-02,-2.0613861E-01,-6.7298126E-01
8.365638E-02,-1.9545746E-01,-7.1219635E-01
8.365966E-02,-1.8561554E-01,-7.4996185E-01
8.366294E-02,-1.7668915E-01,-7.8726959E-01
8.366621E-02,-1.6631317E-01,-8.2480621E-01
8.366949E-02,-1.5685272E-01,-8.6142731E-01
8.367277E-02,-1.4785004E-01,-8.9705658E-01
8.367604E-02,-1.3808441E-01,-9.3299103E-01
8.367932E-02,-1.2870026E-01,-9.6823883E-01
8.368260E-02,-1.2053680E-01,-1.0020370E+00
8.368588E-02,-1.1138153E-01,-1.0354538E+00
8.368915E-02,-1.0260773E-01,-1.0677261E+00
8.369243E-02,-9.4978333E-02,-1.1016769E+00
8.369571E-02,-8.7577820E-02,-1.1339493E+00
8.369898E-02,-8.0177307E-02,-1.1646957E+00
8.370226E-02,-7.3692322E-02,-1.1945267E+00
8.370554E-02,-6.5681458E-02,-1.2251968E+00
8.370881E-02,-5.9654236E-02,-1.2538071E+00
8.371209E-02,-5.3703308E-02,-1.2825699E+00
8.371537E-02,-4.7828674E-02,-1.3101883E+00
8.371864E-02,-4.2564392E-02,-1.3367386E+00
8.372192E-02,-3.6537170E-02,-1.3628311E+00
8.372520E-02,-3.2417297E-02,-1.3879318E+00
8.372847E-02,-2.7763367E-02,-1.4116592E+00
8.373175E-02,-2.3033142E-02,-1.4359970E+00
8.373503E-02,-1.8150330E-02,-1.4580460E+00
8.373830E-02,-1.4793396E-02,-1.4797134E+00
8.374158E-02,-1.1512756E-02,-1.5010757E+00
8.374486E-02,-8.9950562E-03,-1.5200729E+00
8.374813E-02,-5.1040649E-03,-1.5392990E+00
8.375141E-02,-3.7307739E-03,-1.5576859E+00
8.375469E-02,-1.0604858E-03,-1.5748520E+00
8.375796E-02,-3.7384033E-04,-1.5922470E+00
8.376124E-02,1.4572144E-03,-1.6079636E+00
8.376452E-02,1.7623901E-03,-1.6238327E+00
8.376780E-02,2.7542114E-03,-1.6374893E+00
8.377107E-02,4.0512085E-03,-1.6500778E+00
8.377435E-02,3.8223267E-03,-1.6630478E+00
8.377763E-02,4.5089722E-03,-1.6745682E+00
8.378090E-02,4.3563843E-03,-1.6848679E+00
8.378418E-02,3.2119751E-03,-1.6943283E+00
8.378746E-02,3.0593872E-03,-1.7020340E+00
8.379073E-02,2.0675659E-03,-1.7101212E+00
8.379401E-02,8.3923340E-05,-1.7168350E+00
8.379729E-02,-1.4495850E-04,-1.7232437E+00
8.380056E-02,-1.5945435E-03,-1.7285080E+00
8.380384E-02,-3.5018921E-03,-1.7328568E+00
8.380712E-02,-5.4092407E-03,-1.7350693E+00
8.381039E-02,-6.7062378E-03,-1.7372818E+00
8.381367E-02,-8.6898804E-03,-1.7391129E+00
8.381695E-02,-1.1436462E-02,-1.7392654E+00
8.382022E-02,-1.2504578E-02,-1.7394180E+00
8.382350E-02,-1.5098572E-02,-1.7371292E+00
8.382678E-02,-1.7997742E-02,-1.7341537E+00
8.383005E-02,-1.9599915E-02,-1.7308731E+00
8.383333E-02,-2.2193909E-02,-1.7269058E+00
8.383661E-02,-2.5093079E-02,-1.7217178E+00
8.383988E-02,-2.7458191E-02,-1.7163773E+00
8.384316E-02,-2.9518127E-02,-1.7090530E+00
8.384644E-02,-3.2112122E-02,-1.7011185E+00
8.384972E-02,-3.4248352E-02,-1.6924973E+00
8.385299E-02,-3.5926819E-02,-1.6825790E+00
8.385627E-02,-3.8215637E-02,-1.6715927E+00
8.385955E-02,-4.0504456E-02,-1.6589279E+00
8.386282E-02,-4.2488098E-02,-1.6458054E+00
8.386610E-02,-4.3861389E-02,-1.6329117E+00
8.386938E-02,-4.5005798E-02,-1.6182632E+00
8.387265E-02,-4.5997620E-02,-1.6030045E+00
8.387593E-02,-4.7676086E-02,-1.5862961E+00
8.387921E-02,-4.8515320E-02,-1.5705795E+00
8.388248E-02,-4.8286438E-02,-1.5526505E+00
8.388576E-02,-4.9125671E-02,-1.5341110E+00
8.388904E-02,-4.9049377E-02,-1.5138168E+00
8.389231E-02,-4.9507141E-02,-1.4938278E+00
8.389559E-02,-4.8973083E-02,-1.4727707E+00
8.389887E-02,-4.8744202E-02,-1.4507980E+00
8.390214E-02,-4.7218323E-02,-1.4286728E+00
8.390542E-02,-4.6607971E-02,-1.4053268E+00
8.390870E-02,-4.4166565E-02,-1.3808365E+00
8.391197E-02,-4.2945862E-02,-1.3544388E+00
8.391525E-02,-4.0199280E-02,-1.3284988E+00
8.391853E-02,-3.7071228E-02,-1.3011856E+00
8.392180E-02,-3.4248352E-02,-1.2744064E+00
8.392508E-02,-3.1044006E-02,-1.2460251E+00
8.392836E-02,-2.7305603E-02,-1.2161942E+00
8.393164E-02,-2.3719788E-02,-1.1862869E+00
8.393491E-02,-1.9828796E-02,-1.1562271E+00
8.393819E-02,-1.4793396E-02,-1.1241837E+00
8.394147E-02,-9.5291138E-03,-1.0919876E+00
8.394474E-02,-4.1122437E-03,-1.0587997E+00
8.394802E-02,1.3046265E-03,-1.0270615E+00
8.395130E-02,8.0184937E-03,-9.9234772E-01
8.395457E-02,1.3969421E-02,-9.5809174E-01
8.395785E-02,2.1064758E-02,-9.2292023E-01
8.396113E-02,2.8236389E-02,-8.8645172E-01
8.396440E-02,3.5789490E-02,-8.5089874E-01
8.396768E-02,4.4639587E-02,-8.1343842E-01
8.397096E-02,5.2726746E-02,-7.7613068E-01
8.397423E-02,6.1805725E-02,-7.3844147E-01
8.397751E-02,7.0503235E-02,-6.9884491E-01
8.398079E-02,8.0726624E-02,-6.6069794E-01
8.398406E-02,9.0492249E-02,-6.2186432E-01
8.398734E-02,9.9952698E-02,-5.8219147E-01
8.399062E-02,1.1071014E-01,-5.4213715E-01
8.399389E-02,1.2024689E-01,-5.0101471E-01
8.399717E-02,1.3214874E-01,-4.6042633E-01
8.400045E-02,1.4359283E-01,-4.1892242E-01
8.400372E-02,1.5480804E-01,-3.7749481E-01
8.400700E-02,1.6625214E-01,-3.3545685E-01
8.401028E-02,1.7868805E-01,-2.9334259E-01
8.401356E-02,1.9181061E-01,-2.5031281E-01
8.401683E-02,2.0264435E-01,-2.0774078E-01
8.402011E-02,2.1530914E-01,-1.6440582E-01
8.402339E-02,2.2827911E-01,-1.2107086E-01
8.402666E-02,2.4124908E-01,-7.8041077E-02
8.402994E-02,2.5307465E-01,-3.3866882E-02
8.403322E-02,2.6566315E-01,1.0536194E-02
8.403649E-02,2.7886200E-01,5.4710388E-02
8.403977E-02,2.9114532E-01,9.7969055E-02
8.404305E-02,3.0434418E-01,1.4374542E-01
8.404632E-02,3.1678009E-01,1.8868256E-01
8.404960E-02,3.2952118E-01,2.3331451E-01
8.405288E-02,3.4264374E-01,2.7756500E-01
8.405615E-02,3.5477448E-01,3.2318878E-01
8.405943E-02,3.6652374E-01,3.6858368E-01
8.406271E-02,3.8018036E-01,4.1291046E-01
8.406598E-02,3.9253998E-01,4.5723724E-01
8.406926E-02,4.0428925E-01,5.0057220E-01
8.407254E-02,4.1626740E-01,5.4390717E-01
8.407581E-02,4.2740631E-01,5.8838654E-01
8.407909E-02,4.3968964E-01,6.3294220E-01
8.408237E-02,4.5037079E-01,6.7749786E-01
8.408564E-02,4.6196747E-01,7.2167206E-01
8.408892E-02,4.7173309E-01,7.6531219E-01
8.409220E-02,4.8302460E-01,8.0918121E-01
8.409548E-02,4.9370575E-01,8.5434723E-01
8.409875E-02,5.0331879E-01,8.9836884E-01
8.410203E-02,5.1148224E-01,9.4239044E-01
8.410531E-02,5.2147675E-01,9.8671722E-01
8.410858E-02,5.2979279E-01,1.0301285E+00
8.411186E-02,5.3803253E-01,1.0736160E+00
8.411514E-02,5.4535675E-01,1.1161880E+00
8.411841E-02,5.5252838E-01,1.1586075E+00
8.412169E-02,5.5962372E-01,1.2003403E+00
8.412497E-02,5.6641388E-01,1.2423782E+00
8.412824E-02,5.7167816E-01,1.2835770E+00
8.413152E-02,5.7747650E-01,1.3243942E+00
8.413480E-02,5.8312225E-01,1.3652115E+00
8.413807E-02,5.8579254E-01,1.4054947E+00
8.414135E-02,5.9059906E-01,1.4466171E+00
8.414463E-02,5.9288788E-01,1.4853745E+00
8.414790E-02,5.9433746E-01,1.5232925E+00
8.415118E-02,5.9784698E-01,1.5607529E+00
8.415446E-02,5.9876251E-01,1.5992050E+00
8.415773E-02,5.9876251E-01,1.6365128E+00
8.416101E-02,5.9693146E-01,1.6739731E+00
8.416429E-02,5.9792328E-01,1.7105179E+00
8.416756E-02,5.9601593E-01,1.7475204E+00
8.417084E-02,5.9281158E-01,1.7831497E+00
8.417412E-02,5.9067535E-01,1.8183212E+00
8.417740E-02,5.8800507E-01,1.8524246E+00
8.418067E-02,5.8480072E-01,1.8860703E+00
8.418395E-02,5.7907867E-01,1.9200211E+00
8.418723E-02,5.7358551E-01,1.9524460E+00
8.419050E-02,5.6809235E-01,1.9847183E+00
8.419378E-02,5.6076813E-01,2.0163803E+00
8.419706E-02,5.5359650E-01,2.0476608E+00
8.420033E-02,5.4589081E-01,2.0776443E+00
8.420361E-02,5.3673553E-01,2.1074753E+00
8.420689E-02,5.2918243E-01,2.1365433E+00
8.421016E-02,5.1880646E-01,2.1644669E+00
8.421344E-02,5.0789642E-01,2.1913223E+00
8.421672E-02,4.9637604E-01,2.2169571E+00
8.421999E-02,4.8439789E-01,2.2438126E+00
8.422327E-02,4.7226715E-01,2.2678452E+00
8.422655E-02,4.5983124E-01,2.2930984E+00
8.422982E-02,4.4602203E-01,2.3159866E+00
8.423310E-02,4.3160248E-01,2.3382645E+00
8.423638E-02,4.1588593E-01,2.3594742E+00
8.423965E-02,4.0077972E-01,2.3816757E+00
8.424293E-02,3.8475800E-01,2.4015884E+00
8.424621E-02,3.6927032E-01,2.4211197E+00
8.424948E-02,3.5149384E-01,2.4401169E+00
8.425276E-02,3.3425140E-01,2.4578171E+00
8.425604E-02,3.1769562E-01,2.4748306E+00
8.425932E-02,2.9907990E-01,2.4906235E+00
8.426259E-02,2.8061676E-01,2.5053482E+00
8.426587E-02,2.6161957E-01,2.5193100E+00
8.426915E-02,2.4254608E-01,2.5328903E+00
8.427242E-02,2.2164154E-01,2.5447159E+00
8.427570E-02,2.0218658E-01,2.5569229E+00
8.427898E-02,1.8189240E-01,2.5677567E+00
8.428225E-02,1.6007233E-01,2.5764542E+00
8.428553E-02,1.3893890E-01,2.5857620E+00
8.428881E-02,1.1803436E-01,2.5941544E+00
8.429208E-02,9.7206116E-02,2.6009445E+00
8.429536E-02,7.6301575E-02,2.6073532E+00
8.429864E-02,5.2955627E-02,2.6129227E+00
8.430191E-02,3.0830383E-02,2.6171951E+00
8.430519E-02,9.3154907E-03,2.6214676E+00
8.430847E-02,-1.2580872E-02,2.6237564E+00
8.431174E-02,-3.4324646E-02,2.6254349E+00
8.431502E-02,-5.6297302E-02,2.6264267E+00
8.431830E-02,-7.8041077E-02,2.6254349E+00
8.432157E-02,-1.0009003E-01,2.6249771E+00
8.432485E-02,-1.2282562E-01,2.6227646E+00
8.432813E-02,-1.4456940E-01,2.6203995E+00
8.433140E-02,-1.6555023E-01,2.6166611E+00
8.433468E-02,-1.8790436E-01,2.6111679E+00
8.433796E-02,-2.1010590E-01,2.6058273E+00
8.434124E-02,-2.3116302E-01,2.5990372E+00
8.434451E-02,-2.5176239E-01,2.5926285E+00
8.434779E-02,-2.7228546E-01,2.5844650E+00
8.435107E-02,-2.9227448E-01,2.5751572E+00
8.435434E-02,-3.1340790E-01,2.5648575E+00
8.435762E-02,-3.3408356E-01,2.5551682E+00
8.436090E-02,-3.5361481E-01,2.5437241E+00
8.436417E-02,-3.7322235E-01,2.5309067E+00
8.436745E-02,-3.9160919E-01,2.5172501E+00
8.437073E-02,-4.1053009E-01,2.5026779E+00
8.437400E-02,-4.2815399E-01,2.4862747E+00
8.437728E-02,-4.4554901E-01,2.4710159E+00
8.438056E-02,-4.6279144E-01,2.4547653E+00
8.438383E-02,-4.7927094E-01,2.4361496E+00
8.438711E-02,-4.9575043E-01,2.4165421E+00
8.439039E-02,-5.1116180E-01,2.3967056E+00
8.439366E-02,-5.2642059E-01,2.3762589E+00
8.439694E-02,-5.4259491E-01,2.3553543E+00
8.440022E-02,-5.5541229E-01,2.3328476E+00
8.440349E-02,-5.6922150E-01,2.3104935E+00
8.440677E-02,-5.8280182E-01,2.2867661E+00
8.441005E-02,-5.9508514E-01,2.2622757E+00
8.441332E-02,-6.0721588E-01,2.2360306E+00
8.441660E-02,-6.1827850E-01,2.2100143E+00
8.441988E-02,-6.2819672E-01,2.1842270E+00
8.442316E-02,-6.3826752E-01,2.1567612E+00
8.442643E-02,-6.4727020E-01,2.1286850E+00
8.442971E-02,-6.5558624E-01,2.0998459E+00
8.443299E-02,-6.6329193E-01,2.0707779E+00
8.443626E-02,-6.6992950E-01,2.0404892E+00
8.443954E-02,-6.7633820E-01,2.0082169E+00
8.444282E-02,-6.8183136E-01,1.9761734E+00
8.444609E-02,-6.8762970E-01,1.9445877E+00
8.444937E-02,-6.9182587E-01,1.9115524E+00
8.445265E-02,-6.9632721E-01,1.8789749E+00
8.445592E-02,-6.9831085E-01,1.8441849E+00
8.445920E-02,-7.0128632E-01,1.8099289E+00
8.446248E-02,-7.0334625E-01,1.7752151E+00
8.446575E-02,-7.0426178E-01,1.7396622E+00
8.446903E-02,-7.0532990E-01,1.7031937E+00
8.447231E-02,-7.0540619E-01,1.6664200E+00
8.447558E-02,-7.0433807E-01,1.6292648E+00
8.447886E-02,-7.0403290E-01,1.5908127E+00
8.448214E-02,-7.0067596E-01,1.5531235E+00
8.448541E-02,-6.9869232E-01,1.5154343E+00
8.448869E-02,-6.9518280E-01,1.4772110E+00
8.449197E-02,-6.9129181E-01,1.4383774E+00
8.449524E-02,-6.8671417E-01,1.3980942E+00
8.449852E-02,-6.8213654E-01,1.3567429E+00
8.450180E-02,-6.7588043E-01,1.3159256E+00
8.450508E-02,-6.7000580E-01,1.2746506E+00
8.450835E-02,-6.6382599E-01,1.2334518E+00
8.451163E-02,-6.5634918E-01,1.1920242E+00
8.451491E-02,-6.4833832E-01,1.1495285E+00
8.451818E-02,-6.3979340E-01,1.1071854E+00
8.452146E-02,-6.3224030E-01,1.0643845E+00
8.452474E-02,-6.2239838E-01,1.0211258E+00
8.452801E-02,-6.1423492E-01,9.7725677E-01
8.453129E-02,-6.0355377E-01,9.3354034E-01
8.453457E-02,-5.9386444E-01,8.9012909E-01
8.453784E-02,-5.8295441E-01,8.4626007E-01
8.454112E-02,-5.7273102E-01,8.0261993E-01
8.454440E-02,-5.6159210E-01,7.5875092E-01
8.454767E-02,-5.4938507E-01,7.1465302E-01
8.455095E-02,-5.3809357E-01,6.7024994E-01
8.455423E-02,-5.2680206E-01,6.2538910E-01
8.455750E-02,-5.1436615E-01,5.8205414E-01
8.456078E-02,-5.0147247E-01,5.3765106E-01
8.456406E-02,-4.8934174E-01,4.9309540E-01
8.456733E-02,-4.7705841E-01,4.4915009E-01
8.457061E-02,-4.6561432E-01,4.0505219E-01
8.457389E-02,-4.5279694E-01,3.6095428E-01
8.457716E-02,-4.3982697E-01,3.1601715E-01
8.458044E-02,-4.2685699E-01,2.7115631E-01
8.458372E-02,-4.1403961E-01,2.2591400E-01
8.458700E-02,-4.0076447E-01,1.8181610E-01
8.459027E-02,-3.8733673E-01,1.3771820E-01
8.459355E-02,-3.7467194E-01,9.2399597E-02
8.459683E-02,-3.6177826E-01,4.7767639E-02
8.460010E-02,-3.4903717E-01,4.0512085E-03
8.460338E-02,-3.3530426E-01,-3.9360046E-02
8.460666E-02,-3.2271576E-01,-8.3763123E-02
8.460993E-02,-3.1027985E-01,-1.2717438E-01
8.461321E-02,-2.9647064E-01,-1.7073822E-01
8.461649E-02,-2.8456879E-01,-2.1414948E-01
8.461976E-02,-2.7213287E-01,-2.5679779E-01
8.462304E-02,-2.6015472E-01,-2.9952240E-01
8.462632E-02,-2.4832916E-01,-3.4056854E-01
8.462959E-02,-2.3680878E-01,-3.8222504E-01
8.463287E-02,-2.2391510E-01,-4.2372894E-01
8.463615E-02,-2.1300507E-01,-4.6515656E-01
8.463942E-02,-2.0293427E-01,-5.0543976E-01
8.464270E-02,-1.9133759E-01,-5.4686737E-01
8.464598E-02,-1.8134308E-01,-5.8592987E-01
8.464925E-02,-1.7127228E-01,-6.2674713E-01
8.465253E-02,-1.6135406E-01,-6.6558075E-01
8.465581E-02,-1.5097809E-01,-7.0517731E-01
8.465908E-02,-1.4235687E-01,-7.4355316E-01
8.466236E-02,-1.3434601E-01,-7.8154755E-01
8.466564E-02,-1.2526703E-01,-8.1824493E-01
8.466892E-02,-1.1717987E-01,-8.5494232E-01
8.467219E-02,-1.1016083E-01,-8.9125824E-01
8.467547E-02,-1.0375214E-01,-9.2627716E-01
8.467875E-02,-9.6122742E-02,-9.6183014E-01
8.468202E-02,-8.9027405E-02,-9.9692535E-01
8.468530E-02,-8.3152771E-02,-1.0302658E+00
8.468858E-02,-7.7659607E-02,-1.0646744E+00
8.469185E-02,-7.1022034E-02,-1.0960312E+00
8.469513E-02,-6.6520691E-02,-1.1283798E+00
8.469841E-02,-6.1714172E-02,-1.1601944E+00
8.470168E-02,-5.7899475E-02,-1.1901779E+00
8.470496E-02,-5.4542542E-02,-1.2203140E+00
8.470824E-02,-5.1261902E-02,-1.2494583E+00
8.471151E-02,-4.7904968E-02,-1.2770767E+00
8.471479E-02,-4.5310974E-02,-1.3055344E+00
8.471807E-02,-4.3174744E-02,-1.3324661E+00
8.472134E-02,-4.1648865E-02,-1.3585587E+00
8.472462E-02,-3.9894104E-02,-1.3839645E+00
8.472790E-02,-3.9207458E-02,-1.4090652E+00
8.473117E-02,-3.7452698E-02,-1.4326401E+00
8.473445E-02,-3.5850525E-02,-1.4558334E+00
8.473773E-02,-3.5850525E-02,-1.4760513E+00
8.474100E-02,-3.4400940E-02,-1.4973373E+00
8.474428E-02,-3.4934998E-02,-1.5177841E+00
8.474756E-02,-3.4477234E-02,-1.5367050E+00
8.475084E-02,-3.6384583E-02,-1.5560837E+00
8.475411E-02,-3.5469055E-02,-1.5731735E+00
8.475739E-02,-3.8444519E-02,-1.5898056E+00
8.476067E-02,-3.8597107E-02,-1.6052170E+00
8.476394E-02,-4.0351868E-02,-1.6210098E+00
8.476722E-02,-4.1877747E-02,-1.6347427E+00
8.477050E-02,-4.3403625E-02,-1.6492386E+00
8.477377E-02,-4.5005798E-02,-1.6619797E+00
8.477705E-02,-4.7370911E-02,-1.6742630E+00
8.478033E-02,-5.0117493E-02,-1.6847916E+00
8.478360E-02,-5.1109314E-02,-1.6942520E+00
8.478688E-02,-5.4618835E-02,-1.7027206E+00
8.479016E-02,-5.6526184E-02,-1.7109604E+00
8.479343E-02,-5.8280945E-02,-1.7169876E+00
8.479671E-02,-6.0722351E-02,-1.7239304E+00
8.479999E-02,-6.3163757E-02,-1.7286606E+00
8.480326E-02,-6.6139221E-02,-1.7328568E+00
8.480654E-02,-6.8199158E-02,-1.7360611E+00
8.480982E-02,-7.1098328E-02,-1.7389603E+00
8.481309E-02,-7.2624207E-02,-1.7398758E+00
8.481637E-02,-7.5218201E-02,-1.7400284E+00
8.481965E-02,-7.7735901E-02,-1.7405624E+00
8.482292E-02,-7.9032898E-02,-1.7380447E+00
8.482620E-02,-8.1398010E-02,-1.7362137E+00
8.482948E-02,-8.2847595E-02,-1.7326279E+00
8.483276E-02,-8.6128235E-02,-1.7284317E+00
8.483603E-02,-8.6891174E-02,-1.7233963E+00
8.483931E-02,-8.8722229E-02,-1.7174454E+00
8.484259E-02,-8.8798523E-02,-1.7105026E+00
8.484586E-02,-8.9866638E-02,-1.7029495E+00
8.484914E-02,-9.0782166E-02,-1.6944046E+00
8.485242E-02,-9.2002869E-02,-1.6847153E+00
8.485569E-02,-9.1163635E-02,-1.6739578E+00
8.485897E-02,-9.2002869E-02,-1.6621323E+00
8.486225E-02,-9.1011047E-02,-1.6505356E+00
8.486552E-02,-9.0019226E-02,-1.6372604E+00
8.486880E-02,-8.9714050E-02,-1.6222305E+00
8.487208E-02,-8.7730408E-02,-1.6062088E+00
8.487535E-02,-8.7425232E-02,-1.5911789E+00
8.487863E-02,-8.5212708E-02,-1.5744705E+00
8.488191E-02,-8.2695007E-02,-1.5570755E+00
8.488518E-02,-8.0940247E-02,-1.5388412E+00
8.488846E-02,-7.8804016E-02,-1.5190811E+00
8.489174E-02,-7.6210022E-02,-1.4996262E+00
8.489501E-02,-7.1861267E-02,-1.4794083E+00
8.489829E-02,-6.8351746E-02,-1.4565201E+00
8.490157E-02,-6.4537048E-02,-1.4343185E+00
8.490484E-02,-6.0035706E-02,-1.4103622E+00
8.490812E-02,-5.4771423E-02,-1.3849564E+00
8.491140E-02,-4.9964905E-02,-1.3613052E+00
8.491468E-02,-4.4776917E-02,-1.3348312E+00
8.491795E-02,-3.9970398E-02,-1.3081284E+00
8.492123E-02,-3.3790588E-02,-1.2803574E+00
8.492451E-02,-2.6771545E-02,-1.2523575E+00
8.492778E-02,-2.0896912E-02,-1.2229843E+00
8.493106E-02,-1.3572693E-02,-1.1934586E+00
8.493434E-02,-6.3247681E-03,-1.1631699E+00
8.493761E-02,7.7056885E-04,-1.1316605E+00
8.494089E-02,8.0184937E-03,-1.0999222E+00
8.494417E-02,1.5876770E-02,-1.0668869E+00
8.494744E-02,2.4192810E-02,-1.0342331E+00
8.495072E-02,3.2279968E-02,-9.9982452E-01
8.495400E-02,4.0824890E-02,-9.6541595E-01
8.495727E-02,4.8912048E-02,-9.3039703E-01
8.496055E-02,5.7991028E-02,-8.9492035E-01
8.496383E-02,6.7375183E-02,-8.5883331E-01
8.496710E-02,7.7293396E-02,-8.2152557E-01
8.497038E-02,8.6219788E-02,-7.8383636E-01
8.497366E-02,9.6214294E-02,-7.4546051E-01
8.497693E-02,1.0613251E-01,-7.0754242E-01
8.498021E-02,1.1528778E-01,-6.6878510E-01
8.498349E-02,1.2512970E-01,-6.3063812E-01
8.498676E-02,1.3497162E-01,-5.9027863E-01
8.499004E-02,1.4580536E-01,-5.5030060E-01
8.499332E-02,1.5488434E-01,-5.0963593E-01
8.499660E-02,1.6541290E-01,-4.6897125E-01
8.499987E-02,1.7678070E-01,-4.2761993E-01
8.500315E-02,1.8570709E-01,-3.8581085E-01
8.500643E-02,1.9509125E-01,-3.4369659E-01
8.500970E-02,2.0508575E-01,-3.0272675E-01
8.501298E-02,2.1538544E-01,-2.6038361E-01
8.501626E-02,2.2568512E-01,-2.1689606E-01
8.501953E-02,2.3499298E-01,-1.7394257E-01
8.502281E-02,2.4430084E-01,-1.3022614E-01
8.502609E-02,2.5307465E-01,-8.7272644E-02
8.502936E-02,2.6154327E-01,-4.3251038E-02
8.503264E-02,2.6985931E-01,7.7056885E-04
8.503592E-02,2.7840424E-01,4.5326233E-02
8.503919E-02,2.8664398E-01,8.8966370E-02
8.504247E-02,2.9496002E-01,1.3443756E-01
8.504575E-02,3.0152130E-01,1.7922211E-01
8.504902E-02,3.0968475E-01,2.2446442E-01
8.505230E-02,3.1586456E-01,2.6856232E-01
8.505558E-02,3.2257843E-01,3.1380463E-01
8.505885E-02,3.2776642E-01,3.5874176E-01
8.506213E-02,3.3440399E-01,4.0306854E-01
8.506541E-02,3.3928680E-01,4.4846344E-01
8.506868E-02,3.4432220E-01,4.9210358E-01
