in s,C1 in V,C2 in V
7.773018E-02,-1.2427521E-01,-1.6116257E+00
7.773346E-02,-1.2442780E-01,-1.5947647E+00
7.773673E-02,-1.2473297E-01,-1.5769882E+00
7.774001E-02,-1.2465668E-01,-1.5583725E+00
7.774329E-02,-1.2488556E-01,-1.5395279E+00
7.774656E-02,-1.2488556E-01,-1.5190048E+00
7.774984E-02,-1.2519073E-01,-1.4985580E+00
7.775312E-02,-1.2534332E-01,-1.4755173E+00
7.775639E-02,-1.2541962E-01,-1.4532394E+00
7.775967E-02,-1.2526703E-01,-1.4293594E+00
7.776295E-02,-1.2480927E-01,-1.4047165E+00
7.776622E-02,-1.2526703E-01,-1.3794632E+00
7.776950E-02,-1.2572479E-01,-1.3539047E+00
7.777278E-02,-1.2587738E-01,-1.3266678E+00
7.777605E-02,-1.2641144E-01,-1.2995071E+00
7.777933E-02,-1.2564850E-01,-1.2708206E+00
7.778261E-02,-1.2610626E-01,-1.2408371E+00
7.778588E-02,-1.2572479E-01,-1.2110062E+00
7.778916E-02,-1.2602997E-01,-1.1806412E+00
7.779244E-02,-1.2534332E-01,-1.1493607E+00
7.779572E-02,-1.2557220E-01,-1.1176224E+00
7.779899E-02,-1.2541962E-01,-1.0848923E+00
7.780227E-02,-1.2564850E-01,-1.0507126E+00
7.780555E-02,-1.2534332E-01,-1.0166855E+00
7.780882E-02,-1.2496185E-01,-9.8143768E-01
7.781210E-02,-1.2519073E-01,-9.4695282E-01
7.781538E-02,-1.2519073E-01,-9.1117096E-01
7.781865E-02,-1.2442780E-01,-8.7424469E-01
7.782193E-02,-1.2496185E-01,-8.3724213E-01
7.782521E-02,-1.2488556E-01,-8.0008698E-01
7.782848E-02,-1.2534332E-01,-7.6201630E-01
7.783176E-02,-1.2435150E-01,-7.2348785E-01
7.783504E-02,-1.2442780E-01,-6.8457794E-01
7.783831E-02,-1.2427521E-01,-6.4536285E-01
7.784159E-02,-1.2427521E-01,-6.0591888E-01
7.784487E-02,-1.2442780E-01,-5.6540680E-01
7.784814E-02,-1.2366486E-01,-5.2428436E-01
7.785142E-02,-1.2366486E-01,-4.8308563E-01
7.785470E-02,-1.2351227E-01,-4.4112396E-01
7.785797E-02,-1.2305450E-01,-3.9962006E-01
7.786125E-02,-1.2274933E-01,-3.5750580E-01
7.786453E-02,-1.2290192E-01,-3.1531525E-01
7.786780E-02,-1.2236786E-01,-2.7304840E-01
7.787108E-02,-1.2198639E-01,-2.3001862E-01
7.787436E-02,-1.2259674E-01,-1.8675995E-01
7.787764E-02,-1.2244415E-01,-1.4250946E-01
7.788091E-02,-1.2213898E-01,-9.9479675E-02
7.788419E-02,-1.2229156E-01,-5.6297302E-02
7.788747E-02,-1.2183380E-01,-1.1512756E-02
7.789074E-02,-1.2198639E-01,3.2508850E-02
7.789402E-02,-1.2191010E-01,7.8056335E-02
7.789730E-02,-1.2198639E-01,1.2215424E-01
7.790057E-02,-1.2183380E-01,1.6838837E-01
7.790385E-02,-1.2213898E-01,2.1210480E-01
7.790713E-02,-1.2198639E-01,2.5711823E-01
7.791040E-02,-1.2206268E-01,3.0228424E-01
7.791368E-02,-1.2168121E-01,3.4760284E-01
7.791696E-02,-1.2252045E-01,3.9185333E-01
7.792023E-02,-1.2175751E-01,4.3717194E-01
7.792351E-02,-1.2267303E-01,4.8149872E-01
7.792679E-02,-1.2290192E-01,5.2521515E-01
7.793006E-02,-1.2381744E-01,5.6877899E-01
7.793334E-02,-1.2419891E-01,6.1341095E-01
7.793662E-02,-1.2458038E-01,6.5834808E-01
7.793989E-02,-1.2488556E-01,7.0290375E-01
7.794317E-02,-1.2511444E-01,7.4776459E-01
7.794645E-02,-1.2557220E-01,7.9193878E-01
7.794972E-02,-1.2602997E-01,8.3634186E-01
7.795300E-02,-1.2656403E-01,8.8166046E-01
7.795628E-02,-1.2770844E-01,9.2491913E-01
7.795956E-02,-1.2831879E-01,9.6863556E-01
7.796283E-02,-1.2923431E-01,1.0127335E+00
7.796611E-02,-1.2900543E-01,1.0563736E+00
7.796939E-02,-1.3030243E-01,1.0989456E+00
7.797266E-02,-1.3182831E-01,1.1414413E+00
7.797594E-02,-1.3243866E-01,1.1835556E+00
7.797922E-02,-1.3350677E-01,1.2255173E+00
7.798249E-02,-1.3480377E-01,1.2675552E+00
7.798577E-02,-1.3640594E-01,1.3075333E+00
7.798905E-02,-1.3732147E-01,1.3485794E+00
7.799232E-02,-1.3770294E-01,1.3899307E+00
7.799560E-02,-1.4014435E-01,1.4304428E+00
7.799888E-02,-1.4159393E-01,1.4705734E+00
7.800215E-02,-1.4258575E-01,1.5085678E+00
7.800543E-02,-1.4456940E-01,1.5463333E+00
7.800871E-02,-1.4586639E-01,1.5850143E+00
7.801198E-02,-1.4708710E-01,1.6226273E+00
7.801526E-02,-1.4914703E-01,1.6602402E+00
7.801854E-02,-1.5113068E-01,1.6970139E+00
7.802181E-02,-1.5189362E-01,1.7338638E+00
7.802509E-02,-1.5448761E-01,1.7696457E+00
7.802837E-02,-1.5654755E-01,1.8042831E+00
7.803164E-02,-1.5837860E-01,1.8391495E+00
7.803492E-02,-1.6043854E-01,1.8734055E+00
7.803820E-02,-1.6265106E-01,1.9067459E+00
7.804148E-02,-1.6463470E-01,1.9396286E+00
7.804475E-02,-1.6661835E-01,1.9723587E+00
7.804803E-02,-1.6860199E-01,2.0044022E+00
7.805131E-02,-1.7104340E-01,2.0357590E+00
7.805458E-02,-1.7378998E-01,2.0655136E+00
7.805786E-02,-1.7646027E-01,2.0951920E+00
7.806114E-02,-1.7928314E-01,2.1241837E+00
7.806441E-02,-1.8119049E-01,2.1519547E+00
7.806769E-02,-1.8370819E-01,2.1794968E+00
7.807097E-02,-1.8538666E-01,2.2053604E+00
7.807424E-02,-1.8813324E-01,2.2313004E+00
7.807752E-02,-1.9057465E-01,2.2561722E+00
7.808080E-02,-1.9332123E-01,2.2815781E+00
7.808407E-02,-1.9606781E-01,2.3047714E+00
7.808735E-02,-1.9934845E-01,2.3271255E+00
7.809063E-02,-2.0156097E-01,2.3497849E+00
7.809390E-02,-2.0430756E-01,2.3706131E+00
7.809718E-02,-2.0713043E-01,2.3914413E+00
7.810046E-02,-2.1041107E-01,2.4109726E+00
7.810373E-02,-2.1430206E-01,2.4306564E+00
7.810701E-02,-2.1628571E-01,2.4484329E+00
7.811029E-02,-2.1811676E-01,2.4659805E+00
7.811356E-02,-2.2063446E-01,2.4809341E+00
7.811684E-02,-2.2399139E-01,2.4967270E+00
7.812012E-02,-2.2696686E-01,2.5109940E+00
7.812340E-02,-2.3009491E-01,2.5249557E+00
7.812667E-02,-2.3299408E-01,2.5376968E+00
7.812995E-02,-2.3581696E-01,2.5495987E+00
7.813323E-02,-2.3886871E-01,2.5599747E+00
7.813650E-02,-2.4184418E-01,2.5698929E+00
7.813978E-02,-2.4405670E-01,2.5790482E+00
7.814306E-02,-2.4832916E-01,2.5872879E+00
7.814633E-02,-2.5054169E-01,2.5936966E+00
7.814961E-02,-2.5389862E-01,2.6003342E+00
7.815289E-02,-2.5649261E-01,2.6063614E+00
7.815616E-02,-2.5901031E-01,2.6106339E+00
7.815944E-02,-2.6305389E-01,2.6136856E+00
7.816272E-02,-2.6602936E-01,2.6155167E+00
7.816599E-02,-2.6847076E-01,2.6181870E+00
7.816927E-02,-2.7144623E-01,2.6193314E+00
7.817255E-02,-2.7495575E-01,2.6184921E+00
7.817582E-02,-2.7770233E-01,2.6180344E+00
7.817910E-02,-2.7991486E-01,2.6165848E+00
7.818238E-02,-2.8227997E-01,2.6130753E+00
7.818565E-02,-2.8495026E-01,2.6094894E+00
7.818893E-02,-2.8754425E-01,2.6055984E+00
7.819221E-02,-2.9074860E-01,2.6006393E+00
7.819548E-02,-2.9402924E-01,2.5933914E+00
7.819876E-02,-2.9708099E-01,2.5862961E+00
7.820204E-02,-2.9990387E-01,2.5772171E+00
7.820532E-02,-3.0165863E-01,2.5689774E+00
7.820859E-02,-3.0425262E-01,2.5589066E+00
7.821187E-02,-3.0646515E-01,2.5474625E+00
7.821515E-02,-3.0913544E-01,2.5355606E+00
7.821842E-02,-3.1111908E-01,2.5228958E+00
7.822170E-02,-3.1409454E-01,2.5093155E+00
7.822498E-02,-3.1531525E-01,2.4953537E+00
7.822825E-02,-3.1859589E-01,2.4809341E+00
7.823153E-02,-3.2012177E-01,2.4643784E+00
7.823481E-02,-3.2241058E-01,2.4475937E+00
7.823808E-02,-3.2447052E-01,2.4295120E+00
7.824136E-02,-3.2637787E-01,2.4093704E+00
7.824464E-02,-3.2790375E-01,2.3895340E+00
7.824791E-02,-3.3011627E-01,2.3689346E+00
7.825119E-02,-3.3148956E-01,2.3478775E+00
7.825447E-02,-3.3332062E-01,2.3262863E+00
7.825774E-02,-3.3599091E-01,2.3033981E+00
7.826102E-02,-3.3744049E-01,2.2802811E+00
7.826430E-02,-3.3934784E-01,2.2556381E+00
7.826757E-02,-3.4018707E-01,2.2298508E+00
7.827085E-02,-3.4140778E-01,2.2045975E+00
7.827413E-02,-3.4331512E-01,2.1780472E+00
7.827740E-02,-3.4430695E-01,2.1505814E+00
7.828068E-02,-3.4423065E-01,2.1222763E+00
7.828396E-02,-3.4590912E-01,2.0938950E+00
7.828724E-02,-3.4712982E-01,2.0645218E+00
7.829051E-02,-3.4827423E-01,2.0336990E+00
7.829379E-02,-3.4972382E-01,2.0030289E+00
7.829707E-02,-3.5079193E-01,1.9714432E+00
7.830034E-02,-3.5147858E-01,1.9392471E+00
7.830362E-02,-3.5277557E-01,1.9065170E+00
7.830690E-02,-3.5285187E-01,1.8737869E+00
7.831017E-02,-3.5430145E-01,1.8393784E+00
7.831345E-02,-3.5453033E-01,1.8048935E+00
7.831673E-02,-3.5498810E-01,1.7686539E+00
7.832000E-02,-3.5582733E-01,1.7327957E+00
7.832328E-02,-3.5544586E-01,1.6965561E+00
7.832656E-02,-3.5628510E-01,1.6600876E+00
7.832983E-02,-3.5628510E-01,1.6226273E+00
7.833311E-02,-3.5697174E-01,1.5848618E+00
7.833639E-02,-3.5712433E-01,1.5461807E+00
7.833966E-02,-3.5735321E-01,1.5087967E+00
7.834294E-02,-3.5765839E-01,1.4704971E+00
7.834622E-02,-3.5803986E-01,1.4301376E+00
7.834949E-02,-3.5704803E-01,1.3902359E+00
7.835277E-02,-3.5720062E-01,1.3501053E+00
7.835605E-02,-3.5720062E-01,1.3088303E+00
7.835932E-02,-3.5689545E-01,1.2675552E+00
7.836260E-02,-3.5735321E-01,1.2262039E+00
7.836588E-02,-3.5712433E-01,1.1842422E+00
7.836916E-02,-3.5735321E-01,1.1412888E+00
7.837243E-02,-3.5597992E-01,1.0989456E+00
7.837571E-02,-3.5567474E-01,1.0562210E+00
7.837899E-02,-3.5514069E-01,1.0134201E+00
7.838226E-02,-3.5475922E-01,9.7039032E-01
7.838554E-02,-3.5483551E-01,9.2568207E-01
7.838882E-02,-3.5361481E-01,8.8143158E-01
7.839209E-02,-3.5300446E-01,8.3725739E-01
7.839537E-02,-3.5193634E-01,7.9254913E-01
7.839865E-02,-3.5231781E-01,7.4845123E-01
7.840192E-02,-3.5201263E-01,7.0420074E-01
7.840520E-02,-3.5132599E-01,6.5964508E-01
7.840848E-02,-3.4957123E-01,6.1478424E-01
7.841175E-02,-3.4918976E-01,5.7106781E-01
7.841503E-02,-3.4857941E-01,5.2719879E-01
7.841831E-02,-3.4835052E-01,4.8310089E-01
7.842158E-02,-3.4789276E-01,4.3785858E-01
7.842486E-02,-3.4774017E-01,3.9360809E-01
7.842814E-02,-3.4751129E-01,3.4958649E-01
7.843141E-02,-3.4667206E-01,3.0472565E-01
7.843469E-02,-3.4636688E-01,2.5917816E-01
7.843797E-02,-3.4506989E-01,2.1416473E-01
7.844124E-02,-3.4461212E-01,1.6915131E-01
7.844452E-02,-3.4362030E-01,1.2383270E-01
7.844780E-02,-3.4346771E-01,7.9811096E-02
7.845108E-02,-3.4285736E-01,3.5102844E-02
7.845435E-02,-3.4255219E-01,-9.2239380E-03
7.845763E-02,-3.4201813E-01,-5.3550720E-02
7.846091E-02,-3.4079742E-01,-9.6809387E-02
7.846418E-02,-3.3980560E-01,-1.4029694E-01
7.846746E-02,-3.3904266E-01,-1.8538666E-01
7.847074E-02,-3.3965302E-01,-2.2765350E-01
7.847401E-02,-3.3866119E-01,-2.7121735E-01
7.847729E-02,-3.3766937E-01,-3.1272125E-01
7.848057E-02,-3.3736420E-01,-3.5567474E-01
7.848384E-02,-3.3667755E-01,-3.9748383E-01
7.848712E-02,-3.3553314E-01,-4.3891144E-01
7.849040E-02,-3.3515167E-01,-4.8003387E-01
7.849367E-02,-3.3507538E-01,-5.2161407E-01
7.849695E-02,-3.3377838E-01,-5.6128693E-01
7.850023E-02,-3.3263397E-01,-6.0202789E-01
7.850350E-02,-3.3332062E-01,-6.4192963E-01
7.850678E-02,-3.3293915E-01,-6.8061066E-01
7.851006E-02,-3.3194733E-01,-7.2066498E-01
7.851333E-02,-3.3202362E-01,-7.5789642E-01
7.851661E-02,-3.3156586E-01,-7.9634857E-01
7.851989E-02,-3.3126068E-01,-8.3388519E-01
7.852316E-02,-3.3164215E-01,-8.7081146E-01
7.852644E-02,-3.3049774E-01,-9.0712738E-01
7.852972E-02,-3.3011627E-01,-9.4359589E-01
7.853300E-02,-3.2836151E-01,-9.7792816E-01
7.853627E-02,-3.2904816E-01,-1.0121078E+00
7.853955E-02,-3.2782745E-01,-1.0466690E+00
7.854283E-02,-3.2851410E-01,-1.0798569E+00
7.854610E-02,-3.2866669E-01,-1.1135788E+00
7.854938E-02,-3.2744598E-01,-1.1448593E+00
7.855266E-02,-3.2736969E-01,-1.1762161E+00
7.855593E-02,-3.2736969E-01,-1.2067337E+00
7.855921E-02,-3.2721710E-01,-1.2358780E+00
7.856249E-02,-3.2706451E-01,-1.2657089E+00
7.856576E-02,-3.2752228E-01,-1.2940903E+00
7.856904E-02,-3.2744598E-01,-1.3224716E+00
7.857232E-02,-3.2668304E-01,-1.3491745E+00
7.857559E-02,-3.2767487E-01,-1.3759537E+00
7.857887E-02,-3.2744598E-01,-1.4007492E+00
7.858215E-02,-3.2790375E-01,-1.4255447E+00
7.858542E-02,-3.2889557E-01,-1.4502640E+00
7.858870E-02,-3.2805634E-01,-1.4726944E+00
7.859198E-02,-3.2767487E-01,-1.4945908E+00
7.859525E-02,-3.2721710E-01,-1.5160294E+00
7.859853E-02,-3.2904816E-01,-1.5371628E+00
7.860181E-02,-3.2889557E-01,-1.5560837E+00
7.860508E-02,-3.2927704E-01,-1.5747757E+00
7.860836E-02,-3.2920074E-01,-1.5914078E+00
7.861164E-02,-3.2912445E-01,-1.6088028E+00
7.861492E-02,-3.2920074E-01,-1.6255875E+00
7.861819E-02,-3.2958221E-01,-1.6411514E+00
7.862147E-02,-3.3003998E-01,-1.6557999E+00
7.862475E-02,-3.3065033E-01,-1.6686935E+00
7.862802E-02,-3.3202362E-01,-1.6815872E+00
7.863130E-02,-3.3164215E-01,-1.6930313E+00
7.863458E-02,-3.3110809E-01,-1.7047043E+00
7.863785E-02,-3.3187103E-01,-1.7132492E+00
7.864113E-02,-3.3171844E-01,-1.7219467E+00
7.864441E-02,-3.3179474E-01,-1.7301102E+00
7.864768E-02,-3.3309174E-01,-1.7370529E+00
7.865096E-02,-3.3309174E-01,-1.7431564E+00
7.865424E-02,-3.3293915E-01,-1.7485733E+00
7.865751E-02,-3.3339691E-01,-1.7537613E+00
7.866079E-02,-3.3438873E-01,-1.7578049E+00
7.866407E-02,-3.3438873E-01,-1.7596359E+00
7.866734E-02,-3.3431244E-01,-1.7608566E+00
7.867062E-02,-3.3431244E-01,-1.7618484E+00
7.867390E-02,-3.3530426E-01,-1.7616196E+00
7.867717E-02,-3.3538055E-01,-1.7605515E+00
7.868045E-02,-3.3606720E-01,-1.7585678E+00
7.868373E-02,-3.3576202E-01,-1.7547531E+00
7.868700E-02,-3.3591461E-01,-1.7494888E+00
7.869028E-02,-3.3621979E-01,-1.7459030E+00
7.869356E-02,-3.3614349E-01,-1.7396469E+00
7.869684E-02,-3.3568573E-01,-1.7329330E+00
7.870011E-02,-3.3652496E-01,-1.7243881E+00
7.870339E-02,-3.3705902E-01,-1.7157669E+00
7.870667E-02,-3.3736420E-01,-1.7069168E+00
7.870994E-02,-3.3690643E-01,-1.6966934E+00
7.871322E-02,-3.3774567E-01,-1.6852493E+00
7.871650E-02,-3.3736420E-01,-1.6729660E+00
7.871977E-02,-3.3766937E-01,-1.6590805E+00
7.872305E-02,-3.3850861E-01,-1.6447372E+00
7.872633E-02,-3.3873749E-01,-1.6303177E+00
7.872960E-02,-3.3858490E-01,-1.6133041E+00
7.873288E-02,-3.3889008E-01,-1.5965958E+00
7.873616E-02,-3.3950043E-01,-1.5804214E+00
7.873943E-02,-3.3911896E-01,-1.5624924E+00
7.874271E-02,-3.3919525E-01,-1.5436478E+00
7.874599E-02,-3.3942413E-01,-1.5226669E+00
7.874926E-02,-3.3957672E-01,-1.5014572E+00
7.875254E-02,-3.3934784E-01,-1.4785690E+00
7.875582E-02,-3.3965302E-01,-1.4558334E+00
7.875909E-02,-3.3835602E-01,-1.4324112E+00
7.876237E-02,-3.3896637E-01,-1.4083786E+00
7.876565E-02,-3.3911896E-01,-1.3832779E+00
7.876892E-02,-3.3934784E-01,-1.3568802E+00
7.877220E-02,-3.3965302E-01,-1.3300247E+00
7.877548E-02,-3.3965302E-01,-1.3029404E+00
7.877876E-02,-3.3896637E-01,-1.2739487E+00
7.878203E-02,-3.3927155E-01,-1.2444229E+00
7.878531E-02,-3.3881378E-01,-1.2151260E+00
7.878859E-02,-3.3927155E-01,-1.1849136E+00
7.879186E-02,-3.3866119E-01,-1.1532516E+00
7.879514E-02,-3.3889008E-01,-1.1213608E+00
7.879842E-02,-3.3904266E-01,-1.0886307E+00
7.880169E-02,-3.3904266E-01,-1.0563583E+00
7.880497E-02,-3.3950043E-01,-1.0226364E+00
7.880825E-02,-3.3911896E-01,-9.8754120E-01
7.881152E-02,-3.3889008E-01,-9.5252228E-01
7.881480E-02,-3.3934784E-01,-9.1628265E-01
7.881808E-02,-3.3942413E-01,-8.8042450E-01
7.882135E-02,-3.3980560E-01,-8.4296417E-01
7.882463E-02,-3.3957672E-01,-8.0504608E-01
7.882791E-02,-3.3904266E-01,-7.6712799E-01
7.883118E-02,-3.3972931E-01,-7.2928619E-01
7.883446E-02,-3.4011078E-01,-6.8946075E-01
7.883774E-02,-3.3972931E-01,-6.5070343E-01
7.884101E-02,-3.3965302E-01,-6.1148834E-01
7.884429E-02,-3.4026337E-01,-5.7120514E-01
7.884757E-02,-3.4011078E-01,-5.3046417E-01
7.885084E-02,-3.4011078E-01,-4.8850250E-01
7.885412E-02,-3.3957672E-01,-4.4669342E-01
7.885740E-02,-3.4011078E-01,-4.0518951E-01
7.886068E-02,-3.4087372E-01,-3.6421967E-01
7.886395E-02,-3.4049225E-01,-3.2172394E-01
7.886723E-02,-3.4026337E-01,-2.8044891E-01
7.887051E-02,-3.4072113E-01,-2.3665619E-01
7.887378E-02,-3.4102631E-01,-1.9400787E-01
7.887706E-02,-3.4194183E-01,-1.4922333E-01
7.888034E-02,-3.4224701E-01,-1.0558319E-01
7.888361E-02,-3.4247589E-01,-6.2782288E-02
7.888689E-02,-3.4354401E-01,-1.8074036E-02
7.889017E-02,-3.4415436E-01,2.6100159E-02
7.889344E-02,-3.4514618E-01,7.0426941E-02
7.889672E-02,-3.4606171E-01,1.1521149E-01
7.890000E-02,-3.4651947E-01,1.6030121E-01
7.890327E-02,-3.4682465E-01,2.0531464E-01
7.890655E-02,-3.4819794E-01,2.5025177E-01
7.890983E-02,-3.4835052E-01,2.9534149E-01
7.891310E-02,-3.4842682E-01,3.4066010E-01
7.891638E-02,-3.5002899E-01,3.8498688E-01
7.891966E-02,-3.5102081E-01,4.3038177E-01
7.892293E-02,-3.5186005E-01,4.7509003E-01
7.892621E-02,-3.5361481E-01,5.1842499E-01
7.892949E-02,-3.5468292E-01,5.6191254E-01
7.893276E-02,-3.5559845E-01,6.0593414E-01
7.893604E-02,-3.5620880E-01,6.5148163E-01
7.893932E-02,-3.5842133E-01,6.9588470E-01
7.894260E-02,-3.5987091E-01,7.3944855E-01
7.894587E-02,-3.6025238E-01,7.8491974E-01
7.894915E-02,-3.6208344E-01,8.2878876E-01
7.895243E-02,-3.6360931E-01,8.7342072E-01
7.895570E-02,-3.6551666E-01,9.1751862E-01
7.895898E-02,-3.6597443E-01,9.6230316E-01
7.896226E-02,-3.6704254E-01,1.0056381E+00
7.896553E-02,-3.6910248E-01,1.0493546E+00
7.896881E-02,-3.7070465E-01,1.0923080E+00
7.897209E-02,-3.7238312E-01,1.1338882E+00
7.897536E-02,-3.7444305E-01,1.1760788E+00
7.897864E-02,-3.7619781E-01,1.2194138E+00
7.898192E-02,-3.7856293E-01,1.2607651E+00
7.898519E-02,-3.8016510E-01,1.3024979E+00
7.898847E-02,-3.8100433E-01,1.3432388E+00
7.899175E-02,-3.8298798E-01,1.3845139E+00
7.899502E-02,-3.8550568E-01,1.4244156E+00
7.899830E-02,-3.8726044E-01,1.4649277E+00
7.900158E-02,-3.8970184E-01,1.5031509E+00
7.900485E-02,-3.9199066E-01,1.5409164E+00
7.900813E-02,-3.9374542E-01,1.5793686E+00
7.901141E-02,-3.9641571E-01,1.6171341E+00
7.901468E-02,-3.9862823E-01,1.6550522E+00
7.901796E-02,-4.0160370E-01,1.6919785E+00
7.902124E-02,-4.0274811E-01,1.7283707E+00
7.902452E-02,-4.0572357E-01,1.7645340E+00
7.902779E-02,-4.0793610E-01,1.7997818E+00
7.903107E-02,-4.1060638E-01,1.8340378E+00
7.903435E-02,-4.1220856E-01,1.8685989E+00
7.903762E-02,-4.1480255E-01,1.9023209E+00
7.904090E-02,-4.1754913E-01,1.9344406E+00
7.904418E-02,-4.1938019E-01,1.9668655E+00
7.904745E-02,-4.2212677E-01,1.9992905E+00
7.905073E-02,-4.2464447E-01,2.0304947E+00
7.905401E-02,-4.2739105E-01,2.0610123E+00
7.905728E-02,-4.2967987E-01,2.0914536E+00
7.906056E-02,-4.3311310E-01,2.1203690E+00
7.906384E-02,-4.3585968E-01,2.1482162E+00
7.906711E-02,-4.3791962E-01,2.1754532E+00
7.907039E-02,-4.4043732E-01,2.2020798E+00
7.907367E-02,-4.4257355E-01,2.2277908E+00
7.907694E-02,-4.4539642E-01,2.2530441E+00
7.908022E-02,-4.4684601E-01,2.2785263E+00
7.908350E-02,-4.4997406E-01,2.3018723E+00
7.908677E-02,-4.5317841E-01,2.3249130E+00
7.909005E-02,-4.5577240E-01,2.3469620E+00
7.909333E-02,-4.5767975E-01,2.3685532E+00
7.909660E-02,-4.6027374E-01,2.3888474E+00
7.909988E-02,-4.6286774E-01,2.4076920E+00
7.910316E-02,-4.6530914E-01,2.4278336E+00
7.910644E-02,-4.6805573E-01,2.4468307E+00
7.910971E-02,-4.7011566E-01,2.4637680E+00
7.911299E-02,-4.7255707E-01,2.4795609E+00
7.911627E-02,-4.7507477E-01,2.4961929E+00
7.911954E-02,-4.7782135E-01,2.5095444E+00
7.912282E-02,-4.7965240E-01,2.5224380E+00
7.912610E-02,-4.8201752E-01,2.5352554E+00
7.912937E-02,-4.8453522E-01,2.5476913E+00
7.913265E-02,-4.8674774E-01,2.5579147E+00
7.913593E-02,-4.8896027E-01,2.5679855E+00
7.913920E-02,-4.9155426E-01,2.5770645E+00
7.914248E-02,-4.9407196E-01,2.5853043E+00
7.914576E-02,-4.9613190E-01,2.5931625E+00
7.914903E-02,-4.9781036E-01,2.6006393E+00
7.915231E-02,-4.9971771E-01,2.6062088E+00
7.915559E-02,-5.0231171E-01,2.6097946E+00
7.915886E-02,-5.0383759E-01,2.6129990E+00
7.916214E-02,-5.0482941E-01,2.6158218E+00
7.916542E-02,-5.0803375E-01,2.6180344E+00
7.916869E-02,-5.0963593E-01,2.6191025E+00
7.917197E-02,-5.1047516E-01,2.6191788E+00
7.917525E-02,-5.1207733E-01,2.6182632E+00
7.917852E-02,-5.1345062E-01,2.6163559E+00
7.918180E-02,-5.1573944E-01,2.6142197E+00
7.918508E-02,-5.1657867E-01,2.6113968E+00
7.918836E-02,-5.1795197E-01,2.6062088E+00
7.919163E-02,-5.1924896E-01,2.6009445E+00
7.919491E-02,-5.2146149E-01,2.5949173E+00
7.919819E-02,-5.2245331E-01,2.5872879E+00
7.920146E-02,-5.2352142E-01,2.5800400E+00
7.920474E-02,-5.2474213E-01,2.5711899E+00
7.920802E-02,-5.2527618E-01,2.5620346E+00
7.921129E-02,-5.2664948E-01,2.5512009E+00
7.921457E-02,-5.2672577E-01,2.5392227E+00
7.921785E-02,-5.2863312E-01,2.5267105E+00
7.922112E-02,-5.2863312E-01,2.5125961E+00
7.922440E-02,-5.2985382E-01,2.4988632E+00
7.922768E-02,-5.3046417E-01,2.4836044E+00
7.923095E-02,-5.3092194E-01,2.4680405E+00
7.923423E-02,-5.3084564E-01,2.4511795E+00
7.923751E-02,-5.3206635E-01,2.4333267E+00
7.924078E-02,-5.3183746E-01,2.4136429E+00
7.924406E-02,-5.3282928E-01,2.3940353E+00
7.924734E-02,-5.3260040E-01,2.3745804E+00
7.925061E-02,-5.3290558E-01,2.3523788E+00
7.925389E-02,-5.3313446E-01,2.3304825E+00
7.925717E-02,-5.3267670E-01,2.3083572E+00
7.926044E-02,-5.3290558E-01,2.2849350E+00
7.926372E-02,-5.3328705E-01,2.2608261E+00
7.926700E-02,-5.3260040E-01,2.2356491E+00
7.927028E-02,-5.3351593E-01,2.2098618E+00
7.927355E-02,-5.3260040E-01,2.1834641E+00
7.927683E-02,-5.3168488E-01,2.1562271E+00
7.928011E-02,-5.3122711E-01,2.1288376E+00
7.928338E-02,-5.3122711E-01,2.0992355E+00
7.928666E-02,-5.3076935E-01,2.0700150E+00
7.928994E-02,-5.2947235E-01,2.0389633E+00
7.929321E-02,-5.2993011E-01,2.0082932E+00
7.929649E-02,-5.2878571E-01,1.9767838E+00
7.929977E-02,-5.2771759E-01,1.9447403E+00
7.930304E-02,-5.2695465E-01,1.9118576E+00
7.930632E-02,-5.2573395E-01,1.8796616E+00
7.930960E-02,-5.2512360E-01,1.8457108E+00
7.931287E-02,-5.2443695E-01,1.8109207E+00
7.931615E-02,-5.2321625E-01,1.7758255E+00
7.931943E-02,-5.2184296E-01,1.7398148E+00
7.932270E-02,-5.2123260E-01,1.7032700E+00
7.932598E-02,-5.2039337E-01,1.6675644E+00
7.932926E-02,-5.2008820E-01,1.6298752E+00
7.933253E-02,-5.1848602E-01,1.5923386E+00
7.933581E-02,-5.1734161E-01,1.5544968E+00
7.933909E-02,-5.1589203E-01,1.5158920E+00
7.934236E-02,-5.1398468E-01,1.4778976E+00
7.934564E-02,-5.1284027E-01,1.4388351E+00
7.934892E-02,-5.1329803E-01,1.3980179E+00
7.935220E-02,-5.1085663E-01,1.3577347E+00
7.935547E-02,-5.1001740E-01,1.3160782E+00
7.935875E-02,-5.0948334E-01,1.2743454E+00
7.936203E-02,-5.0887299E-01,1.2332230E+00
7.936530E-02,-5.0704193E-01,1.1914139E+00
7.936858E-02,-5.0444794E-01,1.1486893E+00
7.937186E-02,-5.0376129E-01,1.1064224E+00
7.937513E-02,-5.0124359E-01,1.0635452E+00
7.937841E-02,-5.0032806E-01,1.0205154E+00
7.938169E-02,-4.9925995E-01,9.7695160E-01
7.938496E-02,-4.9796295E-01,9.3262482E-01
7.938824E-02,-4.9674225E-01,8.8822174E-01
7.939152E-02,-4.9552155E-01,8.4511566E-01
7.939479E-02,-4.9430084E-01,8.0056000E-01
7.939807E-02,-4.9269867E-01,7.5585175E-01
7.940135E-02,-4.9094391E-01,7.1160126E-01
7.940462E-02,-4.8941803E-01,6.6780853E-01
7.940790E-02,-4.8773956E-01,6.2363434E-01
7.941118E-02,-4.8659515E-01,5.7877350E-01
7.941445E-02,-4.8560333E-01,5.3551483E-01
7.941773E-02,-4.8438263E-01,4.9202728E-01
7.942101E-02,-4.8285675E-01,4.4632721E-01
7.942428E-02,-4.8186493E-01,4.0131378E-01
7.942756E-02,-4.8125458E-01,3.5790253E-01
7.943084E-02,-4.7995758E-01,3.1327057E-01
7.943412E-02,-4.7881317E-01,2.6802826E-01
7.943739E-02,-4.7713470E-01,2.2286224E-01
7.944067E-02,-4.7736359E-01,1.7769623E-01
7.944395E-02,-4.7469330E-01,1.3291168E-01
7.944722E-02,-4.7393036E-01,8.8203430E-02
7.945050E-02,-4.7286224E-01,4.3190002E-02
7.945378E-02,-4.7156525E-01,-7.5531006E-04
7.945705E-02,-4.7042084E-01,-4.4853210E-02
7.946033E-02,-4.6942902E-01,-8.9561462E-02
7.946361E-02,-4.6866608E-01,-1.3251495E-01
7.946688E-02,-4.6675873E-01,-1.7630768E-01
7.947016E-02,-4.6691132E-01,-2.1941376E-01
7.947344E-02,-4.6614838E-01,-2.6282501E-01
7.947671E-02,-4.6538544E-01,-3.0509186E-01
7.947999E-02,-4.6462250E-01,-3.4735870E-01
7.948327E-02,-4.6431732E-01,-3.8985443E-01
7.948654E-02,-4.6370697E-01,-4.3059540E-01
7.948982E-02,-4.6317291E-01,-4.7255707E-01
7.949310E-02,-4.6164703E-01,-5.1413727E-01
7.949637E-02,-4.6172333E-01,-5.5381012E-01
7.949965E-02,-4.6126556E-01,-5.9447479E-01
7.950293E-02,-4.6004486E-01,-6.3475800E-01
7.950620E-02,-4.5890045E-01,-6.7420197E-01
7.950948E-02,-4.5935822E-01,-7.1379852E-01
7.951276E-02,-4.5851898E-01,-7.5194550E-01
7.951604E-02,-4.5882416E-01,-7.8902435E-01
7.951931E-02,-4.5737457E-01,-8.2694244E-01
7.952259E-02,-4.5767975E-01,-8.6470795E-01
7.952587E-02,-4.5737457E-01,-9.0102386E-01
7.952914E-02,-4.5722198E-01,-9.3741608E-01
7.953242E-02,-4.5684052E-01,-9.7274017E-01
7.953570E-02,-4.5668793E-01,-1.0076828E+00
7.953897E-02,-4.5600128E-01,-1.0420914E+00
7.954225E-02,-4.5623016E-01,-1.0755081E+00
7.954553E-02,-4.5645905E-01,-1.1086197E+00
7.954880E-02,-4.5607758E-01,-1.1405869E+00
7.955208E-02,-4.5546722E-01,-1.1724014E+00
7.955536E-02,-4.5630646E-01,-1.2020798E+00
7.955863E-02,-4.5592499E-01,-1.2323685E+00
7.956191E-02,-4.5569611E-01,-1.2625046E+00
7.956519E-02,-4.5592499E-01,-1.2908096E+00
7.956846E-02,-4.5592499E-01,-1.3178940E+00
7.957174E-02,-4.5485687E-01,-1.3454361E+00
7.957502E-02,-4.5447540E-01,-1.3726730E+00
7.957829E-02,-4.5478058E-01,-1.3985367E+00
7.958157E-02,-4.5500946E-01,-1.4229507E+00
7.958485E-02,-4.5523834E-01,-1.4468307E+00
7.958812E-02,-4.5523834E-01,-1.4702530E+00
7.959140E-02,-4.5531464E-01,-1.4918442E+00
7.959468E-02,-4.5607758E-01,-1.5137405E+00
7.959796E-02,-4.5607758E-01,-1.5344162E+00
7.960123E-02,-4.5623016E-01,-1.5533371E+00
7.960451E-02,-4.5607758E-01,-1.5720291E+00
7.960779E-02,-4.5645905E-01,-1.5905685E+00
7.961106E-02,-4.5607758E-01,-1.6069717E+00
7.961434E-02,-4.5615387E-01,-1.6241379E+00
7.961762E-02,-4.5684052E-01,-1.6398544E+00
7.962089E-02,-4.5638275E-01,-1.6535110E+00
7.962417E-02,-4.5661163E-01,-1.6670914E+00
7.962745E-02,-4.5561981E-01,-1.6801376E+00
7.963072E-02,-4.5645905E-01,-1.6927261E+00
7.963400E-02,-4.5676422E-01,-1.7042465E+00
7.963728E-02,-4.5706940E-01,-1.7135544E+00
7.964055E-02,-4.5676422E-01,-1.7214890E+00
7.964383E-02,-4.5829010E-01,-1.7298813E+00
7.964711E-02,-4.5859528E-01,-1.7366714E+00
7.965038E-02,-4.5890045E-01,-1.7439194E+00
7.965366E-02,-4.5851898E-01,-1.7491074E+00
7.965694E-02,-4.5806122E-01,-1.7539139E+00
7.966021E-02,-4.5844269E-01,-1.7582626E+00
7.966349E-02,-4.5867157E-01,-1.7612381E+00
7.966677E-02,-4.5905304E-01,-1.7616196E+00
7.967004E-02,-4.5897675E-01,-1.7631454E+00
7.967332E-02,-4.5912933E-01,-1.7630692E+00
7.967660E-02,-4.5874786E-01,-1.7610855E+00
7.967988E-02,-4.5920563E-01,-1.7595596E+00
7.968315E-02,-4.5973969E-01,-1.7572708E+00
7.968643E-02,-4.5989227E-01,-1.7525406E+00
7.968971E-02,-4.5981598E-01,-1.7478104E+00
7.969298E-02,-4.5996857E-01,-1.7411728E+00
7.969626E-02,-4.5958710E-01,-1.7355270E+00
7.969954E-02,-4.5897675E-01,-1.7266006E+00
7.970281E-02,-4.5920563E-01,-1.7182083E+00
7.970609E-02,-4.5996857E-01,-1.7096634E+00
7.970937E-02,-4.5905304E-01,-1.6990585E+00
7.971264E-02,-4.5989227E-01,-1.6883011E+00
7.971592E-02,-4.5981598E-01,-1.6753311E+00
7.971920E-02,-4.5890045E-01,-1.6622086E+00
7.972247E-02,-4.5935822E-01,-1.6480942E+00
7.972575E-02,-4.5912933E-01,-1.6330643E+00
7.972903E-02,-4.5943451E-01,-1.6163559E+00
7.973230E-02,-4.5897675E-01,-1.5996475E+00
7.973558E-02,-4.5951080E-01,-1.5822525E+00
7.973886E-02,-4.5951080E-01,-1.5637894E+00
7.974213E-02,-4.5928192E-01,-1.5450211E+00
7.974541E-02,-4.5920563E-01,-1.5254135E+00
7.974869E-02,-4.5874786E-01,-1.5045853E+00
7.975196E-02,-4.5844269E-01,-1.4836807E+00
7.975524E-02,-4.5836639E-01,-1.4607162E+00
7.975852E-02,-4.5882416E-01,-1.4374466E+00
7.976180E-02,-4.5905304E-01,-1.4124222E+00
7.976507E-02,-4.5905304E-01,-1.3882370E+00
7.976835E-02,-4.5851898E-01,-1.3618393E+00
7.977163E-02,-4.5836639E-01,-1.3352890E+00
7.977490E-02,-4.5920563E-01,-1.3082047E+00
7.977818E-02,-4.5943451E-01,-1.2802811E+00
7.978146E-02,-4.5935822E-01,-1.2503738E+00
7.978473E-02,-4.5958710E-01,-1.2206955E+00
7.978801E-02,-4.5890045E-01,-1.1904831E+00
7.979129E-02,-4.5836639E-01,-1.1601181E+00
7.979456E-02,-4.5920563E-01,-1.1279984E+00
7.979784E-02,-4.5928192E-01,-1.0965652E+00
7.980112E-02,-4.5829010E-01,-1.0611649E+00
7.980439E-02,-4.5912933E-01,-1.0285873E+00
7.980767E-02,-4.5951080E-01,-9.9341583E-01
7.981095E-02,-4.5920563E-01,-9.5801544E-01
7.981422E-02,-4.5867157E-01,-9.2246246E-01
7.981750E-02,-4.5966339E-01,-8.8607025E-01
7.982078E-02,-4.5973969E-01,-8.4975433E-01
7.982405E-02,-4.5981598E-01,-8.1252289E-01
7.982733E-02,-4.5996857E-01,-7.7468109E-01
7.983061E-02,-4.6088409E-01,-7.3638153E-01
7.983388E-02,-4.6073151E-01,-6.9823456E-01
7.983716E-02,-4.6065521E-01,-6.5871429E-01
7.984044E-02,-4.6141815E-01,-6.1881256E-01
7.984372E-02,-4.6187592E-01,-5.7845306E-01
7.984699E-02,-4.6317291E-01,-5.3878021E-01
7.985027E-02,-4.6279144E-01,-4.9704742E-01
7.985355E-02,-4.6279144E-01,-4.5592499E-01
7.985682E-02,-4.6355438E-01,-4.1342926E-01
7.986010E-02,-4.6408844E-01,-3.7223053E-01
7.986338E-02,-4.6469879E-01,-3.3072662E-01
7.986665E-02,-4.6576691E-01,-2.8777313E-01
7.986993E-02,-4.6607208E-01,-2.4504852E-01
7.987321E-02,-4.6614838E-01,-2.0194244E-01
7.987648E-02,-4.6729279E-01,-1.5914154E-01
7.987976E-02,-4.6813202E-01,-1.1550140E-01
7.988304E-02,-4.6920013E-01,-7.1403503E-02
7.988631E-02,-4.7003937E-01,-2.7000427E-02
7.988959E-02,-4.7103119E-01,1.7402649E-02
7.989287E-02,-4.7095490E-01,6.1271667E-02
7.989614E-02,-4.7232819E-01,1.0620880E-01
7.989942E-02,-4.7408295E-01,1.5152740E-01
7.990270E-02,-4.7499847E-01,1.9615936E-01
7.990597E-02,-4.7621918E-01,2.4140167E-01
7.990925E-02,-4.7774506E-01,2.8603363E-01
7.991253E-02,-4.7888947E-01,3.3142853E-01
7.991580E-02,-4.8003387E-01,3.7583160E-01
7.991908E-02,-4.8110199E-01,4.2061615E-01
7.992236E-02,-4.8239899E-01,4.6593475E-01
7.992564E-02,-4.8407745E-01,5.0965118E-01
7.992891E-02,-4.8468781E-01,5.5260468E-01
7.993219E-02,-4.8667145E-01,5.9792328E-01
7.993547E-02,-4.8743439E-01,6.4179230E-01
7.993874E-02,-4.8918915E-01,6.8695831E-01
7.994202E-02,-4.9010468E-01,7.3097992E-01
7.994530E-02,-4.9178314E-01,7.7584076E-01
7.994857E-02,-4.9369049E-01,8.2047272E-01
7.995185E-02,-4.9536896E-01,8.6441803E-01
7.995513E-02,-4.9758148E-01,9.0866852E-01
7.995840E-02,-4.9887848E-01,9.5330048E-01
7.996168E-02,-5.0025177E-01,9.9716949E-01
7.996496E-02,-5.0116730E-01,1.0405807E+00
7.996823E-02,-5.0337982E-01,1.0831528E+00
7.997151E-02,-5.0482941E-01,1.1262589E+00
7.997479E-02,-5.0734711E-01,1.1692123E+00
7.997806E-02,-5.0994110E-01,1.2110977E+00
7.998134E-02,-5.1078033E-01,1.2519913E+00
7.998462E-02,-5.1322174E-01,1.2936478E+00
7.998789E-02,-5.1413727E-01,1.3342361E+00
7.999117E-02,-5.1696014E-01,1.3752060E+00
7.999445E-02,-5.1886749E-01,1.4160233E+00
7.999772E-02,-5.2031708E-01,1.4564590E+00
8.000100E-02,-5.2268219E-01,1.4957504E+00
8.000428E-02,-5.2535248E-01,1.5337448E+00
8.000756E-02,-5.2680206E-01,1.5718918E+00
8.001083E-02,-5.2825165E-01,1.6102676E+00
8.001411E-02,-5.3061676E-01,1.6487961E+00
8.001739E-02,-5.3282928E-01,1.6847305E+00
8.002066E-02,-5.3412628E-01,1.7207413E+00
8.002394E-02,-5.3672028E-01,1.7569809E+00
8.002722E-02,-5.3824615E-01,1.7918472E+00
8.003049E-02,-5.4068756E-01,1.8274765E+00
8.003377E-02,-5.4282379E-01,1.8616562E+00
8.003705E-02,-5.4419708E-01,1.8964462E+00
8.004032E-02,-5.4526520E-01,1.9287949E+00
8.004360E-02,-5.4778290E-01,1.9612198E+00
8.004688E-02,-5.4969025E-01,1.9928055E+00
8.005015E-02,-5.5121613E-01,2.0234756E+00
8.005343E-02,-5.5243683E-01,2.0551376E+00
8.005671E-02,-5.5434418E-01,2.0853500E+00
8.005998E-02,-5.5648041E-01,2.1141129E+00
8.006326E-02,-5.5808258E-01,2.1417313E+00
8.006654E-02,-5.5922699E-01,2.1693497E+00
8.006981E-02,-5.6128693E-01,2.1962814E+00
8.007309E-02,-5.6281281E-01,2.2219162E+00
8.007637E-02,-5.6456757E-01,2.2477798E+00
8.007964E-02,-5.6616974E-01,2.2731094E+00
8.008292E-02,-5.6754303E-01,2.2973709E+00
8.008620E-02,-5.6884003E-01,2.3195724E+00
8.008948E-02,-5.7082367E-01,2.3416214E+00
8.009275E-02,-5.7288361E-01,2.3634415E+00
8.009603E-02,-5.7349396E-01,2.3841934E+00
8.009931E-02,-5.7479095E-01,2.4037247E+00
8.010258E-02,-5.7601166E-01,2.4231796E+00
8.010586E-02,-5.7769012E-01,2.4411087E+00
8.010914E-02,-5.7814789E-01,2.4587326E+00
8.011241E-02,-5.7944489E-01,2.4742966E+00
8.011569E-02,-5.8089447E-01,2.4898605E+00
8.011897E-02,-5.8196259E-01,2.5045853E+00
8.012224E-02,-5.8402252E-01,2.5186996E+00
8.012552E-02,-5.8425140E-01,2.5325851E+00
8.012880E-02,-5.8516693E-01,2.5449448E+00
8.013207E-02,-5.8600616E-01,2.5557785E+00
8.013535E-02,-5.8570099E-01,2.5649338E+00
8.013863E-02,-5.8608246E-01,2.5742416E+00
8.014190E-02,-5.8654022E-01,2.5824814E+00
8.014518E-02,-5.8715057E-01,2.5907211E+00
8.014846E-02,-5.8707428E-01,2.5978165E+00
8.015173E-02,-5.8867645E-01,2.6031570E+00
8.015501E-02,-5.8837128E-01,2.6076584E+00
8.015829E-02,-5.8860016E-01,2.6109390E+00
8.016156E-02,-5.8921051E-01,2.6141434E+00
8.016484E-02,-5.8905792E-01,2.6158981E+00
8.016812E-02,-5.8875275E-01,2.6173477E+00
8.017140E-02,-5.8928680E-01,2.6171188E+00
8.017467E-02,-5.8905792E-01,2.6171188E+00
8.017795E-02,-5.8928680E-01,2.6154404E+00
8.018123E-02,-5.8936310E-01,2.6135330E+00
8.018450E-02,-5.8791351E-01,2.6101761E+00
8.018778E-02,-5.8806610E-01,2.6052933E+00
8.019106E-02,-5.8814240E-01,2.6001053E+00
8.019433E-02,-5.8814240E-01,2.5945358E+00
8.019761E-02,-5.8722687E-01,2.5879745E+00
8.020089E-02,-5.8646393E-01,2.5782852E+00
8.020416E-02,-5.8531952E-01,2.5708084E+00
8.020744E-02,-5.8501434E-01,2.5611954E+00
8.021072E-02,-5.8264923E-01,2.5508957E+00
8.021399E-02,-5.8234406E-01,2.5392990E+00
8.021727E-02,-5.8165741E-01,2.5270920E+00
8.022055E-02,-5.7975006E-01,2.5133591E+00
8.022382E-02,-5.7883453E-01,2.5007706E+00
8.022710E-02,-5.7807159E-01,2.4861221E+00
8.023038E-02,-5.7685089E-01,2.4696426E+00
8.023365E-02,-5.7501984E-01,2.4537735E+00
8.023693E-02,-5.7402802E-01,2.4362259E+00
8.024021E-02,-5.7242584E-01,2.4166946E+00
8.024348E-02,-5.7097626E-01,2.3968582E+00
8.024676E-02,-5.6967926E-01,2.3768692E+00
8.025004E-02,-5.6777191E-01,2.3560410E+00
8.025332E-02,-5.6678009E-01,2.3347549E+00
8.025659E-02,-5.6472015E-01,2.3118668E+00
8.025987E-02,-5.6296539E-01,2.2892075E+00
8.026315E-02,-5.6166840E-01,2.2643356E+00
8.026642E-02,-5.5991364E-01,2.2383194E+00
8.026970E-02,-5.5808258E-01,2.2139816E+00
8.027298E-02,-5.5556488E-01,2.1878128E+00
8.027625E-02,-5.5403900E-01,2.1600418E+00
8.027953E-02,-5.5205536E-01,2.1314316E+00
8.028281E-02,-5.5014801E-01,2.1033554E+00
8.028608E-02,-5.4839325E-01,2.0742874E+00
8.028936E-02,-5.4587555E-01,2.0441513E+00
8.029264E-02,-5.4412079E-01,2.0125656E+00
8.029591E-02,-5.4274750E-01,1.9810562E+00
8.029919E-02,-5.4022980E-01,1.9495468E+00
8.030247E-02,-5.3878021E-01,1.9171219E+00
8.030574E-02,-5.3664398E-01,1.8844681E+00
8.030902E-02,-5.3450775E-01,1.8501358E+00
8.031230E-02,-5.3275299E-01,1.8155746E+00
8.031557E-02,-5.3046417E-01,1.7807846E+00
8.031885E-02,-5.2848053E-01,1.7450027E+00
8.032213E-02,-5.2680206E-01,1.7083054E+00
8.032540E-02,-5.2382660E-01,1.6722183E+00
8.032868E-02,-5.2230072E-01,1.6346054E+00
8.033196E-02,-5.1940155E-01,1.5966110E+00
8.033524E-02,-5.1779938E-01,1.5574722E+00
8.033851E-02,-5.1551056E-01,1.5203934E+00
8.034179E-02,-5.1398468E-01,1.4817886E+00
8.034507E-02,-5.1200104E-01,1.4425735E+00
8.034834E-02,-5.1039886E-01,1.4024429E+00
8.035162E-02,-5.0742340E-01,1.3617783E+00
8.035490E-02,-5.0513458E-01,1.3214951E+00
8.035817E-02,-5.0360870E-01,1.2802963E+00
8.036145E-02,-5.0124359E-01,1.2397079E+00
8.036473E-02,-4.9887848E-01,1.1974411E+00
8.036800E-02,-4.9765778E-01,1.1548691E+00
8.037128E-02,-4.9483490E-01,1.1132889E+00
8.037456E-02,-4.9369049E-01,1.0700302E+00
8.037783E-02,-4.9231720E-01,1.0267715E+00
8.038111E-02,-4.9033356E-01,9.8358917E-01
8.038439E-02,-4.8789215E-01,9.3956757E-01
8.038766E-02,-4.8644257E-01,8.9539337E-01
8.039094E-02,-4.8438263E-01,8.5144806E-01
8.039422E-02,-4.8331451E-01,8.0681610E-01
8.039749E-02,-4.8186493E-01,7.6226044E-01
8.040077E-02,-4.8026276E-01,7.1877289E-01
8.040405E-02,-4.7904205E-01,6.7429352E-01
8.040732E-02,-4.7759247E-01,6.2973785E-01
8.041060E-02,-4.7652435E-01,5.8434296E-01
8.041388E-02,-4.7499847E-01,5.4055023E-01
8.041716E-02,-4.7347260E-01,4.9698639E-01
8.042043E-02,-4.7225189E-01,4.5197296E-01
8.042371E-02,-4.7019196E-01,4.0756989E-01
8.042699E-02,-4.6889496E-01,3.6248016E-01
8.043026E-02,-4.6805573E-01,3.1769562E-01
8.043354E-02,-4.6622467E-01,2.7283478E-01
8.043682E-02,-4.6508026E-01,2.2911835E-01
8.044009E-02,-4.6370697E-01,1.8296051E-01
8.044337E-02,-4.6263885E-01,1.3878632E-01
8.044665E-02,-4.6195221E-01,9.3544006E-02
8.044992E-02,-4.6065521E-01,4.8835754E-02
8.045320E-02,-4.5958710E-01,4.8141479E-03
8.045648E-02,-4.5912933E-01,-3.8978577E-02
8.045975E-02,-4.5729828E-01,-8.3152771E-02
8.046303E-02,-4.5584869E-01,-1.2679291E-01
8.046631E-02,-4.5531464E-01,-1.6982269E-01
8.046958E-02,-4.5516205E-01,-2.1315765E-01
8.047286E-02,-4.5417023E-01,-2.5603485E-01
8.047614E-02,-4.5333099E-01,-2.9837799E-01
8.047941E-02,-4.5279694E-01,-3.4011078E-01
8.048269E-02,-4.5218658E-01,-3.8253021E-01
8.048597E-02,-4.5249176E-01,-4.2464447E-01
8.048924E-02,-4.5134735E-01,-4.6599579E-01
8.049252E-02,-4.5073700E-01,-5.0757599E-01
8.049580E-02,-4.5050812E-01,-5.4915619E-01
8.049908E-02,-4.5035553E-01,-5.8882904E-01
8.050235E-02,-4.4882965E-01,-6.2957001E-01
8.050563E-02,-4.4882965E-01,-6.6870880E-01
8.050891E-02,-4.4913483E-01,-7.0868683E-01
8.051218E-02,-4.4829559E-01,-7.4645233E-01
8.051546E-02,-4.4814301E-01,-7.8467560E-01
8.051874E-02,-4.4799042E-01,-8.2221222E-01
8.052201E-02,-4.4814301E-01,-8.5982513E-01
8.052529E-02,-4.4783783E-01,-8.9675140E-01
8.052857E-02,-4.4738007E-01,-9.3215179E-01
8.053184E-02,-4.4738007E-01,-9.6800995E-01
8.053512E-02,-4.4654083E-01,-1.0028000E+00
8.053840E-02,-4.4692230E-01,-1.0378189E+00
8.054167E-02,-4.4722748E-01,-1.0707016E+00
8.054495E-02,-4.4738007E-01,-1.1047287E+00
8.054823E-02,-4.4684601E-01,-1.1363144E+00
8.055150E-02,-4.4776154E-01,-1.1675186E+00
8.055478E-02,-4.4661713E-01,-1.1981125E+00
8.055806E-02,-4.4684601E-01,-1.2287064E+00
8.056133E-02,-4.4745636E-01,-1.2575455E+00
8.056461E-02,-4.4768524E-01,-1.2863846E+00
8.056789E-02,-4.4676971E-01,-1.3152237E+00
8.057116E-02,-4.4768524E-01,-1.3429947E+00
8.057444E-02,-4.4676971E-01,-1.3696976E+00
8.057772E-02,-4.4661713E-01,-1.3951797E+00
8.058100E-02,-4.4661713E-01,-1.4190598E+00
8.058427E-02,-4.4699860E-01,-1.4432449E+00
8.058755E-02,-4.4669342E-01,-1.4663620E+00
8.059083E-02,-4.4661713E-01,-1.4889450E+00
8.059410E-02,-4.4638824E-01,-1.5109940E+00
8.059738E-02,-4.4692230E-01,-1.5315933E+00
8.060066E-02,-4.4684601E-01,-1.5506668E+00
8.060393E-02,-4.4699860E-01,-1.5692825E+00
8.060721E-02,-4.4745636E-01,-1.5870590E+00
8.061049E-02,-4.4623566E-01,-1.6048355E+00
8.061376E-02,-4.4738007E-01,-1.6217728E+00
8.061704E-02,-4.4738007E-01,-1.6374893E+00
8.062032E-02,-4.4776154E-01,-1.6526718E+00
8.062359E-02,-4.4722748E-01,-1.6672440E+00
8.062687E-02,-4.4760895E-01,-1.6787643E+00
8.063015E-02,-4.4722748E-01,-1.6914291E+00
8.063342E-02,-4.4730377E-01,-1.7026443E+00
8.063670E-02,-4.4692230E-01,-1.7129440E+00
8.063998E-02,-4.4776154E-01,-1.7211838E+00
8.064325E-02,-4.4684601E-01,-1.7296524E+00
8.064653E-02,-4.4753265E-01,-1.7375870E+00
8.064981E-02,-4.4776154E-01,-1.7446823E+00
8.065308E-02,-4.4715118E-01,-1.7507095E+00
8.065636E-02,-4.4722748E-01,-1.7549057E+00
8.065964E-02,-4.4730377E-01,-1.7593307E+00
8.066292E-02,-4.4600677E-01,-1.7613907E+00
8.066619E-02,-4.4676971E-01,-1.7629166E+00
8.066947E-02,-4.4631195E-01,-1.7629929E+00
8.067275E-02,-4.4692230E-01,-1.7636032E+00
8.067602E-02,-4.4570160E-01,-1.7632217E+00
8.067930E-02,-4.4501495E-01,-1.7620010E+00
8.068258E-02,-4.4577789E-01,-1.7594070E+00
8.068585E-02,-4.4524384E-01,-1.7557449E+00
8.068913E-02,-4.4547272E-01,-1.7504044E+00
8.069241E-02,-4.4463348E-01,-1.7446823E+00
8.069568E-02,-4.4432831E-01,-1.7379684E+00
8.069896E-02,-4.4417572E-01,-1.7303391E+00
8.070224E-02,-4.4348907E-01,-1.7216415E+00
8.070551E-02,-4.4333649E-01,-1.7129440E+00
8.070879E-02,-4.4333649E-01,-1.7032547E+00
8.071207E-02,-4.4257355E-01,-1.6913528E+00
8.071534E-02,-4.4272614E-01,-1.6788406E+00
8.071862E-02,-4.4295502E-01,-1.6664810E+00
8.072190E-02,-4.4272614E-01,-1.6522903E+00
8.072517E-02,-4.4318390E-01,-1.6373367E+00
8.072845E-02,-4.4303131E-01,-1.6210098E+00
8.073173E-02,-4.4211578E-01,-1.6042252E+00
8.073500E-02,-4.4287872E-01,-1.5874405E+00
8.073828E-02,-4.4249725E-01,-1.5697403E+00
8.074156E-02,-4.4242096E-01,-1.5502853E+00
8.074484E-02,-4.4188690E-01,-1.5309067E+00
8.074811E-02,-4.4142914E-01,-1.5106125E+00
8.075139E-02,-4.4219208E-01,-1.4886398E+00
8.075467E-02,-4.4074249E-01,-1.4659042E+00
8.075794E-02,-4.4127655E-01,-1.4436264E+00
8.076122E-02,-4.4104767E-01,-1.4189835E+00
8.076450E-02,-4.4112396E-01,-1.3935776E+00
8.076777E-02,-4.4058990E-01,-1.3688583E+00
8.077105E-02,-4.4104767E-01,-1.3408585E+00
8.077433E-02,-4.4158173E-01,-1.3141556E+00
8.077760E-02,-4.4112396E-01,-1.2853928E+00
8.078088E-02,-4.4165802E-01,-1.2572403E+00
8.078416E-02,-4.4188690E-01,-1.2272568E+00
8.078743E-02,-4.4104767E-01,-1.1970444E+00
8.079071E-02,-4.4142914E-01,-1.1666794E+00
8.079399E-02,-4.4120026E-01,-1.1350937E+00
8.079726E-02,-4.4173431E-01,-1.1023636E+00
8.080054E-02,-4.4120026E-01,-1.0690231E+00
8.080382E-02,-4.4196320E-01,-1.0365219E+00
8.080709E-02,-4.4203949E-01,-1.0014267E+00
8.081037E-02,-4.4196320E-01,-9.6747589E-01
8.081365E-02,-4.4219208E-01,-9.3093109E-01
8.081692E-02,-4.4287872E-01,-8.9484406E-01
8.082020E-02,-4.4371796E-01,-8.5738373E-01
8.082348E-02,-4.4348907E-01,-8.1999969E-01
8.082676E-02,-4.4371796E-01,-7.8276825E-01
8.083003E-02,-4.4318390E-01,-7.4492645E-01
8.083331E-02,-4.4409943E-01,-7.0685577E-01
8.083659E-02,-4.4387054E-01,-6.6756439E-01
8.083986E-02,-4.4402313E-01,-6.2743378E-01
8.084314E-02,-4.4532013E-01,-5.8623505E-01
8.084642E-02,-4.4554901E-01,-5.4640961E-01
8.084969E-02,-4.4631195E-01,-5.0543976E-01
8.085297E-02,-4.4631195E-01,-4.6370697E-01
8.085625E-02,-4.4669342E-01,-4.2212677E-01
8.085952E-02,-4.4730377E-01,-3.8024139E-01
8.086280E-02,-4.4776154E-01,-3.3827972E-01
8.086608E-02,-4.4844818E-01,-2.9685211E-01
8.086935E-02,-4.4936371E-01,-2.5412750E-01
8.087263E-02,-4.5058441E-01,-2.1071625E-01
8.087591E-02,-4.5157623E-01,-1.6776276E-01
8.087918E-02,-4.5302582E-01,-1.2389374E-01
8.088246E-02,-4.5340729E-01,-7.9872131E-02
8.088574E-02,-4.5439911E-01,-3.5697937E-02
8.088901E-02,-4.5523834E-01,8.9340210E-03
8.089229E-02,-4.5577240E-01,5.2726746E-02
8.089557E-02,-4.5684052E-01,9.7282410E-02
8.089884E-02,-4.5775604E-01,1.4282990E-01
8.090212E-02,-4.5905304E-01,1.8791962E-01
8.090540E-02,-4.6027374E-01,2.3155975E-01
8.090868E-02,-4.6187592E-01,2.7748871E-01
8.091195E-02,-4.6225739E-01,3.2234955E-01
8.091523E-02,-4.6355438E-01,3.6721039E-01
8.091851E-02,-4.6439362E-01,4.1230011E-01
8.092178E-02,-4.6576691E-01,4.5723724E-01
8.092506E-02,-4.6668243E-01,5.0102997E-01
8.092834E-02,-4.6706390E-01,5.4550934E-01
8.093161E-02,-4.6828461E-01,5.8991241E-01
8.093489E-02,-4.6981049E-01,6.3446808E-01
8.093817E-02,-4.7072601E-01,6.7948151E-01
8.094144E-02,-4.7194672E-01,7.2274017E-01
8.094472E-02,-4.7347260E-01,7.6752472E-01
8.094800E-02,-4.7484589E-01,8.1215668E-01
8.095127E-02,-4.7621918E-01,8.5648346E-01
8.095455E-02,-4.7705841E-01,8.9966583E-01
8.095783E-02,-4.7904205E-01,9.4422150E-01
8.096110E-02,-4.8011017E-01,9.8748016E-01
8.096438E-02,-4.8041534E-01,1.0316544E+00
8.096766E-02,-4.8171234E-01,1.0743790E+00
8.097093E-02,-4.8308563E-01,1.1171036E+00
8.097421E-02,-4.8430634E-01,1.1589127E+00
8.097749E-02,-4.8636627E-01,1.2017136E+00
8.098076E-02,-4.8682404E-01,1.2438278E+00
8.098404E-02,-4.8766327E-01,1.2853317E+00
8.098732E-02,-4.8850250E-01,1.3269882E+00
8.099060E-02,-4.8979950E-01,1.3681107E+00
8.099387E-02,-4.9170685E-01,1.4080124E+00
8.099715E-02,-4.9208832E-01,1.4480667E+00
8.100043E-02,-4.9353790E-01,1.4868240E+00
8.100370E-02,-4.9521637E-01,1.5258102E+00
8.100698E-02,-4.9597931E-01,1.5643387E+00
8.101026E-02,-4.9712372E-01,1.6022568E+00
8.101353E-02,-4.9781036E-01,1.6410141E+00
8.101681E-02,-4.9864960E-01,1.6780930E+00
8.102009E-02,-4.9880219E-01,1.7148666E+00
8.102336E-02,-5.0009918E-01,1.7509537E+00
8.102664E-02,-5.0208282E-01,1.7860489E+00
8.102992E-02,-5.0269318E-01,1.8213730E+00
8.103319E-02,-5.0368500E-01,1.8556290E+00
8.103647E-02,-5.0376129E-01,1.8889694E+00
8.103975E-02,-5.0543976E-01,1.9226151E+00
8.104302E-02,-5.0482941E-01,1.9553452E+00
8.104630E-02,-5.0559235E-01,1.9872360E+00
8.104958E-02,-5.0650787E-01,2.0175247E+00
8.105285E-02,-5.0627899E-01,2.0494919E+00
8.105613E-02,-5.0719452E-01,2.0796280E+00
8.105941E-02,-5.0765228E-01,2.1077042E+00
8.106268E-02,-5.0780487E-01,2.1363144E+00
8.106596E-02,-5.0803375E-01,2.1638565E+00
8.106924E-02,-5.0742340E-01,2.1910172E+00
8.107252E-02,-5.0811005E-01,2.2167282E+00
8.107579E-02,-5.0772858E-01,2.2425919E+00
8.107907E-02,-5.0841522E-01,2.2686081E+00
8.108235E-02,-5.0780487E-01,2.2924881E+00
8.108562E-02,-5.0818634E-01,2.3159103E+00
8.108890E-02,-5.0749969E-01,2.3375778E+00
8.109218E-02,-5.0681305E-01,2.3593216E+00
8.109545E-02,-5.0719452E-01,2.3797684E+00
8.109873E-02,-5.0788116E-01,2.3999863E+00
8.110201E-02,-5.0681305E-01,2.4200516E+00
8.110528E-02,-5.0666046E-01,2.4385910E+00
8.110856E-02,-5.0582123E-01,2.4562149E+00
8.111184E-02,-5.0513458E-01,2.4723129E+00
8.111511E-02,-5.0391388E-01,2.4884109E+00
8.111839E-02,-5.0276947E-01,2.5037460E+00
8.112167E-02,-5.0284576E-01,2.5175552E+00
8.112494E-02,-5.0116730E-01,2.5312881E+00
8.112822E-02,-4.9941254E-01,2.5431137E+00
8.113150E-02,-4.9925995E-01,2.5544815E+00
8.113477E-02,-4.9788666E-01,2.5653152E+00
8.113805E-02,-4.9628448E-01,2.5734787E+00
8.114133E-02,-4.9506378E-01,2.5820999E+00
8.114460E-02,-4.9353790E-01,2.5907211E+00
8.114788E-02,-4.9201202E-01,2.5984268E+00
8.115116E-02,-4.9071503E-01,2.6036911E+00
8.115444E-02,-4.8941803E-01,2.6084213E+00
8.115771E-02,-4.8773956E-01,2.6122360E+00
8.116099E-02,-4.8621368E-01,2.6150589E+00
8.116427E-02,-4.8461151E-01,2.6169662E+00
8.116754E-02,-4.8239899E-01,2.6184158E+00
8.117082E-02,-4.8163605E-01,2.6183395E+00
8.117410E-02,-4.7957611E-01,2.6174240E+00
8.117737E-02,-4.7751617E-01,2.6166611E+00
8.118065E-02,-4.7499847E-01,2.6145248E+00
8.118393E-02,-4.7400665E-01,2.6101761E+00
8.118720E-02,-4.7095490E-01,2.6068954E+00
8.119048E-02,-4.6935272E-01,2.6020889E+00
8.119376E-02,-4.6675873E-01,2.5958328E+00
8.119703E-02,-4.6500397E-01,2.5891953E+00
8.120031E-02,-4.6202850E-01,2.5801926E+00
8.120359E-02,-4.6042633E-01,2.5714951E+00
8.120686E-02,-4.5821381E-01,2.5631027E+00
8.121014E-02,-4.5561981E-01,2.5522690E+00
8.121342E-02,-4.5340729E-01,2.5415115E+00
8.121669E-02,-4.5134735E-01,2.5296860E+00
8.121997E-02,-4.4753265E-01,2.5155716E+00
8.122325E-02,-4.4547272E-01,2.5019913E+00
8.122652E-02,-4.4303131E-01,2.4877243E+00
8.122980E-02,-4.4112396E-01,2.4723129E+00
8.123308E-02,-4.3845367E-01,2.4555283E+00
8.123636E-02,-4.3555450E-01,2.4379807E+00
8.123963E-02,-4.3311310E-01,2.4191360E+00
8.124291E-02,-4.3021393E-01,2.4002914E+00
8.124619E-02,-4.2784882E-01,2.3806839E+00
8.124946E-02,-4.2556000E-01,2.3590927E+00
8.125274E-02,-4.2350006E-01,2.3379593E+00
8.125602E-02,-4.2052460E-01,2.3157578E+00
8.125929E-02,-4.1686249E-01,2.2927933E+00
8.126257E-02,-4.1487885E-01,2.2694473E+00
8.126585E-02,-4.1167450E-01,2.2434311E+00
8.126912E-02,-4.0908051E-01,2.2181015E+00
8.127240E-02,-4.0587616E-01,2.1931534E+00
8.127568E-02,-4.0381622E-01,2.1653061E+00
8.127895E-02,-4.0190887E-01,2.1373825E+00
8.128223E-02,-3.9870453E-01,2.1098404E+00
8.128551E-02,-3.9611053E-01,2.0810776E+00
8.128878E-02,-3.9397430E-01,2.0500259E+00
8.129206E-02,-3.9076996E-01,2.0192032E+00
8.129534E-02,-3.8741302E-01,1.9883804E+00
8.129861E-02,-3.8573456E-01,1.9557266E+00
8.130189E-02,-3.8329315E-01,1.9233017E+00
8.130517E-02,-3.8092804E-01,1.8906479E+00
8.130844E-02,-3.7848663E-01,1.8562393E+00
8.131172E-02,-3.7581635E-01,1.8217545E+00
8.131500E-02,-3.7245941E-01,1.7874985E+00
8.131828E-02,-3.6971283E-01,1.7515640E+00
8.132155E-02,-3.6780548E-01,1.7150955E+00
8.132483E-02,-3.6574554E-01,1.6790085E+00
8.132811E-02,-3.6360931E-01,1.6417007E+00
8.133138E-02,-3.6162567E-01,1.6040878E+00
8.133466E-02,-3.5994720E-01,1.5648727E+00
8.133794E-02,-3.5712433E-01,1.5270309E+00
8.134121E-02,-3.5529327E-01,1.4893417E+00
8.134449E-02,-3.5384369E-01,1.4501266E+00
8.134777E-02,-3.5094452E-01,1.4092331E+00
8.135104E-02,-3.4980011E-01,1.3692551E+00
8.135432E-02,-3.4857941E-01,1.3282089E+00
8.135760E-02,-3.4659576E-01,1.2871628E+00
8.136087E-02,-3.4392548E-01,1.2455063E+00
8.136415E-02,-3.4163666E-01,1.2043076E+00
8.136743E-02,-3.4011078E-01,1.1616592E+00
8.137070E-02,-3.3827972E-01,1.1193161E+00
8.137398E-02,-3.3652496E-01,1.0773544E+00
8.137726E-02,-3.3408356E-01,1.0338669E+00
8.138053E-02,-3.3278656E-01,9.9060822E-01
8.138381E-02,-3.3164215E-01,9.4734955E-01
8.138709E-02,-3.2920074E-01,9.0294647E-01
8.139036E-02,-3.2805634E-01,8.5892487E-01
8.139364E-02,-3.2668304E-01,8.1482697E-01
8.139692E-02,-3.2592010E-01,7.7019501E-01
8.140020E-02,-3.2454681E-01,7.2609711E-01
8.140347E-02,-3.2401276E-01,6.8192291E-01
8.140675E-02,-3.2263947E-01,6.3759613E-01
8.141003E-02,-3.2141876E-01,5.9311676E-01
8.141330E-02,-3.2027435E-01,5.4924774E-01
8.141658E-02,-3.2004547E-01,5.0484467E-01
8.141986E-02,-3.1798553E-01,4.6044159E-01
8.142313E-02,-3.1684113E-01,4.1512299E-01
8.142641E-02,-3.1584930E-01,3.7155914E-01
8.142969E-02,-3.1501007E-01,3.2738495E-01
8.143296E-02,-3.1447601E-01,2.8183746E-01
8.143624E-02,-3.1401825E-01,2.3674774E-01
8.143952E-02,-3.1226349E-01,1.9226837E-01
8.144279E-02,-3.1180573E-01,1.4748383E-01
8.144607E-02,-3.1050873E-01,1.0292816E-01
8.144935E-02,-3.1050873E-01,5.7380676E-02
8.145262E-02,-3.0966949E-01,1.2672424E-02
8.145590E-02,-3.0959320E-01,-3.0509949E-02
8.145918E-02,-3.0959320E-01,-7.5904846E-02
8.146245E-02,-3.0951691E-01,-1.1893463E-01
8.146573E-02,-3.0829620E-01,-1.6249847E-01
8.146901E-02,-3.0791473E-01,-2.0652008E-01
8.147228E-02,-3.0760956E-01,-2.4909210E-01
8.147556E-02,-3.0768585E-01,-2.9120636E-01
8.147884E-02,-3.0722809E-01,-3.3354950E-01
8.148212E-02,-3.0692291E-01,-3.7619781E-01
8.148539E-02,-3.0669403E-01,-4.1754913E-01
8.148867E-02,-3.0646515E-01,-4.5905304E-01
8.149195E-02,-3.0623627E-01,-5.0131989E-01
8.149522E-02,-3.0593109E-01,-5.4244232E-01
8.149850E-02,-3.0516815E-01,-5.8295441E-01
8.150178E-02,-3.0577850E-01,-6.2285614E-01
8.150505E-02,-3.0608368E-01,-6.6230011E-01
8.150833E-02,-3.0509186E-01,-7.0105743E-01
8.151161E-02,-3.0478668E-01,-7.4080658E-01
8.151488E-02,-3.0593109E-01,-7.7811432E-01
8.151816E-02,-3.0593109E-01,-8.1603241E-01
8.152144E-02,-3.0577850E-01,-8.5364532E-01
8.152471E-02,-3.0577850E-01,-8.9034271E-01
8.152799E-02,-3.0623627E-01,-9.2589569E-01
8.153127E-02,-3.0654144E-01,-9.6228790E-01
8.153454E-02,-3.0562592E-01,-9.9608612E-01
8.153782E-02,-3.0577850E-01,-1.0315628E+00
8.154110E-02,-3.0615997E-01,-1.0653610E+00
8.154437E-02,-3.0615997E-01,-1.0991592E+00
8.154765E-02,-3.0593109E-01,-1.1302872E+00
8.155093E-02,-3.0593109E-01,-1.1624069E+00
8.155420E-02,-3.0631256E-01,-1.1926193E+00
8.155748E-02,-3.0615997E-01,-1.2235184E+00
8.156076E-02,-3.0669403E-01,-1.2537308E+00
8.156404E-02,-3.0585480E-01,-1.2818832E+00
8.156731E-02,-3.0623627E-01,-1.3101883E+00
8.157059E-02,-3.0554962E-01,-1.3383408E+00
8.157387E-02,-3.0516815E-01,-1.3643570E+00
8.157714E-02,-3.0570221E-01,-1.3902969E+00
8.158042E-02,-3.0593109E-01,-1.4153214E+00
8.158370E-02,-3.0654144E-01,-1.4389725E+00
8.158697E-02,-3.0532074E-01,-1.4623947E+00
8.159025E-02,-3.0509186E-01,-1.4852066E+00
8.159353E-02,-3.0486298E-01,-1.5070267E+00
8.159680E-02,-3.0493927E-01,-1.5271683E+00
8.160008E-02,-3.0471039E-01,-1.5476151E+00
8.160336E-02,-3.0539703E-01,-1.5660782E+00
8.160663E-02,-3.0539703E-01,-1.5849991E+00
8.160991E-02,-3.0501556E-01,-1.6014786E+00
8.161319E-02,-3.0448151E-01,-1.6184921E+00
8.161646E-02,-3.0486298E-01,-1.6353531E+00
8.161974E-02,-3.0448151E-01,-1.6504593E+00
8.162302E-02,-3.0455780E-01,-1.6643448E+00
8.162629E-02,-3.0425262E-01,-1.6773911E+00
8.162957E-02,-3.0425262E-01,-1.6899033E+00
8.163285E-02,-3.0440521E-01,-1.7005081E+00
8.163612E-02,-3.0402374E-01,-1.7113419E+00
8.163940E-02,-3.0394745E-01,-1.7201157E+00
8.164268E-02,-3.0326080E-01,-1.7276688E+00
8.164596E-02,-3.0287933E-01,-1.7353745E+00
8.164923E-02,-3.0234528E-01,-1.7428513E+00
8.165251E-02,-3.0219269E-01,-1.7494888E+00
8.165579E-02,-3.0196381E-01,-1.7539902E+00
8.165906E-02,-3.0188751E-01,-1.7580338E+00
8.166234E-02,-3.0158234E-01,-1.7610092E+00
8.166562E-02,-3.0120087E-01,-1.7632980E+00
8.166889E-02,-3.0074310E-01,-1.7648239E+00
8.167217E-02,-3.0112457E-01,-1.7641373E+00
8.167545E-02,-2.9967499E-01,-1.7632980E+00
8.167872E-02,-2.9936981E-01,-1.7608566E+00
8.168200E-02,-2.9982758E-01,-1.7589493E+00
8.168528E-02,-2.9952240E-01,-1.7549820E+00
8.168855E-02,-2.9792023E-01,-1.7501755E+00
8.169183E-02,-2.9822540E-01,-1.7446060E+00
8.169511E-02,-2.9753876E-01,-1.7375870E+00
8.169838E-02,-2.9799652E-01,-1.7311020E+00
8.170166E-02,-2.9730988E-01,-1.7222519E+00
8.170494E-02,-2.9723358E-01,-1.7138596E+00
8.170821E-02,-2.9639435E-01,-1.7040176E+00
8.171149E-02,-2.9677582E-01,-1.6933365E+00
8.171477E-02,-2.9547882E-01,-1.6815109E+00
8.171804E-02,-2.9494476E-01,-1.6671677E+00
8.172132E-02,-2.9540253E-01,-1.6529770E+00
8.172460E-02,-2.9532623E-01,-1.6384811E+00
8.172788E-02,-2.9517365E-01,-1.6232986E+00
8.173115E-02,-2.9463959E-01,-1.6067429E+00
8.173443E-02,-2.9486847E-01,-1.5901108E+00
8.173771E-02,-2.9395294E-01,-1.5727158E+00
8.174098E-02,-2.9387665E-01,-1.5552444E+00
8.174426E-02,-2.9349518E-01,-1.5354080E+00
8.174754E-02,-2.9326630E-01,-1.5144272E+00
8.175081E-02,-2.9311371E-01,-1.4932175E+00
8.175409E-02,-2.9235077E-01,-1.4706345E+00
8.175737E-02,-2.9265594E-01,-1.4489670E+00
8.176064E-02,-2.9196930E-01,-1.4247818E+00
8.176392E-02,-2.9219818E-01,-1.3993759E+00
8.176720E-02,-2.9250336E-01,-1.3737411E+00
8.177047E-02,-2.9181671E-01,-1.3469620E+00
8.177375E-02,-2.9174042E-01,-1.3204880E+00
8.177703E-02,-2.9212189E-01,-1.2920303E+00
8.178030E-02,-2.9204559E-01,-1.2634964E+00
8.178358E-02,-2.9265594E-01,-1.2335129E+00
8.178686E-02,-2.9235077E-01,-1.2030716E+00
8.179013E-02,-2.9219818E-01,-1.1725540E+00
8.179341E-02,-2.9181671E-01,-1.1408920E+00
8.179669E-02,-2.9120636E-01,-1.1093826E+00
8.179996E-02,-2.9166412E-01,-1.0755081E+00
8.180324E-02,-2.9219818E-01,-1.0423965E+00
8.180652E-02,-2.9212189E-01,-1.0080643E+00
8.180980E-02,-2.9219818E-01,-9.7403717E-01
8.181307E-02,-2.9296112E-01,-9.3886566E-01
8.181635E-02,-2.9280853E-01,-9.0201569E-01
8.181963E-02,-2.9250336E-01,-8.6554718E-01
8.182290E-02,-2.9319000E-01,-8.2808685E-01
8.182618E-02,-2.9395294E-01,-7.9024506E-01
8.182946E-02,-2.9326630E-01,-7.5217438E-01
8.183273E-02,-2.9380035E-01,-7.1417999E-01
8.183601E-02,-2.9456329E-01,-6.7511749E-01
8.183929E-02,-2.9555511E-01,-6.3590240E-01
8.184256E-02,-2.9578400E-01,-5.9607697E-01
8.184584E-02,-2.9647064E-01,-5.5457306E-01
8.184912E-02,-2.9624176E-01,-5.1375580E-01
8.185239E-02,-2.9669952E-01,-4.7187042E-01
8.185567E-02,-2.9753876E-01,-4.3097687E-01
8.185895E-02,-2.9784393E-01,-3.8954926E-01
8.186222E-02,-2.9975128E-01,-3.4812164E-01
8.186550E-02,-2.9952240E-01,-3.0562592E-01
8.186878E-02,-2.9982758E-01,-2.6259613E-01
8.187205E-02,-3.0051422E-01,-2.1979523E-01
8.187533E-02,-3.0097198E-01,-1.7546844E-01
8.187861E-02,-3.0074310E-01,-1.3228607E-01
8.188188E-02,-3.0204010E-01,-8.8951111E-02
8.188516E-02,-3.0211639E-01,-4.4548035E-02
8.188844E-02,-3.0310822E-01,-5.2642822E-04
8.189172E-02,-3.0364227E-01,4.3724060E-02
8.189499E-02,-3.0410004E-01,8.8737488E-02
8.189827E-02,-3.0455780E-01,1.3359833E-01
8.190155E-02,-3.0509186E-01,1.7876434E-01
8.190482E-02,-3.0615997E-01,2.2393036E-01
8.190810E-02,-3.0646515E-01,2.6909637E-01
8.191138E-02,-3.0715179E-01,3.1357574E-01
8.191465E-02,-3.0768585E-01,3.5858917E-01
8.191793E-02,-3.0844879E-01,4.0283966E-01
8.192121E-02,-3.0898285E-01,4.4876862E-01
8.192448E-02,-3.0974579E-01,4.9309540E-01
8.192776E-02,-3.1012726E-01,5.3604889E-01
8.193104E-02,-3.1096649E-01,5.8014679E-01
8.193431E-02,-3.1081390E-01,6.2454987E-01
8.193759E-02,-3.1180573E-01,6.6941071E-01
8.194087E-02,-3.1172943E-01,7.1335602E-01
8.194414E-02,-3.1203461E-01,7.5753021E-01
8.194742E-02,-3.1233978E-01,8.0269623E-01
8.195070E-02,-3.1363678E-01,8.4603119E-01
8.195397E-02,-3.1279755E-01,8.9043427E-01
8.195725E-02,-3.1325531E-01,9.3575287E-01
8.196053E-02,-3.1348419E-01,9.8007965E-01
8.196380E-02,-3.1417084E-01,1.0238724E+00
8.196708E-02,-3.1485748E-01,1.0671310E+00
8.197036E-02,-3.1562042E-01,1.1096268E+00
8.197364E-02,-3.1470490E-01,1.1515121E+00
8.197691E-02,-3.1462860E-01,1.1942368E+00
8.198019E-02,-3.1386566E-01,1.2356644E+00
8.198347E-02,-3.1424713E-01,1.2767868E+00
8.198674E-02,-3.1462860E-01,1.3189011E+00
8.199002E-02,-3.1493378E-01,1.3593369E+00
8.199330E-02,-3.1439972E-01,1.4002304E+00
8.199657E-02,-3.1478119E-01,1.4412766E+00
8.199985E-02,-3.1401825E-01,1.4800339E+00
8.200313E-02,-3.1363678E-01,1.5181808E+00
8.200640E-02,-3.1356049E-01,1.5565567E+00
8.200968E-02,-3.1279755E-01,1.5952377E+00
8.201296E-02,-3.1203461E-01,1.6320877E+00
8.201623E-02,-3.1203461E-01,1.6699295E+00
8.201951E-02,-3.1233978E-01,1.7064743E+00
8.202279E-02,-3.1150055E-01,1.7423325E+00
8.202606E-02,-3.1050873E-01,1.7783432E+00
8.202934E-02,-3.0966949E-01,1.8132858E+00
8.203262E-02,-3.0883026E-01,1.8470840E+00
8.203589E-02,-3.0768585E-01,1.8816452E+00
8.203917E-02,-3.0715179E-01,1.9146805E+00
8.204245E-02,-3.0669403E-01,1.9471054E+00
8.204572E-02,-3.0524445E-01,1.9797592E+00
8.204900E-02,-3.0539703E-01,2.0112686E+00
8.205228E-02,-3.0410004E-01,2.0427780E+00
8.205556E-02,-3.0295563E-01,2.0725327E+00
8.205883E-02,-3.0150604E-01,2.1019821E+00
8.206211E-02,-3.0066681E-01,2.1303635E+00
8.206539E-02,-2.9853058E-01,2.1579056E+00
8.206866E-02,-2.9685211E-01,2.1855240E+00
8.207194E-02,-2.9486847E-01,2.2115402E+00
8.207522E-02,-2.9349518E-01,2.2370224E+00
8.207849E-02,-2.9166412E-01,2.2620468E+00
8.208177E-02,-2.9021454E-01,2.2870712E+00
8.208505E-02,-2.8876495E-01,2.3105698E+00
8.208832E-02,-2.8662872E-01,2.3330765E+00
8.209160E-02,-2.8487396E-01,2.3551254E+00
8.209488E-02,-2.8350067E-01,2.3758011E+00
8.209815E-02,-2.8151703E-01,2.3960190E+00
8.210143E-02,-2.7991486E-01,2.4154739E+00
8.210471E-02,-2.7671051E-01,2.4335556E+00
8.210798E-02,-2.7495575E-01,2.4505692E+00
8.211126E-02,-2.7312469E-01,2.4679642E+00
8.211454E-02,-2.7007294E-01,2.4835281E+00
8.211781E-02,-2.6778412E-01,2.4988632E+00
8.212109E-02,-2.6557159E-01,2.5122910E+00
8.212437E-02,-2.6297760E-01,2.5262527E+00
8.212764E-02,-2.6061249E-01,2.5388412E+00
8.213092E-02,-2.5710297E-01,2.5503616E+00
8.213420E-02,-2.5557709E-01,2.5607376E+00
8.213748E-02,-2.5321198E-01,2.5694351E+00
8.214075E-02,-2.4977875E-01,2.5784378E+00
8.214403E-02,-2.4756622E-01,2.5867538E+00
8.214731E-02,-2.4474335E-01,2.5941544E+00
8.215058E-02,-2.4230194E-01,2.5998764E+00
8.215386E-02,-2.4054718E-01,2.6046829E+00
8.215714E-02,-2.3741913E-01,2.6087265E+00
8.216041E-02,-2.3421478E-01,2.6123123E+00
8.216369E-02,-2.3162079E-01,2.6143723E+00
8.216697E-02,-2.2849274E-01,2.6157455E+00
8.217024E-02,-2.2536469E-01,2.6172714E+00
8.217352E-02,-2.2231293E-01,2.6168137E+00
8.217680E-02,-2.1956635E-01,2.6155167E+00
8.218007E-02,-2.1613312E-01,2.6134567E+00
8.218335E-02,-2.1361542E-01,2.6110153E+00
8.218663E-02,-2.1033478E-01,2.6071243E+00
8.218990E-02,-2.0713043E-01,2.6018600E+00
8.219318E-02,-2.0377350E-01,2.5972061E+00
8.219646E-02,-2.0156097E-01,2.5898819E+00
8.219973E-02,-1.9850922E-01,2.5828629E+00
8.220301E-02,-1.9583893E-01,2.5738602E+00
8.220629E-02,-1.9217682E-01,2.5640945E+00
8.220956E-02,-1.8973541E-01,2.5541763E+00
8.221284E-02,-1.8714142E-01,2.5441055E+00
8.221612E-02,-1.8332672E-01,2.5309830E+00
8.221940E-02,-1.8035126E-01,2.5176315E+00
8.222267E-02,-1.7752838E-01,2.5045853E+00
8.222595E-02,-1.7401886E-01,2.4899368E+00
8.222923E-02,-1.7188263E-01,2.4749069E+00
8.223250E-02,-1.6928864E-01,2.4585800E+00
8.223578E-02,-1.6555023E-01,2.4416428E+00
8.223906E-02,-1.6326141E-01,2.4225693E+00
8.224233E-02,-1.6020966E-01,2.4031143E+00
8.224561E-02,-1.5776825E-01,2.3834305E+00
8.224889E-02,-1.5471649E-01,2.3629074E+00
8.225216E-02,-1.5166473E-01,2.3414688E+00
8.225544E-02,-1.4937592E-01,2.3199539E+00
8.225872E-02,-1.4647675E-01,2.2971420E+00
8.226199E-02,-1.4441681E-01,2.2725754E+00
8.226527E-02,-1.4136505E-01,2.2477036E+00
8.226855E-02,-1.3930511E-01,2.2219925E+00
8.227182E-02,-1.3663483E-01,2.1963577E+00
8.227510E-02,-1.3419342E-01,2.1689682E+00
8.227838E-02,-1.3220978E-01,2.1417313E+00
8.228165E-02,-1.2931061E-01,2.1140366E+00
8.228493E-02,-1.2656403E-01,2.0858078E+00
8.228821E-02,-1.2335968E-01,2.0554428E+00
8.229148E-02,-1.2145233E-01,2.0246964E+00
8.229476E-02,-1.1901093E-01,1.9931107E+00
8.229804E-02,-1.1717987E-01,1.9616776E+00
8.230132E-02,-1.1550140E-01,1.9286423E+00
8.230459E-02,-1.1283112E-01,1.8962936E+00
8.230787E-02,-1.1084747E-01,1.8630295E+00
8.231115E-02,-1.0886383E-01,1.8279343E+00
8.231442E-02,-1.0718536E-01,1.7933731E+00
8.231770E-02,-1.0565948E-01,1.7585831E+00
8.232098E-02,-1.0413361E-01,1.7214279E+00
8.232425E-02,-1.0260773E-01,1.6852646E+00
8.232753E-02,-9.9632263E-02,1.6486435E+00
8.233081E-02,-9.8793030E-02,1.6100388E+00
8.233408E-02,-9.7114563E-02,1.5718155E+00
8.233736E-02,-9.5359802E-02,1.5337448E+00
8.234064E-02,-9.3452454E-02,1.4960556E+00
8.234391E-02,-9.2689514E-02,1.4575272E+00
8.234719E-02,-9.1239929E-02,1.4170151E+00
8.235047E-02,-8.9485168E-02,1.3759689E+00
8.235374E-02,-8.8645935E-02,1.3362198E+00
8.235702E-02,-8.7882996E-02,1.2944107E+00
8.236030E-02,-8.6051941E-02,1.2529068E+00
8.236357E-02,-8.5975647E-02,1.2117844E+00
8.236685E-02,-8.4678650E-02,1.1693649E+00
8.237013E-02,-8.4602356E-02,1.1270981E+00
8.237340E-02,-8.3000183E-02,1.0850601E+00
8.237668E-02,-8.1779480E-02,1.0412674E+00
8.237996E-02,-8.2008362E-02,9.9808502E-01
8.238324E-02,-8.1398010E-02,9.5383453E-01
8.238651E-02,-8.0940247E-02,9.0966034E-01
8.238979E-02,-8.1474304E-02,8.6525726E-01
8.239307E-02,-8.0558777E-02,8.2169342E-01
8.239634E-02,-7.9338074E-02,7.7767181E-01
8.239962E-02,-8.0177307E-02,7.3242950E-01
8.240290E-02,-7.9566956E-02,6.8871307E-01
8.240617E-02,-7.8193665E-02,6.4392853E-01
8.240945E-02,-7.7583313E-02,5.9914398E-01
8.241273E-02,-7.6820374E-02,5.5504608E-01
8.241600E-02,-7.7201843E-02,5.1239777E-01
8.241928E-02,-7.7354431E-02,4.6654510E-01
8.242256E-02,-7.6591492E-02,4.2229462E-01
8.242583E-02,-7.6972961E-02,3.7850189E-01
8.242911E-02,-7.6438904E-02,3.3402252E-01
8.243239E-02,-7.6667786E-02,2.8832245E-01
8.243566E-02,-7.6972961E-02,2.4361420E-01
8.243894E-02,-7.6591492E-02,1.9890594E-01
8.244222E-02,-7.6591492E-02,1.5457916E-01
8.244549E-02,-7.5904846E-02,1.0933685E-01
8.244877E-02,-7.6591492E-02,6.4323425E-02
8.245205E-02,-7.5675964E-02,2.0378113E-02
8.245532E-02,-7.6286316E-02,-2.4711609E-02
8.245860E-02,-7.6438904E-02,-6.9343567E-02
8.246188E-02,-7.6133728E-02,-1.1244965E-01
8.246516E-02,-7.6972961E-02,-1.5586090E-01
8.246843E-02,-7.7049255E-02,-1.9911957E-01
8.247171E-02,-7.7430725E-02,-2.4344635E-01
8.247499E-02,-7.7735901E-02,-2.8556061E-01
8.247826E-02,-7.6972961E-02,-3.2813263E-01
8.248154E-02,-7.8117371E-02,-3.6963654E-01
8.248482E-02,-7.7888489E-02,-4.1144562E-01
8.248809E-02,-7.7812195E-02,-4.5302582E-01
8.249137E-02,-7.8575134E-02,-4.9437714E-01
8.249465E-02,-7.8041077E-02,-5.3580475E-01
8.249792E-02,-7.8575134E-02,-5.7563019E-01
8.250120E-02,-7.9261780E-02,-6.1583710E-01
8.250448E-02,-7.9566956E-02,-6.5497589E-01
8.250775E-02,-7.9185486E-02,-6.9426727E-01
8.251103E-02,-7.8956604E-02,-7.3394012E-01
8.251431E-02,-7.9414368E-02,-7.7216339E-01
8.251758E-02,-7.9566956E-02,-8.0970001E-01
8.252086E-02,-7.9948425E-02,-8.4662628E-01
8.252414E-02,-8.0863953E-02,-8.8393402E-01
8.252741E-02,-8.0711365E-02,-9.2101288E-01
8.253069E-02,-8.1779480E-02,-9.5641327E-01
8.253397E-02,-8.1550598E-02,-9.9074554E-01
8.253724E-02,-8.0711365E-02,-1.0260696E+00
8.254052E-02,-8.1550598E-02,-1.0588760E+00
8.254380E-02,-8.1550598E-02,-1.0922165E+00
8.254708E-02,-8.1398010E-02,-1.1251755E+00
8.255035E-02,-8.1703186E-02,-1.1576767E+00
8.255363E-02,-8.2237244E-02,-1.1888046E+00
8.255691E-02,-8.1398010E-02,-1.2197037E+00
8.256018E-02,-8.2160950E-02,-1.2496109E+00
8.256346E-02,-8.2466125E-02,-1.2783737E+00
8.256674E-02,-8.1932068E-02,-1.3062210E+00
8.257001E-02,-8.2160950E-02,-1.3333817E+00
8.257329E-02,-8.1321716E-02,-1.3610001E+00
8.257657E-02,-8.1855774E-02,-1.3864822E+00
8.257984E-02,-8.2084656E-02,-1.4112015E+00
8.258312E-02,-8.2008362E-02,-1.4353104E+00
8.258640E-02,-8.1398010E-02,-1.4581985E+00
8.258967E-02,-8.1626892E-02,-1.4804764E+00
8.259295E-02,-8.1321716E-02,-1.5026016E+00
8.259623E-02,-8.1626892E-02,-1.5233536E+00
8.259950E-02,-8.0558777E-02,-1.5438004E+00
8.260278E-02,-7.9948425E-02,-1.5624161E+00
8.260606E-02,-8.0101013E-02,-1.5799637E+00
8.260933E-02,-7.9643250E-02,-1.5975876E+00
8.261261E-02,-7.9261780E-02,-1.6150589E+00
8.261589E-02,-7.9643250E-02,-1.6316910E+00
8.261916E-02,-7.8956604E-02,-1.6464920E+00
8.262244E-02,-7.9643250E-02,-1.6603775E+00
8.262572E-02,-7.8956604E-02,-1.6752548E+00
8.262900E-02,-7.8346252E-02,-1.6876907E+00
8.263227E-02,-7.7888489E-02,-1.6983719E+00
8.263555E-02,-7.7583313E-02,-1.7092819E+00
8.263883E-02,-7.7507019E-02,-1.7179031E+00
8.264210E-02,-7.6515198E-02,-1.7266769E+00
8.264538E-02,-7.7278137E-02,-1.7343063E+00
8.264866E-02,-7.6362610E-02,-1.7407913E+00
8.265193E-02,-7.6133728E-02,-1.7467422E+00
8.265521E-02,-7.6286316E-02,-1.7517776E+00
8.265849E-02,-7.5675964E-02,-1.7565079E+00
8.266176E-02,-7.5752258E-02,-1.7602463E+00
8.266504E-02,-7.4150085E-02,-1.7630692E+00
8.266832E-02,-7.4302673E-02,-1.7640610E+00
8.267159E-02,-7.4302673E-02,-1.7639084E+00
8.267487E-02,-7.4150085E-02,-1.7636032E+00
8.267815E-02,-7.3768616E-02,-1.7622299E+00
8.268142E-02,-7.3463440E-02,-1.7603989E+00
8.268470E-02,-7.2853088E-02,-1.7567368E+00
8.268798E-02,-7.2776794E-02,-1.7524643E+00
8.269125E-02,-7.2166443E-02,-1.7459793E+00
8.269453E-02,-7.1556091E-02,-1.7396469E+00
8.269781E-02,-7.0945740E-02,-1.7330093E+00
8.270108E-02,-7.1479797E-02,-1.7243881E+00
8.270436E-02,-7.0411682E-02,-1.7155380E+00
8.270764E-02,-7.0411682E-02,-1.7060776E+00
8.271092E-02,-7.0564270E-02,-1.6954727E+00
8.271419E-02,-6.9572449E-02,-1.6827316E+00
8.271747E-02,-6.9877625E-02,-1.6702194E+00
8.272075E-02,-6.9572449E-02,-1.6572495E+00
8.272402E-02,-6.9038391E-02,-1.6429825E+00
8.272730E-02,-6.8122864E-02,-1.6272659E+00
8.273058E-02,-6.8351746E-02,-1.6096420E+00
8.273385E-02,-6.7283630E-02,-1.5938492E+00
8.273713E-02,-6.8122864E-02,-1.5762253E+00
8.274041E-02,-6.7893982E-02,-1.5573807E+00
8.274368E-02,-6.7131042E-02,-1.5382309E+00
8.274696E-02,-6.6139221E-02,-1.5180130E+00
8.275024E-02,-6.5681458E-02,-1.4967270E+00
8.275351E-02,-6.6215515E-02,-1.4744492E+00
8.275679E-02,-6.6291809E-02,-1.4515610E+00
8.276007E-02,-6.5681458E-02,-1.4274521E+00
8.276334E-02,-6.5223694E-02,-1.4021225E+00
8.276662E-02,-6.5223694E-02,-1.3769455E+00
8.276990E-02,-6.4231873E-02,-1.3501663E+00
8.277317E-02,-6.4994812E-02,-1.3236923E+00
8.277645E-02,-6.5452576E-02,-1.2955399E+00
8.277973E-02,-6.5605164E-02,-1.2669296E+00
8.278300E-02,-6.5452576E-02,-1.2374039E+00
8.278628E-02,-6.5376282E-02,-1.2084885E+00
8.278956E-02,-6.6062927E-02,-1.1777420E+00
8.279284E-02,-6.6520691E-02,-1.1463089E+00
8.279611E-02,-6.6978455E-02,-1.1151810E+00
8.279939E-02,-6.6825867E-02,-1.0824509E+00
8.280267E-02,-6.6749573E-02,-1.0490341E+00
8.280594E-02,-6.6825867E-02,-1.0149307E+00
8.280922E-02,-6.6444397E-02,-9.8014069E-01
8.281250E-02,-6.6444397E-02,-9.4466400E-01
8.281577E-02,-6.6673279E-02,-9.0842438E-01
8.281905E-02,-6.6520691E-02,-8.7203217E-01
8.282233E-02,-6.6749573E-02,-8.3464813E-01
8.282560E-02,-6.6749573E-02,-7.9703522E-01
8.282888E-02,-6.7054749E-02,-7.5865936E-01
8.283216E-02,-6.7283630E-02,-7.2074127E-01
8.283543E-02,-6.7512512E-02,-6.8160248E-01
8.283871E-02,-6.6978455E-02,-6.4253998E-01
8.284199E-02,-6.7741394E-02,-6.0164642E-01
8.284526E-02,-6.7436218E-02,-5.6128693E-01
8.284854E-02,-6.7817688E-02,-5.2054596E-01
8.285182E-02,-6.8122864E-02,-4.7934723E-01
8.285509E-02,-6.7970276E-02,-4.3807220E-01
8.285837E-02,-6.8199158E-02,-3.9641571E-01
8.286165E-02,-6.9343567E-02,-3.5453033E-01
8.286492E-02,-6.9114685E-02,-3.1218719E-01
8.286820E-02,-6.9114685E-02,-2.7030182E-01
8.287148E-02,-6.9648743E-02,-2.2635651E-01
8.287476E-02,-6.9267273E-02,-1.8332672E-01
8.287803E-02,-6.9190979E-02,-1.3976288E-01
8.288131E-02,-6.9038391E-02,-9.6351624E-02
8.288459E-02,-6.9267273E-02,-5.2406311E-02
8.288786E-02,-7.0259094E-02,-8.3084106E-03
8.289114E-02,-7.0411682E-02,3.5713196E-02
8.289442E-02,-6.9419861E-02,8.0192566E-02
8.289769E-02,-7.0030212E-02,1.2490082E-01
8.290097E-02,-7.0182800E-02,1.7060089E-01
8.290425E-02,-6.9801331E-02,2.1523285E-01
8.290752E-02,-6.9419861E-02,2.6093292E-01
8.291080E-02,-6.9496155E-02,3.0548859E-01
8.291408E-02,-6.8580627E-02,3.5073090E-01
8.291735E-02,-6.9038391E-02,3.9513397E-01
8.292063E-02,-6.9419861E-02,4.4007111E-01
8.292391E-02,-6.8504333E-02,4.8470306E-01
8.292718E-02,-6.8428040E-02,5.2857208E-01
8.293046E-02,-6.7970276E-02,5.7236481E-01
8.293374E-02,-6.7588806E-02,6.1638641E-01
8.293701E-02,-6.7359924E-02,6.6193390E-01
8.294029E-02,-6.7131042E-02,7.0542145E-01
8.294357E-02,-6.6062927E-02,7.5058746E-01
8.294684E-02,-6.6062927E-02,7.9422760E-01
8.295012E-02,-6.4918518E-02,8.3962250E-01
8.295340E-02,-6.4689636E-02,8.8349152E-01
8.295668E-02,-6.3545227E-02,9.2819977E-01
8.295995E-02,-6.3163757E-02,9.7229767E-01
8.296323E-02,-6.1866760E-02,1.0150223E+00
8.296651E-02,-6.1027527E-02,1.0586624E+00
8.296978E-02,-6.0646057E-02,1.1013107E+00
8.297306E-02,-5.9730530E-02,1.1431198E+00
8.297634E-02,-5.8815002E-02,1.1862259E+00
8.297961E-02,-5.7975769E-02,1.2276535E+00
8.298289E-02,-5.6983948E-02,1.2686234E+00
8.298617E-02,-5.5534363E-02,1.3105850E+00
8.298944E-02,-5.3932190E-02,1.3509445E+00
8.299272E-02,-5.3016663E-02,1.3919907E+00
8.299600E-02,-5.2101135E-02,1.4325790E+00
8.299927E-02,-5.0498962E-02,1.4723282E+00
8.300255E-02,-4.9354553E-02,1.5103989E+00
8.300583E-02,-4.7523499E-02,1.5480881E+00
8.300910E-02,-4.5997620E-02,1.5863113E+00
8.301238E-02,-4.4471741E-02,1.6246109E+00
8.301566E-02,-4.2640686E-02,1.6621475E+00
8.301893E-02,-4.0962219E-02,1.6988449E+00
8.302221E-02,-3.9207458E-02,1.7350845E+00
8.302549E-02,-3.7834167E-02,1.7708664E+00
8.302876E-02,-3.5621643E-02,1.8061905E+00
8.303204E-02,-3.3866882E-02,1.8413620E+00
8.303532E-02,-3.1959534E-02,1.8758469E+00
8.303860E-02,-2.9670715E-02,1.9087296E+00
8.304187E-02,-2.7381897E-02,1.9419937E+00
8.304515E-02,-2.4787903E-02,1.9733505E+00
8.304843E-02,-2.2651672E-02,2.0046310E+00
8.305170E-02,-1.9523621E-02,2.0375137E+00
8.305498E-02,-1.7616272E-02,2.0672684E+00
8.305826E-02,-1.5403748E-02,2.0969467E+00
8.306153E-02,-1.2275696E-02,2.1256332E+00
8.306481E-02,-1.0139465E-02,2.1534042E+00
8.306809E-02,-7.3165894E-03,2.1808701E+00
8.307136E-02,-5.4855347E-03,2.2074203E+00
8.307464E-02,-3.1204224E-03,2.2325974E+00
8.307792E-02,-6.7901611E-04,2.2581558E+00
8.308119E-02,1.8386841E-03,2.2825699E+00
8.308447E-02,4.9667358E-03,2.3060684E+00
8.308775E-02,7.2555542E-03,2.3276596E+00
8.309102E-02,9.8495483E-03,2.3506241E+00
8.309430E-02,1.3130188E-02,2.3713760E+00
8.309758E-02,1.5571594E-02,2.3913651E+00
8.310085E-02,1.8013000E-02,2.4109726E+00
8.310413E-02,2.2056580E-02,2.4307327E+00
8.310741E-02,2.4879456E-02,2.4485855E+00
8.311068E-02,2.7397156E-02,2.4653702E+00
8.311396E-02,3.0754089E-02,2.4799423E+00
8.311724E-02,3.3500671E-02,2.4958878E+00
8.312052E-02,3.6399841E-02,2.5108414E+00
8.312379E-02,3.8536072E-02,2.5235062E+00
8.312707E-02,4.0748596E-02,2.5365524E+00
8.313035E-02,4.4029236E-02,2.5479965E+00
8.313362E-02,4.8225403E-02,2.5581436E+00
8.313690E-02,5.0666809E-02,2.5682144E+00
8.314018E-02,5.4405212E-02,2.5764542E+00
8.314345E-02,5.6388855E-02,2.5849228E+00
8.314673E-02,5.9593201E-02,2.5924759E+00
8.315001E-02,6.2263489E-02,2.5982742E+00
8.315328E-02,6.5467834E-02,2.6042252E+00
8.315656E-02,6.9587708E-02,2.6084976E+00
8.315984E-02,7.2792053E-02,2.6125412E+00
8.316311E-02,7.5157166E-02,2.6149063E+00
8.316639E-02,7.7522278E-02,2.6172714E+00
8.316967E-02,7.9811096E-02,2.6178818E+00
8.317294E-02,8.2328796E-02,2.6167374E+00
8.317622E-02,8.6067200E-02,2.6154404E+00
8.317950E-02,8.8127136E-02,2.6138382E+00
8.318277E-02,9.1026306E-02,2.6107101E+00
8.318605E-02,9.4459534E-02,2.6076584E+00
8.318933E-02,9.6672058E-02,2.6025467E+00
8.319260E-02,9.9876404E-02,2.5972061E+00
8.319588E-02,1.0170746E-01,2.5898819E+00
8.319916E-02,1.0491180E-01,2.5829391E+00
8.320244E-02,1.0735321E-01,2.5739365E+00
8.320571E-02,1.1048126E-01,2.5656204E+00
8.320899E-02,1.1254120E-01,2.5557022E+00
8.321227E-02,1.1544037E-01,2.5447922E+00
8.321554E-02,1.1811066E-01,2.5331192E+00
8.321882E-02,1.1994171E-01,2.5202255E+00
8.322210E-02,1.2192535E-01,2.5071793E+00
8.322537E-02,1.2535858E-01,2.4921494E+00
8.322865E-02,1.2673187E-01,2.4766617E+00
8.323193E-02,1.2932587E-01,2.4607162E+00
8.323520E-02,1.3123322E-01,2.4446182E+00
8.323848E-02,1.3329315E-01,2.4250870E+00
8.324176E-02,1.3512421E-01,2.4060135E+00
8.324503E-02,1.3642120E-01,2.3869400E+00
8.324831E-02,1.3901520E-01,2.3669510E+00
8.325159E-02,1.4061737E-01,2.3449020E+00
8.325486E-02,1.4221954E-01,2.3227005E+00
8.325814E-02,1.4351654E-01,2.3008041E+00
8.326142E-02,1.4550018E-01,2.2770004E+00
8.326469E-02,1.4687347E-01,2.2524338E+00
8.326797E-02,1.4794159E-01,2.2267990E+00
8.327125E-02,1.4885712E-01,2.2012405E+00
8.327452E-02,1.5000153E-01,2.1738510E+00
8.327780E-02,1.5137482E-01,2.1469193E+00
8.328108E-02,1.5251923E-01,2.1192245E+00
8.328436E-02,1.5358734E-01,2.0909195E+00
8.328763E-02,1.5488434E-01,2.0601730E+00
8.329091E-02,1.5625763E-01,2.0296555E+00
8.329419E-02,1.5724945E-01,1.9982224E+00
8.329746E-02,1.5869904E-01,1.9667892E+00
8.330074E-02,1.5923309E-01,1.9344406E+00
8.330402E-02,1.5976715E-01,1.9012527E+00
8.330729E-02,1.6106415E-01,1.8689804E+00
8.331057E-02,1.6220856E-01,1.8343430E+00
8.331385E-02,1.6297150E-01,1.7990952E+00
8.331712E-02,1.6297150E-01,1.7645340E+00
8.332040E-02,1.6342926E-01,1.7285995E+00
8.332368E-02,1.6373444E-01,1.6928940E+00
8.332695E-02,1.6403961E-01,1.6545944E+00
8.333023E-02,1.6388702E-01,1.6167526E+00
8.333351E-02,1.6358185E-01,1.5786819E+00
8.333678E-02,1.6434479E-01,1.5404587E+00
8.334006E-02,1.6457367E-01,1.5023880E+00
8.334334E-02,1.6449738E-01,1.4646225E+00
8.334661E-02,1.6495514E-01,1.4240341E+00
8.334989E-02,1.6449738E-01,1.3836746E+00
8.335317E-02,1.6464996E-01,1.3433151E+00
8.335644E-02,1.6388702E-01,1.3021164E+00
8.335972E-02,1.6442108E-01,1.2606125E+00
8.336300E-02,1.6419220E-01,1.2194901E+00
8.336628E-02,1.6419220E-01,1.1777573E+00
8.336955E-02,1.6365814E-01,1.1346512E+00
8.337283E-02,1.6434479E-01,1.0923843E+00
8.337611E-02,1.6274261E-01,1.0492783E+00
8.337938E-02,1.6312408E-01,1.0053329E+00
8.338266E-02,1.6266632E-01,9.6222687E-01
8.338594E-02,1.6251373E-01,9.1797638E-01
8.338921E-02,1.6175079E-01,8.7425995E-01
8.339249E-02,1.6114044E-01,8.2924652E-01
8.339577E-02,1.5999603E-01,7.8514862E-01
8.339904E-02,1.6007233E-01,7.4059296E-01
8.340232E-02,1.5953827E-01,6.9649506E-01
8.340560E-02,1.5892792E-01,6.5178680E-01
8.340887E-02,1.5816498E-01,6.0776520E-01
8.341215E-02,1.5747833E-01,5.6381989E-01
8.341543E-02,1.5633392E-01,5.1987457E-01
8.341870E-02,1.5587616E-01,4.7577667E-01
8.342198E-02,1.5564728E-01,4.3045807E-01
8.342526E-02,1.5503693E-01,3.8613129E-01
8.342853E-02,1.5442657E-01,3.4172821E-01
8.343181E-02,1.5404510E-01,2.9671478E-01
8.343509E-02,1.5312958E-01,2.5170135E-01
8.343836E-02,1.5236664E-01,2.0752716E-01
8.344164E-02,1.5206146E-01,1.6220856E-01
8.344492E-02,1.5129852E-01,1.1627960E-01
8.344820E-02,1.5023041E-01,7.1876526E-02
8.345147E-02,1.4969635E-01,2.7397156E-02
8.345475E-02,1.4786530E-01,-1.6700745E-02
8.345803E-02,1.4839935E-01,-6.1561584E-02
8.346130E-02,1.4748383E-01,-1.0474396E-01
8.346458E-02,1.4733124E-01,-1.4846039E-01
8.346786E-02,1.4618683E-01,-1.9141388E-01
8.347113E-02,1.4603424E-01,-2.3505402E-01
8.347441E-02,1.4519501E-01,-2.7701569E-01
8.347769E-02,1.4412689E-01,-3.1928253E-01
8.348096E-02,1.4359283E-01,-3.6162567E-01
8.348424E-02,1.4336395E-01,-4.0267181E-01
8.348752E-02,1.4321136E-01,-4.4455719E-01
8.349079E-02,1.4199066E-01,-4.8613739E-01
8.349407E-02,1.4130402E-01,-5.2779388E-01
8.349735E-02,1.4092255E-01,-5.6777191E-01
8.350062E-02,1.4054108E-01,-6.0858917E-01
8.350390E-02,1.4000702E-01,-6.4887238E-01
8.350718E-02,1.3932037E-01,-6.8778229E-01
8.351045E-02,1.3977814E-01,-7.2760773E-01
8.351373E-02,1.3878632E-01,-7.6605988E-01
8.351701E-02,1.3748932E-01,-8.0344391E-01
8.352028E-02,1.3726044E-01,-8.4151459E-01
8.352356E-02,1.3756561E-01,-8.7767792E-01
8.352684E-02,1.3756561E-01,-9.1582489E-01
8.353012E-02,1.3718414E-01,-9.5069122E-01
8.353339E-02,1.3657379E-01,-9.8532867E-01
8.353667E-02,1.3687897E-01,-1.0200424E+00
8.353995E-02,1.3687897E-01,-1.0530777E+00
8.354322E-02,1.3573456E-01,-1.0867996E+00
8.354650E-02,1.3619232E-01,-1.1190720E+00
8.354978E-02,1.3642120E-01,-1.1506577E+00
8.355305E-02,1.3550568E-01,-1.1825485E+00
8.355633E-02,1.3481903E-01,-1.2132187E+00
8.355961E-02,1.3626862E-01,-1.2427444E+00
8.356288E-02,1.3596344E-01,-1.2720413E+00
8.356616E-02,1.3611603E-01,-1.3012619E+00
8.356944E-02,1.3634491E-01,-1.3281174E+00
8.357271E-02,1.3596344E-01,-1.3548965E+00
8.357599E-02,1.3611603E-01,-1.3817520E+00
8.357927E-02,1.3634491E-01,-1.4070053E+00
8.358254E-02,1.3588715E-01,-1.4310379E+00
8.358582E-02,1.3565826E-01,-1.4554520E+00
8.358910E-02,1.3626862E-01,-1.4772720E+00
8.359237E-02,1.3687897E-01,-1.5001602E+00
8.359565E-02,1.3703156E-01,-1.5220566E+00
8.359893E-02,1.3787079E-01,-1.5417404E+00
8.360220E-02,1.3809967E-01,-1.5608139E+00
8.360548E-02,1.3779449E-01,-1.5786667E+00
8.360876E-02,1.3787079E-01,-1.5974350E+00
8.361204E-02,1.3802338E-01,-1.6144485E+00
8.361531E-02,1.3878632E-01,-1.6303177E+00
8.361859E-02,1.3809967E-01,-1.6458817E+00
8.362187E-02,1.3855743E-01,-1.6593857E+00
8.362514E-02,1.3871002E-01,-1.6726608E+00
8.362842E-02,1.3893890E-01,-1.6863937E+00
8.363170E-02,1.3909149E-01,-1.6974564E+00
8.363497E-02,1.3985443E-01,-1.7079849E+00
8.363825E-02,1.3993073E-01,-1.7169113E+00
8.364153E-02,1.4015961E-01,-1.7257614E+00
8.364480E-02,1.4069366E-01,-1.7333145E+00
8.364808E-02,1.4145660E-01,-1.7403336E+00
8.365136E-02,1.4092255E-01,-1.7473526E+00
8.365463E-02,1.4160919E-01,-1.7527695E+00
8.365791E-02,1.4160919E-01,-1.7570419E+00
8.366119E-02,1.4260101E-01,-1.7597122E+00
8.366446E-02,1.4336395E-01,-1.7620010E+00
8.366774E-02,1.4290619E-01,-1.7632217E+00
8.367102E-02,1.4420319E-01,-1.7641373E+00
8.367429E-02,1.4389801E-01,-1.7636032E+00
8.367757E-02,1.4344025E-01,-1.7623825E+00
8.368085E-02,1.4389801E-01,-1.7607803E+00
8.368412E-02,1.4427948E-01,-1.7571945E+00
8.368740E-02,1.4557648E-01,-1.7526169E+00
8.369068E-02,1.4550018E-01,-1.7470474E+00
8.369396E-02,1.4565277E-01,-1.7407150E+00
8.369723E-02,1.4656830E-01,-1.7336197E+00
8.370051E-02,1.4595795E-01,-1.7263718E+00
8.370379E-02,1.4595795E-01,-1.7181320E+00
8.370706E-02,1.4618683E-01,-1.7077560E+00
8.371034E-02,1.4572906E-01,-1.6979904E+00
8.371362E-02,1.4565277E-01,-1.6864700E+00
8.371689E-02,1.4649200E-01,-1.6734238E+00
8.372017E-02,1.4679718E-01,-1.6601486E+00
8.372345E-02,1.4595795E-01,-1.6461868E+00
8.372672E-02,1.4611053E-01,-1.6313095E+00
8.373000E-02,1.4656830E-01,-1.6140671E+00
8.373328E-02,1.4679718E-01,-1.5967484E+00
8.373655E-02,1.4733124E-01,-1.5793533E+00
8.373983E-02,1.4694977E-01,-1.5608902E+00
8.374311E-02,1.4786530E-01,-1.5417404E+00
8.374638E-02,1.4824677E-01,-1.5222855E+00
8.374966E-02,1.4824677E-01,-1.5007706E+00
8.375294E-02,1.4794159E-01,-1.4793320E+00
8.375621E-02,1.4778900E-01,-1.4570541E+00
8.375949E-02,1.4839935E-01,-1.4320297E+00
8.376277E-02,1.4824677E-01,-1.4078445E+00
8.376604E-02,1.4839935E-01,-1.3825912E+00
8.376932E-02,1.4778900E-01,-1.3564224E+00
8.377260E-02,1.4824677E-01,-1.3299484E+00
8.377588E-02,1.4832306E-01,-1.3020248E+00
8.377915E-02,1.4862823E-01,-1.2737198E+00
8.378243E-02,1.4832306E-01,-1.2444992E+00
8.378571E-02,1.4847565E-01,-1.2139053E+00
8.378898E-02,1.4817047E-01,-1.1825485E+00
8.379226E-02,1.4855194E-01,-1.1523361E+00
8.379554E-02,1.4801788E-01,-1.1201401E+00
8.379881E-02,1.4740753E-01,-1.0878677E+00
8.380209E-02,1.4801788E-01,-1.0542221E+00
8.380537E-02,1.4817047E-01,-1.0208054E+00
8.380864E-02,1.4809418E-01,-9.8601532E-01
8.381192E-02,1.4794159E-01,-9.5046234E-01
8.381520E-02,1.4702606E-01,-9.1445160E-01
8.381847E-02,1.4717865E-01,-8.7844086E-01
8.382175E-02,1.4809418E-01,-8.4189606E-01
8.382503E-02,1.4771271E-01,-8.0336761E-01
8.382830E-02,1.4756012E-01,-7.6583099E-01
8.383158E-02,1.4725494E-01,-7.2814178E-01
8.383486E-02,1.4740753E-01,-6.8839264E-01
8.383813E-02,1.4817047E-01,-6.4917755E-01
8.384141E-02,1.4817047E-01,-6.0904694E-01
8.384469E-02,1.4878082E-01,-5.6937408E-01
8.384796E-02,1.4984894E-01,-5.2886200E-01
8.385124E-02,1.4946747E-01,-4.8712921E-01
8.385452E-02,1.4923859E-01,-4.4585419E-01
8.385780E-02,1.4984894E-01,-4.0412140E-01
8.386107E-02,1.4946747E-01,-3.6284637E-01
8.386435E-02,1.4962006E-01,-3.2027435E-01
8.386763E-02,1.5007782E-01,-2.7861786E-01
8.387090E-02,1.5000153E-01,-2.3490143E-01
8.387418E-02,1.5038300E-01,-1.9271088E-01
8.387746E-02,1.5129852E-01,-1.4838409E-01
8.388073E-02,1.5160370E-01,-1.0451508E-01
8.388401E-02,1.5190887E-01,-6.0493469E-02
8.388729E-02,1.5206146E-01,-1.6548157E-02
8.389056E-02,1.5274811E-01,2.7091980E-02
8.389384E-02,1.5404510E-01,7.2334290E-02
8.389712E-02,1.5381622E-01,1.1627960E-01
8.390039E-02,1.5572357E-01,1.6197968E-01
8.390367E-02,1.5549469E-01,2.0706940E-01
8.390695E-02,1.5641022E-01,2.5200653E-01
8.391022E-02,1.5747833E-01,2.9663849E-01
8.391350E-02,1.5877533E-01,3.4226227E-01
8.391678E-02,1.5961456E-01,3.8712311E-01
8.392005E-02,1.5999603E-01,4.3297577E-01
8.392333E-02,1.6106415E-01,4.7669220E-01
8.392661E-02,1.6197968E-01,5.2017975E-01
8.392988E-02,1.6342926E-01,5.6351471E-01
8.393316E-02,1.6480255E-01,6.0776520E-01
8.393644E-02,1.6571808E-01,6.5316010E-01
8.393972E-02,1.6693878E-01,6.9702911E-01
8.394299E-02,1.6793060E-01,7.4059296E-01
8.394627E-02,1.6953278E-01,7.8553009E-01
8.394955E-02,1.7060089E-01,8.2939911E-01
8.395282E-02,1.7166901E-01,8.7433624E-01
8.395610E-02,1.7304230E-01,9.1843414E-01
8.395938E-02,1.7510223E-01,9.6291351E-01
8.396265E-02,1.7655182E-01,1.0064774E+00
8.396593E-02,1.7807770E-01,1.0496597E+00
8.396921E-02,1.7876434E-01,1.0925369E+00
8.397248E-02,1.8105316E-01,1.1351852E+00
8.397576E-02,1.8288422E-01,1.1785202E+00
8.397904E-02,1.8456268E-01,1.2196426E+00
8.398231E-02,1.8677521E-01,1.2609940E+00
8.398559E-02,1.8860626E-01,1.3033371E+00
8.398887E-02,1.8944550E-01,1.3437729E+00
8.399214E-02,1.9173431E-01,1.3846664E+00
8.399542E-02,1.9371796E-01,1.4251785E+00
8.399870E-02,1.9623566E-01,1.4655380E+00
8.400197E-02,1.9905853E-01,1.5034561E+00
8.400525E-02,2.0073700E-01,1.5416794E+00
8.400853E-02,2.0287323E-01,1.5796738E+00
8.401180E-02,2.0500946E-01,1.6181259E+00
8.401508E-02,2.0691681E-01,1.6560440E+00
8.401836E-02,2.0966339E-01,1.6938095E+00
8.402164E-02,2.1149445E-01,1.7289047E+00
8.402491E-02,2.1408844E-01,1.7651443E+00
8.402819E-02,2.1637726E-01,1.8010025E+00
8.403147E-02,2.1805573E-01,1.8341904E+00
8.403474E-02,2.2156525E-01,1.8704300E+00
8.403802E-02,2.2347260E-01,1.9027023E+00
8.404130E-02,2.2621918E-01,1.9356613E+00
8.404457E-02,2.2751617E-01,1.9673233E+00
8.404785E-02,2.3033905E-01,1.9995193E+00
8.405113E-02,2.3323822E-01,2.0316391E+00
8.405440E-02,2.3529816E-01,2.0612411E+00
8.405768E-02,2.3819733E-01,2.0913010E+00
8.406096E-02,2.4140167E-01,2.1201401E+00
8.406423E-02,2.4445343E-01,2.1478348E+00
8.406751E-02,2.4582672E-01,2.1754532E+00
8.407079E-02,2.4895477E-01,2.2020798E+00
8.407406E-02,2.5078583E-01,2.2274857E+00
8.407734E-02,2.5391388E-01,2.2534256E+00
8.408062E-02,2.5612640E-01,2.2790604E+00
8.408389E-02,2.5864410E-01,2.3018723E+00
8.408717E-02,2.6169586E-01,2.3240738E+00
8.409045E-02,2.6413727E-01,2.3462753E+00
8.409372E-02,2.6696014E-01,2.3674850E+00
8.409700E-02,2.6932526E-01,2.3881607E+00
8.410028E-02,2.7100372E-01,2.4073868E+00
8.410356E-02,2.7420807E-01,2.4265366E+00
8.410683E-02,2.7626801E-01,2.4459915E+00
8.411011E-02,2.7909088E-01,2.4628525E+00
8.411339E-02,2.8145599E-01,2.4782639E+00
8.411666E-02,2.8382111E-01,2.4931412E+00
8.411994E-02,2.8549957E-01,2.5077896E+00
8.412322E-02,2.8839874E-01,2.5205307E+00
8.412649E-02,2.9053497E-01,2.5339584E+00
8.412977E-02,2.9290009E-01,2.5455551E+00
8.413305E-02,2.9587555E-01,2.5564651E+00
8.413632E-02,2.9763031E-01,2.5660782E+00
8.413960E-02,2.9961395E-01,2.5746231E+00
8.414288E-02,3.0228424E-01,2.5830917E+00
8.414615E-02,3.0472565E-01,2.5904922E+00
8.414943E-02,3.0579376E-01,2.5978928E+00
8.415271E-02,3.0846405E-01,2.6023178E+00
8.415598E-02,3.1082916E-01,2.6075058E+00
8.415926E-02,3.1250763E-01,2.6111679E+00
8.416254E-02,3.1456757E-01,2.6134567E+00
8.416581E-02,3.1670380E-01,2.6154404E+00
8.416909E-02,3.1807709E-01,2.6167374E+00
8.417237E-02,3.2082367E-01,2.6175766E+00
8.417564E-02,3.2204437E-01,2.6166611E+00
8.417892E-02,3.2341766E-01,2.6149063E+00
8.418220E-02,3.2509613E-01,2.6120834E+00
8.418548E-02,3.2646942E-01,2.6077347E+00
8.418875E-02,3.2738495E-01,2.6040726E+00
8.419203E-02,3.2898712E-01,2.5985794E+00
8.419531E-02,3.3028412E-01,2.5917892E+00
8.419858E-02,3.3119965E-01,2.5835495E+00
8.420186E-02,3.3264923E-01,2.5769119E+00
8.420514E-02,3.3402252E-01,2.5673752E+00
8.420841E-02,3.3486176E-01,2.5576859E+00
8.421169E-02,3.3570099E-01,2.5477676E+00
8.421497E-02,3.3615875E-01,2.5354080E+00
8.421824E-02,3.3737946E-01,2.5221329E+00
8.422152E-02,3.3783722E-01,2.5081711E+00
8.422480E-02,3.3898163E-01,2.4955826E+00
8.422807E-02,3.3905792E-01,2.4797897E+00
8.423135E-02,3.3982086E-01,2.4636917E+00
8.423463E-02,3.4020233E-01,2.4467545E+00
8.423790E-02,3.4050751E-01,2.4276047E+00
8.424118E-02,3.4027863E-01,2.4092178E+00
8.424446E-02,3.4081268E-01,2.3897629E+00
8.424773E-02,3.4142303E-01,2.3704605E+00
8.425101E-02,3.4165192E-01,2.3484116E+00
8.425429E-02,3.4218597E-01,2.3270493E+00
8.425756E-02,3.4294891E-01,2.3046188E+00
8.426084E-02,3.4333038E-01,2.2811966E+00
8.426412E-02,3.4218597E-01,2.2577744E+00
8.426740E-02,3.4210968E-01,2.2316818E+00
8.427067E-02,3.4157562E-01,2.2057419E+00
8.427395E-02,3.4180450E-01,2.1791916E+00
8.427723E-02,3.4088898E-01,2.1520309E+00
8.428050E-02,3.3974457E-01,2.1242599E+00
8.428378E-02,3.4035492E-01,2.0951157E+00
8.428706E-02,3.3959198E-01,2.0654373E+00
8.429033E-02,3.3829498E-01,2.0343094E+00
8.429361E-02,3.3814240E-01,2.0031052E+00
8.429689E-02,3.3753204E-01,1.9713669E+00
8.430016E-02,3.3577728E-01,1.9393234E+00
8.430344E-02,3.3554840E-01,1.9057541E+00
8.430672E-02,3.3440399E-01,1.8733292E+00
8.430999E-02,3.3371735E-01,1.8381577E+00
8.431327E-02,3.3280182E-01,1.8028336E+00
8.431655E-02,3.3173370E-01,1.7685776E+00
8.431982E-02,3.3036041E-01,1.7319565E+00
8.432310E-02,3.2990265E-01,1.6960983E+00
8.432638E-02,3.2868195E-01,1.6591721E+00
8.432965E-02,3.2837677E-01,1.6219406E+00
8.433293E-02,3.2746124E-01,1.5847092E+00
8.433621E-02,3.2631683E-01,1.5466385E+00
8.433948E-02,3.2463837E-01,1.5091019E+00
8.434276E-02,3.2334137E-01,1.4698868E+00
8.434604E-02,3.2219696E-01,1.4305191E+00
8.434932E-02,3.2105255E-01,1.3895493E+00
8.435259E-02,3.1945038E-01,1.3491135E+00
8.435587E-02,3.1739044E-01,1.3081436E+00
8.435915E-02,3.1685638E-01,1.2666397E+00
8.436242E-02,3.1563568E-01,1.2251358E+00
8.436570E-02,3.1494904E-01,1.1830215E+00
8.436898E-02,3.1357574E-01,1.1409073E+00
8.437225E-02,3.1235504E-01,1.0983353E+00
8.437553E-02,3.1128693E-01,1.0559158E+00
8.437881E-02,3.1029510E-01,1.0129623E+00
8.438208E-02,3.0945587E-01,9.6901703E-01
8.438536E-02,3.0693817E-01,9.2530060E-01
8.438864E-02,3.0632782E-01,8.8105011E-01
8.439191E-02,3.0495453E-01,8.3725739E-01
8.439519E-02,3.0319977E-01,7.9399872E-01
8.439847E-02,3.0251312E-01,7.4845123E-01
8.440174E-02,3.0098724E-01,7.0404816E-01
8.440502E-02,2.9923248E-01,6.5933990E-01
8.440830E-02,2.9709625E-01,6.1508942E-01
8.441157E-02,2.9572296E-01,5.7106781E-01
8.441485E-02,2.9335785E-01,5.2597809E-01
8.441813E-02,2.9328156E-01,4.8210907E-01
8.442140E-02,2.9145050E-01,4.3755341E-01
8.442468E-02,2.8992462E-01,3.9383698E-01
8.442796E-02,2.8908539E-01,3.4989166E-01
8.443124E-02,2.8771210E-01,3.0442047E-01
8.443451E-02,2.8603363E-01,2.5879669E-01
8.443779E-02,2.8565216E-01,2.1355438E-01
8.444107E-02,2.8412628E-01,1.6869354E-01
8.444434E-02,2.8244781E-01,1.2398529E-01
8.444762E-02,2.8176117E-01,7.9353333E-02
8.445090E-02,2.8076935E-01,3.4645081E-02
8.445417E-02,2.7977753E-01,-9.6817017E-03
8.445745E-02,2.7893829E-01,-5.3779602E-02
8.446073E-02,2.7832794E-01,-9.8335266E-02
8.446400E-02,2.7725983E-01,-1.4128876E-01
8.446728E-02,2.7588654E-01,-1.8462372E-01
8.447056E-02,2.7512360E-01,-2.2750092E-01
8.447383E-02,2.7512360E-01,-2.7144623E-01
8.447711E-02,2.7397919E-01,-3.1317902E-01
8.448039E-02,2.7283478E-01,-3.5506439E-01
8.448366E-02,2.7230072E-01,-3.9702606E-01
8.448694E-02,2.7176666E-01,-4.3830109E-01
8.449022E-02,2.7054596E-01,-4.8003387E-01
8.449349E-02,2.7039337E-01,-5.2184296E-01
8.449677E-02,2.6985931E-01,-5.6189728E-01
8.450005E-02,2.6856232E-01,-6.0233307E-01
8.450332E-02,2.6894379E-01,-6.4276886E-01
8.450660E-02,2.6764679E-01,-6.8152618E-01
8.450988E-02,2.6696014E-01,-7.2104645E-01
8.451316E-02,2.6764679E-01,-7.5873566E-01
8.451643E-02,2.6703644E-01,-7.9695892E-01
8.451971E-02,2.6650238E-01,-8.3327484E-01
8.452299E-02,2.6642609E-01,-8.7035370E-01
8.452626E-02,2.6627350E-01,-9.0750885E-01
8.452954E-02,2.6535797E-01,-9.4329071E-01
8.453282E-02,2.6512909E-01,-9.7861481E-01
8.453609E-02,2.6421356E-01,-1.0130234E+00
8.453937E-02,2.6497650E-01,-1.0463638E+00
8.454265E-02,2.6398468E-01,-1.0812302E+00
8.454592E-02,2.6444244E-01,-1.1138077E+00
8.454920E-02,2.6406097E-01,-1.1456223E+00
8.455248E-02,2.6428986E-01,-1.1765213E+00
8.455575E-02,2.6383209E-01,-1.2076492E+00
8.455903E-02,2.6390839E-01,-1.2368698E+00
8.456231E-02,2.6375580E-01,-1.2678452E+00
8.456558E-02,2.6398468E-01,-1.2960739E+00
8.456886E-02,2.6345062E-01,-1.3231583E+00
8.457214E-02,2.6383209E-01,-1.3507004E+00
8.457541E-02,2.6428986E-01,-1.3773270E+00
8.457869E-02,2.6398468E-01,-1.4019699E+00
8.458197E-02,2.6451874E-01,-1.4274521E+00
8.458524E-02,2.6535797E-01,-1.4509506E+00
8.458852E-02,2.6497650E-01,-1.4729233E+00
8.459180E-02,2.6490021E-01,-1.4971085E+00
8.459508E-02,2.6497650E-01,-1.5168686E+00
8.459835E-02,2.6520538E-01,-1.5376205E+00
8.460163E-02,2.6543427E-01,-1.5568466E+00
8.460491E-02,2.6551056E-01,-1.5763779E+00
8.460818E-02,2.6528168E-01,-1.5934677E+00
8.461146E-02,2.6528168E-01,-1.6114731E+00
8.461474E-02,2.6612091E-01,-1.6271896E+00
8.461801E-02,2.6589203E-01,-1.6429825E+00
8.462129E-02,2.6642609E-01,-1.6574783E+00
8.462457E-02,2.6650238E-01,-1.6703720E+00
8.462784E-02,2.6619720E-01,-1.6837234E+00
8.463112E-02,2.6726532E-01,-1.6956253E+00
8.463440E-02,2.6764679E-01,-1.7057724E+00
8.463767E-02,2.6703644E-01,-1.7153091E+00
8.464095E-02,2.6703644E-01,-1.7242355E+00
8.464423E-02,2.6734161E-01,-1.7320175E+00
8.464750E-02,2.6757050E-01,-1.7401047E+00
8.465078E-02,2.6825714E-01,-1.7464371E+00
8.465406E-02,2.6772308E-01,-1.7516251E+00
8.465733E-02,2.6787567E-01,-1.7564316E+00
8.466061E-02,2.6802826E-01,-1.7594070E+00
8.466389E-02,2.6947784E-01,-1.7623062E+00
8.466716E-02,2.6894379E-01,-1.7635269E+00
8.467044E-02,2.6947784E-01,-1.7642136E+00
8.467372E-02,2.6947784E-01,-1.7630692E+00
8.467700E-02,2.6970673E-01,-1.7626877E+00
8.468027E-02,2.6955414E-01,-1.7600174E+00
8.468355E-02,2.6924896E-01,-1.7574997E+00
8.468683E-02,2.6940155E-01,-1.7535324E+00
8.469010E-02,2.6871490E-01,-1.7492599E+00
8.469338E-02,2.6909637E-01,-1.7429276E+00
8.469666E-02,2.6902008E-01,-1.7360611E+00
8.469993E-02,2.6909637E-01,-1.7286606E+00
8.470321E-02,2.6955414E-01,-1.7204208E+00
8.470649E-02,2.6879120E-01,-1.7112656E+00
8.470976E-02,2.6879120E-01,-1.7007370E+00
8.471304E-02,2.6917267E-01,-1.6885300E+00
8.471632E-02,2.6947784E-01,-1.6755600E+00
8.471959E-02,2.6902008E-01,-1.6625900E+00
8.472287E-02,2.6879120E-01,-1.6493149E+00
8.472615E-02,2.6909637E-01,-1.6346664E+00
8.472942E-02,2.6894379E-01,-1.6187973E+00
8.473270E-02,2.6848602E-01,-1.6001053E+00
8.473598E-02,2.6863861E-01,-1.5831680E+00
8.473925E-02,2.6924896E-01,-1.5647049E+00
8.474253E-02,2.6963043E-01,-1.5452499E+00
8.474581E-02,2.6902008E-01,-1.5259476E+00
8.474908E-02,2.6856232E-01,-1.5042038E+00
8.475236E-02,2.6909637E-01,-1.4827652E+00
8.475564E-02,2.6833344E-01,-1.4601822E+00
8.475892E-02,2.6833344E-01,-1.4368362E+00
8.476219E-02,2.6894379E-01,-1.4128036E+00
8.476547E-02,2.6856232E-01,-1.3877029E+00
8.476875E-02,2.6909637E-01,-1.3618393E+00
8.477202E-02,2.6818085E-01,-1.3346024E+00
8.477530E-02,2.6787567E-01,-1.3073654E+00
8.477858E-02,2.6810455E-01,-1.2791367E+00
8.478185E-02,2.6840973E-01,-1.2494583E+00
8.478513E-02,2.6764679E-01,-1.2196274E+00
8.478841E-02,2.6757050E-01,-1.1888809E+00
8.479168E-02,2.6779938E-01,-1.1572189E+00
8.479496E-02,2.6802826E-01,-1.1255569E+00
8.479824E-02,2.6848602E-01,-1.0930557E+00
8.480151E-02,2.6848602E-01,-1.0592575E+00
8.480479E-02,2.6833344E-01,-1.0267563E+00
8.480807E-02,2.6863861E-01,-9.9211884E-01
8.481134E-02,2.6902008E-01,-9.5732880E-01
8.481462E-02,2.6909637E-01,-9.2238617E-01
8.481790E-02,2.6879120E-01,-8.8477325E-01
8.482117E-02,2.6848602E-01,-8.4815216E-01
8.482445E-02,2.6932526E-01,-8.1061554E-01
8.482773E-02,2.7008820E-01,-7.7300262E-01
8.483100E-02,2.6963043E-01,-7.3485565E-01
8.483428E-02,2.7008820E-01,-6.9594574E-01
8.483756E-02,2.6970673E-01,-6.5650177E-01
8.484084E-02,2.7069855E-01,-6.1644745E-01
8.484411E-02,2.7100372E-01,-5.7555389E-01
8.484739E-02,2.7207184E-01,-5.3580475E-01
8.485067E-02,2.7237701E-01,-4.9384308E-01
8.485394E-02,2.7268219E-01,-4.5279694E-01
8.485722E-02,2.7344513E-01,-4.1121674E-01
8.486050E-02,2.7291107E-01,-3.6910248E-01
8.486377E-02,2.7436066E-01,-3.2736969E-01
8.486705E-02,2.7611542E-01,-2.8502655E-01
8.487033E-02,2.7626801E-01,-2.4176788E-01
8.487360E-02,2.7672577E-01,-1.9934845E-01
8.487688E-02,2.7718353E-01,-1.5540314E-01
8.488016E-02,2.7741241E-01,-1.1153412E-01
8.488343E-02,2.7794647E-01,-6.8275452E-02
8.488671E-02,2.7848053E-01,-2.4406433E-02
8.488999E-02,2.7985382E-01,1.9462585E-02
8.489326E-02,2.8076935E-01,6.4247131E-02
8.489654E-02,2.8176117E-01,1.0826874E-01
8.489982E-02,2.8260040E-01,1.5358734E-01
8.490309E-02,2.8397369E-01,1.9913483E-01
8.490637E-02,2.8557587E-01,2.4399567E-01
8.490965E-02,2.8534698E-01,2.8900909E-01
8.491292E-02,2.8710175E-01,3.3440399E-01
8.491620E-02,2.8916168E-01,3.7873077E-01
8.491948E-02,2.9038239E-01,4.2389679E-01
8.492276E-02,2.9175568E-01,4.6891022E-01
8.492603E-02,2.9282379E-01,5.1270294E-01
8.492931E-02,2.9434967E-01,5.5634308E-01
8.493259E-02,2.9557037E-01,6.0082245E-01
8.493586E-02,2.9747772E-01,6.4545441E-01
8.493914E-02,2.9900360E-01,6.9039154E-01
8.494242E-02,3.0068207E-01,7.3372650E-01
8.494569E-02,3.0281830E-01,7.7904510E-01
8.494897E-02,3.0319977E-01,8.2390594E-01
8.495225E-02,3.0464935E-01,8.6800385E-01
8.495552E-02,3.0640411E-01,9.1156769E-01
8.495880E-02,3.0838776E-01,9.5658112E-01
8.496208E-02,3.1021881E-01,1.0003738E+00
8.496535E-02,3.1197357E-01,1.0439377E+00
8.496863E-02,3.1372833E-01,1.0864334E+00
8.497191E-02,3.1540680E-01,1.1291580E+00
8.497518E-02,3.1693268E-01,1.1710434E+00
8.497846E-02,3.1884003E-01,1.2135391E+00
8.498174E-02,3.2112885E-01,1.2548141E+00
8.498501E-02,3.2318878E-01,1.2970810E+00
8.498829E-02,3.2486725E-01,1.3375931E+00
8.499157E-02,3.2654572E-01,1.3782578E+00
8.499484E-02,3.2807159E-01,1.4188461E+00
8.499812E-02,3.3058929E-01,1.4595108E+00
8.500140E-02,3.3196259E-01,1.4975815E+00
8.500468E-02,3.3417511E-01,1.5361862E+00
8.500795E-02,3.3623505E-01,1.5742569E+00
8.501123E-02,3.3867645E-01,1.6128616E+00
8.501451E-02,3.4043121E-01,1.6493301E+00
8.501778E-02,3.4256744E-01,1.6867142E+00
8.502106E-02,3.4477997E-01,1.7228012E+00
8.502434E-02,3.4607697E-01,1.7592697E+00
8.502761E-02,3.4806061E-01,1.7947464E+00
8.503089E-02,3.5004425E-01,1.8298416E+00
8.503417E-02,3.5195160E-01,1.8635635E+00
8.503744E-02,3.5401154E-01,1.8971329E+00
8.504072E-02,3.5630035E-01,1.9303970E+00
8.504400E-02,3.5805511E-01,1.9618301E+00
8.504727E-02,3.5950470E-01,1.9942551E+00
8.505055E-02,3.6103058E-01,2.0252304E+00
8.505383E-02,3.6301422E-01,2.0561295E+00
8.505710E-02,3.6400604E-01,2.0864944E+00
8.506038E-02,3.6637115E-01,2.1151047E+00
8.506366E-02,3.6812592E-01,2.1438675E+00
8.506693E-02,3.6911774E-01,2.1708755E+00
8.507021E-02,3.7071991E-01,2.1980362E+00
8.507349E-02,3.7300873E-01,2.2233658E+00
8.507676E-02,3.7453461E-01,2.2486954E+00
8.508004E-02,3.7598419E-01,2.2744064E+00
8.508332E-02,3.7751007E-01,2.2980576E+00
8.508660E-02,3.7880707E-01,2.3206406E+00
8.508987E-02,3.7972260E-01,2.3427658E+00
8.509315E-02,3.8140106E-01,2.3641281E+00
8.509643E-02,3.8330841E-01,2.3840408E+00
8.509970E-02,3.8452911E-01,2.4044876E+00
8.510298E-02,3.8567352E-01,2.4240189E+00
8.510626E-02,3.8643646E-01,2.4433212E+00
8.510953E-02,3.8780975E-01,2.4598770E+00
8.511281E-02,3.8895416E-01,2.4758987E+00
8.511609E-02,3.9002228E-01,2.4905472E+00
8.511936E-02,3.9048004E-01,2.5053482E+00
8.512264E-02,3.9147186E-01,2.5185471E+00
8.512592E-02,3.9208221E-01,2.5319748E+00
8.512919E-02,3.9261627E-01,2.5441818E+00
8.513247E-02,3.9444733E-01,2.5553207E+00
8.513575E-02,3.9475250E-01,2.5651627E+00
8.513902E-02,3.9505768E-01,2.5746994E+00
8.514230E-02,3.9620209E-01,2.5830154E+00
8.514558E-02,3.9673615E-01,2.5907211E+00
8.514885E-02,3.9665985E-01,2.5969772E+00
8.515213E-02,3.9673615E-01,2.6026993E+00
8.515541E-02,3.9711761E-01,2.6077347E+00
8.515868E-02,3.9757538E-01,2.6111679E+00
8.516196E-02,3.9742279E-01,2.6133804E+00
8.516524E-02,3.9780426E-01,2.6148300E+00
8.516852E-02,3.9742279E-01,2.6175003E+00
8.517179E-02,3.9795685E-01,2.6174240E+00
8.517507E-02,3.9711761E-01,2.6168137E+00
8.517835E-02,3.9749908E-01,2.6158218E+00
8.518162E-02,3.9765167E-01,2.6137619E+00
8.518490E-02,3.9673615E-01,2.6087265E+00
8.518818E-02,3.9643097E-01,2.6041489E+00
8.519145E-02,3.9528656E-01,2.5988083E+00
8.519473E-02,3.9551544E-01,2.5927048E+00
8.519801E-02,3.9444733E-01,2.5859909E+00
8.520128E-02,3.9276886E-01,2.5771408E+00
8.520456E-02,3.9238739E-01,2.5682907E+00
8.520784E-02,3.9177704E-01,2.5584488E+00
8.521111E-02,3.9025116E-01,2.5486069E+00
8.521439E-02,3.8933563E-01,2.5373154E+00
8.521767E-02,3.8880157E-01,2.5235825E+00
8.522094E-02,3.8750458E-01,2.5106888E+00
8.522422E-02,3.8704681E-01,2.4966507E+00
8.522750E-02,3.8552094E-01,2.4823074E+00
8.523077E-02,3.8483429E-01,2.4659042E+00
8.523405E-02,3.8330841E-01,2.4489670E+00
8.523733E-02,3.8269806E-01,2.4307327E+00
8.524060E-02,3.8101959E-01,2.4116592E+00
8.524388E-02,3.7957001E-01,2.3923569E+00
8.524716E-02,3.7720490E-01,2.3719101E+00
8.525044E-02,3.7575531E-01,2.3510056E+00
8.525371E-02,3.7499237E-01,2.3291092E+00
8.525699E-02,3.7346649E-01,2.3075180E+00
8.526027E-02,3.7148285E-01,2.2845535E+00
8.526354E-02,3.6995697E-01,2.2599869E+00
8.526682E-02,3.6827850E-01,2.2349625E+00
8.527010E-02,3.6713409E-01,2.2097092E+00
8.527337E-02,3.6484528E-01,2.1829300E+00
8.527665E-02,3.6270905E-01,2.1559219E+00
8.527993E-02,3.6042023E-01,2.1279221E+00
8.528320E-02,3.5851288E-01,2.0993881E+00
8.528648E-02,3.5668182E-01,2.0697098E+00
8.528976E-02,3.5439301E-01,2.0390396E+00
8.529303E-02,3.5172272E-01,2.0083694E+00
8.529631E-02,3.5004425E-01,1.9761734E+00
8.529959E-02,3.4790802E-01,1.9444351E+00
8.530286E-02,3.4577179E-01,1.9120865E+00
8.530614E-02,3.4394073E-01,1.8784409E+00
8.530942E-02,3.4249115E-01,1.8447189E+00
8.531269E-02,3.4020233E-01,1.8101578E+00
8.531597E-02,3.3798981E-01,1.7749100E+00
8.531925E-02,3.3554840E-01,1.7395096E+00
8.532252E-02,3.3501434E-01,1.7031174E+00
8.532580E-02,3.3142853E-01,1.6664963E+00
8.532908E-02,3.2990265E-01,1.6295700E+00
8.533236E-02,3.2837677E-01,1.5918808E+00
8.533563E-02,3.2563019E-01,1.5531235E+00
8.533891E-02,3.2318878E-01,1.5158157E+00
8.534219E-02,3.2105255E-01,1.4782028E+00
8.534546E-02,3.1914520E-01,1.4383774E+00
8.534874E-02,3.1716156E-01,1.3976364E+00
8.535202E-02,3.1502533E-01,1.3573532E+00
8.535529E-02,3.1227875E-01,1.3171463E+00
8.535857E-02,3.1014252E-01,1.2752609E+00
8.536185E-02,3.0838776E-01,1.2331467E+00
8.536512E-02,3.0678558E-01,1.1923294E+00
8.536840E-02,3.0472565E-01,1.1490707E+00
8.537168E-02,3.0304718E-01,1.1064224E+00
8.537495E-02,3.0159760E-01,1.0634689E+00
8.537823E-02,3.0014801E-01,1.0203629E+00
8.538151E-02,2.9831696E-01,9.7695160E-01
8.538478E-02,2.9686737E-01,9.3308258E-01
8.538806E-02,2.9496002E-01,8.8967133E-01
8.539134E-02,2.9343414E-01,8.4526825E-01
8.539461E-02,2.9106903E-01,8.0048370E-01
8.539789E-02,2.9022980E-01,7.5539398E-01
8.540117E-02,2.8816986E-01,7.1160126E-01
8.540444E-02,2.8672028E-01,6.6819000E-01
8.540772E-02,2.8519440E-01,6.2302399E-01
8.541100E-02,2.8336334E-01,5.7846832E-01
8.541428E-02,2.8145599E-01,5.3368378E-01
8.541755E-02,2.8046417E-01,4.9034882E-01
8.542083E-02,2.7947235E-01,4.4594574E-01
8.542411E-02,2.7825165E-01,4.0077972E-01
8.542738E-02,2.7718353E-01,3.5607147E-01
8.543066E-02,2.7512360E-01,3.1166840E-01
8.543394E-02,2.7420807E-01,2.6665497E-01
8.543721E-02,2.7275848E-01,2.2133636E-01
8.544049E-02,2.7199554E-01,1.7647552E-01
8.544377E-02,2.7024078E-01,1.3153839E-01
8.544704E-02,2.7016449E-01,8.7287903E-02
8.545032E-02,2.6940155E-01,4.2350769E-02
8.545360E-02,2.6749420E-01,-1.6708374E-03
8.545687E-02,2.6726532E-01,-4.5768738E-02
8.546015E-02,2.6642609E-01,-8.9942932E-02
8.546343E-02,2.6604462E-01,-1.3350677E-01
8.546670E-02,2.6467133E-01,-1.7714691E-01
8.546998E-02,2.6444244E-01,-2.2002411E-01
8.547326E-02,2.6337433E-01,-2.6313019E-01
8.547653E-02,2.6238251E-01,-3.0570221E-01
8.547981E-02,2.6238251E-01,-3.4796906E-01
8.548309E-02,2.6139069E-01,-3.9000702E-01
8.548636E-02,2.6085663E-01,-4.3097687E-01
8.548964E-02,2.6055145E-01,-4.7301483E-01
8.549292E-02,2.6047516E-01,-5.1421356E-01
8.549620E-02,2.5963593E-01,-5.5495453E-01
8.549947E-02,2.5910187E-01,-5.9508514E-01
8.550275E-02,2.5833893E-01,-6.3552094E-01
8.550603E-02,2.5841522E-01,-6.7458344E-01
8.550930E-02,2.5788116E-01,-7.1326447E-01
8.551258E-02,2.5757599E-01,-7.5270844E-01
8.551586E-02,2.5681305E-01,-7.9016876E-01
8.551913E-02,2.5711823E-01,-8.2785797E-01
8.552241E-02,2.5650787E-01,-8.6524200E-01
8.552569E-02,2.5643158E-01,-9.0163422E-01
8.552896E-02,2.5635529E-01,-9.3795013E-01
8.553224E-02,2.5536346E-01,-9.7312164E-01
8.553552E-02,2.5566864E-01,-1.0074539E+00
8.553879E-02,2.5574493E-01,-1.0418625E+00
8.554207E-02,2.5566864E-01,-1.0759659E+00
8.554535E-02,2.5589752E-01,-1.1092300E+00
8.554862E-02,2.5498199E-01,-1.1418076E+00
8.555190E-02,2.5482941E-01,-1.1722488E+00
8.555518E-02,2.5421906E-01,-1.2030716E+00
8.555845E-02,2.5467682E-01,-1.2334366E+00
8.556173E-02,2.5376129E-01,-1.2630386E+00
8.556501E-02,2.5399017E-01,-1.2920303E+00
8.556828E-02,2.5406647E-01,-1.3204880E+00
8.557156E-02,2.5475311E-01,-1.3471146E+00
8.557484E-02,2.5345612E-01,-1.3743515E+00
8.557812E-02,2.5399017E-01,-1.3994522E+00
8.558139E-02,2.5368500E-01,-1.4245529E+00
8.558467E-02,2.5429535E-01,-1.4482803E+00
8.558795E-02,2.5444794E-01,-1.4713974E+00
8.559122E-02,2.5406647E-01,-1.4935226E+00
8.559450E-02,2.5391388E-01,-1.5146561E+00
8.559778E-02,2.5452423E-01,-1.5360184E+00
8.560105E-02,2.5460052E-01,-1.5553970E+00
8.560433E-02,2.5482941E-01,-1.5738602E+00
8.560761E-02,2.5414276E-01,-1.5914841E+00
8.561088E-02,2.5421906E-01,-1.6082687E+00
8.561416E-02,2.5429535E-01,-1.6256638E+00
8.561744E-02,2.5460052E-01,-1.6416092E+00
8.562071E-02,2.5444794E-01,-1.6561813E+00
8.562399E-02,2.5406647E-01,-1.6701431E+00
8.562727E-02,2.5421906E-01,-1.6828079E+00
8.563054E-02,2.5414276E-01,-1.6950150E+00
8.563382E-02,2.5429535E-01,-1.7051620E+00
8.563710E-02,2.5490570E-01,-1.7147751E+00
8.564037E-02,2.5467682E-01,-1.7230911E+00
8.564365E-02,2.5429535E-01,-1.7314835E+00
8.564693E-02,2.5444794E-01,-1.7401810E+00
8.565020E-02,2.5421906E-01,-1.7472000E+00
8.565348E-02,2.5368500E-01,-1.7528458E+00
8.565676E-02,2.5391388E-01,-1.7586441E+00
8.566004E-02,2.5360870E-01,-1.7611618E+00
8.566331E-02,2.5467682E-01,-1.7639084E+00
8.566659E-02,2.5460052E-01,-1.7648239E+00
8.566987E-02,2.5429535E-01,-1.7652054E+00
8.567314E-02,2.5467682E-01,-1.7651291E+00
8.567642E-02,2.5376129E-01,-1.7641373E+00
8.567970E-02,2.5399017E-01,-1.7620773E+00
8.568297E-02,2.5383759E-01,-1.7591782E+00
8.568625E-02,2.5376129E-01,-1.7555161E+00
8.568953E-02,2.5444794E-01,-1.7504807E+00
8.569280E-02,2.5353241E-01,-1.7447586E+00
8.569608E-02,2.5368500E-01,-1.7375107E+00
8.569936E-02,2.5261688E-01,-1.7293472E+00
8.570263E-02,2.5193024E-01,-1.7208023E+00
8.570591E-02,2.5124359E-01,-1.7121048E+00
8.570919E-02,2.5154877E-01,-1.7029495E+00
8.571246E-02,2.5131989E-01,-1.6923447E+00
8.571574E-02,2.5131989E-01,-1.6796799E+00
8.571902E-02,2.5040436E-01,-1.6662521E+00
8.572229E-02,2.5032806E-01,-1.6522903E+00
8.572557E-02,2.5009918E-01,-1.6375656E+00
8.572885E-02,2.4964142E-01,-1.6211624E+00
8.573212E-02,2.5002289E-01,-1.6042252E+00
8.573540E-02,2.4895477E-01,-1.5876694E+00
8.573868E-02,2.4979401E-01,-1.5698166E+00
8.574196E-02,2.5055695E-01,-1.5506668E+00
8.574523E-02,2.4979401E-01,-1.5302963E+00
8.574851E-02,2.4994659E-01,-1.5103073E+00
8.575179E-02,2.5002289E-01,-1.4880295E+00
8.575506E-02,2.4941254E-01,-1.4660568E+00
8.575834E-02,2.4872589E-01,-1.4430923E+00
8.576162E-02,2.4773407E-01,-1.4183731E+00
8.576489E-02,2.4849701E-01,-1.3938828E+00
8.576817E-02,2.4872589E-01,-1.3671799E+00
8.577145E-02,2.4864960E-01,-1.3400192E+00
8.577472E-02,2.4887848E-01,-1.3128586E+00
8.577800E-02,2.4857330E-01,-1.2844009E+00
8.578128E-02,2.4887848E-01,-1.2548752E+00
8.578455E-02,2.4918365E-01,-1.2249680E+00
8.578783E-02,2.4925995E-01,-1.1947556E+00
8.579111E-02,2.4941254E-01,-1.1635513E+00
8.579438E-02,2.4964142E-01,-1.1320419E+00
8.579766E-02,2.4941254E-01,-1.0994644E+00
8.580094E-02,2.4887848E-01,-1.0656662E+00
8.580421E-02,2.4933624E-01,-1.0330887E+00
8.580749E-02,2.5009918E-01,-9.9883270E-01
8.581077E-02,2.5063324E-01,-9.6358490E-01
8.581404E-02,2.5017548E-01,-9.2803192E-01
8.581732E-02,2.5078583E-01,-8.9263153E-01
8.582060E-02,2.5185394E-01,-8.5501862E-01
8.582388E-02,2.5139618E-01,-8.1694794E-01
8.582715E-02,2.5154877E-01,-7.7986908E-01
8.583043E-02,2.5223541E-01,-7.4149323E-01
8.583371E-02,2.5231171E-01,-7.0311737E-01
8.583698E-02,2.5299835E-01,-6.6413116E-01
8.584026E-02,2.5337982E-01,-6.2461090E-01
8.584354E-02,2.5498199E-01,-5.8249664E-01
8.584681E-02,2.5536346E-01,-5.4343414E-01
8.585009E-02,2.5559235E-01,-5.0200653E-01
8.585337E-02,2.5627899E-01,-4.6134186E-01
8.585664E-02,2.5658417E-01,-4.1808319E-01
8.585992E-02,2.5833893E-01,-3.7650299E-01
8.586320E-02,2.5826263E-01,-3.3446503E-01
8.586647E-02,2.5849152E-01,-2.9311371E-01
8.586975E-02,2.5963593E-01,-2.5008392E-01
8.587303E-02,2.6024628E-01,-2.0652008E-01
8.587630E-02,2.6032257E-01,-1.6364288E-01
8.587958E-02,2.6192474E-01,-1.1962128E-01
8.588286E-02,2.6230621E-01,-7.6667786E-02
8.588613E-02,2.6352692E-01,-3.1654358E-02
8.588941E-02,2.6413727E-01,1.2519836E-02
8.589269E-02,2.6520538E-01,5.7228088E-02
8.589596E-02,2.6612091E-01,1.0163116E-01
8.589924E-02,2.6657867E-01,1.4641571E-01
8.590252E-02,2.6779938E-01,1.9097137E-01
8.590580E-02,2.6833344E-01,2.3575592E-01
8.590907E-02,2.6924896E-01,2.8061676E-01
8.591235E-02,2.7062225E-01,3.2601166E-01
8.591563E-02,2.7207184E-01,3.7056732E-01
8.591890E-02,2.7306366E-01,4.1611481E-01
8.592218E-02,2.7458954E-01,4.6044159E-01
8.592546E-02,2.7558136E-01,5.0469208E-01
8.592873E-02,2.7634430E-01,5.4825592E-01
8.593201E-02,2.7809906E-01,5.9220123E-01
8.593529E-02,2.7901459E-01,6.3675690E-01
8.593856E-02,2.8092194E-01,6.8108368E-01
8.594184E-02,2.8107452E-01,7.2525787E-01
8.594512E-02,2.8313446E-01,7.6981354E-01
8.594839E-02,2.8359222E-01,8.1497955E-01
8.595167E-02,2.8443146E-01,8.5854340E-01
8.595495E-02,2.8618622E-01,9.0294647E-01
8.595822E-02,2.8755951E-01,9.4757843E-01
8.596150E-02,2.8931427E-01,9.9045563E-01
8.596478E-02,2.9038239E-01,1.0344009E+00
8.596805E-02,2.9145050E-01,1.0779648E+00
8.597133E-02,2.9312897E-01,1.1209946E+00
8.597461E-02,2.9320526E-01,1.1629562E+00
8.597788E-02,2.9465485E-01,1.2049179E+00
8.598116E-02,2.9618073E-01,1.2460403E+00
8.598444E-02,2.9770660E-01,1.2876968E+00
8.598772E-02,2.9793549E-01,1.3285141E+00
8.599099E-02,2.9900360E-01,1.3694839E+00
8.599427E-02,3.0052948E-01,1.4096909E+00
8.599755E-02,3.0144501E-01,1.4498215E+00
8.600082E-02,3.0258942E-01,1.4893417E+00
8.600410E-02,3.0396271E-01,1.5278702E+00
8.600738E-02,3.0426788E-01,1.5647202E+00
8.601065E-02,3.0503082E-01,1.6038589E+00
8.601393E-02,3.0518341E-01,1.6411667E+00
8.601721E-02,3.0716705E-01,1.6787796E+00
8.602048E-02,3.0754852E-01,1.7150192E+00
8.602376E-02,3.0785370E-01,1.7515640E+00
8.602704E-02,3.0876923E-01,1.7866592E+00
8.603031E-02,3.0960846E-01,1.8225937E+00
8.603359E-02,3.0998993E-01,1.8559341E+00
8.603687E-02,3.1052399E-01,1.8900375E+00
8.604014E-02,3.1098175E-01,1.9229965E+00
8.604342E-02,3.1136322E-01,1.9558029E+00
8.604670E-02,3.1235504E-01,1.9872360E+00
8.604997E-02,3.1372833E-01,2.0187454E+00
8.605325E-02,3.1395721E-01,2.0511703E+00
8.605653E-02,3.1449127E-01,2.0810776E+00
8.605980E-02,3.1418610E-01,2.1098404E+00
8.606308E-02,3.1525421E-01,2.1372299E+00
8.606636E-02,3.1517792E-01,2.1653824E+00
8.606964E-02,3.1510162E-01,2.1923904E+00
8.607291E-02,3.1540680E-01,2.2184830E+00
8.607619E-02,3.1548309E-01,2.2434311E+00
8.607947E-02,3.1517792E-01,2.2681503E+00
8.608274E-02,3.1548309E-01,2.2933273E+00
8.608602E-02,3.1533051E-01,2.3162918E+00
8.608930E-02,3.1525421E-01,2.3375778E+00
8.609257E-02,3.1487274E-01,2.3587875E+00
8.609585E-02,3.1418610E-01,2.3800735E+00
8.609913E-02,3.1349945E-01,2.3998337E+00
8.610240E-02,3.1342316E-01,2.4192123E+00
8.610568E-02,3.1327057E-01,2.4376755E+00
8.610896E-02,3.1296539E-01,2.4554520E+00
8.611223E-02,3.1197357E-01,2.4723129E+00
8.611551E-02,3.1098175E-01,2.4882584E+00
8.611879E-02,3.0991364E-01,2.5024490E+00
8.612206E-02,3.0930328E-01,2.5164871E+00
8.612534E-02,3.0854034E-01,2.5283890E+00
8.612862E-02,3.0709076E-01,2.5419693E+00
8.613189E-02,3.0617523E-01,2.5521164E+00
8.613517E-02,3.0510712E-01,2.5611954E+00
8.613845E-02,3.0358124E-01,2.5714188E+00
8.614172E-02,3.0197906E-01,2.5797348E+00
8.614500E-02,3.0144501E-01,2.5876694E+00
8.614828E-02,2.9953766E-01,2.5942307E+00
8.615156E-02,2.9778290E-01,2.6004868E+00
8.615483E-02,2.9640961E-01,2.6043777E+00
8.615811E-02,2.9457855E-01,2.6089554E+00
8.616139E-02,2.9251862E-01,2.6120834E+00
8.616466E-02,2.9160309E-01,2.6149826E+00
8.616794E-02,2.8961945E-01,2.6159744E+00
8.617122E-02,2.8717804E-01,2.6164322E+00
8.617449E-02,2.8534698E-01,2.6156693E+00
8.617777E-02,2.8336334E-01,2.6138382E+00
8.618105E-02,2.8252411E-01,2.6118546E+00
8.618432E-02,2.8008270E-01,2.6087265E+00
8.618760E-02,2.7733612E-01,2.6038437E+00
8.619088E-02,2.7512360E-01,2.5994186E+00
8.619415E-02,2.7306366E-01,2.5929337E+00
8.619743E-02,2.7138519E-01,2.5856857E+00
8.620071E-02,2.6863861E-01,2.5781326E+00
8.620398E-02,2.6627350E-01,2.5695114E+00
8.620726E-02,2.6375580E-01,2.5602798E+00
8.621054E-02,2.6177216E-01,2.5502853E+00
8.621381E-02,2.5948334E-01,2.5382309E+00
8.621709E-02,2.5719452E-01,2.5260239E+00
8.622037E-02,2.5421906E-01,2.5123672E+00
8.622364E-02,2.5147247E-01,2.4987869E+00
8.622692E-02,2.4895477E-01,2.4836807E+00
8.623020E-02,2.4689484E-01,2.4675827E+00
8.623348E-02,2.4376678E-01,2.4512558E+00
8.623675E-02,2.4193573E-01,2.4334030E+00
8.624003E-02,2.3865509E-01,2.4141006E+00
8.624331E-02,2.3484039E-01,2.3959427E+00
8.624658E-02,2.3270416E-01,2.3761063E+00
8.624986E-02,2.3033905E-01,2.3555832E+00
8.625314E-02,2.2797394E-01,2.3330765E+00
8.625641E-02,2.2537994E-01,2.3110275E+00
8.625969E-02,2.2354889E-01,2.2879868E+00
8.626297E-02,2.2095490E-01,2.2637253E+00
8.626624E-02,2.1813202E-01,2.2377853E+00
8.626952E-02,2.1607208E-01,2.2126083E+00
8.627280E-02,2.1309662E-01,2.1870499E+00
8.627607E-02,2.0981598E-01,2.1589737E+00
8.627935E-02,2.0790863E-01,2.1311264E+00
8.628263E-02,2.0493317E-01,2.1029739E+00
8.628590E-02,2.0272064E-01,2.0739059E+00
8.628918E-02,1.9936371E-01,2.0427017E+00
8.629246E-02,1.9738007E-01,2.0119553E+00
8.629573E-02,1.9409943E-01,1.9797592E+00
8.629901E-02,1.9104767E-01,1.9485550E+00
8.630229E-02,1.8852997E-01,1.9153671E+00
8.630556E-02,1.8532562E-01,1.8827896E+00
8.630884E-02,1.8257904E-01,1.8491440E+00
8.631212E-02,1.8151093E-01,1.8138962E+00
8.631540E-02,1.7853546E-01,1.7798691E+00
8.631867E-02,1.7685699E-01,1.7438583E+00
8.632195E-02,1.7433929E-01,1.7085342E+00
8.632523E-02,1.7220306E-01,1.6725235E+00
8.632850E-02,1.6953278E-01,1.6345291E+00
8.633178E-02,1.6785431E-01,1.5974503E+00
8.633506E-02,1.6564178E-01,1.5584641E+00
8.633833E-02,1.6289520E-01,1.5204697E+00
8.634161E-02,1.6045380E-01,1.4820175E+00
8.634489E-02,1.5785980E-01,1.4424210E+00
8.634816E-02,1.5602875E-01,1.4025192E+00
8.635144E-02,1.5450287E-01,1.3622360E+00
8.635472E-02,1.5274811E-01,1.3207321E+00
8.635799E-02,1.5091705E-01,1.2802200E+00
8.636127E-02,1.4908600E-01,1.2392502E+00
8.636455E-02,1.4672089E-01,1.1972122E+00
8.636782E-02,1.4496613E-01,1.1544113E+00
8.637110E-02,1.4290619E-01,1.1126785E+00
8.637438E-02,1.4046478E-01,1.0689621E+00
8.637765E-02,1.3970184E-01,1.0266953E+00
8.638093E-02,1.3817596E-01,9.8366547E-01
8.638421E-02,1.3649750E-01,9.3964386E-01
8.638748E-02,1.3527679E-01,8.9455414E-01
8.639076E-02,1.3397980E-01,8.5106659E-01
8.639404E-02,1.3298798E-01,8.0780792E-01
8.639732E-02,1.3230133E-01,7.6271820E-01
8.640059E-02,1.3054657E-01,7.1846771E-01
8.640387E-02,1.2917328E-01,6.7475128E-01
8.640715E-02,1.2764740E-01,6.2950897E-01
8.641042E-02,1.2619781E-01,5.8480072E-01
8.641370E-02,1.2512970E-01,5.4039764E-01
8.641698E-02,1.2406158E-01,4.9706268E-01
8.642025E-02,1.2345123E-01,4.5227814E-01
8.642353E-02,1.2253571E-01,4.0749359E-01
8.642681E-02,1.2169647E-01,3.6309052E-01
8.643008E-02,1.2116241E-01,3.1807709E-01
8.643336E-02,1.2017059E-01,2.7291107E-01
8.643664E-02,1.1963654E-01,2.2812653E-01
8.643991E-02,1.1864471E-01,1.8357086E-01
8.644319E-02,1.1818695E-01,1.3825226E-01
8.644647E-02,1.1757660E-01,9.3315125E-02
8.644974E-02,1.1658478E-01,4.8683167E-02
8.645302E-02,1.1620331E-01,4.8904419E-03
8.645630E-02,1.1620331E-01,-3.9741516E-02
8.645957E-02,1.1536407E-01,-8.4754944E-02
8.646285E-02,1.1437225E-01,-1.2732697E-01
8.646613E-02,1.1467743E-01,-1.7073822E-01
8.646940E-02,1.1483002E-01,-2.1430206E-01
8.647268E-02,1.1429596E-01,-2.5771332E-01
8.647596E-02,1.1391449E-01,-3.0005646E-01
8.647924E-02,1.1360931E-01,-3.4163666E-01
8.648251E-02,1.1338043E-01,-3.8397980E-01
8.648579E-02,1.1254120E-01,-4.2601776E-01
8.648907E-02,1.1231232E-01,-4.6729279E-01
8.649234E-02,1.1231232E-01,-5.0917816E-01
8.649562E-02,1.1200714E-01,-5.4961395E-01
8.649890E-02,1.1162567E-01,-5.9004974E-01
8.650217E-02,1.1185455E-01,-6.3132477E-01
8.650545E-02,1.1154938E-01,-6.6970062E-01
8.650873E-02,1.1154938E-01,-7.0891571E-01
8.651200E-02,1.1093903E-01,-7.4614716E-01
8.651528E-02,1.1200714E-01,-7.8490448E-01
8.651856E-02,1.1154938E-01,-8.2221222E-01
8.652183E-02,1.1101532E-01,-8.6013031E-01
8.652511E-02,1.1147308E-01,-8.9583588E-01
8.652839E-02,1.1109161E-01,-9.3238068E-01
8.653166E-02,1.1132050E-01,-9.6823883E-01
8.653494E-02,1.1200714E-01,-1.0030289E+00
8.653822E-02,1.1177826E-01,-1.0369034E+00
8.654149E-02,1.1215973E-01,-1.0702438E+00
8.654477E-02,1.1185455E-01,-1.1039658E+00
8.654805E-02,1.1154938E-01,-1.1359329E+00
8.655132E-02,1.1177826E-01,-1.1668320E+00
8.655460E-02,1.1162567E-01,-1.1986465E+00
8.655788E-02,1.1132050E-01,-1.2291641E+00
8.656116E-02,1.1101532E-01,-1.2593002E+00
8.656443E-02,1.1116791E-01,-1.2876816E+00
8.656771E-02,1.1109161E-01,-1.3154526E+00
8.657099E-02,1.1025238E-01,-1.3426895E+00
8.657426E-02,1.1078644E-01,-1.3696976E+00
8.657754E-02,1.1032867E-01,-1.3955612E+00
8.658082E-02,1.1101532E-01,-1.4198227E+00
8.658409E-02,1.1048126E-01,-1.4443893E+00
8.658737E-02,1.1154938E-01,-1.4672012E+00
8.659065E-02,1.1078644E-01,-1.4908524E+00
8.659392E-02,1.1093903E-01,-1.5117569E+00
8.659720E-02,1.1132050E-01,-1.5318985E+00
8.660048E-02,1.1048126E-01,-1.5515823E+00
8.660375E-02,1.1116791E-01,-1.5697403E+00
8.660703E-02,1.1078644E-01,-1.5876694E+00
8.661031E-02,1.1063385E-01,-1.6055222E+00
8.661358E-02,1.1086273E-01,-1.6227646E+00
8.661686E-02,1.0994720E-01,-1.6390152E+00
8.662014E-02,1.0979462E-01,-1.6533585E+00
8.662341E-02,1.0964203E-01,-1.6673965E+00
8.662669E-02,1.0987091E-01,-1.6799088E+00
8.662997E-02,1.1009979E-01,-1.6927261E+00
8.663324E-02,1.0903168E-01,-1.7043991E+00
8.663652E-02,1.0872650E-01,-1.7136307E+00
8.663980E-02,1.0918427E-01,-1.7220230E+00
8.664308E-02,1.0910797E-01,-1.7303391E+00
8.664635E-02,1.0834503E-01,-1.7385025E+00
8.664963E-02,1.0781097E-01,-1.7449112E+00
8.665291E-02,1.0750580E-01,-1.7515488E+00
8.665618E-02,1.0704803E-01,-1.7570419E+00
8.665946E-02,1.0681915E-01,-1.7603226E+00
8.666274E-02,1.0689545E-01,-1.7629929E+00
8.666601E-02,1.0674286E-01,-1.7646713E+00
8.666929E-02,1.0628510E-01,-1.7662735E+00
8.667257E-02,1.0552216E-01,-1.7661972E+00
8.667584E-02,1.0559845E-01,-1.7651291E+00
8.667912E-02,1.0506439E-01,-1.7628403E+00
8.668240E-02,1.0498810E-01,-1.7601700E+00
8.668567E-02,1.0414886E-01,-1.7565079E+00
8.668895E-02,1.0437775E-01,-1.7511673E+00
8.669223E-02,1.0422516E-01,-1.7466660E+00
8.669550E-02,1.0315704E-01,-1.7397995E+00
8.669878E-02,1.0308075E-01,-1.7324753E+00
8.670206E-02,1.0300446E-01,-1.7243118E+00
8.670533E-02,1.0338593E-01,-1.7145462E+00
8.670861E-02,1.0262299E-01,-1.7058487E+00
8.671189E-02,1.0201263E-01,-1.6948624E+00
8.671516E-02,1.0262299E-01,-1.6819687E+00
8.671844E-02,1.0178375E-01,-1.6680832E+00
8.672172E-02,1.0224152E-01,-1.6548843E+00
8.672500E-02,1.0102081E-01,-1.6409225E+00
8.672827E-02,1.0178375E-01,-1.6242905E+00
8.673155E-02,1.0140228E-01,-1.6073532E+00
8.673483E-02,1.0155487E-01,-1.5904922E+00
8.673810E-02,1.0086823E-01,-1.5726395E+00
8.674138E-02,1.0071564E-01,-1.5544052E+00
8.674466E-02,1.0056305E-01,-1.5342636E+00
8.674793E-02,9.9952698E-02,-1.5134354E+00
8.675121E-02,1.0063934E-01,-1.4927597E+00
8.675449E-02,1.0079193E-01,-1.4694901E+00
8.675776E-02,9.9876404E-02,-1.4460678E+00
8.676104E-02,1.0002899E-01,-1.4216537E+00
8.676432E-02,9.9571228E-02,-1.3967819E+00
8.676759E-02,9.9723816E-02,-1.3715286E+00
8.677087E-02,9.9723816E-02,-1.3445969E+00
8.677415E-02,9.9647522E-02,-1.3170547E+00
8.677742E-02,9.9418640E-02,-1.2887497E+00
8.678070E-02,9.9800110E-02,-1.2610550E+00
8.678398E-02,9.9113464E-02,-1.2303085E+00
8.678725E-02,9.8045349E-02,-1.1997910E+00
8.679053E-02,9.8884583E-02,-1.1687393E+00
8.679381E-02,9.9494934E-02,-1.1368484E+00
8.679708E-02,9.9723816E-02,-1.1047287E+00
8.680036E-02,9.9647522E-02,-1.0723038E+00
8.680364E-02,9.8960876E-02,-1.0381241E+00
8.680692E-02,9.9876404E-02,-1.0046310E+00
8.681019E-02,9.8731995E-02,-9.7022247E-01
8.681347E-02,9.9647522E-02,-9.3444061E-01
8.681675E-02,1.0018158E-01,-8.9881134E-01
8.682002E-02,1.0025787E-01,-8.6234283E-01
8.682330E-02,1.0041046E-01,-8.2396698E-01
8.682658E-02,1.0086823E-01,-7.8765106E-01
8.682985E-02,1.0094452E-01,-7.4897003E-01
8.683313E-02,1.0163116E-01,-7.1036530E-01
8.683641E-02,1.0201263E-01,-6.7053986E-01
8.683968E-02,1.0330963E-01,-6.3170624E-01
8.684296E-02,1.0346222E-01,-5.9104156E-01
8.684624E-02,1.0353851E-01,-5.5075836E-01
8.684951E-02,1.0468292E-01,-5.1001740E-01
8.685279E-02,1.0430145E-01,-4.6851349E-01
8.685607E-02,1.0468292E-01,-4.2723846E-01
8.685934E-02,1.0514069E-01,-3.8619232E-01
8.686262E-02,1.0697174E-01,-3.4346771E-01
8.686590E-02,1.0651398E-01,-3.0059052E-01
8.686917E-02,1.0712433E-01,-2.5893402E-01
8.687245E-02,1.0796356E-01,-2.1582794E-01
8.687573E-02,1.0811615E-01,-1.7218781E-01
8.687900E-02,1.0895538E-01,-1.2816620E-01
8.688228E-02,1.0948944E-01,-8.4754944E-02
8.688556E-02,1.0979462E-01,-4.0962219E-02
8.688884E-02,1.0987091E-01,3.1356812E-03
8.689211E-02,1.1139679E-01,4.7309875E-02
8.689539E-02,1.1185455E-01,9.1636658E-02
8.689867E-02,1.1246490E-01,1.3718414E-01
8.690194E-02,1.1391449E-01,1.8189240E-01
8.690522E-02,1.1345673E-01,2.2682953E-01
8.690850E-02,1.1490631E-01,2.7222443E-01
8.691177E-02,1.1521149E-01,3.1761932E-01
8.691505E-02,1.1528778E-01,3.6248016E-01
8.691833E-02,1.1551666E-01,4.0688324E-01
8.692160E-02,1.1582184E-01,4.5235443E-01
8.692488E-02,1.1681366E-01,4.9668121E-01
8.692816E-02,1.1765289E-01,5.4009247E-01
8.693143E-02,1.1803436E-01,5.8411407E-01
8.693471E-02,1.1864471E-01,6.2912750E-01
8.693799E-02,1.1925507E-01,6.7398834E-01
8.694126E-02,1.1902618E-01,7.1732330E-01
8.694454E-02,1.1971283E-01,7.6134491E-01
8.694782E-02,1.2070465E-01,8.0635834E-01
8.695109E-02,1.2131500E-01,8.5091400E-01
8.695437E-02,1.2123871E-01,8.9470673E-01
8.695765E-02,1.2184906E-01,9.3918610E-01
8.696092E-02,1.2215424E-01,9.8358917E-01
8.696420E-02,1.2230682E-01,1.0266953E+00
8.696748E-02,1.2276459E-01,1.0699539E+00
8.697076E-02,1.2230682E-01,1.1125259E+00
8.697403E-02,1.2245941E-01,1.1553268E+00
8.697731E-02,1.2314606E-01,1.1972122E+00
8.698059E-02,1.2261200E-01,1.2399368E+00
8.698386E-02,1.2215424E-01,1.2810593E+00
8.698714E-02,1.2276459E-01,1.3218002E+00
8.699042E-02,1.2207794E-01,1.3635330E+00
8.699369E-02,1.2253571E-01,1.4039688E+00
8.699697E-02,1.2291718E-01,1.4439468E+00
8.700025E-02,1.2192535E-01,1.4835434E+00
8.700352E-02,1.2245941E-01,1.5223007E+00
8.700680E-02,1.2200165E-01,1.5602951E+00
8.701008E-02,1.2116241E-01,1.5985184E+00
8.701335E-02,1.2062836E-01,1.6359787E+00
8.701663E-02,1.2108612E-01,1.6731339E+00
8.701991E-02,1.2024689E-01,1.7090683E+00
8.702318E-02,1.2039948E-01,1.7462234E+00
8.702646E-02,1.1887360E-01,1.7812424E+00
8.702974E-02,1.1833954E-01,1.8156509E+00
8.703301E-02,1.1704254E-01,1.8510513E+00
8.703629E-02,1.1605072E-01,1.8840866E+00
8.703957E-02,1.1612701E-01,1.9168930E+00
8.704284E-02,1.1421967E-01,1.9504623E+00
8.704612E-02,1.1383820E-01,1.9823532E+00
8.704940E-02,1.1223602E-01,2.0140915E+00
8.705268E-02,1.1147308E-01,2.0446091E+00
8.705595E-02,1.1002350E-01,2.0741348E+00
8.705923E-02,1.0872650E-01,2.1038895E+00
8.706251E-02,1.0765839E-01,2.1324234E+00
8.706578E-02,1.0620880E-01,2.1599655E+00
8.706906E-02,1.0460663E-01,2.1872025E+00
8.707234E-02,1.0323334E-01,2.2134476E+00
8.707561E-02,1.0140228E-01,2.2386246E+00
8.707889E-02,9.9189758E-02,2.2638779E+00
8.708217E-02,9.8197937E-02,2.2886734E+00
8.708544E-02,9.5909119E-02,2.3116379E+00
8.708872E-02,9.3772888E-02,2.3339157E+00
8.709200E-02,9.1865540E-02,2.3559647E+00
8.709527E-02,8.9805603E-02,2.3764877E+00
8.709855E-02,8.8508606E-02,2.3961716E+00
8.710183E-02,8.5609436E-02,2.4151688E+00
8.710510E-02,8.3930969E-02,2.4340897E+00
8.710838E-02,8.1642151E-02,2.4520950E+00
8.711166E-02,7.8666687E-02,2.4679642E+00
8.711493E-02,7.7293396E-02,2.4836807E+00
8.711821E-02,7.4317932E-02,2.4985580E+00
8.712149E-02,7.1723938E-02,2.5119858E+00
8.712476E-02,6.9053650E-02,2.5250320E+00
8.712804E-02,6.7604065E-02,2.5382309E+00
8.713132E-02,6.5086365E-02,2.5489883E+00
8.713460E-02,6.3102722E-02,2.5602036E+00
8.713787E-02,6.0279846E-02,2.5689011E+00
8.714115E-02,5.7075500E-02,2.5766068E+00
8.714443E-02,5.4634094E-02,2.5840073E+00
8.714770E-02,5.2192688E-02,2.5920944E+00
8.715098E-02,4.9369812E-02,2.5976639E+00
8.715426E-02,4.6165466E-02,2.6034622E+00
8.715753E-02,4.3647766E-02,2.6075058E+00
8.716081E-02,4.0824890E-02,2.6100235E+00
8.716409E-02,3.7544250E-02,2.6135330E+00
8.716736E-02,3.4034729E-02,2.6155167E+00
8.717064E-02,3.1593323E-02,2.6158218E+00
8.717392E-02,2.8694153E-02,2.6149063E+00
8.717719E-02,2.6176453E-02,2.6136093E+00
8.718047E-02,2.3277283E-02,2.6107864E+00
8.718375E-02,2.0301819E-02,2.6081161E+00
8.718702E-02,1.6868591E-02,2.6041489E+00
8.719030E-02,1.4350891E-02,2.5991898E+00
8.719358E-02,1.1146545E-02,2.5934677E+00
8.719685E-02,8.3999634E-03,2.5863724E+00
8.720013E-02,5.1193237E-03,2.5784378E+00
8.720341E-02,2.2201538E-03,2.5700455E+00
8.720668E-02,-6.7901611E-04,2.5611954E+00
8.720996E-02,-4.4174194E-03,2.5511246E+00
8.721324E-02,-7.8506470E-03,2.5398331E+00
8.721652E-02,-1.0826111E-02,2.5277786E+00
8.721979E-02,-1.3648987E-02,2.5141220E+00
8.722307E-02,-1.6548157E-02,2.5002365E+00
8.722635E-02,-1.9981384E-02,2.4859695E+00
8.722962E-02,-2.2422791E-02,2.4702530E+00
8.723290E-02,-2.4864197E-02,2.4534683E+00
8.723618E-02,-2.8831482E-02,2.4361496E+00
8.723945E-02,-3.1806946E-02,2.4182205E+00
8.724273E-02,-3.3790588E-02,2.3985367E+00
8.724601E-02,-3.7376404E-02,2.3785477E+00
8.724928E-02,-3.9817810E-02,2.3582535E+00
8.725256E-02,-4.3022156E-02,2.3362808E+00
8.725584E-02,-4.6150208E-02,2.3146133E+00
8.725911E-02,-4.8515320E-02,2.2913437E+00
8.726239E-02,-5.0804138E-02,2.2672348E+00
8.726567E-02,-5.3855896E-02,2.2419815E+00
8.726894E-02,-5.6144714E-02,2.2158890E+00
8.727222E-02,-5.8357239E-02,2.1910172E+00
8.727550E-02,-5.9883118E-02,2.1635513E+00
8.727877E-02,-6.3392639E-02,2.1361618E+00
8.728205E-02,-6.5299988E-02,2.1073990E+00
8.728533E-02,-6.8199158E-02,2.0783310E+00
8.728860E-02,-6.9953918E-02,2.0481949E+00
8.729188E-02,-7.2013855E-02,2.0179062E+00
8.729516E-02,-7.4226379E-02,1.9857864E+00
8.729844E-02,-7.6972961E-02,1.9536667E+00
8.730171E-02,-7.8727722E-02,1.9216995E+00
8.730499E-02,-8.0329895E-02,1.8888931E+00
8.730827E-02,-8.2923889E-02,1.8558578E+00
8.731154E-02,-8.3992004E-02,1.8212967E+00
8.731482E-02,-8.6128235E-02,1.7860489E+00
8.731810E-02,-8.8111877E-02,1.7508774E+00
8.732137E-02,-8.8874817E-02,1.7143326E+00
8.732465E-02,-9.1011047E-02,1.6787033E+00
8.732793E-02,-9.3223572E-02,1.6413956E+00
8.733120E-02,-9.3986511E-02,1.6045456E+00
8.733448E-02,-9.6504211E-02,1.5654068E+00
8.733776E-02,-9.7190857E-02,1.5269547E+00
8.734103E-02,-9.8564148E-02,1.4891129E+00
8.734431E-02,-1.0047150E-01,1.4498215E+00
8.734759E-02,-1.0153961E-01,1.4093094E+00
8.735086E-02,-1.0314178E-01,1.3693314E+00
8.735414E-02,-1.0375214E-01,1.3283615E+00
8.735742E-02,-1.0573578E-01,1.2876205E+00
8.736069E-02,-1.0642242E-01,1.2468796E+00
8.736397E-02,-1.0672760E-01,1.2043839E+00
8.736725E-02,-1.0855865E-01,1.1620407E+00
8.737052E-02,-1.0855865E-01,1.1200027E+00
8.737380E-02,-1.0939789E-01,1.0770493E+00
8.737708E-02,-1.0993195E-01,1.0349350E+00
8.738036E-02,-1.1092377E-01,9.9106598E-01
8.738363E-02,-1.1199188E-01,9.4704437E-01
8.738691E-02,-1.1260223E-01,9.0317535E-01
8.739019E-02,-1.1298370E-01,8.5923004E-01
8.739346E-02,-1.1382294E-01,8.1414032E-01
8.739674E-02,-1.1450958E-01,7.6950836E-01
8.740002E-02,-1.1481476E-01,7.2480011E-01
8.740329E-02,-1.1534882E-01,6.8146515E-01
8.740657E-02,-1.1588287E-01,6.3622284E-01
8.740985E-02,-1.1672211E-01,5.9151459E-01
8.741312E-02,-1.1595917E-01,5.4741669E-01
8.741640E-02,-1.1725616E-01,5.0408173E-01
8.741968E-02,-1.1641693E-01,4.5975494E-01
8.742295E-02,-1.1656952E-01,4.1542816E-01
8.742623E-02,-1.1740875E-01,3.7102509E-01
8.742951E-02,-1.1763763E-01,3.2540131E-01
8.743278E-02,-1.1695099E-01,2.8023529E-01
8.743606E-02,-1.1664581E-01,2.3545074E-01
8.743934E-02,-1.1641693E-01,1.9081879E-01
8.744261E-02,-1.1656952E-01,1.4641571E-01
8.744589E-02,-1.1725616E-01,1.0094452E-01
8.744917E-02,-1.1748505E-01,5.7609558E-02
8.745244E-02,-1.1641693E-01,1.3053894E-02
8.745572E-02,-1.1725616E-01,-3.0891418E-02
8.745900E-02,-1.1672211E-01,-7.5294495E-02
8.746228E-02,-1.1611176E-01,-1.1908722E-01
8.746555E-02,-1.1641693E-01,-1.6280365E-01
8.746883E-02,-1.1641693E-01,-2.0690155E-01
8.747211E-02,-1.1618805E-01,-2.4970245E-01
8.747538E-02,-1.1573029E-01,-2.9265594E-01
8.747866E-02,-1.1550140E-01,-3.3461761E-01
8.748194E-02,-1.1511993E-01,-3.7688446E-01
8.748521E-02,-1.1527252E-01,-4.1861725E-01
8.748849E-02,-1.1557770E-01,-4.5981598E-01
8.749177E-02,-1.1443329E-01,-5.0070953E-01
8.749504E-02,-1.1412811E-01,-5.4145050E-01
8.749832E-02,-1.1412811E-01,-5.8165741E-01
8.750160E-02,-1.1382294E-01,-6.2293243E-01
8.750487E-02,-1.1397552E-01,-6.6275787E-01
8.750815E-02,-1.1328888E-01,-7.0082855E-01
8.751143E-02,-1.1367035E-01,-7.4050140E-01
8.751470E-02,-1.1336517E-01,-7.7849579E-01
8.751798E-02,-1.1306000E-01,-8.1595612E-01
8.752126E-02,-1.1275482E-01,-8.5356903E-01
8.752453E-02,-1.1229706E-01,-8.9049530E-01
8.752781E-02,-1.1206818E-01,-9.2665863E-01
8.753109E-02,-1.1237335E-01,-9.6236420E-01
8.753436E-02,-1.1214447E-01,-9.9723053E-01
8.753764E-02,-1.1260223E-01,-1.0326309E+00
8.754092E-02,-1.1298370E-01,-1.0655136E+00
8.754420E-02,-1.1191559E-01,-1.0996170E+00
8.754747E-02,-1.1275482E-01,-1.1318893E+00
8.755075E-02,-1.1260223E-01,-1.1640854E+00
8.755403E-02,-1.1206818E-01,-1.1944504E+00
8.755730E-02,-1.1161041E-01,-1.2246628E+00
8.756058E-02,-1.1122894E-01,-1.2546463E+00
8.756386E-02,-1.1176300E-01,-1.2844009E+00
8.756713E-02,-1.1168671E-01,-1.3107986E+00
8.757041E-02,-1.1161041E-01,-1.3386459E+00
8.757369E-02,-1.1115265E-01,-1.3651199E+00
8.757696E-02,-1.1115265E-01,-1.3906021E+00
8.758024E-02,-1.1153412E-01,-1.4158554E+00
8.758352E-02,-1.1092377E-01,-1.4406509E+00
8.758679E-02,-1.1130524E-01,-1.4639206E+00
8.759007E-02,-1.1176300E-01,-1.4857407E+00
8.759335E-02,-1.1138153E-01,-1.5088577E+00
8.759662E-02,-1.1161041E-01,-1.5299149E+00
8.759990E-02,-1.1084747E-01,-1.5487595E+00
8.760318E-02,-1.1069489E-01,-1.5676041E+00
8.760645E-02,-1.1130524E-01,-1.5859146E+00
8.760973E-02,-1.1130524E-01,-1.6030807E+00
8.761301E-02,-1.1214447E-01,-1.6209335E+00
8.761628E-02,-1.1206818E-01,-1.6368027E+00
8.761956E-02,-1.1306000E-01,-1.6518326E+00
8.762284E-02,-1.1328888E-01,-1.6667099E+00
8.762612E-02,-1.1397552E-01,-1.6789932E+00
8.762939E-02,-1.1328888E-01,-1.6914291E+00
8.763267E-02,-1.1397552E-01,-1.7033310E+00
8.763595E-02,-1.1519623E-01,-1.7124863E+00
8.763922E-02,-1.1527252E-01,-1.7219467E+00
8.764250E-02,-1.1511993E-01,-1.7307205E+00
8.764578E-02,-1.1580658E-01,-1.7382736E+00
8.764905E-02,-1.1656952E-01,-1.7454453E+00
8.765233E-02,-1.1649323E-01,-1.7510910E+00
8.765561E-02,-1.1672211E-01,-1.7565079E+00
8.765888E-02,-1.1763763E-01,-1.7600174E+00
8.766216E-02,-1.1763763E-01,-1.7628403E+00
8.766544E-02,-1.1763763E-01,-1.7641373E+00
8.766871E-02,-1.1832428E-01,-1.7665787E+00
8.767199E-02,-1.1885834E-01,-1.7671127E+00
8.767527E-02,-1.1923981E-01,-1.7667313E+00
8.767854E-02,-1.1916351E-01,-1.7643661E+00
8.768182E-02,-1.2038422E-01,-1.7624588E+00
8.768510E-02,-1.2007904E-01,-1.7584915E+00
8.768837E-02,-1.2038422E-01,-1.7536850E+00
8.769165E-02,-1.2084198E-01,-1.7478867E+00
8.769493E-02,-1.2023163E-01,-1.7404099E+00
8.769820E-02,-1.2183380E-01,-1.7339249E+00
8.770148E-02,-1.2152863E-01,-1.7255325E+00
8.770476E-02,-1.2236786E-01,-1.7176743E+00
8.770804E-02,-1.2198639E-01,-1.7076035E+00
8.771131E-02,-1.2198639E-01,-1.6961594E+00
8.771459E-02,-1.2213898E-01,-1.6843338E+00
8.771787E-02,-1.2229156E-01,-1.6718216E+00
8.772114E-02,-1.2374115E-01,-1.6580887E+00
8.772442E-02,-1.2313080E-01,-1.6432877E+00
8.772770E-02,-1.2320709E-01,-1.6274948E+00
8.773097E-02,-1.2351227E-01,-1.6115494E+00
8.773425E-02,-1.2427521E-01,-1.5944595E+00
8.773753E-02,-1.2534332E-01,-1.5765305E+00
8.774080E-02,-1.2526703E-01,-1.5584488E+00
8.774408E-02,-1.2511444E-01,-1.5388412E+00
8.774736E-02,-1.2458038E-01,-1.5183182E+00
8.775063E-02,-1.2480927E-01,-1.4964981E+00
8.775391E-02,-1.2519073E-01,-1.4739151E+00
8.775719E-02,-1.2572479E-01,-1.4514847E+00
8.776046E-02,-1.2587738E-01,-1.4270706E+00
8.776374E-02,-1.2572479E-01,-1.4016647E+00
8.776702E-02,-1.2557220E-01,-1.3770981E+00
8.777029E-02,-1.2572479E-01,-1.3492508E+00
8.777357E-02,-1.2572479E-01,-1.3229294E+00
8.777685E-02,-1.2496185E-01,-1.2943954E+00
8.778012E-02,-1.2587738E-01,-1.2654800E+00
8.778340E-02,-1.2618256E-01,-1.2351151E+00
8.778668E-02,-1.2595367E-01,-1.2057419E+00
8.778996E-02,-1.2503815E-01,-1.1751480E+00
8.779323E-02,-1.2557220E-01,-1.1442490E+00
8.779651E-02,-1.2534332E-01,-1.1123581E+00
8.779979E-02,-1.2534332E-01,-1.0788651E+00
8.780306E-02,-1.2526703E-01,-1.0447617E+00
8.780634E-02,-1.2526703E-01,-1.0114975E+00
8.780962E-02,-1.2557220E-01,-9.7686005E-01
8.781289E-02,-1.2480927E-01,-9.4107819E-01
8.781617E-02,-1.2526703E-01,-9.0552521E-01
8.781945E-02,-1.2511444E-01,-8.6821747E-01
8.782272E-02,-1.2488556E-01,-8.3152008E-01
8.782600E-02,-1.2465668E-01,-7.9344940E-01
8.782928E-02,-1.2488556E-01,-7.5530243E-01
8.783255E-02,-1.2511444E-01,-7.1707916E-01
8.783583E-02,-1.2404633E-01,-6.7816925E-01
8.783911E-02,-1.2450409E-01,-6.3918304E-01
8.784238E-02,-1.2465668E-01,-5.9851837E-01
8.784566E-02,-1.2389374E-01,-5.5861664E-01
8.784894E-02,-1.2374115E-01,-5.1833344E-01
8.785221E-02,-1.2320709E-01,-4.7606659E-01
8.785549E-02,-1.2221527E-01,-4.3387604E-01
8.785877E-02,-1.2305450E-01,-3.9305878E-01
8.786204E-02,-1.2244415E-01,-3.5102081E-01
8.786532E-02,-1.2244415E-01,-3.0928802E-01
8.786860E-02,-1.2175751E-01,-2.6671600E-01
8.787188E-02,-1.2221527E-01,-2.2338104E-01
8.787515E-02,-1.2274933E-01,-1.7989349E-01
8.787843E-02,-1.2290192E-01,-1.3564301E-01
8.788171E-02,-1.2274933E-01,-9.2384338E-02
8.788498E-02,-1.2236786E-01,-4.8515320E-02
8.788826E-02,-1.2274933E-01,-4.0359497E-03
8.789154E-02,-1.2297821E-01,4.0290833E-02
8.789481E-02,-1.2259674E-01,8.3549500E-02
8.789809E-02,-1.2267303E-01,1.2856293E-01
8.790137E-02,-1.2229156E-01,1.7403412E-01
8.790464E-02,-1.2267303E-01,2.1874237E-01
8.790792E-02,-1.2297821E-01,2.6390839E-01
8.791120E-02,-1.2290192E-01,3.0869293E-01
8.791447E-02,-1.2297821E-01,3.5424042E-01
8.791775E-02,-1.2335968E-01,3.9803314E-01
8.792103E-02,-1.2305450E-01,4.4464874E-01
8.792430E-02,-1.2259674E-01,4.8874664E-01
8.792758E-02,-1.2282562E-01,5.3170013E-01
8.793086E-02,-1.2381744E-01,5.7656097E-01
8.793413E-02,-1.2442780E-01,6.2020111E-01
8.793741E-02,-1.2450409E-01,6.6506195E-01
8.794069E-02,-1.2534332E-01,7.0847321E-01
8.794396E-02,-1.2503815E-01,7.5302887E-01
8.794724E-02,-1.2587738E-01,7.9727936E-01
8.795052E-02,-1.2740326E-01,8.4214020E-01
8.795380E-02,-1.2801361E-01,8.8616180E-01
8.795707E-02,-1.2915802E-01,9.3094635E-01
8.796035E-02,-1.2915802E-01,9.7428131E-01
8.796363E-02,-1.3091278E-01,1.0177689E+00
8.796690E-02,-1.3083649E-01,1.0611801E+00
8.797018E-02,-1.3251495E-01,1.1039047E+00
8.797346E-02,-1.3266754E-01,1.1467056E+00
8.797673E-02,-1.3381195E-01,1.1887436E+00
8.798001E-02,-1.3541412E-01,1.2301712E+00
8.798329E-02,-1.3632965E-01,1.2721329E+00
8.798656E-02,-1.3724518E-01,1.3131027E+00
8.798984E-02,-1.3930511E-01,1.3538437E+00
8.799312E-02,-1.4014435E-01,1.3949661E+00
8.799639E-02,-1.4144135E-01,1.4360123E+00
8.799967E-02,-1.4212799E-01,1.4757614E+00
8.800295E-02,-1.4334869E-01,1.5138321E+00
8.800622E-02,-1.4464569E-01,1.5510635E+00
8.800950E-02,-1.4640045E-01,1.5896683E+00
8.801278E-02,-1.4785004E-01,1.6274338E+00
8.801605E-02,-1.5021515E-01,1.6639786E+00
8.801933E-02,-1.5128326E-01,1.7013626E+00
8.802261E-02,-1.5326691E-01,1.7379837E+00
8.802588E-02,-1.5471649E-01,1.7732315E+00
8.802916E-02,-1.5715790E-01,1.8087082E+00
8.803244E-02,-1.5906525E-01,1.8437271E+00
8.803572E-02,-1.6074371E-01,1.8768387E+00
8.803899E-02,-1.6272736E-01,1.9107132E+00
8.804227E-02,-1.6455841E-01,1.9440536E+00
8.804555E-02,-1.6707611E-01,1.9750290E+00
8.804882E-02,-1.6944122E-01,2.0063858E+00
8.805210E-02,-1.7134857E-01,2.0374374E+00
8.805538E-02,-1.7386627E-01,2.0674973E+00
8.805865E-02,-1.7707062E-01,2.0970230E+00
8.806193E-02,-1.7935944E-01,2.1262436E+00
8.806521E-02,-1.8218231E-01,2.1541672E+00
8.806848E-02,-1.8531036E-01,2.1807938E+00
8.807176E-02,-1.8752289E-01,2.2062759E+00
8.807504E-02,-1.8996429E-01,2.2323685E+00
8.807831E-02,-1.9225311E-01,2.2578506E+00
8.808159E-02,-1.9507599E-01,2.2823410E+00
8.808487E-02,-1.9774628E-01,2.3061447E+00
8.808814E-02,-2.0056915E-01,2.3275833E+00
8.809142E-02,-2.0362091E-01,2.3499374E+00
8.809470E-02,-2.0659637E-01,2.3714523E+00
8.809797E-02,-2.0858002E-01,2.3910599E+00
8.810125E-02,-2.1140289E-01,2.4102097E+00
8.810453E-02,-2.1407318E-01,2.4292831E+00
8.810780E-02,-2.1750641E-01,2.4483566E+00
8.811108E-02,-2.2010040E-01,2.4646835E+00
8.811436E-02,-2.2353363E-01,2.4807816E+00
8.811764E-02,-2.2582245E-01,2.4956589E+00
8.812091E-02,-2.2841644E-01,2.5094681E+00
8.812419E-02,-2.3169708E-01,2.5227432E+00
8.812747E-02,-2.3474884E-01,2.5348740E+00
8.813074E-02,-2.3764801E-01,2.5470810E+00
8.813402E-02,-2.4092865E-01,2.5570755E+00
8.813730E-02,-2.4436188E-01,2.5664597E+00
8.814057E-02,-2.4741364E-01,2.5756149E+00
8.814385E-02,-2.5107574E-01,2.5829391E+00
8.814713E-02,-2.5351715E-01,2.5895004E+00
8.815040E-02,-2.5664520E-01,2.5958328E+00
8.815368E-02,-2.5908661E-01,2.6007156E+00
8.815696E-02,-2.6213837E-01,2.6052933E+00
8.816023E-02,-2.6488495E-01,2.6086502E+00
8.816351E-02,-2.6786041E-01,2.6114731E+00
8.816679E-02,-2.7037811E-01,2.6137619E+00
8.817006E-02,-2.7304840E-01,2.6131516E+00
8.817334E-02,-2.7678680E-01,2.6133804E+00
8.817662E-02,-2.7915192E-01,2.6123886E+00
8.817989E-02,-2.8166962E-01,2.6098709E+00
8.818317E-02,-2.8479767E-01,2.6062851E+00
8.818645E-02,-2.8739166E-01,2.6036148E+00
8.818972E-02,-2.8990936E-01,2.5991135E+00
8.819300E-02,-2.9265594E-01,2.5940018E+00
8.819628E-02,-2.9502106E-01,2.5865250E+00
8.819956E-02,-2.9807281E-01,2.5786667E+00
8.820283E-02,-3.0020905E-01,2.5705032E+00
8.820611E-02,-3.0249786E-01,2.5609665E+00
8.820939E-02,-3.0547333E-01,2.5518875E+00
8.821266E-02,-3.0806732E-01,2.5399857E+00
8.821594E-02,-3.1020355E-01,2.5283890E+00
8.821922E-02,-3.1127167E-01,2.5147324E+00
8.822249E-02,-3.1462860E-01,2.5011520E+00
8.822577E-02,-3.1676483E-01,2.4865036E+00
8.822905E-02,-3.1951141E-01,2.4714737E+00
8.823232E-02,-3.2126617E-01,2.4555283E+00
8.823560E-02,-3.2386017E-01,2.4380569E+00
8.823888E-02,-3.2546234E-01,2.4182205E+00
8.824215E-02,-3.2744598E-01,2.3994522E+00
8.824543E-02,-3.2988739E-01,2.3809891E+00
8.824871E-02,-3.3095551E-01,2.3606949E+00
8.825198E-02,-3.3316803E-01,2.3381119E+00
8.825526E-02,-3.3469391E-01,2.3166733E+00
8.825854E-02,-3.3637238E-01,2.2939377E+00
8.826181E-02,-3.3789825E-01,2.2700577E+00
8.826509E-02,-3.3911896E-01,2.2450333E+00
8.826837E-02,-3.4095001E-01,2.2194748E+00
8.827164E-02,-3.4171295E-01,2.1934586E+00
8.827492E-02,-3.4339142E-01,2.1663742E+00
8.827820E-02,-3.4438324E-01,2.1392899E+00
8.828148E-02,-3.4514618E-01,2.1112900E+00
8.828475E-02,-3.4651947E-01,2.0822220E+00
8.828803E-02,-3.4827423E-01,2.0522385E+00
8.829131E-02,-3.4941864E-01,2.0218735E+00
8.829458E-02,-3.5079193E-01,1.9909744E+00
8.829786E-02,-3.5132599E-01,1.9584732E+00
8.830114E-02,-3.5163116E-01,1.9258957E+00
8.830441E-02,-3.5300446E-01,1.8939285E+00
8.830769E-02,-3.5384369E-01,1.8599777E+00
8.831097E-02,-3.5384369E-01,1.8251114E+00
8.831424E-02,-3.5514069E-01,1.7907791E+00
8.831752E-02,-3.5582733E-01,1.7547684E+00
8.832080E-02,-3.5620880E-01,1.7182999E+00
8.832407E-02,-3.5666656E-01,1.6825943E+00
8.832735E-02,-3.5674286E-01,1.6457443E+00
8.833063E-02,-3.5689545E-01,1.6086655E+00
8.833390E-02,-3.5689545E-01,1.5705185E+00
8.833718E-02,-3.5666656E-01,1.5318375E+00
8.834046E-02,-3.5781097E-01,1.4948349E+00
8.834373E-02,-3.5796356E-01,1.4554672E+00
8.834701E-02,-3.5712433E-01,1.4157944E+00
8.835029E-02,-3.5704803E-01,1.3750534E+00
8.835356E-02,-3.5727692E-01,1.3340836E+00
8.835684E-02,-3.5750580E-01,1.2933426E+00
8.836012E-02,-3.5704803E-01,1.2524490E+00
8.836340E-02,-3.5765839E-01,1.2107162E+00
8.836667E-02,-3.5720062E-01,1.1684494E+00
8.836995E-02,-3.5659027E-01,1.1262589E+00
8.837323E-02,-3.5666656E-01,1.0839157E+00
8.837650E-02,-3.5750580E-01,1.0410385E+00
8.837978E-02,-3.5666656E-01,9.9739838E-01
8.838306E-02,-3.5575104E-01,9.5406342E-01
8.838633E-02,-3.5575104E-01,9.0920258E-01
8.838961E-02,-3.5491180E-01,8.6556244E-01
8.839289E-02,-3.5346222E-01,8.2032013E-01
8.839616E-02,-3.5338593E-01,7.7744293E-01
8.839944E-02,-3.5315704E-01,7.3235321E-01
8.840272E-02,-3.5269928E-01,6.8871307E-01
8.840599E-02,-3.5193634E-01,6.4438629E-01
8.840927E-02,-3.5224152E-01,5.9929657E-01
8.841255E-02,-3.5117340E-01,5.5565643E-01
8.841582E-02,-3.5033417E-01,5.1132965E-01
8.841910E-02,-3.4972382E-01,4.6715546E-01
8.842238E-02,-3.4850311E-01,4.2137909E-01
8.842565E-02,-3.4781647E-01,3.7766266E-01
8.842893E-02,-3.4804535E-01,3.3249664E-01
8.843221E-02,-3.4728241E-01,2.8824615E-01
8.843548E-02,-3.4537506E-01,2.4300385E-01
8.843876E-02,-3.4453583E-01,1.9814301E-01
8.844204E-02,-3.4529877E-01,1.5328217E-01
8.844532E-02,-3.4415436E-01,1.0803986E-01
8.844859E-02,-3.4285736E-01,6.3484192E-02
8.845187E-02,-3.4247589E-01,1.9462585E-02
8.845515E-02,-3.4148407E-01,-2.5016785E-02
8.845842E-02,-3.4133148E-01,-6.8275452E-02
8.846170E-02,-3.4064484E-01,-1.1306000E-01
8.846498E-02,-3.3957672E-01,-1.5647125E-01
8.846825E-02,-3.3927155E-01,-2.0072174E-01
8.847153E-02,-3.3873749E-01,-2.4337006E-01
8.847481E-02,-3.3835602E-01,-2.8670502E-01
8.847808E-02,-3.3797455E-01,-3.2782745E-01
8.848136E-02,-3.3774567E-01,-3.7085724E-01
8.848464E-02,-3.3652496E-01,-4.1243744E-01
8.848791E-02,-3.3660126E-01,-4.5363617E-01
8.849119E-02,-3.3583832E-01,-4.9445343E-01
8.849447E-02,-3.3522797E-01,-5.3588104E-01
8.849774E-02,-3.3400726E-01,-5.7593536E-01
8.850102E-02,-3.3332062E-01,-6.1728668E-01
8.850430E-02,-3.3164215E-01,-6.5627289E-01
8.850757E-02,-3.3240509E-01,-6.9548798E-01
8.851085E-02,-3.3202362E-01,-7.3439789E-01
8.851413E-02,-3.3271027E-01,-7.7193451E-01
8.851740E-02,-3.3133698E-01,-8.0962372E-01
8.852068E-02,-3.3171844E-01,-8.4685516E-01
8.852396E-02,-3.3126068E-01,-8.8423920E-01
8.852724E-02,-3.3110809E-01,-9.2002106E-01
8.853051E-02,-3.3042145E-01,-9.5572662E-01
8.853379E-02,-3.2950592E-01,-9.9150848E-01
8.853707E-02,-3.2958221E-01,-1.0261459E+00
8.854034E-02,-3.2920074E-01,-1.0594101E+00
8.854362E-02,-3.2935333E-01,-1.0934372E+00
8.854690E-02,-3.2942963E-01,-1.1260910E+00
8.855017E-02,-3.2981110E-01,-1.1575241E+00
8.855345E-02,-3.2942963E-01,-1.1893387E+00
8.855673E-02,-3.2927704E-01,-1.2195511E+00
8.856000E-02,-3.2965851E-01,-1.2490005E+00
8.856328E-02,-3.2874298E-01,-1.2791367E+00
8.856656E-02,-3.2843781E-01,-1.3067551E+00
8.856983E-02,-3.2805634E-01,-1.3336868E+00
8.857311E-02,-3.2813263E-01,-1.3623734E+00
8.857639E-02,-3.2912445E-01,-1.3877029E+00
8.857966E-02,-3.2981110E-01,-1.4128036E+00
8.858294E-02,-3.2904816E-01,-1.4377518E+00
8.858622E-02,-3.2942963E-01,-1.4609451E+00
8.858949E-02,-3.2889557E-01,-1.4836044E+00
8.859277E-02,-3.2958221E-01,-1.5055771E+00
8.859605E-02,-3.2889557E-01,-1.5263290E+00
8.859932E-02,-3.2958221E-01,-1.5475388E+00
8.860260E-02,-3.2889557E-01,-1.5648575E+00
8.860588E-02,-3.2958221E-01,-1.5826340E+00
8.860916E-02,-3.3003998E-01,-1.5998764E+00
8.861243E-02,-3.2950592E-01,-1.6172714E+00
8.861571E-02,-3.3026886E-01,-1.6348190E+00
8.861899E-02,-3.3034515E-01,-1.6497726E+00
8.862226E-02,-3.3072662E-01,-1.6635818E+00
8.862554E-02,-3.3156586E-01,-1.6772385E+00
8.862882E-02,-3.3171844E-01,-1.6899033E+00
8.863209E-02,-3.3240509E-01,-1.7009659E+00
8.863537E-02,-3.3255768E-01,-1.7116470E+00
8.863865E-02,-3.3263397E-01,-1.7206497E+00
8.864192E-02,-3.3263397E-01,-1.7291946E+00
8.864520E-02,-3.3347321E-01,-1.7372818E+00
8.864848E-02,-3.3393097E-01,-1.7436905E+00
8.865175E-02,-3.3393097E-01,-1.7497177E+00
8.865503E-02,-3.3454132E-01,-1.7560501E+00
8.865831E-02,-3.3492279E-01,-1.7608566E+00
8.866158E-02,-3.3507538E-01,-1.7636795E+00
8.866486E-02,-3.3492279E-01,-1.7661209E+00
8.866814E-02,-3.3553314E-01,-1.7677231E+00
8.867141E-02,-3.3553314E-01,-1.7669601E+00
8.867469E-02,-3.3614349E-01,-1.7663498E+00
8.867797E-02,-3.3675385E-01,-1.7646713E+00
8.868124E-02,-3.3690643E-01,-1.7632980E+00
8.868452E-02,-3.3705902E-01,-1.7598648E+00
8.868780E-02,-3.3751678E-01,-1.7549057E+00
8.869108E-02,-3.3820343E-01,-1.7495651E+00
8.869435E-02,-3.3827972E-01,-1.7434616E+00
8.869763E-02,-3.3881378E-01,-1.7362900E+00
8.870091E-02,-3.3873749E-01,-1.7285080E+00
8.870418E-02,-3.3934784E-01,-1.7187424E+00
8.870746E-02,-3.3957672E-01,-1.7103500E+00
8.871074E-02,-3.3911896E-01,-1.6998215E+00
8.871401E-02,-3.3934784E-01,-1.6883774E+00
8.871729E-02,-3.3850861E-01,-1.6747971E+00
8.872057E-02,-3.3881378E-01,-1.6601486E+00
8.872384E-02,-3.3934784E-01,-1.6469498E+00
8.872712E-02,-3.3927155E-01,-1.6306992E+00
8.873040E-02,-3.3873749E-01,-1.6142960E+00
8.873367E-02,-3.3896637E-01,-1.5976639E+00
8.873695E-02,-3.3812714E-01,-1.5801926E+00
8.874023E-02,-3.3889008E-01,-1.5618820E+00
8.874350E-02,-3.3965302E-01,-1.5425034E+00
8.874678E-02,-3.3957672E-01,-1.5222092E+00
8.875006E-02,-3.3942413E-01,-1.5006943E+00
8.875333E-02,-3.3942413E-01,-1.4784164E+00
8.875661E-02,-3.3950043E-01,-1.4563675E+00
8.875989E-02,-3.4003448E-01,-1.4326401E+00
8.876316E-02,-3.4003448E-01,-1.4079971E+00
8.876644E-02,-3.4041595E-01,-1.3828201E+00
8.876972E-02,-3.3889008E-01,-1.3569565E+00
8.877300E-02,-3.3942413E-01,-1.3299484E+00
8.877627E-02,-3.3927155E-01,-1.3017197E+00
8.877955E-02,-3.4018707E-01,-1.2729568E+00
8.878283E-02,-3.3965302E-01,-1.2439651E+00
8.878610E-02,-3.3988190E-01,-1.2136765E+00
8.878938E-02,-3.4041595E-01,-1.1822433E+00
8.879266E-02,-3.4033966E-01,-1.1507339E+00
8.879593E-02,-3.3988190E-01,-1.1189957E+00
8.879921E-02,-3.3965302E-01,-1.0856552E+00
8.880249E-02,-3.3988190E-01,-1.0521622E+00
8.880576E-02,-3.3942413E-01,-1.0188217E+00
8.880904E-02,-3.3904266E-01,-9.8349762E-01
8.881232E-02,-3.3904266E-01,-9.4824982E-01
8.881559E-02,-3.3911896E-01,-9.1162872E-01
8.881887E-02,-3.3934784E-01,-8.7577057E-01
8.882215E-02,-3.3950043E-01,-8.3884430E-01
8.882542E-02,-3.3980560E-01,-8.0069733E-01
8.882870E-02,-3.3980560E-01,-7.6392365E-01
8.883198E-02,-3.3911896E-01,-7.2539520E-01
8.883525E-02,-3.3896637E-01,-6.8633270E-01
8.883853E-02,-3.3988190E-01,-6.4688873E-01
8.884181E-02,-3.3950043E-01,-6.0622406E-01
8.884508E-02,-3.4026337E-01,-5.6632233E-01
8.884836E-02,-3.4003448E-01,-5.2558136E-01
8.885164E-02,-3.4056854E-01,-4.8514557E-01
8.885492E-02,-3.4117889E-01,-4.4287872E-01
8.885819E-02,-3.4125519E-01,-4.0114594E-01
8.886147E-02,-3.4140778E-01,-3.5956573E-01
8.886475E-02,-3.4224701E-01,-3.1699371E-01
8.886802E-02,-3.4156036E-01,-2.7404022E-01
8.887130E-02,-3.4247589E-01,-2.3123932E-01
8.887458E-02,-3.4308624E-01,-1.8874359E-01
8.887785E-02,-3.4285736E-01,-1.4411163E-01
8.888113E-02,-3.4362030E-01,-1.0138702E-01
8.888441E-02,-3.4461212E-01,-5.7594299E-02
8.888768E-02,-3.4506989E-01,-1.3648987E-02
8.889096E-02,-3.4522247E-01,3.0220032E-02
8.889424E-02,-3.4674835E-01,7.5157166E-02
8.889751E-02,-3.4705353E-01,1.2009430E-01
8.890079E-02,-3.4789276E-01,1.6526031E-01
8.890407E-02,-3.4896088E-01,2.0996857E-01
8.890734E-02,-3.4949493E-01,2.5429535E-01
8.891062E-02,-3.5079193E-01,3.0030060E-01
8.891390E-02,-3.5140228E-01,3.4516144E-01
8.891717E-02,-3.5178375E-01,3.8986969E-01
8.892045E-02,-3.5292816E-01,4.3534088E-01
8.892373E-02,-3.5391998E-01,4.7951508E-01
8.892700E-02,-3.5582733E-01,5.2307892E-01
8.893028E-02,-3.5643768E-01,5.6740570E-01
8.893356E-02,-3.5781097E-01,6.1104584E-01
8.893684E-02,-3.5826874E-01,6.5644073E-01
8.894011E-02,-3.5941315E-01,7.0038605E-01
8.894339E-02,-3.6071014E-01,7.4456024E-01
8.894667E-02,-3.6185455E-01,7.8919220E-01
8.894994E-02,-3.6284637E-01,8.3367157E-01
8.895322E-02,-3.6414337E-01,8.7769318E-01
8.895650E-02,-3.6536407E-01,9.2186737E-01
8.895977E-02,-3.6765289E-01,9.6657562E-01
8.896305E-02,-3.6925507E-01,1.0103683E+00
8.896633E-02,-3.7093353E-01,1.0531693E+00
8.896960E-02,-3.7192535E-01,1.0953598E+00
8.897288E-02,-3.7398529E-01,1.1388474E+00
8.897616E-02,-3.7520599E-01,1.1812668E+00
8.897943E-02,-3.7726593E-01,1.2226944E+00
8.898271E-02,-3.7932587E-01,1.2641220E+00
8.898599E-02,-3.8016510E-01,1.3058548E+00
8.898926E-02,-3.8336945E-01,1.3469772E+00
8.899254E-02,-3.8489532E-01,1.3876419E+00
8.899582E-02,-3.8619232E-01,1.4283066E+00
8.899909E-02,-3.8886261E-01,1.4682846E+00
8.900237E-02,-3.9115143E-01,1.5068130E+00
8.900565E-02,-3.9313507E-01,1.5446548E+00
8.900892E-02,-3.9450836E-01,1.5831070E+00
8.901220E-02,-3.9649200E-01,1.6209488E+00
8.901548E-02,-3.9900970E-01,1.6577988E+00
8.901876E-02,-4.0106964E-01,1.6951828E+00
8.902203E-02,-4.0351105E-01,1.7308121E+00
8.902531E-02,-4.0572357E-01,1.7672043E+00
8.902859E-02,-4.0877533E-01,1.8027573E+00
8.903186E-02,-4.1114044E-01,1.8366318E+00
8.903514E-02,-4.1266632E-01,1.8708115E+00
8.903842E-02,-4.1495514E-01,1.9045334E+00
8.904169E-02,-4.1754913E-01,1.9368057E+00
8.904497E-02,-4.1945648E-01,1.9684677E+00
8.904825E-02,-4.2288971E-01,1.9999771E+00
8.905152E-02,-4.2487335E-01,2.0315628E+00
8.905480E-02,-4.2792511E-01,2.0621567E+00
8.905808E-02,-4.3029022E-01,2.0926743E+00
8.906135E-02,-4.3326569E-01,2.1212845E+00
8.906463E-02,-4.3593597E-01,2.1492081E+00
8.906791E-02,-4.3914032E-01,2.1769028E+00
8.907118E-02,-4.4013214E-01,2.2040634E+00
8.907446E-02,-4.4310760E-01,2.2293930E+00
8.907774E-02,-4.4539642E-01,2.2542648E+00
8.908101E-02,-4.4799042E-01,2.2789841E+00
8.908429E-02,-4.5035553E-01,2.3024826E+00
8.908757E-02,-4.5409393E-01,2.3249130E+00
8.909084E-02,-4.5645905E-01,2.3474197E+00
8.909412E-02,-4.5897675E-01,2.3681717E+00
8.909740E-02,-4.6157074E-01,2.3886185E+00
8.910068E-02,-4.6462250E-01,2.4073868E+00
8.910395E-02,-4.6691132E-01,2.4265366E+00
8.910723E-02,-4.6881866E-01,2.4449997E+00
8.911051E-02,-4.7087860E-01,2.4612503E+00
8.911378E-02,-4.7377777E-01,2.4777298E+00
8.911706E-02,-4.7629547E-01,2.4932938E+00
8.912034E-02,-4.7797394E-01,2.5075607E+00
8.912361E-02,-4.8072052E-01,2.5208359E+00
8.912689E-02,-4.8278046E-01,2.5335770E+00
8.913017E-02,-4.8506927E-01,2.5458603E+00
8.913344E-02,-4.8751068E-01,2.5560074E+00
8.913672E-02,-4.8941803E-01,2.5649338E+00
8.914000E-02,-4.9071503E-01,2.5737076E+00
8.914327E-02,-4.9361420E-01,2.5818710E+00
8.914655E-02,-4.9514008E-01,2.5888138E+00
8.914983E-02,-4.9704742E-01,2.5964432E+00
8.915310E-02,-4.9956512E-01,2.6014023E+00
8.915638E-02,-5.0193024E-01,2.6057510E+00
8.915966E-02,-5.0330353E-01,2.6093369E+00
8.916293E-02,-5.0597382E-01,2.6117020E+00
8.916621E-02,-5.0727081E-01,2.6136856E+00
8.916949E-02,-5.0849152E-01,2.6144485E+00
8.917276E-02,-5.1055145E-01,2.6139908E+00
8.917604E-02,-5.1268768E-01,2.6125412E+00
8.917932E-02,-5.1314545E-01,2.6111679E+00
8.918260E-02,-5.1528168E-01,2.6081924E+00
8.918587E-02,-5.1696014E-01,2.6043777E+00
8.918915E-02,-5.1810455E-01,2.5998001E+00
8.919243E-02,-5.1909637E-01,2.5943069E+00
8.919570E-02,-5.1947784E-01,2.5880508E+00
8.919898E-02,-5.2130890E-01,2.5803452E+00
8.920226E-02,-5.2245331E-01,2.5724869E+00
8.920553E-02,-5.2344513E-01,2.5633316E+00
8.920881E-02,-5.2451324E-01,2.5541763E+00
8.921209E-02,-5.2581024E-01,2.5427322E+00
8.921536E-02,-5.2626801E-01,2.5310593E+00
8.921864E-02,-5.2703094E-01,2.5181656E+00
8.922192E-02,-5.2779388E-01,2.5048904E+00
8.922519E-02,-5.2901459E-01,2.4902420E+00
8.922847E-02,-5.2924347E-01,2.4756699E+00
8.923175E-02,-5.2962494E-01,2.4598770E+00
8.923502E-02,-5.3099823E-01,2.4427109E+00
8.923830E-02,-5.3092194E-01,2.4244766E+00
8.924158E-02,-5.3183746E-01,2.4042587E+00
8.924485E-02,-5.3252411E-01,2.3845749E+00
8.924813E-02,-5.3221893E-01,2.3649673E+00
8.925141E-02,-5.3237152E-01,2.3423843E+00
8.925468E-02,-5.3267670E-01,2.3202591E+00
8.925796E-02,-5.3267670E-01,2.2978287E+00
8.926124E-02,-5.3282928E-01,2.2744827E+00
8.926452E-02,-5.3260040E-01,2.2495346E+00
8.926779E-02,-5.3191376E-01,2.2242813E+00
8.927107E-02,-5.3183746E-01,2.1987991E+00
8.927435E-02,-5.3199005E-01,2.1714096E+00
8.927762E-02,-5.3145599E-01,2.1444778E+00
8.928090E-02,-5.3137970E-01,2.1170120E+00
8.928418E-02,-5.3061676E-01,2.0880203E+00
8.928745E-02,-5.2985382E-01,2.0575790E+00
8.929073E-02,-5.2901459E-01,2.0274429E+00
8.929401E-02,-5.2855682E-01,1.9970779E+00
8.929728E-02,-5.2794647E-01,1.9643478E+00
8.930056E-02,-5.2695465E-01,1.9325333E+00
8.930384E-02,-5.2588654E-01,1.8992691E+00
8.930711E-02,-5.2558136E-01,1.8660812E+00
8.931039E-02,-5.2481842E-01,1.8315201E+00
8.931367E-02,-5.2329254E-01,1.7980270E+00
8.931694E-02,-5.2245331E-01,1.7620926E+00
8.932022E-02,-5.2130890E-01,1.7262344E+00
8.932350E-02,-5.1940155E-01,1.6899185E+00
8.932677E-02,-5.1840973E-01,1.6522293E+00
8.933005E-02,-5.1749420E-01,1.6151505E+00
8.933333E-02,-5.1772308E-01,1.5765457E+00
8.933660E-02,-5.1711273E-01,1.5376358E+00
8.933988E-02,-5.1566315E-01,1.5000229E+00
8.934316E-02,-5.1428986E-01,1.4614182E+00
8.934644E-02,-5.1329803E-01,1.4218979E+00
8.934971E-02,-5.1177216E-01,1.3814621E+00
8.935299E-02,-5.0986481E-01,1.3413315E+00
8.935627E-02,-5.0879669E-01,1.3001328E+00
8.935954E-02,-5.0780487E-01,1.2587051E+00
8.936282E-02,-5.0643158E-01,1.2168961E+00
8.936610E-02,-5.0444794E-01,1.1747055E+00
8.936937E-02,-5.0391388E-01,1.1326675E+00
8.937265E-02,-5.0254059E-01,1.0907059E+00
8.937593E-02,-5.0032806E-01,1.0474472E+00
8.937920E-02,-4.9918365E-01,1.0048752E+00
8.938248E-02,-4.9735260E-01,9.6108246E-01
8.938576E-02,-4.9620819E-01,9.1713715E-01
8.938903E-02,-4.9422455E-01,8.7311554E-01
8.939231E-02,-4.9277496E-01,8.2855988E-01
8.939559E-02,-4.9185944E-01,7.8507233E-01
8.939886E-02,-4.9025726E-01,7.3975372E-01
8.940214E-02,-4.8957062E-01,6.9535065E-01
8.940542E-02,-4.8880768E-01,6.5125275E-01
8.940869E-02,-4.8705292E-01,6.0608673E-01
8.941197E-02,-4.8613739E-01,5.6214142E-01
8.941525E-02,-4.8407745E-01,5.1842499E-01
8.941852E-02,-4.8278046E-01,4.7470856E-01
8.942180E-02,-4.8186493E-01,4.2977142E-01
8.942508E-02,-4.8087311E-01,3.8552094E-01
8.942836E-02,-4.7980499E-01,3.4111786E-01
8.943163E-02,-4.7812653E-01,2.9511261E-01
8.943491E-02,-4.7652435E-01,2.5025177E-01
8.943819E-02,-4.7560883E-01,2.0638275E-01
8.944146E-02,-4.7415924E-01,1.6083527E-01
8.944474E-02,-4.7339630E-01,1.1582184E-01
8.944802E-02,-4.7255707E-01,7.1418762E-02
8.945129E-02,-4.7179413E-01,2.6634216E-02
8.945457E-02,-4.7072601E-01,-1.7768860E-02
8.945785E-02,-4.7003937E-01,-6.2248230E-02
8.946112E-02,-4.6866608E-01,-1.0703278E-01
8.946440E-02,-4.6797943E-01,-1.5036774E-01
8.946768E-02,-4.6721649E-01,-1.9408417E-01
8.947095E-02,-4.6591949E-01,-2.3604584E-01
8.947423E-02,-4.6469879E-01,-2.7922821E-01
8.947751E-02,-4.6446991E-01,-3.2180023E-01
8.948078E-02,-4.6424103E-01,-3.6376190E-01
8.948406E-02,-4.6332550E-01,-4.0625763E-01
8.948734E-02,-4.6233368E-01,-4.4791412E-01
8.949061E-02,-4.6134186E-01,-4.8896027E-01
8.949389E-02,-4.6096039E-01,-5.3069305E-01
8.949717E-02,-4.6080780E-01,-5.6983185E-01
8.950044E-02,-4.6004486E-01,-6.1064911E-01
8.950372E-02,-4.5966339E-01,-6.4925385E-01
8.950700E-02,-4.5897675E-01,-6.8961334E-01
8.951028E-02,-4.5851898E-01,-7.2806549E-01
8.951355E-02,-4.5829010E-01,-7.6644135E-01
8.951683E-02,-4.5813751E-01,-8.0451202E-01
8.952011E-02,-4.5806122E-01,-8.4174347E-01
8.952338E-02,-4.5813751E-01,-8.7905121E-01
8.952666E-02,-4.5806122E-01,-9.1635895E-01
8.952994E-02,-4.5722198E-01,-9.5236969E-01
8.953321E-02,-4.5722198E-01,-9.8731232E-01
8.953649E-02,-4.5722198E-01,-1.0227127E+00
8.953977E-02,-4.5661163E-01,-1.0554428E+00
8.954304E-02,-4.5676422E-01,-1.0899277E+00
8.954632E-02,-4.5645905E-01,-1.1221237E+00
8.954960E-02,-4.5600128E-01,-1.1535568E+00
8.955287E-02,-4.5470428E-01,-1.1843033E+00
8.955615E-02,-4.5516205E-01,-1.2152786E+00
8.955943E-02,-4.5508575E-01,-1.2448807E+00
8.956270E-02,-4.5523834E-01,-1.2739487E+00
8.956598E-02,-4.5493317E-01,-1.3016434E+00
8.956926E-02,-4.5539093E-01,-1.3300247E+00
8.957253E-02,-4.5516205E-01,-1.3571854E+00
8.957581E-02,-4.5531464E-01,-1.3834305E+00
8.957909E-02,-4.5623016E-01,-1.4091415E+00
8.958236E-02,-4.5623016E-01,-1.4347000E+00
8.958564E-02,-4.5554352E-01,-1.4581985E+00
8.958892E-02,-4.5584869E-01,-1.4807816E+00
8.959220E-02,-4.5623016E-01,-1.5030594E+00
8.959547E-02,-4.5691681E-01,-1.5236588E+00
8.959875E-02,-4.5676422E-01,-1.5434189E+00
8.960203E-02,-4.5722198E-01,-1.5630264E+00
8.960530E-02,-4.5691681E-01,-1.5817947E+00
8.960858E-02,-4.5706940E-01,-1.5980453E+00
8.961186E-02,-4.5699310E-01,-1.6158218E+00
8.961513E-02,-4.5684052E-01,-1.6323013E+00
8.961841E-02,-4.5729828E-01,-1.6475601E+00
8.962169E-02,-4.5737457E-01,-1.6620560E+00
8.962496E-02,-4.5729828E-01,-1.6760178E+00
8.962824E-02,-4.5775604E-01,-1.6886063E+00
8.963152E-02,-4.5767975E-01,-1.6996689E+00
8.963479E-02,-4.5745087E-01,-1.7099686E+00
8.963807E-02,-4.5752716E-01,-1.7189713E+00
8.964135E-02,-4.5752716E-01,-1.7278976E+00
8.964462E-02,-4.5760345E-01,-1.7359848E+00
8.964790E-02,-4.5821381E-01,-1.7426224E+00
8.965118E-02,-4.5859528E-01,-1.7488022E+00
8.965445E-02,-4.5844269E-01,-1.7543716E+00
8.965773E-02,-4.5737457E-01,-1.7582626E+00
8.966101E-02,-4.5829010E-01,-1.7617722E+00
8.966428E-02,-4.5928192E-01,-1.7639847E+00
8.966756E-02,-4.5973969E-01,-1.7657394E+00
8.967084E-02,-4.5989227E-01,-1.7672653E+00
8.967412E-02,-4.6035004E-01,-1.7664261E+00
8.967739E-02,-4.6004486E-01,-1.7653580E+00
8.968067E-02,-4.5981598E-01,-1.7629166E+00
8.968395E-02,-4.5989227E-01,-1.7600174E+00
8.968722E-02,-4.6012115E-01,-1.7562790E+00
8.969050E-02,-4.5912933E-01,-1.7503281E+00
8.969378E-02,-4.5958710E-01,-1.7434616E+00
8.969705E-02,-4.5951080E-01,-1.7369003E+00
8.970033E-02,-4.5943451E-01,-1.7298813E+00
8.970361E-02,-4.6004486E-01,-1.7204971E+00
8.970688E-02,-4.6027374E-01,-1.7125626E+00
8.971016E-02,-4.5973969E-01,-1.7023392E+00
8.971344E-02,-4.6050262E-01,-1.6903610E+00
8.971671E-02,-4.6012115E-01,-1.6772385E+00
8.971999E-02,-4.5958710E-01,-1.6640396E+00
8.972327E-02,-4.5989227E-01,-1.6503830E+00
8.972654E-02,-4.5958710E-01,-1.6352005E+00
8.972982E-02,-4.5951080E-01,-1.6186447E+00
8.973310E-02,-4.5912933E-01,-1.6009445E+00
