in s,C1 in V,C2 in V
-1.054332E-02,1.5464966E-02,5.8567047E-01
-1.054004E-02,1.3969604E-02,5.7338715E-01
-1.053676E-02,1.4579956E-02,5.5896759E-01
-1.053348E-02,1.4213745E-02,5.4576874E-01
-1.053021E-02,1.5373413E-02,5.3150177E-01
-1.052693E-02,1.4061157E-02,5.1815033E-01
-1.052365E-02,1.4793579E-02,5.0334930E-01
-1.052038E-02,1.3603394E-02,4.8877716E-01
-1.051710E-02,1.4854614E-02,4.7359467E-01
-1.051382E-02,1.3847534E-02,4.6039581E-01
-1.051055E-02,1.5526001E-02,4.4483185E-01
-1.050727E-02,1.4946167E-02,4.2934418E-01
-1.050399E-02,1.5983765E-02,4.1385651E-01
-1.050072E-02,1.4488403E-02,3.9905548E-01
-1.049744E-02,1.4305298E-02,3.8288116E-01
-1.049416E-02,1.2504761E-02,3.6678314E-01
-1.049089E-02,1.3664429E-02,3.5045624E-01
-1.048761E-02,1.3420288E-02,3.3535004E-01
-1.048433E-02,1.4610474E-02,3.1841278E-01
-1.048106E-02,1.2809937E-02,3.0185699E-01
-1.047778E-02,1.3450806E-02,2.8621674E-01
-1.047450E-02,1.2291138E-02,2.6897430E-01
-1.047123E-02,1.3023560E-02,2.5279999E-01
-1.046795E-02,1.2382690E-02,2.3662567E-01
-1.046467E-02,1.3603394E-02,2.1991730E-01
-1.046140E-02,1.3359253E-02,2.0298004E-01
-1.045812E-02,1.5220825E-02,1.8680573E-01
-1.045484E-02,1.3878052E-02,1.6925812E-01
-1.045156E-02,1.4610474E-02,1.5293121E-01
-1.044829E-02,1.3206665E-02,1.3507843E-01
-1.044501E-02,1.4244263E-02,1.1791229E-01
-1.044173E-02,1.3420288E-02,1.0036469E-01
-1.043846E-02,1.4702026E-02,8.2969666E-02
-1.043518E-02,1.3420288E-02,6.5345764E-02
-1.043190E-02,1.4274780E-02,4.8408508E-02
-1.042863E-02,1.2291138E-02,3.0174255E-02
-1.042535E-02,1.3298218E-02,1.3465881E-02
-1.042207E-02,1.1741821E-02,-4.3869019E-03
-1.041880E-02,1.2626831E-02,-2.0866394E-02
-1.041552E-02,1.1253540E-02,-3.9100647E-02
-1.041224E-02,1.2993042E-02,-5.6266785E-02
-1.040897E-02,1.1802856E-02,-7.3432922E-02
-1.040569E-02,1.3267700E-02,-8.8920593E-02
-1.040241E-02,1.2077515E-02,-1.0684967E-01
-1.039914E-02,1.3023560E-02,-1.2363434E-01
-1.039586E-02,1.1406128E-02,-1.4110565E-01
-1.039258E-02,1.2809937E-02,-1.5659332E-01
-1.038931E-02,1.1985962E-02,-1.7421722E-01
-1.038603E-02,1.3786499E-02,-1.8993378E-01
-1.038275E-02,1.1833374E-02,-2.0778656E-01
-1.037948E-02,1.2718384E-02,-2.2403717E-01
-1.037620E-02,1.0978882E-02,-2.4181366E-01
-1.037292E-02,1.1894409E-02,-2.5737762E-01
-1.036964E-02,1.0338013E-02,-2.7439117E-01
-1.036637E-02,1.1314575E-02,-2.8926849E-01
-1.036309E-02,9.8192139E-03,-3.0673981E-01
-1.035981E-02,1.0948364E-02,-3.2161713E-01
-1.035654E-02,9.4224854E-03,-3.3908844E-01
-1.035326E-02,1.0185425E-02,-3.5343170E-01
-1.034998E-02,8.9036865E-03,-3.7006378E-01
-1.034671E-02,1.0521118E-02,-3.8394928E-01
-1.034343E-02,1.0093872E-02,-4.0027618E-01
-1.034015E-02,1.1833374E-02,-4.1400909E-01
-1.033688E-02,1.0246460E-02,-4.3003082E-01
-1.033360E-02,1.1131470E-02,-4.4284821E-01
-1.033032E-02,9.4224854E-03,-4.5841217E-01
-1.032705E-02,1.0612671E-02,-4.7084808E-01
-1.032377E-02,8.9647217E-03,-4.8572540E-01
-1.032049E-02,1.0612671E-02,-4.9854279E-01
-1.031722E-02,9.2698975E-03,-5.1441193E-01
-1.031394E-02,1.0887329E-02,-5.2577972E-01
-1.031066E-02,9.2393799E-03,-5.3989410E-01
-1.030739E-02,1.0002319E-02,-5.5049896E-01
-1.030411E-02,8.5069580E-03,-5.6629181E-01
-1.030083E-02,9.1173096E-03,-5.7590485E-01
-1.029756E-02,8.5374756E-03,-5.8963776E-01
-1.029428E-02,1.0032837E-02,-5.9963226E-01
-1.029100E-02,8.1712646E-03,-6.1275482E-01
-1.028772E-02,9.7886963E-03,-6.2221527E-01
-1.028445E-02,8.0491943E-03,-6.3434601E-01
-1.028117E-02,9.1783447E-03,-6.4411163E-01
-1.027789E-02,7.8050537E-03,-6.5616608E-01
-1.027462E-02,8.8731689E-03,-6.6463470E-01
-1.027134E-02,7.1641846E-03,-6.7600250E-01
-1.026806E-02,8.4764404E-03,-6.8355560E-01
-1.026479E-02,7.0115967E-03,-6.9408417E-01
-1.026151E-02,7.4083252E-03,-7.0163727E-01
-1.025823E-02,5.8214111E-03,-7.1170807E-01
-1.025496E-02,6.3707275E-03,-7.1804047E-01
-1.025168E-02,4.9974365E-03,-7.2826385E-01
-1.024840E-02,5.9739990E-03,-7.3413849E-01
-1.024513E-02,4.9974365E-03,-7.4344635E-01
-1.024185E-02,6.1876221E-03,-7.4855804E-01
-1.023857E-02,5.3331299E-03,-7.5656891E-01
-1.023530E-02,6.2791748E-03,-7.6198578E-01
-1.023202E-02,4.6312256E-03,-7.6915741E-01
-1.022874E-02,5.1500244E-03,-7.7259064E-01
-1.022547E-02,4.4176025E-03,-7.7938080E-01
-1.022219E-02,5.5467529E-03,-7.8342438E-01
-1.021891E-02,5.1805420E-03,-7.8861237E-01
-1.021564E-02,4.9974365E-03,-7.9189301E-01
-1.021236E-02,4.3870850E-03,-7.9631805E-01
-1.020908E-02,4.3260498E-03,-7.9921722E-01
-1.020580E-02,3.1663818E-03,-8.0310822E-01
-1.020253E-02,3.3189697E-03,-8.0463409E-01
-1.019925E-02,2.8917236E-03,-8.0844879E-01
-1.019597E-02,3.3189697E-03,-8.1005096E-01
-1.019270E-02,2.7696533E-03,-8.1295013E-01
-1.018942E-02,2.6475830E-03,-8.1295013E-01
-1.018614E-02,2.2508545E-03,-8.1546783E-01
-1.018287E-02,2.4339600E-03,-8.1417084E-01
-1.017959E-02,1.5184326E-03,-8.1531525E-01
-1.017631E-02,2.5255127E-03,-8.1455231E-01
-1.017304E-02,2.5255127E-03,-8.1485748E-01
-1.016976E-02,3.0137939E-03,-8.1333160E-01
-1.016648E-02,2.8917236E-03,-8.1272125E-01
-1.016321E-02,2.0677490E-03,-8.1089020E-01
-1.015993E-02,1.1827393E-03,-8.1005096E-01
-1.015665E-02,7.8601074E-04,-8.0539703E-01
-1.015338E-02,8.7756348E-04,-8.0410004E-01
-1.015010E-02,9.0808105E-04,-8.0043793E-01
-1.014682E-02,1.1217041E-03,-7.9845428E-01
-1.014355E-02,9.0808105E-04,-7.9387665E-01
-1.014027E-02,6.6394043E-04,-7.8968048E-01
-1.013699E-02,-3.1262207E-04,-7.8479767E-01
-1.013372E-02,2.3071289E-05,-7.8105927E-01
-1.013044E-02,-6.1779785E-04,-7.7640533E-01
-1.012716E-02,-2.2106934E-04,-7.7205658E-01
-1.012388E-02,-7.3986816E-04,-7.6480865E-01
-1.012061E-02,2.3071289E-05,-7.5946808E-01
-1.011733E-02,-1.0450439E-03,-7.5267792E-01
-1.011405E-02,-1.0450439E-03,-7.4626923E-01
-1.011078E-02,-1.9605713E-03,-7.3848724E-01
-1.010750E-02,-1.6248779E-03,-7.3200226E-01
-1.010422E-02,-2.0216064E-03,-7.2330475E-01
-1.010095E-02,-1.8079834E-03,-7.1636200E-01
-1.009767E-02,-2.3878174E-03,-7.0781708E-01
-1.009439E-02,-1.9910889E-03,-6.9972992E-01
-1.009112E-02,-3.0897217E-03,-6.9042206E-01
-1.008784E-02,-2.7540283E-03,-6.8134308E-01
-1.008456E-02,-4.3409424E-03,-6.7150116E-01
-1.008129E-02,-4.4630127E-03,-6.6196442E-01
-1.007801E-02,-4.4324951E-03,-6.5158844E-01
-1.007473E-02,-3.4559326E-03,-6.4083099E-01
-1.007146E-02,-4.1578369E-03,-6.2938690E-01
-1.006818E-02,-2.7845459E-03,-6.1840057E-01
-1.006490E-02,-3.8526611E-03,-6.0733795E-01
-1.006163E-02,-3.4254150E-03,-5.9627533E-01
-1.005835E-02,-4.6156006E-03,-5.8414459E-01
-1.005507E-02,-4.0052490E-03,-5.7262421E-01
-1.005180E-02,-4.7987061E-03,-5.5957794E-01
-1.004852E-02,-3.4559326E-03,-5.4714203E-01
-1.004524E-02,-4.3409424E-03,-5.3409576E-01
-1.004196E-02,-4.0052490E-03,-5.2127838E-01
-1.003869E-02,-6.2940674E-03,-5.0670624E-01
-1.003541E-02,-5.3175049E-03,-4.9335480E-01
-1.003213E-02,-6.3856201E-03,-4.7901154E-01
-1.002886E-02,-5.2869873E-03,-4.6543121E-01
-1.002558E-02,-6.8739014E-03,-4.5078278E-01
-1.002230E-02,-6.0804443E-03,-4.3689728E-01
-1.001903E-02,-7.3316650E-03,-4.2240143E-01
-1.001575E-02,-6.4466553E-03,-4.0782928E-01
-1.001247E-02,-7.8809814E-03,-3.9264679E-01
-1.000920E-02,-7.1790771E-03,-3.7799835E-01
-1.000592E-02,-8.0335693E-03,-3.6212921E-01
-1.000264E-02,-6.3856201E-03,-3.4687042E-01
-9.999366E-03,-7.2095947E-03,-3.3054352E-01
-9.996090E-03,-6.3551025E-03,-3.1429291E-01
-9.992813E-03,-8.4913330E-03,-2.9888153E-01
-9.989536E-03,-8.0030518E-03,-2.8217316E-01
-9.986259E-03,-9.5289307E-03,-2.6706696E-01
-9.982982E-03,-8.6744385E-03,-2.5051117E-01
-9.979706E-03,-9.6510010E-03,-2.3448944E-01
-9.976429E-03,-8.4302979E-03,-2.1724701E-01
-9.973152E-03,-9.8646240E-03,-2.0015717E-01
-9.969875E-03,-8.9185791E-03,-1.8375397E-01
-9.966598E-03,-1.0413940E-02,-1.6750336E-01
-9.963322E-03,-9.3153076E-03,-1.4881134E-01
-9.960045E-03,-1.0688599E-02,-1.3263702E-01
-9.956768E-03,-9.1016846E-03,-1.1508942E-01
-9.953491E-03,-9.8951416E-03,-9.8152161E-02
-9.950214E-03,-8.6439209E-03,-8.0986023E-02
-9.946938E-03,-1.0352905E-02,-6.4048767E-02
-9.943661E-03,-9.3458252E-03,-4.7035217E-02
-9.940384E-03,-1.0566528E-02,-3.0632019E-02
-9.937107E-03,-9.5594482E-03,-1.2550354E-02
-9.933830E-03,-1.0841187E-02,4.0817261E-03
-9.930554E-03,-9.5899658E-03,2.2621155E-02
-9.927277E-03,-1.1298950E-02,3.8795471E-02
-9.924000E-03,-1.0474976E-02,5.6800842E-02
-9.920723E-03,-1.2122925E-02,7.3738098E-02
-9.917446E-03,-1.1421021E-02,9.1743469E-02
-9.914170E-03,-1.3191040E-02,1.0799408E-01
-9.910893E-03,-1.2489136E-02,1.2668610E-01
-9.907616E-03,-1.3496216E-02,1.4377594E-01
-9.904339E-03,-1.2153442E-02,1.6155243E-01
-9.901062E-03,-1.3191040E-02,1.7696381E-01
-9.897786E-03,-1.2214478E-02,1.9428253E-01
-9.894509E-03,-1.4289673E-02,2.1068573E-01
-9.891232E-03,-1.2855347E-02,2.2815704E-01
-9.887955E-03,-1.3862427E-02,2.4349213E-01
-9.884678E-03,-1.2824829E-02,2.6126862E-01
-9.881402E-03,-1.4228638E-02,2.7713776E-01
-9.878125E-03,-1.3099487E-02,2.9407501E-01
-9.874848E-03,-1.4777954E-02,3.1009674E-01
-9.871571E-03,-1.3313110E-02,3.2848358E-01
-9.868294E-03,-1.5418823E-02,3.4267426E-01
-9.865018E-03,-1.4350708E-02,3.6045074E-01
-9.861741E-03,-1.6181763E-02,3.7494659E-01
-9.858464E-03,-1.4655884E-02,3.9150238E-01
-9.855187E-03,-1.6303833E-02,4.0622711E-01
-9.851910E-03,-1.5479858E-02,4.2301178E-01
-9.848634E-03,-1.6975220E-02,4.3712616E-01
-9.845357E-03,-1.5876587E-02,4.5314789E-01
-9.842080E-03,-1.7249878E-02,4.6649933E-01
-9.838803E-03,-1.5998657E-02,4.8274994E-01
-9.835526E-03,-1.7310913E-02,4.9617767E-01
-9.832250E-03,-1.4869507E-02,5.1242828E-01
-9.828973E-03,-1.6029175E-02,5.2448273E-01
-9.825696E-03,-1.4991577E-02,5.4027557E-01
-9.822419E-03,-1.7463501E-02,5.5294037E-01
-9.819142E-03,-1.6944702E-02,5.6797028E-01
-9.815866E-03,-1.8531616E-02,5.7903290E-01
-9.812589E-03,-1.7341431E-02,5.9383392E-01
-9.809312E-03,-1.8134888E-02,6.0459137E-01
-9.806035E-03,-1.6486938E-02,6.1885834E-01
-9.802758E-03,-1.9080933E-02,6.2870026E-01
-9.799482E-03,-1.7829712E-02,6.4304352E-01
-9.796205E-03,-1.9538696E-02,6.5357208E-01
-9.792928E-03,-1.8379028E-02,6.6722870E-01
-9.789651E-03,-1.9325073E-02,6.7661285E-01
-9.786374E-03,-1.7646606E-02,6.8965912E-01
-9.783098E-03,-1.8592651E-02,6.9766998E-01
-9.779821E-03,-1.7646606E-02,7.1002960E-01
-9.776544E-03,-1.9477661E-02,7.1765900E-01
-9.773267E-03,-1.8836792E-02,7.3062897E-01
-9.769990E-03,-2.0271118E-02,7.3764801E-01
-9.766714E-03,-1.9416626E-02,7.4817657E-01
-9.763437E-03,-2.0637329E-02,7.5519562E-01
-9.760160E-03,-1.9477661E-02,7.6595306E-01
-9.756883E-03,-2.1095093E-02,7.7304840E-01
-9.753606E-03,-2.0789917E-02,7.8258514E-01
-9.750330E-03,-2.2071655E-02,7.8754425E-01
-9.747053E-03,-2.2041138E-02,7.9616547E-01
-9.743776E-03,-2.3109253E-02,8.0196381E-01
-9.740499E-03,-2.2376831E-02,8.0974579E-01
-9.737222E-03,-2.2926147E-02,8.1546783E-01
-9.733946E-03,-2.1644409E-02,8.2233429E-01
-9.730669E-03,-2.2163208E-02,8.2630157E-01
-9.727392E-03,-2.1858032E-02,8.3362579E-01
-9.724115E-03,-2.2529419E-02,8.3789825E-01
-9.720838E-03,-2.2254761E-02,8.4339142E-01
-9.717562E-03,-2.2437866E-02,8.4690094E-01
-9.714285E-03,-2.1919067E-02,8.5254669E-01
-9.711008E-03,-2.2346313E-02,8.5468292E-01
-9.707731E-03,-2.1888550E-02,8.5971832E-01
-9.704454E-03,-2.2743042E-02,8.6185455E-01
-9.701178E-03,-2.2926147E-02,8.6475372E-01
-9.697901E-03,-2.4116333E-02,8.6528778E-01
-9.694624E-03,-2.3902710E-02,8.6856842E-01
-9.691347E-03,-2.4177368E-02,8.6948395E-01
-9.688070E-03,-2.4207886E-02,8.7169647E-01
-9.684794E-03,-2.4268921E-02,8.7169647E-01
-9.681517E-03,-2.4085815E-02,8.7383270E-01
-9.678240E-03,-2.4116333E-02,8.7291718E-01
-9.674963E-03,-2.4452026E-02,8.7398529E-01
-9.671686E-03,-2.4390991E-02,8.7162018E-01
-9.668410E-03,-2.4238403E-02,8.7245941E-01
-9.665133E-03,-2.3567017E-02,8.6948395E-01
-9.661856E-03,-2.3536499E-02,8.6925507E-01
-9.658579E-03,-2.3872192E-02,8.6635590E-01
-9.655302E-03,-2.4299438E-02,8.6490631E-01
-9.652026E-03,-2.4726685E-02,8.6101532E-01
-9.648749E-03,-2.5092896E-02,8.5819244E-01
-9.645472E-03,-2.5306519E-02,8.5422516E-01
-9.642195E-03,-2.5459106E-02,8.5178375E-01
-9.638918E-03,-2.4604614E-02,8.4644318E-01
-9.635642E-03,-2.5153931E-02,8.4270477E-01
-9.632365E-03,-2.5489624E-02,8.3683014E-01
-9.629088E-03,-2.6588257E-02,8.3255768E-01
-9.625811E-03,-2.5611694E-02,8.2622528E-01
-9.622534E-03,-2.6008423E-02,8.2172394E-01
-9.619258E-03,-2.5550659E-02,8.1531525E-01
-9.615981E-03,-2.6222046E-02,8.0921173E-01
-9.612704E-03,-2.5825317E-02,8.0181122E-01
-9.609427E-03,-2.6618774E-02,7.9540253E-01
-9.606150E-03,-2.6313599E-02,7.8693390E-01
-9.602874E-03,-2.6984985E-02,7.7991486E-01
-9.599597E-03,-2.6374634E-02,7.7098846E-01
-9.596320E-03,-2.6862915E-02,7.6274872E-01
-9.593043E-03,-2.5886353E-02,7.5420380E-01
-9.589766E-03,-2.6832397E-02,7.4565887E-01
-9.586490E-03,-2.6923950E-02,7.3612213E-01
-9.583213E-03,-2.7808960E-02,7.2658539E-01
-9.579936E-03,-2.7198608E-02,7.1613312E-01
-9.576659E-03,-2.8510864E-02,7.0667267E-01
-9.573382E-03,-2.7808960E-02,6.9576263E-01
-9.570106E-03,-2.8602417E-02,6.8553925E-01
-9.566829E-03,-2.7839478E-02,6.7356110E-01
-9.563552E-03,-2.8449829E-02,6.6265106E-01
-9.560275E-03,-2.7503784E-02,6.5052032E-01
-9.556998E-03,-2.8571899E-02,6.3877106E-01
-9.553722E-03,-2.7808960E-02,6.2625885E-01
-9.550445E-03,-2.9151733E-02,6.1435699E-01
-9.547168E-03,-2.7625854E-02,6.0176849E-01
-9.543891E-03,-2.8816040E-02,5.8902740E-01
-9.540614E-03,-2.8449829E-02,5.7628632E-01
-9.537338E-03,-2.8968628E-02,5.6301117E-01
-9.534061E-03,-2.7961548E-02,5.4912567E-01
-9.530784E-03,-2.9456909E-02,5.3623199E-01
-9.527507E-03,-2.8968628E-02,5.2227020E-01
-9.524230E-03,-3.0311401E-02,5.0762177E-01
-9.520954E-03,-2.8816040E-02,4.9411774E-01
-9.517677E-03,-2.9853638E-02,4.7977448E-01
-9.514400E-03,-2.8938110E-02,4.6535492E-01
-9.511123E-03,-3.0402954E-02,4.4887543E-01
-9.507846E-03,-2.9517944E-02,4.3430328E-01
-9.504570E-03,-3.0677612E-02,4.1828156E-01
-9.501293E-03,-2.9426392E-02,4.0287018E-01
-9.498016E-03,-3.0891235E-02,3.8684845E-01
-9.494739E-03,-2.9182251E-02,3.7097931E-01
-9.491462E-03,-3.0280884E-02,3.5549164E-01
-9.488186E-03,-2.9365356E-02,3.3969879E-01
-9.484909E-03,-3.1593140E-02,3.2215118E-01
-9.481632E-03,-3.1043823E-02,3.0681610E-01
-9.478355E-03,-3.2752808E-02,2.8881073E-01
-9.475078E-03,-3.1806763E-02,2.7278900E-01
-9.471802E-03,-3.2874878E-02,2.5539398E-01
-9.468525E-03,-3.2081421E-02,2.3914337E-01
-9.465248E-03,-3.3241089E-02,2.2220612E-01
-9.461971E-03,-3.2783325E-02,2.0565033E-01
-9.458694E-03,-3.4095581E-02,1.8840790E-01
-9.455418E-03,-3.3973511E-02,1.7276764E-01
-9.452141E-03,-3.4461792E-02,1.5544891E-01
-9.448864E-03,-3.2417114E-02,1.3950348E-01
-9.445587E-03,-3.3607300E-02,1.2111664E-01
-9.442310E-03,-3.2111938E-02,1.0456085E-01
-9.439034E-03,-3.3851440E-02,8.5868835E-02
-9.435757E-03,-3.2600220E-02,6.9160461E-02
-9.432480E-03,-3.4004028E-02,5.1231384E-02
-9.429203E-03,-3.3271606E-02,3.3531189E-02
-9.425926E-03,-3.4644897E-02,1.5602112E-02
-9.422650E-03,-3.3454712E-02,4.1961670E-04
-9.419373E-03,-3.4828003E-02,-1.8577576E-02
-9.416096E-03,-3.4065063E-02,-3.6048889E-02
-9.412819E-03,-3.6262329E-02,-5.3443909E-02
-9.409542E-03,-3.5346802E-02,-6.9007874E-02
-9.406266E-03,-3.6933716E-02,-8.7699890E-02
-9.402989E-03,-3.5651978E-02,-1.0272980E-01
-9.399712E-03,-3.6598022E-02,-1.2042999E-01
-9.396435E-03,-3.5224731E-02,-1.3683319E-01
-9.393158E-03,-3.6140259E-02,-1.5422821E-01
-9.389882E-03,-3.4766968E-02,-1.6986847E-01
-9.386605E-03,-3.6292847E-02,-1.8802643E-01
-9.383328E-03,-3.5499390E-02,-2.0381927E-01
-9.380051E-03,-3.7330444E-02,-2.2174835E-01
-9.376774E-03,-3.6292847E-02,-2.3700714E-01
-9.373498E-03,-3.7269409E-02,-2.5470734E-01
-9.370221E-03,-3.6201294E-02,-2.7011871E-01
-9.366944E-03,-3.7696655E-02,-2.8759003E-01
-9.363667E-03,-3.6933716E-02,-3.0200958E-01
-9.360390E-03,-3.8703735E-02,-3.1955719E-01
-9.357114E-03,-3.7757690E-02,-3.3428192E-01
-9.353837E-03,-3.9253052E-02,-3.5106659E-01
-9.350560E-03,-3.8001831E-02,-3.6540985E-01
-9.347283E-03,-3.9375122E-02,-3.8311005E-01
-9.344006E-03,-3.8062866E-02,-3.9592743E-01
-9.340730E-03,-3.9375122E-02,-4.1263580E-01
-9.337453E-03,-3.9008911E-02,-4.2613983E-01
-9.334176E-03,-4.0351685E-02,-4.4147491E-01
-9.330899E-03,-3.8673218E-02,-4.5360565E-01
-9.327622E-03,-3.9893921E-02,-4.6970367E-01
-9.324346E-03,-3.7940796E-02,-4.8198700E-01
-9.321069E-03,-3.9192017E-02,-4.9777985E-01
-9.317792E-03,-3.8551147E-02,-5.1036835E-01
-9.314515E-03,-4.0382202E-02,-5.2516937E-01
-9.311238E-03,-3.9985474E-02,-5.3630829E-01
-9.307962E-03,-4.1633423E-02,-5.5072784E-01
-9.304685E-03,-4.0168579E-02,-5.6118011E-01
-9.301408E-03,-4.1114624E-02,-5.7567596E-01
-9.298131E-03,-3.9924438E-02,-5.8536530E-01
-9.294854E-03,-4.1541870E-02,-5.9871674E-01
-9.291578E-03,-4.1114624E-02,-6.0825348E-01
-9.288301E-03,-4.2396362E-02,-6.2183380E-01
-9.285024E-03,-4.1602905E-02,-6.3068390E-01
-9.281747E-03,-4.2091187E-02,-6.4380646E-01
-9.278470E-03,-4.0687378E-02,-6.5189362E-01
-9.275194E-03,-4.1297729E-02,-6.6471100E-01
-9.271917E-03,-4.1236694E-02,-6.7188263E-01
-9.268640E-03,-4.1694458E-02,-6.8279266E-01
-9.265363E-03,-4.0778931E-02,-6.9103241E-01
-9.262086E-03,-4.1908081E-02,-7.0117950E-01
-9.258810E-03,-4.1053589E-02,-7.0842743E-01
-9.255533E-03,-4.2091187E-02,-7.1727753E-01
-9.252256E-03,-4.1663940E-02,-7.2475433E-01
-9.248979E-03,-4.2396362E-02,-7.3329926E-01
-9.245702E-03,-4.2121704E-02,-7.3986053E-01
-9.242426E-03,-4.2945679E-02,-7.4810028E-01
-9.239149E-03,-4.3006714E-02,-7.5336456E-01
-9.235872E-03,-4.4166382E-02,-7.6038361E-01
-9.232595E-03,-4.3586548E-02,-7.6656342E-01
-9.229318E-03,-4.4105347E-02,-7.7312469E-01
-9.226042E-03,-4.2945679E-02,-7.7777863E-01
-9.222765E-03,-4.3281372E-02,-7.8372955E-01
-9.219488E-03,-4.3433960E-02,-7.8678131E-01
-9.216211E-03,-4.4044312E-02,-7.9158783E-01
-9.212934E-03,-4.3983276E-02,-7.9479218E-01
-9.209658E-03,-4.4196899E-02,-7.9914093E-01
-9.206381E-03,-4.4196899E-02,-8.0097198E-01
-9.203104E-03,-4.4288452E-02,-8.0532074E-01
-9.199827E-03,-4.3891724E-02,-8.0699921E-01
-9.196550E-03,-4.4318970E-02,-8.0905914E-01
-9.193274E-03,-4.4471558E-02,-8.1104279E-01
-9.189997E-03,-4.4898804E-02,-8.1218719E-01
-9.186720E-03,-4.5783813E-02,-8.1241608E-01
-9.183443E-03,-4.5661743E-02,-8.1401825E-01
-9.180166E-03,-4.5783813E-02,-8.1401825E-01
-9.176890E-03,-4.5570190E-02,-8.1516266E-01
-9.173613E-03,-4.5997437E-02,-8.1348419E-01
-9.170336E-03,-4.5661743E-02,-8.1356049E-01
-9.167059E-03,-4.5905884E-02,-8.1211090E-01
-9.163782E-03,-4.6088989E-02,-8.1111908E-01
-9.160506E-03,-4.6394165E-02,-8.0883026E-01
-9.157229E-03,-4.5631226E-02,-8.0753326E-01
-9.153952E-03,-4.5600708E-02,-8.0410004E-01
-9.150675E-03,-4.4898804E-02,-8.0196381E-01
-9.147398E-03,-4.6058472E-02,-7.9792023E-01
-9.144122E-03,-4.6058472E-02,-7.9471588E-01
-9.140845E-03,-4.7614868E-02,-7.9059601E-01
-9.137568E-03,-4.6699341E-02,-7.8731537E-01
-9.134291E-03,-4.6577271E-02,-7.8105927E-01
-9.131014E-03,-4.6455200E-02,-7.7701569E-01
-9.127738E-03,-4.7553833E-02,-7.7106476E-01
-9.124461E-03,-4.6546753E-02,-7.6618195E-01
-9.121184E-03,-4.7157104E-02,-7.6000214E-01
-9.117907E-03,-4.7462280E-02,-7.5473785E-01
-9.114630E-03,-4.8499878E-02,-7.4634552E-01
-9.111354E-03,-4.7462280E-02,-7.4054718E-01
-9.108077E-03,-4.7614868E-02,-7.3261261E-01
-9.104800E-03,-4.6912964E-02,-7.2475433E-01
-9.101523E-03,-4.7920044E-02,-7.1636200E-01
-9.098246E-03,-4.7920044E-02,-7.0911407E-01
-9.094970E-03,-4.8988159E-02,-7.0049286E-01
-9.091693E-03,-4.7828491E-02,-6.9149017E-01
-9.088416E-03,-4.8713501E-02,-6.8195343E-01
-9.085139E-03,-4.7981079E-02,-6.7348480E-01
-9.081862E-03,-4.8927124E-02,-6.6295624E-01
-9.078586E-03,-4.8194702E-02,-6.5258026E-01
-9.075309E-03,-4.9690063E-02,-6.4243317E-01
-9.072032E-03,-4.8957642E-02,-6.3144684E-01
-9.068755E-03,-5.0361450E-02,-6.1962128E-01
-9.065478E-03,-4.9384888E-02,-6.0901642E-01
-9.062202E-03,-4.9781616E-02,-5.9757233E-01
-9.058925E-03,-4.9384888E-02,-5.8582306E-01
-9.055648E-03,-4.9537476E-02,-5.7384491E-01
-9.052371E-03,-4.9018677E-02,-5.6133270E-01
-9.049094E-03,-4.9690063E-02,-5.4866791E-01
-9.045818E-03,-4.8530396E-02,-5.3577423E-01
-9.042541E-03,-4.9964722E-02,-5.2326202E-01
-9.039264E-03,-4.8896606E-02,-5.0937653E-01
-9.035987E-03,-4.9690063E-02,-4.9556732E-01
-9.032710E-03,-4.8499878E-02,-4.8137665E-01
-9.029434E-03,-4.9781616E-02,-4.6810150E-01
-9.026157E-03,-4.9201782E-02,-4.5322418E-01
-9.022880E-03,-4.9964722E-02,-4.3895721E-01
-9.019603E-03,-4.9415405E-02,-4.2484283E-01
-9.016326E-03,-5.0575073E-02,-4.1004181E-01
-9.013050E-03,-4.9323853E-02,-3.9371490E-01
-9.009773E-03,-5.0361450E-02,-3.7921906E-01
-9.006496E-03,-4.9110229E-02,-3.6228180E-01
-9.003219E-03,-5.0697144E-02,-3.4748077E-01
-8.999942E-03,-4.9781616E-02,-3.3153534E-01
-8.996666E-03,-5.1368530E-02,-3.1620026E-01
-8.993389E-03,-4.9262817E-02,-2.9926300E-01
-8.990112E-03,-5.0025757E-02,-2.8377533E-01
-8.986835E-03,-4.8652466E-02,-2.6706696E-01
-8.983558E-03,-4.9506958E-02,-2.5196075E-01
-8.980282E-03,-4.8499878E-02,-2.3509979E-01
-8.977005E-03,-5.0056274E-02,-2.1823883E-01
-8.973728E-03,-4.9781616E-02,-2.0076752E-01
-8.970451E-03,-5.2497681E-02,-1.8421173E-01
-8.967174E-03,-5.0483521E-02,-1.6750336E-01
-8.963898E-03,-5.1338013E-02,-1.5186310E-01
-8.960621E-03,-5.0300415E-02,-1.3401031E-01
-8.957344E-03,-5.1917847E-02,-1.1821747E-01
-8.954067E-03,-5.0727661E-02,-1.0044098E-01
-8.950790E-03,-5.2406128E-02,-8.3732605E-02
-8.947514E-03,-5.1215942E-02,-6.5803528E-02
-8.944237E-03,-5.2314575E-02,-5.0010681E-02
-8.940960E-03,-5.1124390E-02,-3.2234192E-02
-8.937683E-03,-5.1826294E-02,-1.5296936E-02
-8.934406E-03,-5.0544556E-02,2.4795532E-03
-8.931130E-03,-5.1521118E-02,1.9645691E-02
-8.927853E-03,-5.0636108E-02,3.8108826E-02
-8.924576E-03,-5.1673706E-02,5.3749084E-02
-8.921299E-03,-5.0910767E-02,7.1983337E-02
-8.918022E-03,-5.1887329E-02,8.8996887E-02
-8.914746E-03,-5.0422485E-02,1.0761261E-01
-8.911469E-03,-5.2070435E-02,1.2348175E-01
-8.908192E-03,-5.1215942E-02,1.4163971E-01
-8.904915E-03,-5.2314575E-02,1.5804291E-01
-8.901638E-03,-5.1917847E-02,1.7574310E-01
-8.898362E-03,-5.3260620E-02,1.9138336E-01
-8.895085E-03,-5.2406128E-02,2.0923615E-01
-8.891808E-03,-5.3474243E-02,2.2418976E-01
-8.888531E-03,-5.1673706E-02,2.4288177E-01
-8.885254E-03,-5.2528198E-02,2.5859833E-01
-8.881978E-03,-5.1002319E-02,2.7599335E-01
-8.878701E-03,-5.3169067E-02,2.9048920E-01
-8.875424E-03,-5.1612671E-02,3.0895233E-01
-8.872147E-03,-5.2558716E-02,3.2459259E-01
-8.868870E-03,-5.0971802E-02,3.4221649E-01
-8.865594E-03,-5.2772339E-02,3.5648346E-01
-8.862317E-03,-5.0971802E-02,3.7395477E-01
-8.859040E-03,-5.2131470E-02,3.8761139E-01
-8.855763E-03,-5.1521118E-02,4.0554047E-01
-8.852486E-03,-5.3321655E-02,4.1919708E-01
-8.849210E-03,-5.2314575E-02,4.3643951E-01
-8.845933E-03,-5.4298218E-02,4.4948578E-01
-8.842656E-03,-5.2375610E-02,4.6695709E-01
-8.839379E-03,-5.3535278E-02,4.7992706E-01
-8.836102E-03,-5.2772339E-02,4.9655914E-01
-8.832826E-03,-5.3901489E-02,5.0891876E-01
-8.829549E-03,-5.2680786E-02,5.2478790E-01
-8.826272E-03,-5.3809937E-02,5.3623199E-01
-8.822995E-03,-5.2223022E-02,5.5164337E-01
-8.819718E-03,-5.2863892E-02,5.6308746E-01
-8.816442E-03,-5.1063354E-02,5.7895660E-01
-8.813165E-03,-5.2406128E-02,5.9047699E-01
-8.809888E-03,-5.1856812E-02,6.0565948E-01
-8.806611E-03,-5.3046997E-02,6.1573029E-01
-8.803334E-03,-5.2436646E-02,6.2961578E-01
-8.800058E-03,-5.4145630E-02,6.3938141E-01
-8.796781E-03,-5.2802856E-02,6.5326691E-01
-8.793504E-03,-5.3809937E-02,6.6265106E-01
-8.790227E-03,-5.2131470E-02,6.7569733E-01
-8.786950E-03,-5.3657349E-02,6.8485260E-01
-8.783674E-03,-5.3352173E-02,6.9805145E-01
-8.780397E-03,-5.4359253E-02,7.0629120E-01
-8.777120E-03,-5.3413208E-02,7.1872711E-01
-8.773843E-03,-5.4084595E-02,7.2734833E-01
-8.770566E-03,-5.2985962E-02,7.3780060E-01
-8.767290E-03,-5.3565796E-02,7.4619293E-01
-8.764013E-03,-5.2955444E-02,7.5687408E-01
-8.760736E-03,-5.3870972E-02,7.6427460E-01
-8.757459E-03,-5.3718384E-02,7.7404022E-01
-8.754182E-03,-5.3779419E-02,7.8060150E-01
-8.750906E-03,-5.3016479E-02,7.8929901E-01
-8.747629E-03,-5.3840454E-02,7.9563141E-01
-8.744352E-03,-5.3016479E-02,8.0341339E-01
-8.741075E-03,-5.3382690E-02,8.0898285E-01
-8.737798E-03,-5.3291138E-02,8.1668854E-01
-8.734522E-03,-5.3932007E-02,8.2225800E-01
-8.731245E-03,-5.3870972E-02,8.2889557E-01
-8.727968E-03,-5.4511841E-02,8.3347321E-01
-8.724691E-03,-5.4145630E-02,8.3942413E-01
-8.721414E-03,-5.4176147E-02,8.4331512E-01
-8.718138E-03,-5.3504761E-02,8.4888458E-01
-8.714861E-03,-5.3108032E-02,8.5231781E-01
-8.711584E-03,-5.3474243E-02,8.5697174E-01
-8.708307E-03,-5.3962524E-02,8.5933685E-01
-8.705030E-03,-5.3352173E-02,8.6353302E-01
-8.701754E-03,-5.3443726E-02,8.6467743E-01
-8.698477E-03,-5.3535278E-02,8.6856842E-01
-8.695200E-03,-5.3626831E-02,8.6917877E-01
-8.691923E-03,-5.3870972E-02,8.7116241E-01
-8.688646E-03,-5.3718384E-02,8.7253571E-01
-8.685370E-03,-5.3962524E-02,8.7398529E-01
-8.682093E-03,-5.4176147E-02,8.7383270E-01
-8.678816E-03,-5.4878052E-02,8.7467194E-01
-8.675539E-03,-5.4389771E-02,8.7368011E-01
-8.672262E-03,-5.5030640E-02,8.7383270E-01
-8.668986E-03,-5.4542358E-02,8.7184906E-01
-8.665709E-03,-5.5061157E-02,8.7093353E-01
-8.662432E-03,-5.4176147E-02,8.6826324E-01
-8.659155E-03,-5.5579956E-02,8.6727142E-01
-8.655878E-03,-5.4908569E-02,8.6414337E-01
-8.652602E-03,-5.4969604E-02,8.6261749E-01
-8.649325E-03,-5.4084595E-02,8.5842133E-01
-8.646048E-03,-5.4237183E-02,8.5582733E-01
-8.642771E-03,-5.3870972E-02,8.5178375E-01
-8.639494E-03,-5.4969604E-02,8.4774017E-01
-8.636218E-03,-5.4176147E-02,8.4369659E-01
-8.632941E-03,-5.5702026E-02,8.3911896E-01
-8.629664E-03,-5.5335815E-02,8.3301544E-01
-8.626387E-03,-5.5488403E-02,8.2836151E-01
-8.623110E-03,-5.4694946E-02,8.2149506E-01
-8.619834E-03,-5.5457886E-02,8.1668854E-01
-8.616557E-03,-5.5183228E-02,8.0966949E-01
-8.613280E-03,-5.6495483E-02,8.0326080E-01
-8.610003E-03,-5.5732544E-02,7.9616547E-01
-8.606726E-03,-5.6434448E-02,7.8922272E-01
-8.603450E-03,-5.5427368E-02,7.8083038E-01
-8.600173E-03,-5.5579956E-02,7.7266693E-01
-8.596896E-03,-5.4481323E-02,7.6404572E-01
-8.593619E-03,-5.5061157E-02,7.5649261E-01
-8.590342E-03,-5.4939087E-02,7.4703217E-01
-8.587066E-03,-5.5824097E-02,7.3848724E-01
-8.583789E-03,-5.4969604E-02,7.2818756E-01
-8.580512E-03,-5.5702026E-02,7.1788788E-01
-8.577235E-03,-5.4603394E-02,7.0827484E-01
-8.573958E-03,-5.5854614E-02,6.9713593E-01
-8.570682E-03,-5.4939087E-02,6.8630219E-01
-8.567405E-03,-5.6556519E-02,6.7493439E-01
-8.564128E-03,-5.5763062E-02,6.6394806E-01
-8.560851E-03,-5.7563599E-02,6.5181732E-01
-8.557574E-03,-5.6800659E-02,6.4006805E-01
-8.554298E-03,-5.7288940E-02,6.2786102E-01
-8.551021E-03,-5.6037720E-02,6.1588287E-01
-8.547744E-03,-5.7197388E-02,6.0321808E-01
-8.544467E-03,-5.5854614E-02,5.9047699E-01
-8.541190E-03,-5.6953247E-02,5.7811737E-01
-8.537914E-03,-5.5488403E-02,5.6430817E-01
-8.534637E-03,-5.6739624E-02,5.4988861E-01
-8.531360E-03,-5.5946167E-02,5.3653717E-01
-8.528083E-03,-5.6922729E-02,5.2265167E-01
-8.524806E-03,-5.5640991E-02,5.0868988E-01
-8.521530E-03,-5.7044800E-02,4.9411774E-01
-8.518253E-03,-5.6251343E-02,4.8000336E-01
-8.514976E-03,-5.7746704E-02,4.6443939E-01
-8.511699E-03,-5.6922729E-02,4.5001984E-01
-8.508422E-03,-5.8296021E-02,4.3422699E-01
-8.505146E-03,-5.6953247E-02,4.2011261E-01
-8.501869E-03,-5.7868774E-02,4.0386200E-01
-8.498592E-03,-5.6831177E-02,3.8852692E-01
-8.495315E-03,-5.7807739E-02,3.7235260E-01
-8.492038E-03,-5.6495483E-02,3.5709381E-01
-8.488762E-03,-5.7990845E-02,3.4046173E-01
-8.485485E-03,-5.6831177E-02,3.2505035E-01
-8.482208E-03,-5.7746704E-02,3.0826569E-01
-8.478931E-03,-5.5793579E-02,2.9186249E-01
-8.475654E-03,-5.6464966E-02,2.7462006E-01
-8.472378E-03,-5.5976685E-02,2.5875092E-01
-8.469101E-03,-5.7563599E-02,2.4127960E-01
-8.465824E-03,-5.6648071E-02,2.2655487E-01
-8.462547E-03,-5.8143433E-02,2.0824432E-01
-8.459270E-03,-5.6861694E-02,1.9214630E-01
-8.455994E-03,-5.7777222E-02,1.7353058E-01
-8.452717E-03,-5.6922729E-02,1.5766144E-01
-8.449440E-03,-5.8326538E-02,1.3912201E-01
-8.446163E-03,-5.7075317E-02,1.2439728E-01
-8.442886E-03,-5.9181030E-02,1.0456085E-01
-8.439610E-03,-5.8357056E-02,8.7699890E-02
-8.436333E-03,-5.9364136E-02,6.9541931E-02
-8.433056E-03,-5.7472046E-02,5.3520203E-02
-8.429779E-03,-5.8418091E-02,3.5362244E-02
-8.426502E-03,-5.6953247E-02,1.9035339E-02
-8.423226E-03,-5.8601196E-02,6.4849854E-04
-8.419949E-03,-5.7746704E-02,-1.5068054E-02
-8.416672E-03,-5.9303101E-02,-3.3226013E-02
-8.413395E-03,-5.7716187E-02,-4.9400330E-02
-8.410118E-03,-5.9028442E-02,-6.7481995E-02
-8.406842E-03,-5.7594116E-02,-8.3427429E-02
-8.403565E-03,-5.9150513E-02,-1.0189056E-01
-8.400288E-03,-5.8112915E-02,-1.1692047E-01
-8.397011E-03,-5.9974487E-02,-1.3607025E-01
-8.393734E-03,-5.9089478E-02,-1.5110016E-01
-8.390458E-03,-6.0767944E-02,-1.6933441E-01
-8.387181E-03,-5.9333618E-02,-1.8390656E-01
-8.383904E-03,-6.0371216E-02,-2.0298004E-01
-8.380627E-03,-5.8509644E-02,-2.1831512E-01
-8.377350E-03,-5.9669312E-02,-2.3662567E-01
-8.374074E-03,-5.8173950E-02,-2.5043488E-01
-8.370797E-03,-5.9669312E-02,-2.6882172E-01
-8.367520E-03,-5.8357056E-02,-2.8278351E-01
-8.364243E-03,-5.9760864E-02,-3.0109406E-01
-8.360966E-03,-5.8082397E-02,-3.1551361E-01
-8.357690E-03,-5.9181030E-02,-3.3298492E-01
-8.354413E-03,-5.7807739E-02,-3.4748077E-01
-8.351136E-03,-5.9211548E-02,-3.6464691E-01
-8.347859E-03,-5.8143433E-02,-3.7837982E-01
-8.344582E-03,-5.9638794E-02,-3.9623260E-01
-8.341306E-03,-5.8997925E-02,-4.0889740E-01
-8.338029E-03,-6.0310181E-02,-4.2591095E-01
-8.334752E-03,-5.8936890E-02,-4.3849945E-01
-8.331475E-03,-6.0249146E-02,-4.5444489E-01
-8.328198E-03,-5.9272583E-02,-4.6588898E-01
-8.324922E-03,-6.0066040E-02,-4.8267365E-01
-8.321645E-03,-5.9119995E-02,-4.9373627E-01
-8.318368E-03,-6.0523804E-02,-5.0968170E-01
-8.315091E-03,-5.9364136E-02,-5.2112579E-01
-8.311814E-03,-6.0066040E-02,-5.3623199E-01
-8.308538E-03,-5.9058960E-02,-5.4767609E-01
-8.305261E-03,-5.9119995E-02,-5.6247711E-01
-8.301984E-03,-5.8509644E-02,-5.7315826E-01
-8.298707E-03,-6.0218628E-02,-5.8704376E-01
-8.295430E-03,-6.0157593E-02,-5.9719086E-01
-8.292154E-03,-6.0828979E-02,-6.1008453E-01
-8.288877E-03,-5.9913452E-02,-6.1992645E-01
-8.285600E-03,-6.0584839E-02,-6.3205719E-01
-8.282323E-03,-6.0005005E-02,-6.4144135E-01
-8.279046E-03,-6.0828979E-02,-6.5364838E-01
-8.275770E-03,-6.0828979E-02,-6.6219330E-01
-8.272493E-03,-6.1469849E-02,-6.7317963E-01
-8.269216E-03,-6.1286743E-02,-6.8172455E-01
-8.265939E-03,-6.1958130E-02,-6.9126129E-01
-8.262662E-03,-6.0157593E-02,-6.9965363E-01
-8.259386E-03,-6.0371216E-02,-7.0911407E-01
-8.256109E-03,-5.9669312E-02,-7.1643829E-01
-8.252832E-03,-6.0615356E-02,-7.2566986E-01
-8.249555E-03,-6.0737427E-02,-7.3284149E-01
-8.246278E-03,-6.1103638E-02,-7.4131012E-01
-8.243002E-03,-6.0035522E-02,-7.4756622E-01
-8.239725E-03,-5.7380493E-02,-7.5473785E-01
-8.236448E-03,-5.8326538E-02,-7.5885773E-01
-8.233171E-03,-5.9638794E-02,-7.6618195E-01
-8.229894E-03,-5.9730347E-02,-7.7098846E-01
-8.226618E-03,-5.9577759E-02,-7.7831268E-01
-8.223341E-03,-6.0005005E-02,-7.8189850E-01
-8.220064E-03,-6.0645874E-02,-7.8830719E-01
-8.216787E-03,-6.0493286E-02,-7.9090118E-01
-8.213510E-03,-5.9852417E-02,-7.9608917E-01
-8.210234E-03,-5.9638794E-02,-7.9799652E-01
-8.206957E-03,-5.9272583E-02,-8.0120087E-01
-8.203680E-03,-5.9608276E-02,-8.0432892E-01
-8.200403E-03,-5.9242065E-02,-8.0806732E-01
-8.197126E-03,-5.9943970E-02,-8.0883026E-01
-8.193850E-03,-5.9333618E-02,-8.1073761E-01
-8.190573E-03,-5.9943970E-02,-8.1218719E-01
-8.187296E-03,-5.9669312E-02,-8.1447601E-01
-8.184019E-03,-6.0249146E-02,-8.1508636E-01
-8.180742E-03,-5.9974487E-02,-8.1699371E-01
-8.177466E-03,-6.0981567E-02,-8.1630707E-01
-8.174189E-03,-6.1225708E-02,-8.1516266E-01
-8.170912E-03,-6.1195190E-02,-8.1417084E-01
-8.167635E-03,-6.0890015E-02,-8.1462860E-01
-8.164358E-03,-6.1469849E-02,-8.1272125E-01
-8.161082E-03,-6.0706909E-02,-8.1089020E-01
-8.157805E-03,-6.1683472E-02,-8.0776215E-01
-8.154528E-03,-6.1408813E-02,-8.0661774E-01
-8.151251E-03,-6.2385376E-02,-8.0348969E-01
-8.147974E-03,-6.1164673E-02,-8.0081940E-01
-8.144698E-03,-6.2019165E-02,-7.9685211E-01
-8.141421E-03,-6.0645874E-02,-7.9250336E-01
-8.138144E-03,-6.1469849E-02,-7.8830719E-01
-8.134867E-03,-6.0249146E-02,-7.8441620E-01
-8.131590E-03,-6.2049683E-02,-7.7854156E-01
-8.128314E-03,-6.1286743E-02,-7.7472687E-01
-8.125037E-03,-6.2721069E-02,-7.6847076E-01
-8.121760E-03,-6.2049683E-02,-7.6274872E-01
-8.118483E-03,-6.2446411E-02,-7.5534821E-01
-8.115206E-03,-6.1134155E-02,-7.4993134E-01
-8.111930E-03,-6.1897095E-02,-7.4131012E-01
-8.108653E-03,-6.1317261E-02,-7.3329926E-01
-8.105376E-03,-6.2812622E-02,-7.2689056E-01
-8.102099E-03,-6.2080200E-02,-7.1903229E-01
-8.098822E-03,-6.3300903E-02,-7.1163177E-01
-8.095546E-03,-6.1622437E-02,-7.0247650E-01
-8.092269E-03,-6.2263306E-02,-6.9309235E-01
-8.088992E-03,-6.1042603E-02,-6.8416595E-01
-8.085715E-03,-6.1897095E-02,-6.7478180E-01
-8.082438E-03,-6.1500366E-02,-6.6516876E-01
-8.079162E-03,-6.2476929E-02,-6.5479279E-01
-8.075885E-03,-6.1713989E-02,-6.4464569E-01
-8.072608E-03,-6.2751587E-02,-6.3358307E-01
-8.069331E-03,-6.1408813E-02,-6.2198639E-01
-8.066054E-03,-6.2385376E-02,-6.1145782E-01
-8.062778E-03,-6.1897095E-02,-5.9917450E-01
-8.059501E-03,-6.3056763E-02,-5.8803558E-01
-8.056224E-03,-6.2476929E-02,-5.7628632E-01
-8.052947E-03,-6.3972290E-02,-5.6369781E-01
-8.049670E-03,-6.2904175E-02,-5.5156708E-01
-8.046394E-03,-6.3575562E-02,-5.3882599E-01
-8.043117E-03,-6.2446411E-02,-5.2639008E-01
-8.039840E-03,-6.3087280E-02,-5.1273346E-01
-8.036563E-03,-6.2080200E-02,-4.9915314E-01
-8.033286E-03,-6.3667114E-02,-4.8564911E-01
-8.030010E-03,-6.2721069E-02,-4.7061920E-01
-8.026733E-03,-6.4094360E-02,-4.5711517E-01
-8.023456E-03,-6.2415894E-02,-4.4239044E-01
-8.020179E-03,-6.3728149E-02,-4.2873383E-01
-8.016902E-03,-6.2263306E-02,-4.1324615E-01
-8.013626E-03,-6.3300903E-02,-3.9890289E-01
-8.010349E-03,-6.2812622E-02,-3.8295746E-01
-8.007072E-03,-6.4460571E-02,-3.6830902E-01
-8.003795E-03,-6.3209351E-02,-3.5236359E-01
-8.000518E-03,-6.4735229E-02,-3.3657074E-01
-7.997242E-03,-6.3392456E-02,-3.1940460E-01
-7.993965E-03,-6.4582642E-02,-3.0460358E-01
-7.990688E-03,-6.3087280E-02,-2.8781891E-01
-7.987411E-03,-6.4826782E-02,-2.7317047E-01
-7.984134E-03,-6.3850220E-02,-2.5592804E-01
-7.980858E-03,-6.4918335E-02,-2.4028778E-01
-7.977581E-03,-6.4063843E-02,-2.2296906E-01
-7.974304E-03,-6.4521606E-02,-2.0687103E-01
-7.971027E-03,-6.2995728E-02,-1.8939972E-01
-7.967750E-03,-6.4185913E-02,-1.7230988E-01
-7.964474E-03,-6.3026245E-02,-1.5583038E-01
-7.961197E-03,-6.4948853E-02,-1.3927460E-01
-7.957920E-03,-6.3545044E-02,-1.2104034E-01
-7.954643E-03,-6.5650757E-02,-1.0440826E-01
-7.951366E-03,-6.4307983E-02,-8.6250305E-02
-7.948090E-03,-6.4887817E-02,-7.0762634E-02
-7.944813E-03,-6.4033325E-02,-5.2146912E-02
-7.941536E-03,-6.5223511E-02,-3.5591125E-02
-7.938259E-03,-6.3972290E-02,-1.8196106E-02
-7.934982E-03,-6.5803345E-02,-1.0299683E-03
-7.931706E-03,-6.4582642E-02,1.7356873E-02
-7.928429E-03,-6.5833862E-02,3.3226013E-02
-7.925152E-03,-6.3850220E-02,5.0773621E-02
-7.921875E-03,-6.5070923E-02,6.7405701E-02
-7.918598E-03,-6.3880737E-02,8.6021423E-02
-7.915322E-03,-6.5772827E-02,1.0234833E-01
-7.912045E-03,-6.3880737E-02,1.2180328E-01
-7.908768E-03,-6.5437134E-02,1.3698578E-01
-7.905491E-03,-6.4216431E-02,1.5552521E-01
-7.902214E-03,-6.5986450E-02,1.7093658E-01
-7.898938E-03,-6.4857300E-02,1.8924713E-01
-7.895661E-03,-6.5559204E-02,2.0519257E-01
-7.892384E-03,-6.4704712E-02,2.2296906E-01
-7.889107E-03,-6.6901978E-02,2.3807526E-01
-7.885830E-03,-6.5925415E-02,2.5653839E-01
-7.882554E-03,-6.7878540E-02,2.7149200E-01
-7.879277E-03,-6.6230591E-02,2.8972626E-01
-7.876000E-03,-6.7939575E-02,3.0406952E-01
-7.872723E-03,-6.6108521E-02,3.2283783E-01
-7.869446E-03,-6.7451294E-02,3.3664703E-01
-7.866170E-03,-6.5223511E-02,3.5480499E-01
-7.862893E-03,-6.7085083E-02,3.6991119E-01
-7.859616E-03,-6.5772827E-02,3.8776398E-01
-7.856339E-03,-6.7390259E-02,4.0019989E-01
-7.853062E-03,-6.6200073E-02,4.1759491E-01
-7.849786E-03,-6.7268188E-02,4.3087006E-01
-7.846509E-03,-6.5803345E-02,4.4879913E-01
-7.843232E-03,-6.7237671E-02,4.6222687E-01
-7.839955E-03,-6.6200073E-02,4.7908783E-01
-7.836678E-03,-6.7817505E-02,4.9175262E-01
-7.833402E-03,-6.7207153E-02,5.0830841E-01
-7.830125E-03,-6.8427856E-02,5.2082062E-01
-7.826848E-03,-6.7298706E-02,5.3577423E-01
-7.823571E-03,-6.8580444E-02,5.4775238E-01
-7.820294E-03,-6.7817505E-02,5.6324005E-01
-7.817018E-03,-6.8946655E-02,5.7544708E-01
-7.813741E-03,-6.8824585E-02,5.9040070E-01
-7.810464E-03,-6.9434937E-02,6.0077667E-01
-7.807187E-03,-6.8580444E-02,6.1466217E-01
-7.803910E-03,-6.8488892E-02,6.2572479E-01
-7.800634E-03,-6.7573364E-02,6.3861847E-01
-7.797357E-03,-6.8275269E-02,6.4975739E-01
-7.794080E-03,-6.8031128E-02,6.6333771E-01
-7.790803E-03,-6.9740112E-02,6.7249298E-01
-7.787526E-03,-7.0136841E-02,6.8454742E-01
-7.784250E-03,-7.0899780E-02,6.9507599E-01
-7.780973E-03,-7.0380981E-02,7.0560455E-01
-7.777696E-03,-7.1204956E-02,7.1521759E-01
-7.774419E-03,-7.0960815E-02,7.2612762E-01
-7.771142E-03,-7.1510132E-02,7.3558807E-01
-7.767866E-03,-7.1723755E-02,7.4619293E-01
-7.764589E-03,-7.2212036E-02,7.5397491E-01
-7.761312E-03,-7.1601685E-02,7.6358795E-01
-7.758035E-03,-7.2273071E-02,7.6999664E-01
-7.754758E-03,-7.1815308E-02,7.7869415E-01
-7.751482E-03,-7.2059448E-02,7.8617096E-01
-7.748205E-03,-7.2059448E-02,7.9433441E-01
-7.744928E-03,-7.2273071E-02,8.0013275E-01
-7.741651E-03,-7.2944458E-02,8.0760956E-01
-7.738374E-03,-7.3066528E-02,8.1333160E-01
-7.735098E-03,-7.3524292E-02,8.2096100E-01
-7.731821E-03,-7.3676880E-02,8.2553864E-01
-7.728544E-03,-7.3768433E-02,8.3202362E-01
-7.725267E-03,-7.4195679E-02,8.3599091E-01
-7.721990E-03,-7.4989136E-02,8.4224701E-01
-7.718714E-03,-7.5294312E-02,8.4613800E-01
-7.715437E-03,-7.6331909E-02,8.5086823E-01
-7.712160E-03,-7.6850708E-02,8.5353851E-01
-7.708883E-03,-7.7430542E-02,8.5781097E-01
-7.705606E-03,-7.6179321E-02,8.5956573E-01
-7.702330E-03,-7.6331909E-02,8.6345673E-01
-7.699053E-03,-7.5721558E-02,8.6528778E-01
-7.695776E-03,-7.6301392E-02,8.6841583E-01
-7.692499E-03,-7.6179321E-02,8.6963654E-01
-7.689222E-03,-7.7155884E-02,8.7238312E-01
-7.685946E-03,-7.7155884E-02,8.7177277E-01
-7.682669E-03,-7.7888306E-02,8.7276459E-01
-7.679392E-03,-7.7338989E-02,8.7177277E-01
-7.676115E-03,-7.8223999E-02,8.7314606E-01
-7.672838E-03,-7.8101929E-02,8.7146759E-01
-7.669562E-03,-7.9231079E-02,8.7215424E-01
-7.666285E-03,-7.9536255E-02,8.7017059E-01
-7.663008E-03,-8.0726440E-02,8.6826324E-01
-7.659731E-03,-8.0085571E-02,8.6620331E-01
-7.656454E-03,-8.0817993E-02,8.6490631E-01
-7.653178E-03,-8.0817993E-02,8.6078644E-01
-7.649901E-03,-8.1825073E-02,8.5895538E-01
-7.646624E-03,-8.1275757E-02,8.5498810E-01
-7.643347E-03,-8.2832153E-02,8.5140228E-01
-7.640070E-03,-8.2313354E-02,8.4690094E-01
-7.636794E-03,-8.3198364E-02,8.4323883E-01
-7.633517E-03,-8.1947144E-02,8.3736420E-01
-7.630240E-03,-8.2771118E-02,8.3316803E-01
-7.626963E-03,-8.2923706E-02,8.2752228E-01
-7.623686E-03,-8.4602173E-02,8.2172394E-01
-7.620410E-03,-8.4602173E-02,8.1592560E-01
-7.617133E-03,-8.6280640E-02,8.0982208E-01
-7.613856E-03,-8.5578735E-02,8.0257416E-01
-7.610579E-03,-8.6585815E-02,7.9631805E-01
-7.607302E-03,-8.5944946E-02,7.8914642E-01
-7.604026E-03,-8.7348755E-02,7.8136444E-01
-7.600749E-03,-8.7470825E-02,7.7281952E-01
-7.597472E-03,-8.9423950E-02,7.6457977E-01
-7.594195E-03,-8.8569458E-02,7.5626373E-01
-7.590918E-03,-8.9759644E-02,7.4672699E-01
-7.587642E-03,-8.8844116E-02,7.3787689E-01
-7.584365E-03,-9.0125854E-02,7.2887421E-01
-7.581088E-03,-8.9729126E-02,7.1811676E-01
-7.577811E-03,-9.1163452E-02,7.0774078E-01
-7.574534E-03,-9.0675171E-02,6.9789886E-01
-7.571258E-03,-9.2109497E-02,6.8798065E-01
-7.567981E-03,-9.1468628E-02,6.7707062E-01
-7.564704E-03,-9.2750366E-02,6.6493988E-01
-7.561427E-03,-9.2414673E-02,6.5425873E-01
-7.558150E-03,-9.3818481E-02,6.4220428E-01
-7.554874E-03,-9.3421753E-02,6.3037872E-01
-7.551597E-03,-9.4947632E-02,6.1771393E-01
-7.548320E-03,-9.4825562E-02,6.0588837E-01
-7.545043E-03,-9.6381958E-02,5.9276581E-01
-7.541766E-03,-9.5954712E-02,5.7918549E-01
-7.538490E-03,-9.7205933E-02,5.6583405E-01
-7.535213E-03,-9.6168335E-02,5.5301666E-01
-7.531936E-03,-9.7480591E-02,5.3943634E-01
-7.528659E-03,-9.6351440E-02,5.2577972E-01
-7.525382E-03,-9.7938354E-02,5.1158905E-01
-7.522106E-03,-9.7236450E-02,4.9694061E-01
-7.518829E-03,-9.8914917E-02,4.8244476E-01
-7.515552E-03,-9.8274048E-02,4.6810150E-01
-7.512275E-03,-9.9616821E-02,4.5230865E-01
-7.508998E-03,-9.8304565E-02,4.3781281E-01
-7.505722E-03,-1.0044080E-01,4.2148590E-01
-7.502445E-03,-9.9677856E-02,4.0660858E-01
-7.499168E-03,-1.0150891E-01,3.8982391E-01
-7.495891E-03,-1.0132581E-01,3.7624359E-01
-7.492614E-03,-1.0315686E-01,3.5930634E-01
-7.489338E-03,-1.0190564E-01,3.4427643E-01
-7.486061E-03,-1.0306531E-01,3.2802582E-01
-7.482784E-03,-1.0236340E-01,3.1276703E-01
-7.479507E-03,-1.0425549E-01,2.9552460E-01
-7.476230E-03,-1.0358411E-01,2.7996063E-01
-7.472954E-03,-1.0514050E-01,2.6157379E-01
-7.469677E-03,-1.0434705E-01,2.4593353E-01
-7.466400E-03,-1.0578137E-01,2.2800446E-01
-7.463123E-03,-1.0401135E-01,2.1266937E-01
-7.459846E-03,-1.0547620E-01,1.9466400E-01
-7.456570E-03,-1.0459119E-01,1.7871857E-01
-7.453293E-03,-1.0712415E-01,1.6086578E-01
-7.450016E-03,-1.0681897E-01,1.4522552E-01
-7.446739E-03,-1.0889417E-01,1.2660980E-01
-7.443462E-03,-1.0749036E-01,1.1005402E-01
-7.440186E-03,-1.0898572E-01,9.0827942E-02
-7.436909E-03,-1.0831433E-01,7.5340271E-02
-7.433632E-03,-1.1008435E-01,5.6037903E-02
-7.430355E-03,-1.0956555E-01,4.1007996E-02
-7.427078E-03,-1.1161023E-01,2.1553040E-02
-7.423802E-03,-1.1066418E-01,6.2179565E-03
-7.420525E-03,-1.1228162E-01,-1.2702942E-02
-7.417248E-03,-1.1090833E-01,-2.8266907E-02
-7.413971E-03,-1.1212903E-01,-4.7569275E-02
-7.410694E-03,-1.1069470E-01,-6.2828064E-02
-7.407418E-03,-1.1246472E-01,-8.0528259E-02
-7.404141E-03,-1.1200696E-01,-9.6168518E-02
-7.400864E-03,-1.1368542E-01,-1.1516571E-01
-7.397587E-03,-1.1228162E-01,-1.3057709E-01
-7.394310E-03,-1.1386853E-01,-1.4949799E-01
-7.391034E-03,-1.1273938E-01,-1.6391754E-01
-7.387757E-03,-1.1463147E-01,-1.8230438E-01
-7.384480E-03,-1.1334973E-01,-1.9710541E-01
-7.381203E-03,-1.1563855E-01,-2.1595001E-01
-7.377926E-03,-1.1508923E-01,-2.3059845E-01
-7.374650E-03,-1.1667615E-01,-2.4929047E-01
-7.371373E-03,-1.1621838E-01,-2.6325226E-01
-7.368096E-03,-1.1716443E-01,-2.8110504E-01
-7.364819E-03,-1.1600476E-01,-2.9476166E-01
-7.361542E-03,-1.1704236E-01,-3.1398773E-01
-7.358266E-03,-1.1612683E-01,-3.2695770E-01
-7.354989E-03,-1.1756116E-01,-3.4503937E-01
-7.351712E-03,-1.1707288E-01,-3.5900116E-01
-7.348435E-03,-1.1844617E-01,-3.7670135E-01
-7.345158E-03,-1.1746960E-01,-3.9058685E-01
-7.341882E-03,-1.1844617E-01,-4.0737152E-01
-7.338605E-03,-1.1771375E-01,-4.1996002E-01
-7.335328E-03,-1.1878186E-01,-4.3674469E-01
-7.332051E-03,-1.1838513E-01,-4.4887543E-01
-7.328774E-03,-1.2003308E-01,-4.6504974E-01
-7.325498E-03,-1.1984998E-01,-4.7771454E-01
-7.322221E-03,-1.2116223E-01,-4.9358368E-01
-7.318944E-03,-1.2024670E-01,-5.0563812E-01
-7.315667E-03,-1.2088757E-01,-5.1975250E-01
-7.312390E-03,-1.2039929E-01,-5.3195953E-01
-7.309114E-03,-1.2131482E-01,-5.4630280E-01
-7.305837E-03,-1.2143689E-01,-5.5728912E-01
-7.302560E-03,-1.2195569E-01,-5.7041168E-01
-7.299283E-03,-1.2143689E-01,-5.8155060E-01
-7.296006E-03,-1.2189465E-01,-5.9589386E-01
-7.292730E-03,-1.2055188E-01,-6.0611725E-01
-7.289453E-03,-1.2125378E-01,-6.1809540E-01
-7.286176E-03,-1.2198621E-01,-6.2854767E-01
-7.282899E-03,-1.2314587E-01,-6.3999176E-01
-7.279622E-03,-1.2317639E-01,-6.4907074E-01
-7.276346E-03,-1.2406140E-01,-6.6066742E-01
-7.273069E-03,-1.2339001E-01,-6.6974640E-01
-7.269792E-03,-1.2311536E-01,-6.7958832E-01
-7.266515E-03,-1.2302380E-01,-6.8805695E-01
-7.263238E-03,-1.2403088E-01,-6.9705963E-01
-7.259962E-03,-1.2467175E-01,-7.0568085E-01
-7.256685E-03,-1.2528210E-01,-7.1460724E-01
-7.253408E-03,-1.2549573E-01,-7.2185516E-01
-7.250131E-03,-1.2516003E-01,-7.2994232E-01
-7.246854E-03,-1.2525159E-01,-7.3726654E-01
-7.243578E-03,-1.2461072E-01,-7.4588776E-01
-7.240301E-03,-1.2549573E-01,-7.5199127E-01
-7.237024E-03,-1.2564832E-01,-7.5923920E-01
-7.233747E-03,-1.2613660E-01,-7.6366425E-01
-7.230470E-03,-1.2607556E-01,-7.7068329E-01
-7.227194E-03,-1.2653333E-01,-7.7564240E-01
-7.223917E-03,-1.2555676E-01,-7.8136444E-01
-7.220640E-03,-1.2647229E-01,-7.8540802E-01
-7.217363E-03,-1.2662488E-01,-7.9006195E-01
-7.214086E-03,-1.2735730E-01,-7.9372406E-01
-7.210810E-03,-1.2732678E-01,-7.9822540E-01
-7.207533E-03,-1.2836438E-01,-8.0036163E-01
-7.204256E-03,-1.2857800E-01,-8.0333710E-01
-7.200979E-03,-1.2854749E-01,-8.0524445E-01
-7.197702E-03,-1.2796765E-01,-8.0844879E-01
-7.194426E-03,-1.2808972E-01,-8.0944061E-01
-7.191149E-03,-1.2693005E-01,-8.1188202E-01
-7.187872E-03,-1.2772351E-01,-8.1256866E-01
-7.184595E-03,-1.2763196E-01,-8.1455231E-01
-7.181318E-03,-1.2860852E-01,-8.1394196E-01
-7.178042E-03,-1.2766248E-01,-8.1478119E-01
-7.174765E-03,-1.2918835E-01,-8.1501007E-01
-7.171488E-03,-1.2818127E-01,-8.1516266E-01
-7.168211E-03,-1.2894421E-01,-8.1302643E-01
-7.164934E-03,-1.2824231E-01,-8.1295013E-01
-7.161658E-03,-1.2937146E-01,-8.0989838E-01
-7.158381E-03,-1.2863904E-01,-8.0875397E-01
-7.155104E-03,-1.2995129E-01,-8.0501556E-01
-7.151827E-03,-1.2912732E-01,-8.0333710E-01
-7.148550E-03,-1.3001233E-01,-7.9914093E-01
-7.145274E-03,-1.2973767E-01,-7.9662323E-01
-7.141997E-03,-1.2992078E-01,-7.9265594E-01
-7.138720E-03,-1.3004285E-01,-7.8899384E-01
-7.135443E-03,-1.3123303E-01,-7.8365326E-01
-7.132166E-03,-1.3016492E-01,-7.7854156E-01
-7.128890E-03,-1.3104993E-01,-7.7320099E-01
-7.125613E-03,-1.2915784E-01,-7.6763153E-01
-7.122336E-03,-1.2934094E-01,-7.6206207E-01
-7.119059E-03,-1.2854749E-01,-7.5603485E-01
-7.115782E-03,-1.3004285E-01,-7.4962616E-01
-7.112506E-03,-1.2976819E-01,-7.4207306E-01
-7.109229E-03,-1.3175183E-01,-7.3467255E-01
-7.105952E-03,-1.3028699E-01,-7.2750092E-01
-7.102675E-03,-1.3086682E-01,-7.1872711E-01
-7.099398E-03,-1.2964612E-01,-7.1079254E-01
-7.096122E-03,-1.3083630E-01,-7.0209503E-01
-7.092845E-03,-1.3013440E-01,-6.9355011E-01
-7.089568E-03,-1.3190442E-01,-6.8416595E-01
-7.086291E-03,-1.3138562E-01,-6.7462921E-01
-7.083014E-03,-1.3224011E-01,-6.6532135E-01
-7.079738E-03,-1.3062268E-01,-6.5547943E-01
-7.076461E-03,-1.3132458E-01,-6.4517975E-01
-7.073184E-03,-1.3062268E-01,-6.3465118E-01
-7.069907E-03,-1.3114148E-01,-6.2389374E-01
-7.066630E-03,-1.3068372E-01,-6.1260223E-01
-7.063354E-03,-1.3224011E-01,-6.0169220E-01
-7.060077E-03,-1.3111096E-01,-5.8933258E-01
-7.056800E-03,-1.3169080E-01,-5.7781219E-01
-7.053523E-03,-1.3080579E-01,-5.6537628E-01
-7.050246E-03,-1.3254529E-01,-5.5385590E-01
-7.046970E-03,-1.3193494E-01,-5.4103851E-01
-7.043693E-03,-1.3349133E-01,-5.2791595E-01
-7.040416E-03,-1.3230115E-01,-5.1395416E-01
-7.037139E-03,-1.3355237E-01,-5.0113678E-01
-7.033862E-03,-1.3272839E-01,-4.8656464E-01
-7.030586E-03,-1.3352185E-01,-4.7252655E-01
-7.027309E-03,-1.3236218E-01,-4.5757294E-01
-7.024032E-03,-1.3321667E-01,-4.4437408E-01
-7.020755E-03,-1.3187390E-01,-4.2926788E-01
-7.017478E-03,-1.3272839E-01,-4.1461945E-01
-7.014202E-03,-1.3199597E-01,-3.9966583E-01
-7.010925E-03,-1.3343030E-01,-3.8516998E-01
-7.007648E-03,-1.3190442E-01,-3.6853790E-01
-7.004371E-03,-1.3321667E-01,-3.5358429E-01
-7.001094E-03,-1.3193494E-01,-3.3718109E-01
-6.997818E-03,-1.3349133E-01,-3.2306671E-01
-6.994541E-03,-1.3199597E-01,-3.0513763E-01
-6.991264E-03,-1.3333875E-01,-2.8949738E-01
-6.987987E-03,-1.3306409E-01,-2.7248383E-01
-6.984710E-03,-1.3434583E-01,-2.5714874E-01
-6.981434E-03,-1.3336926E-01,-2.4028778E-01
-6.978157E-03,-1.3437634E-01,-2.2533417E-01
-6.974880E-03,-1.3312512E-01,-2.0709991E-01
-6.971603E-03,-1.3477307E-01,-1.9214630E-01
-6.968326E-03,-1.3349133E-01,-1.7383575E-01
-6.965050E-03,-1.3486462E-01,-1.5750885E-01
-6.961773E-03,-1.3397961E-01,-1.3957977E-01
-6.958496E-03,-1.3449841E-01,-1.2462616E-01
-6.955219E-03,-1.3251477E-01,-1.0532379E-01
-6.951942E-03,-1.3327771E-01,-8.9683533E-02
-6.948666E-03,-1.3220959E-01,-7.1907043E-02
-6.945389E-03,-1.3474255E-01,-5.5732727E-02
-6.942112E-03,-1.3437634E-01,-3.7651062E-02
-6.938835E-03,-1.3593274E-01,-2.2239685E-02
-6.935558E-03,-1.3452893E-01,-2.8610229E-03
-6.932282E-03,-1.3516980E-01,1.2626648E-02
-6.929005E-03,-1.3385754E-01,3.1242371E-02
-6.925728E-03,-1.3526135E-01,4.6653748E-02
-6.922451E-03,-1.3462048E-01,6.6184998E-02
-6.919174E-03,-1.3660413E-01,8.1443787E-02
-6.915898E-03,-1.3529187E-01,1.0028839E-01
-6.912621E-03,-1.3654309E-01,1.1669159E-01
-6.909344E-03,-1.3483411E-01,1.3629913E-01
-6.906067E-03,-1.3581067E-01,1.5140533E-01
-6.902790E-03,-1.3428479E-01,1.6941071E-01
-6.899514E-03,-1.3626843E-01,1.8436432E-01
-6.896237E-03,-1.3520032E-01,2.0343781E-01
-6.892960E-03,-1.3657361E-01,2.1831512E-01
-6.889683E-03,-1.3474255E-01,2.3715973E-01
-6.886406E-03,-1.3581067E-01,2.5196075E-01
-6.883130E-03,-1.3458997E-01,2.6966095E-01
-6.879853E-03,-1.3605481E-01,2.8507233E-01
-6.876576E-03,-1.3547498E-01,3.0307770E-01
-6.873299E-03,-1.3703137E-01,3.1787872E-01
-6.870022E-03,-1.3596326E-01,3.3603668E-01
-6.866746E-03,-1.3764172E-01,3.5083771E-01
-6.863469E-03,-1.3681775E-01,3.6869049E-01
-6.860192E-03,-1.3764172E-01,3.8303375E-01
-6.856915E-03,-1.3623792E-01,4.0042877E-01
-6.853638E-03,-1.3681775E-01,4.1385651E-01
-6.850362E-03,-1.3562756E-01,4.3087006E-01
-6.847085E-03,-1.3736707E-01,4.4452667E-01
-6.843808E-03,-1.3681775E-01,4.6154022E-01
-6.840531E-03,-1.3761121E-01,4.7481537E-01
-6.837254E-03,-1.3660413E-01,4.9121857E-01
-6.833978E-03,-1.3745862E-01,5.0365448E-01
-6.830701E-03,-1.3651257E-01,5.1937103E-01
-6.827424E-03,-1.3761121E-01,5.3234100E-01
-6.824147E-03,-1.3709241E-01,5.4729462E-01
-6.820870E-03,-1.3776379E-01,5.5957794E-01
-6.817594E-03,-1.3782483E-01,5.7460785E-01
-6.814317E-03,-1.3852673E-01,5.8643341E-01
-6.811040E-03,-1.3831311E-01,6.0001373E-01
-6.807763E-03,-1.3904553E-01,6.1199188E-01
-6.804486E-03,-1.3822156E-01,6.2488556E-01
-6.801210E-03,-1.3892346E-01,6.3579559E-01
-6.797933E-03,-1.3928967E-01,6.4891815E-01
-6.794656E-03,-1.3944226E-01,6.5937042E-01
-6.791379E-03,-1.3944226E-01,6.7249298E-01
-6.788102E-03,-1.3889294E-01,6.8180084E-01
-6.784826E-03,-1.3788586E-01,6.9408417E-01
-6.781549E-03,-1.3794690E-01,7.0377350E-01
-6.778272E-03,-1.3825208E-01,7.1453094E-01
-6.774995E-03,-1.3953381E-01,7.2292328E-01
-6.771718E-03,-1.4026624E-01,7.3352814E-01
-6.768442E-03,-1.4051038E-01,7.4275970E-01
-6.765165E-03,-1.4008313E-01,7.5298309E-01
-6.761888E-03,-1.3959485E-01,7.6045990E-01
-6.758611E-03,-1.3965588E-01,7.7129364E-01
-6.755334E-03,-1.4035779E-01,7.7800751E-01
-6.752058E-03,-1.4112073E-01,7.8701019E-01
-6.748781E-03,-1.4093762E-01,7.9273224E-01
-6.745504E-03,-1.4118176E-01,8.0142975E-01
-6.742227E-03,-1.4041882E-01,8.0699921E-01
-6.738950E-03,-1.4063245E-01,8.1394196E-01
-6.735674E-03,-1.3986951E-01,8.1897736E-01
-6.732397E-03,-1.4060193E-01,8.2630157E-01
-6.729120E-03,-1.4020520E-01,8.3087921E-01
-6.725843E-03,-1.4105969E-01,8.3698273E-01
-6.722566E-03,-1.4093762E-01,8.4079742E-01
-6.719290E-03,-1.4182263E-01,8.4606171E-01
-6.716013E-03,-1.4093762E-01,8.4911346E-01
-6.712736E-03,-1.4170056E-01,8.5414886E-01
-6.709459E-03,-1.4109021E-01,8.5788727E-01
-6.706182E-03,-1.4276868E-01,8.6139679E-01
-6.702906E-03,-1.4243298E-01,8.6277008E-01
-6.699629E-03,-1.4386731E-01,8.6597443E-01
-6.696352E-03,-1.4319592E-01,8.6704254E-01
-6.693075E-03,-1.4337903E-01,8.7024689E-01
-6.689798E-03,-1.4295178E-01,8.7055206E-01
-6.686522E-03,-1.4344006E-01,8.7322235E-01
-6.683245E-03,-1.4237195E-01,8.7253571E-01
-6.679968E-03,-1.4331799E-01,8.7383270E-01
-6.676691E-03,-1.4307385E-01,8.7230682E-01
-6.673414E-03,-1.4386731E-01,8.7299347E-01
-6.670138E-03,-1.4344006E-01,8.7070465E-01
-6.666861E-03,-1.4420300E-01,8.7062836E-01
-6.663584E-03,-1.4322644E-01,8.6902618E-01
-6.660307E-03,-1.4414197E-01,8.6711884E-01
-6.657030E-03,-1.4386731E-01,8.6475372E-01
-6.653754E-03,-1.4490491E-01,8.6208344E-01
-6.650477E-03,-1.4429456E-01,8.5948944E-01
-6.647200E-03,-1.4578992E-01,8.5613251E-01
-6.643923E-03,-1.4484387E-01,8.5201263E-01
-6.640646E-03,-1.4612561E-01,8.4857941E-01
-6.637370E-03,-1.4459973E-01,8.4453583E-01
-6.634093E-03,-1.4603406E-01,8.3972931E-01
-6.630816E-03,-1.4563733E-01,8.3461761E-01
-6.627539E-03,-1.4636975E-01,8.2942963E-01
-6.624262E-03,-1.4575940E-01,8.2447052E-01
-6.620986E-03,-1.4624768E-01,8.1859589E-01
-6.617709E-03,-1.4505750E-01,8.1195831E-01
-6.614432E-03,-1.4588147E-01,8.0562592E-01
-6.611155E-03,-1.4511853E-01,7.9799652E-01
-6.607878E-03,-1.4655286E-01,7.9067230E-01
-6.604602E-03,-1.4630872E-01,7.8273773E-01
-6.601325E-03,-1.4823132E-01,7.7503204E-01
-6.598048E-03,-1.4688855E-01,7.6656342E-01
-6.594771E-03,-1.4762097E-01,7.5839996E-01
-6.591494E-03,-1.4627820E-01,7.4962616E-01
-6.588218E-03,-1.4752942E-01,7.4024200E-01
-6.584941E-03,-1.4707166E-01,7.3001862E-01
-6.581664E-03,-1.4875012E-01,7.2017670E-01
-6.578387E-03,-1.4771252E-01,7.1132660E-01
-6.575110E-03,-1.4887219E-01,6.9988251E-01
-6.571834E-03,-1.4762097E-01,6.8996429E-01
-6.568557E-03,-1.4844495E-01,6.7890167E-01
-6.565280E-03,-1.4743787E-01,6.6776276E-01
-6.562003E-03,-1.4841443E-01,6.5639496E-01
-6.558726E-03,-1.4743787E-01,6.4495087E-01
-6.555450E-03,-1.4868909E-01,6.3236237E-01
-6.552173E-03,-1.4810925E-01,6.2099457E-01
-6.548896E-03,-1.4890271E-01,6.0771942E-01
-6.545619E-03,-1.4774304E-01,5.9543610E-01
-6.542342E-03,-1.4923840E-01,5.8155060E-01
-6.539066E-03,-1.4859753E-01,5.6972504E-01
-6.535789E-03,-1.5036755E-01,5.5507660E-01
-6.532512E-03,-1.4932996E-01,5.4149628E-01
-6.529235E-03,-1.5131360E-01,5.2791595E-01
-6.525958E-03,-1.4984875E-01,5.1471710E-01
-6.522682E-03,-1.5097791E-01,4.9922943E-01
-6.519405E-03,-1.4923840E-01,4.8580170E-01
-6.516128E-03,-1.5076428E-01,4.7069550E-01
-6.512851E-03,-1.4951306E-01,4.5619965E-01
-6.509574E-03,-1.5106946E-01,4.4010162E-01
-6.506298E-03,-1.5000134E-01,4.2575836E-01
-6.503021E-03,-1.5137463E-01,4.0950775E-01
-6.499744E-03,-1.4975720E-01,3.9508820E-01
-6.496467E-03,-1.5103894E-01,3.7845612E-01
-6.493190E-03,-1.4978772E-01,3.6342621E-01
-6.489914E-03,-1.5079480E-01,3.4610748E-01
-6.486637E-03,-1.5009290E-01,3.3084869E-01
-6.483360E-03,-1.5235120E-01,3.1261444E-01
-6.480083E-03,-1.5158826E-01,2.9781342E-01
-6.476806E-03,-1.5259534E-01,2.7957916E-01
-6.473530E-03,-1.5152722E-01,2.6462555E-01
-6.470253E-03,-1.5244275E-01,2.4700165E-01
-6.466976E-03,-1.5152722E-01,2.3189545E-01
-6.463699E-03,-1.5277844E-01,2.1389008E-01
-6.460422E-03,-1.5174084E-01,1.9832611E-01
-6.457146E-03,-1.5308362E-01,1.8016815E-01
-6.453869E-03,-1.5158826E-01,1.6483307E-01
-6.450592E-03,-1.5268689E-01,1.4629364E-01
-6.447315E-03,-1.5061169E-01,1.3080597E-01
-6.444038E-03,-1.5213757E-01,1.1104584E-01
-6.440762E-03,-1.5045911E-01,9.5710754E-02
-6.437485E-03,-1.5268689E-01,7.7018738E-02
-6.434208E-03,-1.5225964E-01,6.0462952E-02
-6.430931E-03,-1.5387708E-01,4.1313171E-02
-6.427654E-03,-1.5216809E-01,2.5444031E-02
-6.424378E-03,-1.5344983E-01,7.0571899E-03
-6.421101E-03,-1.5210706E-01,-8.4304810E-03
-6.417824E-03,-1.5372449E-01,-2.7122498E-02
-6.414547E-03,-1.5256482E-01,-4.1923523E-02
-6.411270E-03,-1.5409070E-01,-6.0768127E-02
-6.407994E-03,-1.5314465E-01,-7.5874329E-02
-6.404717E-03,-1.5448743E-01,-9.4490051E-02
-6.401440E-03,-1.5296155E-01,-1.0929108E-01
-6.398163E-03,-1.5390759E-01,-1.2874603E-01
-6.394886E-03,-1.5268689E-01,-1.4347076E-01
-6.391610E-03,-1.5372449E-01,-1.6262054E-01
-6.388333E-03,-1.5293103E-01,-1.7734528E-01
-6.385056E-03,-1.5433484E-01,-1.9611359E-01
-6.381779E-03,-1.5354138E-01,-2.1205902E-01
-6.378502E-03,-1.5442639E-01,-2.3036957E-01
-6.375226E-03,-1.5369397E-01,-2.4478912E-01
-6.371949E-03,-1.5448743E-01,-2.6287079E-01
-6.368672E-03,-1.5396863E-01,-2.7736664E-01
-6.365395E-03,-1.5518933E-01,-2.9445648E-01
-6.362118E-03,-1.5457898E-01,-3.1017303E-01
-6.358842E-03,-1.5586072E-01,-3.2711029E-01
-6.355565E-03,-1.5503674E-01,-3.4175873E-01
-6.352288E-03,-1.5543347E-01,-3.5846710E-01
-6.349011E-03,-1.5473157E-01,-3.7273407E-01
-6.345734E-03,-1.5494519E-01,-3.8944244E-01
-6.342458E-03,-1.5399915E-01,-4.0294647E-01
-6.339181E-03,-1.5427380E-01,-4.1896820E-01
-6.335904E-03,-1.5396863E-01,-4.3231964E-01
-6.332627E-03,-1.5433484E-01,-4.4704437E-01
-6.329350E-03,-1.5369397E-01,-4.6016693E-01
-6.326074E-03,-1.5393811E-01,-4.7557831E-01
-6.322797E-03,-1.5329724E-01,-4.8831940E-01
-6.319520E-03,-1.5369397E-01,-5.0327301E-01
-6.316243E-03,-1.5378552E-01,-5.1555634E-01
-6.312966E-03,-1.5451794E-01,-5.2974701E-01
-6.309690E-03,-1.5448743E-01,-5.4203033E-01
-6.306413E-03,-1.5518933E-01,-5.5561066E-01
-6.303136E-03,-1.5518933E-01,-5.6720734E-01
-6.299859E-03,-1.5549451E-01,-5.8055878E-01
-6.296582E-03,-1.5515881E-01,-5.9131622E-01
-6.293306E-03,-1.5555554E-01,-6.0359955E-01
-6.290029E-03,-1.5579968E-01,-6.1428070E-01
-6.286752E-03,-1.5595227E-01,-6.2595367E-01
-6.283475E-03,-1.5531140E-01,-6.3632965E-01
-6.280198E-03,-1.5482312E-01,-6.4769745E-01
-6.276922E-03,-1.5442639E-01,-6.5784454E-01
-6.273645E-03,-1.5482312E-01,-6.6890717E-01
-6.270368E-03,-1.5521985E-01,-6.7798615E-01
-6.267091E-03,-1.5567761E-01,-6.8767548E-01
-6.263814E-03,-1.5610486E-01,-6.9568634E-01
-6.260538E-03,-1.5595227E-01,-7.0507050E-01
-6.257261E-03,-1.5616589E-01,-7.1178436E-01
-6.253984E-03,-1.5531140E-01,-7.2154999E-01
-6.250707E-03,-1.5607434E-01,-7.2887421E-01
-6.247430E-03,-1.5555554E-01,-7.3741913E-01
-6.244154E-03,-1.5668469E-01,-7.4337006E-01
-6.240877E-03,-1.5665417E-01,-7.5153351E-01
-6.237600E-03,-1.5662366E-01,-7.5679779E-01
-6.234323E-03,-1.5570813E-01,-7.6358795E-01
-6.231046E-03,-1.5628796E-01,-7.6854706E-01
-6.227770E-03,-1.5561658E-01,-7.7526093E-01
-6.224493E-03,-1.5625745E-01,-7.7968597E-01
-6.221216E-03,-1.5558606E-01,-7.8525543E-01
-6.217939E-03,-1.5607434E-01,-7.8945160E-01
-6.214662E-03,-1.5579968E-01,-7.9402924E-01
-6.211386E-03,-1.5644055E-01,-7.9654694E-01
-6.208109E-03,-1.5518933E-01,-8.0051422E-01
-6.204832E-03,-1.5613538E-01,-8.0287933E-01
-6.201555E-03,-1.5564709E-01,-8.0593109E-01
-6.198278E-03,-1.5714246E-01,-8.0844879E-01
-6.195002E-03,-1.5616589E-01,-8.1066132E-01
-6.191725E-03,-1.5705090E-01,-8.1195831E-01
-6.188448E-03,-1.5680676E-01,-8.1310272E-01
-6.185171E-03,-1.5775281E-01,-8.1401825E-01
-6.181894E-03,-1.5641003E-01,-8.1447601E-01
-6.178618E-03,-1.5659314E-01,-8.1485748E-01
-6.175341E-03,-1.5518933E-01,-8.1493378E-01
-6.172064E-03,-1.5650159E-01,-8.1378937E-01
-6.168787E-03,-1.5558606E-01,-8.1317902E-01
-6.165510E-03,-1.5641003E-01,-8.1142426E-01
-6.162234E-03,-1.5534192E-01,-8.1081390E-01
-6.158957E-03,-1.5628796E-01,-8.0844879E-01
-6.155680E-03,-1.5494519E-01,-8.0608368E-01
-6.152403E-03,-1.5570813E-01,-8.0333710E-01
-6.149126E-03,-1.5518933E-01,-8.0028534E-01
-6.145850E-03,-1.5668469E-01,-7.9685211E-01
-6.142573E-03,-1.5598279E-01,-7.9364777E-01
-6.139296E-03,-1.5705090E-01,-7.8975677E-01
-6.136019E-03,-1.5650159E-01,-7.8464508E-01
-6.132742E-03,-1.5747815E-01,-7.8014374E-01
-6.129466E-03,-1.5619641E-01,-7.7487946E-01
-6.126189E-03,-1.5720349E-01,-7.7060699E-01
-6.122912E-03,-1.5604382E-01,-7.6412201E-01
-6.119635E-03,-1.5726453E-01,-7.5801849E-01
-6.116358E-03,-1.5607434E-01,-7.5130463E-01
-6.113082E-03,-1.5665417E-01,-7.4398041E-01
-6.109805E-03,-1.5488416E-01,-7.3719025E-01
-6.106528E-03,-1.5576917E-01,-7.2994232E-01
-6.103251E-03,-1.5485364E-01,-7.2261810E-01
-6.099974E-03,-1.5616589E-01,-7.1460724E-01
-6.096698E-03,-1.5537244E-01,-7.0575714E-01
-6.093421E-03,-1.5662366E-01,-6.9683075E-01
-6.090144E-03,-1.5518933E-01,-6.8782806E-01
-6.086867E-03,-1.5634900E-01,-6.7844391E-01
-6.083590E-03,-1.5479260E-01,-6.6844940E-01
-6.080314E-03,-1.5616589E-01,-6.5906525E-01
-6.077037E-03,-1.5525037E-01,-6.4800262E-01
-6.073760E-03,-1.5671521E-01,-6.3732147E-01
-6.070483E-03,-1.5586072E-01,-6.2595367E-01
-6.067206E-03,-1.5708142E-01,-6.1595917E-01
-6.063930E-03,-1.5515881E-01,-6.0367584E-01
-6.060653E-03,-1.5586072E-01,-5.9352875E-01
-6.057376E-03,-1.5406018E-01,-5.8086395E-01
-6.054099E-03,-1.5576917E-01,-5.6926727E-01
-6.050822E-03,-1.5451794E-01,-5.5583954E-01
-6.047546E-03,-1.5573865E-01,-5.4439545E-01
-6.044269E-03,-1.5448743E-01,-5.2989960E-01
-6.040992E-03,-1.5570813E-01,-5.1784515E-01
-6.037715E-03,-1.5464001E-01,-5.0411224E-01
-6.034438E-03,-1.5546399E-01,-4.9068451E-01
-6.031162E-03,-1.5427380E-01,-4.7458649E-01
-6.027885E-03,-1.5607434E-01,-4.6222687E-01
-6.024608E-03,-1.5506726E-01,-4.4788361E-01
-6.021331E-03,-1.5668469E-01,-4.3453217E-01
-6.018054E-03,-1.5534192E-01,-4.1790009E-01
-6.014778E-03,-1.5613538E-01,-4.0477753E-01
-6.011501E-03,-1.5448743E-01,-3.8814545E-01
-6.008224E-03,-1.5515881E-01,-3.7502289E-01
-6.004947E-03,-1.5381604E-01,-3.5839081E-01
-6.001670E-03,-1.5500623E-01,-3.4343719E-01
-5.998394E-03,-1.5372449E-01,-3.2604218E-01
-5.995117E-03,-1.5552502E-01,-3.1093597E-01
-5.991840E-03,-1.5402966E-01,-2.9376984E-01
-5.988563E-03,-1.5509778E-01,-2.7812958E-01
-5.985286E-03,-1.5335828E-01,-2.6165009E-01
-5.982010E-03,-1.5479260E-01,-2.4662018E-01
-5.978733E-03,-1.5372449E-01,-2.2853851E-01
-5.975456E-03,-1.5552502E-01,-2.1350861E-01
-5.972179E-03,-1.5399915E-01,-1.9420624E-01
-5.968902E-03,-1.5528088E-01,-1.7940521E-01
-5.965626E-03,-1.5393811E-01,-1.6078949E-01
-5.962349E-03,-1.5494519E-01,-1.4514923E-01
-5.959072E-03,-1.5363293E-01,-1.2653351E-01
-5.955795E-03,-1.5470105E-01,-1.1020660E-01
-5.952518E-03,-1.5360242E-01,-9.1972351E-02
-5.949242E-03,-1.5454846E-01,-7.6332092E-02
-5.945965E-03,-1.5268689E-01,-5.7945251E-02
-5.942688E-03,-1.5418225E-01,-4.2839050E-02
-5.939411E-03,-1.5213757E-01,-2.3765564E-02
-5.936134E-03,-1.5338879E-01,-8.3541870E-03
-5.932858E-03,-1.5235120E-01,1.1024475E-02
-5.929581E-03,-1.5396863E-01,2.5901794E-02
-5.926304E-03,-1.5341931E-01,4.5204163E-02
-5.923027E-03,-1.5433484E-01,6.0234070E-02
-5.919750E-03,-1.5332776E-01,7.9002380E-02
-5.916474E-03,-1.5436536E-01,9.4795227E-02
-5.913197E-03,-1.5308362E-01,1.1363983E-01
-5.909920E-03,-1.5433484E-01,1.2989044E-01
-5.906643E-03,-1.5341931E-01,1.4919281E-01
-5.903366E-03,-1.5482312E-01,1.6414642E-01
-5.900090E-03,-1.5372449E-01,1.8276215E-01
-5.896813E-03,-1.5464001E-01,1.9855499E-01
-5.893536E-03,-1.5320569E-01,2.1671295E-01
-5.890259E-03,-1.5369397E-01,2.3204803E-01
-5.886982E-03,-1.5283948E-01,2.4982452E-01
-5.883706E-03,-1.5366345E-01,2.6470184E-01
-5.880429E-03,-1.5311414E-01,2.8347015E-01
-5.877152E-03,-1.5399915E-01,2.9735565E-01
-5.873875E-03,-1.5302258E-01,3.1513214E-01
-5.870598E-03,-1.5332776E-01,3.3054352E-01
-5.867322E-03,-1.5256482E-01,3.4824371E-01
-5.864045E-03,-1.5329724E-01,3.6304474E-01
-5.860768E-03,-1.5299207E-01,3.7990570E-01
-5.857491E-03,-1.5396863E-01,3.9501190E-01
-5.854214E-03,-1.5369397E-01,4.1164398E-01
-5.850938E-03,-1.5485364E-01,4.2629242E-01
-5.847661E-03,-1.5378552E-01,4.4300079E-01
-5.844384E-03,-1.5363293E-01,4.5688629E-01
-5.841107E-03,-1.5287000E-01,4.7313690E-01
-5.837830E-03,-1.5320569E-01,4.8717499E-01
-5.834554E-03,-1.5280896E-01,5.0243378E-01
-5.831277E-03,-1.5314465E-01,5.1563263E-01
-5.828000E-03,-1.5293103E-01,5.2997589E-01
-5.824723E-03,-1.5274792E-01,5.4317474E-01
-5.821446E-03,-1.5271741E-01,5.5652618E-01
-5.818170E-03,-1.5277844E-01,5.6926727E-01
-5.814893E-03,-1.5247327E-01,5.8361053E-01
-5.811616E-03,-1.5305310E-01,5.9574127E-01
-5.808339E-03,-1.5317517E-01,6.0916901E-01
-5.805062E-03,-1.5332776E-01,6.2114716E-01
-5.801786E-03,-1.5351086E-01,6.3343048E-01
-5.798509E-03,-1.5320569E-01,6.4502716E-01
-5.795232E-03,-1.5299207E-01,6.5784454E-01
-5.791955E-03,-1.5287000E-01,6.6799164E-01
-5.788678E-03,-1.5332776E-01,6.7981720E-01
-5.785402E-03,-1.5329724E-01,6.8943024E-01
-5.782125E-03,-1.5351086E-01,7.0133209E-01
-5.778848E-03,-1.5302258E-01,7.1132660E-01
-5.775571E-03,-1.5335828E-01,7.2139740E-01
-5.772294E-03,-1.5238171E-01,7.3101044E-01
-5.769018E-03,-1.5192395E-01,7.4100494E-01
-5.765741E-03,-1.5174084E-01,7.4954987E-01
-5.762464E-03,-1.5235120E-01,7.5893402E-01
-5.759187E-03,-1.5213757E-01,7.6732635E-01
-5.755910E-03,-1.5308362E-01,7.7747345E-01
-5.752634E-03,-1.5299207E-01,7.8380585E-01
-5.749357E-03,-1.5314465E-01,7.9235077E-01
-5.746080E-03,-1.5213757E-01,7.9936981E-01
-5.742803E-03,-1.5305310E-01,8.0631256E-01
-5.739526E-03,-1.5247327E-01,8.1287384E-01
-5.736250E-03,-1.5341931E-01,8.1920624E-01
-5.732973E-03,-1.5323621E-01,8.2416534E-01
-5.729696E-03,-1.5317517E-01,8.3026886E-01
-5.726419E-03,-1.5216809E-01,8.3423615E-01
-5.723142E-03,-1.5244275E-01,8.4041595E-01
-5.719866E-03,-1.5174084E-01,8.4476471E-01
-5.716589E-03,-1.5219861E-01,8.4995270E-01
-5.713312E-03,-1.5177136E-01,8.5369110E-01
-5.710035E-03,-1.5299207E-01,8.5765839E-01
-5.706758E-03,-1.5247327E-01,8.6002350E-01
-5.703482E-03,-1.5280896E-01,8.6307526E-01
-5.700205E-03,-1.5192395E-01,8.6582184E-01
-5.696928E-03,-1.5271741E-01,8.6780548E-01
-5.693651E-03,-1.5167981E-01,8.6894989E-01
-5.690374E-03,-1.5320569E-01,8.7154388E-01
-5.687098E-03,-1.5247327E-01,8.7154388E-01
-5.683821E-03,-1.5390759E-01,8.7261200E-01
-5.680544E-03,-1.5335828E-01,8.7314606E-01
-5.677267E-03,-1.5424329E-01,8.7261200E-01
-5.673990E-03,-1.5317517E-01,8.7238312E-01
-5.670714E-03,-1.5393811E-01,8.7108612E-01
-5.667437E-03,-1.5283948E-01,8.7017059E-01
-5.664160E-03,-1.5360242E-01,8.6849213E-01
-5.660883E-03,-1.5302258E-01,8.6734772E-01
-5.657606E-03,-1.5430432E-01,8.6521149E-01
-5.654330E-03,-1.5323621E-01,8.6223602E-01
-5.651053E-03,-1.5369397E-01,8.5933685E-01
-5.647776E-03,-1.5222913E-01,8.5681915E-01
-5.644499E-03,-1.5329724E-01,8.5323334E-01
-5.641222E-03,-1.5232068E-01,8.4896088E-01
-5.637946E-03,-1.5393811E-01,8.4445953E-01
-5.634669E-03,-1.5344983E-01,8.4026337E-01
-5.631392E-03,-1.5445691E-01,8.3530426E-01
-5.628115E-03,-1.5372449E-01,8.2965851E-01
-5.624838E-03,-1.5436536E-01,8.2416534E-01
-5.621562E-03,-1.5326672E-01,8.1851959E-01
-5.618285E-03,-1.5436536E-01,8.1203461E-01
-5.615008E-03,-1.5344983E-01,8.0684662E-01
-5.611731E-03,-1.5457898E-01,7.9929352E-01
-5.608454E-03,-1.5302258E-01,7.9196930E-01
-5.605178E-03,-1.5320569E-01,7.8464508E-01
-5.601901E-03,-1.5180188E-01,7.7739716E-01
-5.598624E-03,-1.5332776E-01,7.6847076E-01
-5.595347E-03,-1.5167981E-01,7.6000214E-01
-5.592070E-03,-1.5299207E-01,7.5099945E-01
-5.588794E-03,-1.5198499E-01,7.4207306E-01
-5.585517E-03,-1.5399915E-01,7.3337555E-01
-5.582240E-03,-1.5256482E-01,7.2399139E-01
-5.578963E-03,-1.5378552E-01,7.1315765E-01
-5.575686E-03,-1.5216809E-01,7.0247650E-01
-5.572410E-03,-1.5351086E-01,6.9225311E-01
-5.569133E-03,-1.5256482E-01,6.8180084E-01
-5.565856E-03,-1.5396863E-01,6.6944122E-01
-5.562579E-03,-1.5271741E-01,6.5853119E-01
-5.559302E-03,-1.5366345E-01,6.4693451E-01
-5.556026E-03,-1.5232068E-01,6.3549042E-01
-5.552749E-03,-1.5354138E-01,6.2274933E-01
-5.549472E-03,-1.5235120E-01,6.1153412E-01
-5.546195E-03,-1.5344983E-01,5.9719086E-01
-5.542918E-03,-1.5271741E-01,5.8574677E-01
-5.539642E-03,-1.5430432E-01,5.7086945E-01
-5.536365E-03,-1.5274792E-01,5.5858612E-01
-5.533088E-03,-1.5409070E-01,5.4340363E-01
-5.529811E-03,-1.5271741E-01,5.3050995E-01
-5.526534E-03,-1.5421277E-01,5.1616669E-01
-5.523258E-03,-1.5293103E-01,5.0251007E-01
-5.519981E-03,-1.5460950E-01,4.8709869E-01
-5.516704E-03,-1.5387708E-01,4.7389984E-01
-5.513427E-03,-1.5537244E-01,4.5726776E-01
-5.510150E-03,-1.5467053E-01,4.4391632E-01
-5.506874E-03,-1.5500623E-01,4.2797089E-01
-5.503597E-03,-1.5317517E-01,4.1362762E-01
-5.500320E-03,-1.5451794E-01,3.9623260E-01
-5.497043E-03,-1.5296155E-01,3.8272858E-01
-5.493766E-03,-1.5451794E-01,3.6449432E-01
-5.490490E-03,-1.5341931E-01,3.5068512E-01
-5.487213E-03,-1.5433484E-01,3.3214569E-01
-5.483936E-03,-1.5268689E-01,3.1726837E-01
-5.480659E-03,-1.5454846E-01,2.9895782E-01
-5.477382E-03,-1.5317517E-01,2.8499603E-01
-5.474106E-03,-1.5421277E-01,2.6645660E-01
-5.470829E-03,-1.5314465E-01,2.5180817E-01
-5.467552E-03,-1.5512830E-01,2.3288727E-01
-5.464275E-03,-1.5412122E-01,2.1823883E-01
-5.460998E-03,-1.5546399E-01,1.9939423E-01
-5.457722E-03,-1.5378552E-01,1.8520355E-01
-5.454445E-03,-1.5549451E-01,1.6613007E-01
-5.451168E-03,-1.5384656E-01,1.5064240E-01
-5.447891E-03,-1.5525037E-01,1.3210297E-01
-5.444614E-03,-1.5378552E-01,1.1608124E-01
-5.441338E-03,-1.5552502E-01,9.6855164E-02
-5.438061E-03,-1.5406018E-01,8.1443787E-02
-5.434784E-03,-1.5497571E-01,6.1454773E-02
-5.431507E-03,-1.5296155E-01,4.6043396E-02
-5.428230E-03,-1.5372449E-01,2.7275085E-02
-5.424954E-03,-1.5344983E-01,1.2092590E-02
-5.421677E-03,-1.5506726E-01,-6.9808960E-03
-5.418400E-03,-1.5448743E-01,-2.2697449E-02
-5.415123E-03,-1.5573865E-01,-4.1313171E-02
-5.411846E-03,-1.5506726E-01,-5.6648254E-02
-5.408570E-03,-1.5564709E-01,-7.4729919E-02
-5.405293E-03,-1.5482312E-01,-9.0446472E-02
-5.402016E-03,-1.5595227E-01,-1.0906219E-01
-5.398739E-03,-1.5512830E-01,-1.2462616E-01
-5.395462E-03,-1.5598279E-01,-1.4301300E-01
-5.392186E-03,-1.5497571E-01,-1.5804291E-01
-5.388909E-03,-1.5555554E-01,-1.7627716E-01
-5.385632E-03,-1.5476208E-01,-1.9145966E-01
-5.382355E-03,-1.5467053E-01,-2.0984650E-01
-5.379078E-03,-1.5421277E-01,-2.2510529E-01
-5.375802E-03,-1.5457898E-01,-2.4265289E-01
-5.372525E-03,-1.5399915E-01,-2.5821686E-01
-5.369248E-03,-1.5518933E-01,-2.7545929E-01
-5.365971E-03,-1.5485364E-01,-2.9094696E-01
-5.362694E-03,-1.5521985E-01,-3.0818939E-01
-5.359418E-03,-1.5491467E-01,-3.2253265E-01
-5.356141E-03,-1.5506726E-01,-3.3992767E-01
-5.352864E-03,-1.5528088E-01,-3.5373688E-01
-5.349587E-03,-1.5601331E-01,-3.7174225E-01
-5.346310E-03,-1.5613538E-01,-3.8646698E-01
-5.343034E-03,-1.5683728E-01,-4.0218353E-01
-5.339757E-03,-1.5711194E-01,-4.1614532E-01
-5.336480E-03,-1.5708142E-01,-4.3125153E-01
-5.333203E-03,-1.5641003E-01,-4.4475555E-01
-5.329926E-03,-1.5558606E-01,-4.5925140E-01
-5.326650E-03,-1.5555554E-01,-4.7222137E-01
-5.323373E-03,-1.5573865E-01,-4.8717499E-01
-5.320096E-03,-1.5579968E-01,-5.0098419E-01
-5.316819E-03,-1.5659314E-01,-5.1494598E-01
-5.313542E-03,-1.5613538E-01,-5.2745819E-01
-5.310266E-03,-1.5579968E-01,-5.4195404E-01
-5.306989E-03,-1.5622693E-01,-5.5324554E-01
-5.303712E-03,-1.5598279E-01,-5.6674957E-01
-5.300435E-03,-1.5659314E-01,-5.7788849E-01
-5.297158E-03,-1.5674573E-01,-5.9146881E-01
-5.293882E-03,-1.5738660E-01,-6.0214996E-01
-5.290605E-03,-1.5711194E-01,-6.1382294E-01
-5.287328E-03,-1.5702039E-01,-6.2450409E-01
-5.284051E-03,-1.5683728E-01,-6.3549042E-01
-5.280774E-03,-1.5711194E-01,-6.4556122E-01
-5.277498E-03,-1.5628796E-01,-6.5685272E-01
-5.274221E-03,-1.5738660E-01,-6.6646576E-01
-5.270944E-03,-1.5671521E-01,-6.7699432E-01
-5.267667E-03,-1.5689832E-01,-6.8668365E-01
-5.264390E-03,-1.5512830E-01,-6.9568634E-01
-5.261114E-03,-1.5558606E-01,-7.0407867E-01
-5.257837E-03,-1.5558606E-01,-7.1369171E-01
-5.254560E-03,-1.5650159E-01,-7.2109222E-01
-5.251283E-03,-1.5589124E-01,-7.2902679E-01
-5.248006E-03,-1.5695935E-01,-7.3680878E-01
-5.244730E-03,-1.5598279E-01,-7.4504852E-01
-5.241453E-03,-1.5665417E-01,-7.4970245E-01
-5.238176E-03,-1.5540295E-01,-7.5740814E-01
-5.234899E-03,-1.5616589E-01,-7.6313019E-01
-5.231622E-03,-1.5518933E-01,-7.6908112E-01
-5.228346E-03,-1.5653210E-01,-7.7404022E-01
-5.225069E-03,-1.5589124E-01,-7.7945709E-01
-5.221792E-03,-1.5610486E-01,-7.8342438E-01
-5.218515E-03,-1.5488416E-01,-7.8800201E-01
-5.215238E-03,-1.5604382E-01,-7.9227448E-01
-5.211962E-03,-1.5476208E-01,-7.9654694E-01
-5.208685E-03,-1.5637952E-01,-7.9975128E-01
-5.205408E-03,-1.5525037E-01,-8.0348969E-01
-5.202131E-03,-1.5659314E-01,-8.0547333E-01
-5.198854E-03,-1.5512830E-01,-8.0791473E-01
-5.195578E-03,-1.5586072E-01,-8.1035614E-01
-5.192301E-03,-1.5454846E-01,-8.1119537E-01
-5.189024E-03,-1.5531140E-01,-8.1295013E-01
-5.185747E-03,-1.5457898E-01,-8.1409454E-01
-5.182470E-03,-1.5576917E-01,-8.1432343E-01
-5.179194E-03,-1.5476208E-01,-8.1523895E-01
-5.175917E-03,-1.5604382E-01,-8.1356049E-01
-5.172640E-03,-1.5525037E-01,-8.1363678E-01
-5.169363E-03,-1.5607434E-01,-8.1272125E-01
-5.166086E-03,-1.5488416E-01,-8.1211090E-01
-5.162810E-03,-1.5531140E-01,-8.1012726E-01
-5.159533E-03,-1.5387708E-01,-8.0837250E-01
-5.156256E-03,-1.5497571E-01,-8.0699921E-01
-5.152979E-03,-1.5430432E-01,-8.0387115E-01
-5.149702E-03,-1.5518933E-01,-8.0150604E-01
-5.146426E-03,-1.5402966E-01,-7.9807281E-01
-5.143149E-03,-1.5460950E-01,-7.9410553E-01
-5.139872E-03,-1.5326672E-01,-7.8960419E-01
-5.136595E-03,-1.5424329E-01,-7.8525543E-01
-5.133318E-03,-1.5299207E-01,-7.8022003E-01
-5.130042E-03,-1.5406018E-01,-7.7602386E-01
-5.126765E-03,-1.5344983E-01,-7.7014923E-01
-5.123488E-03,-1.5427380E-01,-7.6419830E-01
-5.120211E-03,-1.5302258E-01,-7.5771332E-01
-5.116934E-03,-1.5418225E-01,-7.5191498E-01
-5.113658E-03,-1.5262585E-01,-7.4428558E-01
-5.110381E-03,-1.5360242E-01,-7.3772430E-01
-5.107104E-03,-1.5268689E-01,-7.2933197E-01
-5.103827E-03,-1.5393811E-01,-7.2208405E-01
-5.100550E-03,-1.5253430E-01,-7.1323395E-01
-5.097274E-03,-1.5308362E-01,-7.0545197E-01
-5.093997E-03,-1.5106946E-01,-6.9629669E-01
-5.090720E-03,-1.5161877E-01,-6.8820953E-01
-5.087443E-03,-1.5064221E-01,-6.7752838E-01
-5.084166E-03,-1.5256482E-01,-6.6814423E-01
-5.080890E-03,-1.5189343E-01,-6.5761566E-01
-5.077613E-03,-1.5317517E-01,-6.4922333E-01
-5.074336E-03,-1.5143567E-01,-6.3823700E-01
-5.071059E-03,-1.5235120E-01,-6.2801361E-01
-5.067782E-03,-1.5100842E-01,-6.1656952E-01
-5.064506E-03,-1.5161877E-01,-6.0543060E-01
-5.061229E-03,-1.5085583E-01,-5.9314728E-01
-5.057952E-03,-1.5287000E-01,-5.8223724E-01
-5.054675E-03,-1.5149670E-01,-5.6865692E-01
-5.051398E-03,-1.5250378E-01,-5.5767059E-01
-5.048122E-03,-1.5027600E-01,-5.4416656E-01
-5.044845E-03,-1.5106946E-01,-5.3318024E-01
-5.041568E-03,-1.5012341E-01,-5.1784515E-01
-5.038291E-03,-1.5164929E-01,-5.0632477E-01
-5.035014E-03,-1.5030652E-01,-4.9053192E-01
-5.031738E-03,-1.5189343E-01,-4.7786713E-01
-5.028461E-03,-1.5018445E-01,-4.6276093E-01
-5.025184E-03,-1.5149670E-01,-4.5063019E-01
-5.021907E-03,-1.4990979E-01,-4.3422699E-01
-5.018630E-03,-1.5113049E-01,-4.2087555E-01
-5.015354E-03,-1.5039807E-01,-4.0523529E-01
-5.012077E-03,-1.5241223E-01,-3.9165497E-01
-5.008800E-03,-1.5116101E-01,-3.7425995E-01
-5.005523E-03,-1.5259534E-01,-3.6090851E-01
-5.002246E-03,-1.5106946E-01,-3.4374237E-01
-4.998970E-03,-1.5229016E-01,-3.2932281E-01
-4.995693E-03,-1.5097791E-01,-3.1147003E-01
-4.992416E-03,-1.5222913E-01,-2.9674530E-01
-4.989139E-03,-1.5042859E-01,-2.7828217E-01
-4.985862E-03,-1.5213757E-01,-2.6531219E-01
-4.982586E-03,-1.5094739E-01,-2.4753571E-01
-4.979309E-03,-1.5213757E-01,-2.3143768E-01
-4.976032E-03,-1.5097791E-01,-2.1297455E-01
-4.972755E-03,-1.5247327E-01,-1.9809723E-01
-4.969478E-03,-1.5113049E-01,-1.7887115E-01
-4.966202E-03,-1.5265637E-01,-1.6445160E-01
-4.962925E-03,-1.5106946E-01,-1.4583588E-01
-4.959648E-03,-1.5287000E-01,-1.3042450E-01
-4.956371E-03,-1.5198499E-01,-1.1234283E-01
-4.953094E-03,-1.5351086E-01,-9.7312927E-02
-4.949818E-03,-1.5274792E-01,-7.8239441E-02
-4.946541E-03,-1.5369397E-01,-6.2904358E-02
-4.943264E-03,-1.5268689E-01,-4.3983459E-02
-4.939987E-03,-1.5381604E-01,-2.8266907E-02
-4.936710E-03,-1.5290051E-01,-9.8800659E-03
-4.933434E-03,-1.5418225E-01,5.9127808E-03
-4.930157E-03,-1.5317517E-01,2.4986267E-02
-4.926880E-03,-1.5393811E-01,4.0016174E-02
-4.923603E-03,-1.5250378E-01,5.8784485E-02
-4.920326E-03,-1.5277844E-01,7.4958801E-02
-4.917050E-03,-1.5219861E-01,9.3727112E-02
-4.913773E-03,-1.5369397E-01,1.1043549E-01
-4.910496E-03,-1.5366345E-01,1.2935638E-01
-4.907219E-03,-1.5476208E-01,1.4598846E-01
-4.903942E-03,-1.5314465E-01,1.6407013E-01
-4.900666E-03,-1.5344983E-01,1.7932892E-01
-4.897389E-03,-1.5351086E-01,1.9702911E-01
-4.894112E-03,-1.5521985E-01,2.1221161E-01
-4.890835E-03,-1.5506726E-01,2.2998810E-01
-4.887558E-03,-1.5583020E-01,2.4578094E-01
-4.884282E-03,-1.5506726E-01,2.6332855E-01
-4.881005E-03,-1.5592175E-01,2.7942657E-01
-4.877728E-03,-1.5549451E-01,2.9613495E-01
-4.874451E-03,-1.5586072E-01,3.1177521E-01
-4.871174E-03,-1.5521985E-01,3.2894135E-01
-4.867898E-03,-1.5595227E-01,3.4473419E-01
-4.864621E-03,-1.5622693E-01,3.6144257E-01
-4.861344E-03,-1.5637952E-01,3.7639618E-01
-4.858067E-03,-1.5592175E-01,3.9272308E-01
-4.854790E-03,-1.5583020E-01,4.0744781E-01
-4.851514E-03,-1.5610486E-01,4.2407990E-01
-4.848237E-03,-1.5680676E-01,4.3865204E-01
-4.844960E-03,-1.5683728E-01,4.5543671E-01
-4.841683E-03,-1.5747815E-01,4.6947479E-01
-4.838406E-03,-1.5784436E-01,4.8511505E-01
-4.835130E-03,-1.5827161E-01,4.9922943E-01
-4.831853E-03,-1.5872937E-01,5.1433563E-01
-4.828576E-03,-1.5839368E-01,5.2738190E-01
-4.825299E-03,-1.5836316E-01,5.4180145E-01
-4.822022E-03,-1.5793591E-01,5.5484772E-01
-4.818746E-03,-1.5836316E-01,5.6873322E-01
-4.815469E-03,-1.5799695E-01,5.8162689E-01
-4.812192E-03,-1.5866833E-01,5.9543610E-01
-4.808915E-03,-1.5863782E-01,6.0787201E-01
-4.805638E-03,-1.5964490E-01,6.2068939E-01
-4.802362E-03,-1.5912610E-01,6.3190460E-01
-4.799085E-03,-1.5921765E-01,6.4479828E-01
-4.795808E-03,-1.5921765E-01,6.5593719E-01
-4.792531E-03,-1.6052991E-01,6.6822052E-01
-4.789254E-03,-1.6086560E-01,6.7844391E-01
-4.785978E-03,-1.6211682E-01,6.8973541E-01
-4.782701E-03,-1.6153699E-01,7.0011139E-01
-4.779424E-03,-1.6196423E-01,7.1170807E-01
-4.776147E-03,-1.6190320E-01,7.2101593E-01
-4.772870E-03,-1.6294080E-01,7.3123932E-01
-4.769594E-03,-1.6245251E-01,7.4001312E-01
-4.766317E-03,-1.6321545E-01,7.5046539E-01
-4.763040E-03,-1.6309338E-01,7.5870514E-01
-4.759763E-03,-1.6425305E-01,7.6702118E-01
-4.756486E-03,-1.6315442E-01,7.7533722E-01
-4.753210E-03,-1.6324597E-01,7.8372955E-01
-4.749933E-03,-1.6315442E-01,7.9074860E-01
-4.746656E-03,-1.6397839E-01,7.9845428E-01
-4.743379E-03,-1.6416150E-01,8.0410004E-01
-4.740102E-03,-1.6614514E-01,8.1264496E-01
-4.736826E-03,-1.6541272E-01,8.1760406E-01
-4.733549E-03,-1.6632825E-01,8.2370758E-01
-4.730272E-03,-1.6541272E-01,8.2950592E-01
-4.726995E-03,-1.6648083E-01,8.3553314E-01
-4.723718E-03,-1.6583997E-01,8.4003448E-01
-4.720442E-03,-1.6785413E-01,8.4522247E-01
-4.717165E-03,-1.6718274E-01,8.4926605E-01
-4.713888E-03,-1.6852551E-01,8.5391998E-01
-4.710611E-03,-1.6736584E-01,8.5720062E-01
-4.707334E-03,-1.6840344E-01,8.6063385E-01
-4.704058E-03,-1.6684705E-01,8.6460114E-01
-4.700781E-03,-1.6837292E-01,8.6643219E-01
-4.697504E-03,-1.6791516E-01,8.6833954E-01
-4.694227E-03,-1.6904431E-01,8.7055206E-01
-4.690950E-03,-1.6828137E-01,8.7207794E-01
-4.687674E-03,-1.6971570E-01,8.7276459E-01
-4.684397E-03,-1.6870862E-01,8.7276459E-01
-4.681120E-03,-1.7002087E-01,8.7306976E-01
-4.677843E-03,-1.6965466E-01,8.7398529E-01
-4.674566E-03,-1.7160779E-01,8.7261200E-01
-4.671290E-03,-1.7078381E-01,8.7268829E-01
-4.668013E-03,-1.7230969E-01,8.7154388E-01
-4.664736E-03,-1.7166882E-01,8.7055206E-01
-4.661459E-03,-1.7273694E-01,8.6833954E-01
-4.658182E-03,-1.7197400E-01,8.6643219E-01
-4.654906E-03,-1.7276746E-01,8.6292267E-01
-4.651629E-03,-1.7124158E-01,8.6154938E-01
-4.648352E-03,-1.7197400E-01,8.5727692E-01
-4.645075E-03,-1.7139417E-01,8.5430145E-01
-4.641798E-03,-1.7331677E-01,8.4957123E-01
-4.638522E-03,-1.7243176E-01,8.4606171E-01
-4.635245E-03,-1.7292004E-01,8.4171295E-01
-4.631968E-03,-1.7191296E-01,8.3705902E-01
-4.628691E-03,-1.7325574E-01,8.3141327E-01
-4.625414E-03,-1.7267590E-01,8.2675934E-01
-4.622138E-03,-1.7395764E-01,8.2073212E-01
-4.618861E-03,-1.7334729E-01,8.1455231E-01
-4.615584E-03,-1.7469006E-01,8.0745697E-01
-4.612307E-03,-1.7417126E-01,8.0081940E-01
-4.609030E-03,-1.7533093E-01,7.9380035E-01
-4.605754E-03,-1.7404919E-01,7.8624725E-01
-4.602477E-03,-1.7514783E-01,7.7739716E-01
-4.599200E-03,-1.7499524E-01,7.7022552E-01
-4.595923E-03,-1.7618542E-01,7.6076508E-01
-4.592646E-03,-1.7505627E-01,7.5275421E-01
-4.589370E-03,-1.7627698E-01,7.4298859E-01
-4.586093E-03,-1.7423230E-01,7.3352814E-01
-4.582816E-03,-1.7545300E-01,7.2330475E-01
-4.579539E-03,-1.7438489E-01,7.1407318E-01
-4.576262E-03,-1.7609387E-01,7.0285797E-01
-4.572986E-03,-1.7545300E-01,6.9232941E-01
-4.569709E-03,-1.7752820E-01,6.8119049E-01
-4.566432E-03,-1.7612439E-01,6.7173004E-01
-4.563155E-03,-1.7719250E-01,6.5944672E-01
-4.559878E-03,-1.7536145E-01,6.4899445E-01
-4.556602E-03,-1.7700940E-01,6.3549042E-01
-4.553325E-03,-1.7612439E-01,6.2450409E-01
-4.550048E-03,-1.7777234E-01,6.1038971E-01
-4.546771E-03,-1.7603284E-01,6.0009003E-01
-4.543494E-03,-1.7758923E-01,5.8513641E-01
-4.540218E-03,-1.7615491E-01,5.7460785E-01
-4.536941E-03,-1.7691785E-01,5.5927277E-01
-4.533664E-03,-1.7520886E-01,5.4683685E-01
-4.530387E-03,-1.7667371E-01,5.3218842E-01
-4.527110E-03,-1.7609387E-01,5.1921844E-01
-4.523834E-03,-1.7780286E-01,5.0365448E-01
-4.520557E-03,-1.7603284E-01,4.9060822E-01
-4.517280E-03,-1.7707043E-01,4.7412872E-01
-4.514003E-03,-1.7594128E-01,4.6123505E-01
-4.510726E-03,-1.7716199E-01,4.4391632E-01
-4.507450E-03,-1.7548352E-01,4.3056488E-01
-4.504173E-03,-1.7713147E-01,4.1370392E-01
-4.500896E-03,-1.7642957E-01,4.0088654E-01
-4.497619E-03,-1.7850476E-01,3.8280487E-01
-4.494342E-03,-1.7719250E-01,3.6983490E-01
-4.491066E-03,-1.7761975E-01,3.5114288E-01
-4.487789E-03,-1.7597180E-01,3.3740997E-01
-4.484512E-03,-1.7703992E-01,3.1826019E-01
-4.481235E-03,-1.7563611E-01,3.0376434E-01
-4.477958E-03,-1.7694836E-01,2.8545380E-01
-4.474682E-03,-1.7551404E-01,2.7088165E-01
-4.471405E-03,-1.7685681E-01,2.5218964E-01
-4.468128E-03,-1.7600232E-01,2.3769379E-01
-4.464851E-03,-1.7685681E-01,2.1900177E-01
-4.461574E-03,-1.7533093E-01,2.0412445E-01
-4.458298E-03,-1.7649060E-01,1.8489838E-01
-4.455021E-03,-1.7615491E-01,1.7070770E-01
-4.451744E-03,-1.7755872E-01,1.5171051E-01
-4.448467E-03,-1.7682629E-01,1.3744354E-01
-4.445190E-03,-1.7749768E-01,1.1760712E-01
-4.441914E-03,-1.7642957E-01,1.0150909E-01
-4.438637E-03,-1.7734509E-01,8.2588196E-02
-4.435360E-03,-1.7630750E-01,6.7558289E-02
-4.432083E-03,-1.7676526E-01,4.7645569E-02
-4.428806E-03,-1.7618542E-01,3.1700134E-02
-4.425530E-03,-1.7719250E-01,1.3694763E-02
-4.422253E-03,-1.7673474E-01,-1.6403198E-03
-4.418976E-03,-1.7676526E-01,-2.1095276E-02
-4.415699E-03,-1.7496472E-01,-3.6506653E-02
-4.412422E-03,-1.7536145E-01,-5.5198669E-02
-4.409146E-03,-1.7505627E-01,-7.1067810E-02
-4.405869E-03,-1.7652112E-01,-8.8157654E-02
-4.402592E-03,-1.7658215E-01,-1.0448456E-01
-4.399315E-03,-1.7697888E-01,-1.2310028E-01
-4.396038E-03,-1.7664319E-01,-1.3896942E-01
-4.392762E-03,-1.7685681E-01,-1.5674591E-01
-4.389485E-03,-1.7615491E-01,-1.7261505E-01
-4.386208E-03,-1.7624646E-01,-1.9046783E-01
-4.382931E-03,-1.7658215E-01,-2.0664215E-01
-4.379654E-03,-1.7731458E-01,-2.2472382E-01
-4.376378E-03,-1.7716199E-01,-2.3998260E-01
-4.373101E-03,-1.7670422E-01,-2.5722504E-01
-4.369824E-03,-1.7639905E-01,-2.7271271E-01
-4.366547E-03,-1.7633801E-01,-2.8934479E-01
-4.363270E-03,-1.7597180E-01,-3.0429840E-01
-4.359994E-03,-1.7615491E-01,-3.2161713E-01
-4.356717E-03,-1.7621594E-01,-3.3664703E-01
-4.353440E-03,-1.7627698E-01,-3.5305023E-01
-4.350163E-03,-1.7618542E-01,-3.6769867E-01
-4.346886E-03,-1.7566663E-01,-3.8448334E-01
-4.343610E-03,-1.7581921E-01,-3.9890289E-01
-4.340333E-03,-1.7563611E-01,-4.1454315E-01
-4.337056E-03,-1.7609387E-01,-4.2835236E-01
-4.333779E-03,-1.7630750E-01,-4.4384003E-01
-4.330502E-03,-1.7710095E-01,-4.5665741E-01
-4.327226E-03,-1.7670422E-01,-4.7100067E-01
-4.323949E-03,-1.7713147E-01,-4.8442841E-01
-4.320672E-03,-1.7575818E-01,-4.9823761E-01
-4.317395E-03,-1.7594128E-01,-5.1174164E-01
-4.314118E-03,-1.7505627E-01,-5.2463531E-01
-4.310842E-03,-1.7591077E-01,-5.3752899E-01
-4.307565E-03,-1.7554456E-01,-5.5072784E-01
-4.304288E-03,-1.7624646E-01,-5.6209564E-01
-4.301011E-03,-1.7560559E-01,-5.7582855E-01
-4.297734E-03,-1.7566663E-01,-5.8742523E-01
-4.294458E-03,-1.7499524E-01,-6.0001373E-01
-4.291181E-03,-1.7548352E-01,-6.1092377E-01
-4.287904E-03,-1.7496472E-01,-6.2191010E-01
-4.284627E-03,-1.7581921E-01,-6.3282013E-01
-4.281350E-03,-1.7511731E-01,-6.4441681E-01
-4.278074E-03,-1.7633801E-01,-6.5402985E-01
-4.274797E-03,-1.7563611E-01,-6.6501617E-01
-4.271520E-03,-1.7594128E-01,-6.7348480E-01
-4.268243E-03,-1.7514783E-01,-6.8294525E-01
-4.264966E-03,-1.7581921E-01,-6.9225311E-01
-4.261690E-03,-1.7536145E-01,-7.0156097E-01
-4.258413E-03,-1.7649060E-01,-7.0987701E-01
-4.255136E-03,-1.7499524E-01,-7.1849823E-01
-4.251859E-03,-1.7569714E-01,-7.2574615E-01
-4.248582E-03,-1.7386609E-01,-7.3360443E-01
-4.245306E-03,-1.7475110E-01,-7.4062347E-01
-4.242029E-03,-1.7343884E-01,-7.4825287E-01
-4.238752E-03,-1.7514783E-01,-7.5519562E-01
-4.235475E-03,-1.7447644E-01,-7.6160431E-01
-4.232198E-03,-1.7630750E-01,-7.6763153E-01
-4.228922E-03,-1.7496472E-01,-7.7320099E-01
-4.225645E-03,-1.7618542E-01,-7.7861786E-01
-4.222368E-03,-1.7496472E-01,-7.8304291E-01
-4.219091E-03,-1.7560559E-01,-7.8723907E-01
-4.215814E-03,-1.7462903E-01,-7.9158783E-01
-4.212538E-03,-1.7563611E-01,-7.9578400E-01
-4.209261E-03,-1.7496472E-01,-7.9944611E-01
-4.205984E-03,-1.7630750E-01,-8.0150604E-01
-4.202707E-03,-1.7490369E-01,-8.0463409E-01
-4.199430E-03,-1.7566663E-01,-8.0684662E-01
-4.196154E-03,-1.7417126E-01,-8.0905914E-01
-4.192877E-03,-1.7487317E-01,-8.1073761E-01
-4.189600E-03,-1.7395764E-01,-8.1218719E-01
-4.186323E-03,-1.7539197E-01,-8.1348419E-01
-4.183046E-03,-1.7441541E-01,-8.1417084E-01
-4.179770E-03,-1.7508679E-01,-8.1447601E-01
-4.176493E-03,-1.7343884E-01,-8.1378937E-01
-4.173216E-03,-1.7465955E-01,-8.1417084E-01
-4.169939E-03,-1.7392712E-01,-8.1317902E-01
-4.166662E-03,-1.7511731E-01,-8.1241608E-01
-4.163386E-03,-1.7447644E-01,-8.0997467E-01
-4.160109E-03,-1.7612439E-01,-8.0928802E-01
-4.156832E-03,-1.7600232E-01,-8.0615997E-01
-4.153555E-03,-1.7688733E-01,-8.0432892E-01
-4.150278E-03,-1.7505627E-01,-8.0051422E-01
-4.147002E-03,-1.7523938E-01,-7.9807281E-01
-4.143725E-03,-1.7420178E-01,-7.9502106E-01
-4.140448E-03,-1.7584973E-01,-7.9128265E-01
-4.137171E-03,-1.7487317E-01,-7.8548431E-01
-4.133894E-03,-1.7621594E-01,-7.8220367E-01
-4.130618E-03,-1.7490369E-01,-7.7663422E-01
-4.127341E-03,-1.7612439E-01,-7.7228546E-01
-4.124064E-03,-1.7481213E-01,-7.6580048E-01
-4.120787E-03,-1.7588025E-01,-7.5984955E-01
-4.117510E-03,-1.7526990E-01,-7.5382233E-01
-4.114234E-03,-1.7697888E-01,-7.4718475E-01
-4.110957E-03,-1.7603284E-01,-7.3925018E-01
-4.107680E-03,-1.7740613E-01,-7.3238373E-01
-4.104403E-03,-1.7569714E-01,-7.2315216E-01
-4.101126E-03,-1.7697888E-01,-7.1590424E-01
-4.097850E-03,-1.7618542E-01,-7.0766449E-01
-4.094573E-03,-1.7734509E-01,-6.9927216E-01
-4.091296E-03,-1.7560559E-01,-6.8912506E-01
-4.088019E-03,-1.7734509E-01,-6.8103790E-01
-4.084742E-03,-1.7597180E-01,-6.7096710E-01
-4.081466E-03,-1.7746716E-01,-6.6280365E-01
-4.078189E-03,-1.7557507E-01,-6.5082550E-01
-4.074912E-03,-1.7664319E-01,-6.4182281E-01
-4.071635E-03,-1.7563611E-01,-6.2984467E-01
-4.068358E-03,-1.7719250E-01,-6.1985016E-01
-4.065082E-03,-1.7633801E-01,-6.0665131E-01
-4.061805E-03,-1.7810803E-01,-5.9719086E-01
-4.058528E-03,-1.7618542E-01,-5.8399200E-01
-4.055251E-03,-1.7810803E-01,-5.7331085E-01
-4.051974E-03,-1.7676526E-01,-5.6011200E-01
-4.048698E-03,-1.7826062E-01,-5.4912567E-01
-4.045421E-03,-1.7700940E-01,-5.3440094E-01
-4.042144E-03,-1.7865735E-01,-5.2242279E-01
-4.038867E-03,-1.7768079E-01,-5.0731659E-01
-4.035590E-03,-1.7902356E-01,-4.9526215E-01
-4.032314E-03,-1.7710095E-01,-4.8007965E-01
-4.029037E-03,-1.7801648E-01,-4.6779633E-01
-4.025760E-03,-1.7636853E-01,-4.5169830E-01
-4.022483E-03,-1.7780286E-01,-4.3964386E-01
-4.019206E-03,-1.7636853E-01,-4.2278290E-01
-4.015930E-03,-1.7826062E-01,-4.0996552E-01
-4.012653E-03,-1.7728406E-01,-3.9340973E-01
-4.009376E-03,-1.7813855E-01,-3.8005829E-01
-4.006099E-03,-1.7652112E-01,-3.6266327E-01
-4.002822E-03,-1.7746716E-01,-3.4862518E-01
-3.999546E-03,-1.7652112E-01,-3.3061981E-01
-3.996269E-03,-1.7887097E-01,-3.1711578E-01
-3.992992E-03,-1.7780286E-01,-2.9857635E-01
-3.989715E-03,-1.7948132E-01,-2.8446198E-01
-3.986438E-03,-1.7847424E-01,-2.6645660E-01
-3.983162E-03,-1.7926770E-01,-2.5264740E-01
-3.979885E-03,-1.7813855E-01,-2.3433685E-01
-3.976608E-03,-1.7890149E-01,-2.1915436E-01
-3.973331E-03,-1.7746716E-01,-2.0008087E-01
-3.970054E-03,-1.7893201E-01,-1.8550873E-01
-3.966778E-03,-1.7856580E-01,-1.6597748E-01
-3.963501E-03,-1.7957288E-01,-1.5193939E-01
-3.960224E-03,-1.7850476E-01,-1.3301849E-01
-3.956947E-03,-1.7865735E-01,-1.1722565E-01
-3.953670E-03,-1.7804700E-01,-9.8915100E-02
-3.950394E-03,-1.7893201E-01,-8.2664490E-02
-3.947117E-03,-1.7880994E-01,-6.4735413E-02
-3.943840E-03,-1.7984753E-01,-4.9095154E-02
-3.940563E-03,-1.7960339E-01,-3.0250549E-02
-3.937286E-03,-1.8015271E-01,-1.4839172E-02
-3.934010E-03,-1.8003064E-01,3.6239624E-03
-3.930733E-03,-1.8027478E-01,1.9721985E-02
-3.927456E-03,-1.7978650E-01,3.8032532E-02
-3.924179E-03,-1.8033582E-01,5.5046082E-02
-3.920902E-03,-1.8030530E-01,7.2822571E-02
-3.917626E-03,-1.8088513E-01,8.9759827E-02
-3.914349E-03,-1.7972546E-01,1.0890961E-01
-3.911072E-03,-1.7972546E-01,1.2538910E-01
-3.907795E-03,-1.7932874E-01,1.4339447E-01
-3.904518E-03,-1.7957288E-01,1.5857697E-01
-3.901242E-03,-1.8000012E-01,1.7650604E-01
-3.897965E-03,-1.8024426E-01,1.9260406E-01
-3.894688E-03,-1.8073254E-01,2.1022797E-01
-3.891411E-03,-1.8125134E-01,2.2563934E-01
-3.888134E-03,-1.8076306E-01,2.4433136E-01
-3.884858E-03,-1.8073254E-01,2.5981903E-01
-3.881581E-03,-1.8045789E-01,2.7774811E-01
-3.878304E-03,-1.8097668E-01,2.9315948E-01
-3.875027E-03,-1.8167859E-01,3.1055450E-01
-3.871750E-03,-1.8115979E-01,3.2711029E-01
-3.868474E-03,-1.8112927E-01,3.4366608E-01
-3.865197E-03,-1.8079358E-01,3.5808563E-01
-3.861920E-03,-1.8106824E-01,3.7517548E-01
-3.858643E-03,-1.8067151E-01,3.9020538E-01
-3.855366E-03,-1.8100720E-01,4.0599823E-01
-3.852090E-03,-1.8033582E-01,4.2148590E-01
-3.848813E-03,-1.8134290E-01,4.3735504E-01
-3.845536E-03,-1.8143445E-01,4.5200348E-01
-3.842259E-03,-1.8173962E-01,4.6741486E-01
-3.838982E-03,-1.8085461E-01,4.8175812E-01
-3.835706E-03,-1.8097668E-01,4.9724579E-01
-3.832429E-03,-1.8103772E-01,5.1067352E-01
-3.829152E-03,-1.8201428E-01,5.2600861E-01
-3.825875E-03,-1.8195325E-01,5.3897858E-01
-3.822598E-03,-1.8292981E-01,5.5294037E-01
-3.819322E-03,-1.8277722E-01,5.6591034E-01
-3.816045E-03,-1.8354016E-01,5.7979584E-01
-3.812768E-03,-1.8253308E-01,5.9154510E-01
-3.809491E-03,-1.8244153E-01,6.0565948E-01
-3.806214E-03,-1.8143445E-01,6.1756134E-01
-3.802938E-03,-1.8225842E-01,6.2961578E-01
-3.799661E-03,-1.8222791E-01,6.4044952E-01
-3.796384E-03,-1.8317395E-01,6.5364838E-01
-3.793107E-03,-1.8244153E-01,6.6440582E-01
-3.789830E-03,-1.8326550E-01,6.7569733E-01
-3.786554E-03,-1.8231946E-01,6.8691254E-01
-3.783277E-03,-1.8308240E-01,6.9774628E-01
-3.780000E-03,-1.8271619E-01,7.0781708E-01
-3.776723E-03,-1.8396741E-01,7.1865082E-01
-3.773446E-03,-1.8338757E-01,7.2780609E-01
-3.770170E-03,-1.8412000E-01,7.3833466E-01
-3.766893E-03,-1.8335706E-01,7.4680328E-01
-3.763616E-03,-1.8448621E-01,7.5626373E-01
-3.760339E-03,-1.8344861E-01,7.6496124E-01
-3.757062E-03,-1.8460828E-01,7.7350616E-01
-3.753786E-03,-1.8393689E-01,7.8136444E-01
-3.750509E-03,-1.8463879E-01,7.8937531E-01
-3.747232E-03,-1.8378430E-01,7.9669952E-01
-3.743955E-03,-1.8454724E-01,8.0348969E-01
-3.740678E-03,-1.8305188E-01,8.1020355E-01
-3.737402E-03,-1.8350964E-01,8.1623077E-01
-3.734125E-03,-1.8231946E-01,8.2248688E-01
-3.730848E-03,-1.8473035E-01,8.2752228E-01
-3.727571E-03,-1.8387585E-01,8.3248138E-01
-3.724294E-03,-1.8546277E-01,8.3835602E-01
-3.721018E-03,-1.8460828E-01,8.4285736E-01
-3.717741E-03,-1.8561536E-01,8.4766388E-01
-3.714464E-03,-1.8436414E-01,8.5163116E-01
-3.711187E-03,-1.8540173E-01,8.5559845E-01
-3.707910E-03,-1.8412000E-01,8.5933685E-01
-3.704634E-03,-1.8576794E-01,8.6231232E-01
-3.701357E-03,-1.8500500E-01,8.6505890E-01
-3.698080E-03,-1.8637830E-01,8.6711884E-01
-3.694803E-03,-1.8482190E-01,8.6887360E-01
-3.691526E-03,-1.8537122E-01,8.7085724E-01
-3.688250E-03,-1.8421155E-01,8.7169647E-01
-3.684973E-03,-1.8561536E-01,8.7223053E-01
-3.681696E-03,-1.8469983E-01,8.7322235E-01
-3.678419E-03,-1.8564587E-01,8.7329865E-01
-3.675142E-03,-1.8418103E-01,8.7306976E-01
-3.671866E-03,-1.8549329E-01,8.7223053E-01
-3.668589E-03,-1.8454724E-01,8.7169647E-01
-3.665312E-03,-1.8598157E-01,8.7017059E-01
-3.662035E-03,-1.8466931E-01,8.6894989E-01
-3.658758E-03,-1.8631726E-01,8.6536407E-01
-3.655482E-03,-1.8598157E-01,8.6360931E-01
-3.652205E-03,-1.8753796E-01,8.6048126E-01
-3.648928E-03,-1.8625623E-01,8.5811615E-01
-3.645651E-03,-1.8778210E-01,8.5430145E-01
-3.642374E-03,-1.8595105E-01,8.5193634E-01
-3.639098E-03,-1.8732434E-01,8.4651947E-01
-3.635821E-03,-1.8512708E-01,8.4217072E-01
-3.632544E-03,-1.8628674E-01,8.3606720E-01
-3.629267E-03,-1.8570691E-01,8.3164215E-01
-3.625990E-03,-1.8714124E-01,8.2576752E-01
-3.622714E-03,-1.8589001E-01,8.2172394E-01
-3.619437E-03,-1.8708020E-01,8.1401825E-01
-3.616160E-03,-1.8552380E-01,8.0905914E-01
-3.612883E-03,-1.8650037E-01,8.0120087E-01
-3.609606E-03,-1.8610364E-01,7.9555511E-01
-3.606330E-03,-1.8775159E-01,7.8731537E-01
-3.603053E-03,-1.8677502E-01,7.8014374E-01
-3.599776E-03,-1.8808728E-01,7.7068329E-01
-3.596499E-03,-1.8646985E-01,7.6366425E-01
-3.593222E-03,-1.8808728E-01,7.5298309E-01
-3.589946E-03,-1.8643933E-01,7.4604034E-01
-3.586669E-03,-1.8787366E-01,7.3535919E-01
-3.583392E-03,-1.8708020E-01,7.2719574E-01
-3.580115E-03,-1.8830090E-01,7.1567535E-01
-3.576838E-03,-1.8662244E-01,7.0720673E-01
-3.573562E-03,-1.8762952E-01,6.9515228E-01
-3.570285E-03,-1.8546277E-01,6.8576813E-01
-3.567008E-03,-1.8634778E-01,6.7256927E-01
-3.563731E-03,-1.8537122E-01,6.6234589E-01
-3.560454E-03,-1.8732434E-01,6.4891815E-01
-3.557178E-03,-1.8646985E-01,6.3945770E-01
-3.553901E-03,-1.8823987E-01,6.2656403E-01
-3.550624E-03,-1.8680554E-01,6.1580658E-01
-3.547347E-03,-1.8766003E-01,6.0100555E-01
-3.544070E-03,-1.8558484E-01,5.8948517E-01
-3.540794E-03,-1.8775159E-01,5.7422638E-01
-3.537517E-03,-1.8717175E-01,5.6308746E-01
-3.534240E-03,-1.8860608E-01,5.4744720E-01
-3.530963E-03,-1.8738538E-01,5.3577423E-01
-3.527686E-03,-1.8823987E-01,5.2013397E-01
-3.524410E-03,-1.8671399E-01,5.0777435E-01
-3.521133E-03,-1.8741589E-01,4.9175262E-01
-3.517856E-03,-1.8558484E-01,4.7946930E-01
-3.514579E-03,-1.8750745E-01,4.6253204E-01
-3.511302E-03,-1.8622571E-01,4.5009613E-01
-3.508026E-03,-1.8762952E-01,4.3231964E-01
-3.504749E-03,-1.8619519E-01,4.1889191E-01
-3.501472E-03,-1.8695813E-01,4.0195465E-01
-3.498195E-03,-1.8549329E-01,3.8822174E-01
-3.494918E-03,-1.8726331E-01,3.7021637E-01
-3.491642E-03,-1.8653088E-01,3.5594940E-01
-3.488365E-03,-1.8741589E-01,3.3740997E-01
-3.485088E-03,-1.8674451E-01,3.2352448E-01
-3.481811E-03,-1.8796521E-01,3.0483246E-01
-3.478534E-03,-1.8741589E-01,2.9041290E-01
-3.475258E-03,-1.8750745E-01,2.7256012E-01
-3.471981E-03,-1.8637830E-01,2.5699615E-01
-3.468704E-03,-1.8659192E-01,2.3975372E-01
-3.465427E-03,-1.8573743E-01,2.2441864E-01
-3.462150E-03,-1.8631726E-01,2.0664215E-01
-3.458874E-03,-1.8570691E-01,1.9153595E-01
-3.455597E-03,-1.8628674E-01,1.7261505E-01
-3.452320E-03,-1.8640881E-01,1.5666962E-01
-3.449043E-03,-1.8686658E-01,1.3782501E-01
-3.445766E-03,-1.8610364E-01,1.2241364E-01
-3.442490E-03,-1.8589001E-01,1.0387421E-01
-3.439213E-03,-1.8573743E-01,8.6784363E-02
-3.435936E-03,-1.8704968E-01,6.8626404E-02
-3.432659E-03,-1.8692761E-01,5.2223206E-02
-3.429382E-03,-1.8735486E-01,3.4141541E-02
-3.426106E-03,-1.8689709E-01,1.7890930E-02
-3.422829E-03,-1.8671399E-01,-6.4849854E-04
-3.419552E-03,-1.8692761E-01,-1.7127991E-02
-3.416275E-03,-1.8695813E-01,-3.4828186E-02
-3.412998E-03,-1.8677502E-01,-5.1231384E-02
-3.409722E-03,-1.8714124E-01,-6.9313049E-02
-3.406445E-03,-1.8692761E-01,-8.6174011E-02
-3.403168E-03,-1.8616467E-01,-1.0326385E-01
-3.399891E-03,-1.8524915E-01,-1.1989594E-01
-3.396614E-03,-1.8524915E-01,-1.3744354E-01
-3.393338E-03,-1.8589001E-01,-1.5377045E-01
-3.390061E-03,-1.8628674E-01,-1.7147064E-01
-3.386784E-03,-1.8720227E-01,-1.8741608E-01
-3.383507E-03,-1.8708020E-01,-2.0496368E-01
-3.380230E-03,-1.8704968E-01,-2.2121429E-01
-3.376954E-03,-1.8595105E-01,-2.3815155E-01
-3.373677E-03,-1.8613416E-01,-2.5325775E-01
-3.370400E-03,-1.8595105E-01,-2.7057648E-01
-3.367123E-03,-1.8692761E-01,-2.8583527E-01
-3.363846E-03,-1.8720227E-01,-3.0239105E-01
-3.360570E-03,-1.8726331E-01,-3.1764984E-01
-3.357293E-03,-1.8640881E-01,-3.3496857E-01
-3.354016E-03,-1.8610364E-01,-3.4923553E-01
-3.350739E-03,-1.8527966E-01,-3.6563873E-01
-3.347462E-03,-1.8589001E-01,-3.8028717E-01
-3.344186E-03,-1.8595105E-01,-3.9699554E-01
-3.340909E-03,-1.8656140E-01,-4.1027069E-01
-3.337632E-03,-1.8631726E-01,-4.2636871E-01
-3.334355E-03,-1.8671399E-01,-4.4033051E-01
-3.331078E-03,-1.8619519E-01,-4.5475006E-01
-3.327802E-03,-1.8674451E-01,-4.6802521E-01
-3.324525E-03,-1.8622571E-01,-4.8320770E-01
-3.321248E-03,-1.8790417E-01,-4.9640656E-01
-3.317971E-03,-1.8772107E-01,-5.1021576E-01
-3.314694E-03,-1.8842297E-01,-5.2288055E-01
-3.311418E-03,-1.8802625E-01,-5.3691864E-01
-3.308141E-03,-1.8878918E-01,-5.4935455E-01
-3.304864E-03,-1.8802625E-01,-5.6224823E-01
-3.301587E-03,-1.8839246E-01,-5.7346344E-01
-3.298310E-03,-1.8671399E-01,-5.8727264E-01
-3.295034E-03,-1.8756848E-01,-5.9803009E-01
-3.291757E-03,-1.8723279E-01,-6.1008453E-01
-3.288480E-03,-1.8820935E-01,-6.1946869E-01
-3.285203E-03,-1.8720227E-01,-6.3144684E-01
-3.281926E-03,-1.8869763E-01,-6.4243317E-01
-3.278650E-03,-1.8741589E-01,-6.5349579E-01
-3.275373E-03,-1.8863660E-01,-6.6333771E-01
-3.272096E-03,-1.8796521E-01,-6.7333221E-01
-3.268819E-03,-1.8927747E-01,-6.8332672E-01
-3.265542E-03,-1.8869763E-01,-6.9210052E-01
-3.262266E-03,-1.9049817E-01,-7.0133209E-01
-3.258989E-03,-1.8988782E-01,-7.0934296E-01
-3.255712E-03,-1.9074231E-01,-7.1826935E-01
-3.252435E-03,-1.8915540E-01,-7.2559357E-01
-3.249158E-03,-1.9031506E-01,-7.3352814E-01
-3.245882E-03,-1.8946057E-01,-7.4031830E-01
-3.242605E-03,-1.9074231E-01,-7.4710846E-01
-3.239328E-03,-1.8988782E-01,-7.5344086E-01
-3.236051E-03,-1.9071179E-01,-7.6114655E-01
-3.232774E-03,-1.8939954E-01,-7.6641083E-01
-3.229498E-03,-1.9004041E-01,-7.7167511E-01
-3.226221E-03,-1.8894177E-01,-7.7610016E-01
-3.222944E-03,-1.9028455E-01,-7.8151703E-01
-3.219667E-03,-1.8991833E-01,-7.8639984E-01
-3.216390E-03,-1.9193250E-01,-7.9082489E-01
-3.213114E-03,-1.9132214E-01,-7.9517365E-01
-3.209837E-03,-1.9190198E-01,-7.9906464E-01
-3.206560E-03,-1.9016248E-01,-8.0226898E-01
-3.203283E-03,-1.9147473E-01,-8.0539703E-01
-3.200006E-03,-1.9116956E-01,-8.0783844E-01
-3.196730E-03,-1.9281750E-01,-8.1081390E-01
-3.193453E-03,-1.9159680E-01,-8.1180573E-01
-3.190176E-03,-1.9251233E-01,-8.1378937E-01
-3.186899E-03,-1.9162732E-01,-8.1439972E-01
-3.183622E-03,-1.9254285E-01,-8.1508636E-01
-3.180346E-03,-1.9074231E-01,-8.1485748E-01
-3.177069E-03,-1.9217664E-01,-8.1554413E-01
-3.173792E-03,-1.9123059E-01,-8.1462860E-01
-3.170515E-03,-1.9287854E-01,-8.1363678E-01
-3.167238E-03,-1.9156628E-01,-8.1241608E-01
-3.163962E-03,-1.9214612E-01,-8.1172943E-01
-3.160685E-03,-1.9089490E-01,-8.0982208E-01
-3.157408E-03,-1.9235974E-01,-8.0875397E-01
-3.154131E-03,-1.9162732E-01,-8.0547333E-01
-3.150854E-03,-1.9254285E-01,-8.0341339E-01
-3.147578E-03,-1.9199353E-01,-7.9914093E-01
-3.144301E-03,-1.9354993E-01,-7.9563141E-01
-3.141024E-03,-1.9269543E-01,-7.9120636E-01
-3.137747E-03,-1.9409924E-01,-7.8861237E-01
-3.134470E-03,-1.9242078E-01,-7.8258514E-01
-3.131194E-03,-1.9354993E-01,-7.7877045E-01
-3.127917E-03,-1.9205457E-01,-7.7251434E-01
-3.124640E-03,-1.9376355E-01,-7.6831818E-01
-3.121363E-03,-1.9263440E-01,-7.6091766E-01
-3.118086E-03,-1.9351941E-01,-7.5595856E-01
-3.114810E-03,-1.9260388E-01,-7.4741364E-01
-3.111533E-03,-1.9373303E-01,-7.4153900E-01
-3.108256E-03,-1.9220715E-01,-7.3261261E-01
-3.104979E-03,-1.9370251E-01,-7.2589874E-01
-3.101702E-03,-1.9232922E-01,-7.1758270E-01
-3.098426E-03,-1.9434338E-01,-7.1010590E-01
-3.095149E-03,-1.9312268E-01,-7.0026398E-01
-3.091872E-03,-1.9461804E-01,-6.9339752E-01
-3.088595E-03,-1.9342786E-01,-6.8241119E-01
-3.085318E-03,-1.9458752E-01,-6.7378998E-01
-3.082042E-03,-1.9342786E-01,-6.6310883E-01
-3.078765E-03,-1.9449597E-01,-6.5464020E-01
-3.075488E-03,-1.9300061E-01,-6.4182281E-01
-3.072211E-03,-1.9437390E-01,-6.3259125E-01
-3.068934E-03,-1.9297009E-01,-6.1946869E-01
-3.065658E-03,-1.9339734E-01,-6.1016083E-01
-3.062381E-03,-1.9116956E-01,-5.9757233E-01
-3.059104E-03,-1.9208508E-01,-5.8757782E-01
-3.055827E-03,-1.9089490E-01,-5.7315826E-01
-3.052550E-03,-1.9226819E-01,-5.6301117E-01
-3.049274E-03,-1.9107800E-01,-5.4882050E-01
-3.045997E-03,-1.9339734E-01,-5.3745270E-01
-3.042720E-03,-1.9184094E-01,-5.2227020E-01
-3.039443E-03,-1.9293958E-01,-5.1181793E-01
-3.036166E-03,-1.9147473E-01,-4.9510956E-01
-3.032890E-03,-1.9214612E-01,-4.8358917E-01
-3.029613E-03,-1.9126111E-01,-4.6703339E-01
-3.026336E-03,-1.9278699E-01,-4.5475006E-01
-3.023059E-03,-1.9223767E-01,-4.3903351E-01
-3.019782E-03,-1.9290906E-01,-4.2644501E-01
-3.016506E-03,-1.9120007E-01,-4.0943146E-01
-3.013229E-03,-1.9196301E-01,-3.9676666E-01
-3.009952E-03,-1.9074231E-01,-3.7937164E-01
-3.006675E-03,-1.9168835E-01,-3.6640167E-01
-3.003398E-03,-1.9092542E-01,-3.4915924E-01
-3.000122E-03,-1.9193250E-01,-3.3466339E-01
-2.996845E-03,-1.9110852E-01,-3.1620026E-01
-2.993568E-03,-1.9187146E-01,-3.0231476E-01
-2.990291E-03,-1.9071179E-01,-2.8415680E-01
-2.987014E-03,-1.9153577E-01,-2.7057648E-01
-2.983738E-03,-1.9089490E-01,-2.5264740E-01
-2.980461E-03,-1.9193250E-01,-2.3822784E-01
-2.977184E-03,-1.9196301E-01,-2.1953583E-01
-2.973907E-03,-1.9260388E-01,-2.0404816E-01
-2.970630E-03,-1.9202405E-01,-1.8550873E-01
-2.967354E-03,-1.9208508E-01,-1.6956329E-01
-2.964077E-03,-1.9129163E-01,-1.5193939E-01
-2.960800E-03,-1.9107800E-01,-1.3713837E-01
-2.957523E-03,-1.9071179E-01,-1.1890411E-01
-2.954246E-03,-1.9089490E-01,-1.0349274E-01
-2.950970E-03,-1.9043713E-01,-8.4953308E-02
-2.947693E-03,-1.9062024E-01,-6.8321228E-02
-2.944416E-03,-1.8985730E-01,-5.0468445E-02
-2.941139E-03,-1.8982678E-01,-3.4294128E-02
-2.937862E-03,-1.8906384E-01,-1.5678406E-02
-2.934586E-03,-1.8939954E-01,1.1444092E-04
-2.931309E-03,-1.8970471E-01,1.8424988E-02
-2.928032E-03,-1.8964368E-01,3.4904480E-02
-2.924755E-03,-1.8991833E-01,5.2528381E-02
-2.921478E-03,-1.9004041E-01,6.9236755E-02
-2.918202E-03,-1.9022351E-01,8.7699890E-02
-2.914925E-03,-1.8979626E-01,1.0433197E-01
-2.911648E-03,-1.8973523E-01,1.2310028E-01
-2.908371E-03,-1.9025403E-01,1.3927460E-01
-2.905094E-03,-1.8997937E-01,1.5758514E-01
-2.901818E-03,-1.8976575E-01,1.7314911E-01
-2.898541E-03,-1.8918591E-01,1.9054413E-01
-2.895264E-03,-1.8823987E-01,2.0671844E-01
-2.891987E-03,-1.8781262E-01,2.2426605E-01
-2.888710E-03,-1.8732434E-01,2.3975372E-01
-2.885434E-03,-1.8793469E-01,2.5684357E-01
-2.882157E-03,-1.8781262E-01,2.7286530E-01
-2.878880E-03,-1.8872815E-01,2.9064178E-01
-2.875603E-03,-1.8872815E-01,3.0612946E-01
-2.872326E-03,-1.8869763E-01,3.2314301E-01
-2.869050E-03,-1.8762952E-01,3.3924103E-01
-2.865773E-03,-1.8808728E-01,3.5572052E-01
-2.862496E-03,-1.8726331E-01,3.7059784E-01
-2.859219E-03,-1.8787366E-01,3.8730621E-01
-2.855942E-03,-1.8753796E-01,4.0119171E-01
-2.852666E-03,-1.8802625E-01,4.1767120E-01
-2.849389E-03,-1.8717175E-01,4.3231964E-01
-2.846112E-03,-1.8717175E-01,4.4864655E-01
-2.842835E-03,-1.8582898E-01,4.6428680E-01
-2.839558E-03,-1.8604260E-01,4.7855377E-01
-2.836282E-03,-1.8564587E-01,4.9205780E-01
-2.833005E-03,-1.8698865E-01,5.0739288E-01
-2.829728E-03,-1.8610364E-01,5.2082062E-01
-2.826451E-03,-1.8643933E-01,5.3569794E-01
-2.823174E-03,-1.8506604E-01,5.4920197E-01
-2.819898E-03,-1.8531018E-01,5.6331635E-01
-2.816621E-03,-1.8482190E-01,5.7598114E-01
-2.813344E-03,-1.8589001E-01,5.8940887E-01
-2.810067E-03,-1.8497449E-01,6.0237885E-01
-2.806790E-03,-1.8555432E-01,6.1573029E-01
-2.803514E-03,-1.8491345E-01,6.2709808E-01
-2.800237E-03,-1.8570691E-01,6.3907623E-01
-2.796960E-03,-1.8372327E-01,6.5143585E-01
-2.793683E-03,-1.8381482E-01,6.6310883E-01
-2.790406E-03,-1.8228894E-01,6.7493439E-01
-2.787130E-03,-1.8320447E-01,6.8592072E-01
-2.783853E-03,-1.8247205E-01,6.9614410E-01
-2.780576E-03,-1.8305188E-01,7.0728302E-01
-2.777299E-03,-1.8164807E-01,7.1659088E-01
-2.774022E-03,-1.8228894E-01,7.2757721E-01
-2.770746E-03,-1.8131238E-01,7.3657990E-01
-2.767469E-03,-1.8210583E-01,7.4626923E-01
-2.764192E-03,-1.8079358E-01,7.5504303E-01
-2.760915E-03,-1.8210583E-01,7.6480865E-01
-2.757638E-03,-1.8152600E-01,7.7243805E-01
-2.754362E-03,-1.8225842E-01,7.8098297E-01
-2.751085E-03,-1.8070203E-01,7.8884125E-01
-2.747808E-03,-1.8137341E-01,7.9593658E-01
-2.744531E-03,-1.8076306E-01,8.0356598E-01
-2.741254E-03,-1.8173962E-01,8.0982208E-01
-2.737978E-03,-1.8027478E-01,8.1607819E-01
-2.734701E-03,-1.8100720E-01,8.2149506E-01
-2.731424E-03,-1.7984753E-01,8.2752228E-01
-2.728147E-03,-1.8054944E-01,8.3339691E-01
-2.724870E-03,-1.7853528E-01,8.3873749E-01
-2.721594E-03,-1.7920667E-01,8.4316254E-01
-2.718317E-03,-1.7728406E-01,8.4781647E-01
-2.715040E-03,-1.7929822E-01,8.5124969E-01
-2.711763E-03,-1.7844373E-01,8.5620880E-01
-2.708486E-03,-1.7948132E-01,8.5956573E-01
-2.705210E-03,-1.7780286E-01,8.6277008E-01
-2.701933E-03,-1.7853528E-01,8.6513519E-01
-2.698656E-03,-1.7722302E-01,8.6833954E-01
-2.695379E-03,-1.7810803E-01,8.6917877E-01
-2.692102E-03,-1.7685681E-01,8.7184906E-01
-2.688826E-03,-1.7804700E-01,8.7253571E-01
-2.685549E-03,-1.7716199E-01,8.7368011E-01
-2.682272E-03,-1.7823010E-01,8.7375641E-01
-2.678995E-03,-1.7658215E-01,8.7459564E-01
-2.675718E-03,-1.7700940E-01,8.7436676E-01
-2.672442E-03,-1.7502576E-01,8.7490082E-01
-2.669165E-03,-1.7624646E-01,8.7245941E-01
-2.665888E-03,-1.7520886E-01,8.7238312E-01
-2.662611E-03,-1.7658215E-01,8.6971283E-01
-2.659334E-03,-1.7530042E-01,8.6864471E-01
-2.656058E-03,-1.7679578E-01,8.6483002E-01
-2.652781E-03,-1.7505627E-01,8.6338043E-01
-2.649504E-03,-1.7575818E-01,8.5971832E-01
-2.646227E-03,-1.7456799E-01,8.5681915E-01
-2.642950E-03,-1.7566663E-01,8.5269928E-01
-2.639674E-03,-1.7475110E-01,8.4911346E-01
-2.636397E-03,-1.7612439E-01,8.4392548E-01
-2.633120E-03,-1.7526990E-01,8.4140778E-01
-2.629843E-03,-1.7600232E-01,8.3454132E-01
-2.626566E-03,-1.7456799E-01,8.3011627E-01
-2.623290E-03,-1.7536145E-01,8.2309723E-01
-2.620013E-03,-1.7325574E-01,8.1813812E-01
-2.616736E-03,-1.7398816E-01,8.1035614E-01
-2.613459E-03,-1.7301160E-01,8.0493927E-01
-2.610182E-03,-1.7536145E-01,7.9608917E-01
-2.606906E-03,-1.7313367E-01,7.9059601E-01
-2.603629E-03,-1.7389661E-01,7.8067780E-01
-2.600352E-03,-1.7237073E-01,7.7434540E-01
-2.597075E-03,-1.7371350E-01,7.6435089E-01
-2.593798E-03,-1.7273694E-01,7.5740814E-01
-2.590522E-03,-1.7395764E-01,7.4642181E-01
-2.587245E-03,-1.7273694E-01,7.3917389E-01
-2.583968E-03,-1.7380505E-01,7.2757721E-01
-2.580691E-03,-1.7246228E-01,7.1964264E-01
-2.577414E-03,-1.7328625E-01,7.0751190E-01
-2.574138E-03,-1.7169934E-01,6.9980621E-01
-2.570861E-03,-1.7313367E-01,6.8683624E-01
-2.567584E-03,-1.7230969E-01,6.7852020E-01
-2.564307E-03,-1.7340833E-01,6.6516876E-01
-2.561030E-03,-1.7099744E-01,6.5586090E-01
-2.557754E-03,-1.7182141E-01,6.4174652E-01
-2.554477E-03,-1.7020398E-01,6.3129425E-01
-2.551200E-03,-1.7118054E-01,6.1687469E-01
-2.547923E-03,-1.7023450E-01,6.0626984E-01
-2.544646E-03,-1.7157727E-01,5.9123993E-01
-2.541370E-03,-1.7038708E-01,5.8063507E-01
-2.538093E-03,-1.7191296E-01,5.6529999E-01
-2.534816E-03,-1.7075330E-01,5.5370331E-01
-2.531539E-03,-1.7142468E-01,5.3783417E-01
-2.528262E-03,-1.6974622E-01,5.2539825E-01
-2.524986E-03,-1.7124158E-01,5.0952911E-01
-2.521709E-03,-1.7105847E-01,4.9686432E-01
-2.518432E-03,-1.7163831E-01,4.8046112E-01
-2.515155E-03,-1.7087537E-01,4.6718597E-01
-2.511878E-03,-1.7105847E-01,4.5093536E-01
-2.508602E-03,-1.7081433E-01,4.3659210E-01
-2.505325E-03,-1.7087537E-01,4.2072296E-01
-2.502048E-03,-1.6934949E-01,4.0615082E-01
-2.498771E-03,-1.6925793E-01,3.8890839E-01
-2.495494E-03,-1.6852551E-01,3.7456512E-01
-2.492218E-03,-1.6956311E-01,3.5648346E-01
-2.488941E-03,-1.6904431E-01,3.4160614E-01
-2.485664E-03,-1.6941052E-01,3.2329559E-01
-2.482387E-03,-1.6852551E-01,3.0910492E-01
-2.479110E-03,-1.6880017E-01,2.9125214E-01
-2.475834E-03,-1.6855603E-01,2.7645111E-01
-2.472557E-03,-1.6873914E-01,2.5806427E-01
-2.469280E-03,-1.6861707E-01,2.4303436E-01
-2.466003E-03,-1.6907483E-01,2.2495270E-01
-2.462726E-03,-1.6904431E-01,2.1015167E-01
-2.459450E-03,-1.6907483E-01,1.9237518E-01
-2.456173E-03,-1.6773206E-01,1.7726898E-01
-2.452896E-03,-1.6724377E-01,1.5850067E-01
-2.449619E-03,-1.6690808E-01,1.4316559E-01
-2.446342E-03,-1.6709119E-01,1.2493134E-01
-2.443066E-03,-1.6706067E-01,1.0761261E-01
-2.439789E-03,-1.6706067E-01,8.9302063E-02
-2.436512E-03,-1.6651135E-01,7.2746277E-02
-2.433235E-03,-1.6635876E-01,5.4283142E-02
-2.429958E-03,-1.6590100E-01,3.8261414E-02
-2.426682E-03,-1.6550427E-01,1.9721985E-02
-2.423405E-03,-1.6626721E-01,4.0817261E-03
-2.420128E-03,-1.6620618E-01,-1.4381409E-02
-2.416851E-03,-1.6706067E-01,-3.0784607E-02
-2.413574E-03,-1.6632825E-01,-4.8332214E-02
-2.410298E-03,-1.6648083E-01,-6.4888000E-02
-2.407021E-03,-1.6596204E-01,-8.3427429E-02
-2.403744E-03,-1.6651135E-01,-9.9220276E-02
-2.400467E-03,-1.6614514E-01,-1.1707306E-01
-2.397190E-03,-1.6632825E-01,-1.3278961E-01
-2.393914E-03,-1.6565686E-01,-1.5033722E-01
-2.390637E-03,-1.6626721E-01,-1.6628265E-01
-2.387360E-03,-1.6538220E-01,-1.8428802E-01
-2.384083E-03,-1.6489392E-01,-2.0038605E-01
-2.380806E-03,-1.6373425E-01,-2.1892548E-01
-2.377530E-03,-1.6504651E-01,-2.3380280E-01
-2.374253E-03,-1.6471082E-01,-2.5089264E-01
-2.370976E-03,-1.6559583E-01,-2.6592255E-01
-2.367699E-03,-1.6489392E-01,-2.8240204E-01
-2.364422E-03,-1.6504651E-01,-2.9827118E-01
-2.361146E-03,-1.6413098E-01,-3.1536102E-01
-2.357869E-03,-1.6455823E-01,-3.3069611E-01
-2.354592E-03,-1.6397839E-01,-3.4679413E-01
-2.351315E-03,-1.6510754E-01,-3.6167145E-01
-2.348038E-03,-1.6422253E-01,-3.7792206E-01
-2.344762E-03,-1.6461926E-01,-3.9279938E-01
-2.341485E-03,-1.6349011E-01,-4.0859222E-01
-2.338208E-03,-1.6391736E-01,-4.2285919E-01
-2.334931E-03,-1.6263562E-01,-4.3743134E-01
-2.331654E-03,-1.6349011E-01,-4.5078278E-01
-2.328378E-03,-1.6263562E-01,-4.6581268E-01
-2.325101E-03,-1.6352063E-01,-4.7893524E-01
-2.321824E-03,-1.6278821E-01,-4.9350739E-01
-2.318547E-03,-1.6355115E-01,-5.0693512E-01
-2.315270E-03,-1.6278821E-01,-5.2120209E-01
-2.311994E-03,-1.6379529E-01,-5.3401947E-01
-2.308717E-03,-1.6257458E-01,-5.4691315E-01
-2.305440E-03,-1.6406995E-01,-5.5889130E-01
-2.302163E-03,-1.6367322E-01,-5.7178497E-01
-2.298886E-03,-1.6468030E-01,-5.8406830E-01
-2.295610E-03,-1.6358167E-01,-5.9528351E-01
-2.292333E-03,-1.6434460E-01,-6.0787201E-01
-2.289056E-03,-1.6321545E-01,-6.1870575E-01
-2.285779E-03,-1.6379529E-01,-6.2908173E-01
-2.282502E-03,-1.6242200E-01,-6.4098358E-01
-2.279226E-03,-1.6309338E-01,-6.5212250E-01
-2.275949E-03,-1.6187268E-01,-6.6196442E-01
-2.272672E-03,-1.6339856E-01,-6.7226410E-01
-2.269395E-03,-1.6263562E-01,-6.8080902E-01
-2.266118E-03,-1.6303235E-01,-6.9087982E-01
-2.262842E-03,-1.6168958E-01,-6.9843292E-01
-2.259565E-03,-1.6251355E-01,-7.0735931E-01
-2.256288E-03,-1.6129285E-01,-7.1575165E-01
-2.253011E-03,-1.6254407E-01,-7.2406769E-01
-2.249734E-03,-1.6190320E-01,-7.3123932E-01
-2.246458E-03,-1.6339856E-01,-7.3894501E-01
-2.243181E-03,-1.6211682E-01,-7.4611664E-01
-2.239904E-03,-1.6260510E-01,-7.5305939E-01
-2.236627E-03,-1.6129285E-01,-7.5901031E-01
-2.233350E-03,-1.6257458E-01,-7.6503754E-01
-2.230074E-03,-1.6159802E-01,-7.7068329E-01
-2.226797E-03,-1.6297131E-01,-7.7724457E-01
-2.223520E-03,-1.6150647E-01,-7.8083038E-01
-2.220243E-03,-1.6214734E-01,-7.8670502E-01
-2.216966E-03,-1.6025525E-01,-7.9006195E-01
-2.213690E-03,-1.6114026E-01,-7.9448700E-01
-2.210413E-03,-1.6025525E-01,-7.9753876E-01
-2.207136E-03,-1.6144543E-01,-8.0204010E-01
-2.203859E-03,-1.6049939E-01,-8.0364227E-01
-2.200582E-03,-1.6193372E-01,-8.0669403E-01
-2.197306E-03,-1.6056042E-01,-8.0730438E-01
-2.194029E-03,-1.6150647E-01,-8.1081390E-01
-2.190752E-03,-1.5964490E-01,-8.1150055E-01
-2.187475E-03,-1.6065198E-01,-8.1394196E-01
-2.184198E-03,-1.5979749E-01,-8.1371307E-01
-2.180922E-03,-1.6138440E-01,-8.1470490E-01
-2.177645E-03,-1.5979749E-01,-8.1317902E-01
-2.174368E-03,-1.6095715E-01,-8.1439972E-01
-2.171091E-03,-1.5924817E-01,-8.1287384E-01
-2.167814E-03,-1.6071301E-01,-8.1295013E-01
-2.164538E-03,-1.5915662E-01,-8.1096649E-01
-2.161261E-03,-1.6031628E-01,-8.0989838E-01
-2.157984E-03,-1.5882092E-01,-8.0692291E-01
-2.154707E-03,-1.6059094E-01,-8.0585480E-01
-2.151430E-03,-1.5875989E-01,-8.0158234E-01
-2.148154E-03,-1.5955334E-01,-8.0020905E-01
-2.144877E-03,-1.5811902E-01,-7.9547882E-01
-2.141600E-03,-1.6007214E-01,-7.9257965E-01
-2.138323E-03,-1.5836316E-01,-7.8693390E-01
-2.135046E-03,-1.5985852E-01,-7.8418732E-01
-2.131770E-03,-1.5857678E-01,-7.7793121E-01
-2.128493E-03,-1.6040784E-01,-7.7396393E-01
-2.125216E-03,-1.5955334E-01,-7.6717377E-01
-2.121939E-03,-1.6037732E-01,-7.6229095E-01
-2.118662E-03,-1.5808850E-01,-7.5443268E-01
-2.115386E-03,-1.5937024E-01,-7.4977875E-01
-2.112109E-03,-1.5766125E-01,-7.4077606E-01
-2.108832E-03,-1.5897351E-01,-7.3513031E-01
-2.105555E-03,-1.5732556E-01,-7.2505951E-01
-2.102278E-03,-1.5906506E-01,-7.1979523E-01
-2.099002E-03,-1.5793591E-01,-7.0987701E-01
-2.095725E-03,-1.5964490E-01,-7.0262909E-01
-2.092448E-03,-1.5756970E-01,-6.9202423E-01
-2.089171E-03,-1.5863782E-01,-6.8470001E-01
-2.085894E-03,-1.5708142E-01,-6.7424774E-01
-2.082618E-03,-1.5894299E-01,-6.6608429E-01
-2.079341E-03,-1.5796643E-01,-6.5387726E-01
-2.076064E-03,-1.5964490E-01,-6.4540863E-01
-2.072787E-03,-1.5763074E-01,-6.3182831E-01
-2.069510E-03,-1.5863782E-01,-6.2397003E-01
-2.066234E-03,-1.5738660E-01,-6.0993195E-01
-2.062957E-03,-1.5836316E-01,-6.0054779E-01
-2.059680E-03,-1.5747815E-01,-5.8704376E-01
-2.056403E-03,-1.5827161E-01,-5.7651520E-01
-2.053126E-03,-1.5647107E-01,-5.6262970E-01
-2.049850E-03,-1.5750867E-01,-5.5255890E-01
-2.046573E-03,-1.5552502E-01,-5.3813934E-01
-2.043296E-03,-1.5598279E-01,-5.2684784E-01
-2.040019E-03,-1.5521985E-01,-5.1204681E-01
-2.036742E-03,-1.5702039E-01,-4.9991608E-01
-2.033466E-03,-1.5616589E-01,-4.8397064E-01
-2.030189E-03,-1.5708142E-01,-4.7168732E-01
-2.026912E-03,-1.5583020E-01,-4.5619965E-01
-2.023635E-03,-1.5622693E-01,-4.4399261E-01
-2.020358E-03,-1.5567761E-01,-4.2697906E-01
-2.017082E-03,-1.5586072E-01,-4.1416168E-01
-2.013805E-03,-1.5521985E-01,-3.9844513E-01
-2.010528E-03,-1.5650159E-01,-3.8417816E-01
-2.007251E-03,-1.5555554E-01,-3.6800385E-01
-2.003974E-03,-1.5607434E-01,-3.5305023E-01
-2.000698E-03,-1.5518933E-01,-3.3641815E-01
-1.997421E-03,-1.5537244E-01,-3.2222748E-01
-1.994144E-03,-1.5494519E-01,-3.0490875E-01
-1.990867E-03,-1.5543347E-01,-2.8942108E-01
-1.987590E-03,-1.5467053E-01,-2.7256012E-01
-1.984314E-03,-1.5482312E-01,-2.5737762E-01
-1.981037E-03,-1.5378552E-01,-2.3899078E-01
-1.977760E-03,-1.5412122E-01,-2.2449493E-01
-1.974483E-03,-1.5335828E-01,-2.0542145E-01
-1.971206E-03,-1.5390759E-01,-1.8955231E-01
-1.967930E-03,-1.5308362E-01,-1.7124176E-01
-1.964653E-03,-1.5357190E-01,-1.5583038E-01
-1.961376E-03,-1.5375500E-01,-1.3828278E-01
-1.958099E-03,-1.5372449E-01,-1.2210846E-01
-1.954822E-03,-1.5332776E-01,-1.0417938E-01
-1.951546E-03,-1.5348035E-01,-8.8233948E-02
-1.948269E-03,-1.5314465E-01,-6.9618225E-02
-1.944992E-03,-1.5180188E-01,-5.3443909E-02
-1.941715E-03,-1.5149670E-01,-3.5362244E-02
-1.938438E-03,-1.5131360E-01,-1.8730164E-02
-1.935162E-03,-1.5149670E-01,-1.1825562E-03
-1.931885E-03,-1.5109998E-01,1.5373230E-02
-1.928608E-03,-1.5131360E-01,3.3378601E-02
-1.925331E-03,-1.5021497E-01,4.9552917E-02
-1.922054E-03,-1.5006238E-01,6.8855286E-02
-1.918778E-03,-1.4984875E-01,8.4648132E-02
-1.915501E-03,-1.4990979E-01,1.0272980E-01
-1.912224E-03,-1.4978772E-01,1.2012482E-01
-1.908947E-03,-1.5039807E-01,1.3820648E-01
-1.905670E-03,-1.5000134E-01,1.5415192E-01
-1.902394E-03,-1.5018445E-01,1.7185211E-01
-1.899117E-03,-1.4905530E-01,1.8749237E-01
-1.895840E-03,-1.4923840E-01,2.0534515E-01
-1.892563E-03,-1.4884167E-01,2.2151947E-01
-1.889286E-03,-1.4960461E-01,2.3876190E-01
-1.886010E-03,-1.4875012E-01,2.5455475E-01
-1.882733E-03,-1.4859753E-01,2.7278900E-01
-1.879456E-03,-1.4676648E-01,2.8827667E-01
-1.876179E-03,-1.4707166E-01,3.0536652E-01
-1.872902E-03,-1.4652234E-01,3.2192230E-01
-1.869626E-03,-1.4737683E-01,3.3802032E-01
-1.866349E-03,-1.4636975E-01,3.5373688E-01
-1.863072E-03,-1.4701062E-01,3.7052155E-01
-1.859795E-03,-1.4630872E-01,3.8547516E-01
-1.856518E-03,-1.4667493E-01,4.0180206E-01
-1.853242E-03,-1.4496594E-01,4.1675568E-01
-1.849965E-03,-1.4524060E-01,4.3140411E-01
-1.846688E-03,-1.4444714E-01,4.4734955E-01
-1.843411E-03,-1.4591199E-01,4.6283722E-01
-1.840134E-03,-1.4517957E-01,4.7718048E-01
-1.836858E-03,-1.4548474E-01,4.9182892E-01
-1.833581E-03,-1.4429456E-01,5.0632477E-01
-1.830304E-03,-1.4459973E-01,5.2066803E-01
-1.827027E-03,-1.4313489E-01,5.3493500E-01
-1.823750E-03,-1.4362317E-01,5.4843903E-01
-1.820474E-03,-1.4231091E-01,5.6118011E-01
-1.817197E-03,-1.4362317E-01,5.7514191E-01
-1.813920E-03,-1.4252454E-01,5.8795929E-01
-1.810643E-03,-1.4292126E-01,6.0047150E-01
-1.807366E-03,-1.4154797E-01,6.1321259E-01
-1.804090E-03,-1.4240247E-01,6.2526703E-01
-1.800813E-03,-1.4130383E-01,6.3793182E-01
-1.797536E-03,-1.4209729E-01,6.5013885E-01
-1.794259E-03,-1.4057141E-01,6.6265106E-01
-1.790982E-03,-1.4182263E-01,6.7302704E-01
-1.787706E-03,-1.4105969E-01,6.8454742E-01
-1.784429E-03,-1.4194470E-01,6.9477081E-01
-1.781152E-03,-1.4014417E-01,7.0529938E-01
-1.777875E-03,-1.4005261E-01,7.1559906E-01
-1.774598E-03,-1.3819104E-01,7.2566986E-01
-1.771322E-03,-1.3919812E-01,7.3444366E-01
-1.768045E-03,-1.3816052E-01,7.4504852E-01
-1.764768E-03,-1.3886243E-01,7.5412750E-01
-1.761491E-03,-1.3733655E-01,7.6328278E-01
-1.758214E-03,-1.3770276E-01,7.7205658E-01
-1.754938E-03,-1.3681775E-01,7.8083038E-01
-1.751661E-03,-1.3712292E-01,7.8723907E-01
-1.748384E-03,-1.3587170E-01,7.9547882E-01
-1.745107E-03,-1.3727551E-01,8.0135345E-01
-1.741830E-03,-1.3639050E-01,8.0860138E-01
-1.738554E-03,-1.3773328E-01,8.1401825E-01
-1.735277E-03,-1.3605481E-01,8.2126617E-01
-1.732000E-03,-1.3642102E-01,8.2599640E-01
-1.728723E-03,-1.3474255E-01,8.3156586E-01
-1.725446E-03,-1.3602429E-01,8.3660126E-01
-1.722170E-03,-1.3504773E-01,8.4156036E-01
-1.718893E-03,-1.3611584E-01,8.4568024E-01
-1.715616E-03,-1.3483411E-01,8.5033417E-01
-1.712339E-03,-1.3559705E-01,8.5384369E-01
-1.709062E-03,-1.3397961E-01,8.5826874E-01
-1.705786E-03,-1.3364392E-01,8.6086273E-01
-1.702509E-03,-1.3217908E-01,8.6437225E-01
-1.699232E-03,-1.3416272E-01,8.6536407E-01
-1.695955E-03,-1.3333875E-01,8.6856842E-01
-1.692678E-03,-1.3455945E-01,8.6940765E-01
-1.689402E-03,-1.3318616E-01,8.7184906E-01
-1.686125E-03,-1.3446790E-01,8.7154388E-01
-1.682848E-03,-1.3309460E-01,8.7291718E-01
-1.679571E-03,-1.3440686E-01,8.7245941E-01
-1.676294E-03,-1.3327771E-01,8.7261200E-01
-1.673018E-03,-1.3452893E-01,8.7146759E-01
-1.669741E-03,-1.3312512E-01,8.7223053E-01
-1.666464E-03,-1.3376599E-01,8.6978912E-01
-1.663187E-03,-1.3275891E-01,8.6994171E-01
-1.659910E-03,-1.3312512E-01,8.6620331E-01
-1.656634E-03,-1.3166028E-01,8.6620331E-01
-1.653357E-03,-1.3321667E-01,8.6170197E-01
-1.650080E-03,-1.3175183E-01,8.6025238E-01
-1.646803E-03,-1.3291150E-01,8.5582733E-01
-1.643526E-03,-1.3098889E-01,8.5300446E-01
-1.640250E-03,-1.3278943E-01,8.4819794E-01
-1.636973E-03,-1.3111096E-01,8.4491730E-01
-1.633696E-03,-1.3254529E-01,8.3858490E-01
-1.630419E-03,-1.3108044E-01,8.3477020E-01
-1.627142E-03,-1.3291150E-01,8.2851410E-01
-1.623866E-03,-1.3193494E-01,8.2386017E-01
-1.620589E-03,-1.3330823E-01,8.1638336E-01
-1.617312E-03,-1.3199597E-01,8.1264496E-01
-1.614035E-03,-1.3364392E-01,8.0410004E-01
-1.610758E-03,-1.3156873E-01,7.9853058E-01
-1.607482E-03,-1.3266736E-01,7.8899384E-01
-1.604205E-03,-1.3077527E-01,7.8296661E-01
-1.600928E-03,-1.3175183E-01,7.7327728E-01
-1.597651E-03,-1.3092786E-01,7.6702118E-01
-1.594374E-03,-1.3309460E-01,7.5595856E-01
-1.591098E-03,-1.3114148E-01,7.4893951E-01
-1.587821E-03,-1.3233167E-01,7.3841095E-01
-1.584544E-03,-1.3065320E-01,7.3123932E-01
-1.581267E-03,-1.3224011E-01,7.1880341E-01
-1.577990E-03,-1.3086682E-01,7.1147919E-01
-1.574714E-03,-1.3202649E-01,6.9873810E-01
-1.571437E-03,-1.3144666E-01,6.8988800E-01
-1.568160E-03,-1.3288098E-01,6.7760468E-01
-1.564883E-03,-1.3162976E-01,6.6776276E-01
-1.561606E-03,-1.3266736E-01,6.5464020E-01
-1.558330E-03,-1.3144666E-01,6.4479828E-01
-1.555053E-03,-1.3291150E-01,6.3098907E-01
-1.551776E-03,-1.3263684E-01,6.1992645E-01
-1.548499E-03,-1.3373547E-01,6.0573578E-01
-1.545222E-03,-1.3260632E-01,5.9497833E-01
-1.541946E-03,-1.3300305E-01,5.8025360E-01
-1.538669E-03,-1.3138562E-01,5.6812286E-01
-1.535392E-03,-1.3156873E-01,5.5362701E-01
-1.532115E-03,-1.3141614E-01,5.4164886E-01
-1.528838E-03,-1.3211804E-01,5.2654266E-01
-1.525562E-03,-1.3236218E-01,5.1342010E-01
-1.522285E-03,-1.3361340E-01,4.9816132E-01
-1.519008E-03,-1.3288098E-01,4.8542023E-01
-1.515731E-03,-1.3324719E-01,4.6855927E-01
-1.512454E-03,-1.3263684E-01,4.5383453E-01
-1.509178E-03,-1.3404065E-01,4.3819427E-01
-1.505901E-03,-1.3440686E-01,4.2400360E-01
-1.502624E-03,-1.3523083E-01,4.0714264E-01
-1.499347E-03,-1.3477307E-01,3.9272308E-01
-1.496070E-03,-1.3489514E-01,3.7639618E-01
-1.492794E-03,-1.3477307E-01,3.6159515E-01
-1.489517E-03,-1.3504773E-01,3.4450531E-01
-1.486240E-03,-1.3428479E-01,3.2871246E-01
-1.482963E-03,-1.3477307E-01,3.1131744E-01
-1.479686E-03,-1.3501721E-01,2.9605865E-01
-1.476410E-03,-1.3556653E-01,2.7828217E-01
-1.473133E-03,-1.3535291E-01,2.6340485E-01
-1.469856E-03,-1.3483411E-01,2.4562836E-01
-1.466579E-03,-1.3486462E-01,2.2953033E-01
-1.463302E-03,-1.3507825E-01,2.1205902E-01
-1.460026E-03,-1.3553601E-01,1.9687653E-01
-1.456749E-03,-1.3578015E-01,1.7910004E-01
-1.453472E-03,-1.3669568E-01,1.6262054E-01
-1.450195E-03,-1.3724500E-01,1.4522552E-01
-1.446918E-03,-1.3742810E-01,1.2813568E-01
-1.443642E-03,-1.3687878E-01,1.1005402E-01
-1.440365E-03,-1.3721448E-01,9.3421936E-02
-1.437088E-03,-1.3672620E-01,7.6026917E-02
-1.433811E-03,-1.3727551E-01,5.9013367E-02
-1.430534E-03,-1.3730603E-01,4.0702820E-02
-1.427258E-03,-1.3773328E-01,2.3841858E-02
-1.423981E-03,-1.3745862E-01,6.5231323E-03
-1.420704E-03,-1.3843518E-01,-1.0719299E-02
-1.417427E-03,-1.3751965E-01,-2.8953552E-02
-1.414150E-03,-1.3831311E-01,-4.4746399E-02
-1.410874E-03,-1.3782483E-01,-6.2751770E-02
-1.407597E-03,-1.3904553E-01,-7.8926086E-02
-1.404320E-03,-1.3913708E-01,-9.7007751E-02
-1.401043E-03,-1.4026624E-01,-1.1348724E-01
-1.397766E-03,-1.3953381E-01,-1.3111115E-01
-1.394490E-03,-1.4038831E-01,-1.4675140E-01
-1.391213E-03,-1.4023572E-01,-1.6407013E-01
-1.387936E-03,-1.4118176E-01,-1.8085480E-01
-1.384659E-03,-1.4063245E-01,-1.9786835E-01
-1.381382E-03,-1.4157849E-01,-2.1411896E-01
-1.378106E-03,-1.4124280E-01,-2.3128510E-01
-1.374829E-03,-1.4197522E-01,-2.4723053E-01
-1.371552E-03,-1.4105969E-01,-2.6401520E-01
-1.368275E-03,-1.4090710E-01,-2.8026581E-01
-1.364998E-03,-1.4026624E-01,-2.9590607E-01
-1.361722E-03,-1.4160901E-01,-3.1169891E-01
-1.358445E-03,-1.4157849E-01,-3.2848358E-01
-1.355168E-03,-1.4289075E-01,-3.4389496E-01
-1.351891E-03,-1.4215833E-01,-3.6090851E-01
-1.348614E-03,-1.4279919E-01,-3.7578583E-01
-1.345338E-03,-1.4170056E-01,-3.9081573E-01
-1.342061E-03,-1.4313489E-01,-4.0584564E-01
-1.338784E-03,-1.4191418E-01,-4.2072296E-01
-1.335507E-03,-1.4368420E-01,-4.3460846E-01
-1.332230E-03,-1.4301282E-01,-4.4857025E-01
-1.328954E-03,-1.4453870E-01,-4.6298981E-01
-1.325677E-03,-1.4276868E-01,-4.7748566E-01
-1.322400E-03,-1.4353162E-01,-4.9083710E-01
-1.319123E-03,-1.4185315E-01,-5.0418854E-01
-1.315846E-03,-1.4313489E-01,-5.1807404E-01
-1.312570E-03,-1.4228040E-01,-5.3165436E-01
-1.309293E-03,-1.4331799E-01,-5.4454803E-01
-1.306016E-03,-1.4203625E-01,-5.5713654E-01
-1.302739E-03,-1.4362317E-01,-5.6972504E-01
-1.299462E-03,-1.4261609E-01,-5.8177948E-01
-1.296186E-03,-1.4344006E-01,-5.9391022E-01
-1.292909E-03,-1.4258557E-01,-6.0489655E-01
-1.289632E-03,-1.4368420E-01,-6.1656952E-01
-1.286355E-03,-1.4359265E-01,-6.2702179E-01
-1.283078E-03,-1.4511853E-01,-6.3884735E-01
-1.279802E-03,-1.4417249E-01,-6.4945221E-01
-1.276525E-03,-1.4499646E-01,-6.6097260E-01
-1.273248E-03,-1.4353162E-01,-6.6997528E-01
-1.269971E-03,-1.4432507E-01,-6.8019867E-01
-1.266694E-03,-1.4234143E-01,-6.8912506E-01
-1.263418E-03,-1.4331799E-01,-6.9789886E-01
-1.260141E-03,-1.4289075E-01,-7.0674896E-01
-1.256864E-03,-1.4469128E-01,-7.1620941E-01
-1.253587E-03,-1.4353162E-01,-7.2322845E-01
-1.250310E-03,-1.4435559E-01,-7.3192596E-01
-1.247034E-03,-1.4298230E-01,-7.3818207E-01
-1.243757E-03,-1.4420300E-01,-7.4550629E-01
-1.240480E-03,-1.4334851E-01,-7.5222015E-01
-1.237203E-03,-1.4447766E-01,-7.6038361E-01
-1.233926E-03,-1.4365369E-01,-7.6473236E-01
-1.230650E-03,-1.4554578E-01,-7.7114105E-01
-1.227373E-03,-1.4377576E-01,-7.7548981E-01
-1.224096E-03,-1.4496594E-01,-7.8121185E-01
-1.220819E-03,-1.4362317E-01,-7.8540802E-01
-1.217542E-03,-1.4475232E-01,-7.9067230E-01
-1.214266E-03,-1.4383679E-01,-7.9364777E-01
-1.210989E-03,-1.4521008E-01,-7.9792023E-01
-1.207712E-03,-1.4347058E-01,-8.0097198E-01
-1.204435E-03,-1.4441663E-01,-8.0463409E-01
-1.201158E-03,-1.4270764E-01,-8.0585480E-01
-1.197882E-03,-1.4398938E-01,-8.0974579E-01
-1.194605E-03,-1.4282971E-01,-8.1043243E-01
-1.191328E-03,-1.4432507E-01,-8.1310272E-01
-1.188051E-03,-1.4344006E-01,-8.1348419E-01
-1.184774E-03,-1.4545422E-01,-8.1577301E-01
-1.181498E-03,-1.4441663E-01,-8.1447601E-01
-1.178221E-03,-1.4521008E-01,-8.1607819E-01
-1.174944E-03,-1.4304333E-01,-8.1455231E-01
-1.171667E-03,-1.4414197E-01,-8.1508636E-01
-1.168390E-03,-1.4356213E-01,-8.1279755E-01
-1.165114E-03,-1.4521008E-01,-8.1333160E-01
-1.161837E-03,-1.4392834E-01,-8.0989838E-01
-1.158560E-03,-1.4447766E-01,-8.0890656E-01
-1.155283E-03,-1.4298230E-01,-8.0570221E-01
-1.152006E-03,-1.4380627E-01,-8.0387115E-01
-1.148730E-03,-1.4188367E-01,-7.9982758E-01
-1.145453E-03,-1.4328748E-01,-7.9814911E-01
-1.142176E-03,-1.4179211E-01,-7.9196930E-01
-1.138899E-03,-1.4356213E-01,-7.8983307E-01
-1.135622E-03,-1.4148694E-01,-7.8304291E-01
-1.132346E-03,-1.4249402E-01,-7.8029633E-01
-1.129069E-03,-1.4047986E-01,-7.7342987E-01
-1.125792E-03,-1.4206677E-01,-7.6892853E-01
-1.122515E-03,-1.4081555E-01,-7.6137543E-01
-1.119238E-03,-1.4206677E-01,-7.5710297E-01
-1.115962E-03,-1.4075452E-01,-7.4916840E-01
-1.112685E-03,-1.4267712E-01,-7.4367523E-01
-1.109408E-03,-1.4130383E-01,-7.3406219E-01
-1.106131E-03,-1.4237195E-01,-7.2887421E-01
-1.102854E-03,-1.4032727E-01,-7.1918488E-01
-1.099578E-03,-1.4130383E-01,-7.1292877E-01
-1.096301E-03,-1.4014417E-01,-7.0278168E-01
-1.093024E-03,-1.4133435E-01,-6.9553375E-01
-1.089747E-03,-1.4035779E-01,-6.8378448E-01
-1.086470E-03,-1.4075452E-01,-6.7752838E-01
-1.083194E-03,-1.3968640E-01,-6.6562653E-01
-1.079917E-03,-1.4084607E-01,-6.5753937E-01
-1.076640E-03,-1.3980847E-01,-6.4533234E-01
-1.073363E-03,-1.4014417E-01,-6.3594818E-01
-1.070086E-03,-1.3947278E-01,-6.2335968E-01
-1.066810E-03,-1.4112073E-01,-6.1412811E-01
-1.063533E-03,-1.4051038E-01,-6.0123444E-01
-1.060256E-03,-1.4130383E-01,-5.9062958E-01
-1.056979E-03,-1.3986951E-01,-5.7834625E-01
-1.053702E-03,-1.4051038E-01,-5.6789398E-01
-1.050426E-03,-1.3999158E-01,-5.5332184E-01
-1.047149E-03,-1.4102917E-01,-5.4187775E-01
-1.043872E-03,-1.3983899E-01,-5.2761078E-01
-1.040595E-03,-1.4029675E-01,-5.1532745E-01
-1.037318E-03,-1.3950330E-01,-5.0052643E-01
-1.034042E-03,-1.3968640E-01,-4.8816681E-01
-1.030765E-03,-1.3840466E-01,-4.7245026E-01
-1.027488E-03,-1.3834363E-01,-4.6024323E-01
-1.024211E-03,-1.3785535E-01,-4.4437408E-01
-1.020934E-03,-1.3852673E-01,-4.3087006E-01
-1.017658E-03,-1.3874036E-01,-4.1515350E-01
-1.014381E-03,-1.3938123E-01,-4.0172577E-01
-1.011104E-03,-1.3889294E-01,-3.8509369E-01
-1.007827E-03,-1.3870984E-01,-3.7143707E-01
-1.004550E-03,-1.3767224E-01,-3.5427094E-01
-1.001274E-03,-1.3816052E-01,-3.3893585E-01
-9.979968E-04,-1.3819104E-01,-3.2199860E-01
-9.947200E-04,-1.3883191E-01,-3.0689240E-01
-9.914432E-04,-1.3904553E-01,-2.9026031E-01
-9.881664E-04,-1.3822156E-01,-2.7576447E-01
-9.848896E-04,-1.3779431E-01,-2.5859833E-01
-9.816128E-04,-1.3678723E-01,-2.4326324E-01
-9.783360E-04,-1.3657361E-01,-2.2548676E-01
-9.750592E-04,-1.3663464E-01,-2.0931244E-01
-9.717824E-04,-1.3700085E-01,-1.9145966E-01
-9.685056E-04,-1.3700085E-01,-1.7589569E-01
-9.652288E-04,-1.3663464E-01,-1.5857697E-01
-9.619520E-04,-1.3571912E-01,-1.4171600E-01
-9.586752E-04,-1.3614636E-01,-1.2363434E-01
-9.553984E-04,-1.3559705E-01,-1.0669708E-01
-9.521216E-04,-1.3599377E-01,-9.0217590E-02
-9.488448E-04,-1.3632947E-01,-7.3204041E-02
-9.455680E-04,-1.3681775E-01,-5.5503845E-02
-9.422912E-04,-1.3660413E-01,-3.9100647E-02
-9.390144E-04,-1.3651257E-01,-2.1018982E-02
-9.357376E-04,-1.3553601E-01,-4.7683716E-03
-9.324608E-04,-1.3578015E-01,1.2321472E-02
-9.291840E-04,-1.3452893E-01,2.8266907E-02
-9.259072E-04,-1.3495618E-01,4.5814514E-02
-9.226304E-04,-1.3422375E-01,6.3285828E-02
-9.193536E-04,-1.3483411E-01,8.1214905E-02
-9.160768E-04,-1.3431531E-01,9.7618103E-02
-9.128000E-04,-1.3401013E-01,1.1737823E-01
-9.095232E-04,-1.3297253E-01,1.3324738E-01
-9.062464E-04,-1.3397961E-01,1.5056610E-01
-9.029696E-04,-1.3346082E-01,1.6658783E-01
-8.996928E-04,-1.3428479E-01,1.8459320E-01
-8.964160E-04,-1.3303357E-01,2.0137787E-01
-8.931392E-04,-1.3401013E-01,2.1755219E-01
-8.898624E-04,-1.3339978E-01,2.3387909E-01
-8.865856E-04,-1.3364392E-01,2.5074005E-01
-8.833088E-04,-1.3275891E-01,2.6737213E-01
-8.800320E-04,-1.3306409E-01,2.8438568E-01
-8.767552E-04,-1.3190442E-01,2.9972076E-01
-8.734784E-04,-1.3318616E-01,3.1795502E-01
-8.702016E-04,-1.3211804E-01,3.3428192E-01
-8.669248E-04,-1.3220959E-01,3.5053253E-01
-8.636480E-04,-1.3080579E-01,3.6571503E-01
-8.603712E-04,-1.3138562E-01,3.8227081E-01
-8.570944E-04,-1.3001233E-01,3.9798737E-01
-8.538176E-04,-1.3117200E-01,4.1263580E-01
-8.505408E-04,-1.3019543E-01,4.2789459E-01
-8.472640E-04,-1.3162976E-01,4.4322968E-01
-8.439872E-04,-1.3071423E-01,4.5894623E-01
-8.407104E-04,-1.3135510E-01,4.7321320E-01
-8.374336E-04,-1.2989026E-01,4.8778534E-01
-8.341568E-04,-1.3047009E-01,5.0304413E-01
-8.308800E-04,-1.2894421E-01,5.1639557E-01
-8.276032E-04,-1.3037854E-01,5.3066254E-01
-8.243264E-04,-1.2931042E-01,5.4569244E-01
-8.210496E-04,-1.3004285E-01,5.5889130E-01
-8.177728E-04,-1.2848645E-01,5.7178497E-01
-8.144960E-04,-1.2921887E-01,5.8452606E-01
-8.112192E-04,-1.2744885E-01,5.9795380E-01
-8.079424E-04,-1.2848645E-01,6.1107635E-01
-8.046656E-04,-1.2717419E-01,6.2313080E-01
-8.013888E-04,-1.2876111E-01,6.3488007E-01
-7.981120E-04,-1.2760144E-01,6.4777374E-01
-7.948352E-04,-1.2808972E-01,6.5921783E-01
-7.915584E-04,-1.2592297E-01,6.7127228E-01
-7.882816E-04,-1.2659436E-01,6.8233490E-01
-7.850048E-04,-1.2592297E-01,6.9309235E-01
-7.817280E-04,-1.2723523E-01,7.0369720E-01
-7.784512E-04,-1.2644177E-01,7.1475983E-01
-7.751744E-04,-1.2747937E-01,7.2315216E-01
-7.718976E-04,-1.2671643E-01,7.3375702E-01
-7.686208E-04,-1.2699109E-01,7.4207306E-01
-7.653440E-04,-1.2519055E-01,7.5199127E-01
-7.620672E-04,-1.2555676E-01,7.6084137E-01
-7.587904E-04,-1.2369519E-01,7.6961517E-01
-7.555136E-04,-1.2531262E-01,7.7762604E-01
-7.522368E-04,-1.2378674E-01,7.8609467E-01
-7.489600E-04,-1.2451917E-01,7.9296112E-01
-7.456832E-04,-1.2329846E-01,8.0135345E-01
-7.424064E-04,-1.2436658E-01,8.0677032E-01
-7.391296E-04,-1.2250500E-01,8.1401825E-01
-7.358528E-04,-1.2393933E-01,8.1943512E-01
-7.325760E-04,-1.2262708E-01,8.2614899E-01
-7.292992E-04,-1.2403088E-01,8.3087921E-01
-7.260224E-04,-1.2299329E-01,8.3744049E-01
-7.227456E-04,-1.2406140E-01,8.4117889E-01
-7.194688E-04,-1.2305432E-01,8.4735870E-01
-7.161920E-04,-1.2433606E-01,8.4995270E-01
-7.129152E-04,-1.2329846E-01,8.5491180E-01
-7.096384E-04,-1.2445813E-01,8.5750580E-01
-7.063616E-04,-1.2290173E-01,8.6116791E-01
-7.030848E-04,-1.2381726E-01,8.6269379E-01
-6.998080E-04,-1.2265759E-01,8.6704254E-01
-6.965312E-04,-1.2317639E-01,8.6765289E-01
-6.932544E-04,-1.2122327E-01,8.7055206E-01
-6.899776E-04,-1.2192517E-01,8.7032318E-01
-6.867008E-04,-1.2073499E-01,8.7291718E-01
-6.834240E-04,-1.2250500E-01,8.7184906E-01
-6.801472E-04,-1.2128430E-01,8.7451935E-01
-6.768704E-04,-1.2268811E-01,8.7284088E-01
-6.735936E-04,-1.2125378E-01,8.7368011E-01
-6.703168E-04,-1.2250500E-01,8.7177277E-01
-6.670400E-04,-1.2131482E-01,8.7230682E-01
-6.637632E-04,-1.2213879E-01,8.6956024E-01
-6.604864E-04,-1.2049084E-01,8.6902618E-01
-6.572096E-04,-1.2244397E-01,8.6490631E-01
-6.539328E-04,-1.2134534E-01,8.6391449E-01
-6.506560E-04,-1.2244397E-01,8.5933685E-01
-6.473792E-04,-1.2046033E-01,8.5796356E-01
-6.441024E-04,-1.2122327E-01,8.5292816E-01
-6.408256E-04,-1.1960583E-01,8.4987640E-01
-6.375488E-04,-1.2073499E-01,8.4407806E-01
-6.342720E-04,-1.1969739E-01,8.4156036E-01
-6.309952E-04,-1.2110120E-01,8.3499908E-01
-6.277184E-04,-1.1994153E-01,8.3141327E-01
-6.244416E-04,-1.2061292E-01,8.2340240E-01
-6.211648E-04,-1.1905652E-01,8.2035065E-01
-6.178880E-04,-1.1991101E-01,8.1142426E-01
-6.146112E-04,-1.1841565E-01,8.0715179E-01
-6.113344E-04,-1.2012463E-01,7.9853058E-01
-6.080576E-04,-1.1969739E-01,7.9334259E-01
-6.047808E-04,-1.2104016E-01,7.8395844E-01
-6.015040E-04,-1.2033826E-01,7.7754974E-01
-5.982272E-04,-1.2076550E-01,7.6763153E-01
-5.949504E-04,-1.1942273E-01,7.6084137E-01
-5.916736E-04,-1.1975842E-01,7.5046539E-01
-5.883968E-04,-1.1853772E-01,7.4245453E-01
-5.851200E-04,-1.1963635E-01,7.3101044E-01
-5.818432E-04,-1.1911755E-01,7.2338104E-01
-5.785664E-04,-1.2009412E-01,7.1147919E-01
-5.752896E-04,-1.1911755E-01,7.0308685E-01
-5.720128E-04,-1.1899548E-01,6.9034576E-01
-5.687360E-04,-1.1844617E-01,6.8103790E-01
-5.654592E-04,-1.1957532E-01,6.6768646E-01
-5.621824E-04,-1.1899548E-01,6.5837860E-01
-5.589056E-04,-1.2039929E-01,6.4540863E-01
-5.556288E-04,-1.1966687E-01,6.3465118E-01
-5.523520E-04,-1.2009412E-01,6.2129974E-01
-5.490752E-04,-1.1927014E-01,6.0985565E-01
-5.457984E-04,-1.1994153E-01,5.9612274E-01
-5.425216E-04,-1.1942273E-01,5.8429718E-01
-5.392448E-04,-1.1997205E-01,5.6949615E-01
-5.359680E-04,-1.1951428E-01,5.5782318E-01
-5.326912E-04,-1.1997205E-01,5.4218292E-01
-5.294144E-04,-1.1908704E-01,5.2906036E-01
-5.261376E-04,-1.1869031E-01,5.1418304E-01
-5.228608E-04,-1.1801892E-01,5.0106049E-01
-5.195840E-04,-1.1841565E-01,4.8587799E-01
-5.163072E-04,-1.1817151E-01,4.7206879E-01
-5.130304E-04,-1.1884290E-01,4.5734406E-01
-5.097536E-04,-1.1905652E-01,4.4223785E-01
-5.064768E-04,-1.1963635E-01,4.2613983E-01
-5.032000E-04,-1.1920911E-01,4.1118622E-01
-4.999232E-04,-1.1917859E-01,3.9470673E-01
-4.966464E-04,-1.1917859E-01,3.8059235E-01
-4.933696E-04,-1.1936169E-01,3.6373138E-01
-4.900928E-04,-1.1942273E-01,3.4832001E-01
-4.868160E-04,-1.1954480E-01,3.3077240E-01
-4.835392E-04,-1.2000256E-01,3.1490326E-01
-4.802624E-04,-1.1984998E-01,2.9682159E-01
-4.769856E-04,-1.1975842E-01,2.8148651E-01
-4.737088E-04,-1.1893445E-01,2.6508331E-01
-4.704320E-04,-1.1884290E-01,2.4875641E-01
-4.671552E-04,-1.1817151E-01,2.3242950E-01
-4.638784E-04,-1.1893445E-01,2.1610260E-01
-4.606016E-04,-1.1890393E-01,1.9924164E-01
-4.573248E-04,-1.1917859E-01,1.8222809E-01
-4.540480E-04,-1.1811047E-01,1.6506195E-01
-4.507712E-04,-1.1847668E-01,1.4842987E-01
-4.474944E-04,-1.1814099E-01,1.3057709E-01
-4.442176E-04,-1.1865979E-01,1.1379242E-01
-4.409408E-04,-1.1869031E-01,9.5252991E-02
-4.376640E-04,-1.1948376E-01,7.8239441E-02
-4.343872E-04,-1.1969739E-01,5.9928894E-02
-4.311104E-04,-1.2009412E-01,4.3601990E-02
-4.278336E-04,-1.1896497E-01,2.5520325E-02
-4.245568E-04,-1.1896497E-01,9.2697144E-03
-4.212800E-04,-1.1765271E-01,-7.8964233E-03
-4.180032E-04,-1.1869031E-01,-2.5138855E-02
-4.147264E-04,-1.1826306E-01,-4.2915344E-02
-4.114496E-04,-1.1862927E-01,-5.9547424E-02
-4.081728E-04,-1.1774426E-01,-7.6713562E-02
-4.048960E-04,-1.1795789E-01,-9.3650818E-02
-4.016192E-04,-1.1713391E-01,-1.1127472E-01
-3.983424E-04,-1.1765271E-01,-1.2744904E-01
-3.950656E-04,-1.1688977E-01,-1.4415741E-01
-3.917888E-04,-1.1817151E-01,-1.6185760E-01
-3.885120E-04,-1.1750012E-01,-1.7856598E-01
-3.852352E-04,-1.1869031E-01,-1.9542694E-01
-3.819584E-04,-1.1713391E-01,-2.1297455E-01
-3.786816E-04,-1.1789685E-01,-2.2876740E-01
-3.754048E-04,-1.1673718E-01,-2.4509430E-01
-3.721280E-04,-1.1814099E-01,-2.6187897E-01
-3.688512E-04,-1.1682874E-01,-2.7721405E-01
-3.655744E-04,-1.1759167E-01,-2.9346466E-01
-3.622976E-04,-1.1606580E-01,-3.0902863E-01
-3.590208E-04,-1.1673718E-01,-3.2436371E-01
-3.557440E-04,-1.1490613E-01,-3.4099579E-01
-3.524672E-04,-1.1536389E-01,-3.5640717E-01
-3.491904E-04,-1.1432629E-01,-3.7250519E-01
-3.459136E-04,-1.1545544E-01,-3.8761139E-01
-3.426368E-04,-1.1499768E-01,-4.0264130E-01
-3.393600E-04,-1.1701184E-01,-4.1805267E-01
-3.360832E-04,-1.1591321E-01,-4.3277740E-01
-3.328064E-04,-1.1670667E-01,-4.4795990E-01
-3.295296E-04,-1.1530286E-01,-4.6138763E-01
-3.262528E-04,-1.1652356E-01,-4.7481537E-01
-3.229760E-04,-1.1536389E-01,-4.8892975E-01
-3.196992E-04,-1.1618787E-01,-5.0228119E-01
-3.164224E-04,-1.1579114E-01,-5.1540375E-01
-3.131456E-04,-1.1655408E-01,-5.2951813E-01
-3.098688E-04,-1.1530286E-01,-5.4332733E-01
-3.065920E-04,-1.1576062E-01,-5.5568695E-01
-3.033152E-04,-1.1457043E-01,-5.6743622E-01
-3.000384E-04,-1.1499768E-01,-5.8078766E-01
-2.967616E-04,-1.1374646E-01,-5.9116364E-01
-2.934848E-04,-1.1453992E-01,-6.0428619E-01
-2.902080E-04,-1.1353284E-01,-6.1489105E-01
-2.869312E-04,-1.1460095E-01,-6.2633514E-01
-2.836544E-04,-1.1310559E-01,-6.3686371E-01
-2.803776E-04,-1.1420422E-01,-6.4838409E-01
-2.771008E-04,-1.1267834E-01,-6.5731049E-01
-2.738240E-04,-1.1417371E-01,-6.6799164E-01
-2.705472E-04,-1.1310559E-01,-6.7737579E-01
-2.672704E-04,-1.1450940E-01,-6.8653107E-01
-2.639936E-04,-1.1325818E-01,-6.9507599E-01
-2.607168E-04,-1.1402112E-01,-7.0446014E-01
-2.574400E-04,-1.1234265E-01,-7.1239471E-01
-2.541632E-04,-1.1304456E-01,-7.2101593E-01
-2.508864E-04,-1.1096936E-01,-7.2834015E-01
-2.476096E-04,-1.1209851E-01,-7.3657990E-01
-2.443328E-04,-1.1154919E-01,-7.4314117E-01
-2.410560E-04,-1.1264783E-01,-7.5115204E-01
-2.377792E-04,-1.1093884E-01,-7.5748444E-01
-2.345024E-04,-1.1194592E-01,-7.6366425E-01
-2.312256E-04,-1.1017590E-01,-7.6839447E-01
-2.279488E-04,-1.1188489E-01,-7.7495575E-01
-2.246720E-04,-1.1093884E-01,-7.7899933E-01
-2.213952E-04,-1.1231213E-01,-7.8548431E-01
-2.181184E-04,-1.1167126E-01,-7.8861237E-01
-2.148416E-04,-1.1295300E-01,-7.9471588E-01
-2.115648E-04,-1.1106091E-01,-7.9662323E-01
-2.082880E-04,-1.1231213E-01,-8.0089569E-01
-2.050112E-04,-1.1060315E-01,-8.0211639E-01
-2.017344E-04,-1.1206799E-01,-8.0661774E-01
-1.984576E-04,-1.1112195E-01,-8.0753326E-01
-1.951808E-04,-1.1264783E-01,-8.1119537E-01
-1.919040E-04,-1.1057263E-01,-8.1104279E-01
-1.886272E-04,-1.1121350E-01,-8.1394196E-01
-1.853504E-04,-1.0913831E-01,-8.1272125E-01
-1.820736E-04,-1.1026746E-01,-8.1508636E-01
-1.787968E-04,-1.0898572E-01,-8.1287384E-01
-1.755200E-04,-1.1017590E-01,-8.1439972E-01
-1.722432E-04,-1.0910779E-01,-8.1302643E-01
-1.689664E-04,-1.1078625E-01,-8.1401825E-01
-1.656896E-04,-1.0996228E-01,-8.1104279E-01
-1.624128E-04,-1.1038953E-01,-8.1142426E-01
-1.591360E-04,-1.0834485E-01,-8.0730438E-01
-1.558592E-04,-1.1005383E-01,-8.0715179E-01
-1.525824E-04,-1.0883313E-01,-8.0181122E-01
-1.493056E-04,-1.1042004E-01,-8.0135345E-01
-1.460288E-04,-1.0895520E-01,-7.9593658E-01
-1.427520E-04,-1.0962659E-01,-7.9441071E-01
-1.394752E-04,-1.0764294E-01,-7.8769684E-01
-1.361984E-04,-1.0877209E-01,-7.8617096E-01
-1.329216E-04,-1.0706311E-01,-7.7922821E-01
-1.296448E-04,-1.0828381E-01,-7.7632904E-01
-1.263680E-04,-1.0749036E-01,-7.6908112E-01
-1.230912E-04,-1.0803967E-01,-7.6534271E-01
-1.198144E-04,-1.0672742E-01,-7.5687408E-01
-1.165376E-04,-1.0739880E-01,-7.5214386E-01
-1.132608E-04,-1.0620862E-01,-7.4420929E-01
-1.099840E-04,-1.0660535E-01,-7.3818207E-01
-1.067072E-04,-1.0590344E-01,-7.2872162E-01
-1.034304E-04,-1.0703259E-01,-7.2284698E-01
-1.001536E-04,-1.0617810E-01,-7.1277618E-01
-9.687680E-05,-1.0712415E-01,-7.0560455E-01
-9.360000E-05,-1.0654431E-01,-6.9561005E-01
-9.032320E-05,-1.0675793E-01,-6.8813324E-01
-8.704640E-05,-1.0523206E-01,-6.7775726E-01
-8.376960E-05,-1.0538464E-01,-6.6905975E-01
-8.049280E-05,-1.0413342E-01,-6.5731049E-01
-7.721600E-05,-1.0474377E-01,-6.4838409E-01
-7.393920E-05,-1.0361462E-01,-6.3632965E-01
-7.066240E-05,-1.0416394E-01,-6.2709808E-01
-6.738560E-05,-1.0340100E-01,-6.1412811E-01
-6.410880E-05,-1.0395032E-01,-6.0459137E-01
-6.083200E-05,-1.0321790E-01,-5.9177399E-01
-5.755520E-05,-1.0367566E-01,-5.8139801E-01
-5.427840E-05,-1.0370618E-01,-5.6835175E-01
-5.100160E-05,-1.0404187E-01,-5.5713654E-01
-4.772480E-05,-1.0401135E-01,-5.4309845E-01
-4.444800E-05,-1.0395032E-01,-5.3096771E-01
-4.117120E-05,-1.0343152E-01,-5.1708221E-01
-3.789440E-05,-1.0318738E-01,-5.0464630E-01
-3.461760E-05,-1.0245496E-01,-4.8923492E-01
-3.134080E-05,-1.0276013E-01,-4.7626495E-01
-2.806400E-05,-1.0266858E-01,-4.6092987E-01
-2.478720E-05,-1.0282117E-01,-4.4773102E-01
-2.151040E-05,-1.0248547E-01,-4.3270111E-01
-1.823360E-05,-1.0135632E-01,-4.1858673E-01
-1.495680E-05,-1.0010510E-01,-4.0317535E-01
-1.168000E-05,-9.9616821E-02,-3.8959503E-01
-8.403200E-06,-9.9708374E-02,-3.7418365E-01
-5.126400E-06,-1.0025769E-01,-3.5915375E-01
-1.849600E-06,-1.0077649E-01,-3.4206390E-01
1.427200E-06,-1.0080701E-01,-3.2665253E-01
4.704000E-06,-1.0034924E-01,-3.1040192E-01
7.980800E-06,-1.0007458E-01,-2.9415131E-01
1.125760E-05,-9.9891479E-02,-2.7812958E-01
1.453440E-05,-9.9586304E-02,-2.6287079E-01
1.781120E-05,-1.0004407E-01,-2.4524689E-01
2.108800E-05,-9.9952515E-02,-2.3006439E-01
2.436480E-05,-1.0031873E-01,-2.1221161E-01
2.764160E-05,-9.9006470E-02,-1.9657135E-01
3.091840E-05,-9.8457153E-02,-1.7902374E-01
3.419520E-05,-9.7511108E-02,-1.6315460E-01
3.747200E-05,-9.7907837E-02,-1.4591217E-01
4.074880E-05,-9.7389038E-02,-1.2958527E-01
4.402560E-05,-9.7785767E-02,-1.1180878E-01
4.730240E-05,-9.6778687E-02,-9.4337463E-02
5.057920E-05,-9.7236450E-02,-7.7323914E-02
5.385600E-05,-9.6412476E-02,-6.1531067E-02
5.713280E-05,-9.6809204E-02,-4.3983459E-02
6.040960E-05,-9.5374878E-02,-2.6741028E-02
6.368640E-05,-9.6229370E-02,-8.2778931E-03
6.696320E-05,-9.6107300E-02,8.7356567E-03
7.024000E-05,-9.6900757E-02,2.6817322E-02
7.351680E-05,-9.6137817E-02,4.3144226E-02
7.679360E-05,-9.6687134E-02,6.0234070E-02
8.007040E-05,-9.5344360E-02,7.7247620E-02
8.334720E-05,-9.5710571E-02,9.5558167E-02
8.662400E-05,-9.4001587E-02,1.1241913E-01
8.990080E-05,-9.4459351E-02,1.3011932E-01
9.317760E-05,-9.3391235E-02,1.4751434E-01
9.645440E-05,-9.4581421E-02,1.6506195E-01
9.973120E-05,-9.3604858E-02,1.8085480E-01
1.030080E-04,-9.3574341E-02,1.9824982E-01
1.062848E-04,-9.1956909E-02,2.1488190E-01
1.095616E-04,-9.3116577E-02,2.3204803E-01
1.128384E-04,-9.2445190E-02,2.4806976E-01
1.161152E-04,-9.3360718E-02,2.6500702E-01
1.193920E-04,-9.2597778E-02,2.8171539E-01
1.226688E-04,-9.3696411E-02,2.9842377E-01
1.259456E-04,-9.2017944E-02,3.1452179E-01
1.292224E-04,-9.2658813E-02,3.3130646E-01
1.324992E-04,-9.1041382E-02,3.4664154E-01
1.357760E-04,-9.1804321E-02,3.6319733E-01
1.390528E-04,-9.0492065E-02,3.8051605E-01
1.423296E-04,-9.1773804E-02,3.9478302E-01
1.456064E-04,-9.0644653E-02,4.1049957E-01
1.488832E-04,-9.0827759E-02,4.2629242E-01
1.521600E-04,-8.9301880E-02,4.4101715E-01
1.554368E-04,-8.9698608E-02,4.5703888E-01
1.587136E-04,-8.8264282E-02,4.7214508E-01
1.619904E-04,-8.9454468E-02,4.8557281E-01
1.652672E-04,-8.8813599E-02,5.0075531E-01
1.685440E-04,-9.0431030E-02,5.1479340E-01
1.718208E-04,-8.8905151E-02,5.2944183E-01
1.750976E-04,-8.9118774E-02,5.4302216E-01
1.783744E-04,-8.8050659E-02,5.5713654E-01
1.816512E-04,-8.9149292E-02,5.7010651E-01
1.849280E-04,-8.8050659E-02,5.8368683E-01
1.882048E-04,-8.9332397E-02,5.9528351E-01
1.914816E-04,-8.8081177E-02,6.0802460E-01
1.947584E-04,-8.8874634E-02,6.2015533E-01
1.980352E-04,-8.7074097E-02,6.3358307E-01
2.013120E-04,-8.8172729E-02,6.4533234E-01
2.045888E-04,-8.6402710E-02,6.5723419E-01
2.078656E-04,-8.6982544E-02,6.6791534E-01
2.111424E-04,-8.5944946E-02,6.7981720E-01
2.144192E-04,-8.7287720E-02,6.9042206E-01
2.176960E-04,-8.5700806E-02,7.0240021E-01
2.209728E-04,-8.6189087E-02,7.1155548E-01
2.242496E-04,-8.4968384E-02,7.2216034E-01
2.275264E-04,-8.6250122E-02,7.3093414E-01
2.308032E-04,-8.4968384E-02,7.4153900E-01
2.340800E-04,-8.6219604E-02,7.4970245E-01
2.373568E-04,-8.4876831E-02,7.5962067E-01
2.406336E-04,-8.6585815E-02,7.6763153E-01
2.439104E-04,-8.5609253E-02,7.7671051E-01
2.471872E-04,-8.6494263E-02,7.8342438E-01
2.504640E-04,-8.4358032E-02,7.9257965E-01
2.537408E-04,-8.4937866E-02,7.9845428E-01
2.570176E-04,-8.3259399E-02,8.0631256E-01
2.602944E-04,-8.4419067E-02,8.1157684E-01
2.635712E-04,-8.3076294E-02,8.1920624E-01
2.668480E-04,-8.4327515E-02,8.2340240E-01
2.701248E-04,-8.3106812E-02,8.2958221E-01
2.734016E-04,-8.4235962E-02,8.3446503E-01
2.766784E-04,-8.2221802E-02,8.4072113E-01
2.799552E-04,-8.3137329E-02,8.4369659E-01
2.832320E-04,-8.1611450E-02,8.4995270E-01
2.865088E-04,-8.3564575E-02,8.5277557E-01
2.897856E-04,-8.2649048E-02,8.5781097E-01
2.930624E-04,-8.3747681E-02,8.5964203E-01
2.963392E-04,-8.1794556E-02,8.6338043E-01
2.996160E-04,-8.3015259E-02,8.6521149E-01
3.028928E-04,-8.1550415E-02,8.6879730E-01
3.061696E-04,-8.2588013E-02,8.6841583E-01
3.094464E-04,-8.0787476E-02,8.7162018E-01
3.127232E-04,-8.2038696E-02,8.7146759E-01
3.160000E-04,-8.0665405E-02,8.7375641E-01
3.192768E-04,-8.1641968E-02,8.7184906E-01
3.225536E-04,-7.9200562E-02,8.7345123E-01
3.258304E-04,-7.9658325E-02,8.7177277E-01
3.291072E-04,-7.8895386E-02,8.7329865E-01
3.323840E-04,-8.0879028E-02,8.7017059E-01
3.356608E-04,-7.9078491E-02,8.7032318E-01
3.389376E-04,-8.0512817E-02,8.6650848E-01
3.422144E-04,-7.8986938E-02,8.6620331E-01
3.454912E-04,-7.9994019E-02,8.6215973E-01
3.487680E-04,-7.8407104E-02,8.6162567E-01
3.520448E-04,-7.9658325E-02,8.5659027E-01
3.553216E-04,-7.8285034E-02,8.5468292E-01
3.585984E-04,-7.9658325E-02,8.4888458E-01
3.618752E-04,-7.8925903E-02,8.4590912E-01
3.651520E-04,-7.9414185E-02,8.3950043E-01
3.684288E-04,-7.7796753E-02,8.3606720E-01
3.717056E-04,-7.8285034E-02,8.2988739E-01
3.749824E-04,-7.7247437E-02,8.2569122E-01
3.782592E-04,-7.8346069E-02,8.1829071E-01
3.815360E-04,-7.7369507E-02,8.1340790E-01
3.848128E-04,-7.8498657E-02,8.0516815E-01
3.880896E-04,-7.6972778E-02,8.0036163E-01
3.913664E-04,-7.8010376E-02,7.9097748E-01
3.946432E-04,-7.6392944E-02,7.8533173E-01
3.979200E-04,-7.7430542E-02,7.7610016E-01
4.011968E-04,-7.6087769E-02,7.6961517E-01
4.044736E-04,-7.7766235E-02,7.5969696E-01
4.077504E-04,-7.6942261E-02,7.5176239E-01
4.110272E-04,-7.7522095E-02,7.4199677E-01
4.143040E-04,-7.6789673E-02,7.3345184E-01
4.175808E-04,-7.7155884E-02,7.2200775E-01
4.208576E-04,-7.6515015E-02,7.1361542E-01
4.241344E-04,-7.6240356E-02,7.0209503E-01
4.274112E-04,-7.4989136E-02,6.9309235E-01
4.306880E-04,-7.5172241E-02,6.8058014E-01
4.339648E-04,-7.5233276E-02,6.7104340E-01
4.372416E-04,-7.5477417E-02,6.5876007E-01
4.405184E-04,-7.4958618E-02,6.4823151E-01
4.437952E-04,-7.4104126E-02,6.3495636E-01
4.470720E-04,-7.4165161E-02,6.2412262E-01
4.503488E-04,-7.3982056E-02,6.1000824E-01
4.536256E-04,-7.3859985E-02,5.9902191E-01
4.569024E-04,-7.4317749E-02,5.8536530E-01
4.601792E-04,-7.4104126E-02,5.7285309E-01
4.634560E-04,-7.4806030E-02,5.5873871E-01
4.667328E-04,-7.4531372E-02,5.4615021E-01
4.700096E-04,-7.3829468E-02,5.3127289E-01
4.732864E-04,-7.3615845E-02,5.1845551E-01
4.765632E-04,-7.3249634E-02,5.0304413E-01
4.798400E-04,-7.4165161E-02,4.8992157E-01
4.831168E-04,-7.3676880E-02,4.7473907E-01
4.863936E-04,-7.3036011E-02,4.6001434E-01
4.896704E-04,-7.2456177E-02,4.4445038E-01
4.929472E-04,-7.1845825E-02,4.2903900E-01
4.962240E-04,-7.1113403E-02,4.1347504E-01
4.995008E-04,-7.1204956E-02,3.9867401E-01
5.027776E-04,-7.1082886E-02,3.8234711E-01
5.060544E-04,-7.1998413E-02,3.6724091E-01
5.093312E-04,-7.2120483E-02,3.4992218E-01
5.126080E-04,-7.2334106E-02,3.3473969E-01
5.158848E-04,-7.0899780E-02,3.1803131E-01
5.191616E-04,-7.1815308E-02,3.0208588E-01
5.224384E-04,-7.1296509E-02,2.8430939E-01
5.257152E-04,-7.2151001E-02,2.6805878E-01
5.289920E-04,-7.1357544E-02,2.5066376E-01
5.322688E-04,-7.1815308E-02,2.3487091E-01
5.355456E-04,-7.0930298E-02,2.1800995E-01
5.388224E-04,-7.1418579E-02,2.0168304E-01
5.420992E-04,-7.0380981E-02,1.8444061E-01
5.453760E-04,-7.0228394E-02,1.6719818E-01
5.486528E-04,-6.9648560E-02,1.5026093E-01
5.519296E-04,-7.0472534E-02,1.3355255E-01
5.552064E-04,-6.9648560E-02,1.1631012E-01
5.584832E-04,-7.0075806E-02,9.9067688E-02
5.617600E-04,-6.8671997E-02,8.1062317E-02
5.650368E-04,-6.9343384E-02,6.4277649E-02
5.683136E-04,-6.8763550E-02,4.6348572E-02
5.715904E-04,-6.9587524E-02,2.9487610E-02
5.748672E-04,-6.9099243E-02,1.2245178E-02
5.781440E-04,-7.0075806E-02,-4.0054321E-03
5.814208E-04,-6.8885620E-02,-2.1629333E-02
5.846976E-04,-6.9526489E-02,-3.8795471E-02
5.879744E-04,-6.7939575E-02,-5.6419373E-02
5.912512E-04,-6.8336304E-02,-7.2441101E-02
5.945280E-04,-6.7024048E-02,-8.9683533E-02
5.978048E-04,-6.8000610E-02,-1.0700226E-01
6.010816E-04,-6.6779907E-02,-1.2401581E-01
6.043584E-04,-6.7420776E-02,-1.4087677E-01
6.076352E-04,-6.6383179E-02,-1.5750885E-01
6.109120E-04,-6.7329224E-02,-1.7436981E-01
6.141888E-04,-6.5986450E-02,-1.9130707E-01
6.174656E-04,-6.6688354E-02,-2.0854950E-01
6.207424E-04,-6.5864380E-02,-2.2541046E-01
6.240192E-04,-6.6871460E-02,-2.4211884E-01
6.272960E-04,-6.5711792E-02,-2.5859833E-01
6.305728E-04,-6.6688354E-02,-2.7462006E-01
6.338496E-04,-6.5223511E-02,-2.9010773E-01
6.371264E-04,-6.6352661E-02,-3.0651093E-01
6.404032E-04,-6.5284546E-02,-3.2215118E-01
6.436800E-04,-6.6139038E-02,-3.3855438E-01
6.469568E-04,-6.5070923E-02,-3.5427094E-01
6.502336E-04,-6.6657837E-02,-3.6945343E-01
6.535104E-04,-6.5315063E-02,-3.8501740E-01
6.567872E-04,-6.6322144E-02,-4.0134430E-01
6.600640E-04,-6.4704712E-02,-4.1507721E-01
6.633408E-04,-6.4918335E-02,-4.3064117E-01
6.666176E-04,-6.3941772E-02,-4.4406891E-01
6.698944E-04,-6.5376099E-02,-4.5864105E-01
6.731712E-04,-6.4216431E-02,-4.7206879E-01
6.764480E-04,-6.5650757E-02,-4.8633575E-01
6.797248E-04,-6.5131958E-02,-5.0083160E-01
6.830016E-04,-6.5986450E-02,-5.1471710E-01
6.862784E-04,-6.4155396E-02,-5.2677155E-01
6.895552E-04,-6.5223511E-02,-5.4096222E-01
6.928320E-04,-6.3819702E-02,-5.5355072E-01
6.961088E-04,-6.5711792E-02,-5.6652069E-01
6.993856E-04,-6.4979370E-02,-5.7781219E-01
7.026624E-04,-6.5925415E-02,-5.9070587E-01
7.059392E-04,-6.3880737E-02,-6.0153961E-01
7.092160E-04,-6.4826782E-02,-6.1374664E-01
7.124928E-04,-6.2873657E-02,-6.2358856E-01
7.157696E-04,-6.3819702E-02,-6.3541412E-01
7.190464E-04,-6.2202271E-02,-6.4525604E-01
7.223232E-04,-6.3453491E-02,-6.5570831E-01
7.256000E-04,-6.2202271E-02,-6.6455841E-01
7.288768E-04,-6.3117798E-02,-6.7531586E-01
7.321536E-04,-6.1134155E-02,-6.8454742E-01
7.354304E-04,-6.2141235E-02,-6.9385529E-01
7.387072E-04,-6.0737427E-02,-7.0186615E-01
7.419840E-04,-6.2476929E-02,-7.1132660E-01
7.452608E-04,-6.2049683E-02,-7.1865082E-01
7.485376E-04,-6.3056763E-02,-7.2734833E-01
7.518144E-04,-6.2141235E-02,-7.3329926E-01
7.550912E-04,-6.2812622E-02,-7.4176788E-01
7.583680E-04,-6.0981567E-02,-7.4764252E-01
7.616448E-04,-6.1836060E-02,-7.5595856E-01
7.649216E-04,-6.0401733E-02,-7.6030731E-01
7.681984E-04,-6.1439331E-02,-7.6778412E-01
7.714752E-04,-6.0157593E-02,-7.7175140E-01
7.747520E-04,-6.1378296E-02,-7.7838898E-01
7.780288E-04,-5.9699829E-02,-7.8227997E-01
7.813056E-04,-6.0554321E-02,-7.8845978E-01
7.845824E-04,-5.9394653E-02,-7.9013824E-01
7.878592E-04,-6.1195190E-02,-7.9639435E-01
7.911360E-04,-6.0218628E-02,-7.9799652E-01
7.944128E-04,-6.1866577E-02,-8.0257416E-01
7.976896E-04,-6.0767944E-02,-8.0310822E-01
8.009664E-04,-6.1622437E-02,-8.0791473E-01
8.042432E-04,-6.0462769E-02,-8.0806732E-01
8.075200E-04,-6.2110718E-02,-8.1165314E-01
8.107968E-04,-6.0584839E-02,-8.1142426E-01
8.140736E-04,-6.2232788E-02,-8.1478119E-01
8.173504E-04,-6.0462769E-02,-8.1340790E-01
8.206272E-04,-6.2080200E-02,-8.1584930E-01
8.239040E-04,-6.0127075E-02,-8.1371307E-01
8.271808E-04,-6.1195190E-02,-8.1501007E-01
8.304576E-04,-5.8936890E-02,-8.1256866E-01
8.337344E-04,-5.9699829E-02,-8.1317902E-01
8.370112E-04,-5.8906372E-02,-8.0905914E-01
8.402880E-04,-5.9760864E-02,-8.0966949E-01
8.435648E-04,-5.8906372E-02,-8.0516815E-01
8.468416E-04,-6.0493286E-02,-8.0478668E-01
8.501184E-04,-5.9150513E-02,-7.9975128E-01
8.533952E-04,-5.9821899E-02,-7.9753876E-01
8.566720E-04,-5.8753784E-02,-7.9280853E-01
8.599488E-04,-5.9272583E-02,-7.8975677E-01
8.632256E-04,-5.8234985E-02,-7.8365326E-01
8.665024E-04,-5.9486206E-02,-7.8052521E-01
8.697792E-04,-5.8631714E-02,-7.7411652E-01
8.730560E-04,-5.9181030E-02,-7.7022552E-01
8.763328E-04,-5.8143433E-02,-7.6320648E-01
8.796096E-04,-5.8112915E-02,-7.5839996E-01
8.828864E-04,-5.7075317E-02,-7.5092316E-01
8.861632E-04,-5.7136353E-02,-7.4550629E-01
8.894400E-04,-5.6709106E-02,-7.3711395E-01
8.927168E-04,-5.7716187E-02,-7.3093414E-01
8.959936E-04,-5.7166870E-02,-7.2200775E-01
8.992704E-04,-5.7227905E-02,-7.1567535E-01
9.025472E-04,-5.6373413E-02,-7.0613861E-01
9.058240E-04,-5.6403931E-02,-6.9736481E-01
9.091008E-04,-5.5915649E-02,-6.8721771E-01
9.123776E-04,-5.6495483E-02,-6.8004608E-01
9.156544E-04,-5.6373413E-02,-6.6860199E-01
9.189312E-04,-5.7319458E-02,-6.6059113E-01
9.222080E-04,-5.6831177E-02,-6.4929962E-01
9.254848E-04,-5.7105835E-02,-6.3999176E-01
9.287616E-04,-5.5854614E-02,-6.2709808E-01
9.320384E-04,-5.5824097E-02,-6.1748505E-01
9.353152E-04,-5.5640991E-02,-6.0466766E-01
9.385920E-04,-5.5488403E-02,-5.9383392E-01
9.418688E-04,-5.5427368E-02,-5.8116913E-01
9.451456E-04,-5.5640991E-02,-5.7079315E-01
9.484224E-04,-5.5640991E-02,-5.5698395E-01
9.516992E-04,-5.5213745E-02,-5.4553986E-01
9.549760E-04,-5.5213745E-02,-5.3180695E-01
9.582528E-04,-5.4786499E-02,-5.1921844E-01
9.615296E-04,-5.5366333E-02,-5.0533295E-01
9.648064E-04,-5.5671509E-02,-4.9182892E-01
9.680832E-04,-5.6281860E-02,-4.7718048E-01
9.713600E-04,-5.4969604E-02,-4.6360016E-01
9.746368E-04,-5.5335815E-02,-4.4933319E-01
9.779136E-04,-5.5457886E-02,-4.3628693E-01
9.811904E-04,-5.6312378E-02,-4.2102814E-01
9.844672E-04,-5.5763062E-02,-4.0630341E-01
9.877440E-04,-5.5396851E-02,-3.9035797E-01
9.910208E-04,-5.4969604E-02,-3.7479401E-01
9.942976E-04,-5.5335815E-02,-3.5953522E-01
9.975744E-04,-5.4267700E-02,-3.4473419E-01
1.000851E-03,-5.4359253E-02,-3.2787323E-01
1.004128E-03,-5.3474243E-02,-3.1299591E-01
1.007405E-03,-5.4328735E-02,-2.9521942E-01
1.010682E-03,-5.4115112E-02,-2.8057098E-01
1.013958E-03,-5.5274780E-02,-2.6378632E-01
1.017235E-03,-5.4298218E-02,-2.4822235E-01
1.020512E-03,-5.4603394E-02,-2.3166656E-01
1.023789E-03,-5.3779419E-02,-2.1495819E-01
1.027066E-03,-5.4847534E-02,-1.9763947E-01
1.030342E-03,-5.3565796E-02,-1.8131256E-01
1.033619E-03,-5.4481323E-02,-1.6407013E-01
1.036896E-03,-5.3748901E-02,-1.4720917E-01
1.040173E-03,-5.4603394E-02,-1.2989044E-01
1.043450E-03,-5.3687866E-02,-1.1348724E-01
1.046726E-03,-5.3901489E-02,-9.5787048E-02
1.050003E-03,-5.2467163E-02,-7.9612732E-02
1.053280E-03,-5.3138550E-02,-6.1759949E-02
1.056557E-03,-5.2863892E-02,-4.6119690E-02
1.059834E-03,-5.2985962E-02,-2.7732849E-02
1.063110E-03,-5.2284058E-02,-1.0871887E-02
1.066387E-03,-5.2924927E-02,6.9046021E-03
1.069664E-03,-5.1978882E-02,2.3765564E-02
1.072941E-03,-5.2802856E-02,4.0702820E-02
1.076218E-03,-5.1826294E-02,5.9013367E-02
1.079494E-03,-5.3016479E-02,7.6103210E-02
1.082771E-03,-5.2558716E-02,9.2735291E-02
1.086048E-03,-5.3748901E-02,1.1051178E-01
1.089325E-03,-5.3077515E-02,1.2889862E-01
1.092602E-03,-5.3474243E-02,1.4583588E-01
1.095878E-03,-5.2375610E-02,1.6292572E-01
1.099155E-03,-5.2619751E-02,1.7948151E-01
1.102432E-03,-5.1246460E-02,1.9626617E-01
1.105709E-03,-5.2131470E-02,2.1289825E-01
1.108986E-03,-5.1246460E-02,2.2975922E-01
1.112262E-03,-5.2284058E-02,2.4684906E-01
1.115539E-03,-5.1460083E-02,2.6325226E-01
1.118816E-03,-5.2345093E-02,2.7912140E-01
1.122093E-03,-5.1093872E-02,2.9544830E-01
1.125370E-03,-5.2558716E-02,3.1131744E-01
1.128646E-03,-5.0758179E-02,3.2779694E-01
1.131923E-03,-5.2161987E-02,3.4381866E-01
1.135200E-03,-5.1307495E-02,3.6067963E-01
1.138477E-03,-5.2711304E-02,3.7685394E-01
1.141754E-03,-5.1215942E-02,3.9272308E-01
1.145030E-03,-5.1917847E-02,4.0790558E-01
1.148307E-03,-5.1246460E-02,4.2400360E-01
1.151584E-03,-5.2284058E-02,4.3903351E-01
1.154861E-03,-5.0880249E-02,4.5497894E-01
1.158138E-03,-5.2192505E-02,4.6901703E-01
1.161414E-03,-5.0849731E-02,4.8458099E-01
1.164691E-03,-5.1154907E-02,4.9877167E-01
1.167968E-03,-5.0147827E-02,5.1387787E-01
1.171245E-03,-5.0849731E-02,5.2654266E-01
1.174522E-03,-4.9110229E-02,5.4141998E-01
1.177798E-03,-5.0269897E-02,5.5408478E-01
1.181075E-03,-4.9476440E-02,5.6812286E-01
1.184352E-03,-5.1490601E-02,5.8086395E-01
1.187629E-03,-5.0086792E-02,5.9459686E-01
1.190906E-03,-5.0971802E-02,6.0695648E-01
1.194182E-03,-4.9476440E-02,6.2000275E-01
1.197459E-03,-5.0880249E-02,6.3121796E-01
1.200736E-03,-5.0117310E-02,6.4380646E-01
1.204013E-03,-5.1612671E-02,6.5433502E-01
1.207290E-03,-5.0453003E-02,6.6783905E-01
1.210566E-03,-5.2009399E-02,6.7722321E-01
1.213843E-03,-4.9781616E-02,6.9004059E-01
1.217120E-03,-5.0391968E-02,6.9911957E-01
1.220397E-03,-4.8591431E-02,7.1094513E-01
1.223674E-03,-4.9567993E-02,7.2048187E-01
1.226950E-03,-4.8927124E-02,7.3162079E-01
1.230227E-03,-5.0300415E-02,7.3993683E-01
1.233504E-03,-4.8408325E-02,7.5038910E-01
1.236781E-03,-4.9812134E-02,7.5778961E-01
1.240058E-03,-4.8011597E-02,7.6808929E-01
1.243334E-03,-4.9323853E-02,7.7587128E-01
1.246611E-03,-4.7859009E-02,7.8441620E-01
1.249888E-03,-4.9537476E-02,7.9135895E-01
1.253165E-03,-4.8347290E-02,7.9929352E-01
1.256442E-03,-5.0117310E-02,8.0455780E-01
1.259718E-03,-4.9018677E-02,8.1264496E-01
1.262995E-03,-5.0178345E-02,8.1699371E-01
1.266272E-03,-4.8286255E-02,8.2538605E-01
1.269549E-03,-4.9293335E-02,8.2866669E-01
1.272826E-03,-4.7736938E-02,8.3568573E-01
1.276102E-03,-4.9262817E-02,8.3896637E-01
1.279379E-03,-4.7065552E-02,8.4644318E-01
1.282656E-03,-4.8621948E-02,8.4819794E-01
1.285933E-03,-4.7187622E-02,8.5453033E-01
1.289210E-03,-4.8530396E-02,8.5659027E-01
1.292486E-03,-4.6363647E-02,8.6193085E-01
1.295763E-03,-4.8164185E-02,8.6246490E-01
1.299040E-03,-4.6394165E-02,8.6765289E-01
1.302317E-03,-4.8255737E-02,8.6605072E-01
1.305594E-03,-4.7157104E-02,8.7039948E-01
1.308870E-03,-4.8682983E-02,8.6986542E-01
1.312147E-03,-4.7279175E-02,8.7314606E-01
1.315424E-03,-4.8377808E-02,8.7261200E-01
1.318701E-03,-4.7218140E-02,8.7467194E-01
1.321978E-03,-4.8499878E-02,8.7268829E-01
1.325254E-03,-4.6943481E-02,8.7444305E-01
1.328531E-03,-4.8225220E-02,8.7169647E-01
1.331808E-03,-4.7126587E-02,8.7261200E-01
1.335085E-03,-4.7828491E-02,8.6933136E-01
1.338362E-03,-4.6119507E-02,8.7032318E-01
1.341638E-03,-4.6333130E-02,8.6605072E-01
1.344915E-03,-4.5966919E-02,8.6536407E-01
1.348192E-03,-4.6882446E-02,8.6032867E-01
1.351469E-03,-4.6485718E-02,8.5872650E-01
1.354746E-03,-4.7309692E-02,8.5247040E-01
1.358022E-03,-4.6821411E-02,8.5102081E-01
1.361299E-03,-4.7370728E-02,8.4575653E-01
1.364576E-03,-4.6424683E-02,8.4285736E-01
1.367853E-03,-4.7523315E-02,8.3652496E-01
1.371130E-03,-4.6333130E-02,8.3232880E-01
1.374406E-03,-4.7370728E-02,8.2561493E-01
1.377683E-03,-4.6943481E-02,8.2134247E-01
1.380960E-03,-4.7096069E-02,8.1432343E-01
1.384237E-03,-4.6180542E-02,8.0913544E-01
1.387514E-03,-4.5936401E-02,8.0066681E-01
1.390790E-03,-4.5631226E-02,7.9540253E-01
1.394067E-03,-4.6485718E-02,7.8685760E-01
1.397344E-03,-4.5692261E-02,7.8029633E-01
1.400621E-03,-4.6638306E-02,7.7037811E-01
1.403898E-03,-4.6150024E-02,7.6282501E-01
1.407174E-03,-4.6699341E-02,7.5252533E-01
1.410451E-03,-4.5844849E-02,7.4420929E-01
1.413728E-03,-4.6302612E-02,7.3421478E-01
1.417005E-03,-4.6211060E-02,7.2498322E-01
1.420282E-03,-4.6912964E-02,7.1399689E-01
1.423558E-03,-4.6912964E-02,7.0400238E-01
1.426835E-03,-4.7340210E-02,6.9301605E-01
1.430112E-03,-4.6943481E-02,6.8225861E-01
1.433389E-03,-4.6577271E-02,6.7111969E-01
1.436666E-03,-4.6516235E-02,6.6074371E-01
1.439942E-03,-4.5814331E-02,6.4823151E-01
1.443219E-03,-4.5570190E-02,6.3816071E-01
1.446496E-03,-4.5539673E-02,6.2511444E-01
1.449773E-03,-4.5875366E-02,6.1321259E-01
1.453050E-03,-4.5783813E-02,5.9925079E-01
1.456326E-03,-4.4776733E-02,5.8719635E-01
1.459603E-03,-4.4349487E-02,5.7346344E-01
1.462880E-03,-4.4959839E-02,5.6079865E-01
1.466157E-03,-4.4837769E-02,5.4668427E-01
1.469434E-03,-4.5539673E-02,5.3371429E-01
1.472710E-03,-4.4746216E-02,5.1967621E-01
1.475987E-03,-4.5661743E-02,5.0632477E-01
1.479264E-03,-4.5081909E-02,4.9106598E-01
1.482541E-03,-4.5478638E-02,4.7763824E-01
1.485818E-03,-4.4349487E-02,4.6123505E-01
1.489094E-03,-4.4929321E-02,4.4696808E-01
1.492371E-03,-4.4410522E-02,4.3094635E-01
1.495648E-03,-4.5356567E-02,4.1637421E-01
1.498925E-03,-4.4715698E-02,4.0035248E-01
1.502202E-03,-4.5051392E-02,3.8524628E-01
1.505478E-03,-4.4471558E-02,3.6853790E-01
1.508755E-03,-4.4257935E-02,3.5297394E-01
1.512032E-03,-4.3281372E-02,3.3588409E-01
1.515309E-03,-4.4349487E-02,3.2062531E-01
1.518586E-03,-4.3769653E-02,3.0368805E-01
1.521862E-03,-4.5173462E-02,2.8789520E-01
1.525139E-03,-4.4776733E-02,2.7126312E-01
1.528416E-03,-4.5448120E-02,2.5493622E-01
1.531693E-03,-4.4288452E-02,2.3845673E-01
1.534970E-03,-4.4929321E-02,2.2212982E-01
1.538246E-03,-4.3922241E-02,2.0450592E-01
1.541523E-03,-4.5265015E-02,1.8901825E-01
1.544800E-03,-4.4380005E-02,1.7147064E-01
1.548077E-03,-4.5356567E-02,1.5422821E-01
1.551354E-03,-4.3952759E-02,1.3736725E-01
1.554630E-03,-4.4563110E-02,1.2027740E-01
1.557907E-03,-4.3159302E-02,1.0257721E-01
1.561184E-03,-4.4013794E-02,8.5945129E-02
1.564461E-03,-4.3159302E-02,6.8702698E-02
1.567738E-03,-4.4441040E-02,5.1231384E-02
1.571014E-03,-4.3433960E-02,3.4217834E-02
1.574291E-03,-4.4044312E-02,1.6899109E-02
1.577568E-03,-4.2793091E-02,-2.6702881E-04
1.580845E-03,-4.3922241E-02,-1.7967224E-02
1.584122E-03,-4.2609985E-02,-3.5896301E-02
1.587398E-03,-4.4013794E-02,-5.2375793E-02
1.590675E-03,-4.3342407E-02,-6.9313049E-02
1.593952E-03,-4.5051392E-02,-8.6936951E-02
1.597229E-03,-4.4471558E-02,-1.0395050E-01
1.600506E-03,-4.4990356E-02,-1.2180328E-01
1.603782E-03,-4.3556030E-02,-1.3889313E-01
1.607059E-03,-4.4227417E-02,-1.5575409E-01
1.610336E-03,-4.3098267E-02,-1.7139435E-01
1.613613E-03,-4.4227417E-02,-1.8962860E-01
1.616890E-03,-4.2945679E-02,-2.0565033E-01
1.620166E-03,-4.4441040E-02,-2.2335052E-01
1.623443E-03,-4.3128784E-02,-2.3960114E-01
1.626720E-03,-4.4105347E-02,-2.5562286E-01
1.629997E-03,-4.2060669E-02,-2.7057648E-01
1.633274E-03,-4.3556030E-02,-2.8713226E-01
1.636550E-03,-4.2365845E-02,-3.0307770E-01
1.639827E-03,-4.3922241E-02,-3.2047272E-01
1.643104E-03,-4.3189819E-02,-3.3580780E-01
1.646381E-03,-4.4196899E-02,-3.5190582E-01
1.649658E-03,-4.3006714E-02,-3.6640167E-01
1.652934E-03,-4.4318970E-02,-3.8333893E-01
1.656211E-03,-4.3403442E-02,-3.9745331E-01
1.659488E-03,-4.4380005E-02,-4.1355133E-01
1.662765E-03,-4.3159302E-02,-4.2758942E-01
1.666042E-03,-4.4318970E-02,-4.4223785E-01
1.669318E-03,-4.3189819E-02,-4.5589447E-01
1.672595E-03,-4.4074829E-02,-4.7206879E-01
1.675872E-03,-4.2335327E-02,-4.8473358E-01
1.679149E-03,-4.3189819E-02,-4.9907684E-01
1.682426E-03,-4.1541870E-02,-5.1143646E-01
1.685702E-03,-4.3067749E-02,-5.2639008E-01
1.688979E-03,-4.1877563E-02,-5.3806305E-01
1.692256E-03,-4.3769653E-02,-5.5179596E-01
1.695533E-03,-4.2762573E-02,-5.6369781E-01
1.698810E-03,-4.3739136E-02,-5.7674408E-01
1.702086E-03,-4.2854126E-02,-5.8803558E-01
1.705363E-03,-4.4044312E-02,-6.0047150E-01
1.708640E-03,-4.2457397E-02,-6.1061859E-01
1.711917E-03,-4.4044312E-02,-6.2305450E-01
1.715194E-03,-4.2884644E-02,-6.3297272E-01
1.718470E-03,-4.4349487E-02,-6.4449310E-01
1.721747E-03,-4.2701538E-02,-6.5357208E-01
1.725024E-03,-4.3189819E-02,-6.6455841E-01
1.728301E-03,-4.1847046E-02,-6.7340851E-01
1.731578E-03,-4.2579468E-02,-6.8340302E-01
1.734854E-03,-4.1267212E-02,-6.9141388E-01
1.738131E-03,-4.2945679E-02,-7.0331573E-01
1.741408E-03,-4.1511353E-02,-7.0964813E-01
1.744685E-03,-4.2579468E-02,-7.1987152E-01
1.747962E-03,-4.1328247E-02,-7.2528839E-01
1.751238E-03,-4.2854126E-02,-7.3513031E-01
1.754515E-03,-4.1755493E-02,-7.4100494E-01
1.757792E-03,-4.3464478E-02,-7.4985504E-01
1.761069E-03,-4.2732056E-02,-7.5496674E-01
1.764346E-03,-4.4593628E-02,-7.6244354E-01
1.767622E-03,-4.3311890E-02,-7.6686859E-01
1.770899E-03,-4.4715698E-02,-7.7465057E-01
1.774176E-03,-4.2701538E-02,-7.7785492E-01
1.777453E-03,-4.3769653E-02,-7.8510284E-01
1.780730E-03,-4.1786011E-02,-7.8708649E-01
1.784006E-03,-4.3220337E-02,-7.9357147E-01
1.787283E-03,-4.2304810E-02,-7.9509735E-01
1.790560E-03,-4.3708618E-02,-8.0066681E-01
1.793837E-03,-4.2487915E-02,-8.0158234E-01
1.797114E-03,-4.6241577E-02,-8.0669403E-01
1.800390E-03,-4.3342407E-02,-8.0699921E-01
1.803667E-03,-4.4166382E-02,-8.1012726E-01
1.806944E-03,-4.2701538E-02,-8.1050873E-01
1.810221E-03,-4.5265015E-02,-8.1302643E-01
1.813498E-03,-4.3830688E-02,-8.1195831E-01
1.816774E-03,-4.4746216E-02,-8.1462860E-01
1.820051E-03,-4.3861206E-02,-8.1386566E-01
1.823328E-03,-4.4257935E-02,-8.1584930E-01
1.826605E-03,-4.3403442E-02,-8.1310272E-01
1.829882E-03,-4.4685181E-02,-8.1447601E-01
1.833158E-03,-4.3372925E-02,-8.1111908E-01
1.836435E-03,-4.4959839E-02,-8.1172943E-01
1.839712E-03,-4.3647583E-02,-8.0768585E-01
1.842989E-03,-4.4013794E-02,-8.0722809E-01
1.846266E-03,-4.2518433E-02,-8.0310822E-01
1.849542E-03,-4.2640503E-02,-8.0249786E-01
1.852819E-03,-4.1969116E-02,-7.9677582E-01
1.856096E-03,-4.3098267E-02,-7.9524994E-01
1.859373E-03,-4.2396362E-02,-7.8990936E-01
1.862650E-03,-4.3128784E-02,-7.8662872E-01
1.865926E-03,-4.2640503E-02,-7.8075409E-01
1.869203E-03,-4.2854126E-02,-7.7648163E-01
1.872480E-03,-4.2396362E-02,-7.7037811E-01
1.875757E-03,-4.3342407E-02,-7.6580048E-01
1.879034E-03,-4.3098267E-02,-7.5839996E-01
1.882310E-03,-4.3830688E-02,-7.5313568E-01
1.885587E-03,-4.3067749E-02,-7.4581146E-01
1.888864E-03,-4.3494995E-02,-7.3963165E-01
1.892141E-03,-4.2823608E-02,-7.3085785E-01
1.895418E-03,-4.2762573E-02,-7.2414398E-01
1.898694E-03,-4.2304810E-02,-7.1544647E-01
1.901971E-03,-4.2579468E-02,-7.0873260E-01
1.905248E-03,-4.2976196E-02,-6.9820404E-01
1.908525E-03,-4.3220337E-02,-6.9019318E-01
1.911802E-03,-4.2884644E-02,-6.8027496E-01
1.915078E-03,-4.2121704E-02,-6.7165375E-01
1.918355E-03,-4.2060669E-02,-6.6135406E-01
1.921632E-03,-4.2487915E-02,-6.5166473E-01
1.924909E-03,-4.2274292E-02,-6.3991547E-01
1.928186E-03,-4.2457397E-02,-6.3022614E-01
1.931462E-03,-4.2793091E-02,-6.1893463E-01
1.934739E-03,-4.3220337E-02,-6.0771942E-01
1.938016E-03,-4.2884644E-02,-5.9558868E-01
1.941293E-03,-4.2457397E-02,-5.8498383E-01
1.944570E-03,-4.2182739E-02,-5.7193756E-01
1.947846E-03,-4.1480835E-02,-5.6003571E-01
1.951123E-03,-4.2152222E-02,-5.4691315E-01
1.954400E-03,-4.1511353E-02,-5.3485870E-01
1.957677E-03,-4.1450317E-02,-5.2104950E-01
1.960954E-03,-4.1114624E-02,-5.0861359E-01
1.964230E-03,-4.2121704E-02,-4.9373627E-01
1.967507E-03,-4.1267212E-02,-4.8030853E-01
1.970784E-03,-4.1297729E-02,-4.6634674E-01
1.974061E-03,-4.0748413E-02,-4.5284271E-01
1.977338E-03,-4.2091187E-02,-4.3781281E-01
1.980614E-03,-4.1206177E-02,-4.2430878E-01
1.983891E-03,-4.2854126E-02,-4.0851593E-01
1.987168E-03,-4.1877563E-02,-3.9409637E-01
1.990445E-03,-4.1969116E-02,-3.7853241E-01
1.993722E-03,-4.1450317E-02,-3.6388397E-01
1.996998E-03,-4.1999634E-02,-3.4755707E-01
2.000275E-03,-4.1297729E-02,-3.3161163E-01
2.003552E-03,-4.1908081E-02,-3.1482697E-01
2.006829E-03,-4.1145142E-02,-2.9949188E-01
2.010106E-03,-4.1694458E-02,-2.8339386E-01
2.013382E-03,-4.0473755E-02,-2.6760101E-01
2.016659E-03,-4.0687378E-02,-2.5081635E-01
2.019936E-03,-3.9802368E-02,-2.3517609E-01
2.023213E-03,-4.0901001E-02,-2.1862030E-01
2.026490E-03,-4.0565308E-02,-2.0137787E-01
2.029766E-03,-4.1450317E-02,-1.8421173E-01
2.033043E-03,-4.0534790E-02,-1.6765594E-01
2.036320E-03,-4.1511353E-02,-1.5056610E-01
2.039597E-03,-4.0015991E-02,-1.3431549E-01
2.042874E-03,-4.1023071E-02,-1.1692047E-01
2.046150E-03,-3.9954956E-02,-1.0082245E-01
2.049427E-03,-4.1236694E-02,-8.3503723E-02
2.052704E-03,-4.0443237E-02,-6.5956116E-02
2.055981E-03,-4.1175659E-02,-4.9400330E-02
2.059258E-03,-3.9924438E-02,-3.1547546E-02
2.062534E-03,-4.0809448E-02,-1.3542175E-02
2.065811E-03,-3.9039429E-02,3.2424927E-03
2.069088E-03,-3.9619263E-02,2.0561218E-02
2.072365E-03,-3.9375122E-02,3.7193298E-02
2.075642E-03,-4.0107544E-02,5.4512024E-02
2.078918E-03,-3.9130981E-02,7.2212219E-02
2.082195E-03,-4.0168579E-02,8.9149475E-02
2.085472E-03,-3.8520630E-02,1.0578156E-01
2.088749E-03,-3.9253052E-02,1.2409210E-01
2.092026E-03,-3.8001831E-02,1.4133453E-01
2.095302E-03,-3.9802368E-02,1.5789032E-01
2.098579E-03,-3.8673218E-02,1.7559052E-01
2.101856E-03,-4.0199097E-02,1.9290924E-01
2.105133E-03,-3.9253052E-02,2.0908356E-01
2.108410E-03,-4.0015991E-02,2.2533417E-01
2.111686E-03,-3.8795288E-02,2.4265289E-01
2.114963E-03,-3.8276489E-02,2.5920868E-01
2.118240E-03,-3.6750610E-02,2.7629852E-01
2.121517E-03,-3.8154419E-02,2.9209137E-01
2.124794E-03,-3.7269409E-02,3.0918121E-01
2.128070E-03,-3.8368042E-02,3.2505035E-01
2.131347E-03,-3.6781128E-02,3.4137726E-01
2.134624E-03,-3.7879761E-02,3.5747528E-01
2.137901E-03,-3.6292847E-02,3.7441254E-01
2.141178E-03,-3.7299927E-02,3.8990021E-01
2.144454E-03,-3.6231812E-02,4.0622711E-01
2.147731E-03,-3.7574585E-02,4.2041779E-01
2.151008E-03,-3.6811646E-02,4.3636322E-01
2.154285E-03,-3.8184937E-02,4.5093536E-01
2.157562E-03,-3.6384399E-02,4.6665192E-01
2.160838E-03,-3.7727173E-02,4.8061371E-01
2.164115E-03,-3.6323364E-02,4.9617767E-01
2.167392E-03,-3.7544067E-02,5.0952911E-01
2.170669E-03,-3.6048706E-02,5.2494049E-01
2.173946E-03,-3.7574585E-02,5.3722382E-01
2.177222E-03,-3.5957153E-02,5.5187225E-01
2.180499E-03,-3.6720093E-02,5.6468964E-01
2.183776E-03,-3.4980591E-02,5.7888031E-01
2.187053E-03,-3.5682495E-02,5.9108734E-01
2.190330E-03,-3.4461792E-02,6.0443878E-01
2.193606E-03,-3.5529907E-02,6.1580658E-01
2.196883E-03,-3.4339722E-02,6.2931061E-01
2.200160E-03,-3.5926636E-02,6.4006805E-01
2.203437E-03,-3.4644897E-02,6.5402985E-01
2.206714E-03,-3.5011108E-02,6.6387177E-01
2.209990E-03,-3.3637817E-02,6.7638397E-01
2.213267E-03,-3.4889038E-02,6.8592072E-01
2.216544E-03,-3.3088501E-02,6.9843292E-01
2.219821E-03,-3.4553345E-02,7.0751190E-01
2.223098E-03,-3.3241089E-02,7.1903229E-01
2.226374E-03,-3.4553345E-02,7.2750092E-01
2.229651E-03,-3.2478149E-02,7.3909760E-01
2.232928E-03,-3.3180054E-02,7.4588776E-01
2.236205E-03,-3.1715210E-02,7.5717926E-01
2.239482E-03,-3.2539185E-02,7.6351166E-01
2.242758E-03,-3.1104858E-02,7.7434540E-01
2.246035E-03,-3.2813843E-02,7.7999115E-01
2.249312E-03,-3.1043823E-02,7.8922272E-01
2.252589E-03,-3.2111938E-02,7.9486847E-01
2.255866E-03,-3.0311401E-02,8.0371857E-01
2.259142E-03,-3.1196411E-02,8.0814362E-01
2.262419E-03,-2.9426392E-02,8.1653595E-01
2.265696E-03,-3.0982788E-02,8.2111359E-01
2.268973E-03,-2.9517944E-02,8.2889557E-01
2.272250E-03,-3.1196411E-02,8.3248138E-01
2.275526E-03,-2.9365356E-02,8.3934784E-01
2.278803E-03,-2.9853638E-02,8.4232330E-01
2.282080E-03,-2.7808960E-02,8.4865570E-01
2.285357E-03,-2.8022583E-02,8.5063934E-01
2.288634E-03,-2.6527222E-02,8.5659027E-01
2.291910E-03,-2.7137573E-02,8.5765839E-01
2.295187E-03,-2.5886353E-02,8.6338043E-01
2.298464E-03,-2.6923950E-02,8.6345673E-01
2.301741E-03,-2.5337036E-02,8.6757660E-01
2.305018E-03,-2.5214966E-02,8.6833954E-01
2.308294E-03,-2.4268921E-02,8.7139130E-01
2.311571E-03,-2.4757202E-02,8.7062836E-01
2.314848E-03,-2.3414429E-02,8.7253571E-01
2.318125E-03,-2.3872192E-02,8.7177277E-01
2.321402E-03,-2.3475464E-02,8.7322235E-01
2.324678E-03,-2.3902710E-02,8.7223053E-01
2.327955E-03,-2.2651489E-02,8.7352753E-01
2.331232E-03,-2.2956665E-02,8.7039948E-01
2.334509E-03,-2.1980103E-02,8.7139130E-01
2.337786E-03,-2.2651489E-02,8.6856842E-01
2.341062E-03,-2.2071655E-02,8.6666107E-01
2.344339E-03,-2.2315796E-02,8.6292267E-01
2.347616E-03,-2.1003540E-02,8.6124420E-01
2.350893E-03,-2.0820435E-02,8.5727692E-01
2.354170E-03,-1.8989380E-02,8.5514069E-01
2.357446E-03,-1.8623169E-02,8.4980011E-01
2.360723E-03,-1.8134888E-02,8.4728241E-01
2.364000E-03,-1.8409546E-02,8.4140778E-01
2.367277E-03,-1.7890747E-02,8.3774567E-01
2.370554E-03,-1.8470581E-02,8.3248138E-01
2.373830E-03,-1.7310913E-02,8.2767487E-01
2.377107E-03,-1.7432983E-02,8.2073212E-01
2.380384E-03,-1.6212280E-02,8.1638336E-01
2.383661E-03,-1.5998657E-02,8.0852509E-01
2.386938E-03,-1.5571411E-02,8.0295563E-01
2.390214E-03,-1.5418823E-02,7.9441071E-01
2.393491E-03,-1.5052612E-02,7.8830719E-01
2.396768E-03,-1.4655884E-02,7.7976227E-01
2.400045E-03,-1.3709839E-02,7.7274323E-01
2.403322E-03,-1.2611206E-02,7.6282501E-01
2.406598E-03,-1.2122925E-02,7.5412750E-01
2.409875E-03,-1.1634644E-02,7.4497223E-01
2.413152E-03,-1.1390503E-02,7.3650360E-01
2.416429E-03,-1.1085327E-02,7.2574615E-01
2.419706E-03,-1.0627563E-02,7.1575165E-01
2.422982E-03,-9.3763428E-03,7.0537567E-01
2.426259E-03,-9.2542725E-03,6.9614410E-01
2.429536E-03,-8.5218506E-03,6.8470001E-01
2.432813E-03,-8.5523682E-03,6.7432404E-01
2.436090E-03,-8.6134033E-03,6.6234589E-01
2.439366E-03,-8.7659912E-03,6.5097809E-01
2.442643E-03,-8.3387451E-03,6.3930511E-01
2.445920E-03,-8.5523682E-03,6.2763214E-01
2.449197E-03,-7.3927002E-03,6.1458588E-01
2.452474E-03,-7.0570068E-03,6.0260773E-01
2.455750E-03,-5.8973389E-03,5.8895111E-01
2.459027E-03,-5.5921631E-03,5.7666779E-01
2.462304E-03,-4.4019775E-03,5.6308746E-01
2.465581E-03,-4.8902588E-03,5.5027008E-01
2.468858E-03,-4.3409424E-03,5.3455353E-01
2.472134E-03,-4.2799072E-03,5.2211761E-01
2.475411E-03,-2.8760986E-03,5.0792694E-01
2.478688E-03,-3.2728271E-03,4.9365997E-01
2.481965E-03,-2.1436768E-03,4.7901154E-01
2.485242E-03,-2.4183350E-03,4.6482086E-01
2.488518E-03,-1.1976318E-03,4.4879913E-01
2.491795E-03,-2.4183350E-03,4.3483734E-01
2.495072E-03,-1.7469482E-03,4.1774750E-01
2.498349E-03,-1.8690186E-03,4.0279388E-01
2.501626E-03,-2.5158691E-04,3.8761139E-01
2.504902E-03,-3.7365723E-04,3.7189484E-01
2.508179E-03,8.1652832E-04,3.5564423E-01
2.511456E-03,-9.8999023E-05,3.3916473E-01
2.514733E-03,1.4268799E-03,3.2352448E-01
2.518010E-03,8.7756348E-04,3.0742645E-01
2.521286E-03,2.9222412E-03,2.9018402E-01
2.524563E-03,3.1358643E-03,2.7416229E-01
2.527840E-03,5.0279541E-03,2.5714874E-01
2.531117E-03,4.1429443E-03,2.4082184E-01
2.534394E-03,4.7227783E-03,2.2403717E-01
2.537670E-03,3.6546631E-03,2.0702362E-01
2.540947E-03,5.0279541E-03,1.9069672E-01
2.544224E-03,4.7532959E-03,1.7375946E-01
2.547501E-03,6.2486572E-03,1.5613556E-01
2.550778E-03,5.5772705E-03,1.3980865E-01
2.554054E-03,7.0115967E-03,1.2371063E-01
2.557331E-03,5.5162354E-03,1.0494232E-01
2.560608E-03,6.7674561E-03,8.7165833E-02
2.563885E-03,6.4622803E-03,6.9923401E-02
2.567162E-03,8.5374756E-03,5.2452087E-02
2.570438E-03,8.1712646E-03,3.4523010E-02
2.573715E-03,9.7276611E-03,1.8348694E-02
2.576992E-03,8.6900635E-03,6.4849854E-04
2.580269E-03,9.9718018E-03,-1.6441345E-02
2.583546E-03,9.1783447E-03,-3.3988953E-02
2.586822E-03,1.0643188E-02,-5.1078796E-02
2.590099E-03,1.0551636E-02,-6.8550110E-02
2.593376E-03,1.2352173E-02,-8.4037781E-02
2.596653E-03,1.1528198E-02,-1.0272980E-01
2.599930E-03,1.2748901E-02,-1.1837006E-01
2.603206E-03,1.1253540E-02,-1.3545990E-01
2.606483E-03,1.2840454E-02,-1.5163422E-01
2.609760E-03,1.1772339E-02,-1.6925812E-01
2.613037E-03,1.2687866E-02,-1.8505096E-01
2.616314E-03,1.1711304E-02,-2.0252228E-01
2.619590E-03,1.3664429E-02,-2.1915436E-01
2.622867E-03,1.2840454E-02,-2.3662567E-01
2.626144E-03,1.4763062E-02,-2.5279999E-01
2.629421E-03,1.4122192E-02,-2.6958466E-01
2.632698E-03,1.5220825E-02,-2.8400421E-01
2.635974E-03,1.4091675E-02,-3.0200958E-01
2.639251E-03,1.5770142E-02,-3.1673431E-01
2.642528E-03,1.5037720E-02,-3.3420563E-01
2.645805E-03,1.6533081E-02,-3.4885406E-01
2.649082E-03,1.5556519E-02,-3.6502838E-01
2.652358E-03,1.7082397E-02,-3.8013458E-01
2.655635E-03,1.6044800E-02,-3.9630890E-01
2.658912E-03,1.7234985E-02,-4.1011810E-01
2.662189E-03,1.5770142E-02,-4.2598724E-01
2.665466E-03,1.7173950E-02,-4.3964386E-01
2.668742E-03,1.6533081E-02,-4.5482635E-01
2.672019E-03,1.8150513E-02,-4.6695709E-01
2.675296E-03,1.6868774E-02,-4.8328400E-01
2.678573E-03,1.9005005E-02,-4.9571991E-01
2.681850E-03,1.7448608E-02,-5.1052094E-01
2.685126E-03,1.9096558E-02,-5.2288055E-01
2.688403E-03,1.8364136E-02,-5.3684235E-01
2.691680E-03,2.0622437E-02,-5.4874420E-01
2.694957E-03,1.9920532E-02,-5.6308746E-01
2.698234E-03,2.1415894E-02,-5.7338715E-01
2.701510E-03,1.9981567E-02,-5.8696747E-01
2.704787E-03,2.0988647E-02,-5.9650421E-01
2.708064E-03,1.9554321E-02,-6.0955048E-01
2.711341E-03,2.1263306E-02,-6.1885834E-01
2.714618E-03,2.0408813E-02,-6.3121796E-01
2.717894E-03,2.2331421E-02,-6.4067841E-01
2.721171E-03,2.0836060E-02,-6.5326691E-01
2.724448E-03,2.2331421E-02,-6.6204071E-01
2.727725E-03,2.0012085E-02,-6.7317963E-01
2.731002E-03,2.1843140E-02,-6.8080902E-01
2.734278E-03,2.0805542E-02,-6.9141388E-01
2.737555E-03,2.2850220E-02,-6.9896698E-01
2.740832E-03,2.1446411E-02,-7.0957184E-01
2.744109E-03,2.3674194E-02,-7.1582794E-01
2.747386E-03,2.2453491E-02,-7.2566986E-01
2.750662E-03,2.3735229E-02,-7.3162079E-01
2.753939E-03,2.2087280E-02,-7.4153900E-01
2.757216E-03,2.4009888E-02,-7.4687958E-01
2.760493E-03,2.2850220E-02,-7.5626373E-01
2.763770E-03,2.4742310E-02,-7.5977325E-01
2.767046E-03,2.3491089E-02,-7.6740265E-01
2.770323E-03,2.4772827E-02,-7.7068329E-01
2.773600E-03,2.2941772E-02,-7.7777863E-01
2.776877E-03,2.4254028E-02,-7.8144073E-01
2.780154E-03,2.3033325E-02,-7.8754425E-01
2.783430E-03,2.4009888E-02,-7.9105377E-01
2.786707E-03,2.3155396E-02,-7.9639435E-01
2.789984E-03,2.4284546E-02,-7.9837799E-01
2.793261E-03,2.3857300E-02,-8.0364227E-01
2.796538E-03,2.5566284E-02,-8.0432892E-01
2.799814E-03,2.4833862E-02,-8.0867767E-01
2.803091E-03,2.5505249E-02,-8.0928802E-01
2.806368E-03,2.4894897E-02,-8.1249237E-01
2.809645E-03,2.5596802E-02,-8.1226349E-01
2.812922E-03,2.5322144E-02,-8.1554413E-01
2.816198E-03,2.6542847E-02,-8.1401825E-01
2.819475E-03,2.5779907E-02,-8.1684113E-01
2.822752E-03,2.6725952E-02,-8.1470490E-01
2.826029E-03,2.5535767E-02,-8.1607819E-01
2.829306E-03,2.6024048E-02,-8.1378937E-01
2.832582E-03,2.4894897E-02,-8.1462860E-01
2.835859E-03,2.5749390E-02,-8.1233978E-01
2.839136E-03,2.5810425E-02,-8.1172943E-01
2.842413E-03,2.6054565E-02,-8.0783844E-01
2.845690E-03,2.5291626E-02,-8.0661774E-01
2.848966E-03,2.6024048E-02,-8.0196381E-01
2.852243E-03,2.5413696E-02,-8.0059052E-01
2.855520E-03,2.6603882E-02,-7.9593658E-01
2.858797E-03,2.6115601E-02,-7.9296112E-01
2.862074E-03,2.7183716E-02,-7.8784943E-01
2.865350E-03,2.7183716E-02,-7.8388214E-01
2.868627E-03,2.7366821E-02,-7.7808380E-01
2.871904E-03,2.7183716E-02,-7.7381134E-01
2.875181E-03,2.7122681E-02,-7.6732635E-01
2.878458E-03,2.6725952E-02,-7.6213837E-01
2.881734E-03,2.7000610E-02,-7.5565338E-01
2.885011E-03,2.7671997E-02,-7.4924469E-01
2.888288E-03,2.7733032E-02,-7.4146271E-01
2.891565E-03,2.7916138E-02,-7.3482513E-01
2.894842E-03,2.7580444E-02,-7.2589874E-01
2.898118E-03,2.7275269E-02,-7.1887970E-01
2.901395E-03,2.7458374E-02,-7.1041107E-01
2.904672E-03,2.7855103E-02,-7.0270538E-01
2.907949E-03,2.8038208E-02,-6.9316864E-01
2.911226E-03,2.9136841E-02,-6.8431854E-01
2.914502E-03,2.8709595E-02,-6.7432404E-01
2.917779E-03,2.8953735E-02,-6.6425323E-01
2.921056E-03,2.7946655E-02,-6.5341949E-01
2.924333E-03,2.8923218E-02,-6.4388275E-01
2.927610E-03,2.8587524E-02,-6.3205719E-01
2.930886E-03,2.9319946E-02,-6.2221527E-01
2.934163E-03,2.8831665E-02,-6.1115265E-01
2.937440E-03,2.9503052E-02,-6.0085297E-01
2.940717E-03,2.8801147E-02,-5.8750153E-01
2.943994E-03,2.9045288E-02,-5.7605743E-01
2.947270E-03,2.8129761E-02,-5.6354523E-01
2.950547E-03,2.8404419E-02,-5.5156708E-01
2.953824E-03,2.7733032E-02,-5.3821564E-01
2.957101E-03,2.8709595E-02,-5.2600861E-01
2.960378E-03,2.8770630E-02,-5.1113129E-01
2.963654E-03,3.0052368E-02,-4.9854279E-01
2.966931E-03,2.9930298E-02,-4.8435211E-01
2.970208E-03,3.0815308E-02,-4.7039032E-01
2.973485E-03,3.0052368E-02,-4.5673370E-01
2.976762E-03,3.1212036E-02,-4.4307709E-01
2.980038E-03,3.0601685E-02,-4.2819977E-01
2.983315E-03,3.1913940E-02,-4.1309357E-01
2.986592E-03,3.1944458E-02,-3.9714813E-01
2.989869E-03,3.2432739E-02,-3.8242340E-01
2.993146E-03,3.0906860E-02,-3.6739349E-01
2.996422E-03,3.1639282E-02,-3.5205841E-01
2.999699E-03,3.0418579E-02,-3.3573151E-01
3.002976E-03,3.1547729E-02,-3.2047272E-01
3.006253E-03,3.0601685E-02,-3.0361176E-01
3.009530E-03,3.2036011E-02,-2.8705597E-01
3.012806E-03,3.1212036E-02,-2.7042389E-01
3.016083E-03,3.1791870E-02,-2.5440216E-01
3.019360E-03,3.1303589E-02,-2.3937225E-01
3.022637E-03,3.2371704E-02,-2.2174835E-01
3.025914E-03,3.1913940E-02,-2.0519257E-01
3.029190E-03,3.3409302E-02,-1.8726349E-01
3.032467E-03,3.2982056E-02,-1.7086029E-01
3.035744E-03,3.4752075E-02,-1.5323639E-01
3.039021E-03,3.3683960E-02,-1.3660431E-01
3.042298E-03,3.4111206E-02,-1.1989594E-01
3.045574E-03,3.2280151E-02,-1.0295868E-01
3.048851E-03,3.3165161E-02,-8.5487366E-02
3.052128E-03,3.2768433E-02,-6.9313049E-02
3.055405E-03,3.3897583E-02,-5.1536560E-02
3.058682E-03,3.2982056E-02,-3.4904480E-02
3.061958E-03,3.4233276E-02,-1.7127991E-02
3.065235E-03,3.2829468E-02,-2.6702881E-04
3.068512E-03,3.3928101E-02,1.6136169E-02
3.071789E-03,3.2829468E-02,3.3912659E-02
3.075066E-03,3.4660522E-02,5.0926208E-02
3.078342E-03,3.3714478E-02,6.8473816E-02
3.081619E-03,3.5331909E-02,8.6708069E-02
3.084896E-03,3.4263794E-02,1.0349274E-01
3.088173E-03,3.5301392E-02,1.2195587E-01
3.091450E-03,3.4446899E-02,1.3790131E-01
3.094726E-03,3.5728638E-02,1.5537262E-01
3.098003E-03,3.4446899E-02,1.7215729E-01
3.101280E-03,3.6033813E-02,1.8886566E-01
3.104557E-03,3.5179321E-02,2.0595551E-01
3.107834E-03,3.6033813E-02,2.2312164E-01
3.111110E-03,3.4660522E-02,2.3799896E-01
3.114387E-03,3.5667603E-02,2.5524139E-01
3.117664E-03,3.4050171E-02,2.7240753E-01
3.120941E-03,3.4874146E-02,2.8926849E-01
3.124218E-03,3.3806030E-02,3.0498505E-01
3.127494E-03,3.5637085E-02,3.2176971E-01
3.130771E-03,3.5240356E-02,3.3763885E-01
3.134048E-03,3.6796753E-02,3.5480499E-01
3.137325E-03,3.5850708E-02,3.6968231E-01
3.140602E-03,3.6949341E-02,3.8562775E-01
3.143878E-03,3.5667603E-02,4.0004730E-01
3.147155E-03,3.7346069E-02,4.1767120E-01
3.150432E-03,3.6644165E-02,4.3216705E-01
3.153709E-03,3.8353149E-02,4.4864655E-01
3.156986E-03,3.7101929E-02,4.6291351E-01
3.160262E-03,3.8597290E-02,4.7885895E-01
3.163539E-03,3.6766235E-02,4.9282074E-01
3.166816E-03,3.7773315E-02,5.0830841E-01
3.170093E-03,3.6277954E-02,5.2051544E-01
3.173370E-03,3.7712280E-02,5.3684235E-01
3.176646E-03,3.6461060E-02,5.4935455E-01
3.179923E-03,3.8139526E-02,5.6293488E-01
3.183200E-03,3.6705200E-02,5.7430267E-01
3.186477E-03,3.7864868E-02,5.8971405E-01
3.189754E-03,3.6338989E-02,6.0192108E-01
3.193030E-03,3.8292114E-02,6.1550140E-01
3.196307E-03,3.7193481E-02,6.2580109E-01
3.199584E-03,3.9604370E-02,6.4022064E-01
3.202861E-03,3.8780396E-02,6.5113068E-01
3.206138E-03,4.0550415E-02,6.6432953E-01
3.209414E-03,3.8688843E-02,6.7363739E-01
3.212691E-03,3.9756958E-02,6.8653107E-01
3.215968E-03,3.7773315E-02,6.9492340E-01
3.219245E-03,3.9787476E-02,7.0827484E-01
3.222522E-03,3.8597290E-02,7.1704865E-01
3.225798E-03,4.0184204E-02,7.2826385E-01
3.229075E-03,3.8932983E-02,7.3581696E-01
3.232352E-03,4.0428345E-02,7.4802399E-01
3.235629E-03,3.8414185E-02,7.5527191E-01
3.238906E-03,4.0153687E-02,7.6648712E-01
3.242182E-03,3.8566772E-02,7.7190399E-01
3.245459E-03,4.0580933E-02,7.8235626E-01
3.248736E-03,3.9451782E-02,7.8792572E-01
3.252013E-03,4.1282837E-02,7.9669952E-01
3.255290E-03,4.0336792E-02,8.0104828E-01
3.258566E-03,4.1557495E-02,8.1035614E-01
3.261843E-03,4.0123169E-02,8.1501007E-01
3.265120E-03,4.1496460E-02,8.2294464E-01
3.268397E-03,4.0733521E-02,8.2653046E-01
3.271674E-03,4.1557495E-02,8.3385468E-01
3.274950E-03,4.1343872E-02,8.3652496E-01
3.278227E-03,4.2198364E-02,8.4285736E-01
3.281504E-03,4.0794556E-02,8.4583282E-01
3.284781E-03,4.1588013E-02,8.5132599E-01
3.288058E-03,4.0580933E-02,8.5338593E-01
3.291334E-03,4.1740601E-02,8.5849762E-01
3.294611E-03,4.0764038E-02,8.6002350E-01
3.297888E-03,4.2381470E-02,8.6421967E-01
3.301165E-03,4.2411987E-02,8.6582184E-01
3.304442E-03,4.3388550E-02,8.6841583E-01
3.307718E-03,4.3235962E-02,8.6856842E-01
3.310995E-03,4.3632690E-02,8.7139130E-01
3.314272E-03,4.3174927E-02,8.7146759E-01
3.317549E-03,4.4334595E-02,8.7314606E-01
3.320826E-03,4.3937866E-02,8.7207794E-01
3.324102E-03,4.5036499E-02,8.7337494E-01
3.327379E-03,4.4578735E-02,8.7162018E-01
3.330656E-03,4.5494263E-02,8.7207794E-01
3.333933E-03,4.4761841E-02,8.6994171E-01
3.337210E-03,4.4792358E-02,8.6940765E-01
3.340486E-03,4.4334595E-02,8.6673737E-01
3.343763E-03,4.4578735E-02,8.6414337E-01
3.347040E-03,4.4395630E-02,8.6109161E-01
3.350317E-03,4.4914429E-02,8.5849762E-01
3.353594E-03,4.4365112E-02,8.5460663E-01
3.356870E-03,4.4975464E-02,8.5277557E-01
3.360147E-03,4.5372192E-02,8.4720612E-01
3.363424E-03,4.5463745E-02,8.4415436E-01
3.366701E-03,4.5860474E-02,8.3866119E-01
3.369978E-03,4.6837036E-02,8.3423615E-01
3.373254E-03,4.7874634E-02,8.2759857E-01
3.376531E-03,4.7783081E-02,8.2324982E-01
3.379808E-03,4.7325317E-02,8.1615448E-01
3.383085E-03,4.6714966E-02,8.1089020E-01
3.386362E-03,4.6867554E-02,8.0272675E-01
3.389638E-03,4.7050659E-02,7.9654694E-01
3.392915E-03,4.7844116E-02,7.8884125E-01
3.396192E-03,4.7844116E-02,7.8166962E-01
3.399469E-03,4.8668091E-02,7.7236176E-01
3.402746E-03,4.7783081E-02,7.6618195E-01
3.406022E-03,4.8118774E-02,7.5634003E-01
3.409299E-03,4.7661011E-02,7.4756622E-01
3.412576E-03,4.8423950E-02,7.3757172E-01
3.415853E-03,4.8851196E-02,7.2864532E-01
3.419130E-03,4.9980347E-02,7.1834564E-01
3.422406E-03,4.9888794E-02,7.0957184E-01
3.425683E-03,5.0041382E-02,6.9797516E-01
3.428960E-03,4.9797241E-02,6.8775177E-01
3.432237E-03,5.0071899E-02,6.7584991E-01
3.435514E-03,4.9888794E-02,6.6539764E-01
3.438790E-03,5.0529663E-02,6.5319061E-01
3.442067E-03,5.0224487E-02,6.4228058E-01
3.445344E-03,5.0621216E-02,6.2862396E-01
3.448621E-03,4.9919312E-02,6.1702728E-01
3.451898E-03,5.0255005E-02,6.0443878E-01
3.455174E-03,4.9125854E-02,5.9185028E-01
3.458451E-03,4.9766724E-02,5.7804108E-01
3.461728E-03,4.8942749E-02,5.6529999E-01
3.465005E-03,5.0712769E-02,5.5141449E-01
3.468282E-03,5.0438110E-02,5.3775787E-01
3.471558E-03,5.1689331E-02,5.2394867E-01
3.474835E-03,5.1017944E-02,5.0998688E-01
3.478112E-03,5.2208130E-02,4.9686432E-01
3.481389E-03,5.1140015E-02,4.8084259E-01
3.484666E-03,5.2177612E-02,4.6588898E-01
3.487942E-03,5.1414673E-02,4.5116425E-01
3.491219E-03,5.2848999E-02,4.3575287E-01
3.494496E-03,5.1902954E-02,4.2095184E-01
3.497773E-03,5.2543823E-02,4.0523529E-01
3.501050E-03,5.1719849E-02,3.9058685E-01
3.504326E-03,5.2848999E-02,3.7403107E-01
3.507603E-03,5.0926392E-02,3.5877228E-01
3.510880E-03,5.2055542E-02,3.4252167E-01
3.514157E-03,5.1201050E-02,3.2627106E-01
3.517434E-03,5.2421753E-02,3.0895233E-01
3.520710E-03,5.1567261E-02,2.9293060E-01
3.523987E-03,5.2421753E-02,2.7606964E-01
3.527264E-03,5.1475708E-02,2.5959015E-01
3.530541E-03,5.2452271E-02,2.4364471E-01
3.533818E-03,5.1384155E-02,2.2632599E-01
3.537094E-03,5.2971069E-02,2.0992279E-01
3.540371E-03,5.2879517E-02,1.9351959E-01
3.543648E-03,5.4008667E-02,1.7627716E-01
3.546925E-03,5.2635376E-02,1.5888214E-01
3.550202E-03,5.3428833E-02,1.4286041E-01
3.553478E-03,5.1902954E-02,1.2416840E-01
3.556755E-03,5.2452271E-02,1.0807037E-01
3.560032E-03,5.1780884E-02,8.9988708E-02
3.563309E-03,5.3245728E-02,7.2898865E-02
3.566586E-03,5.2421753E-02,5.5122375E-02
3.569862E-03,5.3489868E-02,3.7574768E-02
3.573139E-03,5.1963989E-02,2.0408630E-02
3.576416E-03,5.2635376E-02,3.9291382E-03
3.579693E-03,5.1597778E-02,-1.4686584E-02
3.582970E-03,5.3123657E-02,-3.1242371E-02
3.586246E-03,5.2360718E-02,-4.8179626E-02
3.589523E-03,5.4313843E-02,-6.5422058E-02
3.592800E-03,5.3550903E-02,-8.2969666E-02
3.596077E-03,5.4466431E-02,-9.8533630E-02
3.599354E-03,5.2726929E-02,-1.1714935E-01
3.602630E-03,5.4710571E-02,-1.3271332E-01
3.605907E-03,5.3550903E-02,-1.5003204E-01
3.609184E-03,5.4893677E-02,-1.6658783E-01
3.612461E-03,5.3734009E-02,-1.8421173E-01
3.615738E-03,5.4893677E-02,-1.9977570E-01
3.619014E-03,5.3734009E-02,-2.1816254E-01
3.622291E-03,5.4557983E-02,-2.3334503E-01
3.625568E-03,5.2879517E-02,-2.5104523E-01
3.628845E-03,5.3825562E-02,-2.6638031E-01
3.632122E-03,5.2604858E-02,-2.8285980E-01
3.635398E-03,5.4344360E-02,-2.9788971E-01
3.638675E-03,5.3489868E-02,-3.1566620E-01
3.641952E-03,5.5717651E-02,-3.3054352E-01
3.645229E-03,5.4252808E-02,-3.4824371E-01
3.648506E-03,5.5534546E-02,-3.6304474E-01
3.651782E-03,5.4252808E-02,-3.8021088E-01
3.655059E-03,5.5870239E-02,-3.9432526E-01
3.658336E-03,5.4283325E-02,-4.1019440E-01
3.661613E-03,5.6419556E-02,-4.2308807E-01
3.664890E-03,5.5198853E-02,-4.3903351E-01
3.668166E-03,5.5809204E-02,-4.5139313E-01
3.671443E-03,5.4344360E-02,-4.6703339E-01
3.674720E-03,5.5320923E-02,-4.7901154E-01
3.677997E-03,5.3398315E-02,-4.9488068E-01
3.681274E-03,5.5290405E-02,-5.0724030E-01
3.684550E-03,5.4069702E-02,-5.2165985E-01
3.687827E-03,5.5442993E-02,-5.3279877E-01
3.691104E-03,5.3703491E-02,-5.4775238E-01
3.694381E-03,5.4802124E-02,-5.5904388E-01
3.697658E-03,5.3611938E-02,-5.7262421E-01
3.700934E-03,5.5107300E-02,-5.8322906E-01
3.704211E-03,5.3947632E-02,-5.9696198E-01
3.707488E-03,5.5778687E-02,-6.0657501E-01
3.710765E-03,5.5198853E-02,-6.2000275E-01
3.714042E-03,5.6572144E-02,-6.2862396E-01
3.717318E-03,5.4527466E-02,-6.4189911E-01
3.720595E-03,5.5381958E-02,-6.5082550E-01
3.723872E-03,5.3001587E-02,-6.6295624E-01
3.727149E-03,5.4832642E-02,-6.7066193E-01
3.730426E-03,5.3764526E-02,-6.8241119E-01
3.733702E-03,5.5473511E-02,-6.8958282E-01
3.736979E-03,5.5076782E-02,-7.0018768E-01
3.740256E-03,5.5931274E-02,-7.0682526E-01
3.743533E-03,5.4313843E-02,-7.1689606E-01
3.746810E-03,5.5198853E-02,-7.2231293E-01
3.750086E-03,5.4527466E-02,-7.3139191E-01
3.753363E-03,5.5931274E-02,-7.3757172E-01
3.756640E-03,5.5076782E-02,-7.4687958E-01
3.759917E-03,5.6358521E-02,-7.5153351E-01
3.763194E-03,5.5748169E-02,-7.6038361E-01
3.766470E-03,5.6205933E-02,-7.6457977E-01
3.769747E-03,5.4557983E-02,-7.7182770E-01
3.773024E-03,5.5595581E-02,-7.7594757E-01
3.776301E-03,5.5046265E-02,-7.8166962E-01
3.779578E-03,5.5900757E-02,-7.8662872E-01
3.782854E-03,5.5259888E-02,-7.9128265E-01
3.786131E-03,5.6205933E-02,-7.9349518E-01
3.789408E-03,5.5473511E-02,-7.9898834E-01
3.792685E-03,5.5473511E-02,-8.0097198E-01
3.795962E-03,5.4130737E-02,-8.0448151E-01
3.799238E-03,5.4863159E-02,-8.0577850E-01
3.802515E-03,5.4435913E-02,-8.1005096E-01
3.805792E-03,5.5381958E-02,-8.0997467E-01
3.809069E-03,5.5046265E-02,-8.1333160E-01
3.812346E-03,5.5504028E-02,-8.1310272E-01
3.815622E-03,5.5107300E-02,-8.1447601E-01
3.818899E-03,5.5259888E-02,-8.1439972E-01
3.822176E-03,5.4435913E-02,-8.1607819E-01
3.825453E-03,5.4710571E-02,-8.1447601E-01
3.828730E-03,5.4710571E-02,-8.1523895E-01
3.832006E-03,5.4802124E-02,-8.1310272E-01
3.835283E-03,5.4161255E-02,-8.1333160E-01
3.838560E-03,5.4527466E-02,-8.0997467E-01
3.841837E-03,5.4283325E-02,-8.0890656E-01
3.845114E-03,5.4100220E-02,-8.0547333E-01
3.848390E-03,5.3398315E-02,-8.0364227E-01
3.851667E-03,5.3459351E-02,-7.9921722E-01
3.854944E-03,5.3825562E-02,-7.9677582E-01
3.858221E-03,5.3642456E-02,-7.9265594E-01
3.861498E-03,5.3642456E-02,-7.8876495E-01
3.864774E-03,5.3428833E-02,-7.8357697E-01
3.868051E-03,5.3856079E-02,-7.8022003E-01
3.871328E-03,5.3672974E-02,-7.7358246E-01
3.874605E-03,5.4222290E-02,-7.6900482E-01
3.877882E-03,5.4619019E-02,-7.6206207E-01
3.881158E-03,5.4680054E-02,-7.5687408E-01
3.884435E-03,5.4191772E-02,-7.4985504E-01
3.887712E-03,5.4466431E-02,-7.4375153E-01
3.890989E-03,5.4100220E-02,-7.3474884E-01
3.894266E-03,5.4039185E-02,-7.2826385E-01
3.897542E-03,5.3367798E-02,-7.1910858E-01
3.900819E-03,5.4130737E-02,-7.1170807E-01
3.904096E-03,5.3856079E-02,-7.0278168E-01
3.907373E-03,5.4619019E-02,-6.9461823E-01
3.910650E-03,5.3520386E-02,-6.8515778E-01
3.913926E-03,5.3978149E-02,-6.7638397E-01
3.917203E-03,5.3703491E-02,-6.6509247E-01
3.920480E-03,5.4619019E-02,-6.5509796E-01
3.923757E-03,5.4100220E-02,-6.4441681E-01
3.927034E-03,5.5259888E-02,-6.3457489E-01
3.930310E-03,5.4680054E-02,-6.2290192E-01
3.933587E-03,5.5137817E-02,-6.1229706E-01
3.936864E-03,5.4100220E-02,-6.0077667E-01
3.940141E-03,5.4283325E-02,-5.8940887E-01
3.943418E-03,5.3489868E-02,-5.7720184E-01
3.946694E-03,5.4435913E-02,-5.6522369E-01
3.949971E-03,5.3581421E-02,-5.5225372E-01
3.953248E-03,5.4191772E-02,-5.3997040E-01
3.956525E-03,5.2971069E-02,-5.2677155E-01
3.959802E-03,5.3550903E-02,-5.1387787E-01
3.963078E-03,5.2330200E-02,-5.0083160E-01
3.966355E-03,5.2940552E-02,-4.8625946E-01
3.969632E-03,5.1872437E-02,-4.7161102E-01
3.972909E-03,5.3337280E-02,-4.5856476E-01
3.976186E-03,5.2787964E-02,-4.4467926E-01
3.979462E-03,5.4039185E-02,-4.2964935E-01
3.982739E-03,5.3215210E-02,-4.1522980E-01
3.986016E-03,5.4161255E-02,-4.0050507E-01
3.989293E-03,5.3154175E-02,-3.8532257E-01
3.992570E-03,5.4130737E-02,-3.7014008E-01
3.995846E-03,5.3398315E-02,-3.5449982E-01
3.999123E-03,5.4527466E-02,-3.3878326E-01
4.002400E-03,5.3581421E-02,-3.2253265E-01
4.005677E-03,5.3978149E-02,-3.0673981E-01
4.008954E-03,5.2848999E-02,-2.9033661E-01
4.012230E-03,5.3825562E-02,-2.7454376E-01
4.015507E-03,5.2421753E-02,-2.5821686E-01
4.018784E-03,5.3032104E-02,-2.4173737E-01
4.022061E-03,5.2055542E-02,-2.2502899E-01
4.025338E-03,5.2971069E-02,-2.0763397E-01
4.028614E-03,5.1475708E-02,-1.9123077E-01
4.031891E-03,5.2391235E-02,-1.7429352E-01
4.035168E-03,5.1078979E-02,-1.5834808E-01
4.038445E-03,5.1994507E-02,-1.4057159E-01
4.041722E-03,5.0926392E-02,-1.2424469E-01
4.044998E-03,5.2543823E-02,-1.0692596E-01
4.048275E-03,5.1689331E-02,-9.0141296E-02
4.051552E-03,5.3306763E-02,-7.2364807E-02
4.054829E-03,5.1902954E-02,-5.6343079E-02
4.058106E-03,5.2910034E-02,-3.8414001E-02
4.061382E-03,5.1292603E-02,-2.2010803E-02
4.064659E-03,5.1963989E-02,-4.3106079E-03
4.067936E-03,5.0621216E-02,1.2092590E-02
4.071213E-03,5.2452271E-02,3.0632019E-02
4.074490E-03,5.1201050E-02,4.5967102E-02
4.077766E-03,5.2513306E-02,6.4888000E-02
4.081043E-03,5.0956909E-02,8.2359314E-02
4.084320E-03,5.1628296E-02,1.0028839E-01
4.087597E-03,5.0346558E-02,1.1745453E-01
4.090874E-03,5.2116577E-02,1.3553619E-01
4.094150E-03,5.1292603E-02,1.5178680E-01
4.097427E-03,5.3398315E-02,1.6986847E-01
4.100704E-03,5.2238647E-02,1.8527985E-01
4.103981E-03,5.3276245E-02,2.0275116E-01
4.107258E-03,5.1933472E-02,2.1884918E-01
4.110534E-03,5.2879517E-02,2.3670197E-01
4.113811E-03,5.1994507E-02,2.5218964E-01
4.117088E-03,5.3276245E-02,2.7019501E-01
4.120365E-03,5.2208130E-02,2.8537750E-01
4.123642E-03,5.3276245E-02,3.0323029E-01
4.126918E-03,5.1170532E-02,3.1864166E-01
4.130195E-03,5.2147095E-02,3.3603668E-01
4.133472E-03,4.9919312E-02,3.5114288E-01
4.136749E-03,5.1231567E-02,3.6884308E-01
4.140026E-03,5.0132935E-02,3.8265228E-01
4.143302E-03,5.1353638E-02,3.9966583E-01
4.146579E-03,5.0468628E-02,4.1408539E-01
4.149856E-03,5.2147095E-02,4.3003082E-01
4.153133E-03,5.0834839E-02,4.4406891E-01
4.156410E-03,5.2360718E-02,4.6016693E-01
4.159686E-03,5.0865356E-02,4.7382355E-01
4.162963E-03,5.2055542E-02,4.9037933E-01
4.166240E-03,5.1292603E-02,5.0266266E-01
4.169517E-03,5.3184692E-02,5.1860809E-01
4.172794E-03,5.1445190E-02,5.3127289E-01
4.176070E-03,5.2665894E-02,5.4637909E-01
4.179347E-03,5.0804321E-02,5.5797577E-01
4.182624E-03,5.1994507E-02,5.7308197E-01
4.185901E-03,5.0499146E-02,5.8437347E-01
4.189178E-03,5.1963989E-02,5.9940338E-01
4.192454E-03,5.0468628E-02,6.1031342E-01
4.195731E-03,5.2330200E-02,6.2404633E-01
4.199008E-03,5.0499146E-02,6.3541412E-01
4.202285E-03,5.2025024E-02,6.4876556E-01
4.205562E-03,5.0560181E-02,6.5921783E-01
4.208838E-03,5.2665894E-02,6.7203522E-01
4.212115E-03,5.1078979E-02,6.8126678E-01
4.215392E-03,5.3276245E-02,6.9423676E-01
4.218669E-03,5.2696411E-02,7.0308685E-01
4.221946E-03,5.3856079E-02,7.1453094E-01
4.225222E-03,5.2116577E-02,7.2238922E-01
4.228499E-03,5.2452271E-02,7.3413849E-01
4.231776E-03,5.1506226E-02,7.4176788E-01
4.235053E-03,5.2848999E-02,7.5283051E-01
4.238330E-03,5.1689331E-02,7.5992584E-01
4.241606E-03,5.2726929E-02,7.7030182E-01
4.244883E-03,5.2086060E-02,7.7663422E-01
4.248160E-03,5.2971069E-02,7.8655243E-01
4.251437E-03,5.1933472E-02,7.9242706E-01
4.254714E-03,5.2604858E-02,8.0142975E-01
4.257990E-03,5.1841919E-02,8.0669403E-01
4.261267E-03,5.3093140E-02,8.1478119E-01
4.264544E-03,5.2848999E-02,8.1890106E-01
4.267821E-03,5.3917114E-02,8.2714081E-01
4.271098E-03,5.3245728E-02,8.3057404E-01
4.274374E-03,5.3398315E-02,8.3774567E-01
4.277651E-03,5.2879517E-02,8.4079742E-01
4.280928E-03,5.3489868E-02,8.4651947E-01
4.284205E-03,5.3154175E-02,8.4980011E-01
4.287482E-03,5.4100220E-02,8.5384369E-01
4.290758E-03,5.3581421E-02,8.5628510E-01
4.294035E-03,5.3795044E-02,8.6040497E-01
4.297312E-03,5.3489868E-02,8.6231232E-01
4.300589E-03,5.3032104E-02,8.6536407E-01
4.303866E-03,5.2147095E-02,8.6704254E-01
4.307142E-03,5.2818481E-02,8.6978912E-01
4.310419E-03,5.2604858E-02,8.6971283E-01
4.313696E-03,5.3581421E-02,8.7146759E-01
4.316973E-03,5.3398315E-02,8.7154388E-01
4.320250E-03,5.3795044E-02,8.7261200E-01
4.323526E-03,5.3795044E-02,8.7139130E-01
4.326803E-03,5.3947632E-02,8.7200165E-01
4.330080E-03,5.4008667E-02,8.7017059E-01
4.333357E-03,5.4191772E-02,8.7078094E-01
4.336634E-03,5.4466431E-02,8.6841583E-01
4.339910E-03,5.4680054E-02,8.6711884E-01
4.343187E-03,5.4741089E-02,8.6406708E-01
4.346464E-03,5.3978149E-02,8.6223602E-01
4.349741E-03,5.3947632E-02,8.5803986E-01
4.353018E-03,5.3245728E-02,8.5597992E-01
4.356294E-03,5.3581421E-02,8.5239410E-01
4.359571E-03,5.3276245E-02,8.4880829E-01
4.362848E-03,5.4161255E-02,8.4270477E-01
4.366125E-03,5.3856079E-02,8.3896637E-01
4.369402E-03,5.4252808E-02,8.3316803E-01
4.372678E-03,5.3459351E-02,8.2851410E-01
4.375955E-03,5.4191772E-02,8.2271576E-01
4.379232E-03,5.3825562E-02,8.1729889E-01
4.382509E-03,5.4374878E-02,8.1012726E-01
4.385786E-03,5.4496948E-02,8.0425262E-01
4.389062E-03,5.5198853E-02,7.9677582E-01
4.392339E-03,5.4802124E-02,7.8983307E-01
4.395616E-03,5.5046265E-02,7.8174591E-01
4.398893E-03,5.4008667E-02,7.7457428E-01
4.402170E-03,5.3978149E-02,7.6541901E-01
4.405446E-03,5.3642456E-02,7.5763702E-01
4.408723E-03,5.4954712E-02,7.4787140E-01
4.412000E-03,5.4130737E-02,7.3917389E-01
4.415277E-03,5.4771606E-02,7.3001862E-01
4.418554E-03,5.3886597E-02,7.2048187E-01
4.421830E-03,5.4802124E-02,7.0919037E-01
4.425107E-03,5.3947632E-02,6.9942474E-01
4.428384E-03,5.4374878E-02,6.8843842E-01
4.431661E-03,5.3978149E-02,6.7813873E-01
4.434938E-03,5.5412476E-02,6.6547394E-01
4.438214E-03,5.4619019E-02,6.5517426E-01
4.441491E-03,5.5137817E-02,6.4243317E-01
4.444768E-03,5.4039185E-02,6.3137054E-01
4.448045E-03,5.4863159E-02,6.1870575E-01
4.451322E-03,5.4252808E-02,6.0619354E-01
4.454598E-03,5.4741089E-02,5.9268951E-01
4.457875E-03,5.4283325E-02,5.8017731E-01
4.461152E-03,5.5290405E-02,5.6682587E-01
4.464429E-03,5.4008667E-02,5.5393219E-01
4.467706E-03,5.4863159E-02,5.4065704E-01
4.470982E-03,5.3611938E-02,5.2745819E-01
4.474259E-03,5.4863159E-02,5.1433563E-01
4.477536E-03,5.3734009E-02,4.9900055E-01
4.480813E-03,5.5381958E-02,4.8473358E-01
4.484090E-03,5.4771606E-02,4.6962738E-01
4.487366E-03,5.5992310E-02,4.5444489E-01
4.490643E-03,5.4680054E-02,4.3956757E-01
4.493920E-03,5.6053345E-02,4.2400360E-01
4.497197E-03,5.4771606E-02,4.0813446E-01
4.500474E-03,5.5351440E-02,3.9218903E-01
4.503750E-03,5.4466431E-02,3.7654877E-01
4.507027E-03,5.5870239E-02,3.6052704E-01
4.510304E-03,5.4557983E-02,3.4496307E-01
4.513581E-03,5.5839722E-02,3.2871246E-01
4.516858E-03,5.4252808E-02,3.1284332E-01
4.520134E-03,5.5565063E-02,2.9689789E-01
4.523411E-03,5.3825562E-02,2.7935028E-01
4.526688E-03,5.4924194E-02,2.6279449E-01
4.529965E-03,5.4039185E-02,2.4578094E-01
4.533242E-03,5.5473511E-02,2.2953033E-01
4.536518E-03,5.4741089E-02,2.1259308E-01
4.539795E-03,5.5900757E-02,1.9634247E-01
4.543072E-03,5.4619019E-02,1.7925262E-01
4.546349E-03,5.5809204E-02,1.6315460E-01
4.549626E-03,5.4954712E-02,1.4568329E-01
4.552902E-03,5.6663696E-02,1.2905121E-01
4.556179E-03,5.6114380E-02,1.1150360E-01
4.559456E-03,5.7670776E-02,9.4108582E-02
4.562733E-03,5.6114380E-02,7.5798035E-02
4.566010E-03,5.7396118E-02,5.9242249E-02
4.569286E-03,5.5259888E-02,4.0321350E-02
4.572563E-03,5.6480591E-02,2.4070740E-02
4.575840E-03,5.5442993E-02,5.9127808E-03
4.579117E-03,5.6724731E-02,-9.8037720E-03
4.582394E-03,5.5351440E-02,-2.7427673E-02
4.585670E-03,5.6877319E-02,-4.4059753E-02
4.588947E-03,5.5076782E-02,-6.2828064E-02
4.592224E-03,5.5992310E-02,-7.9154968E-02
4.595501E-03,5.4893677E-02,-9.7007751E-02
4.598778E-03,5.5992310E-02,-1.1295319E-01
4.602054E-03,5.5504028E-02,-1.3179779E-01
4.605331E-03,5.6968872E-02,-1.4743805E-01
4.608608E-03,5.5595581E-02,-1.6551971E-01
4.611885E-03,5.6816284E-02,-1.8108368E-01
4.615162E-03,5.5107300E-02,-1.9870758E-01
4.618438E-03,5.6297485E-02,-2.1526337E-01
4.621715E-03,5.5229370E-02,-2.3296356E-01
4.624992E-03,5.7213013E-02,-2.4822235E-01
4.628269E-03,5.6022827E-02,-2.6584625E-01
4.631546E-03,5.6968872E-02,-2.8018951E-01
4.634822E-03,5.4771606E-02,-2.9743195E-01
4.638099E-03,5.6083862E-02,-3.1284332E-01
4.641376E-03,5.4466431E-02,-3.3031464E-01
4.644653E-03,5.5626099E-02,-3.4465790E-01
4.647930E-03,5.4222290E-02,-3.6174774E-01
4.651206E-03,5.5748169E-02,-3.7593842E-01
4.654483E-03,5.4496948E-02,-3.9287567E-01
4.657760E-03,5.6266968E-02,-4.0630341E-01
4.661037E-03,5.5046265E-02,-4.2255402E-01
4.664314E-03,5.5900757E-02,-4.3544769E-01
4.667590E-03,5.4680054E-02,-4.5246124E-01
4.670867E-03,5.6450073E-02,-4.6367645E-01
4.674144E-03,5.4832642E-02,-4.8061371E-01
4.677421E-03,5.6419556E-02,-4.9236298E-01
4.680698E-03,5.5015747E-02,-5.0785065E-01
4.683974E-03,5.6114380E-02,-5.1982880E-01
4.687251E-03,5.4619019E-02,-5.3478241E-01
4.690528E-03,5.5534546E-02,-5.4523468E-01
4.693805E-03,5.4191772E-02,-5.6003571E-01
4.697082E-03,5.5290405E-02,-5.7010651E-01
4.700358E-03,5.3917114E-02,-5.8422089E-01
4.703635E-03,5.5290405E-02,-5.9352875E-01
4.706912E-03,5.3703491E-02,-6.0779572E-01
4.710189E-03,5.4893677E-02,-6.1725616E-01
4.713466E-03,5.3459351E-02,-6.3007355E-01
4.716742E-03,5.4405396E-02,-6.3938141E-01
4.720019E-03,5.3947632E-02,-6.5174103E-01
4.723296E-03,5.5473511E-02,-6.6020966E-01
4.726573E-03,5.5015747E-02,-6.7173004E-01
4.729850E-03,5.6297485E-02,-6.7951202E-01
4.733126E-03,5.5107300E-02,-6.9057465E-01
4.736403E-03,5.5717651E-02,-6.9782257E-01
4.739680E-03,5.3947632E-02,-7.0819855E-01
4.742957E-03,5.4527466E-02,-7.1506500E-01
4.746234E-03,5.4039185E-02,-7.2498322E-01
4.749510E-03,5.5381958E-02,-7.3093414E-01
4.752787E-03,5.4680054E-02,-7.4001312E-01
4.756064E-03,5.5076782E-02,-7.4611664E-01
4.759341E-03,5.3825562E-02,-7.5366974E-01
4.762618E-03,5.4496948E-02,-7.5862885E-01
4.765894E-03,5.3734009E-02,-7.6587677E-01
4.769171E-03,5.4435913E-02,-7.7068329E-01
4.772448E-03,5.4191772E-02,-7.7716827E-01
4.775725E-03,5.4680054E-02,-7.8235626E-01
4.779002E-03,5.3978149E-02,-7.8762054E-01
4.782278E-03,5.4191772E-02,-7.9074860E-01
4.785555E-03,5.3428833E-02,-7.9608917E-01
4.788832E-03,5.3520386E-02,-7.9883575E-01
4.792109E-03,5.3184692E-02,-8.0394745E-01
4.795386E-03,5.3978149E-02,-8.0562592E-01
4.798662E-03,5.3703491E-02,-8.0890656E-01
4.801939E-03,5.3520386E-02,-8.1020355E-01
4.805216E-03,5.2635376E-02,-8.1241608E-01
4.808493E-03,5.2330200E-02,-8.1356049E-01
4.811770E-03,5.1841919E-02,-8.1508636E-01
4.815046E-03,5.2299683E-02,-8.1523895E-01
4.818323E-03,5.2177612E-02,-8.1638336E-01
4.821600E-03,5.2208130E-02,-8.1569672E-01
4.824877E-03,5.2604858E-02,-8.1600189E-01
4.828154E-03,5.2513306E-02,-8.1447601E-01
4.831430E-03,5.2757446E-02,-8.1447601E-01
4.834707E-03,5.2635376E-02,-8.1233978E-01
4.837984E-03,5.2848999E-02,-8.1134796E-01
4.841261E-03,5.2635376E-02,-8.0921173E-01
4.844538E-03,5.2848999E-02,-8.0844879E-01
4.847814E-03,5.2574341E-02,-8.0425262E-01
4.851091E-03,5.2391235E-02,-8.0104828E-01
4.854368E-03,5.1536743E-02,-7.9662323E-01
4.857645E-03,5.2238647E-02,-7.9441071E-01
4.860922E-03,5.1506226E-02,-7.8914642E-01
4.864198E-03,5.1872437E-02,-7.8464508E-01
4.867475E-03,5.1323120E-02,-7.7922821E-01
4.870752E-03,5.1536743E-02,-7.7541351E-01
4.874029E-03,5.1048462E-02,-7.6961517E-01
4.877306E-03,5.1445190E-02,-7.6374054E-01
4.880582E-03,5.0499146E-02,-7.5717926E-01
4.883859E-03,5.0773804E-02,-7.5153351E-01
4.887136E-03,4.9888794E-02,-7.4375153E-01
4.890413E-03,5.1689331E-02,-7.3719025E-01
4.893690E-03,5.1170532E-02,-7.2971344E-01
4.896966E-03,5.2086060E-02,-7.2216034E-01
4.900243E-03,5.1078979E-02,-7.1376801E-01
4.903520E-03,5.1689331E-02,-7.0629120E-01
4.906797E-03,5.0804321E-02,-6.9675446E-01
4.910074E-03,5.0682251E-02,-6.8798065E-01
4.913350E-03,4.9247925E-02,-6.7790985E-01
4.916627E-03,5.0743286E-02,-6.6905975E-01
4.919904E-03,4.9919312E-02,-6.5822601E-01
4.923181E-03,5.0987427E-02,-6.4861298E-01
4.926458E-03,4.9339478E-02,-6.3800812E-01
4.929734E-03,4.9461548E-02,-6.2725067E-01
4.933011E-03,4.8607056E-02,-6.1542511E-01
4.936288E-03,5.0010864E-02,-6.0367584E-01
4.939565E-03,4.9431030E-02,-5.9223175E-01
4.942842E-03,5.1170532E-02,-5.8025360E-01
4.946118E-03,4.9888794E-02,-5.6804657E-01
4.949395E-03,5.1078979E-02,-5.5606842E-01
4.952672E-03,4.9247925E-02,-5.4340363E-01
4.955949E-03,5.0468628E-02,-5.2997589E-01
4.959226E-03,4.9064819E-02,-5.1692963E-01
4.962502E-03,5.0377075E-02,-5.0342560E-01
4.965779E-03,4.9705688E-02,-4.8908234E-01
4.969056E-03,5.0407593E-02,-4.7573090E-01
4.972333E-03,4.8973267E-02,-4.6146393E-01
4.975610E-03,4.9522583E-02,-4.4696808E-01
4.978886E-03,4.7355835E-02,-4.3277740E-01
4.982163E-03,4.8576538E-02,-4.1889191E-01
4.985440E-03,4.7508423E-02,-4.0348053E-01
4.988717E-03,4.9003784E-02,-3.8875580E-01
4.991994E-03,4.8851196E-02,-3.7265778E-01
4.995270E-03,4.9675171E-02,-3.5701752E-01
4.998547E-03,4.8668091E-02,-3.4244537E-01
5.001824E-03,5.0102417E-02,-3.2558441E-01
5.005101E-03,4.8637573E-02,-3.0925751E-01
5.008378E-03,4.9675171E-02,-2.9293060E-01
5.011654E-03,4.8790161E-02,-2.7683258E-01
5.014931E-03,5.0377075E-02,-2.6058197E-01
5.018208E-03,4.9278442E-02,-2.4486542E-01
5.021485E-03,5.0102417E-02,-2.2792816E-01
5.024762E-03,4.8912231E-02,-2.1129608E-01
5.028038E-03,4.9522583E-02,-1.9374847E-01
5.031315E-03,4.7966187E-02,-1.7841339E-01
5.034592E-03,4.9553101E-02,-1.6109467E-01
5.037869E-03,4.8027222E-02,-1.4377594E-01
5.041146E-03,4.9034302E-02,-1.2706757E-01
5.044422E-03,4.7874634E-02,-1.1074066E-01
5.047699E-03,4.9431030E-02,-9.2887878E-02
5.050976E-03,4.8546021E-02,-7.6179504E-02
5.054253E-03,4.9827759E-02,-5.9089661E-02
5.057530E-03,4.8912231E-02,-4.2228699E-02
5.060806E-03,5.0438110E-02,-2.4528503E-02
5.064083E-03,4.9949829E-02,-8.0490112E-03
5.067360E-03,5.1384155E-02,9.8800659E-03
5.070637E-03,4.9797241E-02,2.5749207E-02
5.073914E-03,5.0926392E-02,4.4288635E-02
5.077190E-03,4.9308960E-02,6.1378479E-02
5.080467E-03,5.0529663E-02,7.9383850E-02
5.083744E-03,4.9492065E-02,9.6473694E-02
5.087021E-03,5.0712769E-02,1.1455536E-01
5.090298E-03,4.9431030E-02,1.3126373E-01
5.093574E-03,5.1170532E-02,1.4888763E-01
5.096851E-03,4.9980347E-02,1.6468048E-01
5.100128E-03,5.0987427E-02,1.8344879E-01
5.103405E-03,4.9431030E-02,1.9924164E-01
5.106682E-03,5.1170532E-02,2.1625519E-01
5.109958E-03,5.0468628E-02,2.3189545E-01
5.113235E-03,5.2665894E-02,2.4890900E-01
5.116512E-03,5.1445190E-02,2.6523590E-01
5.119789E-03,5.2971069E-02,2.8278351E-01
5.123066E-03,5.1567261E-02,2.9788971E-01
5.126342E-03,5.3520386E-02,3.1574249E-01
5.129619E-03,5.2055542E-02,3.3046722E-01
5.132896E-03,5.3459351E-02,3.4854889E-01
5.136173E-03,5.2818481E-02,3.6273956E-01
5.139450E-03,5.4466431E-02,3.8051605E-01
5.142726E-03,5.3093140E-02,3.9455414E-01
5.146003E-03,5.4771606E-02,4.1126251E-01
5.149280E-03,5.3184692E-02,4.2530060E-01
5.152557E-03,5.4496948E-02,4.4254303E-01
5.155834E-03,5.3795044E-02,4.5673370E-01
5.159110E-03,5.5717651E-02,4.7275543E-01
5.162387E-03,5.5290405E-02,4.8542023E-01
5.165664E-03,5.6877319E-02,5.0098419E-01
5.168941E-03,5.5870239E-02,5.1342010E-01
5.172218E-03,5.6968872E-02,5.2967072E-01
5.175494E-03,5.5900757E-02,5.4119110E-01
5.178771E-03,5.7487671E-02,5.5660248E-01
5.182048E-03,5.7060425E-02,5.6835175E-01
5.185325E-03,5.8769409E-02,5.8345795E-01
5.188602E-03,5.7762329E-02,5.9398651E-01
5.191878E-03,5.9013550E-02,6.0878754E-01
5.195155E-03,5.7487671E-02,6.1946869E-01
5.198432E-03,5.9166138E-02,6.3350677E-01
5.201709E-03,5.8403198E-02,6.4289093E-01
5.204986E-03,6.0264771E-02,6.5715790E-01
5.208262E-03,5.9684937E-02,6.6715240E-01
5.211539E-03,6.1180298E-02,6.7981720E-01
5.214816E-03,5.9898560E-02,6.8889618E-01
5.218093E-03,6.1424438E-02,7.0156097E-01
5.221370E-03,6.0539429E-02,7.1056366E-01
5.224646E-03,6.2278931E-02,7.2216034E-01
5.227923E-03,6.1973755E-02,7.3093414E-01
5.231200E-03,6.3713257E-02,7.4138641E-01
5.234477E-03,6.3652222E-02,7.4985504E-01
5.237754E-03,6.4506714E-02,7.6084137E-01
5.241030E-03,6.3774292E-02,7.6740265E-01
5.244307E-03,6.4384644E-02,7.7671051E-01
5.247584E-03,6.3865845E-02,7.8365326E-01
5.250861E-03,6.4872925E-02,7.9158783E-01
5.254138E-03,6.4445679E-02,7.9692841E-01
5.257414E-03,6.5452759E-02,8.0425262E-01
5.260691E-03,6.5056030E-02,8.1111908E-01
5.263968E-03,6.5849487E-02,8.1836700E-01
5.267245E-03,6.5788452E-02,8.2324982E-01
5.270522E-03,6.6124146E-02,8.2912445E-01
5.273798E-03,6.6246216E-02,8.3316803E-01
5.277075E-03,6.7039673E-02,8.3980560E-01
5.280352E-03,6.7222778E-02,8.4377289E-01
5.283629E-03,6.7802612E-02,8.4873199E-01
5.286906E-03,6.8290894E-02,8.5170746E-01
5.290182E-03,6.8321411E-02,8.5567474E-01
5.293459E-03,6.8016235E-02,8.5826874E-01
5.296736E-03,6.8840210E-02,8.6215973E-01
5.300013E-03,6.8779175E-02,8.6376190E-01
5.303290E-03,6.9450562E-02,8.6589813E-01
5.306566E-03,7.0030396E-02,8.6696625E-01
5.309843E-03,7.0335571E-02,8.6994171E-01
5.313120E-03,6.9999878E-02,8.6917877E-01
5.316397E-03,6.9694702E-02,8.7123871E-01
5.319674E-03,6.9664185E-02,8.7100983E-01
5.322950E-03,6.9389526E-02,8.7162018E-01
5.326227E-03,6.9877808E-02,8.7009430E-01
5.329504E-03,7.0671265E-02,8.7100983E-01
5.332781E-03,7.2441284E-02,8.6864471E-01
5.336058E-03,7.2624390E-02,8.6811066E-01
5.339334E-03,7.2654907E-02,8.6536407E-01
5.342611E-03,7.1830933E-02,8.6421967E-01
5.345888E-03,7.2441284E-02,8.6055756E-01
5.349165E-03,7.2685425E-02,8.5865021E-01
5.352442E-03,7.3661987E-02,8.5430145E-01
5.355718E-03,7.3326294E-02,8.5124969E-01
5.358995E-03,7.4485962E-02,8.4751129E-01
5.362272E-03,7.3875610E-02,8.4392548E-01
5.365549E-03,7.4608032E-02,8.3850861E-01
5.368826E-03,7.3723022E-02,8.3431244E-01
5.372102E-03,7.3845093E-02,8.2828522E-01
5.375379E-03,7.3845093E-02,8.2324982E-01
5.378656E-03,7.5065796E-02,8.1600189E-01
5.381933E-03,7.4363892E-02,8.1096649E-01
5.385210E-03,7.5096313E-02,8.0417633E-01
5.388486E-03,7.4272339E-02,7.9776764E-01
5.391763E-03,7.5065796E-02,7.8998566E-01
5.395040E-03,7.4882690E-02,7.8258514E-01
5.398317E-03,7.6103394E-02,7.7457428E-01
5.401594E-03,7.5554077E-02,7.6755524E-01
5.404870E-03,7.7263062E-02,7.5855255E-01
5.408147E-03,7.6530640E-02,7.4916840E-01
5.411424E-03,7.6988403E-02,7.4008942E-01
5.414701E-03,7.5706665E-02,7.3154449E-01
5.417978E-03,7.6225464E-02,7.2071075E-01
5.421254E-03,7.5645630E-02,7.1117401E-01
5.424531E-03,7.7385132E-02,7.0011139E-01
5.427808E-03,7.6561157E-02,6.9042206E-01
5.431085E-03,7.7263062E-02,6.7943573E-01
5.434362E-03,7.5767700E-02,6.6837311E-01
5.437638E-03,7.6774780E-02,6.5692902E-01
5.440915E-03,7.5889771E-02,6.4464569E-01
5.444192E-03,7.7110474E-02,6.3251495E-01
5.447469E-03,7.6347534E-02,6.2099457E-01
5.450746E-03,7.8056519E-02,6.0863495E-01
5.454022E-03,7.7202026E-02,5.9589386E-01
5.457299E-03,7.8392212E-02,5.8231354E-01
5.460576E-03,7.7324097E-02,5.6949615E-01
5.463853E-03,7.8178589E-02,5.5553436E-01
5.467130E-03,7.7385132E-02,5.4187775E-01
5.470406E-03,7.8605835E-02,5.2837372E-01
5.473683E-03,7.7446167E-02,5.1410675E-01
5.476960E-03,7.8819458E-02,4.9991608E-01
5.480237E-03,7.6805298E-02,4.8572540E-01
5.483514E-03,7.8270142E-02,4.7107697E-01
5.486790E-03,7.7171509E-02,4.5528412E-01
5.490067E-03,7.7476685E-02,4.4086456E-01
5.493344E-03,7.6500122E-02,4.2522430E-01
5.496621E-03,7.7903931E-02,4.1019440E-01
5.499898E-03,7.7293579E-02,3.9440155E-01
5.503174E-03,7.8911011E-02,3.7929535E-01
5.506451E-03,7.8209106E-02,3.6357880E-01
5.509728E-03,7.9094116E-02,3.4770966E-01
5.513005E-03,7.7934448E-02,3.3077240E-01
5.516282E-03,7.9063599E-02,3.1459808E-01
5.519558E-03,7.8026001E-02,2.9758453E-01
5.522835E-03,7.9368774E-02,2.8217316E-01
5.526112E-03,7.8148071E-02,2.6500702E-01
5.529389E-03,7.9246704E-02,2.4921417E-01
5.532666E-03,7.7598755E-02,2.3120880E-01
5.535942E-03,7.8117554E-02,2.1518707E-01
5.539219E-03,7.6591675E-02,1.9817352E-01
5.542496E-03,7.7385132E-02,1.8169403E-01
5.545773E-03,7.6622192E-02,1.6407013E-01
5.549050E-03,7.7720825E-02,1.4858246E-01
5.552326E-03,7.6713745E-02,1.3042450E-01
5.555603E-03,7.7629272E-02,1.1341095E-01
5.558880E-03,7.5828735E-02,9.4566345E-02
5.562157E-03,7.7202026E-02,7.7781677E-02
5.565434E-03,7.5920288E-02,6.0081482E-02
5.568710E-03,7.8239624E-02,4.3983459E-02
5.571987E-03,7.7446167E-02,2.4375916E-02
5.575264E-03,7.8605835E-02,9.4223022E-03
5.578541E-03,7.6988403E-02,-9.1934204E-03
5.581818E-03,7.7842896E-02,-2.5062561E-02
5.585094E-03,7.5187866E-02,-4.4364929E-02
5.588371E-03,7.6713745E-02,-6.0386658E-02
5.591648E-03,7.5218384E-02,-7.8010559E-02
5.594925E-03,7.6683228E-02,-9.3421936E-02
5.598202E-03,7.5645630E-02,-1.1196136E-01
5.601478E-03,7.6347534E-02,-1.2813568E-01
5.604755E-03,7.4119751E-02,-1.4644623E-01
5.608032E-03,7.5309937E-02,-1.6239166E-01
5.611309E-03,7.4119751E-02,-1.7978668E-01
5.614586E-03,7.6042358E-02,-1.9512177E-01
5.617862E-03,7.4852173E-02,-2.1419525E-01
5.621139E-03,7.6530640E-02,-2.2815704E-01
5.624416E-03,7.5065796E-02,-2.4639130E-01
5.627693E-03,7.6317017E-02,-2.6149750E-01
5.630970E-03,7.5004761E-02,-2.7919769E-01
5.634246E-03,7.5920288E-02,-2.9300690E-01
5.637523E-03,7.4882690E-02,-3.1124115E-01
5.640800E-03,7.6713745E-02,-3.2543182E-01
5.644077E-03,7.5309937E-02,-3.4351349E-01
5.647354E-03,7.6591675E-02,-3.5770416E-01
5.650630E-03,7.4241821E-02,-3.7479401E-01
5.653907E-03,7.5248901E-02,-3.8860321E-01
5.657184E-03,7.3265259E-02,-4.0515900E-01
5.660461E-03,7.4760620E-02,-4.1728973E-01
5.663738E-03,7.3356812E-02,-4.3415070E-01
5.667014E-03,7.4852173E-02,-4.4780731E-01
5.670291E-03,7.3478882E-02,-4.6276093E-01
5.673568E-03,7.5920288E-02,-4.7512054E-01
5.676845E-03,7.4516479E-02,-4.9045563E-01
5.680122E-03,7.5432007E-02,-5.0289154E-01
5.683398E-03,7.4058716E-02,-5.1830292E-01
5.686675E-03,7.5065796E-02,-5.3012848E-01
5.689952E-03,7.4150269E-02,-5.4508209E-01
5.693229E-03,7.5340454E-02,-5.5446625E-01
5.696506E-03,7.4424927E-02,-5.6926727E-01
5.699782E-03,7.4974243E-02,-5.8032990E-01
5.703059E-03,7.3387329E-02,-5.9299469E-01
5.706336E-03,7.4272339E-02,-6.0329437E-01
5.709613E-03,7.2624390E-02,-6.1710358E-01
5.712890E-03,7.3112671E-02,-6.2618256E-01
5.716166E-03,7.2197144E-02,-6.3808441E-01
5.719443E-03,7.3051636E-02,-6.4716339E-01
5.722720E-03,7.2136108E-02,-6.5891266E-01
5.725997E-03,7.3082153E-02,-6.6791534E-01
5.729274E-03,7.2502319E-02,-6.7890167E-01
5.732550E-03,7.3356812E-02,-6.8653107E-01
5.735827E-03,7.2746460E-02,-6.9698334E-01
5.739104E-03,7.4211304E-02,-7.0384979E-01
5.742381E-03,7.3906128E-02,-7.1445465E-01
5.745658E-03,7.4302856E-02,-7.2101593E-01
5.748934E-03,7.3082153E-02,-7.3116302E-01
5.752211E-03,7.2685425E-02,-7.3726654E-01
5.755488E-03,7.1739380E-02,-7.4542999E-01
5.758765E-03,7.2075073E-02,-7.5160980E-01
5.762042E-03,7.2075073E-02,-7.6000214E-01
5.765318E-03,7.2502319E-02,-7.6442719E-01
5.768595E-03,7.2105591E-02,-7.7144623E-01
5.771872E-03,7.1739380E-02,-7.7648163E-01
5.775149E-03,7.1556274E-02,-7.8258514E-01
5.778426E-03,7.1434204E-02,-7.8594208E-01
5.781702E-03,7.1098511E-02,-7.9090118E-01
5.784979E-03,7.1953003E-02,-7.9395294E-01
5.788256E-03,7.2502319E-02,-7.9853058E-01
5.791533E-03,7.2899048E-02,-8.0081940E-01
5.794810E-03,7.2960083E-02,-8.0532074E-01
5.798086E-03,7.2136108E-02,-8.0699921E-01
5.801363E-03,7.1800415E-02,-8.1043243E-01
5.804640E-03,7.2014038E-02,-8.1119537E-01
5.807917E-03,7.1922485E-02,-8.1356049E-01
5.811194E-03,7.1830933E-02,-8.1401825E-01
5.814470E-03,7.2197144E-02,-8.1584930E-01
5.817747E-03,7.1953003E-02,-8.1501007E-01
5.821024E-03,7.1830933E-02,-8.1577301E-01
5.824301E-03,7.1067993E-02,-8.1501007E-01
5.827578E-03,7.1617310E-02,-8.1501007E-01
5.830854E-03,7.1037476E-02,-8.1371307E-01
5.834131E-03,7.2349731E-02,-8.1317902E-01
5.837408E-03,7.2014038E-02,-8.1073761E-01
5.840685E-03,7.2624390E-02,-8.0867767E-01
5.843962E-03,7.1830933E-02,-8.0699921E-01
5.847238E-03,7.2990601E-02,-8.0463409E-01
5.850515E-03,7.2532837E-02,-8.0051422E-01
5.853792E-03,7.2715942E-02,-7.9860687E-01
5.857069E-03,7.1556274E-02,-7.9456329E-01
5.860346E-03,7.2349731E-02,-7.9097748E-01
5.863622E-03,7.1830933E-02,-7.8548431E-01
5.866899E-03,7.2197144E-02,-7.8182220E-01
5.870176E-03,7.1251099E-02,-7.7617645E-01
5.873453E-03,7.1647827E-02,-7.7106476E-01
5.876730E-03,7.0610229E-02,-7.6473236E-01
5.880006E-03,7.1159546E-02,-7.5901031E-01
5.883283E-03,7.0579712E-02,-7.5122833E-01
5.886560E-03,7.1495239E-02,-7.4512482E-01
5.889837E-03,7.0884888E-02,-7.3795319E-01
5.893114E-03,7.1556274E-02,-7.3085785E-01
5.896390E-03,7.1251099E-02,-7.2277069E-01
5.899667E-03,7.2105591E-02,-7.1582794E-01
5.902944E-03,7.0793335E-02,-7.0552826E-01
5.906221E-03,7.2014038E-02,-6.9866180E-01
5.909498E-03,7.1769897E-02,-6.8904877E-01
5.912774E-03,7.3661987E-02,-6.7989349E-01
5.916051E-03,7.2014038E-02,-6.6974640E-01
5.919328E-03,7.2960083E-02,-6.6028595E-01
5.922605E-03,7.1190063E-02,-6.4968109E-01
5.925882E-03,7.1983521E-02,-6.3877106E-01
5.929158E-03,7.0427124E-02,-6.2732697E-01
5.932435E-03,7.2075073E-02,-6.1634064E-01
5.935712E-03,7.1403687E-02,-6.0497284E-01
5.938989E-03,7.2319214E-02,-5.9413910E-01
5.942266E-03,7.0854370E-02,-5.8185577E-01
5.945542E-03,7.1830933E-02,-5.7071686E-01
5.948819E-03,7.0518677E-02,-5.5805206E-01
5.952096E-03,7.2014038E-02,-5.4576874E-01
5.955373E-03,7.1342651E-02,-5.3226471E-01
5.958650E-03,7.3509399E-02,-5.1837921E-01
5.961926E-03,7.2776978E-02,-5.0540924E-01
5.965203E-03,7.3661987E-02,-4.9160004E-01
5.968480E-03,7.2563354E-02,-4.7794342E-01
5.971757E-03,7.3478882E-02,-4.6329498E-01
5.975034E-03,7.2471802E-02,-4.4925690E-01
5.978310E-03,7.3692505E-02,-4.3468475E-01
5.981587E-03,7.2471802E-02,-4.2079926E-01
5.984864E-03,7.3936646E-02,-4.0554047E-01
5.988141E-03,7.2227661E-02,-3.9104462E-01
5.991418E-03,7.3234741E-02,-3.7502289E-01
5.994694E-03,7.1861450E-02,-3.5968781E-01
5.997971E-03,7.2654907E-02,-3.4427643E-01
6.001248E-03,7.1495239E-02,-3.2871246E-01
6.004525E-03,7.3082153E-02,-3.1215668E-01
6.007802E-03,7.2593872E-02,-2.9651642E-01
6.011078E-03,7.4333374E-02,-2.7935028E-01
6.014355E-03,7.2776978E-02,-2.6424408E-01
6.017632E-03,7.4302856E-02,-2.4730682E-01
6.020909E-03,7.2746460E-02,-2.3136139E-01
6.024186E-03,7.4363892E-02,-2.1381378E-01
6.027462E-03,7.3295776E-02,-1.9763947E-01
6.030739E-03,7.4485962E-02,-1.8016815E-01
6.034016E-03,7.3417847E-02,-1.6384125E-01
6.037293E-03,7.5065796E-02,-1.4614105E-01
6.040570E-03,7.3600952E-02,-1.3042450E-01
6.043846E-03,7.4882690E-02,-1.1264801E-01
6.047123E-03,7.2868530E-02,-9.6626282E-02
6.050400E-03,7.4424927E-02,-7.8086853E-02
6.053677E-03,7.3021118E-02,-6.1759949E-02
6.056954E-03,7.4821655E-02,-4.4136047E-02
6.060230E-03,7.3173706E-02,-2.7885437E-02
6.063507E-03,7.4577515E-02,-9.1171265E-03
6.066784E-03,7.3387329E-02,6.9046021E-03
6.070061E-03,7.5309937E-02,2.5215149E-02
6.073338E-03,7.3936646E-02,4.1007996E-02
6.076614E-03,7.6011841E-02,6.0310364E-02
6.079891E-03,7.5218384E-02,7.6484680E-02
6.083168E-03,7.7018921E-02,9.5024109E-02
6.086445E-03,7.5309937E-02,1.1051178E-01
6.089722E-03,7.6561157E-02,1.3004303E-01
6.092998E-03,7.4638550E-02,1.4553070E-01
6.096275E-03,7.5889771E-02,1.6376495E-01
6.099552E-03,7.4608032E-02,1.7978668E-01
6.102829E-03,7.7202026E-02,1.9756317E-01
6.106106E-03,7.5645630E-02,2.1274567E-01
6.109382E-03,7.6805298E-02,2.3105621E-01
6.112659E-03,7.4608032E-02,2.4608612E-01
6.115936E-03,7.6652710E-02,2.6462555E-01
6.119213E-03,7.5432007E-02,2.7904510E-01
6.122490E-03,7.6896851E-02,2.9788971E-01
6.125766E-03,7.6011841E-02,3.1192780E-01
6.129043E-03,7.7781860E-02,3.3107758E-01
6.132320E-03,7.6835815E-02,3.4534454E-01
6.135597E-03,7.8209106E-02,3.6373138E-01
6.138874E-03,7.6378052E-02,3.7807465E-01
6.142150E-03,7.7812378E-02,3.9508820E-01
6.145427E-03,7.6439087E-02,4.0813446E-01
6.148704E-03,7.8361694E-02,4.2545319E-01
6.151981E-03,7.6652710E-02,4.3910980E-01
6.155258E-03,7.8056519E-02,4.5551300E-01
6.158534E-03,7.6683228E-02,4.6932220E-01
6.161811E-03,7.7934448E-02,4.8526764E-01
6.165088E-03,7.6225464E-02,4.9770355E-01
6.168365E-03,7.6988403E-02,5.1418304E-01
6.171642E-03,7.5950806E-02,5.2661896E-01
6.174918E-03,7.7751343E-02,5.4271698E-01
6.178195E-03,7.7079956E-02,5.5431366E-01
6.181472E-03,7.9033081E-02,5.6865692E-01
6.184749E-03,7.7934448E-02,5.8048248E-01
6.188026E-03,7.8941528E-02,5.9566498E-01
6.191302E-03,7.8178589E-02,6.0604095E-01
6.194579E-03,7.8911011E-02,6.2061310E-01
6.197856E-03,7.7995483E-02,6.3106537E-01
6.201133E-03,7.8972046E-02,6.4472198E-01
6.204410E-03,7.8331177E-02,6.5532684E-01
6.207686E-03,7.9429810E-02,6.6715240E-01
6.210963E-03,7.8117554E-02,6.7737579E-01
6.214240E-03,7.8697388E-02,6.8996429E-01
6.217517E-03,7.7903931E-02,6.9950104E-01
6.220794E-03,7.8514282E-02,7.1102142E-01
6.224070E-03,7.8148071E-02,7.1971893E-01
6.227347E-03,7.9155151E-02,7.3024750E-01
6.230624E-03,7.8636353E-02,7.3970795E-01
6.233901E-03,7.9368774E-02,7.5046539E-01
6.237178E-03,7.8697388E-02,7.5740814E-01
6.240454E-03,7.9551880E-02,7.6717377E-01
6.243731E-03,7.9582397E-02,7.7480316E-01
6.247008E-03,8.0833618E-02,7.8403473E-01
6.250285E-03,8.0803101E-02,7.9006195E-01
6.253562E-03,8.0894653E-02,7.9906464E-01
6.256838E-03,8.0040161E-02,8.0486298E-01
6.260115E-03,8.0497925E-02,8.1256866E-01
6.263392E-03,7.9734985E-02,8.1768036E-01
6.266669E-03,7.9551880E-02,8.2485199E-01
6.269946E-03,7.9612915E-02,8.2958221E-01
6.273222E-03,8.0619995E-02,8.3515167E-01
6.276499E-03,8.0864136E-02,8.3934784E-01
6.279776E-03,8.0619995E-02,8.4545135E-01
6.283053E-03,7.9857056E-02,8.4835052E-01
6.286330E-03,7.9643433E-02,8.5338593E-01
6.289606E-03,8.0070679E-02,8.5620880E-01
6.292883E-03,8.0497925E-02,8.5964203E-01
6.296160E-03,8.0528442E-02,8.6231232E-01
6.299437E-03,8.0894653E-02,8.6612701E-01
6.302714E-03,8.1047241E-02,8.6696625E-01
6.305990E-03,8.0528442E-02,8.6940765E-01
6.309267E-03,8.1077759E-02,8.7062836E-01
6.312544E-03,8.0681030E-02,8.7245941E-01
6.315821E-03,8.1321899E-02,8.7253571E-01
6.319098E-03,8.1443970E-02,8.7398529E-01
6.322374E-03,8.2084839E-02,8.7322235E-01
6.325651E-03,8.1291382E-02,8.7322235E-01
6.328928E-03,8.1230347E-02,8.7299347E-01
6.332205E-03,8.0101196E-02,8.7200165E-01
6.335482E-03,8.0497925E-02,8.6917877E-01
6.338758E-03,7.9551880E-02,8.6849213E-01
6.342035E-03,8.0467407E-02,8.6467743E-01
6.345312E-03,8.0070679E-02,8.6330414E-01
6.348589E-03,8.1199829E-02,8.6017609E-01
6.351866E-03,8.1169312E-02,8.5681915E-01
6.355142E-03,8.1871216E-02,8.5292816E-01
6.358419E-03,8.0864136E-02,8.4926605E-01
6.361696E-03,8.1688110E-02,8.4506989E-01
6.364973E-03,8.1077759E-02,8.4133148E-01
6.368250E-03,8.2634155E-02,8.3644867E-01
6.371526E-03,8.2145874E-02,8.3171844E-01
6.374803E-03,8.2145874E-02,8.2500458E-01
6.378080E-03,8.2084839E-02,8.1951141E-01
6.381357E-03,8.2237427E-02,8.1317902E-01
6.384634E-03,8.0742065E-02,8.0692291E-01
6.387910E-03,8.1291382E-02,8.0020905E-01
6.391187E-03,8.0711548E-02,7.9311371E-01
6.394464E-03,8.1962769E-02,7.8495026E-01
6.397741E-03,8.1077759E-02,7.7701569E-01
6.401018E-03,8.2206909E-02,7.6908112E-01
6.404294E-03,8.0925171E-02,7.6122284E-01
6.407571E-03,8.2115356E-02,7.5176239E-01
6.410848E-03,8.1260864E-02,7.4359894E-01
6.414125E-03,8.2603638E-02,7.3360443E-01
6.417402E-03,8.2145874E-02,7.2406769E-01
6.420678E-03,8.3336060E-02,7.1430206E-01
6.423955E-03,8.2054321E-02,7.0293427E-01
6.427232E-03,8.2603638E-02,6.9217682E-01
6.430509E-03,8.1688110E-02,6.8195343E-01
6.433786E-03,8.2176392E-02,6.7050934E-01
6.437062E-03,8.1321899E-02,6.5929413E-01
6.440339E-03,8.2359497E-02,6.4762115E-01
6.443616E-03,8.1230347E-02,6.3610077E-01
6.446893E-03,8.2298462E-02,6.2419891E-01
6.450170E-03,8.1169312E-02,6.1168671E-01
6.453446E-03,8.1993286E-02,5.9818268E-01
6.456723E-03,8.0650513E-02,5.8551788E-01
6.460000E-03,8.1718628E-02,5.7270050E-01
6.463277E-03,8.1108276E-02,5.5950165E-01
6.466554E-03,8.3000366E-02,5.4592133E-01
6.469830E-03,8.1718628E-02,5.3173065E-01
6.473107E-03,8.2573120E-02,5.1723480E-01
6.476384E-03,8.0711548E-02,5.0304413E-01
6.479661E-03,8.2328979E-02,4.8900604E-01
6.482938E-03,8.1138794E-02,4.7451019E-01
6.486214E-03,8.2206909E-02,4.5955658E-01
6.489491E-03,8.1627075E-02,4.4452667E-01
6.492768E-03,8.2695190E-02,4.2949677E-01
6.496045E-03,8.1321899E-02,4.1370392E-01
6.499322E-03,8.2298462E-02,3.9913177E-01
6.502598E-03,8.0467407E-02,3.8311005E-01
6.505875E-03,8.1077759E-02,3.6716461E-01
6.509152E-03,7.9796021E-02,3.5091400E-01
6.512429E-03,8.1474487E-02,3.3527374E-01
6.515706E-03,8.0406372E-02,3.1780243E-01
6.518982E-03,8.2084839E-02,3.0200958E-01
6.522259E-03,8.0681030E-02,2.8530121E-01
6.525536E-03,8.1688110E-02,2.6981354E-01
6.528813E-03,8.0253784E-02,2.5211334E-01
6.532090E-03,8.1627075E-02,2.3624420E-01
6.535366E-03,8.0314819E-02,2.1892548E-01
6.538643E-03,8.1596558E-02,2.0298004E-01
6.541920E-03,8.0314819E-02,1.8581390E-01
6.545197E-03,8.1474487E-02,1.6956329E-01
6.548474E-03,8.0131714E-02,1.5186310E-01
6.551750E-03,8.0528442E-02,1.3576508E-01
6.555027E-03,7.9002563E-02,1.1753082E-01
6.558304E-03,8.0711548E-02,1.0059357E-01
6.561581E-03,7.9277222E-02,8.2435608E-02
6.564858E-03,7.9948608E-02,6.5650940E-02
6.568134E-03,7.8544800E-02,4.6882629E-02
6.571411E-03,7.9857056E-02,3.1013489E-02
6.574688E-03,7.8148071E-02,1.2779236E-02
6.577965E-03,7.9429810E-02,-2.9373169E-03
6.581242E-03,7.8117554E-02,-2.1934509E-02
6.584518E-03,8.0040161E-02,-3.7651062E-02
6.587795E-03,7.9582397E-02,-5.6419373E-02
6.591072E-03,8.0925171E-02,-7.1296692E-02
6.594349E-03,7.9338257E-02,-8.9607239E-02
6.597626E-03,7.9307739E-02,-1.0570526E-01
6.600902E-03,7.7781860E-02,-1.2409210E-01
6.604179E-03,7.9307739E-02,-1.3904572E-01
6.607456E-03,7.8087036E-02,-1.5773773E-01
6.610733E-03,7.9277222E-02,-1.7185211E-01
6.614010E-03,7.7690308E-02,-1.9039154E-01
6.617286E-03,7.9094116E-02,-2.0633698E-01
6.620563E-03,7.7629272E-02,-2.2480011E-01
6.623840E-03,7.8178589E-02,-2.3952484E-01
6.627117E-03,7.6439087E-02,-2.5760651E-01
6.630394E-03,7.8331177E-02,-2.7263641E-01
6.633670E-03,7.7446167E-02,-2.9010773E-01
6.636947E-03,7.8849976E-02,-3.0429840E-01
6.640224E-03,7.7629272E-02,-3.2321930E-01
6.643501E-03,7.8575317E-02,-3.3611298E-01
6.646778E-03,7.7293579E-02,-3.5388947E-01
6.650054E-03,7.8575317E-02,-3.6869049E-01
6.653331E-03,7.7385132E-02,-3.8570404E-01
6.656608E-03,7.8788940E-02,-3.9821625E-01
6.659885E-03,7.7659790E-02,-4.1591644E-01
6.663162E-03,7.9185669E-02,-4.2789459E-01
6.666438E-03,7.7537720E-02,-4.4330597E-01
6.669715E-03,7.8270142E-02,-4.5612335E-01
6.672992E-03,7.6713745E-02,-4.7191620E-01
6.676269E-03,7.7690308E-02,-4.8458099E-01
6.679546E-03,7.7018921E-02,-5.0014496E-01
6.682822E-03,7.8361694E-02,-5.1242828E-01
6.686099E-03,7.8178589E-02,-5.2639008E-01
6.689376E-03,7.9429810E-02,-5.3760529E-01
6.692653E-03,7.8361694E-02,-5.5194855E-01
6.695930E-03,7.9185669E-02,-5.6362152E-01
6.699206E-03,7.7842896E-02,-5.7720184E-01
6.702483E-03,7.9124634E-02,-5.8734894E-01
6.705760E-03,7.8972046E-02,-6.0039520E-01
6.709037E-03,7.9185669E-02,-6.1038971E-01
6.712314E-03,7.8514282E-02,-6.2328339E-01
6.715590E-03,7.9185669E-02,-6.3297272E-01
6.718867E-03,7.8148071E-02,-6.4540863E-01
6.722144E-03,7.8392212E-02,-6.5494537E-01
6.725421E-03,7.7995483E-02,-6.6608429E-01
6.728698E-03,7.8575317E-02,-6.7493439E-01
6.731974E-03,7.8849976E-02,-6.8614960E-01
6.735251E-03,7.8331177E-02,-6.9316864E-01
6.738528E-03,7.8209106E-02,-7.0331573E-01
6.741805E-03,7.8270142E-02,-7.1170807E-01
6.745082E-03,7.8087036E-02,-7.1971893E-01
6.748358E-03,7.8819458E-02,-7.2719574E-01
6.751635E-03,7.9307739E-02,-7.3612213E-01
6.754912E-03,7.9704468E-02,-7.4253082E-01
6.758189E-03,8.0192749E-02,-7.5054169E-01
6.761466E-03,8.0162231E-02,-7.5725555E-01
6.764742E-03,7.9979126E-02,-7.6328278E-01
6.768019E-03,7.9124634E-02,-7.6801300E-01
6.771296E-03,7.9551880E-02,-7.7480316E-01
6.774573E-03,7.9429810E-02,-7.7869415E-01
6.777850E-03,7.9826538E-02,-7.8449249E-01
6.781126E-03,7.9979126E-02,-7.8784943E-01
6.784403E-03,7.9979126E-02,-7.9265594E-01
6.787680E-03,7.9246704E-02,-7.9570770E-01
6.790957E-03,7.9460327E-02,-8.0013275E-01
6.794234E-03,7.9612915E-02,-8.0219269E-01
6.797510E-03,7.9948608E-02,-8.0615997E-01
6.800787E-03,7.9033081E-02,-8.0844879E-01
6.804064E-03,8.0009644E-02,-8.1089020E-01
6.807341E-03,8.0131714E-02,-8.1157684E-01
6.810618E-03,8.0833618E-02,-8.1447601E-01
6.813894E-03,7.9826538E-02,-8.1401825E-01
6.817171E-03,7.9734985E-02,-8.1478119E-01
6.820448E-03,7.9765503E-02,-8.1516266E-01
6.823725E-03,8.0345337E-02,-8.1508636E-01
6.827002E-03,8.0131714E-02,-8.1455231E-01
6.830278E-03,8.0803101E-02,-8.1417084E-01
6.833555E-03,8.0558960E-02,-8.1249237E-01
6.836832E-03,8.1291382E-02,-8.1111908E-01
6.840109E-03,8.0192749E-02,-8.0867767E-01
6.843386E-03,8.0070679E-02,-8.0699921E-01
6.846662E-03,7.8972046E-02,-8.0440521E-01
6.849939E-03,8.0314819E-02,-8.0112457E-01
6.853216E-03,8.0284302E-02,-7.9814911E-01
6.856493E-03,8.1688110E-02,-7.9502106E-01
6.859770E-03,8.0803101E-02,-7.8975677E-01
6.863046E-03,8.1169312E-02,-7.8693390E-01
6.866323E-03,7.9826538E-02,-7.8250885E-01
6.869600E-03,8.1443970E-02,-7.7762604E-01
6.872877E-03,8.0619995E-02,-7.7167511E-01
6.876154E-03,8.1474487E-02,-7.6656342E-01
6.879430E-03,8.0772583E-02,-7.5954437E-01
6.882707E-03,8.1993286E-02,-7.5290680E-01
6.885984E-03,8.0497925E-02,-7.4672699E-01
6.889261E-03,8.1627075E-02,-7.3917389E-01
6.892538E-03,8.0101196E-02,-7.3154449E-01
6.895814E-03,8.1352417E-02,-7.2399139E-01
6.899091E-03,8.0406372E-02,-7.1506500E-01
6.902368E-03,8.1627075E-02,-7.0735931E-01
6.905645E-03,8.0223267E-02,-6.9782257E-01
6.908922E-03,8.1047241E-02,-6.8943024E-01
6.912198E-03,7.9979126E-02,-6.8035126E-01
6.915475E-03,8.1718628E-02,-6.7081451E-01
6.918752E-03,8.0528442E-02,-6.6097260E-01
6.922029E-03,8.1779663E-02,-6.5082550E-01
6.925306E-03,8.1138794E-02,-6.4067841E-01
6.928582E-03,8.2481567E-02,-6.2953949E-01
6.931859E-03,8.0711548E-02,-6.1817169E-01
6.935136E-03,8.1321899E-02,-6.0657501E-01
6.938413E-03,8.0040161E-02,-5.9528351E-01
6.941690E-03,8.0803101E-02,-5.8361053E-01
6.944966E-03,7.9857056E-02,-5.7201385E-01
6.948243E-03,8.1382935E-02,-5.5957794E-01
6.951520E-03,8.0406372E-02,-5.4729462E-01
6.954797E-03,8.1260864E-02,-5.3417206E-01
6.958074E-03,7.9734985E-02,-5.2150726E-01
6.961350E-03,8.0833618E-02,-5.0632477E-01
6.964627E-03,7.9307739E-02,-4.9434662E-01
6.967904E-03,8.1108276E-02,-4.7931671E-01
6.971181E-03,7.9857056E-02,-4.6566010E-01
6.974458E-03,8.1627075E-02,-4.5124054E-01
6.977734E-03,8.0101196E-02,-4.3712616E-01
6.981011E-03,8.1321899E-02,-4.2217255E-01
6.984288E-03,7.9948608E-02,-4.0798187E-01
6.987565E-03,8.0986206E-02,-3.9249420E-01
6.990842E-03,7.9521362E-02,-3.7792206E-01
6.994118E-03,8.0833618E-02,-3.6212921E-01
6.997395E-03,7.9460327E-02,-3.4809113E-01
7.000672E-03,8.0955688E-02,-3.3061981E-01
7.003949E-03,7.9551880E-02,-3.1589508E-01
7.007226E-03,8.0589478E-02,-2.9880524E-01
7.010502E-03,7.8575317E-02,-2.8278351E-01
7.013779E-03,7.9551880E-02,-2.6615143E-01
7.017056E-03,7.8178589E-02,-2.4990082E-01
7.020333E-03,8.0131714E-02,-2.3296356E-01
7.023610E-03,7.9673950E-02,-2.1701813E-01
7.026886E-03,8.1627075E-02,-1.9893646E-01
7.030163E-03,8.0528442E-02,-1.8299103E-01
7.033440E-03,8.1138794E-02,-1.6628265E-01
7.036717E-03,7.9460327E-02,-1.5018463E-01
7.039994E-03,8.0406372E-02,-1.3286591E-01
7.043270E-03,7.9307739E-02,-1.1699677E-01
7.046547E-03,8.0711548E-02,-9.8152161E-02
7.049824E-03,7.9399292E-02,-8.2740784E-02
7.053101E-03,8.0528442E-02,-6.3819885E-02
7.056378E-03,7.9277222E-02,-4.7798157E-02
7.059654E-03,7.9887573E-02,-2.9182434E-02
7.062931E-03,7.8300659E-02,-1.2855530E-02
7.066208E-03,7.9612915E-02,4.9972534E-03
7.069485E-03,7.8666870E-02,2.1018982E-02
7.072762E-03,8.0070679E-02,4.0245056E-02
7.076038E-03,7.8575317E-02,5.5885315E-02
7.079315E-03,7.9429810E-02,7.5263977E-02
7.082592E-03,7.8056519E-02,9.1285706E-02
7.085869E-03,7.9429810E-02,1.0974884E-01
7.089146E-03,7.8880493E-02,1.2531281E-01
7.092422E-03,8.1077759E-02,1.4492035E-01
7.095699E-03,7.9734985E-02,1.5972137E-01
7.098976E-03,8.0894653E-02,1.7879486E-01
7.102253E-03,7.9063599E-02,1.9382477E-01
7.105530E-03,7.9948608E-02,2.1183014E-01
7.108806E-03,7.7812378E-02,2.2670746E-01
7.112083E-03,7.9094116E-02,2.4570465E-01
7.115360E-03,7.8148071E-02,2.6081085E-01
7.118637E-03,7.9399292E-02,2.7881622E-01
7.121914E-03,7.7659790E-02,2.9308319E-01
7.125190E-03,7.9033081E-02,3.1147003E-01
7.128467E-03,7.6561157E-02,3.2596588E-01
7.131744E-03,7.7812378E-02,3.4442902E-01
7.135021E-03,7.6896851E-02,3.5861969E-01
7.138298E-03,7.7964966E-02,3.7723541E-01
7.141574E-03,7.7293579E-02,3.9028168E-01
7.144851E-03,7.8483765E-02,4.0767670E-01
7.148128E-03,7.6927368E-02,4.2079926E-01
7.151405E-03,7.8392212E-02,4.3872833E-01
7.154682E-03,7.7171509E-02,4.5124054E-01
7.157958E-03,7.8422729E-02,4.6833038E-01
7.161235E-03,7.7171509E-02,4.8114777E-01
7.164512E-03,7.7903931E-02,4.9739838E-01
7.167789E-03,7.6683228E-02,5.0960541E-01
7.171066E-03,7.7110474E-02,5.2570343E-01
7.174342E-03,7.5950806E-02,5.3752899E-01
7.177619E-03,7.7079956E-02,5.5400848E-01
7.180896E-03,7.5218384E-02,5.6591034E-01
7.184173E-03,7.5554077E-02,5.8032990E-01
7.187450E-03,7.4913208E-02,5.9246063E-01
7.190726E-03,7.6103394E-02,6.0634613E-01
7.194003E-03,7.5401489E-02,6.1832428E-01
7.197280E-03,7.6164429E-02,6.3152313E-01
7.200557E-03,7.5676147E-02,6.4151764E-01
7.203834E-03,7.5950806E-02,6.5448761E-01
7.207110E-03,7.4852173E-02,6.6562653E-01
7.210387E-03,7.5370972E-02,6.7798615E-01
7.213664E-03,7.4546997E-02,6.8775177E-01
7.216941E-03,7.5828735E-02,7.0049286E-01
7.220218E-03,7.5065796E-02,7.0957184E-01
7.223494E-03,7.5065796E-02,7.2017670E-01
7.226771E-03,7.3814575E-02,7.2910309E-01
7.230048E-03,7.3265259E-02,7.3963165E-01
7.233325E-03,7.2990601E-02,7.4733734E-01
7.236602E-03,7.3265259E-02,7.5809479E-01
7.239878E-03,7.3051636E-02,7.6625824E-01
7.243155E-03,7.3387329E-02,7.7495575E-01
7.246432E-03,7.2990601E-02,7.8151703E-01
7.249709E-03,7.2654907E-02,7.9105377E-01
7.252986E-03,7.2288696E-02,7.9746246E-01
7.256262E-03,7.2197144E-02,8.0554962E-01
7.259539E-03,7.2929565E-02,8.1134796E-01
7.262816E-03,7.3600952E-02,8.1806183E-01
7.266093E-03,7.4669067E-02,8.2302094E-01
7.269370E-03,7.3387329E-02,8.3034515E-01
7.272646E-03,7.2685425E-02,8.3469391E-01
7.275923E-03,7.2380249E-02,8.4018707E-01
7.279200E-03,7.2197144E-02,8.4400177E-01
7.282477E-03,7.1586792E-02,8.4888458E-01
7.285754E-03,7.2075073E-02,8.5239410E-01
7.289030E-03,7.1403687E-02,8.5597992E-01
7.292307E-03,7.1678345E-02,8.5857391E-01
7.295584E-03,7.0671265E-02,8.6330414E-01
7.298861E-03,7.0610229E-02,8.6521149E-01
7.302138E-03,6.9450562E-02,8.6795807E-01
7.305414E-03,7.0121948E-02,8.6887360E-01
7.308691E-03,7.0121948E-02,8.7154388E-01
7.311968E-03,7.1251099E-02,8.7146759E-01
7.315245E-03,7.0335571E-02,8.7360382E-01
7.318522E-03,7.0305054E-02,8.7284088E-01
7.321798E-03,6.9755737E-02,8.7444305E-01
7.325075E-03,7.0457642E-02,8.7268829E-01
7.328352E-03,6.9572632E-02,8.7245941E-01
7.331629E-03,7.0366089E-02,8.7146759E-01
7.334906E-03,6.9328491E-02,8.7039948E-01
7.338182E-03,6.9511597E-02,8.6803436E-01
7.341459E-03,6.8779175E-02,8.6734772E-01
7.344736E-03,6.9389526E-02,8.6421967E-01
7.348013E-03,6.7863647E-02,8.6116791E-01
7.351290E-03,6.7650024E-02,8.5788727E-01
7.354566E-03,6.7253296E-02,8.5536957E-01
7.357843E-03,6.8199341E-02,8.5063934E-01
7.361120E-03,6.7283813E-02,8.4735870E-01
7.364397E-03,6.8260376E-02,8.4148407E-01
7.367674E-03,6.7558472E-02,8.3713531E-01
7.370950E-03,6.8779175E-02,8.3194733E-01
7.374227E-03,6.7314331E-02,8.2653046E-01
7.377504E-03,6.7833130E-02,8.2027435E-01
7.380781E-03,6.6673462E-02,8.1417084E-01
7.384058E-03,6.8077271E-02,8.0768585E-01
7.387334E-03,6.7039673E-02,8.0097198E-01
7.390611E-03,6.8077271E-02,7.9380035E-01
7.393888E-03,6.6673462E-02,7.8670502E-01
7.397165E-03,6.7375366E-02,7.7930450E-01
7.400442E-03,6.5574829E-02,7.7121735E-01
7.403718E-03,6.6215698E-02,7.6175690E-01
7.406995E-03,6.5147583E-02,7.5328827E-01
7.410272E-03,6.6673462E-02,7.4428558E-01
7.413549E-03,6.5361206E-02,7.3390961E-01
7.416826E-03,6.6673462E-02,7.2483063E-01
7.420102E-03,6.5574829E-02,7.1537018E-01
7.423379E-03,6.6215698E-02,7.0590973E-01
7.426656E-03,6.5666382E-02,6.9568634E-01
7.429933E-03,6.7070190E-02,6.8454742E-01
7.433210E-03,6.6551392E-02,6.7378998E-01
7.436486E-03,6.8351929E-02,6.6318512E-01
7.439763E-03,6.6307251E-02,6.5021515E-01
7.443040E-03,6.7253296E-02,6.3846588E-01
7.446317E-03,6.5208618E-02,6.2633514E-01
7.449594E-03,6.5880005E-02,6.1481476E-01
7.452870E-03,6.4232056E-02,6.0161591E-01
7.456147E-03,6.5880005E-02,5.8879852E-01
7.459424E-03,6.4415161E-02,5.7590485E-01
7.462701E-03,6.4872925E-02,5.6346893E-01
7.465978E-03,6.2980835E-02,5.4904938E-01
7.469254E-03,6.3743774E-02,5.3569794E-01
7.472531E-03,6.2584106E-02,5.2143097E-01
7.475808E-03,6.4354126E-02,5.0685883E-01
7.479085E-03,6.3286011E-02,4.9221039E-01
7.482362E-03,6.4628784E-02,4.7870636E-01
7.485638E-03,6.2797729E-02,4.6298981E-01
7.488915E-03,6.4323608E-02,4.4826508E-01
7.492192E-03,6.1973755E-02,4.3239594E-01
7.495469E-03,6.3499634E-02,4.1728973E-01
7.498746E-03,6.2431519E-02,4.0073395E-01
7.502022E-03,6.4323608E-02,3.8600922E-01
7.505299E-03,6.2187378E-02,3.7014008E-01
7.508576E-03,6.2980835E-02,3.5457611E-01
7.511853E-03,6.1302368E-02,3.3779144E-01
7.515130E-03,6.2187378E-02,3.2238007E-01
7.518406E-03,6.0875122E-02,3.0437469E-01
7.521683E-03,6.1332886E-02,2.8964996E-01
7.524960E-03,5.9745972E-02,2.7149200E-01
7.528237E-03,6.1149780E-02,2.5661469E-01
7.531514E-03,5.9990112E-02,2.3830414E-01
7.534790E-03,6.1821167E-02,2.2342682E-01
7.538067E-03,6.0783569E-02,2.0595551E-01
7.541344E-03,6.2156860E-02,1.9054413E-01
7.544621E-03,6.0844604E-02,1.7169952E-01
7.547898E-03,6.1943237E-02,1.5651703E-01
7.551174E-03,5.9501831E-02,1.3874054E-01
7.554451E-03,6.0814087E-02,1.2226105E-01
7.557728E-03,5.9288208E-02,1.0341644E-01
7.561005E-03,6.0753052E-02,8.7547302E-02
7.564282E-03,5.9227173E-02,6.8550110E-02
7.567558E-03,6.0020630E-02,5.2375793E-02
7.570835E-03,5.8098022E-02,3.2920837E-02
7.574112E-03,5.8525269E-02,1.8043518E-02
7.577389E-03,5.7243530E-02,-1.1825562E-03
7.580666E-03,5.8830444E-02,-1.6212463E-02
7.583942E-03,5.7151978E-02,-3.6506653E-02
7.587219E-03,5.8464233E-02,-5.1155090E-02
7.590496E-03,5.6541626E-02,-7.0533752E-02
7.593773E-03,5.8128540E-02,-8.5792542E-02
7.597050E-03,5.6541626E-02,-1.0379791E-01
7.600326E-03,5.8830444E-02,-1.1943817E-01
7.603603E-03,5.7945435E-02,-1.3881683E-01
7.606880E-03,5.9745972E-02,-1.5293121E-01
7.610157E-03,5.7731812E-02,-1.7185211E-01
7.613434E-03,5.8036987E-02,-1.8650055E-01
7.616710E-03,5.6297485E-02,-2.0519257E-01
7.619987E-03,5.7457153E-02,-2.2045135E-01
7.623264E-03,5.6450073E-02,-2.3921967E-01
7.626541E-03,5.8220093E-02,-2.5348663E-01
7.629818E-03,5.6755249E-02,-2.7050018E-01
7.633094E-03,5.7640259E-02,-2.8476715E-01
7.636371E-03,5.6083862E-02,-3.0300140E-01
7.639648E-03,5.6572144E-02,-3.1703949E-01
7.642925E-03,5.5565063E-02,-3.3504486E-01
7.646202E-03,5.6755249E-02,-3.4938812E-01
7.649478E-03,5.6328003E-02,-3.6762238E-01
7.652755E-03,5.7518188E-02,-3.8074493E-01
7.656032E-03,5.6022827E-02,-3.9722443E-01
7.659309E-03,5.6907837E-02,-4.1141510E-01
7.662586E-03,5.5900757E-02,-4.2636871E-01
7.665862E-03,5.6633179E-02,-4.4055939E-01
7.669139E-03,5.5900757E-02,-4.5581818E-01
7.672416E-03,5.6663696E-02,-4.6833038E-01
7.675693E-03,5.5626099E-02,-4.8328400E-01
7.678970E-03,5.6297485E-02,-4.9579620E-01
7.682246E-03,5.4924194E-02,-5.1143646E-01
7.685523E-03,5.5229370E-02,-5.2318573E-01
7.688800E-03,5.3978149E-02,-5.3775787E-01
7.692077E-03,5.4557983E-02,-5.4935455E-01
7.695354E-03,5.4100220E-02,-5.6339264E-01
7.698630E-03,5.4588501E-02,-5.7460785E-01
7.701907E-03,5.3550903E-02,-5.8734894E-01
7.705184E-03,5.4680054E-02,-5.9726715E-01
7.708461E-03,5.4466431E-02,-6.0970306E-01
7.711738E-03,5.4405396E-02,-6.2000275E-01
7.715014E-03,5.3672974E-02,-6.3289642E-01
7.718291E-03,5.4252808E-02,-6.4235687E-01
7.721568E-03,5.4100220E-02,-6.5372467E-01
7.724845E-03,5.4374878E-02,-6.6249847E-01
7.728122E-03,5.3795044E-02,-6.7363739E-01
7.731398E-03,5.3978149E-02,-6.8218231E-01
7.734675E-03,5.3978149E-02,-6.9210052E-01
7.737952E-03,5.4069702E-02,-7.0003510E-01
7.741229E-03,5.3215210E-02,-7.1002960E-01
7.744506E-03,5.2391235E-02,-7.1804047E-01
7.747782E-03,5.3520386E-02,-7.2551727E-01
7.751059E-03,5.3795044E-02,-7.3299408E-01
7.754336E-03,5.3520386E-02,-7.4115753E-01
7.757613E-03,5.2482788E-02,-7.4779510E-01
7.760890E-03,5.2513306E-02,-7.5458527E-01
7.764166E-03,5.2116577E-02,-7.6045990E-01
7.767443E-03,5.2635376E-02,-7.6732635E-01
7.770720E-03,5.2818481E-02,-7.7236176E-01
7.773997E-03,5.3337280E-02,-7.7823639E-01
7.777274E-03,5.2971069E-02,-7.8227997E-01
7.780550E-03,5.2452271E-02,-7.8739166E-01
7.783827E-03,5.1475708E-02,-7.9090118E-01
7.787104E-03,5.1201050E-02,-7.9563141E-01
7.790381E-03,5.0377075E-02,-7.9853058E-01
7.793658E-03,5.1536743E-02,-8.0257416E-01
7.796934E-03,5.1353638E-02,-8.0425262E-01
7.800211E-03,5.1597778E-02,-8.0760956E-01
7.803488E-03,5.0255005E-02,-8.0966949E-01
7.806765E-03,5.0865356E-02,-8.1226349E-01
7.810042E-03,5.0102417E-02,-8.1256866E-01
7.813318E-03,5.0804321E-02,-8.1417084E-01
7.816595E-03,5.0346558E-02,-8.1432343E-01
7.819872E-03,5.1384155E-02,-8.1539154E-01
7.823149E-03,5.0865356E-02,-8.1455231E-01
7.826426E-03,5.1506226E-02,-8.1501007E-01
7.829702E-03,4.9949829E-02,-8.1333160E-01
7.832979E-03,5.0163452E-02,-8.1287384E-01
7.836256E-03,4.9705688E-02,-8.1050873E-01
7.839533E-03,5.0743286E-02,-8.0989838E-01
7.842810E-03,5.0102417E-02,-8.0692291E-01
7.846086E-03,5.0468628E-02,-8.0471039E-01
7.849363E-03,4.9614136E-02,-8.0173492E-01
7.852640E-03,5.0316040E-02,-7.9883575E-01
7.855917E-03,4.8790161E-02,-7.9387665E-01
7.859194E-03,4.9949829E-02,-7.9105377E-01
7.862470E-03,4.8301880E-02,-7.8632355E-01
7.865747E-03,4.9461548E-02,-7.8189850E-01
7.869024E-03,4.8851196E-02,-7.7716827E-01
7.872301E-03,5.0071899E-02,-7.7136993E-01
7.875578E-03,4.8790161E-02,-7.6564789E-01
7.878854E-03,4.9705688E-02,-7.5923920E-01
7.882131E-03,4.9064819E-02,-7.5389862E-01
7.885408E-03,5.0163452E-02,-7.4657440E-01
7.888685E-03,4.8759644E-02,-7.3955536E-01
7.891962E-03,4.9949829E-02,-7.3200226E-01
7.895238E-03,4.8698608E-02,-7.2383881E-01
7.898515E-03,4.9980347E-02,-7.1628571E-01
7.901792E-03,4.8423950E-02,-7.0796967E-01
7.905069E-03,4.9186890E-02,-6.9919586E-01
7.908346E-03,4.7783081E-02,-6.9057465E-01
7.911622E-03,4.8484985E-02,-6.8202972E-01
7.914899E-03,4.7599976E-02,-6.7272186E-01
7.918176E-03,4.8790161E-02,-6.6280365E-01
7.921453E-03,4.7020142E-02,-6.5273285E-01
7.924730E-03,4.8301880E-02,-6.4197540E-01
7.928006E-03,4.6959106E-02,-6.3121796E-01
7.931283E-03,4.7569458E-02,-6.2015533E-01
7.934560E-03,4.6348755E-02,-6.0947418E-01
7.937837E-03,4.7630493E-02,-5.9726715E-01
7.941114E-03,4.7203247E-02,-5.8605194E-01
7.944390E-03,4.8790161E-02,-5.7308197E-01
7.947667E-03,4.7355835E-02,-5.6171417E-01
7.950944E-03,4.7966187E-02,-5.4836273E-01
7.954221E-03,4.6287720E-02,-5.3607941E-01
7.957498E-03,4.7020142E-02,-5.2196503E-01
7.960774E-03,4.5799438E-02,-5.0945282E-01
7.964051E-03,4.7172729E-02,-4.9449921E-01
7.967328E-03,4.5799438E-02,-4.8175812E-01
7.970605E-03,4.7294800E-02,-4.6756744E-01
7.973882E-03,4.5219604E-02,-4.5467377E-01
7.977158E-03,4.5982544E-02,-4.3880463E-01
7.980435E-03,4.4578735E-02,-4.2560577E-01
7.983712E-03,4.5860474E-02,-4.1110992E-01
7.986989E-03,4.5189087E-02,-3.9646149E-01
7.990266E-03,4.6592896E-02,-3.7998199E-01
7.993542E-03,4.4944946E-02,-3.6563873E-01
7.996819E-03,4.6348755E-02,-3.4893036E-01
8.000096E-03,4.5067017E-02,-3.3351898E-01
8.003373E-03,4.6043579E-02,-3.1604767E-01
8.006650E-03,4.4487183E-02,-3.0178070E-01
8.009926E-03,4.5860474E-02,-2.8423309E-01
8.013203E-03,4.4792358E-02,-2.6897430E-01
8.016480E-03,4.5860474E-02,-2.5165558E-01
8.019757E-03,4.3724243E-02,-2.3593903E-01
8.023034E-03,4.4456665E-02,-2.1900177E-01
8.026310E-03,4.2595093E-02,-2.0366669E-01
8.029587E-03,4.3968384E-02,-1.8474579E-01
8.032864E-03,4.2564575E-02,-1.6994476E-01
8.036141E-03,4.4120972E-02,-1.5171051E-01
8.039418E-03,4.3235962E-02,-1.3591766E-01
8.042694E-03,4.5036499E-02,-1.1730194E-01
8.045971E-03,4.3815796E-02,-1.0265350E-01
8.049248E-03,4.5005981E-02,-8.4190369E-02
8.052525E-03,4.3266479E-02,-6.8168640E-02
8.055802E-03,4.4670288E-02,-4.9400330E-02
8.059078E-03,4.2900269E-02,-3.3226013E-02
8.062355E-03,4.4395630E-02,-1.3847351E-02
8.065632E-03,4.2564575E-02,6.4849854E-04
8.068909E-03,4.4029419E-02,2.0103455E-02
8.072186E-03,4.2534058E-02,3.5514832E-02
8.075462E-03,4.3724243E-02,5.4893494E-02
8.078739E-03,4.1862671E-02,7.0838928E-02
8.082016E-03,4.2747681E-02,9.0293884E-02
8.085293E-03,4.1496460E-02,1.0585785E-01
8.088570E-03,4.2991821E-02,1.2485504E-01
8.091846E-03,4.1130249E-02,1.3980865E-01
8.095123E-03,4.2564575E-02,1.5865326E-01
8.098400E-03,4.0214722E-02,1.7383575E-01
8.101677E-03,4.1954224E-02,1.9374847E-01
8.104954E-03,4.0184204E-02,2.0732880E-01
8.108230E-03,4.1679565E-02,2.2624969E-01
8.111507E-03,4.0794556E-02,2.4143219E-01
8.114784E-03,4.2076294E-02,2.6058197E-01
8.118061E-03,4.0397827E-02,2.7416229E-01
8.121338E-03,4.1160767E-02,2.9216766E-01
8.124614E-03,3.9207642E-02,3.0681610E-01
8.127891E-03,3.9512817E-02,3.2573700E-01
8.131168E-03,3.8841431E-02,3.4030914E-01
8.134445E-03,4.0153687E-02,3.5755157E-01
8.137722E-03,3.8963501E-02,3.7166595E-01
8.140998E-03,3.9146606E-02,3.8936615E-01
8.144275E-03,3.7834351E-02,4.0340424E-01
8.147552E-03,3.8658325E-02,4.2072296E-01
8.150829E-03,3.7437622E-02,4.3498993E-01
8.154106E-03,3.8444702E-02,4.5192719E-01
8.157382E-03,3.7773315E-02,4.6504974E-01
8.160659E-03,3.8627808E-02,4.8137665E-01
8.163936E-03,3.7437622E-02,4.9526215E-01
8.167213E-03,3.7712280E-02,5.1074982E-01
8.170490E-03,3.6857788E-02,5.2356720E-01
8.173766E-03,3.7315552E-02,5.3867340E-01
8.177043E-03,3.6674683E-02,5.5080414E-01
8.180320E-03,3.7559692E-02,5.6552887E-01
8.183597E-03,3.6613647E-02,5.7720184E-01
8.186874E-03,3.6216919E-02,5.9185028E-01
8.190150E-03,3.5392944E-02,6.0329437E-01
8.193427E-03,3.5606567E-02,6.1634064E-01
8.196704E-03,3.4599487E-02,6.2770844E-01
8.199981E-03,3.4477417E-02,6.4105988E-01
8.203258E-03,3.4111206E-02,6.5227509E-01
8.206534E-03,3.4538452E-02,6.6432953E-01
8.209811E-03,3.3989136E-02,6.7493439E-01
8.213088E-03,3.4141724E-02,6.8714142E-01
8.216365E-03,3.3867065E-02,6.9698334E-01
8.219642E-03,3.3409302E-02,7.0781708E-01
8.222918E-03,3.3317749E-02,7.1697235E-01
8.226195E-03,3.2951538E-02,7.2757721E-01
8.229472E-03,3.2982056E-02,7.3604584E-01
8.232749E-03,3.3012573E-02,7.4657440E-01
8.236026E-03,3.3195679E-02,7.5450897E-01
8.239302E-03,3.2737915E-02,7.6442719E-01
8.242579E-03,3.2615845E-02,7.7198029E-01
8.245856E-03,3.1974976E-02,7.8060150E-01
8.249133E-03,3.1639282E-02,7.8739166E-01
8.252410E-03,3.1639282E-02,7.9616547E-01
8.255686E-03,3.2097046E-02,8.0204010E-01
8.258963E-03,3.1303589E-02,8.0883026E-01
8.262240E-03,3.1120483E-02,8.1546783E-01
8.265517E-03,3.0571167E-02,8.2279205E-01
8.268794E-03,3.1303589E-02,8.2752228E-01
8.272070E-03,3.0082886E-02,8.3362579E-01
8.275347E-03,3.0357544E-02,8.3789825E-01
8.278624E-03,3.0906860E-02,8.4491730E-01
8.281901E-03,3.1425659E-02,8.4865570E-01
8.285178E-03,3.0265991E-02,8.5269928E-01
8.288454E-03,3.0174438E-02,8.5559845E-01
8.291731E-03,2.9106323E-02,8.6071014E-01
8.295008E-03,2.9045288E-02,8.6215973E-01
8.298285E-03,2.8251831E-02,8.6521149E-01
8.301562E-03,2.8465454E-02,8.6635590E-01
8.304838E-03,2.8221313E-02,8.6902618E-01
8.308115E-03,2.9075806E-02,8.7055206E-01
8.311392E-03,2.7885620E-02,8.7184906E-01
8.314669E-03,2.7671997E-02,8.7192535E-01
8.317946E-03,2.6848022E-02,8.7268829E-01
8.321222E-03,2.8221313E-02,8.7253571E-01
8.324499E-03,2.7610962E-02,8.7291718E-01
8.327776E-03,2.8312866E-02,8.7245941E-01
8.331053E-03,2.7580444E-02,8.7215424E-01
8.334330E-03,2.8221313E-02,8.7055206E-01
8.337606E-03,2.7122681E-02,8.6879730E-01
8.340883E-03,2.8404419E-02,8.6620331E-01
8.344160E-03,2.7305786E-02,8.6437225E-01
8.347437E-03,2.8373901E-02,8.6139679E-01
8.350714E-03,2.7092163E-02,8.5880280E-01
8.353990E-03,2.8129761E-02,8.5468292E-01
8.357267E-03,2.6756470E-02,8.5124969E-01
8.360544E-03,2.7427856E-02,8.4667206E-01
8.363821E-03,2.5688354E-02,8.4293365E-01
8.367098E-03,2.6542847E-02,8.3766937E-01
8.370374E-03,2.5352661E-02,8.3293915E-01
8.373651E-03,2.6939575E-02,8.2759857E-01
8.376928E-03,2.6207153E-02,8.2195282E-01
8.380205E-03,2.7519409E-02,8.1569672E-01
8.383482E-03,2.6390259E-02,8.0921173E-01
8.386758E-03,2.7977173E-02,8.0310822E-01
8.390035E-03,2.6451294E-02,7.9570770E-01
8.393312E-03,2.7488892E-02,7.8823090E-01
8.396589E-03,2.6237671E-02,7.8067780E-01
8.399866E-03,2.7977173E-02,7.7213287E-01
8.403142E-03,2.6664917E-02,7.6389313E-01
8.406419E-03,2.7641479E-02,7.5435638E-01
8.409696E-03,2.6664917E-02,7.4481964E-01
8.412973E-03,2.7275269E-02,7.3619843E-01
8.416250E-03,2.5688354E-02,7.2620392E-01
8.419526E-03,2.6664917E-02,7.1704865E-01
8.422803E-03,2.5444214E-02,7.0552826E-01
8.426080E-03,2.6756470E-02,6.9606781E-01
8.429357E-03,2.5932495E-02,6.8515778E-01
8.432634E-03,2.6939575E-02,6.7501068E-01
8.435910E-03,2.6024048E-02,6.6280365E-01
8.439187E-03,2.7153198E-02,6.5151215E-01
8.442464E-03,2.6970093E-02,6.3869476E-01
8.445741E-03,2.8495972E-02,6.2824249E-01
8.449018E-03,2.7763550E-02,6.1420441E-01
8.452294E-03,2.9472534E-02,6.0291290E-01
8.455571E-03,2.7824585E-02,5.8979034E-01
8.458848E-03,2.8557007E-02,5.7765961E-01
8.462125E-03,2.7214233E-02,5.6369781E-01
8.465402E-03,2.8343384E-02,5.5141449E-01
8.468678E-03,2.7610962E-02,5.3653717E-01
8.471955E-03,2.9350464E-02,5.2265167E-01
8.475232E-03,2.8160278E-02,5.0807953E-01
8.478509E-03,2.9411499E-02,4.9457550E-01
8.481786E-03,2.7610962E-02,4.7893524E-01
8.485062E-03,2.8587524E-02,4.6474457E-01
8.488339E-03,2.7336304E-02,4.4826508E-01
8.491616E-03,2.8648560E-02,4.3498993E-01
8.494893E-03,2.7641479E-02,4.1835785E-01
8.498170E-03,2.9136841E-02,4.0393829E-01
8.501446E-03,2.8282349E-02,3.8715363E-01
8.504723E-03,3.0113403E-02,3.7296295E-01
8.508000E-03,2.8099243E-02,3.5549164E-01
8.511277E-03,2.9472534E-02,3.4137726E-01
8.514554E-03,2.8557007E-02,3.2253265E-01
8.517830E-03,3.0204956E-02,3.0750275E-01
8.521107E-03,2.8831665E-02,2.9041290E-01
8.524384E-03,3.0388062E-02,2.7553558E-01
8.527661E-03,2.8831665E-02,2.5684357E-01
8.530938E-03,2.9747192E-02,2.4204254E-01
8.534214E-03,2.8373901E-02,2.2365570E-01
8.537491E-03,2.9136841E-02,2.0847321E-01
8.540768E-03,2.8038208E-02,1.9001007E-01
8.544045E-03,2.9899780E-02,1.7498016E-01
8.547322E-03,2.9319946E-02,1.5605927E-01
8.550598E-03,3.1669800E-02,1.4125824E-01
8.553875E-03,3.0235474E-02,1.2302399E-01
8.557152E-03,3.1791870E-02,1.0730743E-01
8.560429E-03,3.0265991E-02,8.7547302E-02
8.563706E-03,3.1517212E-02,7.2059631E-02
8.566982E-03,3.1151001E-02,5.2146912E-02
8.570259E-03,3.2524292E-02,3.6582947E-02
8.573536E-03,3.1425659E-02,1.7509460E-02
8.576813E-03,3.3043091E-02,2.0217896E-03
8.580090E-03,3.1334106E-02,-1.7433167E-02
8.583366E-03,3.2402222E-02,-3.1929016E-02
8.586643E-03,3.0937378E-02,-5.1612854E-02
8.589920E-03,3.2127563E-02,-6.7253113E-02
8.593197E-03,3.0937378E-02,-8.5487366E-02
8.596474E-03,3.2310669E-02,-1.0097504E-01
8.599750E-03,3.1212036E-02,-1.1981964E-01
8.603027E-03,3.2310669E-02,-1.3500214E-01
8.606304E-03,3.1273071E-02,-1.5323639E-01
8.609581E-03,3.2859985E-02,-1.6849518E-01
8.612858E-03,3.2097046E-02,-1.8718719E-01
8.616134E-03,3.4233276E-02,-2.0198822E-01
8.619411E-03,3.4080688E-02,-2.2060394E-01
8.622688E-03,3.5331909E-02,-2.3548126E-01
8.625965E-03,3.3836548E-02,-2.5371552E-01
8.629242E-03,3.4507935E-02,-2.6874542E-01
8.632518E-03,3.3622925E-02,-2.8537750E-01
8.635795E-03,3.4111206E-02,-2.9926300E-01
8.639072E-03,3.3531372E-02,-3.1749725E-01
8.642349E-03,3.4996216E-02,-3.3290863E-01
8.645626E-03,3.4568970E-02,-3.4893036E-01
8.648902E-03,3.4996216E-02,-3.6289215E-01
8.652179E-03,3.4019653E-02,-3.8013458E-01
8.655456E-03,3.4568970E-02,-3.9394379E-01
8.658733E-03,3.4263794E-02,-4.1034698E-01
8.662010E-03,3.5270874E-02,-4.2331696E-01
8.665286E-03,3.5179321E-02,-4.3964386E-01
8.668563E-03,3.6064331E-02,-4.5284271E-01
8.671840E-03,3.5423462E-02,-4.6810150E-01
8.675117E-03,3.6277954E-02,-4.8046112E-01
8.678394E-03,3.5850708E-02,-4.9457550E-01
8.681670E-03,3.5911743E-02,-5.0830841E-01
8.684947E-03,3.5759155E-02,-5.2249908E-01
8.688224E-03,3.6308472E-02,-5.3485870E-01
8.691501E-03,3.5942261E-02,-5.4843903E-01
8.694778E-03,3.5972778E-02,-5.6110382E-01
8.698054E-03,3.5606567E-02,-5.7353973E-01
8.701331E-03,3.5331909E-02,-5.8490753E-01
8.704608E-03,3.5026733E-02,-5.9764862E-01
8.707885E-03,3.5087769E-02,-6.0779572E-01
8.711162E-03,3.5209839E-02,-6.2030792E-01
8.714438E-03,3.5331909E-02,-6.3030243E-01
8.717715E-03,3.6338989E-02,-6.4243317E-01
8.720992E-03,3.6613647E-02,-6.5189362E-01
8.724269E-03,3.7040894E-02,-6.6188812E-01
8.727546E-03,3.6705200E-02,-6.7165375E-01
8.730822E-03,3.6705200E-02,-6.8264008E-01
8.734099E-03,3.6827271E-02,-6.9057465E-01
8.737376E-03,3.7193481E-02,-7.0056915E-01
8.740653E-03,3.7376587E-02,-7.0827484E-01
8.743930E-03,3.7529175E-02,-7.1697235E-01
8.747206E-03,3.6461060E-02,-7.2444916E-01
8.750483E-03,3.6644165E-02,-7.3299408E-01
8.753760E-03,3.6003296E-02,-7.4001312E-01
8.757037E-03,3.5911743E-02,-7.4718475E-01
8.760314E-03,3.5423462E-02,-7.5374603E-01
8.763590E-03,3.6552612E-02,-7.5984955E-01
8.766867E-03,3.5972778E-02,-7.6602936E-01
8.770144E-03,3.6094849E-02,-7.7198029E-01
8.773421E-03,3.5301392E-02,-7.7640533E-01
8.776698E-03,3.6186401E-02,-7.8227997E-01
8.779974E-03,3.6003296E-02,-7.8655243E-01
8.783251E-03,3.6613647E-02,-7.9158783E-01
8.786528E-03,3.6583130E-02,-7.9463959E-01
8.789805E-03,3.7407104E-02,-7.9936981E-01
8.793082E-03,3.6247437E-02,-8.0165863E-01
8.796358E-03,3.6491577E-02,-8.0455780E-01
8.799635E-03,3.4996216E-02,-8.0646515E-01
8.802912E-03,3.5362427E-02,-8.0944061E-01
8.806189E-03,3.5026733E-02,-8.1157684E-01
8.809466E-03,3.5942261E-02,-8.1333160E-01
8.812742E-03,3.5087769E-02,-8.1348419E-01
8.816019E-03,3.5759155E-02,-8.1455231E-01
8.819296E-03,3.4691040E-02,-8.1424713E-01
8.822573E-03,3.6003296E-02,-8.1523895E-01
8.825850E-03,3.4691040E-02,-8.1516266E-01
8.829126E-03,3.5667603E-02,-8.1562042E-01
8.832403E-03,3.4568970E-02,-8.1378937E-01
8.835680E-03,3.6186401E-02,-8.1256866E-01
8.838957E-03,3.5118286E-02,-8.1027985E-01
8.842234E-03,3.6674683E-02,-8.0799103E-01
8.845510E-03,3.4874146E-02,-8.0554962E-01
8.848787E-03,3.5881226E-02,-8.0333710E-01
8.852064E-03,3.4843628E-02,-7.9982758E-01
8.855341E-03,3.5911743E-02,-7.9624176E-01
8.858618E-03,3.4996216E-02,-7.9227448E-01
8.861894E-03,3.5850708E-02,-7.8777313E-01
8.865171E-03,3.4843628E-02,-7.8418732E-01
8.868448E-03,3.5759155E-02,-7.7930450E-01
8.871725E-03,3.3653442E-02,-7.7350616E-01
8.875002E-03,3.4843628E-02,-7.6725006E-01
8.878278E-03,3.3195679E-02,-7.6160431E-01
8.881555E-03,3.4874146E-02,-7.5466156E-01
8.884832E-03,3.4660522E-02,-7.4832916E-01
8.888109E-03,3.6003296E-02,-7.4085236E-01
8.891386E-03,3.4477417E-02,-7.3345184E-01
8.894662E-03,3.5606567E-02,-7.2566986E-01
8.897939E-03,3.4141724E-02,-7.1804047E-01
8.901216E-03,3.4904663E-02,-7.1025848E-01
8.904493E-03,3.3439819E-02,-7.0148468E-01
8.907770E-03,3.4568970E-02,-6.9271088E-01
8.911046E-03,3.3775513E-02,-6.8370819E-01
8.914323E-03,3.4782593E-02,-6.7371368E-01
8.917600E-03,3.3043091E-02,-6.6486359E-01
8.920877E-03,3.3409302E-02,-6.5456390E-01
8.924154E-03,3.1608765E-02,-6.4403534E-01
8.927430E-03,3.3348267E-02,-6.3266754E-01
8.930707E-03,3.1852905E-02,-6.2267303E-01
8.933984E-03,3.3226196E-02,-6.1107635E-01
8.937261E-03,3.1547729E-02,-5.9970856E-01
8.940538E-03,3.2737915E-02,-5.8757782E-01
8.943814E-03,3.1059448E-02,-5.7666779E-01
8.947091E-03,3.2707397E-02,-5.6354523E-01
8.950368E-03,3.1700317E-02,-5.5156708E-01
8.953645E-03,3.3226196E-02,-5.3745270E-01
8.956922E-03,3.2493774E-02,-5.2463531E-01
8.960198E-03,3.4233276E-02,-5.1120758E-01
8.963475E-03,3.2005493E-02,-4.9861908E-01
8.966752E-03,3.2707397E-02,-4.8351288E-01
8.970029E-03,3.1151001E-02,-4.7016144E-01
8.973306E-03,3.2188599E-02,-4.5505524E-01
8.976582E-03,3.0723755E-02,-4.4239044E-01
8.979859E-03,3.2158081E-02,-4.2636871E-01
8.983136E-03,3.0632202E-02,-4.1263580E-01
8.986413E-03,3.2066528E-02,-3.9638519E-01
8.989690E-03,3.0235474E-02,-3.8303375E-01
8.992966E-03,3.1212036E-02,-3.6548615E-01
8.996243E-03,2.9625122E-02,-3.5190582E-01
8.999520E-03,3.1028931E-02,-3.3481598E-01
9.002797E-03,2.9991333E-02,-3.1963348E-01
9.006074E-03,3.1791870E-02,-3.0162811E-01
9.009350E-03,3.0327026E-02,-2.8751373E-01
9.012627E-03,3.1456177E-02,-2.7004242E-01
9.015904E-03,3.0174438E-02,-2.5508881E-01
9.019181E-03,3.1334106E-02,-2.3731232E-01
9.022458E-03,2.9930298E-02,-2.2281647E-01
9.025734E-03,3.0998413E-02,-2.0412445E-01
9.029011E-03,2.9838745E-02,-1.8917084E-01
9.032288E-03,3.1120483E-02,-1.6971588E-01
9.035565E-03,2.9289429E-02,-1.5460968E-01
9.038842E-03,3.0449097E-02,-1.3660431E-01
9.042118E-03,2.8343384E-02,-1.2165070E-01
9.045395E-03,2.8984253E-02,-1.0288239E-01
9.048672E-03,2.7580444E-02,-8.6784363E-02
9.051949E-03,2.9350464E-02,-6.7634583E-02
9.055226E-03,2.8099243E-02,-5.3215027E-02
9.058502E-03,2.9991333E-02,-3.4370422E-02
9.061779E-03,2.8495972E-02,-1.8653870E-02
9.065056E-03,2.9686157E-02,-3.8146973E-05
9.068333E-03,2.7336304E-02,1.5144348E-02
9.071610E-03,2.9289429E-02,3.4980774E-02
9.074886E-03,2.7916138E-02,4.9934387E-02
9.078163E-03,2.9167358E-02,6.9389343E-02
9.081440E-03,2.7855103E-02,8.4953308E-02
9.084717E-03,2.8557007E-02,1.0387421E-01
9.087994E-03,2.7305786E-02,1.2004852E-01
9.091270E-03,2.7946655E-02,1.3813019E-01
9.094547E-03,2.6573364E-02,1.5361786E-01
9.097824E-03,2.7336304E-02,1.7330170E-01
9.101101E-03,2.6451294E-02,1.8733978E-01
9.104378E-03,2.7824585E-02,2.0610809E-01
9.107654E-03,2.6024048E-02,2.2159576E-01
9.110931E-03,2.6390259E-02,2.3891449E-01
9.114208E-03,2.5535767E-02,2.5409698E-01
9.117485E-03,2.6512329E-02,2.7210236E-01
9.120762E-03,2.5840942E-02,2.8743744E-01
9.124038E-03,2.7275269E-02,3.0529022E-01
9.127315E-03,2.6878540E-02,3.2047272E-01
9.130592E-03,2.7366821E-02,3.3794403E-01
9.133869E-03,2.6451294E-02,3.5282135E-01
9.137146E-03,2.6848022E-02,3.7036896E-01
9.140422E-03,2.5200073E-02,3.8509369E-01
9.143699E-03,2.5413696E-02,4.0271759E-01
9.146976E-03,2.5322144E-02,4.1690826E-01
9.150253E-03,2.5688354E-02,4.3277740E-01
9.153530E-03,2.5535767E-02,4.4765472E-01
9.156806E-03,2.5444214E-02,4.6367645E-01
9.160083E-03,2.4254028E-02,4.7740936E-01
9.163360E-03,2.4376099E-02,4.9312592E-01
9.166637E-03,2.4284546E-02,5.0640106E-01
9.169914E-03,2.4589722E-02,5.2188873E-01
9.173190E-03,2.4498169E-02,5.3485870E-01
9.176467E-03,2.4925415E-02,5.4935455E-01
9.179744E-03,2.4864380E-02,5.6209564E-01
9.183021E-03,2.4894897E-02,5.7697296E-01
9.186298E-03,2.4467651E-02,5.8864594E-01
9.189574E-03,2.4284546E-02,6.0245514E-01
9.192851E-03,2.4040405E-02,6.1412811E-01
9.196128E-03,2.3979370E-02,6.2702179E-01
9.199405E-03,2.3948853E-02,6.3808441E-01
9.202682E-03,2.3643677E-02,6.5174103E-01
9.205958E-03,2.3277466E-02,6.6287994E-01
9.209235E-03,2.2941772E-02,6.7455292E-01
9.212512E-03,2.2178833E-02,6.8447113E-01
9.215789E-03,2.2056763E-02,6.9591522E-01
9.219066E-03,2.1843140E-02,7.0484161E-01
9.222342E-03,2.2087280E-02,7.1598053E-01
9.225619E-03,2.2789185E-02,7.2475433E-01
9.228896E-03,2.2148315E-02,7.3574066E-01
9.232173E-03,2.2361938E-02,7.4405670E-01
9.235450E-03,2.1843140E-02,7.5443268E-01
9.238726E-03,2.2148315E-02,7.6221466E-01
9.242003E-03,2.1751587E-02,7.7083588E-01
9.245280E-03,2.2606079E-02,7.7785492E-01
9.248557E-03,2.2270386E-02,7.8708649E-01
9.251834E-03,2.2972290E-02,7.9357147E-01
9.255110E-03,2.1965210E-02,8.0188751E-01
9.258387E-03,2.1782104E-02,8.0722809E-01
9.261664E-03,2.0439331E-02,8.1401825E-01
9.264941E-03,2.0591919E-02,8.1951141E-01
9.268218E-03,2.0408813E-02,8.2614899E-01
9.271494E-03,2.1293823E-02,8.3255768E-01
9.274771E-03,2.0469849E-02,8.3789825E-01
9.278048E-03,2.1171753E-02,8.4178925E-01
9.281325E-03,1.9493286E-02,8.4659576E-01
9.284602E-03,1.9951050E-02,8.5010529E-01
9.287878E-03,1.9432251E-02,8.5483551E-01
9.291155E-03,2.0317261E-02,8.5826874E-01
9.294432E-03,2.0164673E-02,8.6177826E-01
9.297709E-03,2.1568481E-02,8.6437225E-01
9.300986E-03,2.0378296E-02,8.6795807E-01
9.304262E-03,2.0195190E-02,8.6879730E-01
9.307539E-03,1.8974487E-02,8.7131500E-01
9.310816E-03,1.9767944E-02,8.7146759E-01
9.314093E-03,1.8516724E-02,8.7368011E-01
9.317370E-03,1.9188110E-02,8.7444305E-01
9.320646E-03,1.8089478E-02,8.7398529E-01
9.323923E-03,1.9462769E-02,8.7306976E-01
9.327200E-03,1.7997925E-02,8.7337494E-01
9.330477E-03,1.8516724E-02,8.7169647E-01
9.333754E-03,1.7662231E-02,8.7055206E-01
9.337030E-03,1.8913452E-02,8.6933136E-01
9.340307E-03,1.7753784E-02,8.6757660E-01
9.343584E-03,1.9462769E-02,8.6490631E-01
9.346861E-03,1.8150513E-02,8.6383820E-01
9.350138E-03,1.9462769E-02,8.6002350E-01
9.353414E-03,1.7906372E-02,8.5689545E-01
9.356691E-03,1.9218628E-02,8.5308075E-01
9.359968E-03,1.8119995E-02,8.4941864E-01
9.363245E-03,1.9310181E-02,8.4476471E-01
9.366522E-03,1.7997925E-02,8.3919525E-01
9.369798E-03,1.9401733E-02,8.3431244E-01
9.373075E-03,1.7692749E-02,8.2912445E-01
9.376352E-03,1.8760864E-02,8.2363129E-01
9.379629E-03,1.6990845E-02,8.1729889E-01
9.382906E-03,1.7875854E-02,8.1150055E-01
9.386182E-03,1.6716187E-02,8.0478668E-01
9.389459E-03,1.8272583E-02,7.9807281E-01
9.392736E-03,1.7357056E-02,7.9036713E-01
9.396013E-03,1.8913452E-02,7.8342438E-01
9.399290E-03,1.7692749E-02,7.7373505E-01
9.402566E-03,1.8730347E-02,7.6641083E-01
9.405843E-03,1.7387573E-02,7.5733185E-01
9.409120E-03,1.8089478E-02,7.4825287E-01
9.412397E-03,1.7021362E-02,7.3818207E-01
9.415674E-03,1.8577759E-02,7.2971344E-01
9.418950E-03,1.7357056E-02,7.1910858E-01
9.422227E-03,1.7784302E-02,7.0934296E-01
9.425504E-03,1.6380493E-02,6.9843292E-01
9.428781E-03,1.7509644E-02,6.8866730E-01
9.432058E-03,1.5922729E-02,6.7752838E-01
9.435334E-03,1.6655151E-02,6.6608429E-01
9.438611E-03,1.5373413E-02,6.5425873E-01
9.441888E-03,1.6349976E-02,6.4273834E-01
9.445165E-03,1.5037720E-02,6.2999725E-01
9.448442E-03,1.5953247E-02,6.1855316E-01
9.451718E-03,1.4030640E-02,6.0543060E-01
9.454995E-03,1.5220825E-02,5.9345245E-01
9.458272E-03,1.3786499E-02,5.7888031E-01
9.461549E-03,1.5007202E-02,5.6720734E-01
9.464826E-03,1.4763062E-02,5.5316925E-01
9.468102E-03,1.6166870E-02,5.3981781E-01
9.471379E-03,1.4152710E-02,5.2486420E-01
9.474656E-03,1.5068237E-02,5.1158905E-01
9.477933E-03,1.3603394E-02,4.9579620E-01
9.481210E-03,1.4763062E-02,4.8343658E-01
9.484486E-03,1.3267700E-02,4.6680450E-01
9.487763E-03,1.5342896E-02,4.5352936E-01
9.491040E-03,1.3908569E-02,4.3628693E-01
9.494317E-03,1.4946167E-02,4.2308807E-01
9.497594E-03,1.3115112E-02,4.0645599E-01
9.500870E-03,1.4702026E-02,3.9325714E-01
9.504147E-03,1.3237183E-02,3.7570953E-01
9.507424E-03,1.5098755E-02,3.6144257E-01
9.510701E-03,1.4457886E-02,3.4336090E-01
9.513978E-03,1.6380493E-02,3.2825470E-01
9.517254E-03,1.5098755E-02,3.1085968E-01
9.520531E-03,1.5953247E-02,2.9636383E-01
9.523808E-03,1.4244263E-02,2.7805328E-01
9.527085E-03,1.5526001E-02,2.6340485E-01
9.530362E-03,1.4122192E-02,2.4463654E-01
9.533638E-03,1.5739624E-02,2.2983551E-01
9.536915E-03,1.3694946E-02,2.1114349E-01
9.540192E-03,1.5159790E-02,1.9634247E-01
9.543469E-03,1.3450806E-02,1.7734528E-01
9.546746E-03,1.4610474E-02,1.6208649E-01
9.550022E-03,1.2748901E-02,1.4369965E-01
9.553299E-03,1.3817017E-02,1.2798309E-01
9.556576E-03,1.2535278E-02,1.0875702E-01
9.559853E-03,1.4122192E-02,9.3727112E-02
9.563130E-03,1.2657349E-02,7.3966980E-02
9.566406E-03,1.4366333E-02,5.8860779E-02
9.569683E-03,1.3115112E-02,3.8795471E-02
9.572960E-03,1.4610474E-02,2.4070740E-02
9.576237E-03,1.3481323E-02,5.8364868E-03
9.579514E-03,1.4061157E-02,-1.0032654E-02
9.582790E-03,1.2993042E-02,-2.9182434E-02
9.586067E-03,1.4702026E-02,-4.4670105E-02
9.589344E-03,1.3908569E-02,-6.2904358E-02
9.592621E-03,1.4518921E-02,-7.8315735E-02
9.595898E-03,1.2932007E-02,-9.7007751E-02
9.599174E-03,1.3542358E-02,-1.1280060E-01
9.602451E-03,1.2474243E-02,-1.3164520E-01
9.605728E-03,1.3084595E-02,-1.4705658E-01
9.609005E-03,1.2382690E-02,-1.6567230E-01
9.612282E-03,1.2870972E-02,-1.8062592E-01
9.615558E-03,1.2748901E-02,-1.9870758E-01
9.618835E-03,1.3084595E-02,-2.1488190E-01
9.622112E-03,1.1680786E-02,-2.3334503E-01
9.625389E-03,1.2413208E-02,-2.4868011E-01
9.628666E-03,1.2016479E-02,-2.6607513E-01
9.631942E-03,1.3054077E-02,-2.8057098E-01
9.635219E-03,1.3115112E-02,-2.9766083E-01
9.638496E-03,1.3878052E-02,-3.1215668E-01
9.641773E-03,1.2565796E-02,-3.2955170E-01
9.645050E-03,1.2413208E-02,-3.4435272E-01
9.648326E-03,1.1467163E-02,-3.6090851E-01
9.651603E-03,1.1436646E-02,-3.7548065E-01
9.654880E-03,1.1680786E-02,-3.9173126E-01
9.658157E-03,1.2108032E-02,-4.0569305E-01
9.661434E-03,1.1741821E-02,-4.2102814E-01
9.664710E-03,1.1680786E-02,-4.3590546E-01
9.667987E-03,1.0917847E-02,-4.5047760E-01
9.671264E-03,1.0399048E-02,-4.6367645E-01
9.674541E-03,9.8802490E-03,-4.7969818E-01
9.677818E-03,1.0307495E-02,-4.9190521E-01
9.681094E-03,1.0124390E-02,-5.0647736E-01
9.684371E-03,1.0765259E-02,-5.1952362E-01
9.687648E-03,1.0460083E-02,-5.3256989E-01
9.690925E-03,9.8802490E-03,-5.4508209E-01
9.694202E-03,9.8497314E-03,-5.5866241E-01
9.697478E-03,9.9718018E-03,-5.7003021E-01
9.700755E-03,1.0276978E-02,-5.8277130E-01
9.704032E-03,9.8802490E-03,-5.9345245E-01
9.707309E-03,1.0063354E-02,-6.0588837E-01
9.710586E-03,9.3919678E-03,-6.1687469E-01
9.713862E-03,9.3309326E-03,-6.2793732E-01
9.717139E-03,8.2017822E-03,-6.3884735E-01
9.720416E-03,8.6595459E-03,-6.4990997E-01
9.723693E-03,7.4388428E-03,-6.5952301E-01
9.726970E-03,8.1407471E-03,-6.7043304E-01
9.730246E-03,8.1712646E-03,-6.7852020E-01
9.733523E-03,8.8731689E-03,-6.8828583E-01
9.736800E-03,8.7816162E-03,-6.9721222E-01
9.740077E-03,9.3004150E-03,-7.0629120E-01
9.743354E-03,8.7205811E-03,-7.1414948E-01
9.746630E-03,8.9647217E-03,-7.2254181E-01
9.749907E-03,8.4154053E-03,-7.3032379E-01
9.753184E-03,9.0257568E-03,-7.3917389E-01
9.756461E-03,8.2322998E-03,-7.4527740E-01
9.759738E-03,8.5069580E-03,-7.5260162E-01
9.763014E-03,7.5914307E-03,-7.5778961E-01
9.766291E-03,7.9576416E-03,-7.6465607E-01
9.769568E-03,6.3096924E-03,-7.7060699E-01
9.772845E-03,6.5233154E-03,-7.7564240E-01
9.776122E-03,5.1805420E-03,-7.8067780E-01
9.779398E-03,6.2181396E-03,-7.8601837E-01
9.782675E-03,5.7603760E-03,-7.8960419E-01
9.785952E-03,5.9434814E-03,-7.9418182E-01
9.789229E-03,4.7838135E-03,-7.9639435E-01
9.792506E-03,5.3941650E-03,-8.0036163E-01
9.795782E-03,4.9669189E-03,-8.0371857E-01
9.799059E-03,5.3636475E-03,-8.0684662E-01
9.802336E-03,4.5396729E-03,-8.0928802E-01
9.805613E-03,5.8824463E-03,-8.1043243E-01
9.808890E-03,4.4481201E-03,-8.1142426E-01
9.812166E-03,5.0279541E-03,-8.1325531E-01
9.815443E-03,3.2274170E-03,-8.1348419E-01
9.818720E-03,3.2884521E-03,-8.1417084E-01
9.821997E-03,1.9456787E-03,-8.1394196E-01
9.825274E-03,3.5325928E-03,-8.1371307E-01
9.828550E-03,2.7086182E-03,-8.1333160E-01
9.831827E-03,3.3800049E-03,-8.1218719E-01
9.835104E-03,1.6710205E-03,-8.1050873E-01
9.838381E-03,2.2203369E-03,-8.0936432E-01
9.841658E-03,1.0911865E-03,-8.0776215E-01
9.844934E-03,1.9456787E-03,-8.0493927E-01
9.848211E-03,1.3963623E-03,-8.0181122E-01
9.851488E-03,2.7391357E-03,-7.9853058E-01
9.854765E-03,2.0677490E-03,-7.9532623E-01
9.858042E-03,2.4034424E-03,-7.9151154E-01
9.861318E-03,7.8601074E-04,-7.8746796E-01
9.864595E-03,1.5184326E-03,-7.8258514E-01
9.867872E-03,3.8928223E-04,-7.7816010E-01
9.871149E-03,1.5794678E-03,-7.7266693E-01
9.874426E-03,4.5031738E-04,-7.6770782E-01
9.877702E-03,9.9963379E-04,-7.6175690E-01
9.880979E-03,-4.9572754E-04,-7.5542450E-01
9.884256E-03,1.7565918E-04,-7.4863434E-01
9.887533E-03,-1.5333252E-03,-7.4260712E-01
9.890810E-03,-9.2297363E-04,-7.3444366E-01
9.894086E-03,-2.7235107E-03,-7.2689056E-01
9.897363E-03,-1.2586670E-03,-7.1918488E-01
9.900640E-03,-2.4793701E-03,-7.1208954E-01
9.903917E-03,-8.9245605E-04,-7.0323944E-01
9.907194E-03,-2.4183350E-03,-6.9469452E-01
9.910470E-03,-6.1779785E-04,-6.8462372E-01
9.913747E-03,-2.2352295E-03,-6.7508698E-01
9.917024E-03,-1.2281494E-03,-6.6509247E-01
9.920301E-03,-2.4793701E-03,-6.5464020E-01
9.923578E-03,-1.0755615E-03,-6.4426422E-01
9.926854E-03,-2.1436768E-03,-6.3495636E-01
9.930131E-03,-1.0755615E-03,-6.2305450E-01
9.933408E-03,-2.9676514E-03,-6.1321259E-01
9.936685E-03,-2.4183350E-03,-6.0092926E-01
9.939962E-03,-4.0968018E-03,-5.9055328E-01
9.943238E-03,-2.9676514E-03,-5.7674408E-01
9.946515E-03,-4.5850830E-03,-5.6591034E-01
9.949792E-03,-3.2117920E-03,-5.5255890E-01
9.953069E-03,-5.0733643E-03,-5.4096222E-01
9.956346E-03,-3.8831787E-03,-5.2692413E-01
9.959622E-03,-5.8668213E-03,-5.1509857E-01
9.962899E-03,-4.8292236E-03,-4.9991608E-01
9.966176E-03,-6.1719971E-03,-4.8770905E-01
9.969453E-03,-4.4630127E-03,-4.7100067E-01
9.972730E-03,-5.3480225E-03,-4.5932770E-01
9.976006E-03,-4.2188721E-03,-4.4376373E-01
9.979283E-03,-6.1414795E-03,-4.3102264E-01
9.982560E-03,-5.1343994E-03,-4.1530609E-01
9.985837E-03,-7.1180420E-03,-4.0134430E-01
9.989114E-03,-6.1109619E-03,-3.8433075E-01
9.992390E-03,-7.6368408E-03,-3.7067413E-01
9.995667E-03,-5.8973389E-03,-3.5297394E-01
9.998944E-03,-6.9044189E-03,-3.3885956E-01
1.000222E-02,-5.8668213E-03,-3.2131195E-01
1.000550E-02,-7.9725342E-03,-3.0719757E-01
1.000877E-02,-7.0875244E-03,-2.8903961E-01
1.001205E-02,-8.6744385E-03,-2.7477264E-01
1.001533E-02,-6.4771729E-03,-2.5714874E-01
1.001860E-02,-8.1861572E-03,-2.4280548E-01
1.002188E-02,-6.5992432E-03,-2.2411346E-01
1.002516E-02,-7.7894287E-03,-2.0954132E-01
1.002844E-02,-6.5076904E-03,-1.9016266E-01
1.003171E-02,-8.3997803E-03,-1.7681122E-01
1.003499E-02,-7.2706299E-03,-1.5735626E-01
1.003827E-02,-8.7659912E-03,-1.4301300E-01
1.004154E-02,-7.0264893E-03,-1.2302399E-01
1.004482E-02,-8.3692627E-03,-1.0791779E-01
1.004810E-02,-7.5452881E-03,-8.8462830E-02
1.005137E-02,-9.6510010E-03,-7.3738098E-02
1.005465E-02,-9.2237549E-03,-5.4817200E-02
1.005793E-02,-1.0993774E-02,-4.0016174E-02
1.006120E-02,-1.0017212E-02,-2.0790100E-02
1.006448E-02,-1.1298950E-02,-5.6076050E-03
1.006776E-02,-1.0597046E-02,1.3389587E-02
1.007103E-02,-1.0993774E-02,2.8648376E-02
1.007431E-02,-9.8951416E-03,4.8027039E-02
1.007759E-02,-1.0688599E-02,6.3133240E-02
1.008086E-02,-9.7120361E-03,8.3198547E-02
1.008414E-02,-1.0871704E-02,9.8609924E-02
1.008742E-02,-1.0291870E-02,1.1867523E-01
1.009069E-02,-1.0719116E-02,1.3408661E-01
1.009397E-02,-1.0108765E-02,1.5239716E-01
1.009725E-02,-1.1421021E-02,1.6826630E-01
1.010052E-02,-1.1085327E-02,1.8596649E-01
1.010380E-02,-1.2397583E-02,2.0183563E-01
1.010708E-02,-1.2458618E-02,2.1984100E-01
1.011036E-02,-1.3923462E-02,2.3433685E-01
1.011363E-02,-1.3099487E-02,2.5234222E-01
1.011691E-02,-1.3496216E-02,2.6775360E-01
1.012019E-02,-1.3435181E-02,2.8636932E-01
1.012346E-02,-1.3862427E-02,3.0223846E-01
1.012674E-02,-1.3862427E-02,3.1894684E-01
1.013002E-02,-1.4777954E-02,3.3443451E-01
1.013329E-02,-1.4350708E-02,3.5228729E-01
1.013657E-02,-1.4045532E-02,3.6746979E-01
1.013985E-02,-1.3343628E-02,3.8318634E-01
1.014312E-02,-1.3099487E-02,3.9829254E-01
1.014640E-02,-1.3160522E-02,4.1439056E-01
1.014968E-02,-1.3892944E-02,4.2934418E-01
1.015295E-02,-1.4289673E-02,4.4513702E-01
1.015623E-02,-1.4838989E-02,4.5993805E-01
1.015951E-02,-1.5418823E-02,4.7534943E-01
1.016278E-02,-1.5632446E-02,4.8923492E-01
1.016606E-02,-1.5571411E-02,5.0495148E-01
1.016934E-02,-1.5418823E-02,5.1807404E-01
1.017261E-02,-1.5785034E-02,5.3325653E-01
1.017589E-02,-1.6273315E-02,5.4607391E-01
1.017917E-02,-1.7249878E-02,5.6095123E-01
1.018244E-02,-1.6822632E-02,5.7262421E-01
1.018572E-02,-1.7005737E-02,5.8620453E-01
1.018900E-02,-1.6578491E-02,5.9810638E-01
1.019228E-02,-1.6395386E-02,6.1267853E-01
1.019555E-02,-1.6242798E-02,6.2442780E-01
1.019883E-02,-1.7066772E-02,6.3709259E-01
1.020211E-02,-1.7127808E-02,6.4838409E-01
1.020538E-02,-1.7982300E-02,6.6051483E-01
1.020866E-02,-1.7524536E-02,6.7073822E-01
1.021194E-02,-1.7829712E-02,6.8302155E-01
1.021521E-02,-1.7524536E-02,6.9240570E-01
1.021849E-02,-1.8440063E-02,7.0384979E-01
1.022177E-02,-1.8348511E-02,7.1346283E-01
1.022504E-02,-1.9660767E-02,7.2353363E-01
1.022832E-02,-1.9782837E-02,7.3230743E-01
1.023160E-02,-2.0911987E-02,7.4337006E-01
1.023487E-02,-1.9569214E-02,7.5115204E-01
1.023815E-02,-1.9996460E-02,7.6061249E-01
1.024143E-02,-1.9569214E-02,7.6869965E-01
1.024470E-02,-2.0393188E-02,7.7808380E-01
1.024798E-02,-1.9416626E-02,7.8495026E-01
1.025126E-02,-2.0728882E-02,7.9357147E-01
1.025453E-02,-1.9508179E-02,8.0043793E-01
1.025781E-02,-2.0606812E-02,8.0760956E-01
1.026109E-02,-1.9782837E-02,8.1287384E-01
1.026436E-02,-1.9813354E-02,8.1951141E-01
1.026764E-02,-1.9019897E-02,8.2485199E-01
1.027092E-02,-1.9996460E-02,8.3118439E-01
1.027420E-02,-2.0179565E-02,8.3629608E-01
1.027747E-02,-2.1430786E-02,8.4140778E-01
1.028075E-02,-2.0667847E-02,8.4575653E-01
1.028403E-02,-2.1552856E-02,8.5018158E-01
1.028730E-02,-2.0789917E-02,8.5391998E-01
1.029058E-02,-2.1949585E-02,8.5842133E-01
1.029386E-02,-2.1247681E-02,8.6109161E-01
1.029713E-02,-2.2529419E-02,8.6414337E-01
1.030041E-02,-2.1522339E-02,8.6620331E-01
1.030369E-02,-2.2437866E-02,8.6902618E-01
1.030696E-02,-2.1308716E-02,8.7001801E-01
1.031024E-02,-2.1980103E-02,8.7146759E-01
1.031352E-02,-2.0515259E-02,8.7337494E-01
1.031679E-02,-2.1980103E-02,8.7314606E-01
1.032007E-02,-2.1827515E-02,8.7368011E-01
1.032335E-02,-2.3628052E-02,8.7413788E-01
1.032662E-02,-2.2926147E-02,8.7352753E-01
1.032990E-02,-2.4787720E-02,8.7215424E-01
1.033318E-02,-2.3444946E-02,8.7131500E-01
1.033645E-02,-2.4909790E-02,8.6963654E-01
1.033973E-02,-2.3444946E-02,8.6772919E-01
1.034301E-02,-2.4940308E-02,8.6498260E-01
1.034628E-02,-2.4421509E-02,8.6269379E-01
1.034956E-02,-2.5886353E-02,8.5948944E-01
1.035284E-02,-2.4177368E-02,8.5681915E-01
1.035612E-02,-2.4818237E-02,8.5269928E-01
1.035939E-02,-2.3353394E-02,8.4949493E-01
1.036267E-02,-2.4879272E-02,8.4445953E-01
1.036595E-02,-2.4177368E-02,8.4056854E-01
1.036922E-02,-2.5550659E-02,8.3477020E-01
1.037250E-02,-2.4635132E-02,8.3057404E-01
1.037578E-02,-2.5886353E-02,8.2393646E-01
1.037905E-02,-2.4848755E-02,8.1729889E-01
1.038233E-02,-2.5672729E-02,8.1172943E-01
1.038561E-02,-2.4757202E-02,8.0631256E-01
1.038888E-02,-2.6344116E-02,7.9822540E-01
1.039216E-02,-2.5306519E-02,7.9181671E-01
1.039544E-02,-2.7381714E-02,7.8395844E-01
1.039871E-02,-2.6466187E-02,7.7648163E-01
1.040199E-02,-2.7869995E-02,7.6778412E-01
1.040527E-02,-2.6405151E-02,7.5962067E-01
1.040854E-02,-2.7564819E-02,7.4977875E-01
1.041182E-02,-2.5611694E-02,7.4047089E-01
1.041510E-02,-2.6832397E-02,7.3070526E-01
1.041837E-02,-2.6130493E-02,7.2208405E-01
1.042165E-02,-2.7839478E-02,7.1025848E-01
1.042493E-02,-2.6038940E-02,7.0102692E-01
1.042820E-02,-2.7686890E-02,6.9019318E-01
1.043148E-02,-2.6038940E-02,6.7974091E-01
1.043476E-02,-2.7869995E-02,6.6730499E-01
1.043804E-02,-2.6527222E-02,6.5616608E-01
1.044131E-02,-2.8022583E-02,6.4357758E-01
1.044459E-02,-2.7656372E-02,6.3251495E-01
1.044787E-02,-2.9853638E-02,6.1962128E-01
1.045114E-02,-2.8510864E-02,6.0794830E-01
1.045442E-02,-2.9701050E-02,5.9452057E-01
1.045770E-02,-2.8480347E-02,5.8315277E-01
1.046097E-02,-2.9914673E-02,5.6804657E-01
1.046425E-02,-2.9182251E-02,5.5591583E-01
1.046753E-02,-3.0555542E-02,5.4149628E-01
1.047080E-02,-2.9243286E-02,5.2928925E-01
1.047408E-02,-3.0463989E-02,5.1319122E-01
1.047736E-02,-2.9090698E-02,5.0014496E-01
1.048063E-02,-3.0097778E-02,4.8450470E-01
1.048391E-02,-2.8632935E-02,4.7130585E-01
1.048719E-02,-3.0372437E-02,4.5429230E-01
1.049046E-02,-2.9853638E-02,4.4109344E-01
1.049374E-02,-3.1928833E-02,4.2400360E-01
1.049702E-02,-3.1165894E-02,4.1080475E-01
1.050029E-02,-3.2386597E-02,3.9318085E-01
1.050357E-02,-3.0586060E-02,3.7990570E-01
1.050685E-02,-3.2234009E-02,3.6190033E-01
1.051012E-02,-3.0921753E-02,3.4755707E-01
1.051340E-02,-3.2722290E-02,3.2917023E-01
1.051668E-02,-3.2295044E-02,3.1475067E-01
1.051996E-02,-3.3820923E-02,2.9598236E-01
1.052323E-02,-3.2111938E-02,2.8156281E-01
1.052651E-02,-3.3698853E-02,2.6256561E-01
1.052979E-02,-3.1471069E-02,2.4822235E-01
1.053306E-02,-3.2844360E-02,2.3006439E-01
1.053634E-02,-3.1776245E-02,2.1465302E-01
1.053962E-02,-3.3454712E-02,1.9718170E-01
1.054289E-02,-3.2264526E-02,1.8123627E-01
1.054617E-02,-3.3241089E-02,1.6231537E-01
1.054945E-02,-3.2417114E-02,1.4751434E-01
1.055272E-02,-3.3393677E-02,1.2882233E-01
1.055600E-02,-3.2661255E-02,1.1287689E-01
1.055928E-02,-3.3759888E-02,9.3269348E-02
1.056255E-02,-3.3668335E-02,7.7629089E-02
1.056583E-02,-3.5560425E-02,5.8631897E-02
1.056911E-02,-3.4950073E-02,4.3067932E-02
1.057238E-02,-3.5743530E-02,2.3536682E-02
1.057566E-02,-3.4583862E-02,8.8119507E-03
1.057894E-02,-3.4950073E-02,-9.8037720E-03
1.058221E-02,-3.4126099E-02,-2.5672913E-02
1.058549E-02,-3.4950073E-02,-4.4746399E-02
1.058877E-02,-3.4400757E-02,-5.9700012E-02
1.059204E-02,-3.5499390E-02,-7.8163147E-02
1.059532E-02,-3.5041626E-02,-9.3650818E-02
1.059860E-02,-3.5529907E-02,-1.1234283E-01
1.060188E-02,-3.4828003E-02,-1.2821198E-01
1.060515E-02,-3.5438354E-02,-1.4675140E-01
1.060843E-02,-3.4858521E-02,-1.6208649E-01
1.061171E-02,-3.5926636E-02,-1.8009186E-01
1.061498E-02,-3.6475952E-02,-1.9626617E-01
1.061826E-02,-3.7605103E-02,-2.1381378E-01
1.062154E-02,-3.7299927E-02,-2.3029327E-01
1.062481E-02,-3.7757690E-02,-2.4692535E-01
1.062809E-02,-3.7544067E-02,-2.6165009E-01
1.063137E-02,-3.8032349E-02,-2.7912140E-01
1.063464E-02,-3.8398560E-02,-2.9422760E-01
1.063792E-02,-3.9008911E-02,-3.1230927E-01
1.064120E-02,-3.8917358E-02,-3.2695770E-01
1.064447E-02,-3.9100464E-02,-3.4336090E-01
1.064775E-02,-3.8459595E-02,-3.5770416E-01
1.065103E-02,-3.8032349E-02,-3.7441254E-01
1.065430E-02,-3.7910278E-02,-3.8959503E-01
1.065758E-02,-3.8429077E-02,-4.0493011E-01
1.066086E-02,-3.9527710E-02,-4.1881561E-01
1.066413E-02,-4.0199097E-02,-4.3430328E-01
1.066741E-02,-4.0626343E-02,-4.4750214E-01
1.067069E-02,-4.0168579E-02,-4.6230316E-01
1.067396E-02,-4.0138062E-02,-4.7557831E-01
1.067724E-02,-4.0321167E-02,-4.9098969E-01
1.068052E-02,-4.1053589E-02,-5.0380707E-01
1.068380E-02,-4.1297729E-02,-5.1822662E-01
1.068707E-02,-4.2060669E-02,-5.3012848E-01
1.069035E-02,-4.1663940E-02,-5.4431915E-01
1.069363E-02,-4.1572388E-02,-5.5599213E-01
1.069690E-02,-4.0839966E-02,-5.6888580E-01
1.070018E-02,-4.1145142E-02,-5.8010101E-01
1.070346E-02,-4.0534790E-02,-5.9322357E-01
1.070673E-02,-4.1602905E-02,-6.0428619E-01
1.071001E-02,-4.1084106E-02,-6.1588287E-01
1.071329E-02,-4.2304810E-02,-6.2648773E-01
1.071656E-02,-4.1633423E-02,-6.3785553E-01
1.071984E-02,-4.1663940E-02,-6.4815521E-01
1.072312E-02,-4.1236694E-02,-6.5937042E-01
1.072639E-02,-4.2182739E-02,-6.6898346E-01
1.072967E-02,-4.2457397E-02,-6.7844391E-01
1.073295E-02,-4.3220337E-02,-6.8843842E-01
1.073622E-02,-4.2365845E-02,-6.9713593E-01
1.073950E-02,-4.4044312E-02,-7.0529938E-01
1.074278E-02,-4.3311890E-02,-7.1430206E-01
1.074605E-02,-4.4013794E-02,-7.2223663E-01
1.074933E-02,-4.2609985E-02,-7.3009491E-01
1.075261E-02,-4.3006714E-02,-7.3688507E-01
1.075588E-02,-4.2976196E-02,-7.4481964E-01
1.075916E-02,-4.4257935E-02,-7.5031281E-01
1.076244E-02,-4.3311890E-02,-7.5794220E-01
1.076572E-02,-4.3891724E-02,-7.6457977E-01
1.076899E-02,-4.3342407E-02,-7.7068329E-01
1.077227E-02,-4.4410522E-02,-7.7487946E-01
1.077555E-02,-4.3006714E-02,-7.8044891E-01
1.077882E-02,-4.4135864E-02,-7.8556061E-01
1.078210E-02,-4.4196899E-02,-7.8907013E-01
1.078538E-02,-4.5020874E-02,-7.9387665E-01
1.078865E-02,-4.4441040E-02,-7.9776764E-01
1.079193E-02,-4.5783813E-02,-8.0066681E-01
1.079521E-02,-4.4563110E-02,-8.0417633E-01
1.079848E-02,-4.5142944E-02,-8.0638885E-01
1.080176E-02,-4.4593628E-02,-8.0883026E-01
1.080504E-02,-4.6027954E-02,-8.1089020E-01
1.080831E-02,-4.5203979E-02,-8.1256866E-01
1.081159E-02,-4.6302612E-02,-8.1371307E-01
1.081487E-02,-4.4929321E-02,-8.1447601E-01
1.081814E-02,-4.5661743E-02,-8.1554413E-01
1.082142E-02,-4.4044312E-02,-8.1661224E-01
1.082470E-02,-4.5234497E-02,-8.1615448E-01
1.082797E-02,-4.5356567E-02,-8.1607819E-01
1.083125E-02,-4.7035034E-02,-8.1516266E-01
1.083453E-02,-4.6546753E-02,-8.1401825E-01
1.083780E-02,-4.7859009E-02,-8.1188202E-01
1.084108E-02,-4.6699341E-02,-8.0982208E-01
1.084436E-02,-4.7584351E-02,-8.0776215E-01
1.084764E-02,-4.6302612E-02,-8.0493927E-01
1.085091E-02,-4.7920044E-02,-8.0165863E-01
1.085419E-02,-4.7309692E-02,-7.9738617E-01
1.085747E-02,-4.8438843E-02,-7.9463959E-01
1.086074E-02,-4.7553833E-02,-7.9006195E-01
1.086402E-02,-4.8103149E-02,-7.8556061E-01
1.086730E-02,-4.6455200E-02,-7.8113556E-01
1.087057E-02,-4.8194702E-02,-7.7686310E-01
1.087385E-02,-4.6973999E-02,-7.6992035E-01
1.087713E-02,-4.8347290E-02,-7.6488495E-01
1.088040E-02,-4.6943481E-02,-7.5817108E-01
1.088368E-02,-4.8621948E-02,-7.5206757E-01
1.088696E-02,-4.6821411E-02,-7.4359894E-01
1.089023E-02,-4.7981079E-02,-7.3764801E-01
1.089351E-02,-4.6790894E-02,-7.2864532E-01
1.089679E-02,-4.8347290E-02,-7.2124481E-01
1.090006E-02,-4.7401245E-02,-7.1285248E-01
1.090334E-02,-4.9293335E-02,-7.0590973E-01
1.090662E-02,-4.8896606E-02,-6.9591522E-01
1.090989E-02,-4.8957642E-02,-6.8836212E-01
1.091317E-02,-4.8377808E-02,-6.7790985E-01
1.091645E-02,-4.9751099E-02,-6.6959381E-01
1.091972E-02,-4.8286255E-02,-6.5753937E-01
1.092300E-02,-4.9384888E-02,-6.4838409E-01
1.092628E-02,-4.7859009E-02,-6.3594818E-01
1.092956E-02,-4.9415405E-02,-6.2702179E-01
1.093283E-02,-4.8347290E-02,-6.1504364E-01
1.093611E-02,-4.9781616E-02,-6.0398102E-01
1.093939E-02,-4.8194702E-02,-5.9146881E-01
1.094266E-02,-4.9415405E-02,-5.8124542E-01
1.094594E-02,-4.8286255E-02,-5.6880951E-01
1.094922E-02,-5.0422485E-02,-5.5721283E-01
1.095249E-02,-4.8652466E-02,-5.4317474E-01
1.095577E-02,-5.0880249E-02,-5.3112030E-01
1.095905E-02,-4.9690063E-02,-5.1624298E-01
1.096232E-02,-5.0880249E-02,-5.0434113E-01
1.096560E-02,-4.9445923E-02,-4.8870087E-01
1.096888E-02,-5.0544556E-02,-4.7634125E-01
1.097215E-02,-4.9476440E-02,-4.6054840E-01
1.097543E-02,-5.1551636E-02,-4.4826508E-01
1.097871E-02,-5.0056274E-02,-4.3216705E-01
1.098198E-02,-5.1154907E-02,-4.1889191E-01
1.098526E-02,-4.8957642E-02,-4.0180206E-01
1.098854E-02,-5.0147827E-02,-3.8921356E-01
1.099181E-02,-4.8652466E-02,-3.7197113E-01
1.099509E-02,-5.0483521E-02,-3.5816193E-01
1.099837E-02,-4.9964722E-02,-3.4046173E-01
1.100164E-02,-5.1032837E-02,-3.2611847E-01
1.100492E-02,-5.0178345E-02,-3.0834198E-01
1.100820E-02,-5.1856812E-02,-2.9438019E-01
1.101148E-02,-5.0117310E-02,-2.7645111E-01
1.101475E-02,-5.1582153E-02,-2.6279449E-01
1.101803E-02,-5.0422485E-02,-2.4425507E-01
1.102131E-02,-5.2284058E-02,-2.2945404E-01
1.102458E-02,-5.1582153E-02,-2.1068573E-01
1.102786E-02,-5.2985962E-02,-1.9573212E-01
1.103114E-02,-5.1399048E-02,-1.7742157E-01
1.103441E-02,-5.1856812E-02,-1.6262054E-01
1.103769E-02,-5.0727661E-02,-1.4423370E-01
1.104097E-02,-5.1673706E-02,-1.2844086E-01
1.104424E-02,-5.0880249E-02,-1.1051178E-01
1.104752E-02,-5.2650269E-02,-9.5024109E-02
1.105080E-02,-5.1399048E-02,-7.6408386E-02
1.105407E-02,-5.2345093E-02,-6.0844421E-02
1.105735E-02,-5.0849731E-02,-4.1847229E-02
1.106063E-02,-5.1826294E-02,-2.5444031E-02
1.106390E-02,-5.0758179E-02,-7.0571899E-03
1.106718E-02,-5.2284058E-02,7.7438354E-03
1.107046E-02,-5.2161987E-02,2.7351379E-02
1.107373E-02,-5.2528198E-02,4.3220520E-02
1.107701E-02,-5.1887329E-02,6.1836243E-02
1.108029E-02,-5.2284058E-02,7.8468323E-02
1.108356E-02,-5.1582153E-02,9.7236633E-02
1.108684E-02,-5.1734741E-02,1.1371613E-01
1.109012E-02,-5.0269897E-02,1.3202667E-01
1.109340E-02,-5.1276978E-02,1.4820099E-01
1.109667E-02,-5.1429565E-02,1.6582489E-01
1.109995E-02,-5.1978882E-02,1.8215179E-01
1.110323E-02,-5.1856812E-02,2.0000458E-01
1.110650E-02,-5.1917847E-02,2.1564484E-01
1.110978E-02,-5.1154907E-02,2.3296356E-01
1.111306E-02,-5.1612671E-02,2.4883270E-01
1.111633E-02,-5.1307495E-02,2.6638031E-01
1.111961E-02,-5.2009399E-02,2.8285980E-01
1.112289E-02,-5.2528198E-02,3.0033112E-01
1.112616E-02,-5.2284058E-02,3.1589508E-01
1.112944E-02,-5.2192505E-02,3.3321381E-01
1.113272E-02,-5.2039917E-02,3.4908295E-01
1.113599E-02,-5.1826294E-02,3.6563873E-01
1.113927E-02,-5.1643188E-02,3.8043976E-01
1.114255E-02,-5.2070435E-02,3.9722443E-01
1.114582E-02,-5.2680786E-02,4.1194916E-01
1.114910E-02,-5.3016479E-02,4.2819977E-01
1.115238E-02,-5.2436646E-02,4.4139862E-01
1.115565E-02,-5.2497681E-02,4.5780182E-01
1.115893E-02,-5.1246460E-02,4.7206879E-01
1.116221E-02,-5.1734741E-02,4.8725128E-01
1.116548E-02,-5.1826294E-02,5.0151825E-01
1.116876E-02,-5.2955444E-02,5.1624298E-01
1.117204E-02,-5.2619751E-02,5.2944183E-01
1.117532E-02,-5.3413208E-02,5.4500580E-01
1.117859E-02,-5.3016479E-02,5.5652618E-01
1.118187E-02,-5.2955444E-02,5.7064056E-01
1.118515E-02,-5.2345093E-02,5.8353424E-01
1.118842E-02,-5.3230103E-02,5.9764862E-01
1.119170E-02,-5.2863892E-02,6.1038971E-01
1.119498E-02,-5.3443726E-02,6.2297821E-01
1.119825E-02,-5.2924927E-02,6.3404083E-01
1.120153E-02,-5.3321655E-02,6.4678192E-01
1.120481E-02,-5.2161987E-02,6.5853119E-01
1.120808E-02,-5.2528198E-02,6.7089081E-01
1.121136E-02,-5.2223022E-02,6.8050385E-01
1.121464E-02,-5.3352173E-02,6.9133759E-01
1.121791E-02,-5.2375610E-02,7.0240021E-01
1.122119E-02,-5.3596313E-02,7.1277618E-01
1.122447E-02,-5.2802856E-02,7.2162628E-01
1.122774E-02,-5.3016479E-02,7.3253632E-01
1.123102E-02,-5.2863892E-02,7.4123383E-01
1.123430E-02,-5.3718384E-02,7.5092316E-01
1.123757E-02,-5.3138550E-02,7.5992584E-01
1.124085E-02,-5.4420288E-02,7.6946259E-01
1.124413E-02,-5.4023560E-02,7.7770233E-01
1.124740E-02,-5.5427368E-02,7.8556061E-01
1.125068E-02,-5.4115112E-02,7.9196930E-01
1.125396E-02,-5.4847534E-02,7.9967499E-01
1.125724E-02,-5.3291138E-02,8.0539703E-01
1.126051E-02,-5.4725464E-02,8.1172943E-01
1.126379E-02,-5.3870972E-02,8.1752777E-01
1.126707E-02,-5.4969604E-02,8.2340240E-01
1.127034E-02,-5.4145630E-02,8.2981110E-01
1.127362E-02,-5.5213745E-02,8.3553314E-01
1.127690E-02,-5.3748901E-02,8.4026337E-01
1.128017E-02,-5.5061157E-02,8.4522247E-01
1.128345E-02,-5.3748901E-02,8.5025787E-01
1.128673E-02,-5.4817017E-02,8.5338593E-01
1.129000E-02,-5.4450806E-02,8.5727692E-01
1.129328E-02,-5.5671509E-02,8.6109161E-01
1.129656E-02,-5.4267700E-02,8.6360931E-01
1.129983E-02,-5.5213745E-02,8.6711884E-01
1.130311E-02,-5.4603394E-02,8.6841583E-01
1.130639E-02,-5.5000122E-02,8.7062836E-01
1.130966E-02,-5.4572876E-02,8.7169647E-01
1.131294E-02,-5.5244263E-02,8.7230682E-01
1.131622E-02,-5.4420288E-02,8.7345123E-01
1.131949E-02,-5.5488403E-02,8.7352753E-01
1.132277E-02,-5.4084595E-02,8.7345123E-01
1.132605E-02,-5.4237183E-02,8.7284088E-01
1.132932E-02,-5.3199585E-02,8.7261200E-01
1.133260E-02,-5.4481323E-02,8.7085724E-01
1.133588E-02,-5.4023560E-02,8.7100983E-01
1.133916E-02,-5.5335815E-02,8.6811066E-01
1.134243E-02,-5.4755981E-02,8.6673737E-01
1.134571E-02,-5.5549438E-02,8.6345673E-01
1.134899E-02,-5.3626831E-02,8.6132050E-01
1.135226E-02,-5.5213745E-02,8.5773468E-01
1.135554E-02,-5.4206665E-02,8.5453033E-01
1.135882E-02,-5.5732544E-02,8.4941864E-01
1.136209E-02,-5.4664429E-02,8.4590912E-01
1.136537E-02,-5.5854614E-02,8.4171295E-01
1.136865E-02,-5.4603394E-02,8.3698273E-01
1.137192E-02,-5.5854614E-02,8.2996368E-01
1.137520E-02,-5.4481323E-02,8.2645416E-01
1.137848E-02,-5.5030640E-02,8.1890106E-01
1.138175E-02,-5.4084595E-02,8.1325531E-01
1.138503E-02,-5.6098755E-02,8.0547333E-01
1.138831E-02,-5.4786499E-02,8.0036163E-01
1.139158E-02,-5.5427368E-02,7.9189301E-01
1.139486E-02,-5.4023560E-02,7.8533173E-01
1.139814E-02,-5.5854614E-02,7.7564240E-01
1.140141E-02,-5.4755981E-02,7.6953888E-01
1.140469E-02,-5.6373413E-02,7.5901031E-01
1.140797E-02,-5.5457886E-02,7.5191498E-01
1.141124E-02,-5.6770142E-02,7.4123383E-01
1.141452E-02,-5.5793579E-02,7.3299408E-01
1.141780E-02,-5.7807739E-02,7.2147369E-01
1.142108E-02,-5.6648071E-02,7.1323395E-01
1.142435E-02,-5.7319458E-02,7.0201874E-01
1.142763E-02,-5.5213745E-02,6.9248199E-01
1.143091E-02,-5.6678589E-02,6.8019867E-01
1.143418E-02,-5.5274780E-02,6.7089081E-01
1.143746E-02,-5.6892212E-02,6.5822601E-01
1.144074E-02,-5.5885132E-02,6.4777374E-01
1.144401E-02,-5.6587036E-02,6.3411713E-01
1.144729E-02,-5.5274780E-02,6.2374115E-01
1.145057E-02,-5.6953247E-02,6.0970306E-01
1.145384E-02,-5.5122192E-02,5.9902191E-01
1.145712E-02,-5.6770142E-02,5.8422089E-01
1.146040E-02,-5.5488403E-02,5.7262421E-01
1.146367E-02,-5.8051880E-02,5.5843353E-01
1.146695E-02,-5.6800659E-02,5.4576874E-01
1.147023E-02,-5.7594116E-02,5.3096771E-01
1.147350E-02,-5.6190308E-02,5.1860809E-01
1.147678E-02,-5.7472046E-02,5.0197601E-01
1.148006E-02,-5.6251343E-02,4.8938751E-01
1.148333E-02,-5.8509644E-02,4.7328949E-01
1.148661E-02,-5.7319458E-02,4.5986176E-01
1.148989E-02,-5.8631714E-02,4.4292450E-01
1.149316E-02,-5.6556519E-02,4.2942047E-01
1.149644E-02,-5.7380493E-02,4.1202545E-01
1.149972E-02,-5.6251343E-02,3.9737701E-01
1.150300E-02,-5.7624634E-02,3.7990570E-01
1.150627E-02,-5.6922729E-02,3.6655426E-01
1.150955E-02,-5.8570679E-02,3.4908295E-01
1.151283E-02,-5.7105835E-02,3.3466339E-01
1.151610E-02,-5.8357056E-02,3.1581879E-01
1.151938E-02,-5.7044800E-02,3.0200958E-01
1.152266E-02,-5.7960327E-02,2.8392792E-01
1.152593E-02,-5.7044800E-02,2.6874542E-01
1.152921E-02,-5.8418091E-02,2.4997711E-01
1.153249E-02,-5.8021362E-02,2.3586273E-01
1.153576E-02,-5.8906372E-02,2.1732330E-01
1.153904E-02,-5.7472046E-02,2.0328522E-01
1.154232E-02,-5.7838257E-02,1.8436432E-01
1.154559E-02,-5.6770142E-02,1.6895294E-01
1.154887E-02,-5.7227905E-02,1.5003204E-01
1.155215E-02,-5.7075317E-02,1.3431549E-01
1.155542E-02,-5.7807739E-02,1.1692047E-01
1.155870E-02,-5.7258423E-02,1.0059357E-01
1.156198E-02,-5.7746704E-02,8.1214905E-02
1.156525E-02,-5.6587036E-02,6.4659119E-02
1.156853E-02,-5.7502563E-02,4.6653748E-02
1.157181E-02,-5.7136353E-02,2.9792786E-02
1.157508E-02,-5.7868774E-02,1.1863708E-02
1.157836E-02,-5.7807739E-02,-4.4631958E-03
1.158164E-02,-5.8631714E-02,-2.2697449E-02
1.158492E-02,-5.8509644E-02,-3.8948059E-02
1.158819E-02,-5.8692749E-02,-5.7487488E-02
1.159147E-02,-5.8143433E-02,-7.2898865E-02
1.159475E-02,-5.8112915E-02,-9.1590881E-02
1.159802E-02,-5.7868774E-02,-1.0761261E-01
1.160130E-02,-5.8296021E-02,-1.2691498E-01
1.160458E-02,-5.8173950E-02,-1.4240265E-01
1.160785E-02,-5.7960327E-02,-1.5941620E-01
1.161113E-02,-5.8082397E-02,-1.7566681E-01
1.161441E-02,-5.8418091E-02,-1.9306183E-01
1.161768E-02,-5.7777222E-02,-2.0961761E-01
1.162096E-02,-5.8234985E-02,-2.2708893E-01
1.162424E-02,-5.8448608E-02,-2.4311066E-01
1.162751E-02,-5.8570679E-02,-2.6088715E-01
1.163079E-02,-5.9303101E-02,-2.7622223E-01
1.163407E-02,-5.9486206E-02,-2.9262543E-01
1.163734E-02,-6.0462769E-02,-3.0834198E-01
1.164062E-02,-5.9730347E-02,-3.2527924E-01
1.164390E-02,-6.0188110E-02,-3.3946991E-01
1.164717E-02,-5.9852417E-02,-3.5579681E-01
1.165045E-02,-5.9547241E-02,-3.7158966E-01
1.165373E-02,-5.9577759E-02,-3.8791656E-01
1.165700E-02,-6.0310181E-02,-4.0187836E-01
1.166028E-02,-5.9699829E-02,-4.1790009E-01
1.166356E-02,-5.9638794E-02,-4.3193817E-01
1.166684E-02,-5.8509644E-02,-4.4651031E-01
1.167011E-02,-5.9547241E-02,-4.5940399E-01
1.167339E-02,-5.9150513E-02,-4.7359467E-01
1.167667E-02,-6.0127075E-02,-4.8709869E-01
1.167994E-02,-5.9669312E-02,-5.0151825E-01
1.168322E-02,-6.0798462E-02,-5.1509857E-01
1.168650E-02,-5.9882935E-02,-5.2791595E-01
1.168977E-02,-6.0432251E-02,-5.4050446E-01
1.169305E-02,-5.9821899E-02,-5.5377960E-01
1.169633E-02,-6.0523804E-02,-5.6652069E-01
1.169960E-02,-6.0401733E-02,-5.7918549E-01
1.170288E-02,-6.1836060E-02,-5.9047699E-01
1.170616E-02,-6.0981567E-02,-6.0192108E-01
1.170943E-02,-6.0890015E-02,-6.1206818E-01
1.171271E-02,-5.9638794E-02,-6.2458038E-01
1.171599E-02,-6.0310181E-02,-6.3480377E-01
1.171926E-02,-5.9913452E-02,-6.4609528E-01
1.172254E-02,-6.1225708E-02,-6.5692902E-01
1.172582E-02,-6.0493286E-02,-6.6707611E-01
1.172909E-02,-6.1317261E-02,-6.7684174E-01
1.173237E-02,-6.0035522E-02,-6.8668365E-01
1.173565E-02,-6.0401733E-02,-6.9515228E-01
1.173892E-02,-5.8967407E-02,-7.0377350E-01
1.174220E-02,-6.1042603E-02,-7.1239471E-01
1.174548E-02,-6.0005005E-02,-7.2109222E-01
1.174876E-02,-6.1927612E-02,-7.2811127E-01
1.175203E-02,-6.1378296E-02,-7.3589325E-01
1.175531E-02,-6.2598999E-02,-7.4298859E-01
1.175859E-02,-6.1378296E-02,-7.5115204E-01
1.176186E-02,-6.2354858E-02,-7.5733185E-01
1.176514E-02,-6.0005005E-02,-7.6389313E-01
1.176842E-02,-5.8357056E-02,-7.6908112E-01
1.177169E-02,-5.9364136E-02,-7.7426910E-01
1.177497E-02,-6.0584839E-02,-7.7968597E-01
1.177825E-02,-5.9272583E-02,-7.8411102E-01
1.178152E-02,-5.9730347E-02,-7.8891754E-01
1.178480E-02,-5.9272583E-02,-7.9288483E-01
1.178808E-02,-6.0859497E-02,-7.9685211E-01
1.179135E-02,-5.9516724E-02,-8.0036163E-01
1.179463E-02,-6.0493286E-02,-8.0379486E-01
1.179791E-02,-5.9669312E-02,-8.0631256E-01
1.180118E-02,-6.1378296E-02,-8.0913544E-01
1.180446E-02,-6.0066040E-02,-8.1050873E-01
1.180774E-02,-6.1317261E-02,-8.1195831E-01
1.181101E-02,-6.0005005E-02,-8.1295013E-01
1.181429E-02,-6.1408813E-02,-8.1501007E-01
1.181757E-02,-6.0218628E-02,-8.1508636E-01
1.182084E-02,-6.1256226E-02,-8.1531525E-01
1.182412E-02,-6.0523804E-02,-8.1493378E-01
1.182740E-02,-6.2049683E-02,-8.1501007E-01
1.183068E-02,-6.0188110E-02,-8.1356049E-01
1.183395E-02,-6.0859497E-02,-8.1241608E-01
1.183723E-02,-5.9821899E-02,-8.1005096E-01
1.184051E-02,-6.1286743E-02,-8.0875397E-01
1.184378E-02,-6.0218628E-02,-8.0638885E-01
1.184706E-02,-6.1836060E-02,-8.0425262E-01
1.185034E-02,-6.1164673E-02,-8.0066681E-01
1.185361E-02,-6.1744507E-02,-7.9822540E-01
1.185689E-02,-6.0493286E-02,-7.9303741E-01
1.186017E-02,-6.1622437E-02,-7.8968048E-01
1.186344E-02,-6.0676392E-02,-7.8449249E-01
1.186672E-02,-6.1897095E-02,-7.8067780E-01
1.187000E-02,-6.0890015E-02,-7.7526093E-01
1.187327E-02,-6.2751587E-02,-7.7083588E-01
1.187655E-02,-6.1408813E-02,-7.6496124E-01
1.187983E-02,-6.2476929E-02,-7.5962067E-01
1.188310E-02,-6.0310181E-02,-7.5214386E-01
1.188638E-02,-6.1530884E-02,-7.4604034E-01
1.188966E-02,-6.0523804E-02,-7.3787689E-01
1.189293E-02,-6.2171753E-02,-7.3116302E-01
1.189621E-02,-6.1134155E-02,-7.2299957E-01
1.189949E-02,-6.2690552E-02,-7.1582794E-01
1.190276E-02,-6.1317261E-02,-7.0507050E-01
1.190604E-02,-6.2415894E-02,-6.9873810E-01
1.190932E-02,-6.1073120E-02,-6.8851471E-01
1.191260E-02,-6.2721069E-02,-6.8088531E-01
1.191587E-02,-6.1836060E-02,-6.7020416E-01
1.191915E-02,-6.3850220E-02,-6.6165924E-01
1.192243E-02,-6.2995728E-02,-6.5029144E-01
1.192570E-02,-6.4307983E-02,-6.4083099E-01
1.192898E-02,-6.2080200E-02,-6.2816620E-01
1.193226E-02,-6.3300903E-02,-6.1878204E-01
1.193553E-02,-6.1713989E-02,-6.0573578E-01
1.193881E-02,-6.3056763E-02,-5.9597015E-01
1.194209E-02,-6.2202271E-02,-5.8277130E-01
1.194536E-02,-6.3911255E-02,-5.7247162E-01
1.194864E-02,-6.1958130E-02,-5.5805206E-01
1.195192E-02,-6.3148315E-02,-5.4714203E-01
1.195519E-02,-6.1378296E-02,-5.3272247E-01
1.195847E-02,-6.3117798E-02,-5.2089691E-01
1.196175E-02,-6.1713989E-02,-5.0556183E-01
1.196502E-02,-6.3331421E-02,-4.9335480E-01
1.196830E-02,-6.2385376E-02,-4.7740936E-01
1.197158E-02,-6.3911255E-02,-4.6474457E-01
1.197485E-02,-6.2446411E-02,-4.4887543E-01
1.197813E-02,-6.3728149E-02,-4.3743134E-01
1.198141E-02,-6.2263306E-02,-4.2049408E-01
1.198468E-02,-6.3300903E-02,-4.0737152E-01
1.198796E-02,-6.2598999E-02,-3.9035797E-01
1.199124E-02,-6.3636597E-02,-3.7654877E-01
1.199452E-02,-6.2629517E-02,-3.5877228E-01
1.199779E-02,-6.3606079E-02,-3.4511566E-01
1.200107E-02,-6.2141235E-02,-3.2733917E-01
1.200435E-02,-6.2812622E-02,-3.1322479E-01
1.200762E-02,-6.1683472E-02,-2.9506683E-01
1.201090E-02,-6.2751587E-02,-2.8057098E-01
1.201418E-02,-6.2965210E-02,-2.6363373E-01
1.201745E-02,-6.3911255E-02,-2.4944305E-01
1.202073E-02,-6.3178833E-02,-2.3082733E-01
1.202401E-02,-6.3758667E-02,-2.1587372E-01
1.202728E-02,-6.2660034E-02,-1.9687653E-01
1.203056E-02,-6.3636597E-02,-1.8161774E-01
1.203384E-02,-6.2751587E-02,-1.6315460E-01
1.203711E-02,-6.4155396E-02,-1.4720917E-01
1.204039E-02,-6.3606079E-02,-1.2989044E-01
1.204367E-02,-6.4521606E-02,-1.1379242E-01
1.204694E-02,-6.4063843E-02,-9.4108582E-02
1.205022E-02,-6.4063843E-02,-7.9154968E-02
1.205350E-02,-6.2934692E-02,-6.1454773E-02
1.205677E-02,-6.3178833E-02,-4.5356750E-02
1.206005E-02,-6.3545044E-02,-2.6969910E-02
1.206333E-02,-6.4063843E-02,-1.0566711E-02
1.206660E-02,-6.3789185E-02,8.1253052E-03
1.206988E-02,-6.4277466E-02,2.3078918E-02
1.207316E-02,-6.4094360E-02,4.2304993E-02
1.207644E-02,-6.4246948E-02,5.7258606E-02
1.207971E-02,-6.3667114E-02,7.6789856E-02
1.208299E-02,-6.4277466E-02,9.3269348E-02
1.208627E-02,-6.4430054E-02,1.1135101E-01
1.208954E-02,-6.5223511E-02,1.2767792E-01
1.209282E-02,-6.5559204E-02,1.4636993E-01
1.209610E-02,-6.5376099E-02,1.6231537E-01
1.209937E-02,-6.5192993E-02,1.8016815E-01
1.210265E-02,-6.5406616E-02,1.9603729E-01
1.210593E-02,-6.4887817E-02,2.1366119E-01
1.210920E-02,-6.4918335E-02,2.2884369E-01
1.211248E-02,-6.5101440E-02,2.4745941E-01
1.211576E-02,-6.5009888E-02,2.6294708E-01
1.211903E-02,-6.5498169E-02,2.8057098E-01
1.212231E-02,-6.4979370E-02,2.9598236E-01
1.212559E-02,-6.5101440E-02,3.1368256E-01
1.212886E-02,-6.4948853E-02,3.2955170E-01
1.213214E-02,-6.5467651E-02,3.4618378E-01
1.213542E-02,-6.5437134E-02,3.6228180E-01
1.213869E-02,-6.6657837E-02,3.7860870E-01
1.214197E-02,-6.6596802E-02,3.9318085E-01
1.214525E-02,-6.7024048E-02,4.0981293E-01
1.214852E-02,-6.6688354E-02,4.2407990E-01
1.215180E-02,-6.7420776E-02,4.4078827E-01
1.215508E-02,-6.6505249E-02,4.5444489E-01
1.215836E-02,-6.7512329E-02,4.6962738E-01
1.216163E-02,-6.7207153E-02,4.8404694E-01
1.216491E-02,-6.7756470E-02,4.9945831E-01
1.216819E-02,-6.6840942E-02,5.1326752E-01
1.217146E-02,-6.7634399E-02,5.2806854E-01
1.217474E-02,-6.6078003E-02,5.4149628E-01
1.217802E-02,-6.7176636E-02,5.5538177E-01
1.218129E-02,-6.6932495E-02,5.6766510E-01
1.218457E-02,-6.8549927E-02,5.8147430E-01
1.218785E-02,-6.8061646E-02,5.9444427E-01
1.219112E-02,-6.9221313E-02,6.0787201E-01
1.219440E-02,-6.8031128E-02,6.1977386E-01
1.219768E-02,-6.8916138E-02,6.3167572E-01
1.220095E-02,-6.8336304E-02,6.4350128E-01
1.220423E-02,-6.9495972E-02,6.5616608E-01
1.220751E-02,-6.9282349E-02,6.6722870E-01
1.221078E-02,-6.9953735E-02,6.7859650E-01
1.221406E-02,-6.9557007E-02,6.8943024E-01
1.221734E-02,-7.0380981E-02,7.0056915E-01
1.222061E-02,-6.9160278E-02,7.1025848E-01
1.222389E-02,-6.9648560E-02,7.2101593E-01
1.222717E-02,-6.8519409E-02,7.3101044E-01
1.223044E-02,-7.0289429E-02,7.4016571E-01
1.223372E-02,-6.9373901E-02,7.4932098E-01
1.223700E-02,-7.0228394E-02,7.5901031E-01
1.224028E-02,-6.9312866E-02,7.6755524E-01
1.224355E-02,-7.0167358E-02,7.7556610E-01
1.224683E-02,-6.9251831E-02,7.8289032E-01
1.225011E-02,-7.1235474E-02,7.9067230E-01
1.225338E-02,-7.0533569E-02,7.9761505E-01
1.225666E-02,-7.2456177E-02,8.0455780E-01
1.225994E-02,-7.2028931E-02,8.1142426E-01
1.226321E-02,-7.3463257E-02,8.1790924E-01
1.226649E-02,-7.2517212E-02,8.2401276E-01
1.226977E-02,-7.3341187E-02,8.2958221E-01
1.227304E-02,-7.1876343E-02,8.3522797E-01
1.227632E-02,-7.3158081E-02,8.3934784E-01
1.227960E-02,-7.1967896E-02,8.4331512E-01
1.228287E-02,-7.3859985E-02,8.4781647E-01
1.228615E-02,-7.3158081E-02,8.5216522E-01
1.228943E-02,-7.4622925E-02,8.5552216E-01
1.229270E-02,-7.3005493E-02,8.5948944E-01
1.229598E-02,-7.4348267E-02,8.6177826E-01
1.229926E-02,-7.3646362E-02,8.6437225E-01
1.230253E-02,-7.5568970E-02,8.6620331E-01
1.230581E-02,-7.5263794E-02,8.6841583E-01
1.230909E-02,-7.7308472E-02,8.6978912E-01
1.231236E-02,-7.6484497E-02,8.7162018E-01
1.231564E-02,-7.7735718E-02,8.7192535E-01
1.231892E-02,-7.6606567E-02,8.7299347E-01
1.232220E-02,-7.8254517E-02,8.7245941E-01
1.232547E-02,-7.7338989E-02,8.7299347E-01
1.232875E-02,-7.9109009E-02,8.7192535E-01
1.233203E-02,-7.8407104E-02,8.7139130E-01
1.233530E-02,-7.9902466E-02,8.6887360E-01
1.233858E-02,-7.8132446E-02,8.6780548E-01
1.234186E-02,-7.9200562E-02,8.6490631E-01
1.234513E-02,-7.8162964E-02,8.6315155E-01
1.234841E-02,-7.9658325E-02,8.6009979E-01
1.235169E-02,-7.9444702E-02,8.5758209E-01
1.235496E-02,-8.1611450E-02,8.5285187E-01
1.235824E-02,-8.0756958E-02,8.4987640E-01
1.236152E-02,-8.2130249E-02,8.4476471E-01
1.236479E-02,-8.0970581E-02,8.4148407E-01
1.236807E-02,-8.2679565E-02,8.3576202E-01
1.237135E-02,-8.2099731E-02,8.3148956E-01
1.237462E-02,-8.4083374E-02,8.2599640E-01
1.237790E-02,-8.3503540E-02,8.2042694E-01
1.238118E-02,-8.4815796E-02,8.1279755E-01
1.238445E-02,-8.4022339E-02,8.0745697E-01
1.238773E-02,-8.5578735E-02,7.9944611E-01
1.239101E-02,-8.4052856E-02,7.9303741E-01
1.239428E-02,-8.6067017E-02,7.8510284E-01
1.239756E-02,-8.4937866E-02,7.7877045E-01
1.240084E-02,-8.6738403E-02,7.6976776E-01
1.240412E-02,-8.6005981E-02,7.6137543E-01
1.240739E-02,-8.7898071E-02,7.5145721E-01
1.241067E-02,-8.6921509E-02,7.4489594E-01
1.241395E-02,-8.8966187E-02,7.3337555E-01
1.241722E-02,-8.7776001E-02,7.2544098E-01
1.242050E-02,-8.9881714E-02,7.1292877E-01
1.242378E-02,-8.9393433E-02,7.0507050E-01
1.242705E-02,-9.1132935E-02,6.9232941E-01
1.243033E-02,-9.0461548E-02,6.8279266E-01
1.243361E-02,-9.2475708E-02,6.7035675E-01
1.243688E-02,-9.1255005E-02,6.6120148E-01
1.244016E-02,-9.2841919E-02,6.4731598E-01
1.244344E-02,-9.1102417E-02,6.3808441E-01
1.244671E-02,-9.3025024E-02,6.2351227E-01
1.244999E-02,-9.2078979E-02,6.1336517E-01
1.245327E-02,-9.4184692E-02,5.9970856E-01
1.245654E-02,-9.3177612E-02,5.8910370E-01
1.245982E-02,-9.5222290E-02,5.7285309E-01
1.246310E-02,-9.3452271E-02,5.6179047E-01
1.246637E-02,-9.4917114E-02,5.4645538E-01
1.246965E-02,-9.4764526E-02,5.3516388E-01
1.247293E-02,-9.6290405E-02,5.1807404E-01
1.247620E-02,-9.6015747E-02,5.0586700E-01
1.247948E-02,-9.8029907E-02,4.8984528E-01
1.248276E-02,-9.7328003E-02,4.7718048E-01
1.248604E-02,-9.8579224E-02,4.6009064E-01
1.248931E-02,-9.7785767E-02,4.4635773E-01
1.249259E-02,-9.9372681E-02,4.2873383E-01
1.249587E-02,-9.9128540E-02,4.1568756E-01
1.249914E-02,-1.0062390E-01,3.9806366E-01
1.250242E-02,-9.9921997E-02,3.8440704E-01
1.250570E-02,-1.0089856E-01,3.6746979E-01
1.250897E-02,-1.0001355E-01,3.5335541E-01
1.251225E-02,-1.0077649E-01,3.3527374E-01
1.251553E-02,-1.0074597E-01,3.2039642E-01
1.251880E-02,-1.0193616E-01,3.0193329E-01
1.252208E-02,-1.0236340E-01,2.8675079E-01
1.252536E-02,-1.0407239E-01,2.6851654E-01
1.252863E-02,-1.0395032E-01,2.5409698E-01
1.253191E-02,-1.0468274E-01,2.3502350E-01
1.253519E-02,-1.0474377E-01,2.2075653E-01
1.253846E-02,-1.0562878E-01,2.0320892E-01
1.254174E-02,-1.0538464E-01,1.8741608E-01
1.254502E-02,-1.0666638E-01,1.6918182E-01
1.254829E-02,-1.0672742E-01,1.5323639E-01
1.255157E-02,-1.0745984E-01,1.3462067E-01
1.255485E-02,-1.0730725E-01,1.1905670E-01
1.255812E-02,-1.0770398E-01,1.0036469E-01
1.256140E-02,-1.0749036E-01,8.4571838E-02
1.256468E-02,-1.0831433E-01,6.5956116E-02
1.256796E-02,-1.0825330E-01,4.8866272E-02
1.257123E-02,-1.0913831E-01,3.0403137E-02
1.257451E-02,-1.0950452E-01,1.4610291E-02
1.257779E-02,-1.0996228E-01,-3.6239624E-03
1.258106E-02,-1.0999280E-01,-1.9874573E-02
1.258434E-02,-1.1054211E-01,-3.7879944E-02
1.258762E-02,-1.1096936E-01,-5.3977966E-02
1.259089E-02,-1.1124402E-01,-7.1907043E-02
1.259417E-02,-1.1200696E-01,-8.7928772E-02
1.259745E-02,-1.1295300E-01,-1.0631561E-01
1.260072E-02,-1.1396008E-01,-1.2264252E-01
1.260400E-02,-1.1417371E-01,-1.4064789E-01
1.260728E-02,-1.1414319E-01,-1.5628815E-01
1.261055E-02,-1.1402112E-01,-1.7383575E-01
1.261383E-02,-1.1374646E-01,-1.9031525E-01
1.261711E-02,-1.1411267E-01,-2.0877838E-01
1.262038E-02,-1.1518079E-01,-2.2495270E-01
1.262366E-02,-1.1502820E-01,-2.4204254E-01
1.262694E-02,-1.1588269E-01,-2.5714874E-01
1.263021E-02,-1.1554700E-01,-2.7416229E-01
1.263349E-02,-1.1609631E-01,-2.8926849E-01
1.263677E-02,-1.1554700E-01,-3.0597687E-01
1.264004E-02,-1.1701184E-01,-3.2176971E-01
1.264332E-02,-1.1673718E-01,-3.3832550E-01
1.264660E-02,-1.1826306E-01,-3.5320282E-01
1.264988E-02,-1.1780530E-01,-3.7044525E-01
1.265315E-02,-1.1865979E-01,-3.8425446E-01
1.265643E-02,-1.1811047E-01,-3.9989471E-01
1.265971E-02,-1.1899548E-01,-4.1439056E-01
1.266298E-02,-1.1811047E-01,-4.2964935E-01
1.266626E-02,-1.1902600E-01,-4.4399261E-01
1.266954E-02,-1.1899548E-01,-4.5810699E-01
1.267281E-02,-1.2030774E-01,-4.7161102E-01
1.267609E-02,-1.1930066E-01,-4.8671722E-01
1.267937E-02,-1.1975842E-01,-4.9953461E-01
1.268264E-02,-1.1896497E-01,-5.1342010E-01
1.268592E-02,-1.2021619E-01,-5.2593231E-01
1.268920E-02,-1.2006360E-01,-5.3966522E-01
1.269247E-02,-1.2180310E-01,-5.5225372E-01
1.269575E-02,-1.2143689E-01,-5.6491852E-01
1.269903E-02,-1.2259656E-01,-5.7659149E-01
1.270230E-02,-1.2183362E-01,-5.8895111E-01
1.270558E-02,-1.2271863E-01,-6.0024261E-01
1.270886E-02,-1.2195569E-01,-6.1145782E-01
1.271213E-02,-1.2348157E-01,-6.2252045E-01
1.271541E-02,-1.2271863E-01,-6.3404083E-01
1.271869E-02,-1.2470227E-01,-6.4548492E-01
1.272196E-02,-1.2366467E-01,-6.5532684E-01
1.272524E-02,-1.2470227E-01,-6.6547394E-01
1.272852E-02,-1.2329846E-01,-6.7539215E-01
1.273180E-02,-1.2424451E-01,-6.8492889E-01
1.273507E-02,-1.2323743E-01,-6.9377899E-01
1.273835E-02,-1.2473279E-01,-7.0232391E-01
1.274163E-02,-1.2403088E-01,-7.1094513E-01
1.274490E-02,-1.2546521E-01,-7.1880341E-01
1.274818E-02,-1.2418347E-01,-7.2757721E-01
1.275146E-02,-1.2531262E-01,-7.3474884E-01
1.275473E-02,-1.2415295E-01,-7.4237823E-01
1.275801E-02,-1.2573987E-01,-7.4924469E-01
1.276129E-02,-1.2531262E-01,-7.5534821E-01
1.276456E-02,-1.2656384E-01,-7.6190948E-01
1.276784E-02,-1.2604504E-01,-7.6801300E-01
1.277112E-02,-1.2757092E-01,-7.7396393E-01
1.277439E-02,-1.2628918E-01,-7.7899933E-01
1.277767E-02,-1.2775403E-01,-7.8449249E-01
1.278095E-02,-1.2586194E-01,-7.8807831E-01
1.278422E-02,-1.2708264E-01,-7.9273224E-01
1.278750E-02,-1.2610608E-01,-7.9578400E-01
1.279078E-02,-1.2772351E-01,-7.9998016E-01
1.279405E-02,-1.2689954E-01,-8.0326080E-01
1.279733E-02,-1.2775403E-01,-8.0646515E-01
1.280061E-02,-1.2686902E-01,-8.0829620E-01
1.280388E-02,-1.2775403E-01,-8.1050873E-01
1.280716E-02,-1.2674695E-01,-8.1249237E-01
1.281044E-02,-1.2821179E-01,-8.1386566E-01
1.281372E-02,-1.2760144E-01,-8.1417084E-01
1.281699E-02,-1.2995129E-01,-8.1508636E-01
1.282027E-02,-1.2839490E-01,-8.1394196E-01
1.282355E-02,-1.2958508E-01,-8.1577301E-01
1.282682E-02,-1.2876111E-01,-8.1386566E-01
1.283010E-02,-1.2985974E-01,-8.1386566E-01
1.283338E-02,-1.2882214E-01,-8.1104279E-01
1.283665E-02,-1.3028699E-01,-8.1142426E-01
1.283993E-02,-1.2967664E-01,-8.0905914E-01
1.284321E-02,-1.3077527E-01,-8.0722809E-01
1.284648E-02,-1.2909680E-01,-8.0402374E-01
1.284976E-02,-1.3016492E-01,-8.0204010E-01
1.285304E-02,-1.2879163E-01,-7.9738617E-01
1.285631E-02,-1.3010388E-01,-7.9494476E-01
1.285959E-02,-1.2961560E-01,-7.9021454E-01
1.286287E-02,-1.3126355E-01,-7.8723907E-01
1.286614E-02,-1.3037854E-01,-7.8166962E-01
1.286942E-02,-1.3172131E-01,-7.7754974E-01
1.287270E-02,-1.3007336E-01,-7.7106476E-01
1.287597E-02,-1.3101941E-01,-7.6618195E-01
1.287925E-02,-1.3047009E-01,-7.5855255E-01
1.288253E-02,-1.3187390E-01,-7.5351715E-01
1.288580E-02,-1.3092786E-01,-7.4542999E-01
1.288908E-02,-1.3257581E-01,-7.3947906E-01
1.289236E-02,-1.3098889E-01,-7.3040009E-01
1.289564E-02,-1.3230115E-01,-7.2406769E-01
1.289891E-02,-1.3065320E-01,-7.1430206E-01
1.290219E-02,-1.3166028E-01,-7.0819855E-01
1.290547E-02,-1.3019543E-01,-6.9843292E-01
1.290874E-02,-1.3202649E-01,-6.9133759E-01
1.291202E-02,-1.3043958E-01,-6.7974091E-01
1.291530E-02,-1.3211804E-01,-6.7203522E-01
1.291857E-02,-1.3037854E-01,-6.6028595E-01
1.292185E-02,-1.3172131E-01,-6.5174103E-01
1.292513E-02,-1.3031750E-01,-6.3930511E-01
1.292840E-02,-1.3199597E-01,-6.3037872E-01
1.293168E-02,-1.3135510E-01,-6.1710358E-01
1.293496E-02,-1.3336926E-01,-6.0771942E-01
1.293823E-02,-1.3254529E-01,-5.9452057E-01
1.294151E-02,-1.3419324E-01,-5.8521271E-01
1.294479E-02,-1.3263684E-01,-5.7170868E-01
1.294806E-02,-1.3315564E-01,-5.6079865E-01
1.295134E-02,-1.3199597E-01,-5.4645538E-01
1.295462E-02,-1.3333875E-01,-5.3539276E-01
1.295789E-02,-1.3239270E-01,-5.1998138E-01
1.296117E-02,-1.3394910E-01,-5.0922394E-01
1.296445E-02,-1.3285046E-01,-4.9381256E-01
1.296772E-02,-1.3394910E-01,-4.8091888E-01
1.297100E-02,-1.3263684E-01,-4.6566010E-01
1.297428E-02,-1.3370496E-01,-4.5322418E-01
1.297756E-02,-1.3312512E-01,-4.3697357E-01
1.298083E-02,-1.3428479E-01,-4.2438507E-01
1.298411E-02,-1.3361340E-01,-4.0859222E-01
1.298739E-02,-1.3483411E-01,-3.9539337E-01
1.299066E-02,-1.3382703E-01,-3.7815094E-01
1.299394E-02,-1.3480359E-01,-3.6334991E-01
1.299722E-02,-1.3388806E-01,-3.4587860E-01
1.300049E-02,-1.3480359E-01,-3.3237457E-01
1.300377E-02,-1.3455945E-01,-3.1414032E-01
1.300705E-02,-1.3556653E-01,-3.0010223E-01
1.301032E-02,-1.3501721E-01,-2.8308868E-01
1.301360E-02,-1.3553601E-01,-2.6805878E-01
1.301688E-02,-1.3413220E-01,-2.5096893E-01
1.302015E-02,-1.3416272E-01,-2.3586273E-01
1.302343E-02,-1.3349133E-01,-2.1800995E-01
1.302671E-02,-1.3440686E-01,-2.0198822E-01
1.302998E-02,-1.3471204E-01,-1.8383026E-01
1.303326E-02,-1.3562756E-01,-1.6757965E-01
1.303654E-02,-1.3495618E-01,-1.4980316E-01
1.303981E-02,-1.3483411E-01,-1.3347626E-01
1.304309E-02,-1.3437634E-01,-1.1539459E-01
1.304637E-02,-1.3449841E-01,-9.9220276E-02
1.304964E-02,-1.3446790E-01,-8.1138611E-02
1.305292E-02,-1.3510876E-01,-6.5727234E-02
1.305620E-02,-1.3504773E-01,-4.7569275E-02
1.305948E-02,-1.3565808E-01,-3.1394958E-02
1.306275E-02,-1.3562756E-01,-1.3084412E-02
1.306603E-02,-1.3523083E-01,3.0899048E-03
1.306931E-02,-1.3486462E-01,2.1781921E-02
1.307258E-02,-1.3516980E-01,3.7651062E-02
1.307586E-02,-1.3535291E-01,5.5580139E-02
1.307914E-02,-1.3538342E-01,7.1983337E-02
1.308241E-02,-1.3559705E-01,9.0751648E-02
1.308569E-02,-1.3547498E-01,1.0784149E-01
1.308897E-02,-1.3578015E-01,1.2584686E-01
1.309224E-02,-1.3535291E-01,1.4240265E-01
1.309552E-02,-1.3568860E-01,1.6040802E-01
1.309880E-02,-1.3587170E-01,1.7650604E-01
1.310207E-02,-1.3700085E-01,1.9329071E-01
1.310535E-02,-1.3697034E-01,2.0923615E-01
1.310863E-02,-1.3785535E-01,2.2693634E-01
1.311190E-02,-1.3715344E-01,2.4234772E-01
1.311518E-02,-1.3712292E-01,2.6065826E-01
1.311846E-02,-1.3587170E-01,2.7667999E-01
1.312173E-02,-1.3623792E-01,2.9338837E-01
1.312501E-02,-1.3593274E-01,3.0910492E-01
1.312829E-02,-1.3669568E-01,3.2680511E-01
1.313156E-02,-1.3629895E-01,3.4305573E-01
1.313484E-02,-1.3706189E-01,3.5907745E-01
1.313812E-02,-1.3681775E-01,3.7410736E-01
1.314140E-02,-1.3712292E-01,3.8997650E-01
1.314467E-02,-1.3642102E-01,4.0554047E-01
1.314795E-02,-1.3739758E-01,4.2125702E-01
1.315123E-02,-1.3730603E-01,4.3659210E-01
1.315450E-02,-1.3883191E-01,4.5162201E-01
1.315778E-02,-1.3825208E-01,4.6657562E-01
1.316106E-02,-1.3877087E-01,4.8206329E-01
1.316433E-02,-1.3803845E-01,4.9564362E-01
1.316761E-02,-1.3880139E-01,5.1044464E-01
1.317089E-02,-1.3788586E-01,5.2349091E-01
1.317416E-02,-1.3925916E-01,5.3844452E-01
1.317744E-02,-1.3895398E-01,5.5217743E-01
1.318072E-02,-1.3950330E-01,5.6499481E-01
1.318399E-02,-1.3843518E-01,5.7834625E-01
1.318727E-02,-1.3883191E-01,5.9177399E-01
1.319055E-02,-1.3739758E-01,6.0359955E-01
1.319382E-02,-1.3880139E-01,6.1649323E-01
1.319710E-02,-1.3861829E-01,6.2892914E-01
1.320038E-02,-1.4002209E-01,6.4136505E-01
1.320365E-02,-1.3928967E-01,6.5242767E-01
1.320693E-02,-1.4047986E-01,6.6509247E-01
1.321021E-02,-1.3904553E-01,6.7546844E-01
1.321348E-02,-1.3990002E-01,6.8660736E-01
1.321676E-02,-1.3880139E-01,6.9728851E-01
1.322004E-02,-1.4066296E-01,7.0804596E-01
1.322332E-02,-1.3959485E-01,7.1887970E-01
1.322659E-02,-1.4081555E-01,7.2856903E-01
1.322987E-02,-1.3986951E-01,7.3795319E-01
1.323315E-02,-1.4078503E-01,7.4794769E-01
1.323642E-02,-1.3965588E-01,7.5641632E-01
1.323970E-02,-1.4075452E-01,7.6473236E-01
1.324298E-02,-1.3983899E-01,7.7289581E-01
1.324625E-02,-1.4084607E-01,7.8067780E-01
1.324953E-02,-1.4002209E-01,7.8830719E-01
1.325281E-02,-1.4118176E-01,7.9616547E-01
1.325608E-02,-1.3965588E-01,8.0387115E-01
1.325936E-02,-1.4090710E-01,8.0898285E-01
1.326264E-02,-1.4017468E-01,8.1600189E-01
1.326591E-02,-1.4163953E-01,8.2149506E-01
1.326919E-02,-1.4044934E-01,8.2729340E-01
1.327247E-02,-1.4200574E-01,8.3225250E-01
1.327574E-02,-1.4078503E-01,8.3812714E-01
1.327902E-02,-1.4234143E-01,8.4255219E-01
1.328230E-02,-1.4130383E-01,8.4781647E-01
1.328557E-02,-1.4246350E-01,8.5178375E-01
1.328885E-02,-1.4102917E-01,8.5590363E-01
1.329213E-02,-1.4163953E-01,8.5803986E-01
1.329540E-02,-1.4081555E-01,8.6223602E-01
1.329868E-02,-1.4270764E-01,8.6437225E-01
1.330196E-02,-1.4206677E-01,8.6666107E-01
1.330524E-02,-1.4313489E-01,8.6772919E-01
1.330851E-02,-1.4185315E-01,8.7032318E-01
1.331179E-02,-1.4310437E-01,8.6971283E-01
1.331507E-02,-1.4197522E-01,8.7223053E-01
1.331834E-02,-1.4365369E-01,8.7184906E-01
1.332162E-02,-1.4267712E-01,8.7276459E-01
1.332490E-02,-1.4499646E-01,8.7192535E-01
1.332817E-02,-1.4380627E-01,8.7207794E-01
1.333145E-02,-1.4524060E-01,8.7055206E-01
1.333473E-02,-1.4374524E-01,8.7062836E-01
1.333800E-02,-1.4502698E-01,8.6719513E-01
1.334128E-02,-1.4423352E-01,8.6635590E-01
1.334456E-02,-1.4575940E-01,8.6200714E-01
1.334783E-02,-1.4487439E-01,8.6078644E-01
1.335111E-02,-1.4566785E-01,8.5689545E-01
1.335439E-02,-1.4395886E-01,8.5445404E-01
1.335766E-02,-1.4447766E-01,8.5002899E-01
1.336094E-02,-1.4289075E-01,8.4705353E-01
1.336422E-02,-1.4502698E-01,8.4079742E-01
1.336749E-02,-1.4423352E-01,8.3721161E-01
1.337077E-02,-1.4600354E-01,8.3187103E-01
1.337405E-02,-1.4521008E-01,8.2683563E-01
1.337732E-02,-1.4603406E-01,8.1981659E-01
1.338060E-02,-1.4441663E-01,8.1539154E-01
1.338388E-02,-1.4609509E-01,8.0760956E-01
1.338716E-02,-1.4536267E-01,8.0188751E-01
1.339043E-02,-1.4698010E-01,7.9334259E-01
1.339371E-02,-1.4652234E-01,7.8746796E-01
1.339699E-02,-1.4725476E-01,7.7777863E-01
1.340026E-02,-1.4585095E-01,7.7198029E-01
1.340354E-02,-1.4725476E-01,7.6160431E-01
1.340682E-02,-1.4548474E-01,7.5466156E-01
1.341009E-02,-1.4716321E-01,7.4405670E-01
1.341337E-02,-1.4575940E-01,7.3657990E-01
1.341665E-02,-1.4725476E-01,7.2490692E-01
1.341992E-02,-1.4542371E-01,7.1704865E-01
1.342320E-02,-1.4670544E-01,7.0537567E-01
1.342648E-02,-1.4508801E-01,6.9751740E-01
1.342975E-02,-1.4676648E-01,6.8332672E-01
1.343303E-02,-1.4551526E-01,6.7546844E-01
1.343631E-02,-1.4771252E-01,6.6158295E-01
1.343958E-02,-1.4710217E-01,6.5151215E-01
1.344286E-02,-1.4890271E-01,6.3785553E-01
1.344614E-02,-1.4798718E-01,6.2755585E-01
1.344941E-02,-1.4917737E-01,6.1321259E-01
1.345269E-02,-1.4850598E-01,6.0367584E-01
1.345597E-02,-1.4887219E-01,5.8788300E-01
1.345924E-02,-1.4801770E-01,5.7666779E-01
1.346252E-02,-1.4838391E-01,5.6133270E-01
1.346580E-02,-1.4792615E-01,5.4935455E-01
1.346908E-02,-1.4905530E-01,5.3447723E-01
1.347235E-02,-1.4844495E-01,5.2211761E-01
1.347563E-02,-1.4929944E-01,5.0769806E-01
1.347891E-02,-1.4884167E-01,4.9503326E-01
1.348218E-02,-1.4902478E-01,4.7748566E-01
1.348546E-02,-1.4829236E-01,4.6512604E-01
1.348874E-02,-1.4960461E-01,4.4696808E-01
1.349201E-02,-1.4963513E-01,4.3323517E-01
1.349529E-02,-1.5067273E-01,4.1721344E-01
1.349857E-02,-1.5045911E-01,4.0287018E-01
1.350184E-02,-1.5048962E-01,3.8555145E-01
1.350512E-02,-1.5018445E-01,3.7128448E-01
1.350840E-02,-1.5079480E-01,3.5465240E-01
1.351167E-02,-1.5055066E-01,3.3962250E-01
1.351495E-02,-1.5140515E-01,3.2222748E-01
1.351823E-02,-1.5143567E-01,3.0651093E-01
1.352150E-02,-1.5109998E-01,2.8972626E-01
1.352478E-02,-1.5027600E-01,2.7370453E-01
1.352806E-02,-1.5003186E-01,2.5600433E-01
1.353133E-02,-1.4929944E-01,2.4120331E-01
1.353461E-02,-1.5036755E-01,2.2350311E-01
1.353789E-02,-1.5076428E-01,2.0816803E-01
1.354116E-02,-1.5161877E-01,1.8993378E-01
1.354444E-02,-1.5189343E-01,1.7414093E-01
1.354772E-02,-1.5152722E-01,1.5544891E-01
1.355100E-02,-1.5134412E-01,1.3965607E-01
1.355427E-02,-1.5143567E-01,1.2165070E-01
1.355755E-02,-1.5174084E-01,1.0540009E-01
1.356083E-02,-1.5229016E-01,8.5945129E-02
1.356410E-02,-1.5283948E-01,6.9618225E-02
1.356738E-02,-1.5283948E-01,5.1460266E-02
1.357066E-02,-1.5253430E-01,3.4446716E-02
1.357393E-02,-1.5180188E-01,1.7127991E-02
1.357721E-02,-1.5244275E-01,4.9591064E-04
1.358049E-02,-1.5174084E-01,-1.7127991E-02
1.358376E-02,-1.5253430E-01,-3.3683777E-02
1.358704E-02,-1.5216809E-01,-5.1002502E-02
1.359032E-02,-1.5222913E-01,-6.8168640E-02
1.359359E-02,-1.5204602E-01,-8.5334778E-02
1.359687E-02,-1.5259534E-01,-1.0242462E-01
1.360015E-02,-1.5229016E-01,-1.1989594E-01
1.360342E-02,-1.5305310E-01,-1.3591766E-01
1.360670E-02,-1.5287000E-01,-1.5377045E-01
1.360998E-02,-1.5351086E-01,-1.6887665E-01
1.361325E-02,-1.5320569E-01,-1.8619537E-01
1.361653E-02,-1.5415173E-01,-2.0290375E-01
1.361981E-02,-1.5329724E-01,-2.2060394E-01
1.362308E-02,-1.5396863E-01,-2.3670197E-01
1.362636E-02,-1.5274792E-01,-2.5363922E-01
1.362964E-02,-1.5293103E-01,-2.6905060E-01
1.363292E-02,-1.5247327E-01,-2.8621674E-01
1.363619E-02,-1.5390759E-01,-3.0185699E-01
1.363947E-02,-1.5305310E-01,-3.1795502E-01
1.364275E-02,-1.5372449E-01,-3.3428192E-01
1.364602E-02,-1.5283948E-01,-3.5007477E-01
1.364930E-02,-1.5351086E-01,-3.6525726E-01
1.365258E-02,-1.5268689E-01,-3.8074493E-01
1.365585E-02,-1.5409070E-01,-3.9531708E-01
1.365913E-02,-1.5329724E-01,-4.1126251E-01
1.366241E-02,-1.5525037E-01,-4.2537689E-01
1.366568E-02,-1.5439587E-01,-4.3972015E-01
1.366896E-02,-1.5567761E-01,-4.5452118E-01
1.367224E-02,-1.5424329E-01,-4.6863556E-01
1.367551E-02,-1.5494519E-01,-4.8198700E-01
1.367879E-02,-1.5399915E-01,-4.9594879E-01
1.368207E-02,-1.5525037E-01,-5.1021576E-01
1.368534E-02,-1.5427380E-01,-5.2410126E-01
1.368862E-02,-1.5546399E-01,-5.3676605E-01
1.369190E-02,-1.5415173E-01,-5.4965973E-01
1.369517E-02,-1.5470105E-01,-5.6217194E-01
1.369845E-02,-1.5332776E-01,-5.7445526E-01
1.370173E-02,-1.5470105E-01,-5.8673859E-01
1.370500E-02,-1.5427380E-01,-5.9856415E-01
1.370828E-02,-1.5589124E-01,-6.0916901E-01
1.371156E-02,-1.5521985E-01,-6.2007904E-01
1.371484E-02,-1.5619641E-01,-6.3182831E-01
1.371811E-02,-1.5473157E-01,-6.4311981E-01
1.372139E-02,-1.5561658E-01,-6.5319061E-01
1.372467E-02,-1.5485364E-01,-6.6303253E-01
1.372794E-02,-1.5619641E-01,-6.7287445E-01
1.373122E-02,-1.5558606E-01,-6.8187714E-01
1.373450E-02,-1.5653210E-01,-6.9179535E-01
1.373777E-02,-1.5579968E-01,-7.0018768E-01
1.374105E-02,-1.5708142E-01,-7.0957184E-01
1.374433E-02,-1.5521985E-01,-7.1712494E-01
1.374760E-02,-1.5601331E-01,-7.2559357E-01
1.375088E-02,-1.5464001E-01,-7.3268890E-01
1.375416E-02,-1.5659314E-01,-7.3978424E-01
1.375743E-02,-1.5546399E-01,-7.4687958E-01
1.376071E-02,-1.5665417E-01,-7.5412750E-01
1.376399E-02,-1.5509778E-01,-7.6007843E-01
1.376726E-02,-1.5567761E-01,-7.6671600E-01
1.377054E-02,-1.5482312E-01,-7.7243805E-01
1.377382E-02,-1.5647107E-01,-7.7770233E-01
1.377709E-02,-1.5586072E-01,-7.8189850E-01
1.378037E-02,-1.5735608E-01,-7.8716278E-01
1.378365E-02,-1.5686780E-01,-7.9006195E-01
1.378692E-02,-1.5824109E-01,-7.9502106E-01
1.379020E-02,-1.5674573E-01,-7.9799652E-01
1.379348E-02,-1.5744763E-01,-8.0204010E-01
1.379676E-02,-1.5573865E-01,-8.0471039E-01
1.380003E-02,-1.5674573E-01,-8.0898285E-01
1.380331E-02,-1.5561658E-01,-8.0951691E-01
1.380659E-02,-1.5766125E-01,-8.1233978E-01
1.380986E-02,-1.5601331E-01,-8.1279755E-01
1.381314E-02,-1.5702039E-01,-8.1424713E-01
1.381642E-02,-1.5589124E-01,-8.1432343E-01
1.381969E-02,-1.5641003E-01,-8.1577301E-01
1.382297E-02,-1.5491467E-01,-8.1478119E-01
1.382625E-02,-1.5644055E-01,-8.1501007E-01
1.382952E-02,-1.5540295E-01,-8.1325531E-01
1.383280E-02,-1.5686780E-01,-8.1363678E-01
1.383608E-02,-1.5610486E-01,-8.1134796E-01
1.383935E-02,-1.5671521E-01,-8.1058502E-01
1.384263E-02,-1.5579968E-01,-8.0707550E-01
1.384591E-02,-1.5723401E-01,-8.0577850E-01
1.384918E-02,-1.5604382E-01,-8.0081940E-01
1.385246E-02,-1.5711194E-01,-7.9967499E-01
1.385574E-02,-1.5595227E-01,-7.9471588E-01
1.385901E-02,-1.5756970E-01,-7.9235077E-01
1.386229E-02,-1.5531140E-01,-7.8624725E-01
1.386557E-02,-1.5592175E-01,-7.8327179E-01
1.386884E-02,-1.5479260E-01,-7.7716827E-01
1.387212E-02,-1.5610486E-01,-7.7243805E-01
1.387540E-02,-1.5525037E-01,-7.6618195E-01
1.387868E-02,-1.5711194E-01,-7.6168060E-01
1.388195E-02,-1.5564709E-01,-7.5420380E-01
1.388523E-02,-1.5680676E-01,-7.4840546E-01
1.388851E-02,-1.5506726E-01,-7.4016571E-01
1.389178E-02,-1.5631848E-01,-7.3444366E-01
1.389506E-02,-1.5540295E-01,-7.2490692E-01
1.389834E-02,-1.5692883E-01,-7.1964264E-01
1.390161E-02,-1.5546399E-01,-7.0926666E-01
1.390489E-02,-1.5714246E-01,-7.0194244E-01
1.390817E-02,-1.5570813E-01,-6.9103241E-01
1.391144E-02,-1.5644055E-01,-6.8332672E-01
1.391472E-02,-1.5424329E-01,-6.7173004E-01
1.391800E-02,-1.5561658E-01,-6.6417694E-01
1.392127E-02,-1.5470105E-01,-6.5212250E-01
1.392455E-02,-1.5625745E-01,-6.4426422E-01
1.392783E-02,-1.5512830E-01,-6.3106537E-01
1.393110E-02,-1.5644055E-01,-6.2099457E-01
1.393438E-02,-1.5494519E-01,-6.0909271E-01
1.393766E-02,-1.5561658E-01,-5.9940338E-01
1.394093E-02,-1.5445691E-01,-5.8628082E-01
1.394421E-02,-1.5537244E-01,-5.7621002E-01
1.394749E-02,-1.5525037E-01,-5.6270599E-01
1.395076E-02,-1.5644055E-01,-5.5088043E-01
1.395404E-02,-1.5543347E-01,-5.3676605E-01
1.395732E-02,-1.5625745E-01,-5.2501678E-01
1.396060E-02,-1.5509778E-01,-5.0975800E-01
1.396387E-02,-1.5564709E-01,-4.9770355E-01
1.396715E-02,-1.5433484E-01,-4.8252106E-01
1.397043E-02,-1.5537244E-01,-4.7008514E-01
1.397370E-02,-1.5448743E-01,-4.5337677E-01
1.397698E-02,-1.5552502E-01,-4.4101715E-01
1.398026E-02,-1.5464001E-01,-4.2598724E-01
1.398353E-02,-1.5512830E-01,-4.1332245E-01
1.398681E-02,-1.5381604E-01,-3.9608002E-01
1.399009E-02,-1.5430432E-01,-3.8188934E-01
1.399336E-02,-1.5399915E-01,-3.6556244E-01
1.399664E-02,-1.5476208E-01,-3.5099030E-01
1.399992E-02,-1.5464001E-01,-3.3390045E-01
1.400319E-02,-1.5543347E-01,-3.1833649E-01
1.400647E-02,-1.5467053E-01,-3.0086517E-01
1.400975E-02,-1.5515881E-01,-2.8682709E-01
1.401302E-02,-1.5460950E-01,-2.6988983E-01
1.401630E-02,-1.5506726E-01,-2.5470734E-01
1.401958E-02,-1.5488416E-01,-2.3738861E-01
1.402285E-02,-1.5521985E-01,-2.2251129E-01
1.402613E-02,-1.5515881E-01,-2.0389557E-01
1.402941E-02,-1.5506726E-01,-1.8741608E-01
1.403268E-02,-1.5430432E-01,-1.7017365E-01
1.403596E-02,-1.5399915E-01,-1.5399933E-01
1.403924E-02,-1.5384656E-01,-1.3622284E-01
1.404252E-02,-1.5406018E-01,-1.2073517E-01
1.404579E-02,-1.5479260E-01,-1.0272980E-01
1.404907E-02,-1.5497571E-01,-8.6326599E-02
1.405235E-02,-1.5528088E-01,-6.8855286E-02
1.405562E-02,-1.5494519E-01,-5.2909851E-02
1.405890E-02,-1.5476208E-01,-3.4217834E-02
1.406218E-02,-1.5433484E-01,-1.7509460E-02
1.406545E-02,-1.5460950E-01,3.4332275E-04
1.406873E-02,-1.5494519E-01,1.6593933E-02
1.407201E-02,-1.5479260E-01,3.5133362E-02
1.407528E-02,-1.5402966E-01,5.1765442E-02
1.407856E-02,-1.5433484E-01,7.0381165E-02
1.408184E-02,-1.5314465E-01,8.7242126E-02
1.408511E-02,-1.5277844E-01,1.0501862E-01
1.408839E-02,-1.5167981E-01,1.2241364E-01
1.409167E-02,-1.5238171E-01,1.4072418E-01
1.409494E-02,-1.5207654E-01,1.5735626E-01
1.409822E-02,-1.5247327E-01,1.7551422E-01
1.410150E-02,-1.5164929E-01,1.9115448E-01
1.410477E-02,-1.5177136E-01,2.0893097E-01
1.410805E-02,-1.5106946E-01,2.2472382E-01
1.411133E-02,-1.5167981E-01,2.4143219E-01
1.411460E-02,-1.5149670E-01,2.5737762E-01
1.411788E-02,-1.5247327E-01,2.7469635E-01
1.412116E-02,-1.5213757E-01,2.9026031E-01
1.412444E-02,-1.5314465E-01,3.0742645E-01
1.412771E-02,-1.5277844E-01,3.2321930E-01
1.413099E-02,-1.5293103E-01,3.4023285E-01
1.413427E-02,-1.5149670E-01,3.5564423E-01
1.413754E-02,-1.5232068E-01,3.7197113E-01
1.414082E-02,-1.5158826E-01,3.8600922E-01
1.414410E-02,-1.5287000E-01,4.0241241E-01
1.414737E-02,-1.5210706E-01,4.1790009E-01
1.415065E-02,-1.5323621E-01,4.3285370E-01
1.415393E-02,-1.5195447E-01,4.4887543E-01
1.415720E-02,-1.5232068E-01,4.6382904E-01
1.416048E-02,-1.5122205E-01,4.7817230E-01
1.416376E-02,-1.5250378E-01,4.9251556E-01
1.416703E-02,-1.5235120E-01,5.0739288E-01
1.417031E-02,-1.5378552E-01,5.2158356E-01
1.417359E-02,-1.5268689E-01,5.3516388E-01
1.417686E-02,-1.5369397E-01,5.4851532E-01
1.418014E-02,-1.5262585E-01,5.6201935E-01
1.418342E-02,-1.5402966E-01,5.7476044E-01
1.418669E-02,-1.5308362E-01,5.8856964E-01
1.418997E-02,-1.5412122E-01,6.0108185E-01
1.419325E-02,-1.5299207E-01,6.1412811E-01
1.419652E-02,-1.5418225E-01,6.2602997E-01
1.419980E-02,-1.5305310E-01,6.3846588E-01
1.420308E-02,-1.5360242E-01,6.5044403E-01
1.420636E-02,-1.5140515E-01,6.6234589E-01
1.420963E-02,-1.5235120E-01,6.7356110E-01
1.421291E-02,-1.5192395E-01,6.8477631E-01
1.421619E-02,-1.5372449E-01,6.9477081E-01
1.421946E-02,-1.5290051E-01,7.0560455E-01
1.422274E-02,-1.5402966E-01,7.1537018E-01
1.422602E-02,-1.5256482E-01,7.2505951E-01
1.422929E-02,-1.5375500E-01,7.3467255E-01
1.423257E-02,-1.5262585E-01,7.4489594E-01
1.423585E-02,-1.5348035E-01,7.5397491E-01
1.423912E-02,-1.5323621E-01,7.6267242E-01
1.424240E-02,-1.5454846E-01,7.7106476E-01
1.424568E-02,-1.5326672E-01,7.7899933E-01
1.424895E-02,-1.5369397E-01,7.8731537E-01
1.425223E-02,-1.5232068E-01,7.9502106E-01
1.425551E-02,-1.5323621E-01,8.0112457E-01
1.425878E-02,-1.5174084E-01,8.0905914E-01
1.426206E-02,-1.5323621E-01,8.1417084E-01
1.426534E-02,-1.5158826E-01,8.2126617E-01
1.426861E-02,-1.5296155E-01,8.2630157E-01
1.427189E-02,-1.5219861E-01,8.3194733E-01
1.427517E-02,-1.5348035E-01,8.3614349E-01
1.427844E-02,-1.5195447E-01,8.4186554E-01
1.428172E-02,-1.5387708E-01,8.4560394E-01
1.428500E-02,-1.5302258E-01,8.5025787E-01
1.428828E-02,-1.5503674E-01,8.5353851E-01
1.429155E-02,-1.5412122E-01,8.5735321E-01
1.429483E-02,-1.5525037E-01,8.5964203E-01
1.429811E-02,-1.5332776E-01,8.6376190E-01
1.430138E-02,-1.5464001E-01,8.6483002E-01
1.430466E-02,-1.5329724E-01,8.6864471E-01
1.430794E-02,-1.5451794E-01,8.6940765E-01
1.431121E-02,-1.5277844E-01,8.7139130E-01
1.431449E-02,-1.5412122E-01,8.7070465E-01
1.431777E-02,-1.5326672E-01,8.7284088E-01
1.432104E-02,-1.5436536E-01,8.7085724E-01
1.432432E-02,-1.5256482E-01,8.7238312E-01
1.432760E-02,-1.5360242E-01,8.7017059E-01
1.433087E-02,-1.5280896E-01,8.7108612E-01
1.433415E-02,-1.5402966E-01,8.6818695E-01
1.433743E-02,-1.5293103E-01,8.6811066E-01
1.434070E-02,-1.5457898E-01,8.6498260E-01
1.434398E-02,-1.5348035E-01,8.6437225E-01
1.434726E-02,-1.5485364E-01,8.6002350E-01
1.435053E-02,-1.5332776E-01,8.5857391E-01
1.435381E-02,-1.5427380E-01,8.5353851E-01
1.435709E-02,-1.5299207E-01,8.5216522E-01
1.436036E-02,-1.5473157E-01,8.4522247E-01
1.436364E-02,-1.5332776E-01,8.4285736E-01
1.436692E-02,-1.5430432E-01,8.3690643E-01
1.437020E-02,-1.5225964E-01,8.3362579E-01
1.437347E-02,-1.5293103E-01,8.2599640E-01
1.437675E-02,-1.5158826E-01,8.2225800E-01
1.438003E-02,-1.5348035E-01,8.1394196E-01
1.438330E-02,-1.5210706E-01,8.0928802E-01
1.438658E-02,-1.5393811E-01,8.0066681E-01
1.438986E-02,-1.5329724E-01,7.9639435E-01
1.439313E-02,-1.5500623E-01,7.8647614E-01
1.439641E-02,-1.5277844E-01,7.8083038E-01
1.439969E-02,-1.5415173E-01,7.7053070E-01
1.440296E-02,-1.5305310E-01,7.6427460E-01
1.440624E-02,-1.5506726E-01,7.5328827E-01
1.440952E-02,-1.5396863E-01,7.4573517E-01
1.441279E-02,-1.5470105E-01,7.3406219E-01
1.441607E-02,-1.5338879E-01,7.2711945E-01
1.441935E-02,-1.5451794E-01,7.1498871E-01
1.442262E-02,-1.5262585E-01,7.0781708E-01
1.442590E-02,-1.5384656E-01,6.9553375E-01
1.442918E-02,-1.5280896E-01,6.8584442E-01
1.443245E-02,-1.5418225E-01,6.7356110E-01
1.443573E-02,-1.5387708E-01,6.6318512E-01
1.443901E-02,-1.5442639E-01,6.4983368E-01
1.444228E-02,-1.5375500E-01,6.3922882E-01
1.444556E-02,-1.5427380E-01,6.2526703E-01
1.444884E-02,-1.5384656E-01,6.1458588E-01
1.445212E-02,-1.5485364E-01,6.0092926E-01
1.445539E-02,-1.5409070E-01,5.8971405E-01
1.445867E-02,-1.5518933E-01,5.7483673E-01
1.446195E-02,-1.5497571E-01,5.6423187E-01
1.446522E-02,-1.5561658E-01,5.4912567E-01
1.446850E-02,-1.5454846E-01,5.3699493E-01
1.447178E-02,-1.5436536E-01,5.2181244E-01
1.447505E-02,-1.5384656E-01,5.0868988E-01
1.447833E-02,-1.5448743E-01,4.9373627E-01
1.448161E-02,-1.5424329E-01,4.8046112E-01
1.448488E-02,-1.5454846E-01,4.6421051E-01
1.448816E-02,-1.5375500E-01,4.5055389E-01
1.449144E-02,-1.5424329E-01,4.3445587E-01
1.449471E-02,-1.5406018E-01,4.1973114E-01
1.449799E-02,-1.5396863E-01,4.0271759E-01
1.450127E-02,-1.5357190E-01,3.8875580E-01
1.450454E-02,-1.5402966E-01,3.7181854E-01
1.450782E-02,-1.5503674E-01,3.5732269E-01
1.451110E-02,-1.5528088E-01,3.4046173E-01
1.451437E-02,-1.5494519E-01,3.2459259E-01
1.451765E-02,-1.5467053E-01,3.0796051E-01
1.452093E-02,-1.5491467E-01,2.9193878E-01
1.452420E-02,-1.5485364E-01,2.7416229E-01
1.452748E-02,-1.5515881E-01,2.5836945E-01
1.453076E-02,-1.5543347E-01,2.4120331E-01
1.453404E-02,-1.5518933E-01,2.2647858E-01
1.453731E-02,-1.5537244E-01,2.0877838E-01
1.454059E-02,-1.5518933E-01,1.9229889E-01
1.454387E-02,-1.5390759E-01,1.7467499E-01
1.454714E-02,-1.5412122E-01,1.5842438E-01
1.455042E-02,-1.5418225E-01,1.4072418E-01
1.455370E-02,-1.5500623E-01,1.2493134E-01
1.455697E-02,-1.5509778E-01,1.0715485E-01
1.456025E-02,-1.5531140E-01,8.9454651E-02
1.456353E-02,-1.5491467E-01,7.1678162E-02
1.456680E-02,-1.5552502E-01,5.4359436E-02
1.457008E-02,-1.5518933E-01,3.6125183E-02
1.457336E-02,-1.5576917E-01,1.9645691E-02
1.457663E-02,-1.5543347E-01,1.4877319E-03
1.457991E-02,-1.5631848E-01,-1.5449524E-02
1.458319E-02,-1.5634900E-01,-3.3912659E-02
1.458646E-02,-1.5674573E-01,-5.0697327E-02
1.458974E-02,-1.5561658E-01,-6.8244934E-02
1.459302E-02,-1.5595227E-01,-8.3808899E-02
1.459629E-02,-1.5567761E-01,-1.0120392E-01
1.459957E-02,-1.5634900E-01,-1.1844635E-01
1.460285E-02,-1.5537244E-01,-1.3637543E-01
1.460612E-02,-1.5619641E-01,-1.5163422E-01
1.460940E-02,-1.5564709E-01,-1.6864777E-01
1.461268E-02,-1.5607434E-01,-1.8566132E-01
1.461596E-02,-1.5573865E-01,-2.0381927E-01
1.461923E-02,-1.5595227E-01,-2.2014618E-01
1.462251E-02,-1.5573865E-01,-2.3677826E-01
1.462579E-02,-1.5677625E-01,-2.5226593E-01
1.462906E-02,-1.5689832E-01,-2.6966095E-01
1.463234E-02,-1.5781384E-01,-2.8522491E-01
1.463562E-02,-1.5674573E-01,-3.0147552E-01
1.463889E-02,-1.5756970E-01,-3.1650543E-01
1.464217E-02,-1.5641003E-01,-3.3412933E-01
1.464545E-02,-1.5698987E-01,-3.4908295E-01
1.464872E-02,-1.5607434E-01,-3.6441803E-01
1.465200E-02,-1.5760022E-01,-3.8005829E-01
1.465528E-02,-1.5644055E-01,-3.9539337E-01
1.465855E-02,-1.5729504E-01,-4.0981293E-01
1.466183E-02,-1.5589124E-01,-4.2499542E-01
1.466511E-02,-1.5668469E-01,-4.3941498E-01
1.466838E-02,-1.5589124E-01,-4.5345306E-01
1.467166E-02,-1.5763074E-01,-4.6756744E-01
1.467494E-02,-1.5711194E-01,-4.8206329E-01
1.467821E-02,-1.5787488E-01,-4.9678802E-01
1.468149E-02,-1.5726453E-01,-5.0952911E-01
1.468477E-02,-1.5796643E-01,-5.2295685E-01
1.468804E-02,-1.5689832E-01,-5.3661346E-01
1.469132E-02,-1.5805798E-01,-5.4935455E-01
1.469460E-02,-1.5695935E-01,-5.6194305E-01
1.469788E-02,-1.5827161E-01,-5.7445526E-01
1.470115E-02,-1.5698987E-01,-5.8597565E-01
1.470443E-02,-1.5848523E-01,-5.9772491E-01
1.470771E-02,-1.5695935E-01,-6.0817719E-01
1.471098E-02,-1.5729504E-01,-6.2000275E-01
1.471426E-02,-1.5613538E-01,-6.3076019E-01
1.471754E-02,-1.5698987E-01,-6.4189911E-01
1.472081E-02,-1.5610486E-01,-6.5242767E-01
1.472409E-02,-1.5760022E-01,-6.6326141E-01
1.472737E-02,-1.5732556E-01,-6.7279816E-01
1.473064E-02,-1.5848523E-01,-6.8264008E-01
1.473392E-02,-1.5732556E-01,-6.9110870E-01
1.473720E-02,-1.5814954E-01,-7.0011139E-01
1.474047E-02,-1.5674573E-01,-7.0842743E-01
1.474375E-02,-1.5814954E-01,-7.1712494E-01
1.474703E-02,-1.5732556E-01,-7.2574615E-01
1.475030E-02,-1.5903455E-01,-7.3429108E-01
1.475358E-02,-1.5775281E-01,-7.4108124E-01
1.475686E-02,-1.5900403E-01,-7.4863434E-01
1.476013E-02,-1.5769177E-01,-7.5534821E-01
1.476341E-02,-1.5839368E-01,-7.6183319E-01
1.476669E-02,-1.5689832E-01,-7.6732635E-01
1.476996E-02,-1.5790540E-01,-7.7358246E-01
1.477324E-02,-1.5683728E-01,-7.7846527E-01
1.477652E-02,-1.5830212E-01,-7.8433990E-01
1.477980E-02,-1.5662366E-01,-7.8769684E-01
1.478307E-02,-1.5787488E-01,-7.9250336E-01
1.478635E-02,-1.5625745E-01,-7.9586029E-01
1.478963E-02,-1.5778333E-01,-8.0051422E-01
1.479290E-02,-1.5677625E-01,-8.0287933E-01
1.479618E-02,-1.5824109E-01,-8.0646515E-01
1.479946E-02,-1.5747815E-01,-8.0791473E-01
1.480273E-02,-1.5857678E-01,-8.1089020E-01
1.480601E-02,-1.5686780E-01,-8.1134796E-01
1.480929E-02,-1.5772229E-01,-8.1386566E-01
1.481256E-02,-1.5534192E-01,-8.1455231E-01
1.481584E-02,-1.5677625E-01,-8.1607819E-01
1.481912E-02,-1.5598279E-01,-8.1516266E-01
1.482239E-02,-1.5714246E-01,-8.1645966E-01
1.482567E-02,-1.5521985E-01,-8.1508636E-01
1.482895E-02,-1.5662366E-01,-8.1638336E-01
1.483222E-02,-1.5451794E-01,-8.1325531E-01
1.483550E-02,-1.5589124E-01,-8.1333160E-01
1.483878E-02,-1.5460950E-01,-8.0997467E-01
1.484205E-02,-1.5567761E-01,-8.0913544E-01
1.484533E-02,-1.5518933E-01,-8.0448151E-01
1.484861E-02,-1.5644055E-01,-8.0402374E-01
1.485188E-02,-1.5497571E-01,-7.9967499E-01
1.485516E-02,-1.5567761E-01,-7.9837799E-01
1.485844E-02,-1.5396863E-01,-7.9212189E-01
1.486172E-02,-1.5579968E-01,-7.9059601E-01
1.486499E-02,-1.5415173E-01,-7.8342438E-01
1.486827E-02,-1.5592175E-01,-7.8029633E-01
1.487155E-02,-1.5436536E-01,-7.7335358E-01
1.487482E-02,-1.5543347E-01,-7.6984406E-01
1.487810E-02,-1.5406018E-01,-7.6236725E-01
1.488138E-02,-1.5476208E-01,-7.5809479E-01
1.488465E-02,-1.5302258E-01,-7.4901581E-01
1.488793E-02,-1.5445691E-01,-7.4405670E-01
1.489121E-02,-1.5348035E-01,-7.3513031E-01
1.489448E-02,-1.5543347E-01,-7.2940826E-01
1.489776E-02,-1.5409070E-01,-7.1971893E-01
1.490104E-02,-1.5509778E-01,-7.1300507E-01
1.490431E-02,-1.5381604E-01,-7.0316315E-01
1.490759E-02,-1.5476208E-01,-6.9599152E-01
1.491087E-02,-1.5366345E-01,-6.8576813E-01
1.491414E-02,-1.5470105E-01,-6.7813873E-01
1.491742E-02,-1.5396863E-01,-6.6661835E-01
1.492070E-02,-1.5467053E-01,-6.5845490E-01
1.492397E-02,-1.5396863E-01,-6.4586639E-01
1.492725E-02,-1.5439587E-01,-6.3625336E-01
1.493053E-02,-1.5299207E-01,-6.2389374E-01
1.493380E-02,-1.5399915E-01,-6.1382294E-01
1.493708E-02,-1.5280896E-01,-6.0092926E-01
1.494036E-02,-1.5372449E-01,-5.9116364E-01
1.494364E-02,-1.5262585E-01,-5.7781219E-01
1.494691E-02,-1.5354138E-01,-5.6659698E-01
1.495019E-02,-1.5283948E-01,-5.5263519E-01
1.495347E-02,-1.5341931E-01,-5.4119110E-01
1.495674E-02,-1.5293103E-01,-5.2753448E-01
1.496002E-02,-1.5354138E-01,-5.1509857E-01
1.496330E-02,-1.5317517E-01,-4.9983978E-01
1.496657E-02,-1.5384656E-01,-4.8694611E-01
1.496985E-02,-1.5344983E-01,-4.7168732E-01
1.497313E-02,-1.5387708E-01,-4.5902252E-01
1.497640E-02,-1.5320569E-01,-4.4261932E-01
1.497968E-02,-1.5280896E-01,-4.3018341E-01
1.498296E-02,-1.5241223E-01,-4.1484833E-01
1.498623E-02,-1.5222913E-01,-4.0119171E-01
1.498951E-02,-1.5207654E-01,-3.8501740E-01
1.499279E-02,-1.5222913E-01,-3.6983490E-01
1.499606E-02,-1.5225964E-01,-3.5358429E-01
1.499934E-02,-1.5189343E-01,-3.3847809E-01
1.500262E-02,-1.5167981E-01,-3.2169342E-01
1.500589E-02,-1.5119153E-01,-3.0620575E-01
1.500917E-02,-1.5134412E-01,-2.8919220E-01
1.501245E-02,-1.5213757E-01,-2.7416229E-01
1.501572E-02,-1.5271741E-01,-2.5730133E-01
1.501900E-02,-1.5244275E-01,-2.4173737E-01
1.502228E-02,-1.5293103E-01,-2.2480011E-01
1.502556E-02,-1.5274792E-01,-2.0877838E-01
1.502883E-02,-1.5262585E-01,-1.9092560E-01
1.503211E-02,-1.5195447E-01,-1.7475128E-01
1.503539E-02,-1.5287000E-01,-1.5705109E-01
1.503866E-02,-1.5308362E-01,-1.4102936E-01
1.504194E-02,-1.5299207E-01,-1.2355804E-01
1.504522E-02,-1.5213757E-01,-1.0684967E-01
1.504849E-02,-1.5198499E-01,-8.8996887E-02
1.505177E-02,-1.5125256E-01,-7.2669983E-02
1.505505E-02,-1.5195447E-01,-5.4893494E-02
1.505832E-02,-1.5189343E-01,-3.8414001E-02
1.506160E-02,-1.5296155E-01,-2.0484924E-02
1.506488E-02,-1.5305310E-01,-3.7765503E-03
1.506815E-02,-1.5387708E-01,1.3694763E-02
1.507143E-02,-1.5296155E-01,3.0479431E-02
1.507471E-02,-1.5305310E-01,4.7798157E-02
1.507798E-02,-1.5277844E-01,6.5193176E-02
1.508126E-02,-1.5344983E-01,8.3580017E-02
1.508454E-02,-1.5341931E-01,1.0028839E-01
1.508781E-02,-1.5409070E-01,1.1806488E-01
1.509109E-02,-1.5329724E-01,1.3629913E-01
1.509437E-02,-1.5384656E-01,1.5384674E-01
1.509764E-02,-1.5335828E-01,1.6933441E-01
1.510092E-02,-1.5387708E-01,1.8711090E-01
1.510420E-02,-1.5305310E-01,2.0420074E-01
1.510748E-02,-1.5406018E-01,2.2037506E-01
1.511075E-02,-1.5341931E-01,2.3677826E-01
1.511403E-02,-1.5436536E-01,2.5371552E-01
1.511731E-02,-1.5381604E-01,2.6935577E-01
1.512058E-02,-1.5476208E-01,2.8743744E-01
1.512386E-02,-1.5390759E-01,3.0216217E-01
1.512714E-02,-1.5497571E-01,3.1963348E-01
1.513041E-02,-1.5448743E-01,3.3641815E-01
1.513369E-02,-1.5598279E-01,3.5259247E-01
1.513697E-02,-1.5494519E-01,3.6884308E-01
1.514024E-02,-1.5683728E-01,3.8417816E-01
1.514352E-02,-1.5595227E-01,3.9897919E-01
1.514680E-02,-1.5668469E-01,4.1492462E-01
1.515007E-02,-1.5515881E-01,4.3041229E-01
1.515335E-02,-1.5607434E-01,4.4559479E-01
1.515663E-02,-1.5512830E-01,4.6092987E-01
1.515990E-02,-1.5656262E-01,4.7595978E-01
1.516318E-02,-1.5589124E-01,4.9068451E-01
1.516646E-02,-1.5686780E-01,5.0502777E-01
1.516973E-02,-1.5583020E-01,5.1868439E-01
1.517301E-02,-1.5686780E-01,5.3295135E-01
1.517629E-02,-1.5616589E-01,5.4744720E-01
1.517956E-02,-1.5760022E-01,5.6003571E-01
1.518284E-02,-1.5708142E-01,5.7392120E-01
1.518612E-02,-1.5897351E-01,5.8704376E-01
1.518940E-02,-1.5818005E-01,6.0016632E-01
1.519267E-02,-1.5940076E-01,6.1237335E-01
1.519595E-02,-1.5827161E-01,6.2541962E-01
1.519923E-02,-1.5961438E-01,6.3678741E-01
1.520250E-02,-1.5860730E-01,6.4937592E-01
1.520578E-02,-1.6025525E-01,6.6120148E-01
1.520906E-02,-1.5946179E-01,6.7279816E-01
1.521233E-02,-1.6059094E-01,6.8332672E-01
1.521561E-02,-1.5982800E-01,6.9377899E-01
1.521889E-02,-1.6031628E-01,7.0400238E-01
1.522216E-02,-1.5866833E-01,7.1552277E-01
1.522544E-02,-1.6043835E-01,7.2452545E-01
1.522872E-02,-1.6010266E-01,7.3459625E-01
1.523199E-02,-1.6226941E-01,7.4367523E-01
1.523527E-02,-1.6162854E-01,7.5328827E-01
1.523855E-02,-1.6284924E-01,7.6152802E-01
1.524182E-02,-1.6110974E-01,7.7022552E-01
1.524510E-02,-1.6263562E-01,7.7770233E-01
1.524838E-02,-1.6199475E-01,7.8670502E-01
1.525165E-02,-1.6373425E-01,7.9364777E-01
1.525493E-02,-1.6263562E-01,8.0081940E-01
1.525821E-02,-1.6480237E-01,8.0730438E-01
1.526148E-02,-1.6330701E-01,8.1470490E-01
1.526476E-02,-1.6468030E-01,8.1981659E-01
1.526804E-02,-1.6287976E-01,8.2721710E-01
1.527132E-02,-1.6416150E-01,8.3042145E-01
1.527459E-02,-1.6345959E-01,8.3652496E-01
1.527787E-02,-1.6596204E-01,8.4033966E-01
1.528115E-02,-1.6486340E-01,8.4590912E-01
1.528442E-02,-1.6620618E-01,8.4880829E-01
1.528770E-02,-1.6522961E-01,8.5361481E-01
1.529098E-02,-1.6693860E-01,8.5544586E-01
1.529425E-02,-1.6590100E-01,8.6048126E-01
1.529753E-02,-1.6739636E-01,8.6193085E-01
1.530081E-02,-1.6663342E-01,8.6544037E-01
1.530408E-02,-1.6876965E-01,8.6559296E-01
1.530736E-02,-1.6818982E-01,8.6963654E-01
1.531064E-02,-1.6925793E-01,8.6956024E-01
1.531391E-02,-1.6785413E-01,8.7184906E-01
1.531719E-02,-1.6934949E-01,8.7131500E-01
1.532047E-02,-1.6803723E-01,8.7314606E-01
1.532374E-02,-1.6931897E-01,8.7215424E-01
1.532702E-02,-1.6776257E-01,8.7299347E-01
1.533030E-02,-1.6962415E-01,8.7131500E-01
1.533357E-02,-1.6873914E-01,8.7131500E-01
1.533685E-02,-1.7017346E-01,8.6818695E-01
1.534013E-02,-1.6822034E-01,8.6772919E-01
1.534340E-02,-1.6968518E-01,8.6353302E-01
1.534668E-02,-1.6880017E-01,8.6292267E-01
1.534996E-02,-1.7127209E-01,8.5811615E-01
1.535324E-02,-1.7005139E-01,8.5613251E-01
1.535651E-02,-1.7188245E-01,8.5102081E-01
1.535979E-02,-1.7099744E-01,8.4857941E-01
1.536307E-02,-1.7285901E-01,8.4217072E-01
1.536634E-02,-1.7136365E-01,8.3873749E-01
1.536962E-02,-1.7237073E-01,8.3209991E-01
1.537290E-02,-1.7118054E-01,8.2935333E-01
1.537617E-02,-1.7325574E-01,8.2210541E-01
1.537945E-02,-1.7209607E-01,8.1737518E-01
1.538273E-02,-1.7334729E-01,8.0951691E-01
1.538600E-02,-1.7148572E-01,8.0501556E-01
1.538928E-02,-1.7227917E-01,7.9586029E-01
1.539256E-02,-1.7151624E-01,7.9059601E-01
1.539583E-02,-1.7288953E-01,7.8151703E-01
1.539911E-02,-1.7212659E-01,7.7541351E-01
1.540239E-02,-1.7368298E-01,7.6480865E-01
1.540566E-02,-1.7374402E-01,7.5748444E-01
1.540894E-02,-1.7469006E-01,7.4764252E-01
1.541222E-02,-1.7346936E-01,7.3955536E-01
1.541549E-02,-1.7395764E-01,7.2826385E-01
1.541877E-02,-1.7359143E-01,7.2086334E-01
1.542205E-02,-1.7563611E-01,7.0888519E-01
1.542532E-02,-1.7517834E-01,6.9950104E-01
1.542860E-02,-1.7600232E-01,6.8721771E-01
1.543188E-02,-1.7450696E-01,6.7798615E-01
1.543516E-02,-1.7526990E-01,6.6562653E-01
1.543843E-02,-1.7447644E-01,6.5578461E-01
1.544171E-02,-1.7469006E-01,6.4235687E-01
1.544499E-02,-1.7456799E-01,6.3144684E-01
1.544826E-02,-1.7539197E-01,6.1763763E-01
1.545154E-02,-1.7502576E-01,6.0588837E-01
1.545482E-02,-1.7520886E-01,5.9238434E-01
1.545809E-02,-1.7401868E-01,5.8040619E-01
1.546137E-02,-1.7450696E-01,5.6652069E-01
1.546465E-02,-1.7475110E-01,5.5446625E-01
1.546792E-02,-1.7548352E-01,5.3974152E-01
1.547120E-02,-1.7566663E-01,5.2722931E-01
1.547448E-02,-1.7603284E-01,5.1166534E-01
1.547775E-02,-1.7636853E-01,4.9816132E-01
1.548103E-02,-1.7667371E-01,4.8290253E-01
1.548431E-02,-1.7652112E-01,4.6909332E-01
1.548758E-02,-1.7597180E-01,4.5322418E-01
1.549086E-02,-1.7539197E-01,4.3888092E-01
1.549414E-02,-1.7563611E-01,4.2308807E-01
1.549741E-02,-1.7533093E-01,4.0798187E-01
1.550069E-02,-1.7508679E-01,3.9211273E-01
1.550397E-02,-1.7508679E-01,3.7784576E-01
1.550724E-02,-1.7502576E-01,3.6045074E-01
1.551052E-02,-1.7551404E-01,3.4519196E-01
1.551380E-02,-1.7523938E-01,3.2810211E-01
1.551708E-02,-1.7533093E-01,3.1215668E-01
1.552035E-02,-1.7551404E-01,2.9483795E-01
1.552363E-02,-1.7639905E-01,2.7812958E-01
1.552691E-02,-1.7667371E-01,2.6065826E-01
1.553018E-02,-1.7722302E-01,2.4677277E-01
1.553346E-02,-1.7636853E-01,2.2846222E-01
1.553674E-02,-1.7685681E-01,2.1236420E-01
1.554001E-02,-1.7661267E-01,1.9504547E-01
1.554329E-02,-1.7758923E-01,1.7765045E-01
1.554657E-02,-1.7655164E-01,1.5995026E-01
1.554984E-02,-1.7765027E-01,1.4431000E-01
1.555312E-02,-1.7707043E-01,1.2592316E-01
1.555640E-02,-1.7682629E-01,1.0997772E-01
1.555967E-02,-1.7520886E-01,9.1667175E-02
1.556295E-02,-1.7557507E-01,7.4043274E-02
1.556623E-02,-1.7548352E-01,5.6343079E-02
1.556950E-02,-1.7700940E-01,4.0321350E-02
1.557278E-02,-1.7691785E-01,2.2926331E-02
1.557606E-02,-1.7710095E-01,5.9127808E-03
1.557933E-02,-1.7618542E-01,-1.1329651E-02
1.558261E-02,-1.7694836E-01,-2.9716492E-02
1.558589E-02,-1.7560559E-01,-4.6043396E-02
1.558916E-02,-1.7642957E-01,-6.3209534E-02
1.559244E-02,-1.7609387E-01,-8.0680847E-02
1.559572E-02,-1.7719250E-01,-9.7236633E-02
1.559900E-02,-1.7649060E-01,-1.1508942E-01
1.560227E-02,-1.7710095E-01,-1.3172150E-01
1.560555E-02,-1.7560559E-01,-1.4812469E-01
1.560883E-02,-1.7621594E-01,-1.6559601E-01
1.561210E-02,-1.7560559E-01,-1.8238068E-01
1.561538E-02,-1.7652112E-01,-1.9878387E-01
1.561866E-02,-1.7621594E-01,-2.1518707E-01
1.562193E-02,-1.7646008E-01,-2.3189545E-01
1.562521E-02,-1.7508679E-01,-2.4921417E-01
1.562849E-02,-1.7603284E-01,-2.6576996E-01
1.563176E-02,-1.7554456E-01,-2.8148651E-01
1.563504E-02,-1.7636853E-01,-2.9758453E-01
1.563832E-02,-1.7560559E-01,-3.1360626E-01
1.564159E-02,-1.7673474E-01,-3.2978058E-01
1.564487E-02,-1.7633801E-01,-3.4633636E-01
1.564815E-02,-1.7685681E-01,-3.6098480E-01
1.565142E-02,-1.7560559E-01,-3.7578583E-01
1.565470E-02,-1.7639905E-01,-3.9157867E-01
1.565798E-02,-1.7499524E-01,-4.0637970E-01
1.566125E-02,-1.7563611E-01,-4.2140961E-01
1.566453E-02,-1.7423230E-01,-4.3674469E-01
1.566781E-02,-1.7560559E-01,-4.5085907E-01
1.567108E-02,-1.7499524E-01,-4.6436310E-01
1.567436E-02,-1.7581921E-01,-4.7870636E-01
1.567764E-02,-1.7398816E-01,-4.9259186E-01
1.568092E-02,-1.7502576E-01,-5.0640106E-01
1.568419E-02,-1.7429333E-01,-5.1982880E-01
1.568747E-02,-1.7569714E-01,-5.3371429E-01
1.569075E-02,-1.7459851E-01,-5.4607391E-01
1.569402E-02,-1.7612439E-01,-5.5957794E-01
1.569730E-02,-1.7539197E-01,-5.7109833E-01
1.570058E-02,-1.7655164E-01,-5.8368683E-01
1.570385E-02,-1.7548352E-01,-5.9543610E-01
1.570713E-02,-1.7658215E-01,-6.0794830E-01
1.571041E-02,-1.7472058E-01,-6.1794281E-01
1.571368E-02,-1.7609387E-01,-6.2923431E-01
1.571696E-02,-1.7536145E-01,-6.3907623E-01
1.572024E-02,-1.7618542E-01,-6.5021515E-01
1.572351E-02,-1.7435437E-01,-6.5998077E-01
1.572679E-02,-1.7487317E-01,-6.7104340E-01
1.573007E-02,-1.7328625E-01,-6.7951202E-01
1.573334E-02,-1.7432385E-01,-6.8828583E-01
1.573662E-02,-1.7319470E-01,-6.9744110E-01
1.573990E-02,-1.7478162E-01,-7.0713043E-01
1.574317E-02,-1.7478162E-01,-7.1460724E-01
1.574645E-02,-1.7630750E-01,-7.2307587E-01
1.574973E-02,-1.7444592E-01,-7.3055267E-01
1.575300E-02,-1.7517834E-01,-7.3932648E-01
1.575628E-02,-1.7395764E-01,-7.4611664E-01
1.575956E-02,-1.7569714E-01,-7.5428009E-01
1.576284E-02,-1.7456799E-01,-7.5946808E-01
1.576611E-02,-1.7597180E-01,-7.6557159E-01
1.576939E-02,-1.7450696E-01,-7.7007294E-01
1.577267E-02,-1.7526990E-01,-7.7693939E-01
1.577594E-02,-1.7417126E-01,-7.7991486E-01
1.577922E-02,-1.7490369E-01,-7.8655243E-01
1.578250E-02,-1.7359143E-01,-7.9013824E-01
1.578577E-02,-1.7557507E-01,-7.9563141E-01
1.578905E-02,-1.7441541E-01,-7.9792023E-01
1.579233E-02,-1.7578870E-01,-8.0226898E-01
1.579560E-02,-1.7401868E-01,-8.0371857E-01
1.579888E-02,-1.7472058E-01,-8.0821991E-01
1.580216E-02,-1.7389661E-01,-8.0852509E-01
1.580543E-02,-1.7554456E-01,-8.1172943E-01
1.580871E-02,-1.7447644E-01,-8.1211090E-01
1.581199E-02,-1.7584973E-01,-8.1508636E-01
1.581526E-02,-1.7472058E-01,-8.1386566E-01
1.581854E-02,-1.7624646E-01,-8.1607819E-01
1.582182E-02,-1.7441541E-01,-8.1432343E-01
1.582509E-02,-1.7545300E-01,-8.1645966E-01
1.582837E-02,-1.7340833E-01,-8.1394196E-01
1.583165E-02,-1.7478162E-01,-8.1462860E-01
1.583492E-02,-1.7346936E-01,-8.1111908E-01
1.583820E-02,-1.7499524E-01,-8.1111908E-01
1.584148E-02,-1.7316418E-01,-8.0768585E-01
1.584476E-02,-1.7432385E-01,-8.0661774E-01
1.584803E-02,-1.7301160E-01,-8.0226898E-01
1.585131E-02,-1.7465955E-01,-8.0074310E-01
1.585459E-02,-1.7356091E-01,-7.9517365E-01
1.585786E-02,-1.7472058E-01,-7.9433441E-01
1.586114E-02,-1.7423230E-01,-7.8853607E-01
1.586442E-02,-1.7566663E-01,-7.8578949E-01
1.586769E-02,-1.7432385E-01,-7.7861786E-01
1.587097E-02,-1.7545300E-01,-7.7579498E-01
1.587425E-02,-1.7432385E-01,-7.6831818E-01
1.587752E-02,-1.7566663E-01,-7.6419830E-01
1.588080E-02,-1.7508679E-01,-7.5634003E-01
1.588408E-02,-1.7545300E-01,-7.5092316E-01
1.588735E-02,-1.7475110E-01,-7.4253082E-01
1.589063E-02,-1.7584973E-01,-7.3680878E-01
1.589391E-02,-1.7475110E-01,-7.2780609E-01
1.589718E-02,-1.7487317E-01,-7.2101593E-01
1.590046E-02,-1.7349988E-01,-7.1247101E-01
1.590374E-02,-1.7511731E-01,-7.0560455E-01
1.590701E-02,-1.7496472E-01,-6.9515228E-01
1.591029E-02,-1.7597180E-01,-6.8836212E-01
1.591357E-02,-1.7514783E-01,-6.7630768E-01
1.591684E-02,-1.7578870E-01,-6.6867828E-01
1.592012E-02,-1.7557507E-01,-6.5708160E-01
1.592340E-02,-1.7639905E-01,-6.4723969E-01
1.592668E-02,-1.7551404E-01,-6.3579559E-01
1.592995E-02,-1.7664319E-01,-6.2572479E-01
1.593323E-02,-1.7682629E-01,-6.1306000E-01
1.593651E-02,-1.7755872E-01,-6.0283661E-01
1.593978E-02,-1.7719250E-01,-5.8986664E-01
1.594306E-02,-1.7694836E-01,-5.8032990E-01
1.594634E-02,-1.7594128E-01,-5.6751251E-01
1.594961E-02,-1.7646008E-01,-5.5622101E-01
1.595289E-02,-1.7642957E-01,-5.4241180E-01
1.595617E-02,-1.7636853E-01,-5.2974701E-01
1.595944E-02,-1.7630750E-01,-5.1563263E-01
1.596272E-02,-1.7664319E-01,-5.0251007E-01
1.596600E-02,-1.7642957E-01,-4.8686981E-01
1.596927E-02,-1.7633801E-01,-4.7443390E-01
1.597255E-02,-1.7597180E-01,-4.5963287E-01
1.597583E-02,-1.7642957E-01,-4.4536591E-01
1.597910E-02,-1.7676526E-01,-4.3079376E-01
1.598238E-02,-1.7746716E-01,-4.1683197E-01
1.598566E-02,-1.7804700E-01,-4.0180206E-01
1.598893E-02,-1.7755872E-01,-3.8684845E-01
1.599221E-02,-1.7749768E-01,-3.7097931E-01
1.599549E-02,-1.7734509E-01,-3.5556793E-01
1.599876E-02,-1.7719250E-01,-3.3908844E-01
1.600204E-02,-1.7667371E-01,-3.2428741E-01
1.600532E-02,-1.7707043E-01,-3.0689240E-01
1.600860E-02,-1.7722302E-01,-2.9163361E-01
1.601187E-02,-1.7749768E-01,-2.7484894E-01
1.601515E-02,-1.7700940E-01,-2.5989532E-01
1.601843E-02,-1.7722302E-01,-2.4280548E-01
1.602170E-02,-1.7710095E-01,-2.2731781E-01
1.602498E-02,-1.7798596E-01,-2.1038055E-01
1.602826E-02,-1.7798596E-01,-1.9283295E-01
1.603153E-02,-1.7877942E-01,-1.7551422E-01
1.603481E-02,-1.7816907E-01,-1.5972137E-01
1.603809E-02,-1.7926770E-01,-1.4339447E-01
1.604136E-02,-1.7868787E-01,-1.2668610E-01
1.604464E-02,-1.7957288E-01,-1.0936737E-01
1.604792E-02,-1.7862683E-01,-9.2048645E-02
1.605119E-02,-1.7948132E-01,-7.4424744E-02
1.605447E-02,-1.7893201E-01,-5.7411194E-02
1.605775E-02,-1.7914563E-01,-3.9253235E-02
1.606102E-02,-1.7813855E-01,-2.2926331E-02
1.606430E-02,-1.7832166E-01,-5.2261353E-03
1.606758E-02,-1.7737561E-01,1.1100769E-02
1.607085E-02,-1.7829114E-01,2.8877258E-02
1.607413E-02,-1.7823010E-01,4.5967102E-02
1.607741E-02,-1.7929822E-01,6.4048767E-02
1.608068E-02,-1.7917615E-01,8.0833435E-02
1.608396E-02,-1.8033582E-01,9.8991394E-02
1.608724E-02,-1.7978650E-01,1.1707306E-01
1.609052E-02,-1.8076306E-01,1.3439178E-01
1.609379E-02,-1.7932874E-01,1.5132904E-01
1.609707E-02,-1.8064099E-01,1.6773224E-01
1.610035E-02,-1.8021375E-01,1.8444061E-01
1.610362E-02,-1.8158704E-01,2.0183563E-01
1.610690E-02,-1.8051892E-01,2.1862030E-01
1.611018E-02,-1.8097668E-01,2.3494720E-01
1.611345E-02,-1.7960339E-01,2.5211334E-01
1.611673E-02,-1.8042737E-01,2.6844025E-01
1.612001E-02,-1.7951184E-01,2.8476715E-01
1.612328E-02,-1.8036633E-01,3.0208588E-01
1.612656E-02,-1.7996960E-01,3.1749725E-01
1.612984E-02,-1.8140393E-01,3.3412933E-01
1.613311E-02,-1.8042737E-01,3.5060883E-01
1.613639E-02,-1.8164807E-01,3.6693573E-01
1.613967E-02,-1.8030530E-01,3.8242340E-01
1.614294E-02,-1.8149548E-01,3.9806366E-01
1.614622E-02,-1.8067151E-01,4.1294098E-01
1.614950E-02,-1.8192273E-01,4.2881012E-01
1.615277E-02,-1.8155652E-01,4.4422150E-01
1.615605E-02,-1.8323499E-01,4.5963287E-01
1.615933E-02,-1.8210583E-01,4.7466278E-01
1.616260E-02,-1.8277722E-01,4.8976898E-01
1.616588E-02,-1.8082410E-01,5.0449371E-01
1.616916E-02,-1.8180066E-01,5.1799774E-01
1.617244E-02,-1.8122083E-01,5.3180695E-01
1.617571E-02,-1.8314343E-01,5.4508209E-01
1.617899E-02,-1.8177014E-01,5.5912018E-01
1.618227E-02,-1.8280774E-01,5.7163239E-01
1.618554E-02,-1.8164807E-01,5.8506012E-01
1.618882E-02,-1.8256360E-01,5.9803009E-01
1.619210E-02,-1.8109875E-01,6.1084747E-01
1.619537E-02,-1.8280774E-01,6.2290192E-01
1.619865E-02,-1.8238049E-01,6.3610077E-01
1.620193E-02,-1.8436414E-01,6.4723969E-01
1.620520E-02,-1.8277722E-01,6.5990448E-01
1.620848E-02,-1.8418103E-01,6.7050934E-01
1.621176E-02,-1.8296033E-01,6.8149567E-01
1.621503E-02,-1.8418103E-01,6.9240570E-01
1.621831E-02,-1.8363171E-01,7.0331573E-01
1.622159E-02,-1.8466931E-01,7.1285248E-01
1.622486E-02,-1.8317395E-01,7.2383881E-01
1.622814E-02,-1.8427258E-01,7.3223114E-01
1.623142E-02,-1.8280774E-01,7.4230194E-01
1.623469E-02,-1.8387585E-01,7.5099945E-01
1.623797E-02,-1.8189221E-01,7.6129913E-01
1.624125E-02,-1.8326550E-01,7.6869965E-01
1.624452E-02,-1.8317395E-01,7.7831268E-01
1.624780E-02,-1.8454724E-01,7.8487396E-01
1.625108E-02,-1.8363171E-01,7.9387665E-01
1.625436E-02,-1.8469983E-01,7.9959869E-01
1.625763E-02,-1.8305188E-01,8.0753326E-01
1.626091E-02,-1.8433362E-01,8.1325531E-01
1.626419E-02,-1.8320447E-01,8.2035065E-01
1.626746E-02,-1.8466931E-01,8.2515717E-01
1.627074E-02,-1.8329602E-01,8.3171844E-01
1.627402E-02,-1.8485242E-01,8.3621979E-01
1.627729E-02,-1.8402844E-01,8.4239960E-01
1.628057E-02,-1.8500500E-01,8.4484100E-01
1.628385E-02,-1.8289929E-01,8.5056305E-01
1.628712E-02,-1.8430310E-01,8.5308075E-01
1.629040E-02,-1.8329602E-01,8.5811615E-01
1.629368E-02,-1.8515759E-01,8.5926056E-01
1.629695E-02,-1.8405896E-01,8.6368561E-01
1.630023E-02,-1.8491345E-01,8.6452484E-01
1.630351E-02,-1.8354016E-01,8.6856842E-01
1.630678E-02,-1.8506604E-01,8.6879730E-01
1.631006E-02,-1.8375378E-01,8.7169647E-01
1.631334E-02,-1.8503552E-01,8.7078094E-01
1.631661E-02,-1.8421155E-01,8.7314606E-01
1.631989E-02,-1.8619519E-01,8.7177277E-01
1.632317E-02,-1.8552380E-01,8.7383270E-01
1.632644E-02,-1.8683606E-01,8.7169647E-01
1.632972E-02,-1.8509656E-01,8.7345123E-01
1.633300E-02,-1.8671399E-01,8.7047577E-01
1.633628E-02,-1.8473035E-01,8.7062836E-01
1.633955E-02,-1.8640881E-01,8.6574554E-01
1.634283E-02,-1.8506604E-01,8.6643219E-01
1.634611E-02,-1.8683606E-01,8.6032867E-01
1.634938E-02,-1.8589001E-01,8.5979462E-01
1.635266E-02,-1.8723279E-01,8.5506439E-01
1.635594E-02,-1.8552380E-01,8.5338593E-01
1.635921E-02,-1.8646985E-01,8.4728241E-01
1.636249E-02,-1.8573743E-01,8.4453583E-01
1.636577E-02,-1.8708020E-01,8.3896637E-01
1.636904E-02,-1.8650037E-01,8.3530426E-01
1.637232E-02,-1.8793469E-01,8.2851410E-01
1.637560E-02,-1.8701917E-01,8.2515717E-01
1.637887E-02,-1.8790417E-01,8.1752777E-01
1.638215E-02,-1.8656140E-01,8.1272125E-01
1.638543E-02,-1.8729382E-01,8.0364227E-01
1.638870E-02,-1.8656140E-01,7.9830170E-01
1.639198E-02,-1.8790417E-01,7.9006195E-01
1.639526E-02,-1.8726331E-01,7.8380585E-01
1.639853E-02,-1.8814832E-01,7.7449799E-01
1.640181E-02,-1.8683606E-01,7.6801300E-01
1.640509E-02,-1.8720227E-01,7.5855255E-01
1.640836E-02,-1.8640881E-01,7.4970245E-01
1.641164E-02,-1.8738538E-01,7.3894501E-01
1.641492E-02,-1.8717175E-01,7.3101044E-01
1.641820E-02,-1.8799573E-01,7.2002411E-01
1.642147E-02,-1.8802625E-01,7.1117401E-01
1.642475E-02,-1.8863660E-01,7.0018768E-01
1.642803E-02,-1.8811780E-01,6.9034576E-01
1.643130E-02,-1.8799573E-01,6.7790985E-01
1.643458E-02,-1.8790417E-01,6.6783905E-01
1.643786E-02,-1.8912488E-01,6.5547943E-01
1.644113E-02,-1.8860608E-01,6.4434052E-01
1.644441E-02,-1.8878918E-01,6.3114166E-01
1.644769E-02,-1.8799573E-01,6.1985016E-01
1.645096E-02,-1.8772107E-01,6.0688019E-01
1.645424E-02,-1.8747693E-01,5.9520721E-01
1.645752E-02,-1.8741589E-01,5.8132172E-01
1.646079E-02,-1.8732434E-01,5.6919098E-01
1.646407E-02,-1.8750745E-01,5.5500031E-01
1.646735E-02,-1.8793469E-01,5.4233551E-01
1.647062E-02,-1.8732434E-01,5.2783966E-01
1.647390E-02,-1.8723279E-01,5.1479340E-01
1.647718E-02,-1.8741589E-01,4.9961090E-01
1.648045E-02,-1.8778210E-01,4.8587799E-01
1.648373E-02,-1.8805676E-01,4.6962738E-01
1.648701E-02,-1.8833142E-01,4.5665741E-01
1.649028E-02,-1.8827039E-01,4.4025421E-01
1.649356E-02,-1.8878918E-01,4.2545319E-01
1.649684E-02,-1.8860608E-01,4.0935516E-01
1.650012E-02,-1.8848401E-01,3.9493561E-01
1.650339E-02,-1.8756848E-01,3.7776947E-01
1.650667E-02,-1.8775159E-01,3.6342621E-01
1.650995E-02,-1.8695813E-01,3.4687042E-01
1.651322E-02,-1.8811780E-01,3.3115387E-01
1.651650E-02,-1.8750745E-01,3.1444550E-01
1.651978E-02,-1.8744641E-01,2.9903412E-01
1.652305E-02,-1.8686658E-01,2.8141022E-01
1.652633E-02,-1.8793469E-01,2.6531219E-01
1.652961E-02,-1.8735486E-01,2.4837494E-01
1.653288E-02,-1.8744641E-01,2.3250580E-01
1.653616E-02,-1.8665295E-01,2.1472931E-01
1.653944E-02,-1.8766003E-01,1.9916534E-01
1.654271E-02,-1.8759900E-01,1.8032074E-01
1.654599E-02,-1.8781262E-01,1.6445160E-01
1.654927E-02,-1.8680554E-01,1.4728546E-01
1.655254E-02,-1.8747693E-01,1.3050079E-01
1.655582E-02,-1.8692761E-01,1.1302948E-01
1.655910E-02,-1.8781262E-01,9.5939636E-02
1.656237E-02,-1.8738538E-01,7.8010559E-02
1.656565E-02,-1.8766003E-01,6.0920715E-02
1.656893E-02,-1.8631726E-01,4.2381287E-02
1.657220E-02,-1.8683606E-01,2.5367737E-02
1.657548E-02,-1.8549329E-01,8.8119507E-03
1.657876E-02,-1.8616467E-01,-8.5067749E-03
1.658204E-02,-1.8512708E-01,-2.6283264E-02
1.658531E-02,-1.8695813E-01,-4.2991638E-02
1.658859E-02,-1.8604260E-01,-5.9700012E-02
1.659187E-02,-1.8729382E-01,-7.6560974E-02
1.659514E-02,-1.8558484E-01,-9.3345642E-02
1.659842E-02,-1.8662244E-01,-1.1119843E-01
1.660170E-02,-1.8579846E-01,-1.2828827E-01
1.660497E-02,-1.8677502E-01,-1.4514923E-01
1.660825E-02,-1.8607312E-01,-1.6170502E-01
1.661153E-02,-1.8775159E-01,-1.7910004E-01
1.661480E-02,-1.8677502E-01,-1.9565582E-01
1.661808E-02,-1.8732434E-01,-2.1327972E-01
1.662136E-02,-1.8543225E-01,-2.2983551E-01
1.662463E-02,-1.8625623E-01,-2.4669647E-01
1.662791E-02,-1.8543225E-01,-2.6256561E-01
1.663119E-02,-1.8720227E-01,-2.7858734E-01
1.663446E-02,-1.8616467E-01,-2.9430389E-01
1.663774E-02,-1.8683606E-01,-3.1093597E-01
1.664102E-02,-1.8589001E-01,-3.2711029E-01
1.664429E-02,-1.8677502E-01,-3.4343719E-01
1.664757E-02,-1.8549329E-01,-3.5808563E-01
1.665085E-02,-1.8680554E-01,-3.7387848E-01
1.665412E-02,-1.8607312E-01,-3.8875580E-01
1.665740E-02,-1.8787366E-01,-4.0515900E-01
1.666068E-02,-1.8756848E-01,-4.1965485E-01
1.666396E-02,-1.8851453E-01,-4.3422699E-01
1.666723E-02,-1.8677502E-01,-4.4795990E-01
1.667051E-02,-1.8796521E-01,-4.6291351E-01
1.667379E-02,-1.8683606E-01,-4.7657013E-01
1.667706E-02,-1.8726331E-01,-4.9060822E-01
1.668034E-02,-1.8637830E-01,-5.0426483E-01
1.668362E-02,-1.8729382E-01,-5.1776886E-01
1.668689E-02,-1.8668347E-01,-5.3096771E-01
1.669017E-02,-1.8766003E-01,-5.4424286E-01
1.669345E-02,-1.8671399E-01,-5.5637360E-01
1.669672E-02,-1.8799573E-01,-5.6919098E-01
1.670000E-02,-1.8677502E-01,-5.8177948E-01
1.670328E-02,-1.8866711E-01,-5.9375763E-01
1.670655E-02,-1.8784314E-01,-6.0565948E-01
1.670983E-02,-1.8927747E-01,-6.1748505E-01
1.671311E-02,-1.8842297E-01,-6.2725067E-01
1.671638E-02,-1.8979626E-01,-6.3877106E-01
1.671966E-02,-1.8860608E-01,-6.4785004E-01
1.672294E-02,-1.9004041E-01,-6.5959930E-01
1.672621E-02,-1.8796521E-01,-6.6837311E-01
1.672949E-02,-1.8943005E-01,-6.7829132E-01
1.673277E-02,-1.8891125E-01,-6.8668365E-01
1.673604E-02,-1.8976575E-01,-6.9660187E-01
1.673932E-02,-1.8833142E-01,-7.0461273E-01
1.674260E-02,-1.8903333E-01,-7.1437836E-01
1.674588E-02,-1.8741589E-01,-7.2109222E-01
1.674915E-02,-1.8875867E-01,-7.3085785E-01
1.675243E-02,-1.8814832E-01,-7.3657990E-01
1.675571E-02,-1.8985730E-01,-7.4520111E-01
1.675898E-02,-1.8872815E-01,-7.5069427E-01
1.676226E-02,-1.9126111E-01,-7.5908661E-01
1.676554E-02,-1.8952161E-01,-7.6351166E-01
1.676881E-02,-1.9031506E-01,-7.7106476E-01
1.677209E-02,-1.8906384E-01,-7.7457428E-01
1.677537E-02,-1.9107800E-01,-7.8144073E-01
1.677864E-02,-1.9058972E-01,-7.8479767E-01
1.678192E-02,-1.9202405E-01,-7.9006195E-01
1.678520E-02,-1.9046765E-01,-7.9235077E-01
1.678847E-02,-1.9187146E-01,-7.9830170E-01
1.679175E-02,-1.9000989E-01,-7.9998016E-01
1.679503E-02,-1.9138318E-01,-8.0410004E-01
1.679830E-02,-1.9022351E-01,-8.0570221E-01
1.680158E-02,-1.9190198E-01,-8.0982208E-01
1.680486E-02,-1.9052869E-01,-8.0959320E-01
1.680813E-02,-1.9193250E-01,-8.1287384E-01
1.681141E-02,-1.9022351E-01,-8.1241608E-01
1.681469E-02,-1.9147473E-01,-8.1516266E-01
1.681796E-02,-1.9000989E-01,-8.1356049E-01
1.682124E-02,-1.9208508E-01,-8.1638336E-01
1.682452E-02,-1.9141370E-01,-8.1470490E-01
1.682780E-02,-1.9318372E-01,-8.1470490E-01
1.683107E-02,-1.9202405E-01,-8.1256866E-01
1.683435E-02,-1.9376355E-01,-8.1356049E-01
1.683763E-02,-1.9257336E-01,-8.0966949E-01
1.684090E-02,-1.9312268E-01,-8.0944061E-01
1.684418E-02,-1.9141370E-01,-8.0516815E-01
1.684746E-02,-1.9254285E-01,-8.0440521E-01
1.685073E-02,-1.9165784E-01,-7.9975128E-01
1.685401E-02,-1.9281750E-01,-7.9883575E-01
1.685729E-02,-1.9171887E-01,-7.9341888E-01
1.686056E-02,-1.9278699E-01,-7.9044342E-01
1.686384E-02,-1.9202405E-01,-7.8365326E-01
1.686712E-02,-1.9318372E-01,-7.8128815E-01
1.687039E-02,-1.9229871E-01,-7.7518463E-01
1.687367E-02,-1.9324475E-01,-7.7068329E-01
1.687695E-02,-1.9287854E-01,-7.6328278E-01
1.688022E-02,-1.9419080E-01,-7.5992584E-01
1.688350E-02,-1.9354993E-01,-7.5138092E-01
1.688678E-02,-1.9422131E-01,-7.4596405E-01
1.689005E-02,-1.9367200E-01,-7.3673248E-01
1.689333E-02,-1.9461804E-01,-7.3055267E-01
1.689661E-02,-1.9336682E-01,-7.2223663E-01
1.689988E-02,-1.9373303E-01,-7.1422577E-01
1.690316E-02,-1.9306165E-01,-7.0438385E-01
1.690644E-02,-1.9370251E-01,-6.9614410E-01
1.690972E-02,-1.9300061E-01,-6.8683624E-01
1.691299E-02,-1.9300061E-01,-6.7859650E-01
1.691627E-02,-1.9174939E-01,-6.6890717E-01
1.691955E-02,-1.9266492E-01,-6.5990448E-01
1.692282E-02,-1.9300061E-01,-6.4830780E-01
1.692610E-02,-1.9400769E-01,-6.3800812E-01
1.692938E-02,-1.9437390E-01,-6.2572479E-01
1.693265E-02,-1.9406873E-01,-6.1550140E-01
1.693593E-02,-1.9385510E-01,-6.0405731E-01
1.693921E-02,-1.9361096E-01,-5.9398651E-01
1.694248E-02,-1.9373303E-01,-5.8147430E-01
1.694576E-02,-1.9373303E-01,-5.7010651E-01
1.694904E-02,-1.9431287E-01,-5.5606842E-01
1.695231E-02,-1.9443494E-01,-5.4531097E-01
1.695559E-02,-1.9406873E-01,-5.3119659E-01
1.695887E-02,-1.9321423E-01,-5.1860809E-01
1.696214E-02,-1.9226819E-01,-5.0472260E-01
1.696542E-02,-1.9217664E-01,-4.9098969E-01
1.696870E-02,-1.9254285E-01,-4.7611237E-01
1.697197E-02,-1.9260388E-01,-4.6337128E-01
1.697525E-02,-1.9260388E-01,-4.4834137E-01
1.697853E-02,-1.9242078E-01,-4.3437958E-01
1.698180E-02,-1.9275647E-01,-4.1942596E-01
1.698508E-02,-1.9162732E-01,-4.0477753E-01
1.698836E-02,-1.9260388E-01,-3.8921356E-01
1.699164E-02,-1.9171887E-01,-3.7433624E-01
1.699491E-02,-1.9275647E-01,-3.5778046E-01
1.699819E-02,-1.9214612E-01,-3.4252167E-01
1.700147E-02,-1.9290906E-01,-3.2558441E-01
1.700474E-02,-1.9235974E-01,-3.1101227E-01
1.700802E-02,-1.9229871E-01,-2.9384613E-01
1.701130E-02,-1.9135266E-01,-2.7820587E-01
1.701457E-02,-1.9126111E-01,-2.6241302E-01
1.701785E-02,-1.9062024E-01,-2.4639130E-01
1.702113E-02,-1.9110852E-01,-2.2884369E-01
1.702440E-02,-1.9116956E-01,-2.1327972E-01
1.702768E-02,-1.9141370E-01,-1.9634247E-01
1.703096E-02,-1.9055920E-01,-1.7894745E-01
1.703423E-02,-1.9058972E-01,-1.6178131E-01
1.703751E-02,-1.8994885E-01,-1.4606476E-01
1.704079E-02,-1.9110852E-01,-1.2836456E-01
1.704406E-02,-1.9065076E-01,-1.1157990E-01
1.704734E-02,-1.9159680E-01,-9.4718933E-02
1.705062E-02,-1.9113904E-01,-7.7629089E-02
1.705389E-02,-1.9181042E-01,-6.0234070E-02
1.705717E-02,-1.9071179E-01,-4.3601990E-02
1.706045E-02,-1.9135266E-01,-2.5978088E-02
1.706372E-02,-1.9052869E-01,-1.0032654E-02
1.706700E-02,-1.9168835E-01,7.4386597E-03
1.707028E-02,-1.9025403E-01,2.4909973E-02
1.707356E-02,-1.9116956E-01,4.2610168E-02
1.707683E-02,-1.8979626E-01,5.9700012E-02
1.708011E-02,-1.8985730E-01,7.6713562E-02
1.708339E-02,-1.8866711E-01,9.5024109E-02
1.708666E-02,-1.8979626E-01,1.1318207E-01
1.708994E-02,-1.8866711E-01,1.3065338E-01
1.709322E-02,-1.9010144E-01,1.4789581E-01
1.709649E-02,-1.8888074E-01,1.6506195E-01
1.709977E-02,-1.8979626E-01,1.8154144E-01
1.710305E-02,-1.8866711E-01,1.9756317E-01
1.710632E-02,-1.8912488E-01,2.1495819E-01
1.710960E-02,-1.8811780E-01,2.3159027E-01
1.711288E-02,-1.8927747E-01,2.4768829E-01
1.711615E-02,-1.8814832E-01,2.6515961E-01
1.711943E-02,-1.8930798E-01,2.8202057E-01
1.712271E-02,-1.8808728E-01,2.9834747E-01
1.712598E-02,-1.8906384E-01,3.1391144E-01
1.712926E-02,-1.8769055E-01,3.3077240E-01
1.713254E-02,-1.8772107E-01,3.4687042E-01
1.713581E-02,-1.8643933E-01,3.6327362E-01
1.713909E-02,-1.8720227E-01,3.7738800E-01
1.714237E-02,-1.8689709E-01,3.9424896E-01
1.714564E-02,-1.8793469E-01,4.0950775E-01
1.714892E-02,-1.8659192E-01,4.2552948E-01
1.715220E-02,-1.8738538E-01,4.4040680E-01
1.715548E-02,-1.8607312E-01,4.5650482E-01
1.715875E-02,-1.8720227E-01,4.7077179E-01
1.716203E-02,-1.8650037E-01,4.8557281E-01
1.716531E-02,-1.8732434E-01,5.0006866E-01
1.716858E-02,-1.8646985E-01,5.1448822E-01
1.717186E-02,-1.8793469E-01,5.2806854E-01
1.717514E-02,-1.8640881E-01,5.4279327E-01
1.717841E-02,-1.8704968E-01,5.5492401E-01
1.718169E-02,-1.8497449E-01,5.6919098E-01
1.718497E-02,-1.8592053E-01,5.8216095E-01
1.718824E-02,-1.8466931E-01,5.9558868E-01
1.719152E-02,-1.8613416E-01,6.0741425E-01
1.719480E-02,-1.8445569E-01,6.2129974E-01
1.719807E-02,-1.8527966E-01,6.3251495E-01
1.720135E-02,-1.8335706E-01,6.4502716E-01
1.720463E-02,-1.8451672E-01,6.5494537E-01
1.720790E-02,-1.8296033E-01,6.6753387E-01
1.721118E-02,-1.8457776E-01,6.7821503E-01
1.721446E-02,-1.8344861E-01,6.9118500E-01
1.721773E-02,-1.8506604E-01,7.0003510E-01
1.722101E-02,-1.8375378E-01,7.1125031E-01
1.722429E-02,-1.8506604E-01,7.1994781E-01
1.722756E-02,-1.8332654E-01,7.3101044E-01
1.723084E-02,-1.8427258E-01,7.3986053E-01
1.723412E-02,-1.8341809E-01,7.5054169E-01
1.723740E-02,-1.8433362E-01,7.5748444E-01
1.724067E-02,-1.8283826E-01,7.6831818E-01
1.724395E-02,-1.8396741E-01,7.7541351E-01
1.724723E-02,-1.8213635E-01,7.8487396E-01
1.725050E-02,-1.8274670E-01,7.9029083E-01
1.725378E-02,-1.8109875E-01,7.9944611E-01
1.725706E-02,-1.8219739E-01,8.0501556E-01
1.726033E-02,-1.8115979E-01,8.1218719E-01
1.726361E-02,-1.8250256E-01,8.1783295E-01
1.726689E-02,-1.8131238E-01,8.2454681E-01
1.727016E-02,-1.8247205E-01,8.2881927E-01
1.727344E-02,-1.8076306E-01,8.3553314E-01
1.727672E-02,-1.8210583E-01,8.3896637E-01
1.727999E-02,-1.8021375E-01,8.4575653E-01
1.728327E-02,-1.8167859E-01,8.4857941E-01
1.728655E-02,-1.8015271E-01,8.5430145E-01
1.728982E-02,-1.8125134E-01,8.5582733E-01
1.729310E-02,-1.7960339E-01,8.6116791E-01
1.729638E-02,-1.8054944E-01,8.6269379E-01
1.729965E-02,-1.7853528E-01,8.6734772E-01
1.730293E-02,-1.7957288E-01,8.6711884E-01
1.730621E-02,-1.7807751E-01,8.7108612E-01
1.730948E-02,-1.7914563E-01,8.6994171E-01
1.731276E-02,-1.7765027E-01,8.7306976E-01
1.731604E-02,-1.7899304E-01,8.7207794E-01
1.731932E-02,-1.7765027E-01,8.7398529E-01
1.732259E-02,-1.7853528E-01,8.7139130E-01
1.732587E-02,-1.7755872E-01,8.7421417E-01
1.732915E-02,-1.7856580E-01,8.7100983E-01
1.733242E-02,-1.7758923E-01,8.7177277E-01
1.733570E-02,-1.7905408E-01,8.6765289E-01
1.733898E-02,-1.7859631E-01,8.6780548E-01
1.734225E-02,-1.7908459E-01,8.6444855E-01
1.734553E-02,-1.7722302E-01,8.6360931E-01
1.734881E-02,-1.7700940E-01,8.5918427E-01
1.735208E-02,-1.7627698E-01,8.5750580E-01
1.735536E-02,-1.7633801E-01,8.5269928E-01
1.735864E-02,-1.7581921E-01,8.5010529E-01
1.736191E-02,-1.7609387E-01,8.4423065E-01
1.736519E-02,-1.7530042E-01,8.4072113E-01
1.736847E-02,-1.7548352E-01,8.3515167E-01
1.737174E-02,-1.7411023E-01,8.3194733E-01
1.737502E-02,-1.7435437E-01,8.2492828E-01
1.737830E-02,-1.7380505E-01,8.2080841E-01
1.738157E-02,-1.7484265E-01,8.1302643E-01
1.738485E-02,-1.7398816E-01,8.0783844E-01
1.738813E-02,-1.7435437E-01,7.9975128E-01
1.739140E-02,-1.7380505E-01,7.9410553E-01
1.739468E-02,-1.7435437E-01,7.8479767E-01
1.739796E-02,-1.7407971E-01,7.7823639E-01
1.740124E-02,-1.7450696E-01,7.6885223E-01
1.740451E-02,-1.7432385E-01,7.6099396E-01
1.740779E-02,-1.7426282E-01,7.5069427E-01
1.741107E-02,-1.7389661E-01,7.4253082E-01
1.741434E-02,-1.7392712E-01,7.3253632E-01
1.741762E-02,-1.7261487E-01,7.2414398E-01
1.742090E-02,-1.7215710E-01,7.1262360E-01
1.742417E-02,-1.7212659E-01,7.0308685E-01
1.742745E-02,-1.7301160E-01,6.9080353E-01
1.743073E-02,-1.7279797E-01,6.8172455E-01
1.743400E-02,-1.7328625E-01,6.6951752E-01
1.743728E-02,-1.7319470E-01,6.5952301E-01
1.744056E-02,-1.7282849E-01,6.4647675E-01
1.744383E-02,-1.7267590E-01,6.3556671E-01
1.744711E-02,-1.7185193E-01,6.2259674E-01
1.745039E-02,-1.7200452E-01,6.1153412E-01
1.745366E-02,-1.7203503E-01,5.9711456E-01
1.745694E-02,-1.7237073E-01,5.8635712E-01
1.746022E-02,-1.7157727E-01,5.7239532E-01
1.746349E-02,-1.7151624E-01,5.5988312E-01
1.746677E-02,-1.7066174E-01,5.4553986E-01
1.747005E-02,-1.7066174E-01,5.3173065E-01
1.747332E-02,-1.6953259E-01,5.1685333E-01
1.747660E-02,-1.6989880E-01,5.0350189E-01
1.747988E-02,-1.6947156E-01,4.8824310E-01
1.748316E-02,-1.7008191E-01,4.7451019E-01
1.748643E-02,-1.6971570E-01,4.5886993E-01
1.748971E-02,-1.6965466E-01,4.4391632E-01
1.749299E-02,-1.6870862E-01,4.2789459E-01
1.749626E-02,-1.6944104E-01,4.1332245E-01
1.749954E-02,-1.6941052E-01,3.9714813E-01
1.750282E-02,-1.7035657E-01,3.8204193E-01
1.750609E-02,-1.6919690E-01,3.6533356E-01
1.750937E-02,-1.7011243E-01,3.5045624E-01
1.751265E-02,-1.6944104E-01,3.3351898E-01
1.751592E-02,-1.6965466E-01,3.1734467E-01
1.751920E-02,-1.6873914E-01,3.0071259E-01
1.752248E-02,-1.6828137E-01,2.8560638E-01
1.752575E-02,-1.6733533E-01,2.6790619E-01
1.752903E-02,-1.6812878E-01,2.5218964E-01
1.753231E-02,-1.6751843E-01,2.3517609E-01
1.753558E-02,-1.6785413E-01,2.1900177E-01
1.753886E-02,-1.6690808E-01,2.0198822E-01
1.754214E-02,-1.6715222E-01,1.8451691E-01
1.754541E-02,-1.6651135E-01,1.6719818E-01
1.754869E-02,-1.6733533E-01,1.5140533E-01
1.755197E-02,-1.6672498E-01,1.3385773E-01
1.755524E-02,-1.6797620E-01,1.1714935E-01
1.755852E-02,-1.6709119E-01,9.9220276E-02
1.756180E-02,-1.6764050E-01,8.2359314E-02
1.756508E-02,-1.6635876E-01,6.4430237E-02
1.756835E-02,-1.6718274E-01,4.7340393E-02
1.757163E-02,-1.6663342E-01,2.9487610E-02
1.757491E-02,-1.6748792E-01,1.2474060E-02
1.757818E-02,-1.6663342E-01,-4.8446655E-03
1.758146E-02,-1.6699963E-01,-2.1247864E-02
1.758474E-02,-1.6565686E-01,-3.9024353E-02
1.758801E-02,-1.6638928E-01,-5.7258606E-02
1.759129E-02,-1.6504651E-01,-7.3356628E-02
1.759457E-02,-1.6565686E-01,-8.9607239E-02
1.759784E-02,-1.6461926E-01,-1.0768890E-01
1.760112E-02,-1.6632825E-01,-1.2447357E-01
1.760440E-02,-1.6580945E-01,-1.4186859E-01
1.760767E-02,-1.6669446E-01,-1.5880585E-01
1.761095E-02,-1.6474133E-01,-1.7467499E-01
1.761423E-02,-1.6565686E-01,-1.9168854E-01
1.761750E-02,-1.6461926E-01,-2.0923615E-01
1.762078E-02,-1.6550427E-01,-2.2579193E-01
1.762406E-02,-1.6446667E-01,-2.4188995E-01
1.762733E-02,-1.6568738E-01,-2.5775909E-01
1.763061E-02,-1.6443616E-01,-2.7378082E-01
1.763389E-02,-1.6550427E-01,-2.9079437E-01
1.763716E-02,-1.6385632E-01,-3.0635834E-01
1.764044E-02,-1.6446667E-01,-3.2283783E-01
1.764372E-02,-1.6263562E-01,-3.3786774E-01
1.764700E-02,-1.6397839E-01,-3.5388947E-01
1.765027E-02,-1.6294080E-01,-3.6838531E-01
1.765355E-02,-1.6382581E-01,-3.8486481E-01
1.765683E-02,-1.6251355E-01,-3.9997101E-01
1.766010E-02,-1.6379529E-01,-4.1484833E-01
1.766338E-02,-1.6248303E-01,-4.2804718E-01
1.766666E-02,-1.6342908E-01,-4.4307709E-01
1.766993E-02,-1.6254407E-01,-4.5681000E-01
1.767321E-02,-1.6394788E-01,-4.7115326E-01
1.767649E-02,-1.6327649E-01,-4.8465729E-01
1.767976E-02,-1.6446667E-01,-4.9938202E-01
1.768304E-02,-1.6287976E-01,-5.1258087E-01
1.768632E-02,-1.6394788E-01,-5.2715302E-01
1.768959E-02,-1.6233044E-01,-5.3920746E-01
1.769287E-02,-1.6364270E-01,-5.5324554E-01
1.769615E-02,-1.6181165E-01,-5.6430817E-01
1.769942E-02,-1.6275769E-01,-5.7743073E-01
1.770270E-02,-1.6196423E-01,-5.8940887E-01
1.770598E-02,-1.6355115E-01,-6.0184479E-01
1.770925E-02,-1.6193372E-01,-6.1153412E-01
1.771253E-02,-1.6272717E-01,-6.2435150E-01
1.771581E-02,-1.6156750E-01,-6.3434601E-01
1.771908E-02,-1.6315442E-01,-6.4670563E-01
1.772236E-02,-1.6242200E-01,-6.5563202E-01
1.772564E-02,-1.6358167E-01,-6.6638947E-01
1.772892E-02,-1.6236096E-01,-6.7447662E-01
1.773219E-02,-1.6330701E-01,-6.8515778E-01
1.773547E-02,-1.6223889E-01,-6.9202423E-01
1.773875E-02,-1.6361218E-01,-7.0308685E-01
1.774202E-02,-1.6217786E-01,-7.1002960E-01
1.774530E-02,-1.6361218E-01,-7.2032928E-01
1.774858E-02,-1.6236096E-01,-7.2643280E-01
1.775185E-02,-1.6309338E-01,-7.3612213E-01
1.775513E-02,-1.6110974E-01,-7.4192047E-01
1.775841E-02,-1.6187268E-01,-7.5008392E-01
1.776168E-02,-1.6043835E-01,-7.5504303E-01
1.776496E-02,-1.6233044E-01,-7.6351166E-01
1.776824E-02,-1.6114026E-01,-7.6839447E-01
1.777151E-02,-1.6226941E-01,-7.7594757E-01
1.777479E-02,-1.6126233E-01,-7.7823639E-01
1.777807E-02,-1.6245251E-01,-7.8487396E-01
1.778134E-02,-1.6120129E-01,-7.8739166E-01
1.778462E-02,-1.6190320E-01,-7.9319000E-01
1.778790E-02,-1.6019421E-01,-7.9433441E-01
1.779117E-02,-1.6233044E-01,-8.0059052E-01
1.779445E-02,-1.6107922E-01,-8.0211639E-01
1.779773E-02,-1.6248303E-01,-8.0707550E-01
1.780100E-02,-1.6062146E-01,-8.0661774E-01
1.780428E-02,-1.6159802E-01,-8.1027985E-01
1.780756E-02,-1.6043835E-01,-8.1081390E-01
1.781084E-02,-1.6101819E-01,-8.1417084E-01
1.781411E-02,-1.5964490E-01,-8.1272125E-01
1.781739E-02,-1.6098767E-01,-8.1516266E-01
1.782067E-02,-1.6004163E-01,-8.1363678E-01
1.782394E-02,-1.6120129E-01,-8.1562042E-01
1.782722E-02,-1.5988904E-01,-8.1378937E-01
1.783050E-02,-1.6043835E-01,-8.1439972E-01
1.783377E-02,-1.5955334E-01,-8.1203461E-01
1.783705E-02,-1.6056042E-01,-8.1211090E-01
1.784033E-02,-1.5985852E-01,-8.0844879E-01
1.784360E-02,-1.6120129E-01,-8.0768585E-01
1.784688E-02,-1.6059094E-01,-8.0440521E-01
1.785016E-02,-1.6147595E-01,-8.0242157E-01
1.785343E-02,-1.6077405E-01,-7.9753876E-01
1.785671E-02,-1.6043835E-01,-7.9555511E-01
1.785999E-02,-1.5897351E-01,-7.9021454E-01
1.786326E-02,-1.5949231E-01,-7.8632355E-01
1.786654E-02,-1.5921765E-01,-7.8128815E-01
1.786982E-02,-1.5988904E-01,-7.7754974E-01
1.787309E-02,-1.5894299E-01,-7.7053070E-01
1.787637E-02,-1.5894299E-01,-7.6618195E-01
1.787965E-02,-1.5863782E-01,-7.5824738E-01
1.788292E-02,-1.5906506E-01,-7.5305939E-01
1.788620E-02,-1.5854626E-01,-7.4504852E-01
1.788948E-02,-1.5882092E-01,-7.3848724E-01
1.789276E-02,-1.5869885E-01,-7.2978973E-01
1.789603E-02,-1.5912610E-01,-7.2284698E-01
1.789931E-02,-1.5869885E-01,-7.1308136E-01
1.790259E-02,-1.5857678E-01,-7.0652008E-01
1.790586E-02,-1.5821057E-01,-6.9728851E-01
1.790914E-02,-1.5836316E-01,-6.8881989E-01
1.791242E-02,-1.5888196E-01,-6.7920685E-01
1.791569E-02,-1.5882092E-01,-6.7043304E-01
1.791897E-02,-1.5796643E-01,-6.5952301E-01
1.792225E-02,-1.5756970E-01,-6.5013885E-01
1.792552E-02,-1.5702039E-01,-6.3777924E-01
1.792880E-02,-1.5683728E-01,-6.2824249E-01
1.793208E-02,-1.5619641E-01,-6.1687469E-01
1.793535E-02,-1.5631848E-01,-6.0604095E-01
1.793863E-02,-1.5677625E-01,-5.9368134E-01
1.794191E-02,-1.5656262E-01,-5.8246613E-01
1.794518E-02,-1.5726453E-01,-5.6926727E-01
1.794846E-02,-1.5656262E-01,-5.5767059E-01
1.795174E-02,-1.5665417E-01,-5.4409027E-01
1.795501E-02,-1.5628796E-01,-5.3203583E-01
1.795829E-02,-1.5674573E-01,-5.1830292E-01
1.796157E-02,-1.5607434E-01,-5.0594330E-01
1.796484E-02,-1.5628796E-01,-4.9098969E-01
1.796812E-02,-1.5558606E-01,-4.7756195E-01
1.797140E-02,-1.5650159E-01,-4.6291351E-01
1.797468E-02,-1.5555554E-01,-4.4864655E-01
1.797795E-02,-1.5546399E-01,-4.3544769E-01
1.798123E-02,-1.5491467E-01,-4.2118073E-01
1.798451E-02,-1.5555554E-01,-4.0630341E-01
1.798778E-02,-1.5512830E-01,-3.9134979E-01
1.799106E-02,-1.5552502E-01,-3.7517548E-01
1.799434E-02,-1.5427380E-01,-3.6083221E-01
1.799761E-02,-1.5485364E-01,-3.4427643E-01
1.800089E-02,-1.5427380E-01,-3.2840729E-01
1.800417E-02,-1.5476208E-01,-3.1215668E-01
1.800744E-02,-1.5421277E-01,-2.9659271E-01
1.801072E-02,-1.5464001E-01,-2.7950287E-01
1.801400E-02,-1.5421277E-01,-2.6477814E-01
1.801727E-02,-1.5528088E-01,-2.4738312E-01
1.802055E-02,-1.5381604E-01,-2.3197174E-01
1.802383E-02,-1.5439587E-01,-2.1450043E-01
1.802710E-02,-1.5265637E-01,-1.9779205E-01
1.803038E-02,-1.5283948E-01,-1.8062592E-01
1.803366E-02,-1.5177136E-01,-1.6414642E-01
1.803693E-02,-1.5302258E-01,-1.4743805E-01
1.804021E-02,-1.5195447E-01,-1.3088226E-01
1.804349E-02,-1.5259534E-01,-1.1363983E-01
1.804676E-02,-1.5106946E-01,-9.6931458E-02
1.805004E-02,-1.5158826E-01,-7.8773499E-02
1.805332E-02,-1.5061169E-01,-6.2599182E-02
1.805660E-02,-1.5180188E-01,-4.5280457E-02
1.805987E-02,-1.5125256E-01,-2.8343201E-02
1.806315E-02,-1.5225964E-01,-1.1711121E-02
1.806643E-02,-1.5122205E-01,6.0653687E-03
1.806970E-02,-1.5174084E-01,2.4070740E-02
1.807298E-02,-1.5048962E-01,4.0473938E-02
1.807626E-02,-1.5128308E-01,5.8097839E-02
1.807953E-02,-1.5024548E-01,7.6103210E-02
1.808281E-02,-1.5149670E-01,9.3269348E-02
1.808609E-02,-1.5012341E-01,1.1089325E-01
1.808936E-02,-1.5082532E-01,1.2897491E-01
1.809264E-02,-1.4868909E-01,1.4629364E-01
1.809592E-02,-1.4887219E-01,1.6262054E-01
1.809919E-02,-1.4725476E-01,1.7932892E-01
1.810247E-02,-1.4844495E-01,1.9557953E-01
1.810575E-02,-1.4719373E-01,2.1259308E-01
1.810902E-02,-1.4817029E-01,2.2907257E-01
1.811230E-02,-1.4707166E-01,2.4593353E-01
1.811558E-02,-1.4807874E-01,2.6195526E-01
1.811885E-02,-1.4734631E-01,2.7980804E-01
1.812213E-02,-1.4795667E-01,2.9483795E-01
1.812541E-02,-1.4630872E-01,3.1261444E-01
1.812868E-02,-1.4749890E-01,3.2909393E-01
1.813196E-02,-1.4594250E-01,3.4564972E-01
1.813524E-02,-1.4707166E-01,3.6197662E-01
1.813852E-02,-1.4563733E-01,3.7815094E-01
1.814179E-02,-1.4646130E-01,3.9234161E-01
1.814507E-02,-1.4493542E-01,4.0805817E-01
1.814835E-02,-1.4560681E-01,4.2331696E-01
1.815162E-02,-1.4432507E-01,4.3903351E-01
1.815490E-02,-1.4533215E-01,4.5368195E-01
1.815818E-02,-1.4392834E-01,4.6993256E-01
1.816145E-02,-1.4493542E-01,4.8442841E-01
1.816473E-02,-1.4398938E-01,4.9938202E-01
1.816801E-02,-1.4469128E-01,5.1296234E-01
1.817128E-02,-1.4292126E-01,5.2768707E-01
1.817456E-02,-1.4432507E-01,5.3966522E-01
1.817784E-02,-1.4252454E-01,5.5500031E-01
1.818111E-02,-1.4362317E-01,5.6789398E-01
1.818439E-02,-1.4273816E-01,5.8170319E-01
1.818767E-02,-1.4411145E-01,5.9421539E-01
1.819094E-02,-1.4237195E-01,6.0802460E-01
1.819422E-02,-1.4255505E-01,6.1862946E-01
1.819750E-02,-1.4044934E-01,6.3236237E-01
1.820077E-02,-1.4096814E-01,6.4334869E-01
1.820405E-02,-1.3962537E-01,6.5647125E-01
1.820733E-02,-1.4093762E-01,6.6730499E-01
1.821060E-02,-1.3932019E-01,6.7920685E-01
1.821388E-02,-1.4047986E-01,6.8836212E-01
1.821716E-02,-1.3849622E-01,7.0125580E-01
1.822044E-02,-1.3959485E-01,7.1048737E-01
1.822371E-02,-1.3819104E-01,7.2132111E-01
1.822699E-02,-1.3907605E-01,7.2986603E-01
1.823027E-02,-1.3806897E-01,7.4161530E-01
1.823354E-02,-1.3962537E-01,7.4771881E-01
1.823682E-02,-1.3813000E-01,7.5939178E-01
