in s,C1 in V,C2 in V
-1.007171E-02,6.230286E-03,-6.2235382E-01
-1.006843E-02,4.826477E-03,-6.1144379E-01
-1.006515E-02,4.963806E-03,-5.9992340E-01
-1.006188E-02,3.453186E-03,-5.8886078E-01
-1.005860E-02,3.880432E-03,-5.7642487E-01
-1.005532E-02,1.591614E-03,-5.6383636E-01
-1.005204E-02,2.308777E-03,-5.5223969E-01
-1.004877E-02,3.556519E-04,-5.3926971E-01
-1.004549E-02,4.699707E-06,-5.2629974E-01
-1.004221E-02,-1.658508E-03,-5.1294830E-01
-1.003894E-02,-2.268860E-03,-4.9936798E-01
-1.003566E-02,-3.886292E-03,-4.8586395E-01
-1.003238E-02,-3.474304E-03,-4.7182587E-01
-1.002911E-02,-6.190369E-03,-4.5809296E-01
-1.002583E-02,-6.663391E-03,-4.4291046E-01
-1.002255E-02,-8.875916E-03,-4.2910126E-01
-1.001928E-02,-9.791443E-03,-4.1346100E-01
-1.001600E-02,-1.188190E-02,-3.9789703E-01
-1.001272E-02,-1.284320E-02,-3.8240936E-01
-1.000945E-02,-1.397235E-02,-3.6776093E-01
-1.000617E-02,-1.595599E-02,-3.5234955E-01
-1.000289E-02,-1.812274E-02,-3.3655670E-01
-9.999616E-03,-1.955707E-02,-3.2160309E-01
-9.996339E-03,-2.157123E-02,-3.0527618E-01
-9.993062E-03,-2.405841E-02,-2.8887299E-01
-9.989786E-03,-2.581317E-02,-2.7132538E-01
-9.986509E-03,-2.886493E-02,-2.5621918E-01
-9.983232E-03,-3.051288E-02,-2.3966339E-01
-9.979955E-03,-3.292377E-02,-2.2387054E-01
-9.976678E-03,-3.516681E-02,-2.0746735E-01
-9.973402E-03,-3.834064E-02,-1.9129303E-01
-9.970125E-03,-4.123981E-02,-1.7389801E-01
-9.966848E-03,-4.372699E-02,-1.5749481E-01
-9.963571E-03,-4.679401E-02,-1.3979462E-01
-9.960294E-03,-4.978473E-02,-1.2339142E-01
-9.957018E-03,-5.173785E-02,-1.0691193E-01
-9.953741E-03,-5.584247E-02,-9.0737610E-02
-9.950464E-03,-5.897052E-02,-7.3037415E-02
-9.947187E-03,-6.199176E-02,-5.6100159E-02
-9.943910E-03,-6.469257E-02,-3.8323669E-02
-9.940634E-03,-6.830890E-02,-2.0623474E-02
-9.937357E-03,-7.165057E-02,-3.0758667E-03
-9.934080E-03,-7.624347E-02,1.4776917E-02
-9.930803E-03,-7.892902E-02,3.3011169E-02
-9.927526E-03,-8.202655E-02,5.0406189E-02
-9.924250E-03,-8.481891E-02,6.7801208E-02
-9.920973E-03,-8.947284E-02,8.4662170E-02
-9.917696E-03,-9.241779E-02,1.0266754E-01
-9.914419E-03,-9.731586E-02,1.1937592E-01
-9.911142E-03,-1.003066E-01,1.3791534E-01
-9.907866E-03,-1.055861E-01,1.5508148E-01
-9.904589E-03,-1.075545E-01,1.7270538E-01
-9.901312E-03,-1.125899E-01,1.8857452E-01
-9.898035E-03,-1.166182E-01,2.0665619E-01
-9.894758E-03,-1.208297E-01,2.2321198E-01
-9.891482E-03,-1.241713E-01,2.4060699E-01
-9.888205E-03,-1.291609E-01,2.5693390E-01
-9.884928E-03,-1.317092E-01,2.7455780E-01
-9.881651E-03,-1.372176E-01,2.9065582E-01
-9.878374E-03,-1.402541E-01,3.0774567E-01
-9.875098E-03,-1.452590E-01,3.2346222E-01
-9.871821E-03,-1.479293E-01,3.4009430E-01
-9.868544E-03,-1.535903E-01,3.5581085E-01
-9.865267E-03,-1.564742E-01,3.7206146E-01
-9.861990E-03,-1.625472E-01,3.8808319E-01
-9.858714E-03,-1.646682E-01,4.0441010E-01
-9.855437E-03,-1.703292E-01,4.1928741E-01
-9.852160E-03,-1.725112E-01,4.3622467E-01
-9.848883E-03,-1.785536E-01,4.5049164E-01
-9.845606E-03,-1.808425E-01,4.6651337E-01
-9.842330E-03,-1.869765E-01,4.8070404E-01
-9.839053E-03,-1.887770E-01,4.9642059E-01
-9.835776E-03,-1.952010E-01,5.0984833E-01
-9.832499E-03,-1.963454E-01,5.2510712E-01
-9.829222E-03,-2.012282E-01,5.3876373E-01
-9.825946E-03,-2.036849E-01,5.5310699E-01
-9.822669E-03,-2.090560E-01,5.6622955E-01
-9.819392E-03,-2.114974E-01,5.8042023E-01
-9.816115E-03,-2.163344E-01,5.9148285E-01
-9.812838E-03,-2.175246E-01,6.0597870E-01
-9.809562E-03,-2.228804E-01,6.1780426E-01
-9.806285E-03,-2.246962E-01,6.3062164E-01
-9.803008E-03,-2.294112E-01,6.4137909E-01
-9.799731E-03,-2.305098E-01,6.5473053E-01
-9.796454E-03,-2.352858E-01,6.6640350E-01
-9.793178E-03,-2.363082E-01,6.7838165E-01
-9.789901E-03,-2.413741E-01,6.8837616E-01
-9.786624E-03,-2.418776E-01,7.0020172E-01
-9.783347E-03,-2.465773E-01,7.0973846E-01
-9.780070E-03,-2.472029E-01,7.2141144E-01
-9.776794E-03,-2.519789E-01,7.3041412E-01
-9.773517E-03,-2.523757E-01,7.4094269E-01
-9.770240E-03,-2.562056E-01,7.5009796E-01
-9.766963E-03,-2.558089E-01,7.5971100E-01
-9.763686E-03,-2.591658E-01,7.6688263E-01
-9.760410E-03,-2.600508E-01,7.7634308E-01
-9.757133E-03,-2.625075E-01,7.8458282E-01
-9.753856E-03,-2.631636E-01,7.9358551E-01
-9.750579E-03,-2.661238E-01,7.9961273E-01
-9.747302E-03,-2.656203E-01,8.0716583E-01
-9.744026E-03,-2.677870E-01,8.1372711E-01
-9.740749E-03,-2.680617E-01,8.2128021E-01
-9.737472E-03,-2.697097E-01,8.2707855E-01
-9.734195E-03,-2.690535E-01,8.3333466E-01
-9.730918E-03,-2.705641E-01,8.3852264E-01
-9.727642E-03,-2.700453E-01,8.4424469E-01
-9.724365E-03,-2.706557E-01,8.4844086E-01
-9.721088E-03,-2.699538E-01,8.5477325E-01
-9.717811E-03,-2.704573E-01,8.5790131E-01
-9.714534E-03,-2.701064E-01,8.6064789E-01
-9.711258E-03,-2.704421E-01,8.6575958E-01
-9.707981E-03,-2.691909E-01,8.7003204E-01
-9.704704E-03,-2.691756E-01,8.7224457E-01
-9.701427E-03,-2.680159E-01,8.7506744E-01
-9.698150E-03,-2.671004E-01,8.7659332E-01
-9.694874E-03,-2.655593E-01,8.7850067E-01
-9.691597E-03,-2.643233E-01,8.7880585E-01
-9.688320E-03,-2.631789E-01,8.8147614E-01
-9.685043E-03,-2.621108E-01,8.8292572E-01
-9.681766E-03,-2.600356E-01,8.8269684E-01
-9.678490E-03,-2.587538E-01,8.8223907E-01
-9.675213E-03,-2.567244E-01,8.8185760E-01
-9.671936E-03,-2.545729E-01,8.8017914E-01
-9.668659E-03,-2.524825E-01,8.7933990E-01
-9.665382E-03,-2.497817E-01,8.7781403E-01
-9.662106E-03,-2.469130E-01,8.7621185E-01
-9.658829E-03,-2.447463E-01,8.7445709E-01
-9.655552E-03,-2.417708E-01,8.7254974E-01
-9.652275E-03,-2.390395E-01,8.6926910E-01
-9.648998E-03,-2.356520E-01,8.6614105E-01
-9.645722E-03,-2.329207E-01,8.6286041E-01
-9.642445E-03,-2.292433E-01,8.5866425E-01
-9.639168E-03,-2.268019E-01,8.5378143E-01
-9.635891E-03,-2.230941E-01,8.4958527E-01
-9.632614E-03,-2.196151E-01,8.4569427E-01
-9.629338E-03,-2.155715E-01,8.3936188E-01
-9.626061E-03,-2.125045E-01,8.3363983E-01
-9.622784E-03,-2.084151E-01,8.2700226E-01
-9.619507E-03,-2.050887E-01,8.2105133E-01
-9.616230E-03,-2.003737E-01,8.1441376E-01
-9.612954E-03,-1.964827E-01,8.0678436E-01
-9.609677E-03,-1.918593E-01,8.0007050E-01
-9.606400E-03,-1.881209E-01,7.9228851E-01
-9.603123E-03,-1.833449E-01,7.8511688E-01
-9.599846E-03,-1.802779E-01,7.7634308E-01
-9.596570E-03,-1.752730E-01,7.6833221E-01
-9.593293E-03,-1.711226E-01,7.6001617E-01
-9.590016E-03,-1.653395E-01,7.5032684E-01
-9.586739E-03,-1.612197E-01,7.4056122E-01
-9.583462E-03,-1.568862E-01,7.3041412E-01
-9.580186E-03,-1.522780E-01,7.2186920E-01
-9.576909E-03,-1.469832E-01,7.1187469E-01
-9.573632E-03,-1.422988E-01,7.0088837E-01
-9.570355E-03,-1.376296E-01,6.8952057E-01
-9.567078E-03,-1.332198E-01,6.7708466E-01
-9.563802E-03,-1.277419E-01,6.6556427E-01
-9.560525E-03,-1.231795E-01,6.5473053E-01
-9.557248E-03,-1.183120E-01,6.4305756E-01
-9.553971E-03,-1.135970E-01,6.3100311E-01
-9.550694E-03,-1.093856E-01,6.1856720E-01
-9.547418E-03,-1.044722E-01,6.0574982E-01
-9.544141E-03,-9.948260E-02,5.9346649E-01
-9.540864E-03,-9.472186E-02,5.7988617E-01
-9.537587E-03,-8.980853E-02,5.6729767E-01
-9.534310E-03,-8.536823E-02,5.5356476E-01
-9.531034E-03,-8.072955E-02,5.3876373E-01
-9.527757E-03,-7.549579E-02,5.2541229E-01
-9.524480E-03,-7.146747E-02,5.1068756E-01
-9.521203E-03,-6.649310E-02,4.9756500E-01
-9.517926E-03,-6.235797E-02,4.8222992E-01
-9.514650E-03,-5.807025E-02,4.6735260E-01
-9.511373E-03,-5.391986E-02,4.5178864E-01
-9.508096E-03,-4.957111E-02,4.3614838E-01
-9.504819E-03,-4.563434E-02,4.2073700E-01
-9.501542E-03,-4.166705E-02,4.0585968E-01
-9.498266E-03,-3.763873E-02,3.9021942E-01
-9.494989E-03,-3.420551E-02,3.7427399E-01
-9.491712E-03,-2.984149E-02,3.5817596E-01
-9.488435E-03,-2.524860E-02,3.4139130E-01
-9.485158E-03,-2.190692E-02,3.2460663E-01
-9.481882E-03,-1.807697E-02,3.0843231E-01
-9.478605E-03,-1.433856E-02,2.9080841E-01
-9.475328E-03,-1.121051E-02,2.7478668E-01
-9.472051E-03,-8.036682E-03,2.5784943E-01
-9.468774E-03,-3.962585E-03,2.4098846E-01
-9.465498E-03,-1.475403E-03,2.2481415E-01
-9.462221E-03,1.744202E-03,2.0825836E-01
-9.458944E-03,4.658630E-03,1.9040558E-01
-9.455667E-03,7.832458E-03,1.7362091E-01
-9.452390E-03,9.770325E-03,1.5584442E-01
-9.449114E-03,1.366132E-02,1.4012787E-01
-9.445837E-03,1.569073E-02,1.2235138E-01
-9.442560E-03,1.895612E-02,1.0480377E-01
-9.439283E-03,2.049725E-02,8.6569519E-02
-9.436006E-03,2.344220E-02,6.9937439E-02
-9.432730E-03,2.487653E-02,5.1779480E-02
-9.429453E-03,2.686017E-02,3.4613342E-02
-9.426176E-03,2.766888E-02,1.6836853E-02
-9.422899E-03,3.059857E-02,5.8624268E-04
-9.419622E-03,3.126996E-02,-1.7800598E-02
-9.416346E-03,3.339093E-02,-3.4890442E-02
-9.413069E-03,3.462689E-02,-5.2590637E-02
-9.409792E-03,3.719037E-02,-7.0214539E-02
-9.406515E-03,3.725140E-02,-8.7380676E-02
-9.403238E-03,3.969281E-02,-1.0462311E-01
-9.399962E-03,3.917401E-02,-1.2156036E-01
-9.396685E-03,4.091351E-02,-1.3796356E-01
-9.393408E-03,4.040997E-02,-1.5520599E-01
-9.390131E-03,4.309552E-02,-1.7138031E-01
-9.386854E-03,4.214948E-02,-1.8946198E-01
-9.383578E-03,4.478925E-02,-2.0510223E-01
-9.380301E-03,4.297345E-02,-2.2165802E-01
-9.377024E-03,4.515546E-02,-2.3783234E-01
-9.373747E-03,4.437726E-02,-2.5461700E-01
-9.370470E-03,4.596417E-02,-2.6957062E-01
-9.367194E-03,4.565900E-02,-2.8696564E-01
-9.363917E-03,4.619305E-02,-3.0230072E-01
-9.360640E-03,4.546063E-02,-3.1984833E-01
-9.357363E-03,4.732220E-02,-3.3434418E-01
-9.354086E-03,4.498761E-02,-3.5051849E-01
-9.350810E-03,4.652875E-02,-3.6478546E-01
-9.347533E-03,4.468243E-02,-3.8088348E-01
-9.344256E-03,4.639142E-02,-3.9576080E-01
-9.340979E-03,4.393475E-02,-4.1124847E-01
-9.337702E-03,4.518597E-02,-4.2582062E-01
-9.334426E-03,4.279034E-02,-4.4039276E-01
-9.331149E-03,4.420941E-02,-4.5427826E-01
-9.327872E-03,4.152386E-02,-4.6892670E-01
-9.324595E-03,4.269879E-02,-4.8166779E-01
-9.321318E-03,4.086774E-02,-4.9677399E-01
-9.318042E-03,4.172223E-02,-5.0905731E-01
-9.314765E-03,3.925031E-02,-5.2370575E-01
-9.311488E-03,4.082196E-02,-5.3453949E-01
-9.308211E-03,3.807538E-02,-5.4804352E-01
-9.304934E-03,3.905194E-02,-5.6063202E-01
-9.301658E-03,3.567975E-02,-5.7360199E-01
-9.298381E-03,3.740399E-02,-5.8489349E-01
-9.295104E-03,3.400128E-02,-5.9687164E-01
-9.291827E-03,3.497784E-02,-6.0732391E-01
-9.288550E-03,3.192609E-02,-6.2021759E-01
-9.285274E-03,3.285687E-02,-6.3021210E-01
-9.281997E-03,2.922528E-02,-6.4142731E-01
-9.278720E-03,3.033917E-02,-6.5134552E-01
-9.275443E-03,2.850812E-02,-6.6248444E-01
-9.272166E-03,2.882855E-02,-6.7118195E-01
-9.268890E-03,2.579205E-02,-6.8132904E-01
-9.265613E-03,2.620404E-02,-6.8872955E-01
-9.262336E-03,2.389996E-02,-6.9887665E-01
-9.259059E-03,2.487653E-02,-7.0627716E-01
-9.255782E-03,2.205365E-02,-7.1558502E-01
-9.252506E-03,2.272504E-02,-7.2229889E-01
-9.249229E-03,1.979535E-02,-7.3099640E-01
-9.245952E-03,1.993268E-02,-7.3763397E-01
-9.242675E-03,1.805585E-02,-7.4450043E-01
-9.239398E-03,1.797955E-02,-7.5083282E-01
-9.236122E-03,1.546185E-02,-7.5792816E-01
-9.232845E-03,1.512616E-02,-7.6372650E-01
-9.229568E-03,1.331036E-02,-7.6914337E-01
-9.226291E-03,1.352399E-02,-7.7402618E-01
-9.223014E-03,1.076215E-02,-7.7898529E-01
-9.219738E-03,1.138776E-02,-7.8379181E-01
-9.216461E-03,9.571960E-03,-7.8783539E-01
-9.213184E-03,9.648254E-03,-7.9119232E-01
-9.209907E-03,7.710388E-03,-7.9523590E-01
-9.206630E-03,7.573059E-03,-7.9821136E-01
-9.203354E-03,5.665710E-03,-8.0149200E-01
-9.200077E-03,5.543640E-03,-8.0355194E-01
-9.196800E-03,4.002502E-03,-8.0576447E-01
-9.193523E-03,3.682068E-03,-8.0675629E-01
-9.190246E-03,1.728943E-03,-8.0782440E-01
-9.186970E-03,1.667908E-03,-8.0881622E-01
-9.183693E-03,5.082397E-04,-8.0965546E-01
-9.180416E-03,4.472046E-04,-8.0957916E-01
-9.177139E-03,-1.017639E-03,-8.1003693E-01
-9.173862E-03,-1.597473E-03,-8.0873993E-01
-9.170586E-03,-2.741882E-03,-8.0820587E-01
-9.167309E-03,-2.421448E-03,-8.0698517E-01
-9.164032E-03,-5.152771E-03,-8.0568817E-01
-9.160755E-03,-5.732605E-03,-8.0416229E-01
-9.157478E-03,-7.166931E-03,-8.0149200E-01
-9.154202E-03,-7.716248E-03,-7.9927948E-01
-9.150925E-03,-9.303162E-03,-7.9607513E-01
-9.147648E-03,-9.120056E-03,-7.9325226E-01
-9.144371E-03,-1.208026E-02,-7.9027679E-01
-9.141094E-03,-1.203448E-02,-7.8554657E-01
-9.137818E-03,-1.336200E-02,-7.8089264E-01
-9.134541E-03,-1.316364E-02,-7.7631500E-01
-9.131264E-03,-1.603229E-02,-7.7097443E-01
-9.127987E-03,-1.534564E-02,-7.6586273E-01
-9.124710E-03,-1.726825E-02,-7.5922516E-01
-9.121434E-03,-1.703937E-02,-7.5388458E-01
-9.118157E-03,-1.844318E-02,-7.4808624E-01
-9.114880E-03,-1.993854E-02,-7.4099091E-01
-9.111603E-03,-2.120502E-02,-7.3366669E-01
-9.108326E-03,-2.239520E-02,-7.2672394E-01
-9.105050E-03,-2.451617E-02,-7.1833160E-01
-9.101773E-03,-2.418048E-02,-7.1001556E-01
-9.098496E-03,-2.610309E-02,-7.0192841E-01
-9.095219E-03,-2.740009E-02,-6.9315460E-01
-9.091942E-03,-2.836139E-02,-6.8361786E-01
-9.088666E-03,-2.926166E-02,-6.7392853E-01
-9.085389E-03,-3.200824E-02,-6.6530731E-01
-9.082112E-03,-3.267963E-02,-6.5577057E-01
-9.078835E-03,-3.463275E-02,-6.4524200E-01
-9.075558E-03,-3.538043E-02,-6.3524750E-01
-9.072282E-03,-3.809650E-02,-6.2418488E-01
-9.069005E-03,-3.927142E-02,-6.1190155E-01
-9.065728E-03,-4.134662E-02,-6.0083893E-01
-9.062451E-03,-4.229266E-02,-5.8931854E-01
-9.059174E-03,-4.520709E-02,-5.7741669E-01
-9.055898E-03,-4.633624E-02,-5.6505707E-01
-9.052621E-03,-4.830463E-02,-5.5292633E-01
-9.049344E-03,-4.969318E-02,-5.4018524E-01
-9.046067E-03,-5.225665E-02,-5.2752045E-01
-9.042790E-03,-5.448444E-02,-5.1439789E-01
-9.039514E-03,-5.688007E-02,-5.0097015E-01
-9.036237E-03,-5.895526E-02,-4.8761871E-01
-9.032960E-03,-6.049640E-02,-4.7388580E-01
-9.029683E-03,-6.296832E-02,-4.5977142E-01
-9.026406E-03,-6.569965E-02,-4.4436005E-01
-9.023130E-03,-6.772906E-02,-4.3062714E-01
-9.019853E-03,-7.102496E-02,-4.1613129E-01
-9.016576E-03,-7.384784E-02,-4.0178802E-01
-9.013299E-03,-7.635028E-02,-3.8584259E-01
-9.010022E-03,-7.870013E-02,-3.7088898E-01
-9.006746E-03,-8.159930E-02,-3.5532501E-01
-9.003469E-03,-8.417804E-02,-3.4044769E-01
-9.000192E-03,-8.639056E-02,-3.2450226E-01
-8.996915E-03,-8.976276E-02,-3.0962494E-01
-8.993638E-03,-9.243304E-02,-2.9291656E-01
-8.990362E-03,-9.582050E-02,-2.7613190E-01
-8.987085E-03,-9.875018E-02,-2.5934723E-01
-8.983808E-03,-1.018325E-01,-2.4340179E-01
-8.980531E-03,-1.047316E-01,-2.2699860E-01
-8.977254E-03,-1.083937E-01,-2.1112946E-01
-8.973978E-03,-1.108962E-01,-1.9411591E-01
-8.970701E-03,-1.151992E-01,-1.7771271E-01
-8.967424E-03,-1.178542E-01,-1.6024139E-01
-8.964147E-03,-1.212416E-01,-1.4414337E-01
-8.960870E-03,-1.244155E-01,-1.2598541E-01
-8.957594E-03,-1.286422E-01,-1.1011627E-01
-8.954317E-03,-1.309767E-01,-9.1958313E-02
-8.951040E-03,-1.355239E-01,-7.5631409E-02
-8.947763E-03,-1.379653E-01,-5.7854919E-02
-8.944486E-03,-1.417800E-01,-4.0841370E-02
-8.941210E-03,-1.442519E-01,-2.3293762E-02
-8.937933E-03,-1.483260E-01,-6.7379761E-03
-8.934656E-03,-1.511183E-01,1.1877747E-02
-8.931379E-03,-1.548720E-01,2.8357239E-02
-8.928102E-03,-1.574355E-01,4.6972961E-02
-8.924826E-03,-1.621047E-01,6.3452454E-02
-8.921549E-03,-1.643325E-01,8.0923767E-02
-8.918272E-03,-1.686049E-01,9.7479553E-02
-8.914995E-03,-1.705580E-01,1.1685822E-01
-8.911718E-03,-1.756545E-01,1.3402435E-01
-8.908442E-03,-1.779280E-01,1.5241119E-01
-8.905165E-03,-1.826583E-01,1.6820404E-01
-8.901888E-03,-1.848403E-01,1.8582794E-01
-8.898611E-03,-1.888686E-01,2.0200226E-01
-8.895334E-03,-1.910659E-01,2.1985504E-01
-8.892058E-03,-1.951705E-01,2.3587677E-01
-8.888781E-03,-1.971694E-01,2.5365326E-01
-8.885504E-03,-2.019454E-01,2.6982758E-01
-8.882227E-03,-2.029372E-01,2.8676483E-01
-8.878950E-03,-2.081710E-01,3.0232880E-01
-8.875674E-03,-2.096358E-01,3.2010529E-01
-8.872397E-03,-2.137557E-01,3.3597443E-01
-8.869120E-03,-2.143508E-01,3.5329315E-01
-8.865843E-03,-2.183028E-01,3.6916229E-01
-8.862566E-03,-2.193862E-01,3.8640472E-01
-8.859290E-03,-2.235213E-01,4.0158722E-01
-8.856013E-03,-2.238570E-01,4.1867706E-01
-8.852736E-03,-2.274123E-01,4.3324921E-01
-8.849459E-03,-2.283889E-01,4.4919464E-01
-8.846182E-03,-2.321883E-01,4.6292755E-01
-8.842906E-03,-2.320204E-01,4.7963593E-01
-8.839629E-03,-2.359572E-01,4.9260590E-01
-8.836352E-03,-2.359572E-01,5.0816986E-01
-8.833075E-03,-2.393752E-01,5.2136871E-01
-8.829798E-03,-2.389174E-01,5.3723785E-01
-8.826522E-03,-2.421065E-01,5.4959747E-01
-8.823245E-03,-2.416487E-01,5.6401703E-01
-8.819968E-03,-2.450820E-01,5.7576630E-01
-8.816691E-03,-2.443801E-01,5.8949921E-01
-8.813414E-03,-2.466689E-01,6.0231659E-01
-8.810138E-03,-2.466078E-01,6.1543915E-01
-8.806861E-03,-2.490493E-01,6.2634918E-01
-8.803584E-03,-2.475081E-01,6.3909027E-01
-8.800307E-03,-2.501631E-01,6.5053436E-01
-8.797030E-03,-2.490035E-01,6.6312286E-01
-8.793754E-03,-2.514601E-01,6.7357513E-01
-8.790477E-03,-2.492781E-01,6.8540070E-01
-8.787200E-03,-2.511550E-01,6.9516632E-01
-8.783923E-03,-2.492629E-01,7.0798370E-01
-8.780646E-03,-2.506209E-01,7.1767303E-01
-8.777370E-03,-2.477370E-01,7.2904083E-01
-8.774093E-03,-2.490035E-01,7.3743317E-01
-8.770816E-03,-2.461348E-01,7.4826691E-01
-8.767539E-03,-2.466231E-01,7.5627777E-01
-8.764262E-03,-2.438460E-01,7.6604340E-01
-8.760986E-03,-2.442275E-01,7.7397797E-01
-8.757709E-03,-2.415724E-01,7.8320953E-01
-8.754432E-03,-2.413436E-01,7.8954193E-01
-8.751155E-03,-2.388564E-01,7.9770538E-01
-8.747878E-03,-2.379256E-01,8.0487701E-01
-8.744602E-03,-2.357894E-01,8.1174347E-01
-8.741325E-03,-2.337752E-01,8.1792328E-01
-8.738048E-03,-2.308303E-01,8.2425568E-01
-8.734771E-03,-2.293807E-01,8.3104584E-01
-8.731494E-03,-2.259322E-01,8.3730194E-01
-8.728218E-03,-2.244826E-01,8.4302399E-01
-8.724941E-03,-2.204390E-01,8.4836456E-01
-8.721664E-03,-2.181960E-01,8.5263702E-01
-8.718387E-03,-2.151747E-01,8.5698578E-01
-8.715110E-03,-2.123366E-01,8.6041901E-01
-8.711834E-03,-2.085219E-01,8.6522552E-01
-8.708557E-03,-2.053328E-01,8.6812469E-01
-8.705280E-03,-2.014266E-01,8.7201569E-01
-8.702003E-03,-1.984053E-01,8.7331268E-01
-8.698726E-03,-1.934615E-01,8.7583038E-01
-8.695450E-03,-1.906844E-01,8.7735626E-01
-8.692173E-03,-1.861525E-01,8.7888214E-01
-8.688896E-03,-1.824294E-01,8.7979767E-01
-8.685619E-03,-1.776229E-01,8.8040802E-01
-8.682342E-03,-1.735030E-01,8.8071320E-01
-8.679066E-03,-1.690474E-01,8.8162872E-01
-8.675789E-03,-1.643325E-01,8.8101837E-01
-8.672512E-03,-1.602126E-01,8.8117096E-01
-8.669235E-03,-1.564131E-01,8.7995026E-01
-8.665958E-03,-1.509963E-01,8.7811920E-01
-8.662682E-03,-1.467849E-01,8.7644073E-01
-8.659405E-03,-1.414595E-01,8.7430450E-01
-8.656128E-03,-1.376906E-01,8.7193939E-01
-8.652851E-03,-1.322127E-01,8.6965057E-01
-8.649574E-03,-1.277571E-01,8.6614105E-01
-8.646298E-03,-1.222945E-01,8.6270782E-01
-8.643021E-03,-1.168166E-01,8.5896942E-01
-8.639744E-03,-1.125899E-01,8.5545990E-01
-8.636467E-03,-1.072188E-01,8.5080597E-01
-8.633190E-03,-1.016341E-01,8.4554169E-01
-8.629914E-03,-9.678180E-02,8.4058258E-01
-8.626637E-03,-9.144122E-02,8.3493683E-01
-8.623360E-03,-8.675677E-02,8.2875702E-01
-8.620083E-03,-8.130939E-02,8.2349274E-01
-8.616806E-03,-7.682330E-02,8.1670258E-01
-8.613530E-03,-7.204730E-02,8.0914948E-01
-8.610253E-03,-6.678302E-02,8.0220673E-01
-8.606976E-03,-6.180865E-02,7.9373810E-01
-8.603699E-03,-5.631549E-02,7.8603241E-01
-8.600422E-03,-5.138690E-02,7.7832672E-01
-8.597146E-03,-4.665668E-02,7.6871368E-01
-8.593869E-03,-4.210956E-02,7.6070282E-01
-8.590592E-03,-3.692157E-02,7.5192902E-01
-8.587315E-03,-3.226764E-02,7.4323151E-01
-8.584038E-03,-2.704913E-02,7.3316071E-01
-8.580762E-03,-2.236469E-02,7.2270844E-01
-8.577485E-03,-1.755817E-02,7.1294281E-01
-8.574208E-03,-1.359088E-02,7.0264313E-01
-8.570931E-03,-8.585999E-03,6.9165680E-01
-8.567654E-03,-4.603455E-03,6.8006012E-01
-8.564378E-03,-1.021118E-04,6.6907379E-01
-8.561101E-03,5.009583E-03,6.5679047E-01
-8.557824E-03,8.412292E-03,6.4504120E-01
-8.554547E-03,1.208966E-02,6.3237640E-01
-8.551270E-03,1.686566E-02,6.2093231E-01
-8.547994E-03,2.035992E-02,6.0742828E-01
-8.544717E-03,2.399152E-02,5.9483978E-01
-8.541440E-03,2.806561E-02,5.8179352E-01
-8.538163E-03,3.207867E-02,5.6867096E-01
-8.534886E-03,3.546613E-02,5.5600616E-01
-8.531610E-03,3.926556E-02,5.4227325E-01
-8.528333E-03,4.239362E-02,5.2792999E-01
-8.525056E-03,4.669659E-02,5.1381561E-01
-8.521779E-03,4.956525E-02,4.9878571E-01
-8.518502E-03,5.200665E-02,4.8444244E-01
-8.515226E-03,5.476849E-02,4.6941254E-01
-8.511949E-03,5.775922E-02,4.5476410E-01
-8.508672E-03,5.942242E-02,4.3881866E-01
-8.505395E-03,6.253522E-02,4.2325470E-01
-8.502118E-03,6.476300E-02,4.0791962E-01
-8.498842E-03,6.744855E-02,3.9250824E-01
-8.495565E-03,6.900494E-02,3.7587616E-01
-8.492288E-03,7.169049E-02,3.5993073E-01
-8.489011E-03,7.286542E-02,3.4329865E-01
-8.485734E-03,7.548993E-02,3.2742950E-01
-8.482458E-03,7.622235E-02,3.1033966E-01
-8.479181E-03,7.826703E-02,2.9454681E-01
-8.475904E-03,7.921307E-02,2.7837250E-01
-8.472627E-03,8.124249E-02,2.6219818E-01
-8.469350E-03,8.211224E-02,2.4472687E-01
-8.466074E-03,8.337872E-02,2.2794220E-01
-8.462797E-03,8.430951E-02,2.1008942E-01
-8.459520E-03,8.565228E-02,1.9376251E-01
-8.456243E-03,8.565228E-02,1.7568085E-01
-8.452966E-03,8.673566E-02,1.6011688E-01
-8.449690E-03,8.604901E-02,1.4180634E-01
-8.446413E-03,8.716290E-02,1.2464020E-01
-8.443136E-03,8.673566E-02,1.0701630E-01
-8.439859E-03,8.760541E-02,8.9773865E-02
-8.436582E-03,8.697980E-02,7.1997375E-02
-8.433306E-03,8.697980E-02,5.5289001E-02
-8.430029E-03,8.672040E-02,3.7054749E-02
-8.426752E-03,8.716290E-02,2.0651550E-02
-8.423475E-03,8.450787E-02,2.5698853E-03
-8.420198E-03,8.661359E-02,-1.4596252E-02
-8.416922E-03,8.418744E-02,-3.2677917E-02
-8.413645E-03,8.473676E-02,-4.9233704E-02
-8.410368E-03,8.316510E-02,-6.7391663E-02
-8.407091E-03,8.371442E-02,-8.4252625E-02
-8.403814E-03,8.096783E-02,-1.0195282E-01
-8.400538E-03,8.157819E-02,-1.1744049E-01
-8.397261E-03,7.841962E-02,-1.3544586E-01
-8.393984E-03,7.925885E-02,-1.5100983E-01
-8.390707E-03,7.649701E-02,-1.6863373E-01
-8.387430E-03,7.700055E-02,-1.8488434E-01
-8.384154E-03,7.364362E-02,-2.0304230E-01
-8.380877E-03,7.428448E-02,-2.1891144E-01
-8.377600E-03,7.176678E-02,-2.3554352E-01
-8.374323E-03,7.063763E-02,-2.5110748E-01
-8.371046E-03,6.793683E-02,-2.6743439E-01
-8.367770E-03,6.778424E-02,-2.8337982E-01
-8.364493E-03,6.387799E-02,-3.0100372E-01
-8.361216E-03,6.462567E-02,-3.1565216E-01
-8.357939E-03,6.114667E-02,-3.3327606E-01
-8.354662E-03,6.093304E-02,-3.4807709E-01
-8.351386E-03,5.664532E-02,-3.6440399E-01
-8.348109E-03,5.702679E-02,-3.7775543E-01
-8.344832E-03,5.321210E-02,-3.9408234E-01
-8.341555E-03,5.363934E-02,-4.0766266E-01
-8.338278E-03,4.974835E-02,-4.2337921E-01
-8.335002E-03,4.997723E-02,-4.3619659E-01
-8.331725E-03,4.620831E-02,-4.5191315E-01
-8.328448E-03,4.721539E-02,-4.6495941E-01
-8.325171E-03,4.240887E-02,-4.8037079E-01
-8.321894E-03,4.253094E-02,-4.9326447E-01
-8.318618E-03,3.871625E-02,-5.0783661E-01
-8.315341E-03,3.841107E-02,-5.1989105E-01
-8.312064E-03,3.426068E-02,-5.3316620E-01
-8.308787E-03,3.464215E-02,-5.4552582E-01
-8.305510E-03,3.020184E-02,-5.5895355E-01
-8.302234E-03,3.101056E-02,-5.6971100E-01
-8.298957E-03,2.632611E-02,-5.8382538E-01
-8.295680E-03,2.707379E-02,-5.9565094E-01
-8.292403E-03,2.301495E-02,-6.0770538E-01
-8.289126E-03,2.226727E-02,-6.1724213E-01
-8.285850E-03,1.909344E-02,-6.2952545E-01
-8.282573E-03,1.886456E-02,-6.3921478E-01
-8.279296E-03,1.486676E-02,-6.5065887E-01
-8.276019E-03,1.497357E-02,-6.5981415E-01
-8.272742E-03,1.108258E-02,-6.7026642E-01
-8.269466E-03,1.132672E-02,-6.7842987E-01
-8.266189E-03,7.115295E-03,-6.8842438E-01
-8.262912E-03,7.359436E-03,-6.9643524E-01
-8.259635E-03,4.200867E-03,-7.0574310E-01
-8.256358E-03,4.063538E-03,-7.1367767E-01
-8.253082E-03,7.523804E-04,-7.2168854E-01
-8.249805E-03,2.640991E-04,-7.2931793E-01
-8.246528E-03,-2.558777E-03,-7.3740509E-01
-8.243251E-03,-3.443787E-03,-7.4404266E-01
-8.239974E-03,-5.656311E-03,-7.5052765E-01
-8.236698E-03,-6.419250E-03,-7.5541046E-01
-8.233421E-03,-1.008136E-02,-7.6326874E-01
-8.230144E-03,-9.699890E-03,-7.6754120E-01
-8.226867E-03,-1.233966E-02,-7.7295807E-01
-8.223590E-03,-1.261432E-02,-7.7776459E-01
-8.220314E-03,-1.531512E-02,-7.8226593E-01
-8.217037E-03,-1.604755E-02,-7.8653839E-01
-8.213760E-03,-1.829059E-02,-7.9012421E-01
-8.210483E-03,-1.867206E-02,-7.9401520E-01
-8.207206E-03,-2.085406E-02,-7.9790619E-01
-8.203930E-03,-2.140338E-02,-8.0004242E-01
-8.200653E-03,-2.419574E-02,-8.0378082E-01
-8.197376E-03,-2.483661E-02,-8.0500153E-01
-8.194099E-03,-2.706439E-02,-8.0736664E-01
-8.190822E-03,-2.755267E-02,-8.0812958E-01
-8.187546E-03,-2.944476E-02,-8.0957916E-01
-8.184269E-03,-3.051288E-02,-8.0996063E-01
-8.180992E-03,-3.260333E-02,-8.1064728E-01
-8.177715E-03,-3.368671E-02,-8.1079987E-01
-8.174438E-03,-3.531940E-02,-8.0980804E-01
-8.171162E-03,-3.631122E-02,-8.0919769E-01
-8.167885E-03,-3.754718E-02,-8.0774811E-01
-8.164608E-03,-3.835590E-02,-8.0584076E-01
-8.161331E-03,-4.067523E-02,-8.0446747E-01
-8.158054E-03,-4.105670E-02,-8.0156830E-01
-8.154778E-03,-4.360492E-02,-7.9897430E-01
-8.151501E-03,-4.433734E-02,-7.9584625E-01
-8.148224E-03,-4.557330E-02,-7.9302338E-01
-8.144947E-03,-4.653461E-02,-7.8920868E-01
-8.141670E-03,-4.841144E-02,-7.8508881E-01
-8.138394E-03,-5.005939E-02,-7.8035858E-01
-8.135117E-03,-5.204303E-02,-7.7570465E-01
-8.131840E-03,-5.253131E-02,-7.7135590E-01
-8.128563E-03,-5.506427E-02,-7.6639679E-01
-8.125286E-03,-5.587299E-02,-7.6014069E-01
-8.122010E-03,-5.878741E-02,-7.5449493E-01
-8.118733E-03,-5.971820E-02,-7.4770477E-01
-8.115456E-03,-6.202228E-02,-7.4175385E-01
-8.112179E-03,-6.251056E-02,-7.3420074E-01
-8.108902E-03,-6.461627E-02,-7.2741058E-01
-8.105626E-03,-6.653888E-02,-7.1924713E-01
-8.102349E-03,-6.789691E-02,-7.1123627E-01
-8.099072E-03,-6.962115E-02,-7.0223358E-01
-8.095795E-03,-7.195575E-02,-6.9384125E-01
-8.092518E-03,-7.343585E-02,-6.8560150E-01
-8.089242E-03,-7.583148E-02,-6.7606476E-01
-8.085965E-03,-7.689960E-02,-6.6660431E-01
-8.082688E-03,-7.967670E-02,-6.5622833E-01
-8.079411E-03,-8.121783E-02,-6.4692047E-01
-8.076134E-03,-8.310992E-02,-6.3547638E-01
-8.072858E-03,-8.538348E-02,-6.2502411E-01
-8.069581E-03,-8.811481E-02,-6.1403778E-01
-8.066304E-03,-8.965594E-02,-6.0213593E-01
-8.063027E-03,-9.211261E-02,-5.9114960E-01
-8.059750E-03,-9.386737E-02,-5.8031586E-01
-8.056474E-03,-9.641559E-02,-5.6734589E-01
-8.053197E-03,-9.821613E-02,-5.5529144E-01
-8.049920E-03,-1.009017E-01,-5.4277924E-01
-8.046643E-03,-1.028395E-01,-5.2980927E-01
-8.043366E-03,-1.059371E-01,-5.1645782E-01
-8.040090E-03,-1.076766E-01,-5.0318268E-01
-8.036813E-03,-1.104842E-01,-4.8937347E-01
-8.033536E-03,-1.129256E-01,-4.7617462E-01
-8.030259E-03,-1.153823E-01,-4.6251801E-01
-8.026982E-03,-1.176711E-01,-4.4794586E-01
-8.023706E-03,-1.204482E-01,-4.3291595E-01
-8.020429E-03,-1.236983E-01,-4.1941193E-01
-8.017152E-03,-1.256972E-01,-4.0392426E-01
-8.013875E-03,-1.282149E-01,-3.8874176E-01
-8.010598E-03,-1.315413E-01,-3.7287262E-01
-8.007322E-03,-1.328536E-01,-3.5761383E-01
-8.004045E-03,-1.356459E-01,-3.4174469E-01
-8.000768E-03,-1.387587E-01,-3.2724884E-01
-7.997491E-03,-1.404982E-01,-3.1160858E-01
-7.994214E-03,-1.441756E-01,-2.9520538E-01
-7.990938E-03,-1.458846E-01,-2.7849701E-01
-7.987661E-03,-1.489821E-01,-2.6217010E-01
-7.984384E-03,-1.513625E-01,-2.4591949E-01
-7.981107E-03,-1.542464E-01,-2.3043182E-01
-7.977830E-03,-1.570082E-01,-2.1341827E-01
-7.974554E-03,-1.587935E-01,-1.9747284E-01
-7.971277E-03,-1.618758E-01,-1.7962006E-01
-7.968000E-03,-1.645156E-01,-1.6306427E-01
-7.964723E-03,-1.666060E-01,-1.4528778E-01
-7.961446E-03,-1.694594E-01,-1.2987640E-01
-7.958170E-03,-1.711531E-01,-1.1286285E-01
-7.954893E-03,-1.743727E-01,-9.6230774E-02
-7.951616E-03,-1.754714E-01,-7.8377991E-02
-7.948339E-03,-1.789351E-01,-6.1059265E-02
-7.945062E-03,-1.806594E-01,-4.3206482E-02
-7.941786E-03,-1.839705E-01,-2.6421814E-02
-7.938509E-03,-1.852065E-01,-8.4927368E-03
-7.935232E-03,-1.882582E-01,9.2074585E-03
-7.931955E-03,-1.897231E-01,2.6221008E-02
-7.928678E-03,-1.933394E-01,4.2929382E-02
-7.925402E-03,-1.932631E-01,6.0782166E-02
-7.922125E-03,-1.967116E-01,7.6575012E-02
-7.918848E-03,-1.974898E-01,9.5038147E-02
-7.915571E-03,-2.001296E-01,1.1235687E-01
-7.912294E-03,-2.004348E-01,1.3135406E-01
-7.909018E-03,-2.025710E-01,1.4768097E-01
-7.905741E-03,-2.025862E-01,1.6545746E-01
-7.902464E-03,-2.056533E-01,1.8102142E-01
-7.899187E-03,-2.055312E-01,1.9994232E-01
-7.895910E-03,-2.079726E-01,2.1604034E-01
-7.892634E-03,-2.083846E-01,2.3396942E-01
-7.889357E-03,-2.105056E-01,2.5014374E-01
-7.886080E-03,-2.098189E-01,2.6746246E-01
-7.882803E-03,-2.120620E-01,2.8363678E-01
-7.879526E-03,-2.112227E-01,3.0141327E-01
-7.876250E-03,-2.131758E-01,3.1751129E-01
-7.872973E-03,-2.121535E-01,3.3490631E-01
-7.869696E-03,-2.145034E-01,3.4955475E-01
-7.866419E-03,-2.131606E-01,3.6740753E-01
-7.863142E-03,-2.146407E-01,3.8236115E-01
-7.859866E-03,-2.126876E-01,3.9823029E-01
-7.856589E-03,-2.149001E-01,4.1333649E-01
-7.853312E-03,-2.125350E-01,4.2981598E-01
-7.850035E-03,-2.143050E-01,4.4507477E-01
-7.846758E-03,-2.118636E-01,4.6071503E-01
-7.843482E-03,-2.130843E-01,4.7513458E-01
-7.840205E-03,-2.104598E-01,4.9100372E-01
-7.836928E-03,-2.111312E-01,5.0443146E-01
-7.833651E-03,-2.081404E-01,5.2007172E-01
-7.830374E-03,-2.088881E-01,5.3342316E-01
-7.827098E-03,-2.051650E-01,5.4837677E-01
-7.823821E-03,-2.063094E-01,5.6111786E-01
-7.820544E-03,-2.018691E-01,5.7492706E-01
-7.817267E-03,-2.022505E-01,5.8721039E-01
-7.813990E-03,-1.982985E-01,6.0162994E-01
-7.810714E-03,-1.985274E-01,6.1284515E-01
-7.807437E-03,-1.939803E-01,6.2596771E-01
-7.804160E-03,-1.943618E-01,6.3672516E-01
-7.800883E-03,-1.904402E-01,6.5000031E-01
-7.797606E-03,-1.890822E-01,6.6022369E-01
-7.794330E-03,-1.846724E-01,6.7265961E-01
-7.791053E-03,-1.836501E-01,6.8265411E-01
-7.787776E-03,-1.797896E-01,6.9539520E-01
-7.784499E-03,-1.777144E-01,7.0561859E-01
-7.781222E-03,-1.736403E-01,7.1691010E-01
-7.777946E-03,-1.713362E-01,7.2606537E-01
-7.774669E-03,-1.669417E-01,7.3659393E-01
-7.771392E-03,-1.651717E-01,7.4552032E-01
-7.768115E-03,-1.593734E-01,7.5566742E-01
-7.764838E-03,-1.577864E-01,7.6398346E-01
-7.761562E-03,-1.524153E-01,7.7329132E-01
-7.758285E-03,-1.489363E-01,7.8046295E-01
-7.755008E-03,-1.439620E-01,7.8900787E-01
-7.751731E-03,-1.418868E-01,7.9595062E-01
-7.748454E-03,-1.354781E-01,8.0396149E-01
-7.745178E-03,-1.325484E-01,8.1044647E-01
-7.741901E-03,-1.276198E-01,8.1769440E-01
-7.738624E-03,-1.245833E-01,8.2410309E-01
-7.735347E-03,-1.188918E-01,8.3028290E-01
-7.732070E-03,-1.148787E-01,8.3577606E-01
-7.728794E-03,-1.093398E-01,8.4111664E-01
-7.725517E-03,-1.050673E-01,8.4630463E-01
-7.722240E-03,-9.986407E-02,8.5118744E-01
-7.718963E-03,-9.444720E-02,8.5545990E-01
-7.715686E-03,-8.961017E-02,8.5973236E-01
-7.712410E-03,-8.613116E-02,8.6308929E-01
-7.709133E-03,-8.031757E-02,8.6659882E-01
-7.705856E-03,-7.526691E-02,8.6980316E-01
-7.702579E-03,-7.050616E-02,8.7178680E-01
-7.699302E-03,-6.524188E-02,8.7384674E-01
-7.696026E-03,-5.916888E-02,8.7636444E-01
-7.692749E-03,-5.492694E-02,8.7827179E-01
-7.689472E-03,-4.859454E-02,8.7880585E-01
-7.686195E-03,-4.363544E-02,8.8071320E-01
-7.682918E-03,-3.893573E-02,8.8040802E-01
-7.679642E-03,-3.318317E-02,8.8147614E-01
-7.676365E-03,-2.791888E-02,8.8132355E-01
-7.673088E-03,-2.314288E-02,8.8048431E-01
-7.669811E-03,-1.766498E-02,8.8040802E-01
-7.666534E-03,-1.279742E-02,8.7865326E-01
-7.663258E-03,-7.105896E-03,8.7659332E-01
-7.659981E-03,-2.039978E-03,8.7476227E-01
-7.656704E-03,2.568176E-03,8.7163422E-01
-7.653427E-03,6.886414E-03,8.6934540E-01
-7.650150E-03,1.234906E-02,8.6614105E-01
-7.646874E-03,1.695721E-02,8.6339447E-01
-7.643597E-03,2.187054E-02,8.5919830E-01
-7.640320E-03,2.620404E-02,8.5614655E-01
-7.637043E-03,3.149884E-02,8.5080597E-01
-7.633766E-03,3.567975E-02,8.4554169E-01
-7.630490E-03,3.993695E-02,8.4027740E-01
-7.627213E-03,4.460614E-02,8.3501312E-01
-7.623936E-03,4.898541E-02,8.2906219E-01
-7.620659E-03,5.254071E-02,8.2334015E-01
-7.617382E-03,5.676740E-02,8.1593964E-01
-7.614106E-03,6.036847E-02,8.0975983E-01
-7.610829E-03,6.491559E-02,8.0121490E-01
-7.607552E-03,6.885236E-02,7.9389069E-01
-7.604275E-03,7.288068E-02,7.8694794E-01
-7.600998E-03,7.631390E-02,7.7840302E-01
-7.597722E-03,8.032697E-02,7.7039215E-01
-7.594445E-03,8.453839E-02,7.6123688E-01
-7.591168E-03,8.737653E-02,7.5238678E-01
-7.587891E-03,9.015363E-02,7.4315521E-01
-7.584614E-03,9.399884E-02,7.3369476E-01
-7.581338E-03,9.688275E-02,7.2453949E-01
-7.578061E-03,9.949200E-02,7.1469757E-01
-7.574784E-03,1.024980E-01,7.0401642E-01
-7.571507E-03,1.052903E-01,6.9241974E-01
-7.568230E-03,1.073961E-01,6.8212006E-01
-7.564954E-03,1.095628E-01,6.6998932E-01
-7.561677E-03,1.121110E-01,6.5869781E-01
-7.558400E-03,1.145829E-01,6.4618561E-01
-7.555123E-03,1.159105E-01,6.3436005E-01
-7.551846E-03,1.175889E-01,6.2253448E-01
-7.548570E-03,1.197709E-01,6.1017487E-01
-7.545293E-03,1.209459E-01,5.9735748E-01
-7.542016E-03,1.226701E-01,5.8347198E-01
-7.538739E-03,1.237382E-01,5.7012054E-01
-7.535462E-03,1.255998E-01,5.5654022E-01
-7.532186E-03,1.256608E-01,5.4334137E-01
-7.528909E-03,1.262101E-01,5.2945587E-01
-7.525632E-03,1.269426E-01,5.1503632E-01
-7.522355E-03,1.281633E-01,5.0099823E-01
-7.519078E-03,1.272630E-01,4.8596832E-01
-7.515802E-03,1.280717E-01,4.7185394E-01
-7.512525E-03,1.279802E-01,4.5644257E-01
-7.509248E-03,1.288499E-01,4.4072601E-01
-7.505971E-03,1.279802E-01,4.2531464E-01
-7.502694E-03,1.282701E-01,4.1036102E-01
-7.499418E-03,1.275377E-01,3.9510223E-01
-7.496141E-03,1.277971E-01,3.7839386E-01
-7.492864E-03,1.260270E-01,3.6199066E-01
-7.489587E-03,1.265916E-01,3.4581635E-01
-7.486310E-03,1.246995E-01,3.2895538E-01
-7.483034E-03,1.244249E-01,3.1270477E-01
-7.479757E-03,1.228074E-01,2.9607269E-01
-7.476480E-03,1.229448E-01,2.7959320E-01
-7.473203E-03,1.210527E-01,2.6265594E-01
-7.469926E-03,1.201677E-01,2.4678680E-01
-7.466650E-03,1.177568E-01,2.2946808E-01
-7.463373E-03,1.167955E-01,2.1329376E-01
-7.460096E-03,1.140794E-01,1.9551727E-01
-7.456819E-03,1.137132E-01,1.7827484E-01
-7.453542E-03,1.107835E-01,1.6126129E-01
-7.450266E-03,1.098222E-01,1.4424774E-01
-7.446989E-03,1.066331E-01,1.2586090E-01
-7.443712E-03,1.053209E-01,1.0938141E-01
-7.440435E-03,1.024217E-01,9.1452332E-02
-7.437158E-03,1.011247E-01,7.4362488E-02
-7.433882E-03,9.752362E-02,5.6128235E-02
-7.430605E-03,9.590619E-02,4.0030212E-02
-7.427328E-03,9.305280E-02,2.2406311E-02
-7.424051E-03,9.138959E-02,5.8505249E-03
-7.420774E-03,8.791058E-02,-1.2154846E-02
-7.417498E-03,8.681195E-02,-2.9168396E-02
-7.414221E-03,8.194440E-02,-4.7097473E-02
-7.410944E-03,8.208173E-02,-6.3424377E-02
-7.407667E-03,7.751935E-02,-8.2650452E-02
-7.404390E-03,7.608502E-02,-9.8748474E-02
-7.401114E-03,7.187360E-02,-1.1667755E-01
-7.397837E-03,7.031720E-02,-1.3285187E-01
-7.394560E-03,6.563275E-02,-1.5001801E-01
-7.391283E-03,6.473248E-02,-1.6642120E-01
-7.388006E-03,6.053632E-02,-1.8450287E-01
-7.384730E-03,5.865948E-02,-1.9968536E-01
-7.381453E-03,5.470746E-02,-2.1715668E-01
-7.378176E-03,5.342572E-02,-2.3310211E-01
-7.374899E-03,4.874127E-02,-2.5034454E-01
-7.371622E-03,4.764264E-02,-2.6468781E-01
-7.368346E-03,4.369061E-02,-2.8276947E-01
-7.365069E-03,4.189008E-02,-2.9741791E-01
-7.361792E-03,3.806012E-02,-3.1443146E-01
-7.358515E-03,3.699200E-02,-3.2900360E-01
-7.355238E-03,3.252118E-02,-3.4510162E-01
-7.351962E-03,3.183453E-02,-3.5936859E-01
-7.348685E-03,2.731793E-02,-3.7561920E-01
-7.345408E-03,2.629559E-02,-3.8950470E-01
-7.342131E-03,2.156537E-02,-4.0659454E-01
-7.338854E-03,2.179425E-02,-4.2032745E-01
-7.335578E-03,1.685040E-02,-4.3528107E-01
-7.332301E-03,1.570599E-02,-4.4901398E-01
-7.329024E-03,1.128094E-02,-4.6396759E-01
-7.325747E-03,9.663513E-03,-4.7670868E-01
-7.322470E-03,5.284241E-03,-4.9135712E-01
-7.319194E-03,5.330017E-03,-5.0501373E-01
-7.315917E-03,4.166870E-04,-5.1882294E-01
-7.312640E-03,6.303101E-04,-5.3034332E-01
-7.309363E-03,-3.703186E-03,-5.4384735E-01
-7.306086E-03,-4.405090E-03,-5.5521515E-01
-7.302810E-03,-9.028503E-03,-5.6910065E-01
-7.299533E-03,-9.196350E-03,-5.8046844E-01
-7.296256E-03,-1.307208E-02,-5.9389618E-01
-7.292979E-03,-1.330096E-02,-6.0427216E-01
-7.289702E-03,-1.810748E-02,-6.1541107E-01
-7.286426E-03,-1.812274E-02,-6.2517670E-01
-7.283149E-03,-2.205951E-02,-6.3654449E-01
-7.279872E-03,-2.288348E-02,-6.4692047E-01
-7.276595E-03,-2.666766E-02,-6.5859344E-01
-7.273318E-03,-2.669818E-02,-6.6721466E-01
-7.270042E-03,-3.014667E-02,-6.7766693E-01
-7.266765E-03,-3.019244E-02,-6.8621185E-01
-7.263488E-03,-3.390033E-02,-6.9582489E-01
-7.260211E-03,-3.519733E-02,-7.0383575E-01
-7.256934E-03,-3.805072E-02,-7.1222809E-01
-7.253658E-03,-3.826434E-02,-7.2001007E-01
-7.250381E-03,-4.192645E-02,-7.2847870E-01
-7.247104E-03,-4.178912E-02,-7.3542145E-01
-7.243827E-03,-4.424579E-02,-7.4236420E-01
-7.240550E-03,-4.514606E-02,-7.4945953E-01
-7.237274E-03,-4.796893E-02,-7.5548676E-01
-7.233997E-03,-4.903705E-02,-7.6113251E-01
-7.230720E-03,-5.120380E-02,-7.6715973E-01
-7.227443E-03,-5.135638E-02,-7.7272919E-01
-7.224166E-03,-5.378253E-02,-7.7814606E-01
-7.220890E-03,-5.485065E-02,-7.8211334E-01
-7.217613E-03,-5.692584E-02,-7.8753021E-01
-7.214336E-03,-5.750568E-02,-7.9126862E-01
-7.211059E-03,-5.932147E-02,-7.9439667E-01
-7.207782E-03,-6.032855E-02,-7.9737213E-01
-7.204506E-03,-6.225116E-02,-8.0057648E-01
-7.201229E-03,-6.237323E-02,-8.0256012E-01
-7.197952E-03,-6.447894E-02,-8.0431488E-01
-7.194675E-03,-6.476886E-02,-8.0614594E-01
-7.191398E-03,-6.682880E-02,-8.0774811E-01
-7.188122E-03,-6.730182E-02,-8.0912140E-01
-7.184845E-03,-6.913287E-02,-8.0942657E-01
-7.181568E-03,-6.998737E-02,-8.1087616E-01
-7.178291E-03,-7.163531E-02,-8.0965546E-01
-7.175014E-03,-7.189471E-02,-8.0927399E-01
-7.171738E-03,-7.456500E-02,-8.0828217E-01
-7.168461E-03,-7.540424E-02,-8.0835846E-01
-7.165184E-03,-7.702167E-02,-8.0622223E-01
-7.161907E-03,-7.790668E-02,-8.0439117E-01
-7.158630E-03,-7.981403E-02,-8.0317047E-01
-7.155354E-03,-8.129413E-02,-8.0050018E-01
-7.152077E-03,-8.303363E-02,-7.9683807E-01
-7.148800E-03,-8.341510E-02,-7.9378632E-01
-7.145523E-03,-8.497150E-02,-7.8974274E-01
-7.142246E-03,-8.559711E-02,-7.8638580E-01
-7.138970E-03,-8.787067E-02,-7.8241852E-01
-7.135693E-03,-8.852679E-02,-7.7677277E-01
-7.132416E-03,-9.112079E-02,-7.7257660E-01
-7.129139E-03,-9.153278E-02,-7.6746490E-01
-7.125862E-03,-9.379108E-02,-7.6151398E-01
-7.122586E-03,-9.492023E-02,-7.5617340E-01
-7.119309E-03,-9.690387E-02,-7.4976471E-01
-7.116032E-03,-9.771259E-02,-7.4358490E-01
-7.112755E-03,-1.002913E-01,-7.3618439E-01
-7.109478E-03,-1.011000E-01,-7.2824982E-01
-7.106202E-03,-1.031295E-01,-7.2123077E-01
-7.102925E-03,-1.041671E-01,-7.1321991E-01
-7.099648E-03,-1.060744E-01,-7.0459869E-01
-7.096371E-03,-1.067305E-01,-6.9674042E-01
-7.093094E-03,-1.090346E-01,-6.8789032E-01
-7.089818E-03,-1.100722E-01,-6.7865875E-01
-7.086541E-03,-1.129714E-01,-6.6912201E-01
-7.083264E-03,-1.139022E-01,-6.5897491E-01
-7.079987E-03,-1.161757E-01,-6.4943817E-01
-7.076710E-03,-1.174880E-01,-6.3974884E-01
-7.073434E-03,-1.197158E-01,-6.2868622E-01
-7.070157E-03,-1.213027E-01,-6.1846283E-01
-7.066880E-03,-1.230880E-01,-6.0602692E-01
-7.063603E-03,-1.241103E-01,-5.9473541E-01
-7.060326E-03,-1.268874E-01,-5.8275726E-01
-7.057050E-03,-1.277724E-01,-5.7085541E-01
-7.053773E-03,-1.295272E-01,-5.5765656E-01
-7.050496E-03,-1.308089E-01,-5.4522064E-01
-7.047219E-03,-1.324568E-01,-5.3263214E-01
-7.043942E-03,-1.345778E-01,-5.1928070E-01
-7.040666E-03,-1.362410E-01,-5.0577667E-01
-7.037389E-03,-1.380416E-01,-4.9219635E-01
-7.034112E-03,-1.394911E-01,-4.7777679E-01
-7.030835E-03,-1.419020E-01,-4.6511200E-01
-7.027558E-03,-1.429549E-01,-4.5008209E-01
-7.024282E-03,-1.453963E-01,-4.3627289E-01
-7.021005E-03,-1.466017E-01,-4.2147186E-01
-7.017728E-03,-1.488143E-01,-4.0804413E-01
-7.014451E-03,-1.498976E-01,-3.9225128E-01
-7.011174E-03,-1.518355E-01,-3.7676361E-01
-7.007898E-03,-1.531020E-01,-3.6119965E-01
-7.004621E-03,-1.548415E-01,-3.4678009E-01
-7.001344E-03,-1.560164E-01,-3.3182648E-01
-6.998067E-03,-1.579543E-01,-3.1580475E-01
-6.994790E-03,-1.584426E-01,-2.9924896E-01
-6.991514E-03,-1.606856E-01,-2.8315094E-01
-6.988237E-03,-1.613875E-01,-2.6560333E-01
-6.984960E-03,-1.634169E-01,-2.5080231E-01
-6.981683E-03,-1.644393E-01,-2.3417023E-01
-6.978406E-03,-1.649581E-01,-2.1784332E-01
-6.975130E-03,-1.663314E-01,-2.0151642E-01
-6.971853E-03,-1.677199E-01,-1.8488434E-01
-6.968576E-03,-1.678267E-01,-1.6687897E-01
-6.965299E-03,-1.694747E-01,-1.5032318E-01
-6.962022E-03,-1.692153E-01,-1.3300446E-01
-6.958746E-03,-1.716872E-01,-1.1644867E-01
-6.955469E-03,-1.706191E-01,-9.9511414E-02
-6.952192E-03,-1.716567E-01,-8.2421570E-02
-6.948915E-03,-1.711226E-01,-6.4034729E-02
-6.945638E-03,-1.723433E-01,-4.6944885E-02
-6.942362E-03,-1.718550E-01,-2.8405457E-02
-6.939085E-03,-1.729689E-01,-1.2002258E-02
-6.935808E-03,-1.712752E-01,5.6216431E-03
-6.932531E-03,-1.725875E-01,2.3474426E-02
-6.929254E-03,-1.716872E-01,4.1098328E-02
-6.925978E-03,-1.723738E-01,5.7959290E-02
-6.922701E-03,-1.706038E-01,7.5201721E-02
-6.919424E-03,-1.714125E-01,9.1681213E-02
-6.916147E-03,-1.696120E-01,1.1067841E-01
-6.912870E-03,-1.706496E-01,1.2731049E-01
-6.909594E-03,-1.681472E-01,1.4577362E-01
-6.906317E-03,-1.684828E-01,1.6171906E-01
-6.903040E-03,-1.665908E-01,1.8025848E-01
-6.899763E-03,-1.661177E-01,1.9597504E-01
-6.896486E-03,-1.640731E-01,2.1359894E-01
-6.893210E-03,-1.645003E-01,2.3038361E-01
-6.889933E-03,-1.617079E-01,2.4762604E-01
-6.886656E-03,-1.612502E-01,2.6380035E-01
-6.883379E-03,-1.574355E-01,2.8127167E-01
-6.880102E-03,-1.576644E-01,2.9744598E-01
-6.876826E-03,-1.534377E-01,3.1468842E-01
-6.873549E-03,-1.535750E-01,3.3063385E-01
-6.870272E-03,-1.494551E-01,3.4787628E-01
-6.866995E-03,-1.491347E-01,3.6290619E-01
-6.863718E-03,-1.444045E-01,3.8060638E-01
-6.860442E-03,-1.448775E-01,3.9548370E-01
-6.857165E-03,-1.398268E-01,4.1135284E-01
-6.853888E-03,-1.382247E-01,4.2638275E-01
-6.850611E-03,-1.333724E-01,4.4263336E-01
-6.847334E-03,-1.326247E-01,4.5690033E-01
-6.844058E-03,-1.274977E-01,4.7254059E-01
-6.840781E-03,-1.260634E-01,4.8703644E-01
-6.837504E-03,-1.210433E-01,5.0229523E-01
-6.834227E-03,-1.199141E-01,5.1549408E-01
-6.830950E-03,-1.132613E-01,5.3136322E-01
-6.827674E-03,-1.122695E-01,5.4357025E-01
-6.824397E-03,-1.060591E-01,5.5875275E-01
-6.821120E-03,-1.043654E-01,5.7103607E-01
-6.817843E-03,-9.865863E-02,5.8515045E-01
-6.814566E-03,-9.643085E-02,5.9751007E-01
-6.811290E-03,-9.052570E-02,6.1154816E-01
-6.808013E-03,-8.835895E-02,6.2329742E-01
-6.804736E-03,-8.246906E-02,6.3542816E-01
-6.801459E-03,-7.894427E-02,6.4702484E-01
-6.798182E-03,-7.300861E-02,6.5938446E-01
-6.794906E-03,-6.983478E-02,6.7014191E-01
-6.791629E-03,-6.371600E-02,6.8234894E-01
-6.788352E-03,-6.048114E-02,6.9364044E-01
-6.785075E-03,-5.501849E-02,7.0470306E-01
-6.781798E-03,-5.112750E-02,7.1507904E-01
-6.778522E-03,-4.568011E-02,7.2568390E-01
-6.775245E-03,-4.163654E-02,7.3476288E-01
-6.771968E-03,-3.597552E-02,7.4513885E-01
-6.768691E-03,-3.187091E-02,7.5353119E-01
-6.765414E-03,-2.595050E-02,7.6390717E-01
-6.762138E-03,-2.143390E-02,7.7176544E-01
-6.758861E-03,-1.632220E-02,7.8084442E-01
-6.755584E-03,-1.179034E-02,7.8801605E-01
-6.752307E-03,-5.885193E-03,7.9648468E-01
-6.749030E-03,-1.994202E-03,8.0358002E-01
-6.745754E-03,4.445007E-03,8.1067535E-01
-6.742477E-03,9.083679E-03,8.1708405E-01
-6.739200E-03,1.436322E-02,8.2509491E-01
-6.735923E-03,1.897137E-02,8.3135101E-01
-6.732646E-03,2.411359E-02,8.3753082E-01
-6.729370E-03,2.876752E-02,8.4203217E-01
-6.726093E-03,3.426068E-02,8.4783051E-01
-6.722816E-03,3.873151E-02,8.5217926E-01
-6.719539E-03,4.416364E-02,8.5637543E-01
-6.716262E-03,4.869550E-02,8.6003754E-01
-6.712986E-03,5.266278E-02,8.6438629E-01
-6.709709E-03,5.800336E-02,8.6766693E-01
-6.706432E-03,6.264203E-02,8.7125275E-01
-6.703155E-03,6.702130E-02,8.7346527E-01
-6.699878E-03,7.222455E-02,8.7583038E-01
-6.696602E-03,7.590192E-02,8.7735626E-01
-6.693325E-03,8.047955E-02,8.7926361E-01
-6.690048E-03,8.449261E-02,8.8094208E-01
-6.686771E-03,8.907025E-02,8.8117096E-01
-6.683494E-03,9.262555E-02,8.8223907E-01
-6.680218E-03,9.677594E-02,8.8277313E-01
-6.676941E-03,1.008195E-01,8.8223907E-01
-6.673664E-03,1.045884E-01,8.8162872E-01
-6.670387E-03,1.086015E-01,8.8094208E-01
-6.667110E-03,1.131486E-01,8.7941620E-01
-6.663834E-03,1.172380E-01,8.7804291E-01
-6.660557E-03,1.199540E-01,8.7689850E-01
-6.657280E-03,1.233873E-01,8.7415192E-01
-6.654003E-03,1.261949E-01,8.7117645E-01
-6.650726E-03,1.300859E-01,8.6820099E-01
-6.647450E-03,1.325273E-01,8.6553070E-01
-6.644173E-03,1.352739E-01,8.6186859E-01
-6.640896E-03,1.381425E-01,8.5805389E-01
-6.637619E-03,1.401109E-01,8.5256073E-01
-6.634342E-03,1.430406E-01,8.4790680E-01
-6.631066E-03,1.456346E-01,8.4325287E-01
-6.627789E-03,1.475572E-01,8.3829376E-01
-6.624512E-03,1.490068E-01,8.3264801E-01
-6.621235E-03,1.514177E-01,8.2669708E-01
-6.617958E-03,1.525773E-01,8.1937286E-01
-6.614682E-03,1.549882E-01,8.1273529E-01
-6.611405E-03,1.565751E-01,8.0563995E-01
-6.608128E-03,1.576585E-01,7.9778168E-01
-6.604851E-03,1.583604E-01,7.9068634E-01
-6.601574E-03,1.591996E-01,7.8275177E-01
-6.598298E-03,1.602220E-01,7.7458832E-01
-6.595021E-03,1.608629E-01,7.6596710E-01
-6.591744E-03,1.608018E-01,7.5597260E-01
-6.588467E-03,1.614579E-01,7.4620697E-01
-6.585190E-03,1.624803E-01,7.3644135E-01
-6.581914E-03,1.617326E-01,7.2705719E-01
-6.578637E-03,1.625718E-01,7.1698639E-01
-6.575360E-03,1.614732E-01,7.0645782E-01
-6.572083E-03,1.622667E-01,6.9524261E-01
-6.568806E-03,1.607713E-01,6.8379852E-01
-6.565530E-03,1.606950E-01,6.7243073E-01
-6.562253E-03,1.594590E-01,6.6144440E-01
-6.558976E-03,1.589555E-01,6.4946625E-01
-6.555699E-03,1.581773E-01,6.3764069E-01
-6.552422E-03,1.573839E-01,6.2573883E-01
-6.549146E-03,1.558580E-01,6.1376068E-01
-6.545869E-03,1.542711E-01,6.0109589E-01
-6.542592E-03,1.531419E-01,5.8698151E-01
-6.539315E-03,1.519822E-01,5.7416412E-01
-6.536038E-03,1.500596E-01,5.6066010E-01
-6.532762E-03,1.477098E-01,5.4723236E-01
-6.529485E-03,1.451921E-01,5.3235504E-01
-6.526208E-03,1.434526E-01,5.1846954E-01
-6.522931E-03,1.404466E-01,5.0427887E-01
-6.519654E-03,1.389207E-01,4.9085114E-01
-6.516378E-03,1.365251E-01,4.7467682E-01
-6.513101E-03,1.343126E-01,4.6155426E-01
-6.509824E-03,1.312761E-01,4.4492218E-01
-6.506547E-03,1.298112E-01,4.3035004E-01
-6.503270E-03,1.258134E-01,4.1463348E-01
-6.499994E-03,1.243486E-01,3.9952728E-01
-6.496717E-03,1.203813E-01,3.8358185E-01
-6.493440E-03,1.183366E-01,3.6725494E-01
-6.490163E-03,1.137285E-01,3.5047028E-01
-6.486886E-03,1.119432E-01,3.3505890E-01
-6.483610E-03,1.071977E-01,3.1751129E-01
-6.480333E-03,1.055345E-01,3.0217621E-01
-6.477056E-03,1.007585E-01,2.8485748E-01
-6.473779E-03,9.836285E-02,2.6769135E-01
-6.470502E-03,9.399884E-02,2.5090668E-01
-6.467226E-03,9.120648E-02,2.3419830E-01
-6.463949E-03,8.681195E-02,2.1787140E-01
-6.460672E-03,8.423322E-02,2.0085785E-01
-6.457395E-03,7.973187E-02,1.8361542E-01
-6.454118E-03,7.729047E-02,1.6561005E-01
-6.450842E-03,7.239240E-02,1.4836761E-01
-6.447565E-03,6.999677E-02,1.3204071E-01
-6.444288E-03,6.566327E-02,1.1464569E-01
-6.441011E-03,6.277936E-02,9.7250671E-02
-6.437734E-03,5.840009E-02,7.8787537E-02
-6.434458E-03,5.527203E-02,6.2689514E-02
-6.431181E-03,5.019086E-02,4.4913025E-02
-6.427904E-03,4.828351E-02,2.7289124E-02
-6.424627E-03,4.384320E-02,9.0548706E-03
-6.421350E-03,4.117291E-02,-7.4246216E-03
-6.418074E-03,3.625958E-02,-2.5887756E-02
-6.414797E-03,3.349774E-02,-4.2977600E-02
-6.411520E-03,2.904218E-02,-6.0677795E-02
-6.408243E-03,2.644818E-02,-7.8301697E-02
-6.404966E-03,2.176373E-02,-9.5925598E-02
-6.401690E-03,1.994794E-02,-1.1271027E-01
-6.398413E-03,1.434796E-02,-1.3002899E-01
-6.395136E-03,1.315778E-02,-1.4536407E-01
-6.391859E-03,7.450989E-03,-1.6329315E-01
-6.388582E-03,6.520203E-03,-1.7984894E-01
-6.385306E-03,1.179626E-03,-1.9716766E-01
-6.382029E-03,6.760864E-04,-2.1242645E-01
-6.378752E-03,-5.045959E-03,-2.2974518E-01
-6.375475E-03,-6.861755E-03,-2.4538544E-01
-6.372198E-03,-1.107318E-02,-2.6155975E-01
-6.368922E-03,-1.293475E-02,-2.7720001E-01
-6.365645E-03,-1.717670E-02,-2.9444244E-01
-6.362368E-03,-1.810748E-02,-3.1023529E-01
-6.359091E-03,-2.335651E-02,-3.2618073E-01
-6.355814E-03,-2.390582E-02,-3.4166840E-01
-6.352538E-03,-2.839191E-02,-3.5753754E-01
-6.349261E-03,-2.907855E-02,-3.7180450E-01
-6.345984E-03,-3.368671E-02,-3.8767365E-01
-6.342707E-03,-3.423602E-02,-4.0247467E-01
-6.339430E-03,-3.902728E-02,-4.1758087E-01
-6.336154E-03,-3.950031E-02,-4.3070343E-01
-6.332877E-03,-4.369647E-02,-4.4619110E-01
-6.329600E-03,-4.363544E-02,-4.6007660E-01
-6.326323E-03,-4.743488E-02,-4.7457245E-01
-6.323046E-03,-4.777057E-02,-4.8792389E-01
-6.319770E-03,-5.243976E-02,-5.0226715E-01
-6.316493E-03,-5.187518E-02,-5.1470306E-01
-6.313216E-03,-5.651385E-02,-5.2904633E-01
-6.309939E-03,-5.712421E-02,-5.4049042E-01
-6.306662E-03,-5.979449E-02,-5.5422333E-01
-6.303386E-03,-5.990131E-02,-5.6620148E-01
-6.300109E-03,-6.386859E-02,-5.7871368E-01
-6.296832E-03,-6.383807E-02,-5.9031036E-01
-6.293555E-03,-6.707294E-02,-6.0228851E-01
-6.290278E-03,-6.766803E-02,-6.1319855E-01
-6.287002E-03,-7.042987E-02,-6.2494781E-01
-6.283725E-03,-6.985004E-02,-6.3494232E-01
-6.280448E-03,-7.323749E-02,-6.4508942E-01
-6.277171E-03,-7.337482E-02,-6.5485504E-01
-6.273894E-03,-7.554156E-02,-6.6629913E-01
-6.270618E-03,-7.564838E-02,-6.7537811E-01
-6.267341E-03,-7.836444E-02,-6.8483856E-01
-6.264064E-03,-7.781512E-02,-6.9368866E-01
-6.260787E-03,-8.104999E-02,-7.0185211E-01
-6.257510E-03,-8.133990E-02,-7.1032074E-01
-6.254234E-03,-8.333881E-02,-7.1856049E-01
-6.250957E-03,-8.336932E-02,-7.2603729E-01
-6.247680E-03,-8.426959E-02,-7.3336151E-01
-6.244403E-03,-8.426959E-02,-7.4022797E-01
-6.241126E-03,-8.655841E-02,-7.4739960E-01
-6.237850E-03,-8.629901E-02,-7.5426605E-01
-6.234573E-03,-8.823688E-02,-7.6014069E-01
-6.231296E-03,-8.834369E-02,-7.6548126E-01
-6.228019E-03,-9.038837E-02,-7.7127960E-01
-6.224742E-03,-9.066302E-02,-7.7547577E-01
-6.221466E-03,-9.215839E-02,-7.8119781E-01
-6.218189E-03,-9.269244E-02,-7.8447845E-01
-6.214912E-03,-9.380634E-02,-7.8890350E-01
-6.211635E-03,-9.339435E-02,-7.9256561E-01
-6.208358E-03,-9.524066E-02,-7.9569366E-01
-6.205082E-03,-9.524066E-02,-7.9927948E-01
-6.201805E-03,-9.682758E-02,-8.0172089E-01
-6.198528E-03,-9.643085E-02,-8.0378082E-01
-6.195251E-03,-9.850604E-02,-8.0553558E-01
-6.191974E-03,-9.841449E-02,-8.0690887E-01
-6.188698E-03,-9.972675E-02,-8.0851105E-01
-6.185421E-03,-1.002455E-01,-8.0935028E-01
-6.182144E-03,-1.010085E-01,-8.0950287E-01
-6.178867E-03,-1.007643E-01,-8.1049469E-01
-6.175590E-03,-1.032515E-01,-8.0980804E-01
-6.172314E-03,-1.028090E-01,-8.0866364E-01
-6.169037E-03,-1.042128E-01,-8.0782440E-01
-6.165760E-03,-1.039382E-01,-8.0683258E-01
-6.162483E-03,-1.053115E-01,-8.0530670E-01
-6.159206E-03,-1.051131E-01,-8.0271271E-01
-6.155930E-03,-1.073409E-01,-7.9996613E-01
-6.152653E-03,-1.067916E-01,-7.9699066E-01
-6.149376E-03,-1.079512E-01,-7.9340485E-01
-6.146099E-03,-1.084548E-01,-7.9027679E-01
-6.142822E-03,-1.104079E-01,-7.8684357E-01
-6.139546E-03,-1.103469E-01,-7.8218964E-01
-6.136269E-03,-1.113997E-01,-7.7806976E-01
-6.132992E-03,-1.116896E-01,-7.7394989E-01
-6.129715E-03,-1.137038E-01,-7.6777008E-01
-6.126438E-03,-1.129866E-01,-7.6197174E-01
-6.123162E-03,-1.150771E-01,-7.5632599E-01
-6.119885E-03,-1.153517E-01,-7.5037506E-01
-6.116608E-03,-1.167861E-01,-7.4381378E-01
-6.113331E-03,-1.165572E-01,-7.3702362E-01
-6.110054E-03,-1.186934E-01,-7.2908905E-01
-6.106778E-03,-1.187392E-01,-7.2168854E-01
-6.103501E-03,-1.200057E-01,-7.1405914E-01
-6.100224E-03,-1.197310E-01,-7.0566681E-01
-6.096947E-03,-1.216689E-01,-6.9727448E-01
-6.093670E-03,-1.213942E-01,-6.8804291E-01
-6.090394E-03,-1.222792E-01,-6.7850616E-01
-6.087117E-03,-1.233321E-01,-6.6980865E-01
-6.083840E-03,-1.247664E-01,-6.5950897E-01
-6.080563E-03,-1.248732E-01,-6.5012482E-01
-6.077286E-03,-1.262465E-01,-6.3959625E-01
-6.074010E-03,-1.267653E-01,-6.2891510E-01
-6.070733E-03,-1.278640E-01,-6.1701324E-01
-6.067456E-03,-1.282302E-01,-6.0678986E-01
-6.064179E-03,-1.292372E-01,-5.9526947E-01
-6.060902E-03,-1.289931E-01,-5.8466461E-01
-6.057626E-03,-1.301528E-01,-5.7238129E-01
-6.054349E-03,-1.303359E-01,-5.5979279E-01
-6.051072E-03,-1.313582E-01,-5.4659393E-01
-6.047795E-03,-1.319686E-01,-5.3469208E-01
-6.044518E-03,-1.328841E-01,-5.2111176E-01
-6.041242E-03,-1.325637E-01,-5.0814178E-01
-6.037965E-03,-1.330977E-01,-4.9364594E-01
-6.034688E-03,-1.330672E-01,-4.8021820E-01
-6.031411E-03,-1.338759E-01,-4.6679047E-01
-6.028134E-03,-1.341353E-01,-4.5305756E-01
-6.024858E-03,-1.340438E-01,-4.3833282E-01
-6.021581E-03,-1.336928E-01,-4.2414215E-01
-6.018304E-03,-1.335097E-01,-4.0796783E-01
-6.015027E-03,-1.343795E-01,-3.9377716E-01
-6.011750E-03,-1.339827E-01,-3.7844208E-01
-6.008474E-03,-1.344252E-01,-3.6402252E-01
-6.005197E-03,-1.332503E-01,-3.4739044E-01
-6.001920E-03,-1.333571E-01,-3.3220795E-01
-5.998643E-03,-1.333876E-01,-3.1603363E-01
-5.995366E-03,-1.329451E-01,-3.0077484E-01
-5.992090E-03,-1.321364E-01,-2.8414276E-01
-5.988813E-03,-1.320449E-01,-2.6773956E-01
-5.985536E-03,-1.308394E-01,-2.5141266E-01
-5.982259E-03,-1.307173E-01,-2.3516205E-01
-5.978982E-03,-1.295272E-01,-2.1807220E-01
-5.975706E-03,-1.287490E-01,-2.0235565E-01
-5.972429E-03,-1.272231E-01,-1.8450287E-01
-5.969152E-03,-1.260787E-01,-1.6794708E-01
-5.965875E-03,-1.245375E-01,-1.5024689E-01
-5.962598E-03,-1.244155E-01,-1.3491180E-01
-5.959322E-03,-1.218215E-01,-1.1736420E-01
-5.956045E-03,-1.212722E-01,-1.0012177E-01
-5.952768E-03,-1.187392E-01,-8.2650452E-02
-5.949491E-03,-1.179915E-01,-6.5865784E-02
-5.946214E-03,-1.152907E-01,-4.7860413E-02
-5.942938E-03,-1.139479E-01,-3.0770569E-02
-5.939661E-03,-1.105452E-01,-1.3146667E-02
-5.936384E-03,-1.099044E-01,3.8668823E-03
-5.933107E-03,-1.063643E-01,2.1490784E-02
-5.929830E-03,-1.057540E-01,3.8656921E-02
-5.926554E-03,-1.018172E-01,5.6967468E-02
-5.923277E-03,-1.008864E-01,7.3141785E-02
-5.920000E-03,-9.656818E-02,9.1528625E-02
-5.916723E-03,-9.578998E-02,1.0777924E-01
-5.913446E-03,-9.186847E-02,1.2647125E-01
-5.910170E-03,-9.067828E-02,1.4272186E-01
-5.906893E-03,-8.605487E-02,1.6057465E-01
-5.903616E-03,-8.474261E-02,1.7697784E-01
-5.900339E-03,-7.918842E-02,1.9505951E-01
-5.897062E-03,-7.844073E-02,2.1153900E-01
-5.893786E-03,-7.343585E-02,2.2946808E-01
-5.890509E-03,-7.276447E-02,2.4503204E-01
-5.887232E-03,-6.638629E-02,2.6334259E-01
-5.883955E-03,-6.463153E-02,2.7944061E-01
-5.880678E-03,-5.865009E-02,2.9714081E-01
-5.877402E-03,-5.755145E-02,3.1186554E-01
-5.874125E-03,-5.153949E-02,3.2948944E-01
-5.870848E-03,-4.931171E-02,3.4490082E-01
-5.867571E-03,-4.296405E-02,3.6282990E-01
-5.864294E-03,-4.148395E-02,3.7824127E-01
-5.861018E-03,-3.486163E-02,3.9563629E-01
-5.857741E-03,-3.359515E-02,4.0982697E-01
-5.854464E-03,-2.698810E-02,4.2699310E-01
-5.851187E-03,-2.476031E-02,4.4095490E-01
-5.847910E-03,-1.774127E-02,4.5781586E-01
-5.844634E-03,-1.531512E-02,4.7101471E-01
-5.841357E-03,-9.272644E-03,4.8642609E-01
-5.838080E-03,-6.632874E-03,4.9993011E-01
-5.834803E-03,6.573486E-05,5.1564667E-01
-5.831526E-03,2.263000E-03,5.2854034E-01
-5.828250E-03,9.709290E-03,5.4448578E-01
-5.824973E-03,1.170819E-02,5.5707428E-01
-5.821696E-03,1.849835E-02,5.7103607E-01
-5.818419E-03,2.139752E-02,5.8400604E-01
-5.815142E-03,2.721112E-02,5.9812042E-01
-5.811866E-03,3.078168E-02,6.1048004E-01
-5.808589E-03,3.719037E-02,6.2299225E-01
-5.805312E-03,4.059308E-02,6.3367340E-01
-5.802035E-03,4.660504E-02,6.4679596E-01
-5.798758E-03,4.968732E-02,6.5824005E-01
-5.795482E-03,5.609601E-02,6.7090485E-01
-5.792205E-03,5.901044E-02,6.8204376E-01
-5.788928E-03,6.480878E-02,6.9386932E-01
-5.785651E-03,6.848615E-02,7.0416901E-01
-5.782374E-03,7.344525E-02,7.1561310E-01
-5.779098E-03,7.748883E-02,7.2530243E-01
-5.775821E-03,8.279889E-02,7.3537323E-01
-5.772544E-03,8.597272E-02,7.4399445E-01
-5.769267E-03,9.135907E-02,7.5406525E-01
-5.765990E-03,9.441083E-02,7.6337311E-01
-5.762714E-03,9.949200E-02,7.7237579E-01
-5.759437E-03,1.030320E-01,7.7992889E-01
-5.756160E-03,1.074113E-01,7.8763458E-01
-5.752883E-03,1.116685E-01,7.9587433E-01
-5.749606E-03,1.152391E-01,8.0396149E-01
-5.746330E-03,1.199693E-01,8.0991241E-01
-5.743053E-03,1.237230E-01,8.1685516E-01
-5.739776E-03,1.277513E-01,8.2364532E-01
-5.736499E-03,1.302079E-01,8.2967255E-01
-5.733222E-03,1.342057E-01,8.3608124E-01
-5.729946E-03,1.382341E-01,8.4149811E-01
-5.726669E-03,1.408128E-01,8.4660980E-01
-5.723392E-03,1.448259E-01,8.5217926E-01
-5.720115E-03,1.472520E-01,8.5507843E-01
-5.716838E-03,1.500596E-01,8.5935089E-01
-5.713562E-03,1.529741E-01,8.6339447E-01
-5.710285E-03,1.552934E-01,8.6675140E-01
-5.707008E-03,1.580552E-01,8.6972687E-01
-5.703731E-03,1.603441E-01,8.7270233E-01
-5.700454E-03,1.630143E-01,8.7499115E-01
-5.697178E-03,1.649217E-01,8.7705109E-01
-5.693901E-03,1.668290E-01,8.7903473E-01
-5.690624E-03,1.696214E-01,8.8086578E-01
-5.687347E-03,1.709031E-01,8.8185760E-01
-5.684070E-03,1.723985E-01,8.8239166E-01
-5.680794E-03,1.739702E-01,8.8323090E-01
-5.677517E-03,1.753587E-01,8.8292572E-01
-5.674240E-03,1.759996E-01,8.8262054E-01
-5.670963E-03,1.775407E-01,8.8216278E-01
-5.667686E-03,1.782579E-01,8.7987396E-01
-5.664410E-03,1.780290E-01,8.7819550E-01
-5.661133E-03,1.792955E-01,8.7682220E-01
-5.657856E-03,1.799669E-01,8.7537262E-01
-5.654579E-03,1.798143E-01,8.7277863E-01
-5.651302E-03,1.800279E-01,8.6980316E-01
-5.648026E-03,1.805009E-01,8.6560699E-01
-5.644749E-03,1.796769E-01,8.6179230E-01
-5.641472E-03,1.796312E-01,8.5820648E-01
-5.638195E-03,1.796464E-01,8.5332367E-01
-5.634918E-03,1.789445E-01,8.4889862E-01
-5.631642E-03,1.777696E-01,8.4462616E-01
-5.628365E-03,1.774339E-01,8.3966705E-01
-5.625088E-03,1.764268E-01,8.3287689E-01
-5.621811E-03,1.752672E-01,8.2715485E-01
-5.618534E-03,1.730699E-01,8.2051727E-01
-5.615258E-03,1.718034E-01,8.1395599E-01
-5.611981E-03,1.694383E-01,8.0609772E-01
-5.608704E-03,1.681718E-01,7.9884979E-01
-5.605427E-03,1.664933E-01,7.9167816E-01
-5.602150E-03,1.643113E-01,7.8313324E-01
-5.598874E-03,1.618089E-01,7.7489349E-01
-5.595597E-03,1.596269E-01,7.6611969E-01
-5.592320E-03,1.565904E-01,7.5719330E-01
-5.589043E-03,1.547593E-01,7.4857208E-01
-5.585766E-03,1.515092E-01,7.3911163E-01
-5.582490E-03,1.491746E-01,7.2972748E-01
-5.579213E-03,1.453294E-01,7.1874115E-01
-5.575936E-03,1.428575E-01,7.0859406E-01
-5.572659E-03,1.392106E-01,6.9692108E-01
-5.569382E-03,1.360978E-01,6.8623993E-01
-5.566106E-03,1.324510E-01,6.7410919E-01
-5.562829E-03,1.295060E-01,6.6228363E-01
-5.559552E-03,1.254472E-01,6.5076324E-01
-5.556275E-03,1.222429E-01,6.3931915E-01
-5.552998E-03,1.179704E-01,6.2657806E-01
-5.549722E-03,1.154985E-01,6.1536285E-01
-5.546445E-03,1.109971E-01,6.0170624E-01
-5.543168E-03,1.079301E-01,5.8995697E-01
-5.539891E-03,1.031083E-01,5.7668182E-01
-5.536614E-03,9.965985E-02,5.6325409E-01
-5.533338E-03,9.489911E-02,5.4975006E-01
-5.530061E-03,9.154218E-02,5.3609344E-01
-5.526784E-03,8.730023E-02,5.2182648E-01
-5.523507E-03,8.348553E-02,5.0794098E-01
-5.520230E-03,7.845013E-02,4.9291107E-01
-5.516954E-03,7.471173E-02,4.7826263E-01
-5.513677E-03,7.028668E-02,4.6277496E-01
-5.510400E-03,6.644147E-02,4.4881317E-01
-5.507123E-03,6.166547E-02,4.3302032E-01
-5.503846E-03,5.858319E-02,4.1760895E-01
-5.500570E-03,5.321210E-02,4.0181610E-01
-5.497293E-03,4.947369E-02,3.8693878E-01
-5.494016E-03,4.477399E-02,3.7106964E-01
-5.490739E-03,4.146283E-02,3.5329315E-01
-5.487462E-03,3.613751E-02,3.3696625E-01
-5.484186E-03,3.352826E-02,3.2208893E-01
-5.480909E-03,2.722638E-02,3.0408356E-01
-5.477632E-03,2.478497E-02,2.8806183E-01
-5.474355E-03,1.916974E-02,2.7120087E-01
-5.471078E-03,1.607220E-02,2.5395844E-01
-5.467802E-03,1.094525E-02,2.3663971E-01
-5.464525E-03,7.893494E-03,2.2069427E-01
-5.461248E-03,2.186707E-03,2.0284149E-01
-5.457971E-03,-6.056519E-04,1.8636200E-01
-5.454694E-03,-5.808899E-03,1.6797516E-01
-5.451418E-03,-8.631775E-03,1.5180084E-01
-5.448141E-03,-1.389606E-02,1.3440582E-01
-5.444864E-03,-1.566608E-02,1.1769745E-01
-5.441587E-03,-2.076251E-02,9.8242493E-02
-5.438310E-03,-2.346332E-02,8.1839294E-02
-5.435034E-03,-2.874286E-02,6.3605042E-02
-5.431757E-03,-3.110797E-02,4.6515198E-02
-5.428480E-03,-3.609760E-02,2.8204651E-02
-5.425203E-03,-3.878314E-02,1.2259216E-02
-5.421926E-03,-4.310138E-02,-4.9832153E-03
-5.418650E-03,-4.407794E-02,-2.2149353E-02
-5.415373E-03,-4.920490E-02,-4.0688782E-02
-5.412096E-03,-5.123431E-02,-5.7397156E-02
-5.408819E-03,-5.587299E-02,-7.5555115E-02
-5.405542E-03,-5.724628E-02,-9.2416077E-02
-5.402266E-03,-6.229694E-02,-1.0935333E-01
-5.398989E-03,-6.258685E-02,-1.2629059E-01
-5.395712E-03,-6.763751E-02,-1.4437225E-01
-5.392435E-03,-6.878192E-02,-1.6008881E-01
-5.389158E-03,-7.276447E-02,-1.7763641E-01
-5.385882E-03,-7.340533E-02,-1.9426849E-01
-5.382605E-03,-7.731158E-02,-2.1166351E-01
-5.379328E-03,-7.795245E-02,-2.2783783E-01
-5.376051E-03,-8.225543E-02,-2.4439362E-01
-5.372774E-03,-8.222491E-02,-2.5934723E-01
-5.369498E-03,-8.590228E-02,-2.7666595E-01
-5.366221E-03,-8.623798E-02,-2.9177216E-01
-5.362944E-03,-9.034259E-02,-3.0947235E-01
-5.359667E-03,-8.976276E-02,-3.2389191E-01
-5.356390E-03,-9.385211E-02,-3.4060028E-01
-5.353114E-03,-9.369952E-02,-3.5578278E-01
-5.349837E-03,-9.705646E-02,-3.7180450E-01
-5.346560E-03,-9.614093E-02,-3.8553741E-01
-5.343283E-03,-9.934528E-02,-4.0270355E-01
-5.340006E-03,-9.949786E-02,-4.1613129E-01
-5.336730E-03,-1.018325E-01,-4.3161896E-01
-5.333453E-03,-1.019240E-01,-4.4512299E-01
-5.330176E-03,-1.043959E-01,-4.6045807E-01
-5.326899E-03,-1.037093E-01,-4.7319916E-01
-5.323622E-03,-1.067000E-01,-4.8800018E-01
-5.320346E-03,-1.057845E-01,-5.0135162E-01
-5.317069E-03,-1.083174E-01,-5.1554230E-01
-5.313792E-03,-1.077071E-01,-5.2843597E-01
-5.310515E-03,-1.097975E-01,-5.4201630E-01
-5.307238E-03,-1.087142E-01,-5.5361298E-01
-5.303962E-03,-1.106520E-01,-5.6665924E-01
-5.300685E-03,-1.101943E-01,-5.7825592E-01
-5.297408E-03,-1.117507E-01,-5.9023407E-01
-5.294131E-03,-1.109267E-01,-6.0076263E-01
-5.290854E-03,-1.124678E-01,-6.1205414E-01
-5.287578E-03,-1.115065E-01,-6.2273529E-01
-5.284301E-03,-1.134749E-01,-6.3463715E-01
-5.281024E-03,-1.121169E-01,-6.4386871E-01
-5.277747E-03,-1.130477E-01,-6.5454987E-01
-5.274470E-03,-1.116591E-01,-6.6416290E-01
-5.271194E-03,-1.137038E-01,-6.7369965E-01
-5.267917E-03,-1.123152E-01,-6.8384674E-01
-5.264640E-03,-1.136428E-01,-6.9277313E-01
-5.261363E-03,-1.132918E-01,-7.0086029E-01
-5.258086E-03,-1.138411E-01,-7.0910004E-01
-5.254810E-03,-1.129561E-01,-7.1756866E-01
-5.251533E-03,-1.136733E-01,-7.2527435E-01
-5.248256E-03,-1.132766E-01,-7.3221710E-01
-5.244979E-03,-1.143294E-01,-7.3961761E-01
-5.241702E-03,-1.129714E-01,-7.4709442E-01
-5.238426E-03,-1.138259E-01,-7.5388458E-01
-5.235149E-03,-1.124221E-01,-7.5922516E-01
-5.231872E-03,-1.128951E-01,-7.6571014E-01
-5.228595E-03,-1.123610E-01,-7.7051666E-01
-5.225318E-03,-1.131240E-01,-7.7600983E-01
-5.222042E-03,-1.120864E-01,-7.8020599E-01
-5.218765E-03,-1.128188E-01,-7.8447845E-01
-5.215488E-03,-1.117507E-01,-7.8783539E-01
-5.212211E-03,-1.124221E-01,-7.9210785E-01
-5.208934E-03,-1.121169E-01,-7.9500702E-01
-5.205658E-03,-1.123152E-01,-7.9813507E-01
-5.202381E-03,-1.111708E-01,-8.0141571E-01
-5.199104E-03,-1.126052E-01,-8.0385712E-01
-5.195827E-03,-1.111556E-01,-8.0599335E-01
-5.192550E-03,-1.109877E-01,-8.0690887E-01
-5.189274E-03,-1.102248E-01,-8.0812958E-01
-5.185997E-03,-1.112471E-01,-8.0851105E-01
-5.182720E-03,-1.097670E-01,-8.0942657E-01
-5.179443E-03,-1.106520E-01,-8.1018951E-01
-5.176166E-03,-1.101180E-01,-8.0942657E-01
-5.172890E-03,-1.107894E-01,-8.0873993E-01
-5.169613E-03,-1.097670E-01,-8.0736664E-01
-5.166336E-03,-1.105300E-01,-8.0645111E-01
-5.163059E-03,-1.099044E-01,-8.0515411E-01
-5.159782E-03,-1.106368E-01,-8.0248383E-01
-5.156506E-03,-1.088515E-01,-8.0027130E-01
-5.153229E-03,-1.098128E-01,-7.9821136E-01
-5.149952E-03,-1.086684E-01,-7.9500702E-01
-5.146675E-03,-1.102858E-01,-7.9134491E-01
-5.143398E-03,-1.093856E-01,-7.8844574E-01
-5.140122E-03,-1.101180E-01,-7.8386810E-01
-5.136845E-03,-1.094771E-01,-7.7913788E-01
-5.133568E-03,-1.093856E-01,-7.7456024E-01
-5.130291E-03,-1.092025E-01,-7.6876190E-01
-5.127014E-03,-1.095381E-01,-7.6380280E-01
-5.123738E-03,-1.085921E-01,-7.5792816E-01
-5.120461E-03,-1.091872E-01,-7.5136688E-01
-5.117184E-03,-1.084090E-01,-7.4556854E-01
-5.113907E-03,-1.089431E-01,-7.3786285E-01
-5.110630E-03,-1.081954E-01,-7.3168304E-01
-5.107354E-03,-1.083937E-01,-7.2443512E-01
-5.104077E-03,-1.083174E-01,-7.1665314E-01
-5.100800E-03,-1.086989E-01,-7.0787933E-01
-5.097523E-03,-1.076766E-01,-6.9933441E-01
-5.094246E-03,-1.073561E-01,-6.9056061E-01
-5.090970E-03,-1.068679E-01,-6.8163422E-01
-5.087693E-03,-1.062728E-01,-6.7156342E-01
-5.084416E-03,-1.054488E-01,-6.6179779E-01
-5.081139E-03,-1.053267E-01,-6.5073517E-01
-5.077862E-03,-1.045027E-01,-6.4104584E-01
-5.074586E-03,-1.038619E-01,-6.3028839E-01
-5.071309E-03,-1.032210E-01,-6.1983612E-01
-5.068032E-03,-1.024733E-01,-6.0785797E-01
-5.064755E-03,-1.019088E-01,-5.9740570E-01
-5.061478E-03,-1.013594E-01,-5.8535126E-01
-5.058202E-03,-1.009169E-01,-5.7375458E-01
-5.054925E-03,-9.980304E-02,-5.5994537E-01
-5.051648E-03,-9.875018E-02,-5.4857758E-01
-5.048371E-03,-9.797198E-02,-5.3621796E-01
-5.045094E-03,-9.743793E-02,-5.2362946E-01
-5.041818E-03,-9.569843E-02,-5.1058319E-01
-5.038541E-03,-9.528644E-02,-4.9639252E-01
-5.035264E-03,-9.430988E-02,-4.8227814E-01
-5.031987E-03,-9.340961E-02,-4.6907928E-01
-5.028710E-03,-9.144122E-02,-4.5481232E-01
-5.025434E-03,-9.019000E-02,-4.4100311E-01
-5.022157E-03,-8.840472E-02,-4.2597321E-01
-5.018880E-03,-8.767230E-02,-4.1178253E-01
-5.015603E-03,-8.623798E-02,-3.9621857E-01
-5.012326E-03,-8.484943E-02,-3.8134125E-01
-5.009050E-03,-8.251483E-02,-3.6608246E-01
-5.005773E-03,-8.048541E-02,-3.5135773E-01
-5.002496E-03,-7.871539E-02,-3.3579376E-01
-4.999219E-03,-7.770831E-02,-3.2068756E-01
-4.995942E-03,-7.429034E-02,-3.0382660E-01
-4.992666E-03,-7.375629E-02,-2.8811005E-01
-4.989389E-03,-7.091815E-02,-2.7086761E-01
-4.986112E-03,-6.808002E-02,-2.5614288E-01
-4.982835E-03,-6.478412E-02,-2.3874786E-01
-4.979558E-03,-6.394489E-02,-2.2264984E-01
-4.976282E-03,-6.032855E-02,-2.0563629E-01
-4.973005E-03,-5.878741E-02,-1.8930939E-01
-4.969728E-03,-5.454547E-02,-1.7221954E-01
-4.966451E-03,-5.236346E-02,-1.5528229E-01
-4.963174E-03,-4.847247E-02,-1.3735321E-01
-4.959898E-03,-4.705341E-02,-1.2133148E-01
-4.956621E-03,-4.325397E-02,-1.0401276E-01
-4.953344E-03,-4.123981E-02,-8.7914734E-02
-4.950067E-03,-3.695209E-02,-6.9985657E-02
-4.946790E-03,-3.553302E-02,-5.3506165E-02
-4.943514E-03,-3.075702E-02,-3.5043030E-02
-4.940237E-03,-2.932269E-02,-1.8563538E-02
-4.936960E-03,-2.387531E-02,2.0477295E-04
-4.933683E-03,-2.128131E-02,1.7065735E-02
-4.930406E-03,-1.626117E-02,3.5757751E-02
-4.927130E-03,-1.433856E-02,5.1550598E-02
-4.923853E-03,-8.952209E-03,7.0242615E-02
-4.920576E-03,-7.014343E-03,8.5882874E-02
-4.917299E-03,-1.383850E-03,1.0442230E-01
-4.914022E-03,9.202271E-04,1.2036774E-01
-4.910746E-03,6.367615E-03,1.4005157E-01
-4.907469E-03,8.305481E-03,1.5653107E-01
-4.904192E-03,1.411908E-02,1.7400238E-01
-4.900915E-03,1.642316E-02,1.9078705E-01
-4.897638E-03,2.118390E-02,2.0925018E-01
-4.894362E-03,2.379315E-02,2.2420380E-01
-4.891085E-03,2.948468E-02,2.4251434E-01
-4.887808E-03,3.186505E-02,2.5754425E-01
-4.884531E-03,3.844159E-02,2.7570221E-01
-4.881254E-03,4.057782E-02,2.9202911E-01
-4.877978E-03,4.666608E-02,3.0889008E-01
-4.874701E-03,4.860394E-02,3.2384369E-01
-4.871424E-03,5.470746E-02,3.4223053E-01
-4.868147E-03,5.591290E-02,3.5802338E-01
-4.864870E-03,6.332867E-02,3.7541840E-01
-4.861594E-03,6.505292E-02,3.8968536E-01
-4.858317E-03,7.094281E-02,4.0677521E-01
-4.855040E-03,7.356732E-02,4.2195770E-01
-4.851763E-03,7.869427E-02,4.3736908E-01
-4.848486E-03,8.116620E-02,4.5209381E-01
-4.845210E-03,8.731549E-02,4.6796295E-01
-4.841933E-03,8.969586E-02,4.8154327E-01
-4.838656E-03,9.575360E-02,4.9680206E-01
-4.835379E-03,9.821027E-02,5.1175568E-01
-4.832102E-03,1.033220E-01,5.2594635E-01
-4.828826E-03,1.055497E-01,5.3975555E-01
-4.825549E-03,1.106920E-01,5.5562469E-01
-4.822272E-03,1.135911E-01,5.6813690E-01
-4.818995E-03,1.184129E-01,5.8186981E-01
-4.815718E-03,1.204728E-01,5.9445831E-01
-4.812442E-03,1.249284E-01,6.0750458E-01
-4.809165E-03,1.277360E-01,6.1986420E-01
-4.805888E-03,1.327104E-01,6.3153717E-01
-4.802611E-03,1.349534E-01,6.4359161E-01
-4.799334E-03,1.386613E-01,6.5480682E-01
-4.796058E-03,1.401719E-01,6.6731903E-01
-4.792781E-03,1.439714E-01,6.7861053E-01
-4.789504E-03,1.465654E-01,6.8829987E-01
-4.786227E-03,1.494798E-01,7.0073578E-01
-4.782950E-03,1.506852E-01,7.1111176E-01
-4.779674E-03,1.546983E-01,7.2186920E-01
-4.776397E-03,1.563463E-01,7.3102448E-01
-4.773120E-03,1.590471E-01,7.4101898E-01
-4.769843E-03,1.606492E-01,7.5025055E-01
-4.766566E-03,1.633195E-01,7.5940582E-01
-4.763290E-03,1.654863E-01,7.6825592E-01
-4.760013E-03,1.671953E-01,7.7710602E-01
-4.756736E-03,1.685685E-01,7.8443024E-01
-4.753459E-03,1.702470E-01,7.9312775E-01
-4.750182E-03,1.711931E-01,8.0037567E-01
-4.746906E-03,1.721696E-01,8.0808136E-01
-4.743629E-03,1.732225E-01,8.1479523E-01
-4.740352E-03,1.743364E-01,8.2181427E-01
-4.737075E-03,1.750993E-01,8.2753632E-01
-4.733798E-03,1.760301E-01,8.3363983E-01
-4.730522E-03,1.768998E-01,8.3882782E-01
-4.727245E-03,1.775560E-01,8.4538910E-01
-4.723968E-03,1.773576E-01,8.4920380E-01
-4.720691E-03,1.774339E-01,8.5370514E-01
-4.717414E-03,1.770067E-01,8.5774872E-01
-4.714138E-03,1.765794E-01,8.6209747E-01
-4.710861E-03,1.766862E-01,8.6568329E-01
-4.707584E-03,1.760911E-01,8.6850616E-01
-4.704307E-03,1.756181E-01,8.7178680E-01
-4.701030E-03,1.745958E-01,8.7399933E-01
-4.697754E-03,1.734971E-01,8.7590668E-01
-4.694477E-03,1.719865E-01,8.7811920E-01
-4.691200E-03,1.709489E-01,8.7903473E-01
-4.687923E-03,1.697892E-01,8.8025543E-01
-4.684646E-03,1.683397E-01,8.8109467E-01
-4.681370E-03,1.656999E-01,8.8124725E-01
-4.678093E-03,1.639756E-01,8.8162872E-01
-4.674816E-03,1.624193E-01,8.8033173E-01
-4.671539E-03,1.599626E-01,8.7941620E-01
-4.668262E-03,1.581315E-01,8.7842438E-01
-4.664986E-03,1.548661E-01,8.7743256E-01
-4.661709E-03,1.529130E-01,8.7537262E-01
-4.658432E-03,1.504564E-01,8.7323639E-01
-4.655155E-03,1.468553E-01,8.7163422E-01
-4.651878E-03,1.443071E-01,8.6858246E-01
-4.648602E-03,1.410417E-01,8.6537811E-01
-4.645325E-03,1.379747E-01,8.6179230E-01
-4.642048E-03,1.343889E-01,8.5736725E-01
-4.638771E-03,1.309099E-01,8.5347626E-01
-4.635494E-03,1.277513E-01,8.4889862E-01
-4.632218E-03,1.243181E-01,8.4416840E-01
-4.628941E-03,1.197557E-01,8.3760712E-01
-4.625664E-03,1.165666E-01,8.3287689E-01
-4.622387E-03,1.121873E-01,8.2639191E-01
-4.619110E-03,1.086320E-01,8.2066986E-01
-4.615834E-03,1.041002E-01,8.1342194E-01
-4.612557E-03,1.004838E-01,8.0563995E-01
-4.609280E-03,9.604352E-02,7.9724762E-01
-4.606003E-03,9.167950E-02,7.8938934E-01
-4.602726E-03,8.714764E-02,7.8221771E-01
-4.599450E-03,8.385175E-02,7.7504608E-01
-4.596173E-03,7.838910E-02,7.6634857E-01
-4.592896E-03,7.375043E-02,7.5742218E-01
-4.589619E-03,6.876080E-02,7.4834320E-01
-4.586342E-03,6.514447E-02,7.3941681E-01
-4.583066E-03,6.004803E-02,7.2904083E-01
-4.579789E-03,5.589764E-02,7.1889374E-01
-4.576512E-03,5.063336E-02,7.0874664E-01
-4.573235E-03,4.643719E-02,6.9829437E-01
-4.569958E-03,4.195111E-02,6.8707916E-01
-4.566682E-03,3.744977E-02,6.7655060E-01
-4.563405E-03,3.191083E-02,6.6503021E-01
-4.560128E-03,2.837079E-02,6.5350983E-01
-4.556851E-03,2.316754E-02,6.4122650E-01
-4.553574E-03,1.875775E-02,6.2955353E-01
-4.550298E-03,1.222699E-02,6.1612579E-01
-4.547021E-03,8.946350E-03,6.0506317E-01
-4.543744E-03,2.858093E-03,5.9178802E-01
-4.540467E-03,-1.246521E-03,5.7897064E-01
-4.537190E-03,-6.220886E-03,5.6554291E-01
-4.533914E-03,-1.032550E-02,5.5249664E-01
-4.530637E-03,-1.655109E-02,5.3769562E-01
-4.527360E-03,-1.931293E-02,5.2457306E-01
-4.524083E-03,-2.579791E-02,5.0893280E-01
-4.520806E-03,-2.830035E-02,4.9558136E-01
-4.517530E-03,-3.420551E-02,4.7986481E-01
-4.514253E-03,-3.769977E-02,4.6559784E-01
-4.510976E-03,-4.227740E-02,4.4972870E-01
-4.507699E-03,-4.564960E-02,4.3569061E-01
-4.504422E-03,-5.089862E-02,4.1928741E-01
-4.501146E-03,-5.335529E-02,4.0418121E-01
-4.497869E-03,-5.942828E-02,3.8785431E-01
-4.494592E-03,-6.191547E-02,3.7282440E-01
-4.491315E-03,-6.664569E-02,3.5611603E-01
-4.488038E-03,-6.966693E-02,3.3963654E-01
-4.484762E-03,-7.453448E-02,3.2216522E-01
-4.481485E-03,-7.689960E-02,3.0698273E-01
-4.478208E-03,-8.143146E-02,2.8996918E-01
-4.474931E-03,-8.358295E-02,2.7371857E-01
-4.471654E-03,-8.799274E-02,2.5647614E-01
-4.468378E-03,-9.070880E-02,2.4068329E-01
-4.465101E-03,-9.508807E-02,2.2283051E-01
-4.461824E-03,-9.704120E-02,2.0650360E-01
-4.458547E-03,-1.016036E-01,1.8804047E-01
-4.455270E-03,-1.035567E-01,1.7194244E-01
-4.451994E-03,-1.077834E-01,1.5363190E-01
-4.448717E-03,-1.083632E-01,1.3684723E-01
-4.445440E-03,-1.131087E-01,1.1884186E-01
-4.442163E-03,-1.137343E-01,1.0205719E-01
-4.438886E-03,-1.177016E-01,8.3670349E-02
-4.435610E-03,-1.185408E-01,6.6809387E-02
-4.432333E-03,-1.217757E-01,4.8880310E-02
-4.429056E-03,-1.222792E-01,3.2782288E-02
-4.425779E-03,-1.263533E-01,1.4013977E-02
-4.422502E-03,-1.265670E-01,-1.8551636E-03
-4.419226E-03,-1.292983E-01,-2.0776062E-02
-4.415949E-03,-1.297560E-01,-3.6340027E-02
-4.412672E-03,-1.329146E-01,-5.5642395E-02
-4.409395E-03,-1.319991E-01,-7.1740417E-02
-4.406118E-03,-1.354323E-01,-8.9440613E-02
-4.402842E-03,-1.355086E-01,-1.0607269E-01
-4.399565E-03,-1.381179E-01,-1.2468842E-01
-4.396288E-03,-1.377364E-01,-1.4002350E-01
-4.393011E-03,-1.402083E-01,-1.5871552E-01
-4.389734E-03,-1.390181E-01,-1.7412689E-01
-4.386458E-03,-1.423445E-01,-1.9228485E-01
-4.383181E-03,-1.399031E-01,-2.0815399E-01
-4.379904E-03,-1.430159E-01,-2.2516754E-01
-4.376627E-03,-1.410781E-01,-2.3996857E-01
-4.373350E-03,-1.444503E-01,-2.5797394E-01
-4.370074E-03,-1.412307E-01,-2.7277496E-01
-4.366797E-03,-1.440535E-01,-2.8925446E-01
-4.363520E-03,-1.421462E-01,-3.0466583E-01
-4.360243E-03,-1.435805E-01,-3.2228973E-01
-4.356966E-03,-1.427870E-01,-3.3686188E-01
-4.353690E-03,-1.444960E-01,-3.5280731E-01
-4.350413E-03,-1.426650E-01,-3.6753204E-01
-4.347136E-03,-1.446334E-01,-3.8378265E-01
-4.343859E-03,-1.431075E-01,-3.9873627E-01
-4.340582E-03,-1.433669E-01,-4.1430023E-01
-4.337306E-03,-1.408797E-01,-4.2772797E-01
-4.334029E-03,-1.424361E-01,-4.4260529E-01
-4.330752E-03,-1.399947E-01,-4.5618561E-01
-4.327475E-03,-1.405745E-01,-4.7014740E-01
-4.324198E-03,-1.396285E-01,-4.8388031E-01
-4.320922E-03,-1.397658E-01,-4.9799469E-01
-4.317645E-03,-1.375533E-01,-5.1172760E-01
-4.314368E-03,-1.386672E-01,-5.2561310E-01
-4.311091E-03,-1.357375E-01,-5.3705719E-01
-4.307814E-03,-1.371413E-01,-5.5086639E-01
-4.304538E-03,-1.343489E-01,-5.6345490E-01
-4.301261E-03,-1.348677E-01,-5.7528046E-01
-4.297984E-03,-1.333113E-01,-5.8710602E-01
-4.294707E-03,-1.323958E-01,-5.9816864E-01
-4.291430E-03,-1.311751E-01,-6.0938385E-01
-4.288154E-03,-1.312056E-01,-6.2021759E-01
-4.284877E-03,-1.290999E-01,-6.3166168E-01
-4.281600E-03,-1.286727E-01,-6.4226654E-01
-4.278323E-03,-1.259719E-01,-6.5279510E-01
-4.275046E-03,-1.260482E-01,-6.6256073E-01
-4.271770E-03,-1.240187E-01,-6.7171600E-01
-4.268493E-03,-1.240187E-01,-6.8186310E-01
-4.265216E-03,-1.220504E-01,-6.9094208E-01
-4.261939E-03,-1.230574E-01,-7.0002106E-01
-4.258662E-03,-1.210280E-01,-7.0871857E-01
-4.255386E-03,-1.200515E-01,-7.1703461E-01
-4.252109E-03,-1.184493E-01,-7.2397736E-01
-4.248832E-03,-1.182357E-01,-7.3175934E-01
-4.245555E-03,-1.165724E-01,-7.3847321E-01
-4.242278E-03,-1.163741E-01,-7.4617889E-01
-4.239002E-03,-1.139937E-01,-7.5274017E-01
-4.235725E-03,-1.137496E-01,-7.5922516E-01
-4.232448E-03,-1.118117E-01,-7.6433685E-01
-4.229171E-03,-1.112929E-01,-7.6990631E-01
-4.225894E-03,-1.102858E-01,-7.7456024E-01
-4.222618E-03,-1.097518E-01,-7.7936676E-01
-4.219341E-03,-1.080733E-01,-7.8417328E-01
-4.216064E-03,-1.080733E-01,-7.8775909E-01
-4.212787E-03,-1.060134E-01,-7.9302338E-01
-4.209510E-03,-1.059828E-01,-7.9615143E-01
-4.206234E-03,-1.048690E-01,-7.9836395E-01
-4.202957E-03,-1.040450E-01,-8.0103424E-01
-4.199680E-03,-1.022902E-01,-8.0370453E-01
-4.196403E-03,-1.023970E-01,-8.0530670E-01
-4.193126E-03,-1.005049E-01,-8.0698517E-01
-4.189850E-03,-9.986407E-02,-8.0843475E-01
-4.186573E-03,-9.824664E-02,-8.0919769E-01
-4.183296E-03,-9.865863E-02,-8.0927399E-01
-4.180019E-03,-9.681232E-02,-8.0973175E-01
-4.176742E-03,-9.713275E-02,-8.0957916E-01
-4.173466E-03,-9.519489E-02,-8.0896881E-01
-4.170189E-03,-9.517963E-02,-8.0820587E-01
-4.166912E-03,-9.240253E-02,-8.0744293E-01
-4.163635E-03,-9.279926E-02,-8.0530670E-01
-4.160358E-03,-9.118182E-02,-8.0370453E-01
-4.157082E-03,-9.083087E-02,-8.0133942E-01
-4.153805E-03,-8.959491E-02,-7.9866913E-01
-4.150528E-03,-8.901508E-02,-7.9546478E-01
-4.147251E-03,-8.823688E-02,-7.9241302E-01
-4.143974E-03,-8.707721E-02,-7.8943756E-01
-4.140698E-03,-8.507831E-02,-7.8485992E-01
-4.137421E-03,-8.445270E-02,-7.8012970E-01
-4.134144E-03,-8.362872E-02,-7.7562836E-01
-4.130867E-03,-8.326251E-02,-7.6998260E-01
-4.127590E-03,-8.217914E-02,-7.6403168E-01
-4.124314E-03,-8.112628E-02,-7.5922516E-01
-4.121037E-03,-7.946307E-02,-7.5327423E-01
-4.117760E-03,-7.850177E-02,-7.4747589E-01
-4.114483E-03,-7.723529E-02,-7.4045685E-01
-4.111206E-03,-7.628925E-02,-7.3275116E-01
-4.107930E-03,-7.496173E-02,-7.2535065E-01
-4.104653E-03,-7.372577E-02,-7.1756866E-01
-4.101376E-03,-7.181842E-02,-7.0841339E-01
-4.098099E-03,-7.078082E-02,-6.9918182E-01
-4.094822E-03,-6.910236E-02,-6.9109467E-01
-4.091546E-03,-6.821735E-02,-6.8239716E-01
-4.088269E-03,-6.670673E-02,-6.7278412E-01
-4.084992E-03,-6.502826E-02,-6.6278961E-01
-4.081715E-03,-6.386859E-02,-6.5355804E-01
-4.078438E-03,-6.258685E-02,-6.4241913E-01
-4.075162E-03,-6.099994E-02,-6.3196686E-01
-4.071885E-03,-5.933673E-02,-6.2159088E-01
-4.068608E-03,-5.739886E-02,-6.1068085E-01
-4.065331E-03,-5.613239E-02,-5.9877899E-01
-4.062054E-03,-5.427081E-02,-5.8764008E-01
-4.058778E-03,-5.218036E-02,-5.7573822E-01
-4.055501E-03,-5.057819E-02,-5.6376007E-01
-4.052224E-03,-4.854877E-02,-5.5063751E-01
-4.048947E-03,-4.661090E-02,-5.3835419E-01
-4.045670E-03,-4.333026E-02,-5.2523163E-01
-4.042394E-03,-4.226215E-02,-5.1172760E-01
-4.039117E-03,-3.994281E-02,-4.9791840E-01
-4.035840E-03,-3.805072E-02,-4.8456696E-01
-4.032563E-03,-3.515155E-02,-4.7106293E-01
-4.029286E-03,-3.310687E-02,-4.5717743E-01
-4.026010E-03,-3.090961E-02,-4.4153717E-01
-4.022733E-03,-2.872760E-02,-4.2818573E-01
-4.019456E-03,-2.523334E-02,-4.1353729E-01
-4.016179E-03,-2.352435E-02,-3.9942291E-01
-4.012902E-03,-1.934344E-02,-3.8332489E-01
-4.009626E-03,-1.821429E-02,-3.6844757E-01
-4.006349E-03,-1.462848E-02,-3.5257843E-01
-4.003072E-03,-1.331622E-02,-3.3739594E-01
-3.999795E-03,-8.784363E-03,-3.2099274E-01
-3.996518E-03,-7.502625E-03,-3.0642059E-01
-3.993242E-03,-3.489563E-03,-2.8925446E-01
-3.989965E-03,-2.223083E-03,-2.7384308E-01
-3.986688E-03,3.224304E-03,-2.5705841E-01
-3.983411E-03,4.139832E-03,-2.4157074E-01
-3.980134E-03,8.473328E-03,-2.2478607E-01
-3.976858E-03,1.108258E-02,-2.0914581E-01
-3.973581E-03,1.524823E-02,-1.9167450E-01
-3.970304E-03,1.709454E-02,-1.7534760E-01
-3.967027E-03,2.135175E-02,-1.5764740E-01
-3.963750E-03,2.344220E-02,-1.4071014E-01
-3.960474E-03,2.771466E-02,-1.2369659E-01
-3.957197E-03,3.035443E-02,-1.0767487E-01
-3.953920E-03,3.540509E-02,-8.9822083E-02
-3.950643E-03,3.732770E-02,-7.3571472E-02
-3.947366E-03,4.240887E-02,-5.4955750E-02
-3.944090E-03,4.396527E-02,-3.8247375E-02
-3.940813E-03,4.875653E-02,-1.9631653E-02
-3.937536E-03,5.061810E-02,-2.6943970E-03
-3.934259E-03,5.508893E-02,1.5082092E-02
-3.930982E-03,5.730145E-02,3.1256409E-02
-3.927706E-03,6.226056E-02,4.9338074E-02
-3.924429E-03,6.357281E-02,6.6199036E-02
-3.921152E-03,6.926434E-02,8.3822937E-02
-3.917875E-03,7.065289E-02,1.0030243E-01
-3.914598E-03,7.570355E-02,1.1884186E-01
-3.911322E-03,7.715314E-02,1.3547394E-01
-3.908045E-03,8.255475E-02,1.5332672E-01
-3.904768E-03,8.473676E-02,1.6988251E-01
-3.901491E-03,8.939069E-02,1.8826935E-01
-3.898214E-03,9.113019E-02,2.0474884E-01
-3.894938E-03,9.601300E-02,2.2260162E-01
-3.891661E-03,9.718793E-02,2.3854706E-01
-3.888384E-03,1.024675E-01,2.5540802E-01
-3.885107E-03,1.025743E-01,2.7104828E-01
-3.881830E-03,1.082963E-01,2.8867218E-01
-3.878554E-03,1.091966E-01,3.0423615E-01
-3.875277E-03,1.143235E-01,3.2201263E-01
-3.872000E-03,1.150560E-01,3.3765289E-01
-3.868723E-03,1.198930E-01,3.5558197E-01
-3.865446E-03,1.205949E-01,3.7030670E-01
-3.862170E-03,1.246843E-01,3.8739655E-01
-3.858893E-03,1.255998E-01,4.0257904E-01
-3.855616E-03,1.297044E-01,4.1875336E-01
-3.852339E-03,1.299791E-01,4.3332550E-01
-3.849062E-03,1.340379E-01,4.5026276E-01
-3.845786E-03,1.352128E-01,4.6460602E-01
-3.842509E-03,1.392259E-01,4.7948334E-01
-3.839232E-03,1.391649E-01,4.9405548E-01
-3.835955E-03,1.422929E-01,5.0946686E-01
-3.832678E-03,1.433305E-01,5.2403900E-01
-3.829402E-03,1.457872E-01,5.3884003E-01
-3.826125E-03,1.461229E-01,5.5081818E-01
-3.822848E-03,1.490678E-01,5.6493256E-01
-3.819571E-03,1.483201E-01,5.7797882E-01
-3.816294E-03,1.504716E-01,5.9155914E-01
-3.813018E-03,1.505174E-01,6.0384247E-01
-3.809741E-03,1.527299E-01,6.1658356E-01
-3.806464E-03,1.522569E-01,6.2840912E-01
-3.803187E-03,1.541490E-01,6.4092133E-01
-3.799910E-03,1.533250E-01,6.5274689E-01
-3.796634E-03,1.544847E-01,6.6503021E-01
-3.793357E-03,1.543779E-01,6.7578766E-01
-3.790080E-03,1.548814E-01,6.8791840E-01
-3.786803E-03,1.541185E-01,6.9890472E-01
-3.783526E-03,1.546525E-01,7.0905182E-01
-3.780250E-03,1.536607E-01,7.2064850E-01
-3.776973E-03,1.536454E-01,7.3049042E-01
-3.773696E-03,1.521501E-01,7.3918793E-01
-3.770419E-03,1.517839E-01,7.4880096E-01
-3.767142E-03,1.511125E-01,7.5749847E-01
-3.763866E-03,1.495561E-01,7.6611969E-01
-3.760589E-03,1.488389E-01,7.7504608E-01
-3.757312E-03,1.468553E-01,7.8305695E-01
-3.754035E-03,1.447801E-01,7.9114410E-01
-3.750758E-03,1.437120E-01,7.9968903E-01
-3.747482E-03,1.416826E-01,8.0670807E-01
-3.744205E-03,1.397142E-01,8.1395599E-01
-3.740928E-03,1.380967E-01,8.2036469E-01
-3.737651E-03,1.353807E-01,8.2738373E-01
-3.734374E-03,1.333360E-01,8.3341095E-01
-3.731098E-03,1.307267E-01,8.3852264E-01
-3.727821E-03,1.276750E-01,8.4485504E-01
-3.724544E-03,1.250810E-01,8.4935638E-01
-3.721267E-03,1.218309E-01,8.5393402E-01
-3.717990E-03,1.189164E-01,8.5851166E-01
-3.714714E-03,1.155595E-01,8.6225006E-01
-3.711437E-03,1.121415E-01,8.6537811E-01
-3.708160E-03,1.090898E-01,8.6934540E-01
-3.704883E-03,1.055345E-01,8.7193939E-01
-3.701606E-03,1.010637E-01,8.7399933E-01
-3.698330E-03,9.828656E-02,8.7636444E-01
-3.695053E-03,9.404462E-02,8.7872955E-01
-3.691776E-03,9.109967E-02,8.8071320E-01
-3.688499E-03,8.635419E-02,8.8124725E-01
-3.685222E-03,8.229535E-02,8.8170502E-01
-3.681946E-03,7.770245E-02,8.8155243E-01
-3.678669E-03,7.371991E-02,8.8277313E-01
-3.675392E-03,6.941693E-02,8.8201019E-01
-3.672115E-03,6.540387E-02,8.8078949E-01
-3.668838E-03,6.114667E-02,8.8063690E-01
-3.665562E-03,5.547040E-02,8.7911102E-01
-3.662285E-03,5.084698E-02,8.7804291E-01
-3.659008E-03,4.622357E-02,8.7575409E-01
-3.655731E-03,4.124921E-02,8.7308380E-01
-3.652454E-03,3.697675E-02,8.6995575E-01
-3.649178E-03,3.151410E-02,8.6636993E-01
-3.645901E-03,2.650922E-02,8.6194489E-01
-3.642624E-03,2.112286E-02,8.5942719E-01
-3.639347E-03,1.547711E-02,8.5462067E-01
-3.636070E-03,1.198285E-02,8.5034821E-01
-3.632794E-03,5.726746E-03,8.4577057E-01
-3.629517E-03,1.301697E-03,8.4020111E-01
-3.626240E-03,-4.344055E-03,8.3402130E-01
-3.622963E-03,-8.341858E-03,8.2784149E-01
-3.619686E-03,-1.323993E-02,8.2196686E-01
-3.616410E-03,-1.798541E-02,8.1441376E-01
-3.613133E-03,-2.318866E-02,8.0823395E-01
-3.609856E-03,-2.813251E-02,8.0121490E-01
-3.606579E-03,-3.428180E-02,7.9320404E-01
-3.603302E-03,-3.873737E-02,7.8465912E-01
-3.600026E-03,-4.442889E-02,7.7687714E-01
-3.596749E-03,-4.911334E-02,7.6863739E-01
-3.593472E-03,-5.361469E-02,7.5986359E-01
-3.590195E-03,-5.865009E-02,7.5093719E-01
-3.586918E-03,-6.360919E-02,7.4117157E-01
-3.583642E-03,-6.818683E-02,7.3300812E-01
-3.580365E-03,-7.337482E-02,7.2240326E-01
-3.577088E-03,-7.781512E-02,7.1286652E-01
-3.573811E-03,-8.237750E-02,7.0180389E-01
-3.570534E-03,-8.649738E-02,6.9035980E-01
-3.567258E-03,-9.232623E-02,6.7861053E-01
-3.563981E-03,-9.539325E-02,6.6770050E-01
-3.560704E-03,-1.002455E-01,6.5587494E-01
-3.557427E-03,-1.037398E-01,6.4397308E-01
-3.554150E-03,-1.090041E-01,6.3199493E-01
-3.550874E-03,-1.122237E-01,6.2009308E-01
-3.547597E-03,-1.168624E-01,6.0689423E-01
-3.544320E-03,-1.197768E-01,5.9491608E-01
-3.541043E-03,-1.237136E-01,5.8141205E-01
-3.537766E-03,-1.267501E-01,5.6912872E-01
-3.534490E-03,-1.313582E-01,5.5501434E-01
-3.531213E-03,-1.337538E-01,5.4135773E-01
-3.527936E-03,-1.382552E-01,5.2670929E-01
-3.524659E-03,-1.405135E-01,5.1274750E-01
-3.521382E-03,-1.444503E-01,4.9787018E-01
-3.518106E-03,-1.470443E-01,4.8406097E-01
-3.514829E-03,-1.506301E-01,4.6857330E-01
-3.511552E-03,-1.528121E-01,4.5331451E-01
-3.508275E-03,-1.570540E-01,4.3675873E-01
-3.504998E-03,-1.578170E-01,4.2279694E-01
-3.501722E-03,-1.614485E-01,4.0608856E-01
-3.498445E-03,-1.623946E-01,3.9105865E-01
-3.495168E-03,-1.658889E-01,3.7435028E-01
-3.491891E-03,-1.671401E-01,3.5817596E-01
-3.488614E-03,-1.706191E-01,3.4154388E-01
-3.485338E-03,-1.703749E-01,3.2559845E-01
-3.482061E-03,-1.726332E-01,3.0820343E-01
-3.478784E-03,-1.732589E-01,2.9340240E-01
-3.475507E-03,-1.759749E-01,2.7600739E-01
-3.472230E-03,-1.758071E-01,2.5899384E-01
-3.468954E-03,-1.788893E-01,2.4182770E-01
-3.465677E-03,-1.787062E-01,2.2595856E-01
-3.462400E-03,-1.809340E-01,2.0787689E-01
-3.459123E-03,-1.795607E-01,1.9185516E-01
-3.455846E-03,-1.827803E-01,1.7423126E-01
-3.452570E-03,-1.813155E-01,1.5805695E-01
-3.449293E-03,-1.830703E-01,1.3936493E-01
-3.446016E-03,-1.818343E-01,1.2326691E-01
-3.442739E-03,-1.842757E-01,1.0442230E-01
-3.439462E-03,-1.817580E-01,8.7866516E-02
-3.436186E-03,-1.838332E-01,6.9403381E-02
-3.432909E-03,-1.825972E-01,5.3000183E-02
-3.429632E-03,-1.839705E-01,3.4842224E-02
-3.426355E-03,-1.814681E-01,1.8286438E-02
-3.423078E-03,-1.834212E-01,-5.5816650E-04
-3.419802E-03,-1.807051E-01,-1.7037659E-02
-3.416525E-03,-1.826735E-01,-3.4966736E-02
-3.413248E-03,-1.797438E-01,-5.0912170E-02
-3.409971E-03,-1.816207E-01,-6.9070129E-02
-3.406694E-03,-1.781722E-01,-8.5702209E-02
-3.403418E-03,-1.797744E-01,-1.0370758E-01
-3.400141E-03,-1.761885E-01,-1.1995819E-01
-3.396864E-03,-1.769362E-01,-1.3727692E-01
-3.393587E-03,-1.734877E-01,-1.5390900E-01
-3.390310E-03,-1.748305E-01,-1.7160919E-01
-3.387034E-03,-1.712142E-01,-1.8801239E-01
-3.383757E-03,-1.719466E-01,-2.0525482E-01
-3.380480E-03,-1.683150E-01,-2.2089508E-01
-3.377203E-03,-1.691542E-01,-2.3836639E-01
-3.373926E-03,-1.659651E-01,-2.5309113E-01
-3.370650E-03,-1.664077E-01,-2.7079132E-01
-3.367373E-03,-1.619368E-01,-2.8589752E-01
-3.364096E-03,-1.620742E-01,-3.0321625E-01
-3.360819E-03,-1.592208E-01,-3.1832245E-01
-3.357542E-03,-1.588851E-01,-3.3442047E-01
-3.354266E-03,-1.554213E-01,-3.4884003E-01
-3.350989E-03,-1.544295E-01,-3.6448029E-01
-3.347712E-03,-1.514998E-01,-3.7951019E-01
-3.344435E-03,-1.514083E-01,-3.9591339E-01
-3.341158E-03,-1.482802E-01,-4.1018036E-01
-3.337882E-03,-1.477614E-01,-4.2490509E-01
-3.334605E-03,-1.447707E-01,-4.3924835E-01
-3.331328E-03,-1.439009E-01,-4.5412567E-01
-3.328051E-03,-1.409102E-01,-4.6808746E-01
-3.324774E-03,-1.404219E-01,-4.8265961E-01
-3.321498E-03,-1.371413E-01,-4.9547699E-01
-3.318221E-03,-1.366988E-01,-5.0928619E-01
-3.314944E-03,-1.330519E-01,-5.2240875E-01
-3.311667E-03,-1.327315E-01,-5.3537872E-01
-3.308390E-03,-1.301833E-01,-5.4873016E-01
-3.305114E-03,-1.287184E-01,-5.6093719E-01
-3.301837E-03,-1.248275E-01,-5.7215240E-01
-3.298560E-03,-1.243697E-01,-5.8474091E-01
-3.295283E-03,-1.208754E-01,-5.9542206E-01
-3.292006E-03,-1.207686E-01,-6.0747650E-01
-3.288730E-03,-1.169539E-01,-6.1769989E-01
-3.285453E-03,-1.163588E-01,-6.2937286E-01
-3.282176E-03,-1.141463E-01,-6.4028290E-01
-3.278899E-03,-1.130629E-01,-6.5088776E-01
-3.275622E-03,-1.103926E-01,-6.6027191E-01
-3.272346E-03,-1.092177E-01,-6.7118195E-01
-3.269069E-03,-1.070052E-01,-6.7972687E-01
-3.265792E-03,-1.057845E-01,-6.8888214E-01
-3.262515E-03,-1.032820E-01,-6.9834259E-01
-3.259238E-03,-1.019850E-01,-7.0711639E-01
-3.255962E-03,-9.908588E-02,-7.1520355E-01
-3.252685E-03,-9.827716E-02,-7.2351959E-01
-3.249408E-03,-9.652240E-02,-7.3030975E-01
-3.246131E-03,-9.505756E-02,-7.3748138E-01
-3.242854E-03,-9.276874E-02,-7.4480560E-01
-3.239578E-03,-9.269244E-02,-7.5136688E-01
-3.236301E-03,-8.959491E-02,-7.5838593E-01
-3.233024E-03,-8.819110E-02,-7.6372650E-01
-3.229747E-03,-8.607013E-02,-7.6914337E-01
-3.226470E-03,-8.535297E-02,-7.7356842E-01
-3.223194E-03,-8.338458E-02,-7.7944305E-01
-3.219917E-03,-8.214862E-02,-7.8402069E-01
-3.216640E-03,-8.014972E-02,-7.8775909E-01
-3.213363E-03,-7.885272E-02,-7.9195526E-01
-3.210086E-03,-7.697589E-02,-7.9500702E-01
-3.206810E-03,-7.604510E-02,-7.9706696E-01
-3.203533E-03,-7.421405E-02,-8.0027130E-01
-3.200256E-03,-7.380206E-02,-8.0233124E-01
-3.196979E-03,-7.070453E-02,-8.0423859E-01
-3.193702E-03,-7.071979E-02,-8.0652740E-01
-3.190426E-03,-6.884296E-02,-8.0767181E-01
-3.187149E-03,-6.745441E-02,-8.0858734E-01
-3.183872E-03,-6.652362E-02,-8.0973175E-01
-3.180595E-03,-6.568439E-02,-8.1003693E-01
-3.177318E-03,-6.333453E-02,-8.1041840E-01
-3.174042E-03,-6.238849E-02,-8.0904510E-01
-3.170765E-03,-6.067950E-02,-8.0935028E-01
-3.167488E-03,-6.028278E-02,-8.0713776E-01
-3.164211E-03,-5.822284E-02,-8.0561188E-01
-3.160934E-03,-5.738361E-02,-8.0423859E-01
-3.157658E-03,-5.486591E-02,-8.0225494E-01
-3.154381E-03,-5.475909E-02,-7.9920319E-01
-3.151104E-03,-5.207355E-02,-7.9645660E-01
-3.147827E-03,-5.092914E-02,-7.9294708E-01
-3.144550E-03,-4.946429E-02,-7.8920868E-01
-3.141274E-03,-4.802997E-02,-7.8485992E-01
-3.137997E-03,-4.627521E-02,-7.8051117E-01
-3.134720E-03,-4.496295E-02,-7.7600983E-01
-3.131443E-03,-4.413898E-02,-7.7204254E-01
-3.128166E-03,-4.262836E-02,-7.6578644E-01
-3.124890E-03,-4.107196E-02,-7.6036957E-01
-3.121613E-03,-3.867633E-02,-7.5426605E-01
-3.118336E-03,-3.734882E-02,-7.4839142E-01
-3.115059E-03,-3.582294E-02,-7.4060944E-01
-3.111782E-03,-3.380878E-02,-7.3404816E-01
-3.108506E-03,-3.228290E-02,-7.2596100E-01
-3.105229E-03,-3.039081E-02,-7.1917084E-01
-3.101952E-03,-2.891071E-02,-7.1024445E-01
-3.098675E-03,-2.729327E-02,-7.0223358E-01
-3.095398E-03,-2.538593E-02,-6.9323090E-01
-3.092122E-03,-2.312762E-02,-6.8537262E-01
-3.088845E-03,-2.134235E-02,-6.7507294E-01
-3.085568E-03,-1.938922E-02,-6.6492584E-01
-3.082291E-03,-1.772601E-02,-6.5493134E-01
-3.079014E-03,-1.507098E-02,-6.4577606E-01
-3.075738E-03,-1.325519E-02,-6.3486603E-01
-3.072461E-03,-1.197345E-02,-6.2349823E-01
-3.069184E-03,-9.226868E-03,-6.1281708E-01
-3.065907E-03,-7.182190E-03,-6.0213593E-01
-3.062630E-03,-4.160950E-03,-5.8962372E-01
-3.059354E-03,-2.451965E-03,-5.7787445E-01
-3.056077E-03,2.488403E-04,-5.6559113E-01
-3.052800E-03,1.210144E-03,-5.5315521E-01
-3.049523E-03,4.338196E-03,-5.4079559E-01
-3.046246E-03,5.284241E-03,-5.2874115E-01
-3.042970E-03,9.175232E-03,-5.1416901E-01
-3.039693E-03,1.092999E-02,-5.0142792E-01
-3.036416E-03,1.437848E-02,-4.8700836E-01
-3.033139E-03,1.561444E-02,-4.7289398E-01
-3.029862E-03,1.932233E-02,-4.5969513E-01
-3.026586E-03,2.066510E-02,-4.4588593E-01
-3.023309E-03,2.396100E-02,-4.3085602E-01
-3.020032E-03,2.566998E-02,-4.1758087E-01
-3.016755E-03,2.954572E-02,-4.0155914E-01
-3.013478E-03,3.111737E-02,-3.8652924E-01
-3.010202E-03,3.459637E-02,-3.7104156E-01
-3.006925E-03,3.644269E-02,-3.5692719E-01
-3.003648E-03,3.944867E-02,-3.4067657E-01
-3.000371E-03,4.053204E-02,-3.2541779E-01
-2.997094E-03,4.558270E-02,-3.0870941E-01
-2.993818E-03,4.724591E-02,-2.9276398E-01
-2.990541E-03,5.057233E-02,-2.7636078E-01
-2.987264E-03,5.220502E-02,-2.5965240E-01
-2.983987E-03,5.600446E-02,-2.4317291E-01
-2.980710E-03,5.707257E-02,-2.2791412E-01
-2.977434E-03,6.120770E-02,-2.1051910E-01
-2.974157E-03,6.259625E-02,-1.9487885E-01
-2.970880E-03,6.697552E-02,-1.7672089E-01
-2.967603E-03,6.676190E-02,-1.6115692E-01
-2.964326E-03,7.181256E-02,-1.4360931E-01
-2.961050E-03,7.269757E-02,-1.2781647E-01
-2.957773E-03,7.698529E-02,-1.0950592E-01
-2.954496E-03,7.716840E-02,-9.3484192E-02
-2.951219E-03,8.137982E-02,-7.4868469E-02
-2.947942E-03,8.183759E-02,-5.8083801E-02
-2.944666E-03,8.621686E-02,-4.0307312E-02
-2.941389E-03,8.670514E-02,-2.4056702E-02
-2.938112E-03,9.099286E-02,-5.6698608E-03
-2.934835E-03,9.143536E-02,1.1419983E-02
-2.931558E-03,9.569257E-02,2.9959412E-02
-2.928282E-03,9.538739E-02,4.5675964E-02
-2.925005E-03,9.949200E-02,6.4139099E-02
-2.921728E-03,9.914105E-02,8.0008240E-02
-2.918451E-03,1.026353E-01,9.9081726E-02
-2.915174E-03,1.027116E-01,1.1556122E-01
-2.911898E-03,1.070604E-01,1.3387177E-01
-2.908621E-03,1.055040E-01,1.5004608E-01
-2.905344E-03,1.094255E-01,1.6881439E-01
-2.902067E-03,1.092576E-01,1.8498871E-01
-2.898790E-03,1.128892E-01,2.0352814E-01
-2.895514E-03,1.121568E-01,2.1939728E-01
-2.892237E-03,1.147661E-01,2.3694489E-01
-2.888960E-03,1.141557E-01,2.5281403E-01
-2.885683E-03,1.163377E-01,2.7142975E-01
-2.882406E-03,1.153917E-01,2.8592560E-01
-2.879130E-03,1.186570E-01,3.0461761E-01
-2.875853E-03,1.167650E-01,3.2018158E-01
-2.872576E-03,1.189470E-01,3.3833954E-01
-2.869299E-03,1.169328E-01,3.5237762E-01
-2.866022E-03,1.193895E-01,3.6992523E-01
-2.862746E-03,1.180467E-01,3.8587067E-01
-2.859469E-03,1.196031E-01,4.0219757E-01
-2.856192E-03,1.177415E-01,4.1699860E-01
-2.852915E-03,1.181688E-01,4.3363068E-01
-2.849638E-03,1.170091E-01,4.4774506E-01
-2.846362E-03,1.176194E-01,4.6376678E-01
-2.843085E-03,1.157579E-01,4.7833893E-01
-2.839808E-03,1.158494E-01,4.9268219E-01
-2.836531E-03,1.141404E-01,5.0778839E-01
-2.833254E-03,1.139879E-01,5.2182648E-01
-2.829978E-03,1.116380E-01,5.3586456E-01
-2.826701E-03,1.105699E-01,5.5112335E-01
-2.823424E-03,1.081590E-01,5.6378815E-01
-2.820147E-03,1.074724E-01,5.7759735E-01
-2.816870E-03,1.051988E-01,5.8965179E-01
-2.813594E-03,1.037950E-01,6.0307953E-01
-2.810317E-03,1.008043E-01,6.1414215E-01
-2.807040E-03,9.918683E-02,6.2711212E-01
-2.803763E-03,9.630292E-02,6.3939545E-01
-2.800486E-03,9.442609E-02,6.5198395E-01
-2.797210E-03,9.140485E-02,6.6327545E-01
-2.793933E-03,8.969586E-02,6.7548248E-01
-2.790656E-03,8.681195E-02,6.8608734E-01
-2.787379E-03,8.391278E-02,6.9875214E-01
-2.784102E-03,8.087628E-02,7.0844147E-01
-2.780826E-03,7.777875E-02,7.1950409E-01
-2.777549E-03,7.425397E-02,7.2926971E-01
-2.774272E-03,7.115643E-02,7.3918793E-01
-2.770995E-03,6.781476E-02,7.4819061E-01
-2.767718E-03,6.418317E-02,7.5726959E-01
-2.764442E-03,5.991071E-02,7.6642487E-01
-2.761165E-03,5.658429E-02,7.7504608E-01
-2.757888E-03,5.255597E-02,7.8290436E-01
-2.754611E-03,4.828351E-02,7.9099152E-01
-2.751334E-03,4.477399E-02,7.9801056E-01
-2.748058E-03,4.092877E-02,8.0556366E-01
-2.744781E-03,3.537457E-02,8.1281158E-01
-2.741504E-03,3.206342E-02,8.1998322E-01
-2.738227E-03,2.679913E-02,8.2646820E-01
-2.734950E-03,2.252667E-02,8.3371613E-01
-2.731674E-03,1.790326E-02,8.3760712E-01
-2.728397E-03,1.347821E-02,8.4386322E-01
-2.725120E-03,8.244446E-03,8.4866974E-01
-2.721843E-03,3.834656E-03,8.5370514E-01
-2.718566E-03,-1.292297E-03,8.5835907E-01
-2.715290E-03,-6.663391E-03,8.6156342E-01
-2.712013E-03,-1.127155E-02,8.6507294E-01
-2.708736E-03,-1.621539E-02,8.6842987E-01
-2.705459E-03,-2.181537E-02,8.7140533E-01
-2.702182E-03,-2.630145E-02,8.7399933E-01
-2.698906E-03,-3.203876E-02,8.7605927E-01
-2.695629E-03,-3.719623E-02,8.7743256E-01
-2.692352E-03,-4.252155E-02,8.7872955E-01
-2.689075E-03,-4.694659E-02,8.8071320E-01
-2.685798E-03,-5.222614E-02,8.8101837E-01
-2.682522E-03,-5.715472E-02,8.8201019E-01
-2.679245E-03,-6.235797E-02,8.8246796E-01
-2.675968E-03,-6.815631E-02,8.8239166E-01
-2.672691E-03,-7.281024E-02,8.8162872E-01
-2.669414E-03,-7.779987E-02,8.8017914E-01
-2.666138E-03,-8.307941E-02,8.7956879E-01
-2.662861E-03,-8.841998E-02,8.7766144E-01
-2.659584E-03,-9.382159E-02,8.7552521E-01
-2.656307E-03,-9.897906E-02,8.7338898E-01
-2.653030E-03,-1.034804E-01,8.7048981E-01
-2.649754E-03,-1.087447E-01,8.6720917E-01
-2.646477E-03,-1.126357E-01,8.6347076E-01
-2.643200E-03,-1.182357E-01,8.6011383E-01
-2.639923E-03,-1.222182E-01,8.5568878E-01
-2.636646E-03,-1.267806E-01,8.5118744E-01
-2.633370E-03,-1.314498E-01,8.4676239E-01
-2.630093E-03,-1.363326E-01,8.4210846E-01
-2.626816E-03,-1.404219E-01,8.3577606E-01
-2.623539E-03,-1.456862E-01,8.2982513E-01
-2.620262E-03,-1.495925E-01,8.2395050E-01
-2.616986E-03,-1.540633E-01,8.1708405E-01
-2.613709E-03,-1.577864E-01,8.1052277E-01
-2.610432E-03,-1.618300E-01,8.0243561E-01
-2.607155E-03,-1.655989E-01,7.9450104E-01
-2.603878E-03,-1.697951E-01,7.8626129E-01
-2.600602E-03,-1.728163E-01,7.7916595E-01
-2.597325E-03,-1.771346E-01,7.7054474E-01
-2.594048E-03,-1.796828E-01,7.6207611E-01
-2.590771E-03,-1.841078E-01,7.5292084E-01
-2.587494E-03,-1.872054E-01,7.4384186E-01
-2.584218E-03,-1.905471E-01,7.3430511E-01
-2.580941E-03,-1.926833E-01,7.2484467E-01
-2.577664E-03,-1.954604E-01,7.1469757E-01
-2.574387E-03,-1.977950E-01,7.0340607E-01
-2.571110E-03,-2.012892E-01,6.9165680E-01
-2.567834E-03,-2.026778E-01,6.8204376E-01
-2.564557E-03,-2.055312E-01,6.6930267E-01
-2.561280E-03,-2.073775E-01,6.5885040E-01
-2.558003E-03,-2.099410E-01,6.4679596E-01
-2.554726E-03,-2.114363E-01,6.3504669E-01
-2.551450E-03,-2.141371E-01,6.2192413E-01
-2.548173E-03,-2.150527E-01,6.0986969E-01
-2.544896E-03,-2.172347E-01,5.9682343E-01
-2.541619E-03,-2.168380E-01,5.8469269E-01
-2.538342E-03,-2.190657E-01,5.7088348E-01
-2.535066E-03,-2.195388E-01,5.5860016E-01
-2.531789E-03,-2.221022E-01,5.4433319E-01
-2.528512E-03,-2.214003E-01,5.2945587E-01
-2.525235E-03,-2.231246E-01,5.1442596E-01
-2.521958E-03,-2.228499E-01,5.0229523E-01
-2.518682E-03,-2.237197E-01,4.8558685E-01
-2.515405E-03,-2.230330E-01,4.7200653E-01
-2.512128E-03,-2.245589E-01,4.5644257E-01
-2.508851E-03,-2.236586E-01,4.4164154E-01
-2.505574E-03,-2.244979E-01,4.2485687E-01
-2.502298E-03,-2.236129E-01,4.1058990E-01
-2.499021E-03,-2.240248E-01,3.9441559E-01
-2.495744E-03,-2.219649E-01,3.7877533E-01
-2.492467E-03,-2.233992E-01,3.6099884E-01
-2.489190E-03,-2.211104E-01,3.4581635E-01
-2.485914E-03,-2.214461E-01,3.2887909E-01
-2.482637E-03,-2.195388E-01,3.1300995E-01
-2.479360E-03,-2.203170E-01,2.9614899E-01
-2.476083E-03,-2.177077E-01,2.8005096E-01
-2.472806E-03,-2.178908E-01,2.6204559E-01
-2.469530E-03,-2.143813E-01,2.4640533E-01
-2.466253E-03,-2.146254E-01,2.2832367E-01
-2.462976E-03,-2.118026E-01,2.1314117E-01
-2.459699E-03,-2.115737E-01,1.9505951E-01
-2.456422E-03,-2.079726E-01,1.7865631E-01
-2.453146E-03,-2.075453E-01,1.6065094E-01
-2.449869E-03,-2.046614E-01,1.4409515E-01
-2.446592E-03,-2.044020E-01,1.2578461E-01
-2.443315E-03,-2.007399E-01,1.0907623E-01
-2.440038E-03,-2.009078E-01,9.1299744E-02
-2.436762E-03,-1.958571E-01,7.3904724E-02
-2.433485E-03,-1.955214E-01,5.5517883E-02
-2.430208E-03,-1.915541E-01,3.9419861E-02
-2.426931E-03,-1.914778E-01,2.1795959E-02
-2.423654E-03,-1.863051E-01,5.3164673E-03
-2.420378E-03,-1.861983E-01,-1.3375549E-02
-2.417101E-03,-1.819106E-01,-2.9549866E-02
-2.413824E-03,-1.809798E-01,-4.8699646E-02
-2.410547E-03,-1.760512E-01,-6.4263611E-02
-2.407270E-03,-1.752120E-01,-8.3031921E-02
-2.403994E-03,-1.704207E-01,-9.9053650E-02
-2.400717E-03,-1.710768E-01,-1.1644867E-01
-2.397440E-03,-1.648207E-01,-1.3254669E-01
-2.394163E-03,-1.639968E-01,-1.5032318E-01
-2.390886E-03,-1.606856E-01,-1.6680267E-01
-2.387610E-03,-1.587020E-01,-1.8480804E-01
-2.384333E-03,-1.539412E-01,-2.0090607E-01
-2.381056E-03,-1.530562E-01,-2.1814850E-01
-2.377779E-03,-1.487532E-01,-2.3409393E-01
-2.374502E-03,-1.477919E-01,-2.5087860E-01
-2.371226E-03,-1.430922E-01,-2.6606110E-01
-2.367949E-03,-1.410781E-01,-2.8383759E-01
-2.364672E-03,-1.374312E-01,-2.9985931E-01
-2.361395E-03,-1.364547E-01,-3.1549957E-01
-2.358118E-03,-1.311446E-01,-3.2969025E-01
-2.354842E-03,-1.304885E-01,-3.4632233E-01
-2.351565E-03,-1.262160E-01,-3.6089447E-01
-2.348288E-03,-1.246901E-01,-3.7630585E-01
-2.345011E-03,-1.207381E-01,-3.9164093E-01
-2.341734E-03,-1.191970E-01,-4.0674713E-01
-2.338458E-03,-1.155654E-01,-4.2116669E-01
-2.335181E-03,-1.136885E-01,-4.3619659E-01
-2.331904E-03,-1.097670E-01,-4.5046356E-01
-2.328627E-03,-1.085005E-01,-4.6457794E-01
-2.325350E-03,-1.042891E-01,-4.7838715E-01
-2.322074E-03,-1.038008E-01,-4.9311188E-01
-2.318797E-03,-1.006118E-01,-5.0615814E-01
-2.315520E-03,-9.891803E-02,-5.1966217E-01
-2.312243E-03,-9.530170E-02,-5.3263214E-01
-2.308966E-03,-9.365375E-02,-5.4575470E-01
-2.305690E-03,-9.116656E-02,-5.5742767E-01
-2.302413E-03,-8.924396E-02,-5.7093170E-01
-2.299136E-03,-8.637531E-02,-5.8336761E-01
-2.295859E-03,-8.478839E-02,-5.9534576E-01
-2.292582E-03,-8.216388E-02,-6.0549286E-01
-2.289306E-03,-8.053119E-02,-6.1701324E-01
-2.286029E-03,-7.792194E-02,-6.2746552E-01
-2.282752E-03,-7.670123E-02,-6.3837555E-01
-2.279475E-03,-7.450397E-02,-6.4837006E-01
-2.276198E-03,-7.236774E-02,-6.5935638E-01
-2.272922E-03,-6.998737E-02,-6.6858795E-01
-2.269645E-03,-6.896503E-02,-6.7797211E-01
-2.266368E-03,-6.551654E-02,-6.8666962E-01
-2.263091E-03,-6.482990E-02,-6.9635895E-01
-2.259814E-03,-6.183917E-02,-7.0490387E-01
-2.256538E-03,-6.112201E-02,-7.1360138E-01
-2.253261E-03,-5.843646E-02,-7.2145966E-01
-2.249984E-03,-5.765826E-02,-7.2878387E-01
-2.246707E-03,-5.543048E-02,-7.3580292E-01
-2.243430E-03,-5.425555E-02,-7.4282196E-01
-2.240154E-03,-5.239398E-02,-7.4968842E-01
-2.236877E-03,-5.112750E-02,-7.5556305E-01
-2.233600E-03,-4.882343E-02,-7.6220062E-01
-2.230323E-03,-4.822833E-02,-7.6754120E-01
-2.227046E-03,-4.549701E-02,-7.7295807E-01
-2.223770E-03,-4.532916E-02,-7.7829865E-01
-2.220493E-03,-4.288776E-02,-7.8196075E-01
-2.217216E-03,-4.236896E-02,-7.8638580E-01
-2.213939E-03,-3.962238E-02,-7.8951385E-01
-2.210662E-03,-3.965289E-02,-7.9317596E-01
-2.207386E-03,-3.701312E-02,-7.9638031E-01
-2.204109E-03,-3.637225E-02,-7.9966095E-01
-2.200832E-03,-3.434283E-02,-8.0240753E-01
-2.197555E-03,-3.379352E-02,-8.0393341E-01
-2.194278E-03,-3.223712E-02,-8.0584076E-01
-2.191002E-03,-3.153522E-02,-8.0729034E-01
-2.187725E-03,-2.915485E-02,-8.0835846E-01
-2.184448E-03,-2.883441E-02,-8.0843475E-01
-2.181171E-03,-2.680499E-02,-8.0912140E-01
-2.177894E-03,-2.640826E-02,-8.0950287E-01
-2.174618E-03,-2.434833E-02,-8.0912140E-01
-2.171341E-03,-2.375323E-02,-8.0866364E-01
-2.168064E-03,-2.115924E-02,-8.0751923E-01
-2.164787E-03,-2.088458E-02,-8.0591705E-01
-2.161510E-03,-1.909930E-02,-8.0347565E-01
-2.158234E-03,-1.850421E-02,-8.0118683E-01
-2.154957E-03,-1.668842E-02,-7.9836395E-01
-2.151680E-03,-1.531512E-02,-7.9554108E-01
-2.148403E-03,-1.450641E-02,-7.9317596E-01
-2.145126E-03,-1.302631E-02,-7.8928497E-01
-2.141850E-03,-1.146991E-02,-7.8569916E-01
-2.138573E-03,-1.012714E-02,-7.8066376E-01
-2.135296E-03,-8.296082E-03,-7.7684906E-01
-2.132019E-03,-6.388733E-03,-7.7097443E-01
-2.128742E-03,-5.137512E-03,-7.6609161E-01
-2.125466E-03,-3.260681E-03,-7.6029327E-01
-2.122189E-03,-2.543518E-03,-7.5518158E-01
-2.118912E-03,-8.040161E-04,-7.4892548E-01
-2.115635E-03,9.812622E-04,-7.4266937E-01
-2.112358E-03,2.156189E-03,-7.3442963E-01
-2.109082E-03,3.773621E-03,-7.2748688E-01
-2.105805E-03,5.696228E-03,-7.1856049E-01
-2.102528E-03,7.130554E-03,-7.1093109E-01
-2.099251E-03,8.915833E-03,-7.0261505E-01
-2.095974E-03,1.053326E-02,-6.9422272E-01
-2.092698E-03,1.260846E-02,-6.8476227E-01
-2.089421E-03,1.372235E-02,-6.7568329E-01
-2.086144E-03,1.578229E-02,-6.6599396E-01
-2.082867E-03,1.752179E-02,-6.5638092E-01
-2.079590E-03,1.987164E-02,-6.4554718E-01
-2.076314E-03,2.035992E-02,-6.3562897E-01
-2.073037E-03,2.272504E-02,-6.2441376E-01
-2.069760E-03,2.353375E-02,-6.1380890E-01
-2.066483E-03,2.553265E-02,-6.0236481E-01
-2.063206E-03,2.708905E-02,-5.9137848E-01
-2.059930E-03,2.887433E-02,-5.7878998E-01
-2.056653E-03,3.070538E-02,-5.6711700E-01
-2.053376E-03,3.326886E-02,-5.5490997E-01
-2.050099E-03,3.407758E-02,-5.4247406E-01
-2.046822E-03,3.749554E-02,-5.2927521E-01
-2.043546E-03,3.830426E-02,-5.1714447E-01
-2.040269E-03,4.024213E-02,-5.0257233E-01
-2.036992E-03,4.135602E-02,-4.8998383E-01
-2.033715E-03,4.443829E-02,-4.7541168E-01
-2.030438E-03,4.485028E-02,-4.6267059E-01
-2.027162E-03,4.694073E-02,-4.4733551E-01
-2.023885E-03,4.761212E-02,-4.3367889E-01
-2.020608E-03,5.133527E-02,-4.1788605E-01
-2.017331E-03,5.177777E-02,-4.0384796E-01
-2.014054E-03,5.386823E-02,-3.8828400E-01
-2.010778E-03,5.525677E-02,-3.7226227E-01
-2.007501E-03,5.717938E-02,-3.5715607E-01
-2.004224E-03,5.745404E-02,-3.4243134E-01
-2.000947E-03,6.076520E-02,-3.2633331E-01
-1.997670E-03,6.030743E-02,-3.1153229E-01
-1.994394E-03,6.325238E-02,-2.9406097E-01
-1.991117E-03,6.323712E-02,-2.7880219E-01
-1.987840E-03,6.590741E-02,-2.6186493E-01
-1.984563E-03,6.567853E-02,-2.4599579E-01
-1.981286E-03,6.847089E-02,-2.2882965E-01
-1.978010E-03,6.795209E-02,-2.1311310E-01
-1.974733E-03,7.030194E-02,-1.9564178E-01
-1.971456E-03,6.958478E-02,-1.8015411E-01
-1.968179E-03,7.202618E-02,-1.6268280E-01
-1.964902E-03,7.137006E-02,-1.4643219E-01
-1.961626E-03,7.381146E-02,-1.2850311E-01
-1.958349E-03,7.245343E-02,-1.1240509E-01
-1.955072E-03,7.495587E-02,-9.4399719E-02
-1.951795E-03,7.393353E-02,-7.8301697E-02
-1.948518E-03,7.611554E-02,-5.9762268E-02
-1.945242E-03,7.457440E-02,-4.2519836E-02
-1.941965E-03,7.704633E-02,-2.4972229E-02
-1.938688E-03,7.521527E-02,-8.7979126E-03
-1.935411E-03,7.715314E-02,1.0046692E-02
-1.932134E-03,7.542889E-02,2.6602478E-02
-1.928858E-03,7.677167E-02,4.4684143E-02
-1.925581E-03,7.457440E-02,6.0171814E-02
-1.922304E-03,7.562726E-02,7.8253479E-02
-1.919027E-03,7.339948E-02,9.5343323E-02
-1.915750E-03,7.524579E-02,1.1319611E-01
-1.912474E-03,7.135480E-02,1.2921783E-01
-1.909197E-03,7.339948E-02,1.4813873E-01
-1.905920E-03,7.050031E-02,1.6377899E-01
-1.902643E-03,7.111066E-02,1.8170807E-01
-1.899366E-03,6.857770E-02,1.9872162E-01
-1.896090E-03,6.827252E-02,2.1665070E-01
-1.892813E-03,6.572430E-02,2.3343536E-01
-1.889536E-03,6.595319E-02,2.5083038E-01
-1.886259E-03,6.285565E-02,2.6723358E-01
-1.882982E-03,6.290143E-02,2.8516266E-01
-1.879706E-03,6.001752E-02,3.0148956E-01
-1.876429E-03,5.957501E-02,3.1842682E-01
-1.873152E-03,5.589764E-02,3.3437225E-01
-1.869875E-03,5.461591E-02,3.5108063E-01
-1.866598E-03,5.154889E-02,3.6649200E-01
-1.863322E-03,4.968732E-02,3.8274261E-01
-1.860045E-03,4.643719E-02,3.9914581E-01
-1.856768E-03,4.500287E-02,4.1455719E-01
-1.853491E-03,4.097455E-02,4.2935822E-01
-1.850214E-03,3.876202E-02,4.4515106E-01
-1.846938E-03,3.538983E-02,4.5987579E-01
-1.843661E-03,3.288739E-02,4.7605011E-01
-1.840384E-03,2.849286E-02,4.9024078E-01
-1.837107E-03,2.611249E-02,5.0481293E-01
-1.833830E-03,2.208417E-02,5.1907990E-01
-1.830554E-03,1.889508E-02,5.3365204E-01
-1.827277E-03,1.547711E-02,5.4738495E-01
-1.824000E-03,1.144879E-02,5.6119415E-01
-1.820723E-03,7.389954E-03,5.7416412E-01
-1.817446E-03,4.002502E-03,5.8682892E-01
-1.814170E-03,-3.004761E-04,6.0002777E-01
-1.810893E-03,-4.389832E-03,6.1299774E-01
-1.807616E-03,-8.875916E-03,6.2543365E-01
-1.804339E-03,-1.269061E-02,6.3809845E-01
-1.801062E-03,-1.697833E-02,6.4954254E-01
-1.797786E-03,-2.074725E-02,6.6113922E-01
-1.794509E-03,-2.656085E-02,6.7311737E-01
-1.791232E-03,-3.028400E-02,6.8463776E-01
-1.787955E-03,-3.542621E-02,6.9539520E-01
-1.784678E-03,-3.983600E-02,7.0691559E-01
-1.781402E-03,-4.484088E-02,7.1744415E-01
-1.778125E-03,-4.836566E-02,7.2789642E-01
-1.774848E-03,-5.381305E-02,7.3796722E-01
-1.771571E-03,-5.848224E-02,7.4666473E-01
-1.768294E-03,-6.348712E-02,7.5559113E-01
-1.765018E-03,-6.907184E-02,7.6489899E-01
-1.761741E-03,-7.406146E-02,7.7390167E-01
-1.758464E-03,-7.870013E-02,7.8168365E-01
-1.755187E-03,-8.483417E-02,7.8969452E-01
-1.751910E-03,-8.849628E-02,7.9717133E-01
-1.748634E-03,-9.412677E-02,8.0502960E-01
-1.745357E-03,-9.974200E-02,8.1159088E-01
-1.742080E-03,-1.046248E-01,8.1815216E-01
-1.738803E-03,-1.091872E-01,8.2448456E-01
-1.735526E-03,-1.148177E-01,8.2997772E-01
-1.732250E-03,-1.198531E-01,8.3646271E-01
-1.728973E-03,-1.244155E-01,8.4248993E-01
-1.725696E-03,-1.297255E-01,8.4760162E-01
-1.722419E-03,-1.344100E-01,8.5187408E-01
-1.719142E-03,-1.384230E-01,8.5622284E-01
-1.715866E-03,-1.442519E-01,8.6064789E-01
-1.712589E-03,-1.475173E-01,8.6469147E-01
-1.709312E-03,-1.528731E-01,8.6827728E-01
-1.706035E-03,-1.575270E-01,8.7094757E-01
-1.702758E-03,-1.634169E-01,8.7293121E-01
-1.699482E-03,-1.672469E-01,8.7499115E-01
-1.696205E-03,-1.717177E-01,8.7727997E-01
-1.692928E-03,-1.758834E-01,8.7972137E-01
-1.689651E-03,-1.804457E-01,8.8025543E-01
-1.686374E-03,-1.847182E-01,8.8101837E-01
-1.683098E-03,-1.894484E-01,8.8170502E-01
-1.679821E-03,-1.925307E-01,8.8277313E-01
-1.676544E-03,-1.968184E-01,8.8223907E-01
-1.673267E-03,-2.004958E-01,8.8201019E-01
-1.669990E-03,-2.038985E-01,8.8025543E-01
-1.666714E-03,-2.080031E-01,8.7987396E-01
-1.663437E-03,-2.114363E-01,8.7674591E-01
-1.660160E-03,-2.152663E-01,8.7567780E-01
-1.656883E-03,-2.180892E-01,8.7392303E-01
-1.653606E-03,-2.214308E-01,8.7102386E-01
-1.650330E-03,-2.244826E-01,8.6759064E-01
-1.647053E-03,-2.270766E-01,8.6423370E-01
-1.643776E-03,-2.296553E-01,8.6011383E-01
-1.640499E-03,-2.329055E-01,8.5614655E-01
-1.637222E-03,-2.345992E-01,8.5347626E-01
-1.633946E-03,-2.374984E-01,8.4859344E-01
-1.630669E-03,-2.396498E-01,8.4248993E-01
-1.627392E-03,-2.419692E-01,8.3653900E-01
-1.624115E-03,-2.433425E-01,8.3157990E-01
-1.620838E-03,-2.455550E-01,8.2402679E-01
-1.617562E-03,-2.466231E-01,8.1792328E-01
-1.614285E-03,-2.489424E-01,8.1166718E-01
-1.611008E-03,-2.502547E-01,8.0365631E-01
-1.607731E-03,-2.518721E-01,7.9579803E-01
-1.604454E-03,-2.523452E-01,7.8755829E-01
-1.601178E-03,-2.538710E-01,7.7985260E-01
-1.597901E-03,-2.547103E-01,7.7268097E-01
-1.594624E-03,-2.553206E-01,7.6322052E-01
-1.591347E-03,-2.557326E-01,7.5467560E-01
-1.588070E-03,-2.567702E-01,7.4468109E-01
-1.584794E-03,-2.564345E-01,7.3552582E-01
-1.581517E-03,-2.571974E-01,7.2530243E-01
-1.578240E-03,-2.561141E-01,7.1576569E-01
-1.574963E-03,-2.570601E-01,7.0477936E-01
-1.571686E-03,-2.560378E-01,6.9455597E-01
-1.568410E-03,-2.565718E-01,6.8234894E-01
-1.565133E-03,-2.551070E-01,6.7151520E-01
-1.561856E-03,-2.544814E-01,6.5862152E-01
-1.558579E-03,-2.530318E-01,6.4755890E-01
-1.555302E-03,-2.531081E-01,6.3497040E-01
-1.552026E-03,-2.512923E-01,6.2299225E-01
-1.548749E-03,-2.510176E-01,6.1124298E-01
-1.545472E-03,-2.489272E-01,5.9888336E-01
-1.542195E-03,-2.483626E-01,5.8553192E-01
-1.538918E-03,-2.453261E-01,5.7340118E-01
-1.535642E-03,-2.455245E-01,5.5928680E-01
-1.532365E-03,-2.424727E-01,5.4570648E-01
-1.529088E-03,-2.413283E-01,5.3067657E-01
-1.525811E-03,-2.383834E-01,5.1679108E-01
-1.522534E-03,-2.374373E-01,5.0214264E-01
-1.519258E-03,-2.342635E-01,4.8818085E-01
-1.515981E-03,-2.329970E-01,4.7269318E-01
-1.512704E-03,-2.284804E-01,4.5834991E-01
-1.509427E-03,-2.276870E-01,4.4225189E-01
-1.506150E-03,-2.236586E-01,4.2798492E-01
-1.502874E-03,-2.221938E-01,4.1196320E-01
-1.499597E-03,-2.180892E-01,3.9700958E-01
-1.496320E-03,-2.162276E-01,3.7999603E-01
-1.493043E-03,-2.119704E-01,3.6595795E-01
-1.489766E-03,-2.101699E-01,3.4818146E-01
-1.486490E-03,-2.053786E-01,3.3254120E-01
-1.483213E-03,-2.035781E-01,3.1484100E-01
-1.479936E-03,-1.988326E-01,3.0049774E-01
-1.476659E-03,-1.974593E-01,2.8203461E-01
-1.473382E-03,-1.917830E-01,2.6555511E-01
-1.470106E-03,-1.906844E-01,2.4854156E-01
-1.466829E-03,-1.855117E-01,2.3282501E-01
-1.463552E-03,-1.837264E-01,2.1550629E-01
-1.460275E-03,-1.781264E-01,1.9765350E-01
-1.456998E-03,-1.768447E-01,1.8002960E-01
-1.453722E-03,-1.717635E-01,1.6431305E-01
-1.450445E-03,-1.695357E-01,1.4714691E-01
-1.447168E-03,-1.644850E-01,1.3020966E-01
-1.443891E-03,-1.627455E-01,1.1144135E-01
-1.440614E-03,-1.574813E-01,9.5343323E-02
-1.437338E-03,-1.556197E-01,7.6880188E-02
-1.434061E-03,-1.497756E-01,6.0476990E-02
-1.430784E-03,-1.478682E-01,4.2547913E-02
-1.427507E-03,-1.422682E-01,2.6373596E-02
-1.424230E-03,-1.408644E-01,7.7578735E-03
-1.420954E-03,-1.353408E-01,-8.9505005E-03
-1.417677E-03,-1.339827E-01,-2.7795105E-02
-1.414400E-03,-1.283675E-01,-4.2977600E-02
-1.411123E-03,-1.269484E-01,-6.2203674E-02
-1.407846E-03,-1.212416E-01,-7.9751282E-02
-1.404570E-03,-1.197463E-01,-9.7756653E-02
-1.401293E-03,-1.144820E-01,-1.1354950E-01
-1.398016E-03,-1.130629E-01,-1.3140228E-01
-1.394739E-03,-1.081038E-01,-1.4734772E-01
-1.391462E-03,-1.060439E-01,-1.6481903E-01
-1.388186E-03,-1.012374E-01,-1.8137482E-01
-1.384909E-03,-9.977252E-02,-1.9838837E-01
-1.381632E-03,-9.533221E-02,-2.1517303E-01
-1.378355E-03,-9.339435E-02,-2.3142365E-01
-1.375078E-03,-8.899982E-02,-2.4691132E-01
-1.371802E-03,-8.741290E-02,-2.6400116E-01
-1.368525E-03,-8.327777E-02,-2.7979401E-01
-1.365248E-03,-8.132465E-02,-2.9703644E-01
-1.361971E-03,-7.711322E-02,-3.1260040E-01
-1.358694E-03,-7.548053E-02,-3.2907990E-01
-1.355418E-03,-7.163531E-02,-3.4380463E-01
-1.352141E-03,-7.030780E-02,-3.5921600E-01
-1.348864E-03,-6.627948E-02,-3.7439850E-01
-1.345587E-03,-6.530292E-02,-3.8988617E-01
-1.342310E-03,-6.142719E-02,-4.0598419E-01
-1.339034E-03,-6.013019E-02,-4.2040375E-01
-1.335757E-03,-5.596454E-02,-4.3383148E-01
-1.332480E-03,-5.474384E-02,-4.4832733E-01
-1.329203E-03,-5.170734E-02,-4.6267059E-01
-1.325926E-03,-5.057819E-02,-4.7709015E-01
-1.322650E-03,-4.786212E-02,-4.9013641E-01
-1.319373E-03,-4.636676E-02,-5.0394562E-01
-1.316096E-03,-4.342181E-02,-5.1744965E-01
-1.312819E-03,-4.252155E-02,-5.3064850E-01
-1.309542E-03,-3.988177E-02,-5.4239777E-01
-1.306266E-03,-3.806598E-02,-5.5483368E-01
-1.302989E-03,-3.534991E-02,-5.6658295E-01
-1.299712E-03,-3.426654E-02,-5.7878998E-01
-1.296435E-03,-3.209979E-02,-5.9023407E-01
-1.293158E-03,-3.078754E-02,-6.0251740E-01
-1.289882E-03,-2.848346E-02,-6.1380890E-01
-1.286605E-03,-2.790363E-02,-6.2487152E-01
-1.283328E-03,-2.559955E-02,-6.3509491E-01
-1.280051E-03,-2.488239E-02,-6.4608124E-01
-1.276774E-03,-2.283771E-02,-6.5599945E-01
-1.273498E-03,-2.152545E-02,-6.6545990E-01
-1.270221E-03,-2.024371E-02,-6.7522552E-01
-1.266944E-03,-1.943500E-02,-6.8445709E-01
-1.263667E-03,-1.800067E-02,-6.9391754E-01
-1.260390E-03,-1.725299E-02,-7.0269135E-01
-1.257114E-03,-1.565082E-02,-7.1138885E-01
-1.253837E-03,-1.507098E-02,-7.1939972E-01
-1.250560E-03,-1.375873E-02,-7.2702911E-01
-1.247283E-03,-1.357562E-02,-7.3427704E-01
-1.244006E-03,-1.179034E-02,-7.4183014E-01
-1.240730E-03,-1.198871E-02,-7.4862030E-01
-1.237453E-03,-1.027972E-02,-7.5480011E-01
-1.234176E-03,-9.730408E-03,-7.6044586E-01
-1.230899E-03,-7.700989E-03,-7.6609161E-01
-1.227622E-03,-8.097717E-03,-7.7112701E-01
-1.224346E-03,-6.510803E-03,-7.7639130E-01
-1.221069E-03,-6.968567E-03,-7.8096893E-01
-1.217792E-03,-5.244324E-03,-7.8569916E-01
-1.214515E-03,-5.488464E-03,-7.9012421E-01
-1.211238E-03,-3.199646E-03,-7.9371002E-01
-1.207962E-03,-4.405090E-03,-7.9630402E-01
-1.204685E-03,-2.116272E-03,-7.9912689E-01
-1.201408E-03,-2.284119E-03,-8.0149200E-01
-1.198131E-03,-2.394409E-04,-8.0469635E-01
-1.194854E-03,-4.072876E-04,-8.0660370E-01
-1.191578E-03,4.319458E-04,-8.0751923E-01
-1.188301E-03,5.692749E-04,-8.0812958E-01
-1.185024E-03,1.408508E-03,-8.0873993E-01
-1.181747E-03,2.079895E-03,-8.0919769E-01
-1.178470E-03,3.300598E-03,-8.0965546E-01
-1.175194E-03,4.063538E-03,-8.0904510E-01
-1.171917E-03,4.292419E-03,-8.0782440E-01
-1.168640E-03,5.894592E-03,-8.0683258E-01
-1.165363E-03,6.504944E-03,-8.0584076E-01
-1.162086E-03,6.932190E-03,-8.0362823E-01
-1.158810E-03,8.000305E-03,-8.0233124E-01
-1.155533E-03,8.519104E-03,-7.9821136E-01
-1.152256E-03,9.510925E-03,-7.9622772E-01
-1.148979E-03,1.080792E-02,-7.9302338E-01
-1.145702E-03,1.131146E-02,-7.8981903E-01
-1.142426E-03,1.192181E-02,-7.8524139E-01
-1.139149E-03,1.303571E-02,-7.8043488E-01
-1.135872E-03,1.414960E-02,-7.7555206E-01
-1.132595E-03,1.495831E-02,-7.7135590E-01
-1.129318E-03,1.524823E-02,-7.6525238E-01
-1.126042E-03,1.639264E-02,-7.5968292E-01
-1.122765E-03,1.717084E-02,-7.5335052E-01
-1.119488E-03,1.779645E-02,-7.4747589E-01
-1.116211E-03,1.970380E-02,-7.4022797E-01
-1.112934E-03,1.916974E-02,-7.3435333E-01
-1.109658E-03,2.031415E-02,-7.2657135E-01
-1.106381E-03,2.126019E-02,-7.1909454E-01
-1.103104E-03,2.238934E-02,-7.1131256E-01
-1.099827E-03,2.248090E-02,-7.0322540E-01
-1.096550E-03,2.383893E-02,-6.9399384E-01
-1.093274E-03,2.470868E-02,-6.8628815E-01
-1.089997E-03,2.608197E-02,-6.7568329E-01
-1.086720E-03,2.612775E-02,-6.6721466E-01
-1.083443E-03,2.751630E-02,-6.5683868E-01
-1.080166E-03,2.798932E-02,-6.4692047E-01
-1.076890E-03,2.937787E-02,-6.3639191E-01
-1.073613E-03,2.908795E-02,-6.2586334E-01
-1.070336E-03,3.131573E-02,-6.1441925E-01
-1.067059E-03,3.047650E-02,-6.0350922E-01
-1.063782E-03,3.174298E-02,-5.9168365E-01
-1.060506E-03,3.177350E-02,-5.8138397E-01
-1.057229E-03,3.299420E-02,-5.6849030E-01
-1.053952E-03,3.329938E-02,-5.5666473E-01
-1.050675E-03,3.441327E-02,-5.4293182E-01
-1.047398E-03,3.345197E-02,-5.3164032E-01
-1.044122E-03,3.543561E-02,-5.1775482E-01
-1.040845E-03,3.389447E-02,-5.0547150E-01
-1.037568E-03,3.571027E-02,-4.9128082E-01
-1.034291E-03,3.540509E-02,-4.7808197E-01
-1.031014E-03,3.647321E-02,-4.6381500E-01
-1.027738E-03,3.586285E-02,-4.4985321E-01
-1.024461E-03,3.673260E-02,-4.3474701E-01
-1.021184E-03,3.612225E-02,-4.2101410E-01
-1.017907E-03,3.715985E-02,-4.0590790E-01
-1.014630E-03,3.616803E-02,-3.9087799E-01
-1.011354E-03,3.761761E-02,-3.7470367E-01
-1.008077E-03,3.546613E-02,-3.6066559E-01
-1.004800E-03,3.632062E-02,-3.4517792E-01
-1.001523E-03,3.508466E-02,-3.3030060E-01
-9.982464E-04,3.661053E-02,-3.1336334E-01
-9.949696E-04,3.442853E-02,-2.9840973E-01
-9.916928E-04,3.581708E-02,-2.8109100E-01
-9.884160E-04,3.336041E-02,-2.6491669E-01
-9.851392E-04,3.419965E-02,-2.4797943E-01
-9.818624E-04,3.159039E-02,-2.3317841E-01
-9.785856E-04,3.276532E-02,-2.1540192E-01
-9.753088E-04,3.041547E-02,-1.9991425E-01
-9.720320E-04,3.197186E-02,-1.8229034E-01
-9.687552E-04,2.847760E-02,-1.6649750E-01
-9.654784E-04,2.892010E-02,-1.4811066E-01
-9.622016E-04,2.588361E-02,-1.3124969E-01
-9.589248E-04,2.669232E-02,-1.1415985E-01
-9.556480E-04,2.278607E-02,-9.8977356E-02
-9.523712E-04,2.408307E-02,-8.0743103E-02
-9.490944E-04,2.087872E-02,-6.3271790E-02
-9.458176E-04,2.039044E-02,-4.4427185E-02
-9.425408E-04,1.672833E-02,-2.8634338E-02
-9.392640E-04,1.672833E-02,-1.0171204E-02
-9.359872E-04,1.270001E-02,6.0794067E-03
-9.327104E-04,1.334088E-02,2.5610657E-02
-9.294336E-04,8.809021E-03,4.1022034E-02
-9.261568E-04,8.213928E-03,5.9942932E-02
-9.228800E-04,2.934387E-03,7.5812073E-02
-9.196032E-04,3.544739E-03,9.4885559E-02
-9.163264E-04,-2.482483E-03,1.1044952E-01
-9.130496E-04,-2.589294E-03,1.2937042E-01
-9.097728E-04,-7.533142E-03,1.4531586E-01
-9.064960E-04,-8.311340E-03,1.6347382E-01
-9.032192E-04,-1.278217E-02,1.7972443E-01
-8.999424E-04,-1.462848E-02,1.9841644E-01
-8.966656E-04,-2.009113E-02,2.1398041E-01
-8.933888E-04,-2.181537E-02,2.3129913E-01
-8.901120E-04,-2.686603E-02,2.4724457E-01
-8.868352E-04,-2.845294E-02,2.6494476E-01
-8.835584E-04,-3.391559E-02,2.8058502E-01
-8.802816E-04,-3.617389E-02,2.9897186E-01
-8.770048E-04,-4.123981E-02,3.1514618E-01
-8.737280E-04,-4.346759E-02,3.3162567E-01
-8.704512E-04,-4.865558E-02,3.4726593E-01
-8.671744E-04,-5.152423E-02,3.6550018E-01
-8.638976E-04,-5.643756E-02,3.7991974E-01
-8.606208E-04,-5.994708E-02,3.9662811E-01
-8.573440E-04,-6.518085E-02,4.1104767E-01
-8.540672E-04,-6.832416E-02,4.2752716E-01
-8.507904E-04,-7.416827E-02,4.4255707E-01
-8.475136E-04,-7.709796E-02,4.5865509E-01
-8.442368E-04,-8.245380E-02,4.7261688E-01
-8.409600E-04,-8.573444E-02,4.8726532E-01
-8.376832E-04,-9.128864E-02,5.0199005E-01
-8.344064E-04,-9.508807E-02,5.1648590E-01
-8.311296E-04,-1.005355E-01,5.3060028E-01
-8.278528E-04,-1.050521E-01,5.4463837E-01
-8.245760E-04,-1.098281E-01,5.5860016E-01
-8.212992E-04,-1.138259E-01,5.7172272E-01
-8.180224E-04,-1.192733E-01,5.8461639E-01
-8.147456E-04,-1.226760E-01,5.9766266E-01
-8.114688E-04,-1.281996E-01,6.1070892E-01
-8.081920E-04,-1.320143E-01,6.2314484E-01
-8.049152E-04,-1.374007E-01,6.3519928E-01
-8.016384E-04,-1.417952E-01,6.4755890E-01
-7.983616E-04,-1.470137E-01,6.5816376E-01
-7.950848E-04,-1.516219E-01,6.7075226E-01
-7.918080E-04,-1.564894E-01,6.8242523E-01
-7.885312E-04,-1.606398E-01,6.9371674E-01
-7.852544E-04,-1.650344E-01,7.0394012E-01
-7.819776E-04,-1.694899E-01,7.1507904E-01
-7.787008E-04,-1.742354E-01,7.2469208E-01
-7.754240E-04,-1.785842E-01,7.3506805E-01
-7.721472E-04,-1.832839E-01,7.4506256E-01
-7.688704E-04,-1.869155E-01,7.5437042E-01
-7.655936E-04,-1.917678E-01,7.6360199E-01
-7.623168E-04,-1.955519E-01,7.7252838E-01
-7.590400E-04,-1.995345E-01,7.8031036E-01
-7.557632E-04,-2.030135E-01,7.8839752E-01
-7.524864E-04,-2.081404E-01,7.9595062E-01
-7.492096E-04,-2.114974E-01,8.0312225E-01
-7.459328E-04,-2.154799E-01,8.1090424E-01
-7.426560E-04,-2.184096E-01,8.1746552E-01
-7.393792E-04,-2.223006E-01,8.2478973E-01
-7.361024E-04,-2.259169E-01,8.3188507E-01
-7.328256E-04,-2.297164E-01,8.3707306E-01
-7.295488E-04,-2.322188E-01,8.4264252E-01
-7.262720E-04,-2.357436E-01,8.4813568E-01
-7.229952E-04,-2.387801E-01,8.5263702E-01
-7.197184E-04,-2.415572E-01,8.5729095E-01
-7.164416E-04,-2.447310E-01,8.6011383E-01
-7.131648E-04,-2.476302E-01,8.6423370E-01
-7.098880E-04,-2.504836E-01,8.6873505E-01
-7.066112E-04,-2.526656E-01,8.7117645E-01
-7.033344E-04,-2.547255E-01,8.7384674E-01
-7.000576E-04,-2.574111E-01,8.7598297E-01
-6.967808E-04,-2.594252E-01,8.7773773E-01
-6.935040E-04,-2.611037E-01,8.7987396E-01
-6.902272E-04,-2.632247E-01,8.8040802E-01
-6.869504E-04,-2.646285E-01,8.8193390E-01
-6.836736E-04,-2.660475E-01,8.8284943E-01
-6.803968E-04,-2.671309E-01,8.8269684E-01
-6.771200E-04,-2.684279E-01,8.8216278E-01
-6.738432E-04,-2.695723E-01,8.8170502E-01
-6.705664E-04,-2.699843E-01,8.8078949E-01
-6.672896E-04,-2.709151E-01,8.8002655E-01
-6.640128E-04,-2.713881E-01,8.7796661E-01
-6.607360E-04,-2.718001E-01,8.7682220E-01
-6.574592E-04,-2.725173E-01,8.7399933E-01
-6.541824E-04,-2.724257E-01,8.7125275E-01
-6.509056E-04,-2.727004E-01,8.6774323E-01
-6.476288E-04,-2.725020E-01,8.6530182E-01
-6.443520E-04,-2.730971E-01,8.6019012E-01
-6.410752E-04,-2.724105E-01,8.5713837E-01
-6.377984E-04,-2.716628E-01,8.5225555E-01
-6.345216E-04,-2.708235E-01,8.4828827E-01
-6.312448E-04,-2.705336E-01,8.4340546E-01
-6.279680E-04,-2.689467E-01,8.3791229E-01
-6.246912E-04,-2.689467E-01,8.3249542E-01
-6.214144E-04,-2.672225E-01,8.2684967E-01
-6.181376E-04,-2.665511E-01,8.1975433E-01
-6.148608E-04,-2.639266E-01,8.1403229E-01
-6.115840E-04,-2.635604E-01,8.0518219E-01
-6.083072E-04,-2.609969E-01,7.9747650E-01
-6.050304E-04,-2.601882E-01,7.8946564E-01
-6.017536E-04,-2.577925E-01,7.8183624E-01
-5.984768E-04,-2.563124E-01,7.7413055E-01
-5.952000E-04,-2.524977E-01,7.6436493E-01
-5.919232E-04,-2.517958E-01,7.5620148E-01
-5.886464E-04,-2.483931E-01,7.4727509E-01
-5.853696E-04,-2.462874E-01,7.3750946E-01
-5.820928E-04,-2.418318E-01,7.2827789E-01
-5.788160E-04,-2.403365E-01,7.1721527E-01
-5.755392E-04,-2.364760E-01,7.0851776E-01
-5.722624E-04,-2.341719E-01,6.9676849E-01
-5.689856E-04,-2.303267E-01,6.8585846E-01
-5.657088E-04,-2.280989E-01,6.7296478E-01
-5.624320E-04,-2.241317E-01,6.6266510E-01
-5.591552E-04,-2.218428E-01,6.5045807E-01
-5.558784E-04,-2.166854E-01,6.3886139E-01
-5.526016E-04,-2.147933E-01,6.2657806E-01
-5.493248E-04,-2.088423E-01,6.1475250E-01
-5.460480E-04,-2.068282E-01,6.0140106E-01
-5.427712E-04,-2.017623E-01,5.8835480E-01
-5.394944E-04,-2.000075E-01,5.7439301E-01
-5.362176E-04,-1.939803E-01,5.6272003E-01
-5.329408E-04,-1.914626E-01,5.4738495E-01
-5.296640E-04,-1.862441E-01,5.3472015E-01
-5.263872E-04,-1.836348E-01,5.1984283E-01
-5.231104E-04,-1.783400E-01,5.0527069E-01
-5.198336E-04,-1.752272E-01,4.9054596E-01
-5.165568E-04,-1.691542E-01,4.7696564E-01
-5.132800E-04,-1.667739E-01,4.6117279E-01
-5.100032E-04,-1.608535E-01,4.4690582E-01
-5.067264E-04,-1.588546E-01,4.2973969E-01
-5.034496E-04,-1.523696E-01,4.1646454E-01
-5.001728E-04,-1.498519E-01,3.9868805E-01
-4.968960E-04,-1.437178E-01,3.8396332E-01
-4.936192E-04,-1.411849E-01,3.6817047E-01
-4.903424E-04,-1.356002E-01,3.5214874E-01
-4.870656E-04,-1.328231E-01,3.3505890E-01
-4.837888E-04,-1.261245E-01,3.1896088E-01
-4.805120E-04,-1.244002E-01,3.0156586E-01
-4.772352E-04,-1.180526E-01,2.8615448E-01
-4.739584E-04,-1.161452E-01,2.6830170E-01
-4.706816E-04,-1.098281E-01,2.5243256E-01
-4.674048E-04,-1.075240E-01,2.3541901E-01
-4.641280E-04,-1.011611E-01,2.1932098E-01
-4.608512E-04,-9.928424E-02,2.0101044E-01
-4.575744E-04,-9.298236E-02,1.8521759E-01
-4.542976E-04,-9.092242E-02,1.6683075E-01
-4.510208E-04,-8.469684E-02,1.5073273E-01
-4.477440E-04,-8.405597E-02,1.3204071E-01
-4.444672E-04,-7.728107E-02,1.1548492E-01
-4.411904E-04,-7.685382E-02,9.7632141E-02
-4.379136E-04,-7.052142E-02,8.0466003E-02
-4.346368E-04,-6.859882E-02,6.2002869E-02
-4.313600E-04,-6.345660E-02,4.6591492E-02
-4.280832E-04,-6.144244E-02,2.8433533E-02
-4.248064E-04,-5.572040E-02,1.2335510E-02
-4.215296E-04,-5.526263E-02,-6.8905640E-03
-4.182528E-04,-5.008990E-02,-2.2988586E-02
-4.149760E-04,-4.899127E-02,-4.1528015E-02
-4.116992E-04,-4.438312E-02,-5.8846741E-02
-4.084224E-04,-4.310138E-02,-7.7157288E-02
-4.051456E-04,-3.820331E-02,-9.3941956E-02
-4.018688E-04,-3.675372E-02,-1.1171844E-01
-3.985920E-04,-3.301532E-02,-1.2781647E-01
-3.953152E-04,-3.133685E-02,-1.4536407E-01
-3.920384E-04,-2.727802E-02,-1.6123322E-01
-3.887616E-04,-2.602679E-02,-1.7885712E-01
-3.854848E-04,-2.222736E-02,-1.9495514E-01
-3.822080E-04,-2.183063E-02,-2.1196869E-01
-3.789312E-04,-1.781757E-02,-2.2776154E-01
-3.756544E-04,-1.713092E-02,-2.4355438E-01
-3.723776E-04,-1.359088E-02,-2.5919464E-01
-3.691008E-04,-1.276691E-02,-2.7597931E-01
-3.658240E-04,-9.547302E-03,-2.9261139E-01
-3.625472E-04,-8.387634E-03,-3.0878571E-01
-3.592704E-04,-5.930969E-03,-3.2404449E-01
-3.559936E-04,-4.542419E-03,-3.3998993E-01
-3.527168E-04,-2.833435E-03,-3.5509613E-01
-3.494400E-04,-2.085754E-03,-3.7119415E-01
-3.461632E-04,9.812622E-04,-3.8584259E-01
-3.428864E-04,1.164368E-03,-4.0155914E-01
-3.396096E-04,3.209045E-03,-4.1590240E-01
-3.363328E-04,3.529480E-03,-4.3108490E-01
-3.330560E-04,5.146912E-03,-4.4542816E-01
-3.297792E-04,5.330017E-03,-4.5946625E-01
-3.265024E-04,7.588318E-03,-4.7350433E-01
-3.232256E-04,8.122375E-03,-4.8738983E-01
-3.199488E-04,8.793762E-03,-5.0058868E-01
-3.166720E-04,9.556702E-03,-5.1371124E-01
-3.133952E-04,1.074689E-02,-5.2736786E-01
-3.101184E-04,1.065533E-02,-5.3957489E-01
-3.068416E-04,1.196759E-02,-5.5254486E-01
-3.035648E-04,1.227277E-02,-5.6505707E-01
-3.002880E-04,1.321881E-02,-5.7749298E-01
-2.970112E-04,1.352399E-02,-5.8939484E-01
-2.937344E-04,1.434796E-02,-6.0083893E-01
-2.904576E-04,1.419537E-02,-6.1205414E-01
-2.871808E-04,1.532452E-02,-6.2288788E-01
-2.839040E-04,1.541608E-02,-6.3433197E-01
-2.806272E-04,1.540082E-02,-6.4417389E-01
-2.773504E-04,1.504987E-02,-6.5470245E-01
-2.740736E-04,1.524823E-02,-6.6507843E-01
-2.707968E-04,1.486676E-02,-6.7453888E-01
-2.675200E-04,1.532452E-02,-6.8422821E-01
-2.642432E-04,1.480573E-02,-6.9262054E-01
-2.609664E-04,1.537030E-02,-7.0147064E-01
-2.576896E-04,1.558392E-02,-7.1001556E-01
-2.544128E-04,1.582806E-02,-7.1810272E-01
-2.511360E-04,1.547711E-02,-7.2550323E-01
-2.478592E-04,1.556866E-02,-7.3320892E-01
-2.445824E-04,1.480573E-02,-7.3938873E-01
-2.413056E-04,1.562970E-02,-7.4709442E-01
-2.380288E-04,1.445477E-02,-7.5357941E-01
-2.347520E-04,1.474469E-02,-7.5975922E-01
-2.314752E-04,1.427167E-02,-7.6509979E-01
-2.281984E-04,1.527875E-02,-7.7059296E-01
-2.249216E-04,1.434796E-02,-7.7517059E-01
-2.216448E-04,1.556866E-02,-7.7951935E-01
-2.183680E-04,1.447003E-02,-7.8394440E-01
-2.150912E-04,1.413434E-02,-7.8897980E-01
-2.118144E-04,1.443951E-02,-7.9210785E-01
-2.085376E-04,1.479047E-02,-7.9592255E-01
-2.052608E-04,1.479047E-02,-7.9859283E-01
-2.019840E-04,1.399701E-02,-8.0111053E-01
-1.987072E-04,1.356976E-02,-8.0263641E-01
-1.954304E-04,1.401227E-02,-8.0500153E-01
-1.921536E-04,1.395123E-02,-8.0622223E-01
-1.888768E-04,1.389020E-02,-8.0652740E-01
-1.856000E-04,1.350873E-02,-8.0751923E-01
-1.823232E-04,1.343243E-02,-8.0881622E-01
-1.790464E-04,1.338666E-02,-8.0843475E-01
-1.757696E-04,1.376813E-02,-8.0835846E-01
-1.724928E-04,1.396649E-02,-8.0744293E-01
-1.692160E-04,1.343243E-02,-8.0652740E-01
-1.659392E-04,1.326459E-02,-8.0530670E-01
-1.626624E-04,1.291364E-02,-8.0370453E-01
-1.593856E-04,1.305096E-02,-8.0156830E-01
-1.561088E-04,1.237958E-02,-7.9897430E-01
-1.528320E-04,1.233380E-02,-7.9630402E-01
-1.495552E-04,1.259320E-02,-7.9317596E-01
-1.462784E-04,1.245587E-02,-7.8852203E-01
-1.430016E-04,1.305096E-02,-7.8547028E-01
-1.397248E-04,1.320355E-02,-7.8119781E-01
-1.364480E-04,1.192181E-02,-7.7738312E-01
-1.331712E-04,1.199811E-02,-7.7272919E-01
-1.298944E-04,1.164716E-02,-7.6761749E-01
-1.266176E-04,1.218121E-02,-7.6189545E-01
-1.233408E-04,1.045697E-02,-7.5640228E-01
-1.200640E-04,1.118939E-02,-7.4999359E-01
-1.167872E-04,1.092999E-02,-7.4427155E-01
-1.135104E-04,1.070111E-02,-7.3656586E-01
-1.102336E-04,1.015179E-02,-7.2977570E-01
-1.069568E-04,1.079266E-02,-7.2115448E-01
-1.036800E-04,1.009076E-02,-7.1421173E-01
-1.004032E-04,1.070111E-02,-7.0444611E-01
-9.712640E-05,9.922913E-03,-6.9582489E-01
-9.384960E-05,1.016705E-02,-6.8727997E-01
-9.057280E-05,8.366516E-03,-6.7820099E-01
-8.729600E-05,9.739807E-03,-6.6843536E-01
-8.401920E-05,7.771423E-03,-6.6011932E-01
-8.074240E-05,8.519104E-03,-6.4936188E-01
-7.746560E-05,6.627014E-03,-6.3921478E-01
-7.418880E-05,7.084778E-03,-6.2716034E-01
-7.091200E-05,5.360535E-03,-6.1686066E-01
-6.763520E-05,6.611755E-03,-6.0526398E-01
-6.435840E-05,4.841736E-03,-5.9504059E-01
-6.108160E-05,5.070618E-03,-5.8290985E-01
-5.780480E-05,2.903870E-03,-5.7093170E-01
-5.452800E-05,3.575256E-03,-5.5780914E-01
-5.125120E-05,1.728943E-03,-5.4682281E-01
-4.797440E-05,1.423767E-03,-5.3232697E-01
-4.469760E-05,-8.955688E-04,-5.2057770E-01
-4.142080E-05,-1.478882E-04,-5.0692108E-01
-3.814400E-05,-1.978943E-03,-4.9372223E-01
-3.486720E-05,-1.933167E-03,-4.7953156E-01
-3.159040E-05,-4.710266E-03,-4.6709564E-01
-2.831360E-05,-4.588196E-03,-4.5206573E-01
-2.503680E-05,-8.311340E-03,-4.3863800E-01
-2.176000E-05,-7.258484E-03,-4.2322662E-01
-1.848320E-05,-1.085956E-02,-4.0857819E-01
-1.520640E-05,-1.090533E-02,-3.9309052E-01
-1.192960E-05,-1.462848E-02,-3.7836578E-01
-8.652800E-06,-1.464374E-02,-3.6310699E-01
-5.376000E-06,-1.777179E-02,-3.4845856E-01
-2.099200E-06,-1.749713E-02,-3.3152130E-01
1.177600E-06,-2.178485E-02,-3.1626251E-01
4.454400E-06,-2.183063E-02,-2.9993561E-01
7.731200E-06,-2.649982E-02,-2.8498199E-01
1.100800E-05,-2.590472E-02,-2.6705292E-01
1.428480E-05,-3.023822E-02,-2.5248077E-01
1.756160E-05,-3.037555E-02,-2.3500946E-01
2.083840E-05,-3.461749E-02,-2.1959808E-01
2.411520E-05,-3.495319E-02,-2.0174530E-01
2.739200E-05,-4.021747E-02,-1.8648651E-01
3.066880E-05,-4.050739E-02,-1.6802338E-01
3.394560E-05,-4.557330E-02,-1.5207794E-01
3.722240E-05,-4.563434E-02,-1.3414886E-01
4.049920E-05,-5.077655E-02,-1.1881378E-01
4.377600E-05,-5.157001E-02,-1.0065582E-01
4.705280E-05,-5.645282E-02,-8.5015564E-02
5.032960E-05,-5.793292E-02,-6.5865784E-02
5.360640E-05,-6.275470E-02,-4.9462585E-02
5.688320E-05,-6.466205E-02,-3.1609802E-02
6.016000E-05,-6.986530E-02,-1.5054016E-02
6.343680E-05,-7.122333E-02,3.5617065E-03
6.671360E-05,-7.612140E-02,1.9583435E-02
6.999040E-05,-7.844073E-02,3.7893982E-02
7.326720E-05,-8.304889E-02,5.5594177E-02
7.654400E-05,-8.527667E-02,7.2531433E-02
7.982080E-05,-9.116656E-02,8.9544983E-02
8.309760E-05,-9.279926E-02,1.0739777E-01
8.637440E-05,-9.783466E-02,1.2502167E-01
8.965120E-05,-1.002150E-01,1.4302704E-01
9.292800E-05,-1.057234E-01,1.5943024E-01
9.620480E-05,-1.080580E-01,1.7674896E-01
9.948160E-05,-1.133376E-01,1.9360992E-01
1.027584E-04,-1.161147E-01,2.1123383E-01
1.060352E-04,-1.216689E-01,2.2786591E-01
1.093120E-04,-1.244155E-01,2.4503204E-01
1.125888E-04,-1.290084E-01,2.6135895E-01
1.158656E-04,-1.324874E-01,2.7966949E-01
1.191424E-04,-1.377364E-01,2.9530975E-01
1.224192E-04,-1.415511E-01,3.1194183E-01
1.256960E-04,-1.462813E-01,3.2720062E-01
1.289728E-04,-1.502181E-01,3.4375641E-01
1.322496E-04,-1.553603E-01,3.6084625E-01
1.355264E-04,-1.573592E-01,3.7770721E-01
1.388032E-04,-1.630049E-01,3.9319489E-01
1.420800E-04,-1.665297E-01,4.0807220E-01
1.453568E-04,-1.714583E-01,4.2378876E-01
1.486336E-04,-1.758528E-01,4.3935272E-01
1.519104E-04,-1.790724E-01,4.5438263E-01
1.551872E-04,-1.823378E-01,4.6941254E-01
1.584640E-04,-1.870070E-01,4.8428986E-01
1.617408E-04,-1.908217E-01,4.9909088E-01
1.650176E-04,-1.947890E-01,5.1366302E-01
1.682944E-04,-1.981917E-01,5.2800629E-01
1.715712E-04,-2.031203E-01,5.4234955E-01
1.748480E-04,-2.057448E-01,5.5623505E-01
1.781248E-04,-2.098342E-01,5.6912872E-01
1.814016E-04,-2.125655E-01,5.8316681E-01
1.846784E-04,-2.160140E-01,5.9636566E-01
1.879552E-04,-2.190352E-01,6.0941193E-01
1.912320E-04,-2.232772E-01,6.2146637E-01
1.945088E-04,-2.266646E-01,6.3397858E-01
1.977856E-04,-2.309828E-01,6.4519379E-01
2.010624E-04,-2.333480E-01,6.5610382E-01
2.043392E-04,-2.365065E-01,6.6884491E-01
2.076160E-04,-2.385512E-01,6.8089935E-01
2.108928E-04,-2.421828E-01,6.9074127E-01
2.141696E-04,-2.447158E-01,7.0241425E-01
2.174464E-04,-2.469435E-01,7.1401093E-01
2.207232E-04,-2.488051E-01,7.2423431E-01
2.240000E-04,-2.529860E-01,7.3361847E-01
2.272768E-04,-2.540541E-01,7.4262115E-01
2.305536E-04,-2.563430E-01,7.5253937E-01
2.338304E-04,-2.581282E-01,7.6131317E-01
2.371072E-04,-2.602187E-01,7.7138397E-01
2.403840E-04,-2.607833E-01,7.7992889E-01
2.436608E-04,-2.634536E-01,7.8748199E-01
2.469376E-04,-2.641707E-01,7.9587433E-01
2.502144E-04,-2.658187E-01,8.0235931E-01
2.534912E-04,-2.667952E-01,8.0945465E-01
2.567680E-04,-2.676192E-01,8.1609222E-01
2.600448E-04,-2.683669E-01,8.2295868E-01
2.633216E-04,-2.690688E-01,8.2951996E-01
2.665984E-04,-2.698470E-01,8.3524200E-01
2.698752E-04,-2.700759E-01,8.3959076E-01
2.731520E-04,-2.706252E-01,8.4569427E-01
2.764288E-04,-2.698317E-01,8.5065338E-01
2.797056E-04,-2.700759E-01,8.5553619E-01
2.829824E-04,-2.696944E-01,8.5988495E-01
2.862592E-04,-2.697859E-01,8.6369965E-01
2.895360E-04,-2.693740E-01,8.6690399E-01
2.928128E-04,-2.694808E-01,8.6965057E-01
2.960896E-04,-2.680617E-01,8.7361786E-01
2.993664E-04,-2.676497E-01,8.7476227E-01
3.026432E-04,-2.663069E-01,8.7666962E-01
3.059200E-04,-2.657119E-01,8.7850067E-01
3.091968E-04,-2.645217E-01,8.8094208E-01
3.124736E-04,-2.628890E-01,8.8086578E-01
3.157504E-04,-2.618209E-01,8.8262054E-01
3.190272E-04,-2.597609E-01,8.8307831E-01
3.223040E-04,-2.574416E-01,8.8315460E-01
3.255808E-04,-2.563430E-01,8.8246796E-01
3.288576E-04,-2.540847E-01,8.8147614E-01
3.321344E-04,-2.518111E-01,8.7964508E-01
3.354112E-04,-2.491713E-01,8.7888214E-01
3.386880E-04,-2.473098E-01,8.7689850E-01
3.419648E-04,-2.436171E-01,8.7537262E-01
3.452416E-04,-2.421523E-01,8.7247345E-01
3.485184E-04,-2.387343E-01,8.6919281E-01
3.517952E-04,-2.364150E-01,8.6614105E-01
3.550720E-04,-2.322341E-01,8.6301300E-01
3.583488E-04,-2.294112E-01,8.5835907E-01
3.616256E-04,-2.253981E-01,8.5477325E-01
3.649024E-04,-2.224074E-01,8.4935638E-01
3.681792E-04,-2.181349E-01,8.4439728E-01
3.714560E-04,-2.156172E-01,8.3837006E-01
3.747328E-04,-2.103682E-01,8.3394501E-01
3.780096E-04,-2.082015E-01,8.2738373E-01
3.812864E-04,-2.030593E-01,8.2128021E-01
3.845632E-04,-2.000991E-01,8.1395599E-01
3.878400E-04,-1.944533E-01,8.0708954E-01
3.911168E-04,-1.906996E-01,7.9968903E-01
3.943936E-04,-1.860305E-01,7.9221222E-01
3.976704E-04,-1.829329E-01,7.8389618E-01
4.009472E-04,-1.776381E-01,7.7619049E-01
4.042240E-04,-1.740828E-01,7.6726410E-01
4.075008E-04,-1.684066E-01,7.5955841E-01
4.107776E-04,-1.645308E-01,7.4964020E-01
4.140544E-04,-1.587325E-01,7.4040863E-01
4.173312E-04,-1.554213E-01,7.3049042E-01
4.206080E-04,-1.500045E-01,7.2102997E-01
4.238848E-04,-1.467696E-01,7.0889923E-01
4.271616E-04,-1.398421E-01,6.9966766E-01
4.304384E-04,-1.371108E-01,6.8746063E-01
4.337152E-04,-1.316024E-01,6.7655060E-01
4.369920E-04,-1.277419E-01,6.6518280E-01
4.402688E-04,-1.208144E-01,6.5366241E-01
4.435456E-04,-1.179763E-01,6.4107391E-01
4.468224E-04,-1.124831E-01,6.2894318E-01
4.500992E-04,-1.092940E-01,6.1612579E-01
4.533760E-04,-1.026717E-01,6.0407135E-01
4.566528E-04,-9.961993E-02,5.9003326E-01
4.599296E-04,-9.350116E-02,5.7805511E-01
4.632064E-04,-8.982379E-02,5.6401703E-01
4.664832E-04,-8.393390E-02,5.5165741E-01
4.697600E-04,-8.069904E-02,5.3739044E-01
4.730368E-04,-7.396991E-02,5.2319977E-01
4.763136E-04,-7.166583E-02,5.0763580E-01
4.795904E-04,-6.493671E-02,4.9436066E-01
4.828672E-04,-6.252582E-02,4.7795746E-01
4.861440E-04,-5.665118E-02,4.6445343E-01
4.894208E-04,-5.401141E-02,4.4850800E-01
4.926976E-04,-4.833514E-02,4.3469879E-01
4.959744E-04,-4.522235E-02,4.1760895E-01
4.992512E-04,-3.945453E-02,4.0318939E-01
5.025280E-04,-3.786761E-02,3.8663361E-01
5.058048E-04,-3.203876E-02,3.7175629E-01
5.090816E-04,-3.029926E-02,3.5397980E-01
5.123584E-04,-2.340228E-02,3.3795807E-01
5.156352E-04,-2.205951E-02,3.2079193E-01
5.189120E-04,-1.592548E-02,3.0530426E-01
5.221888E-04,-1.494891E-02,2.8760406E-01
5.254656E-04,-9.043762E-03,2.7326080E-01
5.287424E-04,-7.670471E-03,2.5617096E-01
5.320192E-04,-3.703186E-03,2.3915741E-01
5.352960E-04,-1.963684E-03,2.2130463E-01
5.385728E-04,2.949646E-03,2.0558807E-01
5.418496E-04,3.804138E-03,1.8666718E-01
5.451264E-04,8.809021E-03,1.7072174E-01
5.484032E-04,9.968689E-03,1.5271637E-01
5.516800E-04,1.396649E-02,1.3707611E-01
5.549568E-04,1.575177E-02,1.1815521E-01
5.582336E-04,1.872723E-02,1.0190460E-01
5.615104E-04,1.935284E-02,8.2449646E-02
5.647872E-04,2.367108E-02,6.5741272E-02
5.680640E-04,2.371686E-02,4.8498840E-02
5.713408E-04,2.705853E-02,3.1485291E-02
5.746176E-04,2.852338E-02,1.3556213E-02
5.778944E-04,3.110211E-02,-2.9232788E-03
5.811712E-04,3.146832E-02,-2.1004944E-02
5.844480E-04,3.413861E-02,-3.7713318E-02
5.877248E-04,3.407758E-02,-5.6100159E-02
5.910016E-04,3.699200E-02,-7.3342590E-02
5.942784E-04,3.712933E-02,-9.0508728E-02
5.975552E-04,3.917401E-02,-1.0714081E-01
6.008320E-04,3.950970E-02,-1.2369659E-01
6.041088E-04,4.146283E-02,-1.4025238E-01
6.073856E-04,4.126447E-02,-1.5779999E-01
6.106624E-04,4.265302E-02,-1.7458466E-01
6.139392E-04,4.311078E-02,-1.9220856E-01
6.172160E-04,4.451459E-02,-2.0777252E-01
6.204928E-04,4.427045E-02,-2.2478607E-01
6.237696E-04,4.549115E-02,-2.4080780E-01
6.270464E-04,4.501813E-02,-2.5675323E-01
6.303232E-04,4.593365E-02,-2.7231720E-01
6.336000E-04,4.643719E-02,-2.8940704E-01
6.368768E-04,4.628461E-02,-3.0596283E-01
6.401536E-04,4.610150E-02,-3.2236603E-01
6.434304E-04,4.687970E-02,-3.3762482E-01
6.467072E-04,4.597943E-02,-3.5257843E-01
6.499840E-04,4.654401E-02,-3.6783722E-01
6.532608E-04,4.614728E-02,-3.8301971E-01
6.565376E-04,4.512494E-02,-3.9820221E-01
6.598144E-04,4.448407E-02,-4.1353729E-01
6.630912E-04,4.425519E-02,-4.2864349E-01
6.663680E-04,4.329388E-02,-4.4367340E-01
6.696448E-04,4.320233E-02,-4.5702484E-01
6.729216E-04,4.228680E-02,-4.7136810E-01
6.761984E-04,4.236310E-02,-4.8571136E-01
6.794752E-04,4.103558E-02,-4.9906281E-01
6.827520E-04,4.086774E-02,-5.1317719E-01
6.860288E-04,3.912823E-02,-5.2614716E-01
6.893056E-04,3.899091E-02,-5.3835419E-01
6.925824E-04,3.751080E-02,-5.5132416E-01
6.958592E-04,3.680890E-02,-5.6345490E-01
6.991360E-04,3.635114E-02,-5.7619598E-01
7.024128E-04,3.571027E-02,-5.8764008E-01
7.056896E-04,3.369611E-02,-5.9923676E-01
7.089664E-04,3.354352E-02,-6.1090973E-01
7.122432E-04,3.212445E-02,-6.2105682E-01
7.155200E-04,3.168195E-02,-6.3181427E-01
7.187968E-04,2.995770E-02,-6.4310577E-01
7.220736E-04,2.963727E-02,-6.5256622E-01
7.253504E-04,2.771466E-02,-6.6309479E-01
7.286272E-04,2.818768E-02,-6.7209747E-01
7.319040E-04,2.704327E-02,-6.8148163E-01
7.351808E-04,2.618878E-02,-6.9063690E-01
7.384576E-04,2.425092E-02,-6.9918182E-01
7.417344E-04,2.432721E-02,-7.0787933E-01
7.450112E-04,2.240460E-02,-7.1657684E-01
7.482880E-04,2.135175E-02,-7.2412994E-01
7.515648E-04,1.990216E-02,-7.3137787E-01
7.548416E-04,1.962750E-02,-7.3824432E-01
7.581184E-04,1.773541E-02,-7.4518707E-01
7.613952E-04,1.692670E-02,-7.5167206E-01
7.646720E-04,1.546185E-02,-7.5785187E-01
7.679488E-04,1.521771E-02,-7.6380280E-01
7.712256E-04,1.402753E-02,-7.6899078E-01
7.745024E-04,1.263898E-02,-7.7486542E-01
7.777792E-04,1.225751E-02,-7.7936676E-01
7.810560E-04,1.036542E-02,-7.8447845E-01
7.843328E-04,9.251526E-03,-7.8821686E-01
7.876096E-04,8.351257E-03,-7.9218414E-01
7.908864E-04,7.069519E-03,-7.9508331E-01
7.941632E-04,6.474426E-03,-7.9874542E-01
7.974400E-04,5.558899E-03,-7.9912689E-01
8.007168E-04,4.414490E-03,-8.0263641E-01
8.039936E-04,3.712585E-03,-8.0347565E-01
8.072704E-04,3.376892E-03,-8.0576447E-01
8.105472E-04,1.744202E-03,-8.0660370E-01
8.138240E-04,9.354858E-04,-8.0767181E-01
8.171008E-04,-5.633545E-05,-8.0782440E-01
8.203776E-04,-7.124634E-04,-8.0904510E-01
8.236544E-04,-8.803101E-04,-8.0790070E-01
8.269312E-04,-2.924988E-03,-8.0782440E-01
8.302080E-04,-3.077576E-03,-8.0568817E-01
8.334848E-04,-4.160950E-03,-8.0530670E-01
8.367616E-04,-5.259583E-03,-8.0324677E-01
8.400384E-04,-5.213806E-03,-8.0126312E-01
8.433152E-04,-6.159851E-03,-7.9874542E-01
8.465920E-04,-8.326599E-03,-7.9615143E-01
8.498688E-04,-8.585999E-03,-7.9294708E-01
8.531456E-04,-1.005084E-02,-7.9004791E-01
8.564224E-04,-1.035602E-02,-7.8562286E-01
8.596992E-04,-1.208026E-02,-7.8249481E-01
8.629760E-04,-1.201923E-02,-7.7730682E-01
8.662528E-04,-1.391132E-02,-7.7303436E-01
8.695296E-04,-1.468951E-02,-7.6746490E-01
8.728064E-04,-1.537616E-02,-7.6273468E-01
8.760832E-04,-1.578815E-02,-7.5609711E-01
8.793600E-04,-1.792438E-02,-7.5006989E-01
8.826368E-04,-1.804645E-02,-7.4312714E-01
8.859136E-04,-1.969440E-02,-7.3656586E-01
8.891904E-04,-2.036578E-02,-7.2908905E-01
8.924672E-04,-2.294452E-02,-7.2222260E-01
8.957440E-04,-2.297504E-02,-7.1367767E-01
8.990208E-04,-2.575214E-02,-7.0604828E-01
9.022976E-04,-2.588947E-02,-6.9834259E-01
9.055744E-04,-2.787311E-02,-6.9002655E-01
9.088512E-04,-2.901752E-02,-6.8003204E-01
9.121280E-04,-3.110797E-02,-6.7118195E-01
9.154048E-04,-3.094012E-02,-6.6011932E-01
9.186816E-04,-3.429706E-02,-6.5180328E-01
9.219584E-04,-3.388507E-02,-6.4104584E-01
9.252352E-04,-3.689105E-02,-6.3112762E-01
9.285120E-04,-3.721149E-02,-6.1953094E-01
9.317888E-04,-4.000385E-02,-6.0923126E-01
9.350656E-04,-4.050739E-02,-5.9717682E-01
9.383424E-04,-4.426105E-02,-5.8580902E-01
9.416192E-04,-4.420001E-02,-5.7306793E-01
9.448960E-04,-4.764850E-02,-5.6147125E-01
9.481728E-04,-4.789264E-02,-5.4880646E-01
9.514496E-04,-5.138690E-02,-5.3675201E-01
9.547264E-04,-5.179889E-02,-5.2347687E-01
9.580032E-04,-5.599506E-02,-5.1104095E-01
9.612800E-04,-5.610187E-02,-4.9646881E-01
9.645568E-04,-6.011493E-02,-4.8342255E-01
9.678336E-04,-6.049640E-02,-4.6862152E-01
9.711104E-04,-6.478412E-02,-4.5534637E-01
9.743872E-04,-6.504352E-02,-4.3993500E-01
9.776640E-04,-6.986530E-02,-4.2673615E-01
9.809408E-04,-7.053668E-02,-4.1132477E-01
9.842176E-04,-7.520587E-02,-3.9713409E-01
9.874944E-04,-7.519061E-02,-3.8126495E-01
9.907712E-04,-8.062274E-02,-3.6646393E-01
9.940480E-04,-8.069904E-02,-3.5059479E-01
9.973248E-04,-8.555133E-02,-3.3670929E-01
1.000602E-03,-8.619220E-02,-3.1969574E-01
1.003878E-03,-9.208209E-02,-3.0428436E-01
1.007155E-03,-9.231097E-02,-2.8696564E-01
1.010432E-03,-9.731586E-02,-2.7094391E-01
1.013709E-03,-9.803302E-02,-2.5431183E-01
1.016986E-03,-1.034194E-01,-2.3935822E-01
1.020262E-03,-1.050673E-01,-2.2242096E-01
1.023539E-03,-1.096144E-01,-2.0685699E-01
1.026816E-03,-1.111861E-01,-1.8839386E-01
1.030093E-03,-1.162673E-01,-1.7275360E-01
1.033370E-03,-1.178542E-01,-1.5459564E-01
1.036646E-03,-1.229659E-01,-1.3865021E-01
1.039923E-03,-1.249800E-01,-1.2102631E-01
1.043200E-03,-1.292220E-01,-1.0500458E-01
1.046477E-03,-1.311904E-01,-8.7456970E-02
1.049754E-03,-1.355696E-01,-7.0519714E-02
1.053030E-03,-1.374770E-01,-5.2590637E-02
1.056307E-03,-1.420699E-01,-3.4814148E-02
1.059584E-03,-1.435652E-01,-1.7037659E-02
1.062861E-03,-1.492110E-01,-3.2928467E-04
1.066138E-03,-1.509658E-01,1.7447205E-02
1.069414E-03,-1.556197E-01,3.4842224E-02
1.072691E-03,-1.587020E-01,5.2160950E-02
1.075968E-03,-1.632338E-01,6.8640442E-02
1.079245E-03,-1.657057E-01,8.7103577E-02
1.082522E-03,-1.691848E-01,1.0365936E-01
1.085798E-03,-1.720076E-01,1.2158844E-01
1.089075E-03,-1.757613E-01,1.3837311E-01
1.092352E-03,-1.783858E-01,1.5622589E-01
1.095629E-03,-1.823226E-01,1.7224762E-01
1.098906E-03,-1.852980E-01,1.8987152E-01
1.102182E-03,-1.892653E-01,2.0657990E-01
1.105459E-03,-1.917678E-01,2.2458527E-01
1.108736E-03,-1.950331E-01,2.4152252E-01
1.112013E-03,-1.979781E-01,2.5945160E-01
1.115290E-03,-2.008925E-01,2.7562592E-01
1.118566E-03,-2.041426E-01,2.9210541E-01
1.121843E-03,-2.082015E-01,3.0835602E-01
1.125120E-03,-2.098647E-01,3.2498810E-01
1.128397E-03,-2.134505E-01,3.4078094E-01
1.131674E-03,-2.151900E-01,3.5649750E-01
1.134950E-03,-2.190657E-01,3.7328217E-01
1.138227E-03,-2.205611E-01,3.8938019E-01
1.141504E-03,-2.239791E-01,4.0601227E-01
1.144781E-03,-2.249861E-01,4.2119476E-01
1.148058E-03,-2.283583E-01,4.3660614E-01
1.151334E-03,-2.301131E-01,4.5178864E-01
1.154611E-03,-2.323256E-01,4.6697113E-01
1.157888E-03,-2.344008E-01,4.8200104E-01
1.161165E-03,-2.360640E-01,4.9695465E-01
1.164442E-03,-2.375899E-01,5.1091644E-01
1.167718E-03,-2.398177E-01,5.2564117E-01
1.170995E-03,-2.411757E-01,5.4013702E-01
1.174272E-03,-2.436782E-01,5.5287811E-01
1.177549E-03,-2.437087E-01,5.6767914E-01
1.180826E-03,-2.451583E-01,5.8057281E-01
1.184102E-03,-2.458907E-01,5.9384796E-01
1.187379E-03,-2.466841E-01,6.0643646E-01
1.190656E-03,-2.470046E-01,6.1902496E-01
1.193933E-03,-2.488814E-01,6.3100311E-01
1.197210E-03,-2.487899E-01,6.4191315E-01
1.200486E-03,-2.487288E-01,6.5503571E-01
1.203763E-03,-2.492171E-01,6.6693756E-01
1.207040E-03,-2.495375E-01,6.7899200E-01
1.210317E-03,-2.491561E-01,6.8990204E-01
1.213594E-03,-2.498732E-01,7.0081207E-01
1.216870E-03,-2.495528E-01,7.1141693E-01
1.220147E-03,-2.491866E-01,7.2179291E-01
1.223424E-03,-2.483626E-01,7.3178741E-01
1.226701E-03,-2.476302E-01,7.4178192E-01
1.229978E-03,-2.471419E-01,7.5116608E-01
1.233254E-03,-2.457839E-01,7.5948212E-01
1.236531E-03,-2.445937E-01,7.6863739E-01
1.239808E-03,-2.427932E-01,7.7771637E-01
1.243085E-03,-2.417708E-01,7.8488800E-01
1.246362E-03,-2.403212E-01,7.9343292E-01
1.249638E-03,-2.392836E-01,8.0068085E-01
1.252915E-03,-2.368727E-01,8.0762360E-01
1.256192E-03,-2.353621E-01,8.1449005E-01
1.259469E-03,-2.325240E-01,8.2143280E-01
1.262746E-03,-2.302809E-01,8.2761261E-01
1.266022E-03,-2.277632E-01,8.3463165E-01
1.269299E-03,-2.260237E-01,8.4073517E-01
1.272576E-03,-2.230330E-01,8.4599945E-01
1.275853E-03,-2.209120E-01,8.5042450E-01
1.279130E-03,-2.170516E-01,8.5591766E-01
1.282406E-03,-2.145797E-01,8.5889313E-01
1.285683E-03,-2.110701E-01,8.6308929E-01
1.288960E-03,-2.082930E-01,8.6698029E-01
1.292237E-03,-2.042800E-01,8.7003204E-01
1.295514E-03,-2.018233E-01,8.7216827E-01
1.298790E-03,-1.973372E-01,8.7537262E-01
1.302067E-03,-1.941024E-01,8.7682220E-01
1.305344E-03,-1.897689E-01,8.7949249E-01
1.308621E-03,-1.863051E-01,8.8025543E-01
1.311898E-03,-1.815444E-01,8.8193390E-01
1.315174E-03,-1.775466E-01,8.8262054E-01
1.318451E-03,-1.728926E-01,8.8269684E-01
1.321728E-03,-1.688185E-01,8.8254425E-01
1.325005E-03,-1.635390E-01,8.8208649E-01
1.328282E-03,-1.605330E-01,8.8132355E-01
1.331558E-03,-1.542769E-01,8.8086578E-01
1.334835E-03,-1.511641E-01,8.7857697E-01
1.338112E-03,-1.453353E-01,8.7727997E-01
1.341389E-03,-1.416121E-01,8.7499115E-01
1.344666E-03,-1.365157E-01,8.7384674E-01
1.347942E-03,-1.315413E-01,8.6980316E-01
1.351219E-03,-1.248427E-01,8.6698029E-01
1.354496E-03,-1.214553E-01,8.6392853E-01
1.357773E-03,-1.160536E-01,8.6064789E-01
1.361050E-03,-1.117812E-01,8.5668060E-01
1.364326E-03,-1.054793E-01,8.5195038E-01
1.367603E-03,-1.015731E-01,8.4630463E-01
1.370880E-03,-9.531696E-02,8.4149811E-01
1.374157E-03,-9.138019E-02,8.3478424E-01
1.377434E-03,-8.494098E-02,8.2929108E-01
1.380710E-03,-8.143146E-02,8.2334015E-01
1.383987E-03,-7.461078E-02,8.1708405E-01
1.387264E-03,-7.126910E-02,8.0869171E-01
1.390541E-03,-6.443317E-02,8.0144379E-01
1.393818E-03,-6.072528E-02,7.9411957E-01
1.397094E-03,-5.398090E-02,7.8656647E-01
1.400371E-03,-4.987628E-02,7.7771637E-01
1.403648E-03,-4.418475E-02,7.7016327E-01
1.406925E-03,-4.111774E-02,7.6070282E-01
1.410202E-03,-3.437335E-02,7.5231049E-01
1.413478E-03,-3.115375E-02,7.4277374E-01
1.416755E-03,-2.530963E-02,7.3354218E-01
1.420032E-03,-2.180011E-02,7.2263214E-01
1.423309E-03,-1.571185E-02,7.1263763E-01
1.426586E-03,-1.359088E-02,7.0188019E-01
1.429862E-03,-6.907532E-03,6.9119904E-01
1.433139E-03,-4.130432E-03,6.7906830E-01
1.436416E-03,2.705505E-03,6.6808197E-01
1.439693E-03,4.048279E-03,6.5633270E-01
1.442970E-03,1.065533E-02,6.4450714E-01
1.446246E-03,1.260846E-02,6.3138458E-01
1.449523E-03,1.796429E-02,6.2039825E-01
1.452800E-03,1.968854E-02,6.0704681E-01
1.456077E-03,2.586835E-02,5.9522125E-01
1.459354E-03,2.789777E-02,5.8064911E-01
1.462630E-03,3.302472E-02,5.6867096E-01
1.465907E-03,3.531354E-02,5.5486176E-01
1.469184E-03,4.040997E-02,5.4059479E-01
1.472461E-03,4.123395E-02,5.2579376E-01
1.475738E-03,4.678815E-02,5.1236603E-01
1.479014E-03,4.736798E-02,4.9642059E-01
1.482291E-03,5.325787E-02,4.8299286E-01
1.485568E-03,5.299847E-02,4.6643707E-01
1.488845E-03,5.807965E-02,4.5300934E-01
1.492122E-03,5.910199E-02,4.3729279E-01
1.495398E-03,6.325238E-02,4.2172882E-01
1.498675E-03,6.384747E-02,4.0517303E-01
1.501952E-03,6.758588E-02,3.8983795E-01
1.505229E-03,6.810468E-02,3.7351105E-01
1.508506E-03,7.143109E-02,3.5794708E-01
1.511782E-03,7.181256E-02,3.4062836E-01
1.515059E-03,7.480328E-02,3.2529327E-01
1.518336E-03,7.535260E-02,3.0782196E-01
1.521613E-03,7.832806E-02,2.9180023E-01
1.524890E-03,7.832806E-02,2.7493927E-01
1.528166E-03,8.066266E-02,2.5868866E-01
1.531443E-03,8.047955E-02,2.4060699E-01
1.534720E-03,8.285992E-02,2.2489044E-01
1.537997E-03,8.243268E-02,2.0780060E-01
1.541274E-03,8.386700E-02,1.9101593E-01
1.544550E-03,8.406537E-02,1.7323944E-01
1.547827E-03,8.592694E-02,1.5691254E-01
1.551104E-03,8.511823E-02,1.3913605E-01
1.554381E-03,8.662885E-02,1.2219879E-01
1.557658E-03,8.681195E-02,1.0358307E-01
1.560934E-03,8.652203E-02,8.6950989E-02
1.564211E-03,8.675092E-02,6.9098206E-02
1.567488E-03,8.644574E-02,5.2542419E-02
1.570765E-03,8.569806E-02,3.3926697E-02
1.574042E-03,8.665936E-02,1.6836853E-02
1.577318E-03,8.574384E-02,-9.3963623E-04
1.580595E-03,8.528607E-02,-1.7800598E-02
1.583872E-03,8.450787E-02,-3.4585266E-02
1.587149E-03,8.388226E-02,-5.2361755E-02
1.590426E-03,8.296674E-02,-7.0290833E-02
1.593702E-03,8.231061E-02,-8.7685852E-02
1.596979E-03,8.110516E-02,-1.0477570E-01
1.600256E-03,8.095258E-02,-1.2095001E-01
1.603533E-03,7.928937E-02,-1.3796356E-01
1.606810E-03,7.790082E-02,-1.5482452E-01
1.610086E-03,7.632916E-02,-1.7199066E-01
1.613363E-03,7.507794E-02,-1.8877533E-01
1.616640E-03,7.368939E-02,-2.0594147E-01
1.619917E-03,7.216351E-02,-2.2242096E-01
1.623194E-03,7.115643E-02,-2.3836639E-01
1.626470E-03,6.953900E-02,-2.5446442E-01
1.629747E-03,6.738751E-02,-2.7071503E-01
1.633024E-03,6.654828E-02,-2.8704193E-01
1.636301E-03,6.409161E-02,-3.0321625E-01
1.639578E-03,6.293195E-02,-3.1939056E-01
1.642854E-03,6.099408E-02,-3.3579376E-01
1.646131E-03,5.896466E-02,-3.5097626E-01
1.649408E-03,5.786603E-02,-3.6638763E-01
1.652685E-03,5.562299E-02,-3.8088348E-01
1.655962E-03,5.371564E-02,-3.9606598E-01
1.659238E-03,5.174725E-02,-4.1170624E-01
1.662515E-03,5.023663E-02,-4.2597321E-01
1.665792E-03,4.878705E-02,-4.4077423E-01
1.669069E-03,4.559796E-02,-4.5488861E-01
1.672346E-03,4.436200E-02,-4.6923187E-01
1.675622E-03,4.234784E-02,-4.8288849E-01
1.678899E-03,4.033368E-02,-4.9692657E-01
1.682176E-03,3.815167E-02,-5.1004913E-01
1.685453E-03,3.651898E-02,-5.2340057E-01
1.688730E-03,3.371136E-02,-5.3652313E-01
1.692006E-03,3.262799E-02,-5.4911163E-01
1.695283E-03,3.030865E-02,-5.6139496E-01
1.698560E-03,2.864545E-02,-5.7375458E-01
1.701837E-03,2.628033E-02,-5.8611420E-01
1.705114E-03,2.458661E-02,-5.9778717E-01
1.708390E-03,2.278607E-02,-6.0770538E-01
1.711667E-03,2.083295E-02,-6.1975983E-01
1.714944E-03,1.808636E-02,-6.3066986E-01
1.718221E-03,1.709454E-02,-6.4150360E-01
1.721498E-03,1.414960E-02,-6.5180328E-01
1.724774E-03,1.303571E-02,-6.6141632E-01
1.728051E-03,1.056378E-02,-6.7110565E-01
1.731328E-03,8.763245E-03,-6.8071869E-01
1.734605E-03,7.618835E-03,-6.8926361E-01
1.737882E-03,5.482605E-03,-6.9834259E-01
1.741158E-03,4.155090E-03,-7.0658234E-01
1.744435E-03,2.766541E-03,-7.1474579E-01
1.747712E-03,3.861694E-04,-7.2313812E-01
1.750989E-03,-1.017639E-03,-7.3076752E-01
1.754266E-03,-3.169128E-03,-7.3687103E-01
1.757542E-03,-5.045959E-03,-7.4457672E-01
1.760819E-03,-6.388733E-03,-7.5022247E-01
1.764096E-03,-8.280823E-03,-7.5754669E-01
1.767373E-03,-9.471008E-03,-7.6250580E-01
1.770650E-03,-1.127155E-02,-7.6899078E-01
1.773926E-03,-1.250751E-02,-7.7349213E-01
1.777203E-03,-1.517780E-02,-7.7875641E-01
1.780480E-03,-1.563556E-02,-7.8325775E-01
1.783757E-03,-1.803119E-02,-7.8791168E-01
1.787034E-03,-1.905353E-02,-7.9187897E-01
1.790310E-03,-2.057941E-02,-7.9523590E-01
1.793587E-03,-2.198322E-02,-7.9821136E-01
1.796864E-03,-2.373798E-02,-8.0133942E-01
1.800141E-03,-2.511127E-02,-8.0217865E-01
1.803418E-03,-2.645404E-02,-8.0446747E-01
1.806694E-03,-2.801044E-02,-8.0690887E-01
1.809971E-03,-2.930743E-02,-8.0912140E-01
1.813248E-03,-2.997882E-02,-8.0919769E-01
1.816525E-03,-3.213031E-02,-8.1041840E-01
1.819802E-03,-3.272540E-02,-8.0973175E-01
1.823078E-03,-3.495319E-02,-8.0957916E-01
1.826355E-03,-3.562457E-02,-8.0896881E-01
1.829632E-03,-3.730304E-02,-8.0782440E-01
1.832909E-03,-3.750140E-02,-8.0637482E-01
1.836186E-03,-4.004962E-02,-8.0561188E-01
1.839462E-03,-4.081256E-02,-8.0240753E-01
1.842739E-03,-4.241473E-02,-8.0011871E-01
1.846016E-03,-4.311664E-02,-7.9721954E-01
1.849293E-03,-4.497821E-02,-7.9470184E-01
1.852570E-03,-4.568011E-02,-7.9065826E-01
1.855846E-03,-4.853351E-02,-7.8775909E-01
1.859123E-03,-4.894550E-02,-7.8318146E-01
1.862400E-03,-5.114276E-02,-7.7951935E-01
1.865677E-03,-5.129535E-02,-7.7387360E-01
1.868954E-03,-5.419452E-02,-7.6944855E-01
1.872230E-03,-5.482013E-02,-7.6380280E-01
1.875507E-03,-5.755145E-02,-7.5830963E-01
1.878784E-03,-5.768878E-02,-7.5167206E-01
1.882061E-03,-6.032855E-02,-7.4587372E-01
1.885338E-03,-6.104572E-02,-7.3816803E-01
1.888614E-03,-6.402118E-02,-7.3168304E-01
1.891891E-03,-6.409747E-02,-7.2336700E-01
1.895168E-03,-6.719501E-02,-7.1672943E-01
1.898445E-03,-6.811053E-02,-7.0826080E-01
1.901722E-03,-7.119281E-02,-7.0009735E-01
1.904998E-03,-7.157428E-02,-6.8987396E-01
1.908275E-03,-7.445819E-02,-6.8209198E-01
1.911552E-03,-7.482440E-02,-6.7194489E-01
1.914829E-03,-7.815082E-02,-6.6378143E-01
1.918106E-03,-7.874591E-02,-6.5271881E-01
1.921382E-03,-8.230121E-02,-6.4348724E-01
1.924659E-03,-8.243854E-02,-6.3120392E-01
1.927936E-03,-8.693988E-02,-6.2159088E-01
1.931213E-03,-8.680255E-02,-6.0976532E-01
1.934490E-03,-9.063251E-02,-5.9885529E-01
1.937766E-03,-9.096820E-02,-5.8680084E-01
1.941043E-03,-9.553058E-02,-5.7566193E-01
1.944320E-03,-9.507281E-02,-5.6223419E-01
1.947597E-03,-1.001082E-01,-5.5109528E-01
1.950874E-03,-9.997089E-02,-5.3728607E-01
1.954150E-03,-1.053572E-01,-5.2584198E-01
1.957427E-03,-1.051131E-01,-5.1119354E-01
1.960704E-03,-1.097823E-01,-4.9936798E-01
1.963981E-03,-1.095992E-01,-4.8471954E-01
1.967258E-03,-1.153365E-01,-4.7197845E-01
1.970534E-03,-1.145125E-01,-4.5725372E-01
1.973811E-03,-1.193801E-01,-4.4382599E-01
1.977088E-03,-1.188765E-01,-4.2795685E-01
1.980365E-03,-1.239424E-01,-4.1491058E-01
1.983642E-03,-1.246596E-01,-3.9850739E-01
1.986918E-03,-1.294661E-01,-3.8454559E-01
1.990195E-03,-1.297255E-01,-3.6814240E-01
1.993472E-03,-1.338607E-01,-3.5379913E-01
1.996749E-03,-1.349440E-01,-3.3792999E-01
2.000026E-03,-1.394606E-01,-3.2267120E-01
2.003302E-03,-1.399031E-01,-3.0603912E-01
2.006579E-03,-1.446944E-01,-2.9001740E-01
2.009856E-03,-1.448928E-01,-2.7308014E-01
2.013133E-03,-1.500197E-01,-2.5789764E-01
2.016410E-03,-1.513015E-01,-2.4118927E-01
2.019686E-03,-1.558181E-01,-2.2577789E-01
2.022963E-03,-1.565657E-01,-2.0845917E-01
2.026240E-03,-1.609908E-01,-1.9312408E-01
2.029517E-03,-1.620436E-01,-1.7542389E-01
2.032794E-03,-1.657057E-01,-1.5894440E-01
2.036070E-03,-1.670027E-01,-1.4200714E-01
2.039347E-03,-1.704512E-01,-1.2491730E-01
2.042624E-03,-1.726180E-01,-1.0813263E-01
2.045901E-03,-1.757308E-01,-9.1271667E-02
2.049178E-03,-1.776381E-01,-7.3876648E-02
2.052454E-03,-1.807051E-01,-5.6481628E-02
2.055731E-03,-1.820174E-01,-3.8171082E-02
2.059008E-03,-1.846266E-01,-2.1386414E-02
2.062285E-03,-1.865950E-01,-3.8388062E-03
2.065562E-03,-1.896468E-01,1.3479919E-02
2.068838E-03,-1.907454E-01,3.2019348E-02
2.072115E-03,-1.928511E-01,4.9490662E-02
2.075392E-03,-1.935073E-01,6.5588684E-02
2.078669E-03,-1.959487E-01,8.3517761E-02
2.081946E-03,-1.978865E-01,1.0114166E-01
2.085222E-03,-1.997786E-01,1.1876556E-01
2.088499E-03,-2.009230E-01,1.3631317E-01
2.091776E-03,-2.027541E-01,1.5386078E-01
2.095053E-03,-2.029372E-01,1.7026398E-01
2.098330E-03,-2.054091E-01,1.8750641E-01
2.101606E-03,-2.058974E-01,2.0467255E-01
2.104883E-03,-2.088576E-01,2.2107574E-01
2.108160E-03,-2.094527E-01,2.3854706E-01
2.111437E-03,-2.103224E-01,2.5517914E-01
2.114714E-03,-2.107192E-01,2.7272675E-01
2.117990E-03,-2.121688E-01,2.8844330E-01
2.121267E-03,-2.127333E-01,3.0484650E-01
2.124544E-03,-2.143203E-01,3.2094452E-01
2.127821E-03,-2.131758E-01,3.3765289E-01
2.131098E-03,-2.138320E-01,3.5474274E-01
2.134374E-03,-2.136183E-01,3.7175629E-01
2.137651E-03,-2.143660E-01,3.8648102E-01
2.140928E-03,-2.141371E-01,4.0265533E-01
2.144205E-03,-2.143965E-01,4.1799042E-01
2.147482E-03,-2.132216E-01,4.3446991E-01
2.150758E-03,-2.131301E-01,4.4927094E-01
2.154035E-03,-2.121688E-01,4.6445343E-01
2.157312E-03,-2.122145E-01,4.7933075E-01
2.160589E-03,-2.104293E-01,4.9420807E-01
2.163866E-03,-2.099105E-01,5.0862762E-01
2.167142E-03,-2.085982E-01,5.2381012E-01
2.170419E-03,-2.082625E-01,5.3830597E-01
2.173696E-03,-2.064925E-01,5.5196259E-01
2.176973E-03,-2.046767E-01,5.6539032E-01
2.180250E-03,-2.023574E-01,5.7851288E-01
2.183526E-03,-2.013961E-01,5.9133026E-01
2.186803E-03,-1.991835E-01,6.0346100E-01
2.190080E-03,-1.975814E-01,6.1643097E-01
2.193357E-03,-1.955214E-01,6.2879059E-01
2.196634E-03,-1.931868E-01,6.4160797E-01
2.199910E-03,-1.904402E-01,6.5366241E-01
2.203187E-03,-1.884108E-01,6.6548798E-01
2.206464E-03,-1.860915E-01,6.7655060E-01
2.209741E-03,-1.832839E-01,6.8822357E-01
2.213018E-03,-1.796370E-01,6.9936249E-01
2.216294E-03,-1.763106E-01,7.1088287E-01
2.219571E-03,-1.737624E-01,7.2049591E-01
2.222848E-03,-1.695052E-01,7.3049042E-01
2.226125E-03,-1.667586E-01,7.4025604E-01
2.229402E-03,-1.627913E-01,7.5009796E-01
2.232678E-03,-1.595259E-01,7.5849030E-01
2.235955E-03,-1.556807E-01,7.6810333E-01
2.239232E-03,-1.511946E-01,7.7695343E-01
2.242509E-03,-1.473494E-01,7.8450653E-01
2.245786E-03,-1.434127E-01,7.9160187E-01
2.249062E-03,-1.394149E-01,7.9907867E-01
2.252339E-03,-1.358443E-01,8.0640289E-01
2.255616E-03,-1.302291E-01,8.1372711E-01
2.258893E-03,-1.261397E-01,8.2051727E-01
2.262170E-03,-1.222640E-01,8.2700226E-01
2.265446E-03,-1.178542E-01,8.3249542E-01
2.268723E-03,-1.129561E-01,8.3791229E-01
2.272000E-03,-1.083632E-01,8.4355804E-01
2.275277E-03,-1.028090E-01,8.4866974E-01
2.278554E-03,-9.894855E-02,8.5301849E-01
2.281830E-03,-9.356219E-02,8.5782501E-01
2.285107E-03,-8.925922E-02,8.6125824E-01
2.288384E-03,-8.376605E-02,8.6514923E-01
2.291661E-03,-7.882220E-02,8.6812469E-01
2.294938E-03,-7.302386E-02,8.7140533E-01
2.298214E-03,-6.916339E-02,8.7354156E-01
2.301491E-03,-6.295306E-02,8.7605927E-01
2.304768E-03,-5.811603E-02,8.7758514E-01
2.308045E-03,-5.210406E-02,8.8063690E-01
2.311322E-03,-4.824359E-02,8.8101837E-01
2.314598E-03,-4.159076E-02,8.8147614E-01
2.317875E-03,-3.768451E-02,8.8178131E-01
2.321152E-03,-3.165729E-02,8.8239166E-01
2.324429E-03,-2.785785E-02,8.8063690E-01
2.327706E-03,-2.114398E-02,8.8117096E-01
2.330982E-03,-1.722247E-02,8.8010284E-01
2.334259E-03,-1.099689E-02,8.7918732E-01
2.337536E-03,-6.999084E-03,8.7651703E-01
2.340813E-03,-8.803101E-04,8.7544891E-01
2.344090E-03,3.285339E-03,8.7171051E-01
2.347366E-03,9.312561E-03,8.7041351E-01
2.350643E-03,1.300519E-02,8.6759064E-01
2.353920E-03,1.938336E-02,8.6453888E-01
2.357197E-03,2.217572E-02,8.5950348E-01
2.360474E-03,2.902692E-02,8.5607025E-01
2.363750E-03,3.232281E-02,8.5103485E-01
2.367027E-03,3.795331E-02,8.4653351E-01
2.370304E-03,4.091351E-02,8.4134552E-01
2.373581E-03,4.648297E-02,8.3600494E-01
2.376858E-03,4.947369E-02,8.2898590E-01
2.380134E-03,5.534833E-02,8.2280609E-01
2.383411E-03,5.768292E-02,8.1532928E-01
2.386688E-03,6.369489E-02,8.0945465E-01
2.389965E-03,6.644147E-02,8.0190155E-01
2.393242E-03,7.178204E-02,7.9465363E-01
2.396518E-03,7.324689E-02,7.8687164E-01
2.399795E-03,7.890790E-02,7.7931854E-01
2.403072E-03,8.064740E-02,7.6985809E-01
2.406349E-03,8.553021E-02,7.6154205E-01
2.409626E-03,8.693402E-02,7.5231049E-01
2.412902E-03,9.270184E-02,7.4368927E-01
2.416179E-03,9.357159E-02,7.3285553E-01
2.419456E-03,9.840863E-02,7.2316620E-01
2.422733E-03,9.938519E-02,7.1248505E-01
2.426010E-03,1.034898E-01,7.0317719E-01
2.429286E-03,1.044053E-01,6.9005463E-01
2.432563E-03,1.087236E-01,6.7998383E-01
2.435840E-03,1.094102E-01,6.6869232E-01
2.439117E-03,1.129350E-01,6.5656158E-01
2.442394E-03,1.133470E-01,6.4374420E-01
2.445670E-03,1.172227E-01,6.3359711E-01
2.448947E-03,1.173906E-01,6.2009308E-01
2.452224E-03,1.211442E-01,6.0796234E-01
2.455501E-03,1.202745E-01,5.9445831E-01
2.458778E-03,1.239976E-01,5.8324310E-01
2.462054E-03,1.232805E-01,5.6874725E-01
2.465331E-03,1.257829E-01,5.5692169E-01
2.468608E-03,1.247758E-01,5.4151031E-01
2.471885E-03,1.277818E-01,5.2792999E-01
2.475162E-03,1.265916E-01,5.1290009E-01
2.478438E-03,1.289109E-01,4.9893829E-01
2.481715E-03,1.275224E-01,4.8299286E-01
2.484992E-03,1.295671E-01,4.6933624E-01
2.488269E-03,1.281022E-01,4.5346710E-01
2.491546E-03,1.293992E-01,4.4003937E-01
2.494822E-03,1.280107E-01,4.2355988E-01
2.498099E-03,1.298265E-01,4.0883514E-01
2.501376E-03,1.276902E-01,3.9189789E-01
2.504653E-03,1.279344E-01,3.7770721E-01
2.507930E-03,1.263322E-01,3.6046478E-01
2.511206E-03,1.275377E-01,3.4474823E-01
2.514483E-03,1.251725E-01,3.2712433E-01
2.517760E-03,1.249894E-01,3.1095001E-01
2.521037E-03,1.225175E-01,2.9416534E-01
2.524314E-03,1.228837E-01,2.7852509E-01
2.527590E-03,1.203355E-01,2.6113007E-01
2.530867E-03,1.198930E-01,2.4411652E-01
2.534144E-03,1.173143E-01,2.2695038E-01
2.537421E-03,1.169633E-01,2.1054718E-01
2.540698E-03,1.144609E-01,1.9322845E-01
2.543974E-03,1.125535E-01,1.7583344E-01
2.547251E-03,1.101274E-01,1.5889618E-01
2.550528E-03,1.086473E-01,1.4180634E-01
2.553805E-03,1.060838E-01,1.2418243E-01
2.557082E-03,1.039628E-01,1.0602448E-01
2.560358E-03,1.016282E-01,8.9010925E-02
2.563635E-03,1.005601E-01,7.1997375E-02
2.566912E-03,9.779828E-02,5.4373474E-02
2.570189E-03,9.528058E-02,3.7436218E-02
2.573466E-03,9.297650E-02,2.0117493E-02
2.576742E-03,9.012311E-02,1.6543579E-03
2.580019E-03,8.757489E-02,-1.5740662E-02
2.583296E-03,8.548444E-02,-3.2601624E-02
2.586573E-03,8.318036E-02,-4.9996643E-02
2.589850E-03,8.052533E-02,-6.8383484E-02
2.593126E-03,7.812970E-02,-8.5168152E-02
2.596403E-03,7.579510E-02,-1.0202911E-01
2.599680E-03,7.257550E-02,-1.1919525E-01
2.602957E-03,6.941693E-02,-1.3582733E-01
2.606234E-03,6.654828E-02,-1.5284088E-01
2.609510E-03,6.410687E-02,-1.7000702E-01
2.612787E-03,6.110089E-02,-1.8641022E-01
2.616064E-03,5.835431E-02,-2.0273712E-01
2.619341E-03,5.496686E-02,-2.1929291E-01
2.622618E-03,5.234235E-02,-2.3554352E-01
2.625894E-03,4.913800E-02,-2.5209930E-01
2.629171E-03,4.692548E-02,-2.6705292E-01
2.632448E-03,4.341595E-02,-2.8383759E-01
2.635725E-03,4.094403E-02,-2.9993561E-01
2.639002E-03,3.763287E-02,-3.1641510E-01
2.642278E-03,3.552716E-02,-3.3205536E-01
2.645555E-03,3.146832E-02,-3.4822968E-01
2.648832E-03,2.951520E-02,-3.6333588E-01
2.652109E-03,2.657025E-02,-3.7867096E-01
2.655386E-03,2.464764E-02,-3.9362457E-01
2.658662E-03,2.110760E-02,-4.0873077E-01
2.661939E-03,1.915448E-02,-4.2398956E-01
2.665216E-03,1.544659E-02,-4.3795135E-01
2.668493E-03,1.360028E-02,-4.5191315E-01
2.671770E-03,1.030438E-02,-4.6640900E-01
2.675046E-03,8.244446E-03,-4.8090485E-01
2.678323E-03,4.795959E-03,-4.9433258E-01
2.681600E-03,3.483704E-03,-5.0776031E-01
2.684877E-03,1.725464E-04,-5.2225616E-01
2.688154E-03,-1.292297E-03,-5.3400543E-01
2.691430E-03,-4.527161E-03,-5.4728058E-01
2.694707E-03,-6.175110E-03,-5.5971649E-01
2.697984E-03,-8.433411E-03,-5.7199982E-01
2.701261E-03,-1.041705E-02,-5.8405426E-01
2.704538E-03,-1.307208E-02,-5.9542206E-01
2.707814E-03,-1.578815E-02,-6.0640839E-01
2.711091E-03,-1.754291E-02,-6.1739471E-01
2.714368E-03,-1.952655E-02,-6.2868622E-01
2.717645E-03,-2.213580E-02,-6.3982513E-01
2.720922E-03,-2.419574E-02,-6.5058258E-01
2.724198E-03,-2.596576E-02,-6.6011932E-01
2.727475E-03,-2.807147E-02,-6.7003754E-01
2.730752E-03,-3.026874E-02,-6.7926910E-01
2.734029E-03,-3.109271E-02,-6.8842438E-01
2.737306E-03,-3.336627E-02,-6.9696930E-01
2.740582E-03,-3.594501E-02,-7.0642975E-01
2.743859E-03,-3.715045E-02,-7.1398285E-01
2.747136E-03,-3.911884E-02,-7.2229889E-01
2.750413E-03,-3.988177E-02,-7.2886017E-01
2.753690E-03,-4.177386E-02,-7.3702362E-01
2.756966E-03,-4.384906E-02,-7.4335602E-01
2.760243E-03,-4.508502E-02,-7.5068024E-01
2.763520E-03,-4.613788E-02,-7.5640228E-01
2.766797E-03,-4.815204E-02,-7.6220062E-01
2.770074E-03,-5.027301E-02,-7.6723602E-01
2.773350E-03,-5.141742E-02,-7.7288177E-01
2.776627E-03,-5.269916E-02,-7.7738312E-01
2.779904E-03,-5.480487E-02,-7.8188446E-01
2.783181E-03,-5.526263E-02,-7.8592804E-01
2.786458E-03,-5.710895E-02,-7.9073456E-01
2.789734E-03,-5.869586E-02,-7.9386261E-01
2.793011E-03,-6.052692E-02,-7.9775360E-01
2.796288E-03,-6.135089E-02,-7.9935577E-01
2.799565E-03,-6.302936E-02,-8.0278900E-01
2.802842E-03,-6.371600E-02,-8.0400970E-01
2.806118E-03,-6.588275E-02,-8.0645111E-01
2.809395E-03,-6.707294E-02,-8.0660370E-01
2.812672E-03,-6.855304E-02,-8.0820587E-01
2.815949E-03,-6.850726E-02,-8.0942657E-01
2.819226E-03,-7.071979E-02,-8.1041840E-01
2.822502E-03,-7.137592E-02,-8.0988434E-01
2.825779E-03,-7.425983E-02,-8.0965546E-01
2.829056E-03,-7.471759E-02,-8.0812958E-01
2.832333E-03,-7.741840E-02,-8.0835846E-01
2.835610E-03,-7.705219E-02,-8.0492523E-01
2.838886E-03,-7.886798E-02,-8.0362823E-01
2.842163E-03,-7.956989E-02,-8.0118683E-01
2.845440E-03,-8.167560E-02,-7.9905060E-01
2.848717E-03,-8.222491E-02,-7.9584625E-01
2.851994E-03,-8.442218E-02,-7.9287079E-01
2.855270E-03,-8.506305E-02,-7.8867462E-01
2.858547E-03,-8.758075E-02,-7.8478363E-01
2.861824E-03,-8.761127E-02,-7.8043488E-01
2.865101E-03,-9.070880E-02,-7.7654388E-01
2.868378E-03,-9.022052E-02,-7.7036407E-01
2.871654E-03,-9.310443E-02,-7.6571014E-01
2.874931E-03,-9.319598E-02,-7.5876740E-01
2.878208E-03,-9.609515E-02,-7.5365570E-01
2.881485E-03,-9.565265E-02,-7.4686554E-01
2.884762E-03,-9.902484E-02,-7.4022797E-01
2.888038E-03,-9.920795E-02,-7.3214081E-01
2.891315E-03,-1.028548E-01,-7.2649506E-01
2.894592E-03,-1.025801E-01,-7.1741608E-01
2.897869E-03,-1.063643E-01,-7.0993927E-01
2.901146E-03,-1.054946E-01,-7.0093658E-01
2.904422E-03,-1.078139E-01,-6.9269684E-01
2.907699E-03,-1.088820E-01,-6.8338898E-01
2.910976E-03,-1.115676E-01,-6.7484406E-01
2.914253E-03,-1.113082E-01,-6.6362885E-01
2.917530E-03,-1.146346E-01,-6.5485504E-01
2.920806E-03,-1.142531E-01,-6.4379242E-01
2.924083E-03,-1.187850E-01,-6.3456085E-01
2.927360E-03,-1.180526E-01,-6.2250641E-01
2.930637E-03,-1.220046E-01,-6.1281708E-01
2.933914E-03,-1.211653E-01,-6.0007599E-01
2.937190E-03,-1.249648E-01,-5.9023407E-01
2.940467E-03,-1.255294E-01,-5.7711151E-01
2.943744E-03,-1.292983E-01,-5.6635406E-01
2.947021E-03,-1.288558E-01,-5.5277374E-01
2.950298E-03,-1.328841E-01,-5.4125336E-01
2.953574E-03,-1.321212E-01,-5.2767303E-01
2.956851E-03,-1.359969E-01,-5.1561859E-01
2.960128E-03,-1.357070E-01,-5.0013092E-01
2.963405E-03,-1.393843E-01,-4.8792389E-01
2.966682E-03,-1.386367E-01,-4.7304657E-01
2.969958E-03,-1.431685E-01,-4.5923737E-01
2.973235E-03,-1.421309E-01,-4.4519928E-01
2.976512E-03,-1.463423E-01,-4.3123749E-01
2.979789E-03,-1.458846E-01,-4.1636017E-01
2.983066E-03,-1.492110E-01,-4.0178802E-01
2.986342E-03,-1.491347E-01,-3.8584259E-01
2.989619E-03,-1.527968E-01,-3.7165192E-01
2.992896E-03,-1.526137E-01,-3.5501984E-01
2.996173E-03,-1.557570E-01,-3.4090546E-01
2.999450E-03,-1.553145E-01,-3.2412079E-01
3.002726E-03,-1.587172E-01,-3.0893829E-01
3.006003E-03,-1.578932E-01,-2.9184845E-01
3.009280E-03,-1.613265E-01,-2.7689484E-01
3.012557E-03,-1.616469E-01,-2.5972870E-01
3.015834E-03,-1.635543E-01,-2.4408844E-01
3.019110E-03,-1.634322E-01,-2.2722748E-01
3.022387E-03,-1.658583E-01,-2.1204498E-01
3.025664E-03,-1.655074E-01,-1.9526031E-01
3.028941E-03,-1.675978E-01,-1.7832306E-01
3.032218E-03,-1.681929E-01,-1.6108063E-01
3.035494E-03,-1.696730E-01,-1.4475372E-01
3.038771E-03,-1.691085E-01,-1.2804535E-01
3.042048E-03,-1.707717E-01,-1.1095551E-01
3.045325E-03,-1.701918E-01,-9.4247131E-02
3.048602E-03,-1.716567E-01,-7.7309875E-02
3.051878E-03,-1.715956E-01,-5.8923035E-02
3.055155E-03,-1.720839E-01,-4.0688782E-02
3.058432E-03,-1.720381E-01,-2.3827820E-02
3.061709E-03,-1.723281E-01,-6.4328003E-03
3.064986E-03,-1.719466E-01,1.0962219E-02
3.068262E-03,-1.726943E-01,2.8357239E-02
3.071539E-03,-1.721297E-01,4.7125549E-02
3.074816E-03,-1.719924E-01,6.2994690E-02
3.078093E-03,-1.709548E-01,8.0466003E-02
3.081370E-03,-1.711531E-01,9.8395081E-02
3.084646E-03,-1.700850E-01,1.1579010E-01
3.087923E-03,-1.694442E-01,1.3356659E-01
3.091200E-03,-1.681472E-01,1.5027496E-01
3.094477E-03,-1.687880E-01,1.6728851E-01
3.097754E-03,-1.657515E-01,1.8483612E-01
3.101030E-03,-1.659957E-01,2.0207855E-01
3.104307E-03,-1.647292E-01,2.1901581E-01
3.107584E-03,-1.633559E-01,2.3541901E-01
3.110861E-03,-1.619826E-01,2.5258514E-01
3.114138E-03,-1.602584E-01,2.6898834E-01
3.117414E-03,-1.577559E-01,2.8584930E-01
3.120691E-03,-1.561080E-01,3.0255768E-01
3.123968E-03,-1.536666E-01,3.1972382E-01
3.127245E-03,-1.522017E-01,3.3589813E-01
3.130522E-03,-1.495772E-01,3.5214874E-01
3.133798E-03,-1.476393E-01,3.6862823E-01
3.137075E-03,-1.446181E-01,3.8449738E-01
3.140352E-03,-1.426345E-01,4.0067169E-01
3.143629E-03,-1.387892E-01,4.1623566E-01
3.146906E-03,-1.367751E-01,4.3195221E-01
3.150182E-03,-1.334487E-01,4.4682953E-01
3.153459E-03,-1.307326E-01,4.6239349E-01
3.156736E-03,-1.270400E-01,4.7757599E-01
3.160013E-03,-1.243544E-01,4.9275848E-01
3.163290E-03,-1.206771E-01,5.0687286E-01
3.166566E-03,-1.175185E-01,5.2159760E-01
3.169843E-03,-1.139327E-01,5.3494904E-01
3.173120E-03,-1.103163E-01,5.4906342E-01
3.176397E-03,-1.060439E-01,5.6294891E-01
3.179674E-03,-1.028548E-01,5.7576630E-01
3.182950E-03,-9.864337E-02,5.8881256E-01
3.186227E-03,-9.493549E-02,6.0170624E-01
3.189504E-03,-9.075458E-02,6.1490509E-01
3.192781E-03,-8.636005E-02,6.2673065E-01
3.196058E-03,-8.156879E-02,6.3893768E-01
3.199334E-03,-7.744891E-02,6.5160248E-01
3.202611E-03,-7.343585E-02,6.6327545E-01
3.205888E-03,-6.818683E-02,6.7494843E-01
3.209165E-03,-6.466205E-02,6.8555328E-01
3.212442E-03,-5.907733E-02,6.9745514E-01
3.215718E-03,-5.506427E-02,7.0867035E-01
3.218995E-03,-4.915912E-02,7.1858856E-01
3.222272E-03,-4.453571E-02,7.2957489E-01
3.225549E-03,-3.940875E-02,7.3949310E-01
3.228826E-03,-3.554828E-02,7.4880096E-01
3.232102E-03,-2.952106E-02,7.5757477E-01
3.235379E-03,-2.480609E-02,7.6604340E-01
3.238656E-03,-1.946552E-02,7.7535126E-01
3.241933E-03,-1.554401E-02,7.8259918E-01
3.245210E-03,-9.608337E-03,7.9144928E-01
3.248486E-03,-5.488464E-03,7.9854462E-01
3.251763E-03,4.777222E-04,8.0655548E-01
3.255040E-03,5.162170E-03,8.1288788E-01
3.258317E-03,9.785583E-03,8.1998322E-01
3.261594E-03,1.520245E-02,8.2601044E-01
3.264870E-03,2.039044E-02,8.3264801E-01
3.268147E-03,2.463239E-02,8.3730194E-01
3.271424E-03,3.064435E-02,8.4378693E-01
3.274701E-03,3.400128E-02,8.4790680E-01
3.277978E-03,4.034894E-02,8.5256073E-01
3.281254E-03,4.420941E-02,8.5645172E-01
3.284531E-03,4.993146E-02,8.6049530E-01
3.287808E-03,5.386823E-02,8.6476776E-01
3.291085E-03,5.977338E-02,8.6797211E-01
3.294362E-03,6.299298E-02,8.7087128E-01
3.297638E-03,6.869977E-02,8.7369415E-01
3.300915E-03,7.245343E-02,8.7544891E-01
3.304192E-03,7.819073E-02,8.7735626E-01
3.307469E-03,8.095258E-02,8.7903473E-01
3.310746E-03,8.629315E-02,8.8002655E-01
3.314022E-03,8.960431E-02,8.8033173E-01
3.317299E-03,9.462445E-02,8.8231537E-01
3.320576E-03,9.831708E-02,8.8117096E-01
3.323853E-03,1.036729E-01,8.8201019E-01
3.327130E-03,1.059770E-01,8.8117096E-01
3.330406E-03,1.111802E-01,8.8071320E-01
3.333683E-03,1.127977E-01,8.7941620E-01
3.336960E-03,1.180314E-01,8.7743256E-01
3.340237E-03,1.195421E-01,8.7544891E-01
3.343514E-03,1.244859E-01,8.7308380E-01
3.346790E-03,1.265001E-01,8.7041351E-01
3.350067E-03,1.304063E-01,8.6751434E-01
3.353344E-03,1.318406E-01,8.6308929E-01
3.356621E-03,1.364488E-01,8.6011383E-01
3.359898E-03,1.378373E-01,8.5576508E-01
3.363174E-03,1.415452E-01,8.5187408E-01
3.366451E-03,1.426896E-01,8.4645721E-01
3.369728E-03,1.466417E-01,8.4172699E-01
3.373005E-03,1.461839E-01,8.3547089E-01
3.376282E-03,1.508683E-01,8.3074066E-01
3.379558E-03,1.512193E-01,8.2257721E-01
3.382835E-03,1.542711E-01,8.1670258E-01
3.386112E-03,1.539659E-01,8.0937836E-01
3.389389E-03,1.582841E-01,8.0380890E-01
3.392666E-03,1.570024E-01,7.9495880E-01
3.395942E-03,1.601762E-01,7.8885529E-01
3.399219E-03,1.594896E-01,7.7970001E-01
3.402496E-03,1.624040E-01,7.7245209E-01
3.405773E-03,1.614122E-01,7.6360199E-01
3.409050E-03,1.638383E-01,7.5475189E-01
3.412326E-03,1.619005E-01,7.4475739E-01
3.415603E-03,1.640214E-01,7.3651764E-01
3.418880E-03,1.615037E-01,7.2568390E-01
3.422157E-03,1.643113E-01,7.1668121E-01
3.425434E-03,1.617326E-01,7.0493195E-01
3.428710E-03,1.637620E-01,6.9539520E-01
3.431987E-03,1.608934E-01,6.8227264E-01
3.435264E-03,1.626634E-01,6.7212555E-01
3.438541E-03,1.593828E-01,6.5968964E-01
3.441818E-03,1.610154E-01,6.4839813E-01
3.445094E-03,1.573076E-01,6.3527557E-01
3.448371E-03,1.586046E-01,6.2406036E-01
3.451648E-03,1.550340E-01,6.1032745E-01
3.454925E-03,1.557512E-01,5.9918854E-01
3.458202E-03,1.521196E-01,5.8515045E-01
3.461478E-03,1.520891E-01,5.7263824E-01
3.464755E-03,1.486711E-01,5.5852386E-01
3.468032E-03,1.484117E-01,5.4532501E-01
3.471309E-03,1.439561E-01,5.3067657E-01
3.474586E-03,1.436357E-01,5.1724884E-01
3.477862E-03,1.399125E-01,5.0206635E-01
3.481139E-03,1.395463E-01,4.8764679E-01
3.484416E-03,1.355180E-01,4.7276947E-01
3.487693E-03,1.343431E-01,4.5812103E-01
3.490970E-03,1.308183E-01,4.4240448E-01
3.494246E-03,1.288957E-01,4.2760345E-01
3.497523E-03,1.248674E-01,4.1173431E-01
3.500800E-03,1.232347E-01,3.9647552E-01
3.504077E-03,1.198167E-01,3.8075897E-01
3.507354E-03,1.173600E-01,3.6443207E-01
3.510630E-03,1.131181E-01,3.4741852E-01
3.513907E-03,1.114091E-01,3.3162567E-01
3.517184E-03,1.072130E-01,3.1476471E-01
3.520461E-03,1.046190E-01,2.9820892E-01
3.523738E-03,9.964459E-02,2.8165314E-01
3.527014E-03,9.792035E-02,2.6509735E-01
3.530291E-03,9.351056E-02,2.4770233E-01
3.533568E-03,9.035199E-02,2.3084137E-01
3.536845E-03,8.717816E-02,2.1382782E-01
3.540122E-03,8.340924E-02,1.9658539E-01
3.543398E-03,8.005231E-02,1.7987701E-01
3.546675E-03,7.698529E-02,1.6316864E-01
3.549952E-03,7.242291E-02,1.4569733E-01
3.553229E-03,6.865399E-02,1.2792084E-01
3.556506E-03,6.493085E-02,1.1060211E-01
3.559782E-03,6.157391E-02,9.2367859E-02
3.563059E-03,5.786603E-02,7.5049133E-02
3.566336E-03,5.432599E-02,5.8264465E-02
3.569613E-03,5.048077E-02,4.0945740E-02
3.572890E-03,4.681866E-02,2.3703308E-02
3.576166E-03,4.286664E-02,5.7742310E-03
3.579443E-03,4.033368E-02,-1.1697083E-02
3.582720E-03,3.638165E-02,-2.9702454E-02
3.585997E-03,3.375714E-02,-4.6716003E-02
3.589274E-03,2.921002E-02,-6.4645081E-02
3.592550E-03,2.643292E-02,-8.2192688E-02
3.595827E-03,2.260297E-02,-9.8901062E-02
3.599104E-03,1.892560E-02,-1.1576202E-01
3.602381E-03,1.561444E-02,-1.3285187E-01
3.605658E-03,1.303571E-02,-1.4933136E-01
3.608934E-03,8.900574E-03,-1.6619232E-01
3.612211E-03,5.436829E-03,-1.8358734E-01
3.615488E-03,1.103333E-03,-2.0029572E-01
3.618765E-03,-1.414368E-03,-2.1639374E-01
3.622042E-03,-4.328796E-03,-2.3233917E-01
3.625318E-03,-6.877014E-03,-2.4874237E-01
3.628595E-03,-1.032550E-02,-2.6522186E-01
3.631872E-03,-1.238544E-02,-2.8162506E-01
3.635149E-03,-1.722247E-02,-2.9741791E-01
3.638426E-03,-1.943500E-02,-3.1427887E-01
3.641702E-03,-2.230365E-02,-3.2946136E-01
3.644979E-03,-2.463824E-02,-3.4479645E-01
3.648256E-03,-2.805621E-02,-3.6074188E-01
3.651533E-03,-3.049762E-02,-3.7539032E-01
3.654810E-03,-3.402240E-02,-3.9095428E-01
3.658086E-03,-3.551776E-02,-4.0628937E-01
3.661363E-03,-3.866107E-02,-4.2139557E-01
3.664640E-03,-4.032428E-02,-4.3528107E-01
3.667917E-03,-4.343707E-02,-4.4954803E-01
3.671194E-03,-4.539020E-02,-4.6427277E-01
3.674470E-03,-4.754169E-02,-4.7777679E-01
3.677747E-03,-4.906757E-02,-4.9158600E-01
3.681024E-03,-5.137164E-02,-5.0486115E-01
3.684301E-03,-5.259235E-02,-5.1836517E-01
3.687578E-03,-5.532367E-02,-5.3156403E-01
3.690854E-03,-5.675800E-02,-5.4354218E-01
3.694131E-03,-5.935199E-02,-5.5597809E-01
3.697408E-03,-6.099994E-02,-5.6833771E-01
3.700685E-03,-6.260211E-02,-5.7970551E-01
3.703962E-03,-6.368549E-02,-5.9229401E-01
3.707238E-03,-6.649310E-02,-6.0389069E-01
3.710515E-03,-6.701190E-02,-6.1502960E-01
3.713792E-03,-6.930072E-02,-6.2586334E-01
3.717069E-03,-7.035358E-02,-6.3692596E-01
3.720346E-03,-7.172687E-02,-6.4638641E-01
3.723622E-03,-7.348163E-02,-6.5706757E-01
3.726899E-03,-7.422931E-02,-6.6622284E-01
3.730176E-03,-7.595355E-02,-6.7598846E-01
3.733453E-03,-7.725055E-02,-6.8522003E-01
3.736730E-03,-7.903583E-02,-6.9521454E-01
3.740006E-03,-8.007343E-02,-7.0314911E-01
3.743283E-03,-8.089740E-02,-7.1222809E-01
3.746560E-03,-8.227069E-02,-7.1962860E-01
3.749837E-03,-8.278949E-02,-7.2756317E-01
3.753114E-03,-8.382709E-02,-7.3450592E-01
3.756390E-03,-8.487994E-02,-7.4175385E-01
3.759667E-03,-8.500201E-02,-7.4846771E-01
3.762944E-03,-8.655841E-02,-7.5518158E-01
3.766221E-03,-8.753497E-02,-7.6082733E-01
3.769498E-03,-8.930499E-02,-7.6715973E-01
3.772774E-03,-8.968646E-02,-7.7166107E-01
3.776051E-03,-9.095294E-02,-7.7707794E-01
3.779328E-03,-9.157855E-02,-7.8074005E-01
3.782605E-03,-9.253986E-02,-7.8585175E-01
3.785882E-03,-9.250934E-02,-7.8943756E-01
3.789158E-03,-9.408099E-02,-7.9317596E-01
3.792435E-03,-9.424884E-02,-7.9607513E-01
3.795712E-03,-9.591205E-02,-7.9874542E-01
3.798989E-03,-9.600360E-02,-8.0164459E-01
3.802266E-03,-9.707172E-02,-8.0385712E-01
3.805542E-03,-9.749896E-02,-8.0538300E-01
3.808819E-03,-9.887225E-02,-8.0721405E-01
3.812096E-03,-9.899432E-02,-8.0866364E-01
3.815373E-03,-1.003981E-01,-8.1003693E-01
3.818650E-03,-1.009474E-01,-8.0965546E-01
3.821926E-03,-1.021834E-01,-8.1011322E-01
3.825203E-03,-1.014510E-01,-8.0935028E-01
3.828480E-03,-1.036788E-01,-8.0927399E-01
3.831757E-03,-1.026412E-01,-8.0614594E-01
3.835034E-03,-1.045485E-01,-8.0515411E-01
3.838310E-03,-1.043349E-01,-8.0294159E-01
3.841587E-03,-1.056929E-01,-8.0095795E-01
3.844864E-03,-1.056472E-01,-7.9760101E-01
3.848141E-03,-1.073256E-01,-7.9569366E-01
3.851418E-03,-1.067305E-01,-7.9218414E-01
3.854694E-03,-1.088515E-01,-7.8959015E-01
3.857971E-03,-1.083022E-01,-7.8463104E-01
3.861248E-03,-1.108962E-01,-7.8051117E-01
3.864525E-03,-1.102858E-01,-7.7494171E-01
3.867802E-03,-1.121932E-01,-7.7150848E-01
3.871078E-03,-1.114760E-01,-7.6494720E-01
3.874355E-03,-1.142836E-01,-7.6006439E-01
3.877632E-03,-1.135054E-01,-7.5373199E-01
3.880909E-03,-1.161605E-01,-7.4823883E-01
3.884186E-03,-1.152755E-01,-7.4068573E-01
3.887462E-03,-1.180068E-01,-7.3526886E-01
3.890739E-03,-1.171828E-01,-7.2672394E-01
3.894016E-03,-1.193190E-01,-7.1970490E-01
3.897293E-03,-1.186782E-01,-7.1016815E-01
3.900570E-03,-1.210738E-01,-7.0284393E-01
3.903846E-03,-1.200515E-01,-6.9361237E-01
3.907123E-03,-1.230727E-01,-6.8567780E-01
3.910400E-03,-1.213637E-01,-6.7614105E-01
3.913677E-03,-1.248275E-01,-6.6782501E-01
3.916954E-03,-1.234847E-01,-6.5607574E-01
3.920230E-03,-1.264144E-01,-6.4791229E-01
3.923507E-03,-1.246291E-01,-6.3623932E-01
3.926784E-03,-1.279860E-01,-6.2593964E-01
3.930061E-03,-1.261397E-01,-6.1457184E-01
3.933338E-03,-1.295424E-01,-6.0404327E-01
3.936614E-03,-1.276808E-01,-5.9198883E-01
3.939891E-03,-1.315718E-01,-5.8092621E-01
3.943168E-03,-1.293746E-01,-5.6810883E-01
3.946445E-03,-1.326552E-01,-5.5727509E-01
3.949722E-03,-1.307631E-01,-5.4384735E-01
3.952998E-03,-1.329451E-01,-5.3171661E-01
3.956275E-03,-1.317702E-01,-5.1813629E-01
3.959552E-03,-1.338759E-01,-5.0509003E-01
3.962829E-03,-1.315108E-01,-4.9044159E-01
3.966106E-03,-1.348983E-01,-4.7739532E-01
3.969382E-03,-1.326094E-01,-4.6289948E-01
3.972659E-03,-1.345168E-01,-4.4931915E-01
3.975936E-03,-1.328078E-01,-4.3383148E-01
3.979213E-03,-1.345015E-01,-4.2063263E-01
3.982490E-03,-1.331740E-01,-4.0506866E-01
3.985766E-03,-1.346389E-01,-3.9034393E-01
3.989043E-03,-1.333419E-01,-3.7386444E-01
3.992320E-03,-1.341964E-01,-3.5929230E-01
3.995597E-03,-1.334029E-01,-3.4304169E-01
3.998874E-03,-1.342116E-01,-3.2831696E-01
4.002150E-03,-1.321212E-01,-3.1244781E-01
4.005427E-03,-1.333724E-01,-2.9657867E-01
4.008704E-03,-1.321212E-01,-2.7918365E-01
4.011981E-03,-1.324416E-01,-2.6354340E-01
4.015258E-03,-1.297866E-01,-2.4706390E-01
4.018534E-03,-1.311751E-01,-2.3127106E-01
4.021811E-03,-1.297103E-01,-2.1463898E-01
4.025088E-03,-1.292678E-01,-1.9861725E-01
4.028365E-03,-1.270247E-01,-1.8068817E-01
4.031642E-03,-1.271620E-01,-1.6459015E-01
4.034918E-03,-1.255446E-01,-1.4765289E-01
4.038195E-03,-1.244918E-01,-1.3079193E-01
4.041472E-03,-1.224166E-01,-1.1377838E-01
4.044749E-03,-1.211959E-01,-9.6307068E-02
4.048026E-03,-1.184798E-01,-7.9064636E-02
4.051302E-03,-1.176558E-01,-6.1364441E-02
4.054579E-03,-1.149245E-01,-4.3816833E-02
4.057856E-03,-1.139022E-01,-2.7489929E-02
4.061133E-03,-1.120253E-01,-9.2556763E-03
4.064410E-03,-1.106978E-01,8.0630493E-03
4.067686E-03,-1.075087E-01,2.5229187E-02
4.070963E-03,-1.057997E-01,4.3158264E-02
4.074240E-03,-1.026717E-01,6.0248108E-02
4.077517E-03,-1.008712E-01,7.6498718E-02
4.080794E-03,-9.789569E-02,9.4427795E-02
4.084070E-03,-9.490497E-02,1.1243317E-01
4.087347E-03,-9.163959E-02,1.2967560E-01
4.090624E-03,-8.983905E-02,1.4714691E-01
4.093901E-03,-8.594806E-02,1.6438934E-01
4.097178E-03,-8.300311E-02,1.8140289E-01
4.100454E-03,-7.923419E-02,1.9895050E-01
4.103731E-03,-7.635028E-02,2.1611664E-01
4.107008E-03,-7.279498E-02,2.3328278E-01
4.110285E-03,-6.923969E-02,2.5006744E-01
4.113562E-03,-6.606586E-02,2.6654694E-01
4.116838E-03,-6.304462E-02,2.8363678E-01
4.120115E-03,-5.869586E-02,3.0049774E-01
4.123392E-03,-5.550677E-02,3.1743500E-01
4.126669E-03,-5.124957E-02,3.3360931E-01
4.129946E-03,-4.754169E-02,3.5001251E-01
4.133222E-03,-4.320819E-02,3.6649200E-01
4.136499E-03,-3.919513E-02,3.8220856E-01
4.139776E-03,-3.499896E-02,3.9838287E-01
4.143053E-03,-3.094012E-02,4.1341278E-01
4.146330E-03,-2.640826E-02,4.2897675E-01
4.149606E-03,-2.210529E-02,4.4423553E-01
4.152883E-03,-1.812274E-02,4.5995209E-01
4.156160E-03,-1.314838E-02,4.7437164E-01
4.159437E-03,-9.394714E-03,4.8924896E-01
4.162714E-03,-4.710266E-03,5.0458405E-01
4.165990E-03,-5.633545E-05,5.1831696E-01
4.169267E-03,3.559998E-03,5.3258392E-01
4.172544E-03,8.503845E-03,5.4707977E-01
4.175821E-03,1.326459E-02,5.6050751E-01
4.179098E-03,1.836102E-02,5.7324860E-01
4.182374E-03,2.254193E-02,5.8705780E-01
4.185651E-03,2.771466E-02,6.0033295E-01
4.188928E-03,3.255170E-02,6.1307404E-01
4.192205E-03,3.772443E-02,6.2589142E-01
4.195482E-03,4.257672E-02,6.3725922E-01
4.198758E-03,4.674237E-02,6.4938995E-01
4.202035E-03,5.090802E-02,6.6129181E-01
4.205312E-03,5.586713E-02,6.7258331E-01
4.208589E-03,6.018536E-02,6.8471405E-01
4.211866E-03,6.491559E-02,6.9562408E-01
4.215142E-03,6.966107E-02,7.0683929E-01
4.218419E-03,7.394879E-02,7.1668121E-01
4.221696E-03,7.878583E-02,7.2736237E-01
4.224973E-03,8.235638E-02,7.3644135E-01
4.228250E-03,8.791058E-02,7.4574921E-01
4.231526E-03,9.155743E-02,7.5475189E-01
4.234803E-03,9.607404E-02,7.6390717E-01
4.238080E-03,1.001634E-01,7.7176544E-01
4.241357E-03,1.045884E-01,7.8046295E-01
4.244634E-03,1.080522E-01,7.8893158E-01
4.247910E-03,1.130876E-01,7.9617950E-01
4.251187E-03,1.159257E-01,8.0358002E-01
4.254464E-03,1.207322E-01,8.1128571E-01
4.257741E-03,1.230516E-01,8.1761810E-01
4.261018E-03,1.279191E-01,8.2456085E-01
4.264294E-03,1.306047E-01,8.3051178E-01
4.267571E-03,1.348619E-01,8.3676788E-01
4.270848E-03,1.376848E-01,8.4210846E-01
4.274125E-03,1.421251E-01,8.4859344E-01
4.277402E-03,1.444291E-01,8.5286591E-01
4.280678E-03,1.484575E-01,8.5744354E-01
4.283955E-03,1.502427E-01,8.6057159E-01
4.287232E-03,1.548661E-01,8.6499664E-01
4.290509E-03,1.559037E-01,8.6835358E-01
4.293786E-03,1.602525E-01,8.7125275E-01
4.297062E-03,1.609391E-01,8.7354156E-01
4.300339E-03,1.647233E-01,8.7644073E-01
4.303616E-03,1.659440E-01,8.7811920E-01
4.306893E-03,1.688737E-01,8.7972137E-01
4.310170E-03,1.694078E-01,8.8048431E-01
4.313446E-03,1.713151E-01,8.8132355E-01
4.316723E-03,1.721544E-01,8.8216278E-01
4.320000E-03,1.749467E-01,8.8307831E-01
4.323277E-03,1.755266E-01,8.8193390E-01
4.326554E-03,1.776628E-01,8.8155243E-01
4.329830E-03,1.776780E-01,8.8063690E-01
4.333107E-03,1.799211E-01,8.8048431E-01
4.336384E-03,1.787462E-01,8.7743256E-01
4.339661E-03,1.808366E-01,8.7644073E-01
4.342938E-03,1.790056E-01,8.7361786E-01
4.346214E-03,1.809892E-01,8.7178680E-01
4.349491E-03,1.796769E-01,8.6743805E-01
4.352768E-03,1.805620E-01,8.6537811E-01
4.356045E-03,1.785936E-01,8.6102936E-01
4.359322E-03,1.802263E-01,8.5721466E-01
4.362598E-03,1.773271E-01,8.5202667E-01
4.365875E-03,1.788377E-01,8.4844086E-01
4.369152E-03,1.760148E-01,8.4210846E-01
4.372429E-03,1.768541E-01,8.3768341E-01
4.375706E-03,1.740464E-01,8.3089325E-01
4.378982E-03,1.747331E-01,8.2509491E-01
4.382259E-03,1.713304E-01,8.1777069E-01
4.385536E-03,1.712236E-01,8.1181976E-01
4.388813E-03,1.677446E-01,8.0388519E-01
4.392090E-03,1.680345E-01,7.9762909E-01
4.395366E-03,1.637773E-01,7.8946564E-01
4.398643E-03,1.640062E-01,7.8183624E-01
4.401920E-03,1.599778E-01,7.7275726E-01
4.405197E-03,1.592454E-01,7.6413605E-01
4.408474E-03,1.551103E-01,7.5391266E-01
4.411750E-03,1.537828E-01,7.4628326E-01
4.415027E-03,1.489763E-01,7.3499176E-01
4.418304E-03,1.487169E-01,7.2652313E-01
4.421581E-03,1.432847E-01,7.1507904E-01
4.424858E-03,1.425981E-01,7.0569489E-01
4.428134E-03,1.371202E-01,6.9341156E-01
4.431411E-03,1.361741E-01,6.8318817E-01
4.434688E-03,1.306962E-01,6.7059967E-01
4.437965E-03,1.292772E-01,6.6052887E-01
4.441242E-03,1.236009E-01,6.4748260E-01
4.444518E-03,1.219529E-01,6.3634369E-01
4.447795E-03,1.167955E-01,6.2451813E-01
4.451072E-03,1.151780E-01,6.1238739E-01
4.454349E-03,1.088151E-01,5.9903595E-01
4.457626E-03,1.068010E-01,5.8644745E-01
4.460902E-03,1.009111E-01,5.7363007E-01
4.464179E-03,9.932416E-02,5.6020233E-01
4.467456E-03,9.410565E-02,5.4624054E-01
4.470733E-03,9.132855E-02,5.3304169E-01
4.474010E-03,8.582013E-02,5.1778290E-01
4.477286E-03,8.252423E-02,5.0389740E-01
4.480563E-03,7.697003E-02,4.8802826E-01
4.483840E-03,7.449811E-02,4.7406647E-01
4.487117E-03,6.940167E-02,4.5926544E-01
4.490394E-03,6.609052E-02,4.4393036E-01
4.493670E-03,6.055157E-02,4.2798492E-01
4.496947E-03,5.716412E-02,4.1257355E-01
4.500224E-03,5.180829E-02,3.9639923E-01
4.503501E-03,4.866498E-02,3.8213226E-01
4.506778E-03,4.333966E-02,3.6580536E-01
4.510054E-03,4.018109E-02,3.4970734E-01
4.513331E-03,3.542035E-02,3.3269379E-01
4.516608E-03,3.122418E-02,3.1598541E-01
4.519885E-03,2.600568E-02,2.9874298E-01
4.523162E-03,2.332013E-02,2.8264496E-01
4.526438E-03,1.738446E-02,2.6578400E-01
4.529715E-03,1.433270E-02,2.4938080E-01
4.532992E-03,9.632996E-03,2.3190948E-01
4.536269E-03,5.787781E-03,2.1542999E-01
4.539546E-03,1.301697E-03,1.9727203E-01
4.542822E-03,-3.031799E-03,1.8033478E-01
4.546099E-03,-6.938049E-03,1.6309235E-01
4.549376E-03,-1.014240E-02,1.4691803E-01
4.552653E-03,-1.461322E-02,1.2944672E-01
4.555930E-03,-1.787860E-02,1.1159393E-01
4.559206E-03,-2.151019E-02,9.4504089E-02
4.562483E-03,-2.508075E-02,7.6727600E-02
4.565760E-03,-2.917010E-02,5.9485168E-02
4.569037E-03,-3.301532E-02,4.1632385E-02
4.572314E-03,-3.592975E-02,2.5458069E-02
4.575590E-03,-3.905780E-02,8.2919312E-03
4.578867E-03,-4.259784E-02,-9.5608521E-03
4.582144E-03,-4.529865E-02,-2.6040344E-02
4.585421E-03,-4.882343E-02,-4.3511658E-02
4.588698E-03,-5.195148E-02,-6.0906677E-02
4.591974E-03,-5.480487E-02,-7.9827576E-02
4.595251E-03,-5.646808E-02,-9.6230774E-02
4.598528E-03,-6.054218E-02,-1.1316803E-01
4.601805E-03,-6.360919E-02,-1.3056305E-01
4.605082E-03,-6.652362E-02,-1.4780548E-01
4.608358E-03,-6.855304E-02,-1.6504791E-01
4.611635E-03,-7.192523E-02,-1.8099335E-01
4.614912E-03,-7.386310E-02,-1.9800690E-01
4.618189E-03,-7.653339E-02,-2.1471527E-01
4.621466E-03,-7.879169E-02,-2.3050812E-01
4.624742E-03,-8.141620E-02,-2.4668243E-01
4.628019E-03,-8.372028E-02,-2.6361969E-01
4.631296E-03,-8.579547E-02,-2.7964142E-01
4.634573E-03,-8.722980E-02,-2.9657867E-01
4.637850E-03,-8.927448E-02,-3.1183746E-01
4.641126E-03,-9.099872E-02,-3.2831696E-01
4.644403E-03,-9.324176E-02,-3.4334686E-01
4.647680E-03,-9.420306E-02,-3.5944489E-01
4.650957E-03,-9.604938E-02,-3.7378815E-01
4.654234E-03,-9.653766E-02,-3.8973358E-01
4.657510E-03,-9.920795E-02,-4.0407684E-01
4.660787E-03,-9.911639E-02,-4.1872528E-01
4.664064E-03,-1.025038E-01,-4.3345001E-01
4.667341E-03,-1.021224E-01,-4.4634369E-01
4.670618E-03,-1.035262E-01,-4.6167877E-01
4.673894E-03,-1.047011E-01,-4.7419098E-01
4.677171E-03,-1.048232E-01,-4.8914459E-01
4.680448E-03,-1.071730E-01,-5.0158051E-01
4.683725E-03,-1.054641E-01,-5.1752594E-01
4.687002E-03,-1.084395E-01,-5.2904633E-01
4.690278E-03,-1.068831E-01,-5.4239777E-01
4.693555E-03,-1.081649E-01,-5.5414703E-01
4.696832E-03,-1.069747E-01,-5.6742218E-01
4.700109E-03,-1.095229E-01,-5.7901886E-01
4.703386E-03,-1.087905E-01,-5.9237030E-01
4.706662E-03,-1.104079E-01,-6.0350922E-01
4.709939E-03,-1.101027E-01,-6.1502960E-01
4.713216E-03,-1.110945E-01,-6.2647369E-01
4.716493E-03,-1.096755E-01,-6.3822296E-01
4.719770E-03,-1.110945E-01,-6.4737823E-01
4.723046E-03,-1.109877E-01,-6.5805939E-01
4.726323E-03,-1.122390E-01,-6.6729095E-01
4.729600E-03,-1.108657E-01,-6.7804840E-01
4.732877E-03,-1.117812E-01,-6.8651703E-01
4.736154E-03,-1.111708E-01,-6.9658783E-01
4.739430E-03,-1.125136E-01,-7.0566681E-01
4.742707E-03,-1.118880E-01,-7.1398285E-01
4.745984E-03,-1.125289E-01,-7.2138336E-01
4.749261E-03,-1.113387E-01,-7.2908905E-01
4.752538E-03,-1.121321E-01,-7.3656586E-01
4.755814E-03,-1.114455E-01,-7.4427155E-01
4.759091E-03,-1.109114E-01,-7.5052765E-01
4.762368E-03,-1.108351E-01,-7.5533417E-01
4.765645E-03,-1.114302E-01,-7.6242950E-01
4.768922E-03,-1.104842E-01,-7.6738861E-01
4.772198E-03,-1.108504E-01,-7.7410248E-01
4.775475E-03,-1.100264E-01,-7.7799347E-01
4.778752E-03,-1.113692E-01,-7.8333405E-01
4.782029E-03,-1.103621E-01,-7.8768280E-01
4.785306E-03,-1.106978E-01,-7.9203156E-01
4.788582E-03,-1.107436E-01,-7.9523590E-01
4.791859E-03,-1.111556E-01,-7.9905060E-01
4.795136E-03,-1.101943E-01,-8.0095795E-01
4.798413E-03,-1.108351E-01,-8.0462006E-01
4.801690E-03,-1.099959E-01,-8.0690887E-01
4.804966E-03,-1.107589E-01,-8.0873993E-01
4.808243E-03,-1.099501E-01,-8.0973175E-01
4.811520E-03,-1.102858E-01,-8.1202057E-01
4.814797E-03,-1.094161E-01,-8.1125763E-01
4.818074E-03,-1.099807E-01,-8.1255463E-01
4.821350E-03,-1.090193E-01,-8.1156281E-01
4.824627E-03,-1.088210E-01,-8.1316498E-01
4.827904E-03,-1.081038E-01,-8.1041840E-01
4.831181E-03,-1.090651E-01,-8.1125763E-01
4.834458E-03,-1.091719E-01,-8.0858734E-01
4.837734E-03,-1.093856E-01,-8.0927399E-01
4.841011E-03,-1.078444E-01,-8.0439117E-01
4.844288E-03,-1.084548E-01,-8.0370453E-01
4.847565E-03,-1.087752E-01,-7.9912689E-01
4.850842E-03,-1.085005E-01,-7.9882172E-01
4.854118E-03,-1.076308E-01,-7.9264191E-01
4.857395E-03,-1.079360E-01,-7.9096344E-01
4.860672E-03,-1.076308E-01,-7.8402069E-01
4.863949E-03,-1.080275E-01,-7.8196075E-01
4.867226E-03,-1.069136E-01,-7.7471283E-01
4.870502E-03,-1.075545E-01,-7.7196625E-01
4.873779E-03,-1.067763E-01,-7.6349762E-01
4.877056E-03,-1.078749E-01,-7.6059845E-01
4.880333E-03,-1.072798E-01,-7.5220612E-01
4.883610E-03,-1.073867E-01,-7.4900177E-01
4.886886E-03,-1.071883E-01,-7.3839691E-01
4.890163E-03,-1.072188E-01,-7.3397186E-01
4.893440E-03,-1.058303E-01,-7.2313812E-01
4.896717E-03,-1.071273E-01,-7.1795013E-01
4.899994E-03,-1.063338E-01,-7.0765045E-01
4.903270E-03,-1.066085E-01,-7.0131805E-01
4.906547E-03,-1.052199E-01,-6.8918732E-01
4.909824E-03,-1.059218E-01,-6.8407562E-01
4.913101E-03,-1.049910E-01,-6.6996124E-01
4.916378E-03,-1.038924E-01,-6.6347626E-01
4.919654E-03,-1.047011E-01,-6.5134552E-01
4.922931E-03,-1.033278E-01,-6.4363983E-01
4.926208E-03,-1.029464E-01,-6.2944916E-01
4.929485E-03,-1.013747E-01,-6.2220123E-01
4.932762E-03,-1.030684E-01,-6.0770538E-01
4.936038E-03,-9.997089E-02,-5.9893158E-01
4.939315E-03,-1.011611E-01,-5.8443573E-01
4.942592E-03,-9.926898E-02,-5.7497528E-01
4.945869E-03,-9.943683E-02,-5.6040314E-01
4.949146E-03,-9.670551E-02,-5.5109528E-01
4.952422E-03,-9.789569E-02,-5.3576019E-01
4.955699E-03,-9.473712E-02,-5.2507904E-01
4.958976E-03,-9.603412E-02,-5.0859955E-01
4.962253E-03,-9.287555E-02,-4.9692657E-01
4.965530E-03,-9.403522E-02,-4.8174408E-01
4.968806E-03,-9.000690E-02,-4.6961334E-01
4.972083E-03,-9.124286E-02,-4.5328644E-01
4.975360E-03,-8.741290E-02,-4.4077423E-01
4.978637E-03,-8.813007E-02,-4.2376068E-01
4.981914E-03,-8.463580E-02,-4.1094330E-01
4.985190E-03,-8.510883E-02,-3.9309052E-01
4.988467E-03,-8.141620E-02,-3.8073090E-01
4.991744E-03,-8.248431E-02,-3.6325958E-01
4.995021E-03,-7.784564E-02,-3.4967926E-01
4.998298E-03,-7.845599E-02,-3.3205536E-01
5.001574E-03,-7.487018E-02,-3.1816986E-01
5.004851E-03,-7.429034E-02,-3.0054596E-01
5.008128E-03,-7.061298E-02,-2.8620270E-01
5.011405E-03,-7.004840E-02,-2.6804474E-01
5.014682E-03,-6.621844E-02,-2.5423553E-01
5.017958E-03,-6.693561E-02,-2.3630646E-01
5.021235E-03,-6.034381E-02,-2.2142914E-01
5.024512E-03,-6.128986E-02,-2.0296600E-01
5.027789E-03,-5.555255E-02,-1.8892792E-01
5.031066E-03,-5.504901E-02,-1.6909149E-01
5.034342E-03,-5.080707E-02,-1.5413788E-01
5.037619E-03,-4.905231E-02,-1.3514069E-01
5.040896E-03,-4.455096E-02,-1.1965302E-01
5.044173E-03,-4.329974E-02,-1.0149506E-01
5.047450E-03,-3.869159E-02,-8.4710388E-02
5.050726E-03,-3.739459E-02,-6.6781311E-02
5.054003E-03,-3.272540E-02,-4.9462585E-02
5.057280E-03,-3.116901E-02,-3.0770569E-02
5.060557E-03,-2.595050E-02,-1.4291077E-02
5.063834E-03,-2.408893E-02,3.4091187E-03
5.067110E-03,-1.876361E-02,2.1033020E-02
5.070387E-03,-1.700885E-02,3.9267273E-02
5.073664E-03,-1.249225E-02,5.4983826E-02
5.076941E-03,-9.730408E-03,7.2684021E-02
5.080218E-03,-4.664490E-03,9.0155334E-02
5.083494E-03,-2.390930E-03,1.0785553E-01
5.086771E-03,2.949646E-03,1.2563202E-01
5.090048E-03,5.253723E-03,1.4348480E-01
5.093325E-03,1.111310E-02,1.6065094E-01
5.096602E-03,1.364606E-02,1.7789337E-01
5.099878E-03,1.837628E-02,1.9544098E-01
5.103155E-03,2.193158E-02,2.1214935E-01
5.106432E-03,2.631085E-02,2.2870514E-01
5.109709E-03,2.930157E-02,2.4541351E-01
5.112986E-03,3.511517E-02,2.6288483E-01
5.116262E-03,3.690045E-02,2.7890656E-01
5.119539E-03,4.330914E-02,2.9592010E-01
5.122816E-03,4.610150E-02,3.1217072E-01
5.126093E-03,5.078595E-02,3.2895538E-01
5.129370E-03,5.406659E-02,3.4543488E-01
5.132646E-03,5.875104E-02,3.6199066E-01
5.135923E-03,6.189435E-02,3.7801239E-01
5.139200E-03,6.754010E-02,3.9548370E-01
5.142477E-03,7.014935E-02,4.1005585E-01
5.145754E-03,7.559674E-02,4.2645905E-01
5.149030E-03,7.881635E-02,4.4064972E-01
5.152307E-03,8.374493E-02,4.5781586E-01
5.155584E-03,8.636945E-02,4.7131989E-01
5.158861E-03,9.106915E-02,4.8741791E-01
5.162138E-03,9.482281E-02,5.0076935E-01
5.165414E-03,9.869855E-02,5.1724884E-01
5.168691E-03,1.022691E-01,5.3021881E-01
5.171968E-03,1.067094E-01,5.4631683E-01
5.175245E-03,1.093950E-01,5.5821869E-01
5.178522E-03,1.143388E-01,5.7294342E-01
5.181798E-03,1.173600E-01,5.8362457E-01
5.185075E-03,1.212358E-01,5.9911224E-01
5.188352E-03,1.241349E-01,6.1017487E-01
5.191629E-03,1.286058E-01,6.2482330E-01
5.194906E-03,1.317186E-01,6.3504669E-01
5.198182E-03,1.353502E-01,6.4916107E-01
5.201459E-03,1.375016E-01,6.5869781E-01
5.204736E-03,1.410569E-01,6.7265961E-01
5.208013E-03,1.434221E-01,6.8212006E-01
5.211290E-03,1.471910E-01,6.9478485E-01
5.214566E-03,1.495866E-01,7.0386383E-01
5.217843E-03,1.525773E-01,7.1744415E-01
5.221120E-03,1.540269E-01,7.2545502E-01
5.224397E-03,1.573839E-01,7.3766205E-01
5.227674E-03,1.590013E-01,7.4452850E-01
5.230950E-03,1.615800E-01,7.5704071E-01
5.234227E-03,1.623277E-01,7.6283905E-01
5.237504E-03,1.658525E-01,7.7451202E-01
5.240781E-03,1.671037E-01,7.8061554E-01
5.244058E-03,1.698045E-01,7.9167816E-01
5.247334E-03,1.694993E-01,7.9640839E-01
5.250611E-03,1.728868E-01,8.0708954E-01
5.253888E-03,1.735276E-01,8.1067535E-01
5.257165E-03,1.750230E-01,8.2120392E-01
5.260442E-03,1.754960E-01,8.2440826E-01
5.263718E-03,1.763353E-01,8.3447906E-01
5.266995E-03,1.766862E-01,8.3692047E-01
5.270272E-03,1.791581E-01,8.4508392E-01
5.273549E-03,1.779069E-01,8.4775421E-01
5.276826E-03,1.778611E-01,8.5622284E-01
5.280102E-03,1.783799E-01,8.5675690E-01
5.283379E-03,1.774949E-01,8.6362335E-01
5.286656E-03,1.775712E-01,8.6453888E-01
5.289933E-03,1.764421E-01,8.7048981E-01
5.293210E-03,1.759843E-01,8.7056610E-01
5.296486E-03,1.747178E-01,8.7621185E-01
5.299763E-03,1.749162E-01,8.7552521E-01
5.303040E-03,1.736650E-01,8.8048431E-01
5.306317E-03,1.729326E-01,8.7911102E-01
5.309594E-03,1.702470E-01,8.8353607E-01
5.312870E-03,1.705827E-01,8.8124725E-01
5.316147E-03,1.674852E-01,8.8468048E-01
5.319424E-03,1.665544E-01,8.8262054E-01
5.322701E-03,1.641893E-01,8.8536713E-01
5.325978E-03,1.624345E-01,8.8147614E-01
5.329254E-03,1.594590E-01,8.8498566E-01
5.332531E-03,1.584367E-01,8.8010284E-01
5.335808E-03,1.546983E-01,8.8162872E-01
5.339085E-03,1.533250E-01,8.7735626E-01
5.342362E-03,1.492509E-01,8.7789032E-01
5.345638E-03,1.477250E-01,8.7361786E-01
5.348915E-03,1.442460E-01,8.7247345E-01
5.352192E-03,1.415300E-01,8.6728546E-01
5.355469E-03,1.377610E-01,8.6492035E-01
5.358746E-03,1.346330E-01,8.5843536E-01
5.362022E-03,1.306047E-01,8.5622284E-01
5.365299E-03,1.282701E-01,8.4889862E-01
5.368576E-03,1.226701E-01,8.4599945E-01
5.371853E-03,1.210374E-01,8.3920929E-01
5.375130E-03,1.149339E-01,8.3470795E-01
5.378406E-03,1.140794E-01,8.2746002E-01
5.381683E-03,1.080522E-01,8.2189056E-01
5.384960E-03,1.046342E-01,8.1426117E-01
5.388237E-03,9.848492E-02,8.0853912E-01
5.391514E-03,9.659283E-02,7.9976532E-01
5.394790E-03,9.024518E-02,7.9320404E-01
5.398067E-03,8.830731E-02,7.8473541E-01
5.401344E-03,8.107465E-02,7.7695343E-01
5.404621E-03,7.875531E-02,7.6673004E-01
5.407898E-03,7.265179E-02,7.5955841E-01
5.411174E-03,6.938641E-02,7.4925873E-01
5.414451E-03,6.371014E-02,7.4117157E-01
5.417728E-03,6.032269E-02,7.2980377E-01
5.421005E-03,5.418866E-02,7.2041962E-01
5.424282E-03,5.127423E-02,7.0905182E-01
5.427558E-03,4.459088E-02,6.9989655E-01
5.430835E-03,4.201215E-02,6.8791840E-01
5.434112E-03,3.516095E-02,6.7632172E-01
5.437389E-03,3.188031E-02,6.6525909E-01
5.440666E-03,2.592938E-02,6.5350983E-01
5.443942E-03,2.180951E-02,6.4122650E-01
5.447219E-03,1.662152E-02,6.2856171E-01
5.450496E-03,1.274579E-02,6.1665985E-01
5.453773E-03,6.916931E-03,6.0353729E-01
5.457050E-03,3.453186E-03,5.9110138E-01
5.460326E-03,-1.627991E-03,5.7790253E-01
5.463603E-03,-5.656311E-03,5.6500885E-01
5.466880E-03,-1.172931E-02,5.5119965E-01
5.470157E-03,-1.475055E-02,5.3769562E-01
5.473434E-03,-2.033527E-02,5.2281830E-01
5.476710E-03,-2.424152E-02,5.0908539E-01
5.479987E-03,-2.935321E-02,4.9375031E-01
5.483264E-03,-3.243549E-02,4.7994110E-01
5.486541E-03,-3.843219E-02,4.6422455E-01
5.489818E-03,-4.168231E-02,4.4980499E-01
5.493094E-03,-4.673297E-02,4.3347809E-01
5.496371E-03,-5.071552E-02,4.1951630E-01
5.499648E-03,-5.536945E-02,4.0303680E-01
5.502925E-03,-5.787189E-02,3.8785431E-01
5.506202E-03,-6.380756E-02,3.6977264E-01
5.509478E-03,-6.611163E-02,3.5497162E-01
5.512755E-03,-7.143695E-02,3.3635590E-01
5.516032E-03,-7.432086E-02,3.2155487E-01
5.519309E-03,-7.813556E-02,3.0316803E-01
5.522586E-03,-8.106525E-02,2.8859589E-01
5.525862E-03,-8.527667E-02,2.6975128E-01
5.529139E-03,-8.782489E-02,2.5563690E-01
5.532416E-03,-9.267719E-02,2.3625824E-01
5.535693E-03,-9.502704E-02,2.2077057E-01
5.538970E-03,-9.844501E-02,2.0184967E-01
5.542246E-03,-1.021834E-01,1.8659088E-01
5.545523E-03,-1.048690E-01,1.6690704E-01
5.548800E-03,-1.074782E-01,1.5218231E-01
5.552077E-03,-1.100722E-01,1.3257477E-01
5.555354E-03,-1.119490E-01,1.1777374E-01
5.558630E-03,-1.148024E-01,9.6792908E-02
5.561907E-03,-1.165419E-01,8.2602234E-02
5.565184E-03,-1.188460E-01,6.2765808E-02
5.568461E-03,-1.204482E-01,4.7888489E-02
5.571738E-03,-1.228438E-01,2.7060242E-02
5.575014E-03,-1.244155E-01,1.2716980E-02
5.578291E-03,-1.268111E-01,-7.6535034E-03
5.581568E-03,-1.274977E-01,-2.1386414E-02
5.584845E-03,-1.297255E-01,-4.1604309E-02
5.588122E-03,-1.301833E-01,-5.6176453E-02
5.591398E-03,-1.324721E-01,-7.7233582E-02
5.594675E-03,-1.332656E-01,-9.0356140E-02
5.597952E-03,-1.358138E-01,-1.1110809E-01
5.601229E-03,-1.356765E-01,-1.2445953E-01
5.604506E-03,-1.369124E-01,-1.4437225E-01
5.607782E-03,-1.376906E-01,-1.5825775E-01
5.611059E-03,-1.384841E-01,-1.7862823E-01
5.614336E-03,-1.402388E-01,-1.9228485E-01
5.617613E-03,-1.399489E-01,-2.1189240E-01
5.620890E-03,-1.408034E-01,-2.2486237E-01
5.624166E-03,-1.401320E-01,-2.4492767E-01
5.627443E-03,-1.424056E-01,-2.5812653E-01
5.630720E-03,-1.407729E-01,-2.7681854E-01
5.633997E-03,-1.427260E-01,-2.9062775E-01
5.637274E-03,-1.404372E-01,-3.0993011E-01
5.640550E-03,-1.429244E-01,-3.2351044E-01
5.643827E-03,-1.404372E-01,-3.4182098E-01
5.647104E-03,-1.426955E-01,-3.5372284E-01
5.650381E-03,-1.401015E-01,-3.7233856E-01
5.653658E-03,-1.426497E-01,-3.8416412E-01
5.656934E-03,-1.394606E-01,-4.0323761E-01
5.660211E-03,-1.421157E-01,-4.1559723E-01
5.663488E-03,-1.386824E-01,-4.3261078E-01
5.666765E-03,-1.414290E-01,-4.4451263E-01
5.670042E-03,-1.383773E-01,-4.6114471E-01
5.673318E-03,-1.392775E-01,-4.7289398E-01
5.676595E-03,-1.366988E-01,-4.8975494E-01
5.679872E-03,-1.387282E-01,-5.0058868E-01
5.683149E-03,-1.357985E-01,-5.1622894E-01
5.686426E-03,-1.372176E-01,-5.2599457E-01
5.689702E-03,-1.346083E-01,-5.4178741E-01
5.692979E-03,-1.353255E-01,-5.5246857E-01
5.696256E-03,-1.317549E-01,-5.6726959E-01
5.699533E-03,-1.333876E-01,-5.7650116E-01
5.702810E-03,-1.308394E-01,-5.9137848E-01
5.706086E-03,-1.316024E-01,-6.0083893E-01
5.709363E-03,-1.288558E-01,-6.1419037E-01
5.712640E-03,-1.299239E-01,-6.2387970E-01
5.715917E-03,-1.272383E-01,-6.3753632E-01
5.719194E-03,-1.275435E-01,-6.4547089E-01
5.722470E-03,-1.255751E-01,-6.5767792E-01
5.725747E-03,-1.258803E-01,-6.6530731E-01
5.729024E-03,-1.240493E-01,-6.7606476E-01
5.732301E-03,-1.236678E-01,-6.8483856E-01
5.735578E-03,-1.216078E-01,-6.9483307E-01
5.738854E-03,-1.211501E-01,-7.0276764E-01
5.742131E-03,-1.189376E-01,-7.1291473E-01
5.745408E-03,-1.190291E-01,-7.1886566E-01
5.748685E-03,-1.169234E-01,-7.2847870E-01
5.751962E-03,-1.167861E-01,-7.3404816E-01
5.755238E-03,-1.144973E-01,-7.4198273E-01
5.758515E-03,-1.147872E-01,-7.4877289E-01
5.761792E-03,-1.128035E-01,-7.5563934E-01
5.765069E-03,-1.128493E-01,-7.6120880E-01
5.768346E-03,-1.114150E-01,-7.6830414E-01
5.771622E-03,-1.108809E-01,-7.7326324E-01
5.774899E-03,-1.093398E-01,-7.7875641E-01
5.778176E-03,-1.091719E-01,-7.8264740E-01
5.781453E-03,-1.070510E-01,-7.8691986E-01
5.784730E-03,-1.066848E-01,-7.9126862E-01
5.788006E-03,-1.050368E-01,-7.9531219E-01
5.791283E-03,-1.049758E-01,-7.9813507E-01
5.794560E-03,-1.036483E-01,-8.0179718E-01
5.797837E-03,-1.034804E-01,-8.0477264E-01
5.801114E-03,-1.015578E-01,-8.0652740E-01
5.804390E-03,-1.010390E-01,-8.0927399E-01
5.807667E-03,-9.995563E-02,-8.1049469E-01
5.810944E-03,-9.859760E-02,-8.1156281E-01
5.814221E-03,-9.713275E-02,-8.1102875E-01
5.817498E-03,-9.769733E-02,-8.1301239E-01
5.820774E-03,-9.597308E-02,-8.1156281E-01
5.824051E-03,-9.490497E-02,-8.1209686E-01
5.827328E-03,-9.353168E-02,-8.1179169E-01
5.830605E-03,-9.324176E-02,-8.1125763E-01
5.833882E-03,-9.215839E-02,-8.0919769E-01
5.837158E-03,-9.116656E-02,-8.0835846E-01
5.840435E-03,-8.976276E-02,-8.0523041E-01
5.843712E-03,-8.936603E-02,-8.0454376E-01
5.846989E-03,-8.837421E-02,-8.0019501E-01
5.850266E-03,-8.755023E-02,-7.9836395E-01
5.853542E-03,-8.605487E-02,-7.9386261E-01
5.856819E-03,-8.590228E-02,-7.9111603E-01
5.860096E-03,-8.442218E-02,-7.8615692E-01
5.863373E-03,-8.365924E-02,-7.8257111E-01
5.866650E-03,-8.239276E-02,-7.7631500E-01
5.869926E-03,-8.141620E-02,-7.7295807E-01
5.873203E-03,-8.040912E-02,-7.6555756E-01
5.876480E-03,-7.981403E-02,-7.6097992E-01
5.879757E-03,-7.805927E-02,-7.5357941E-01
5.883034E-03,-7.703693E-02,-7.4854401E-01
5.886310E-03,-7.586200E-02,-7.4015167E-01
5.889587E-03,-7.488544E-02,-7.3557404E-01
5.892864E-03,-7.323749E-02,-7.2580841E-01
5.896141E-03,-7.306964E-02,-7.1970490E-01
5.899418E-03,-7.099445E-02,-7.0765045E-01
5.902694E-03,-6.942279E-02,-7.0307281E-01
5.905971E-03,-6.791217E-02,-6.9101837E-01
5.909248E-03,-6.788165E-02,-6.8476227E-01
5.912525E-03,-6.504352E-02,-6.7247894E-01
5.915802E-03,-6.415851E-02,-6.6568878E-01
5.919078E-03,-6.186969E-02,-6.5310028E-01
5.922355E-03,-6.142719E-02,-6.4554718E-01
5.925632E-03,-5.892474E-02,-6.3150909E-01
5.928909E-03,-5.857379E-02,-6.2387970E-01
5.932186E-03,-5.597980E-02,-6.0923126E-01
5.935462E-03,-5.547626E-02,-6.0129669E-01
5.938739E-03,-5.300433E-02,-5.8657196E-01
5.942016E-03,-5.195148E-02,-5.7795074E-01
5.945293E-03,-4.905231E-02,-5.6284454E-01
5.948570E-03,-4.813678E-02,-5.5422333E-01
5.951846E-03,-4.485614E-02,-5.3782013E-01
5.955123E-03,-4.296405E-02,-5.2736786E-01
5.958400E-03,-4.136188E-02,-5.1119354E-01
5.961677E-03,-4.003436E-02,-5.0211456E-01
5.964954E-03,-3.649432E-02,-4.8418549E-01
5.968230E-03,-3.466327E-02,-4.7441986E-01
5.971507E-03,-3.191669E-02,-4.5725372E-01
5.974784E-03,-2.959735E-02,-4.4588593E-01
5.978061E-03,-2.773578E-02,-4.2841461E-01
5.981338E-03,-2.382953E-02,-4.1658905E-01
5.984614E-03,-2.221210E-02,-3.9804962E-01
5.987891E-03,-1.862628E-02,-3.8561371E-01
5.991168E-03,-1.673419E-02,-3.6806610E-01
5.994445E-03,-1.342303E-02,-3.5440948E-01
5.997722E-03,-1.143939E-02,-3.3670929E-01
6.000998E-03,-7.426331E-03,-3.2381561E-01
6.004275E-03,-5.427429E-03,-3.0519989E-01
6.007552E-03,-2.162048E-03,-2.9161957E-01
6.010829E-03,-4.107666E-05,-2.7300385E-01
6.014106E-03,4.460266E-03,-2.5927094E-01
6.017382E-03,5.619934E-03,-2.4111298E-01
6.020659E-03,9.800842E-03,-2.2776154E-01
6.023936E-03,1.239484E-02,-2.0830658E-01
6.027213E-03,1.611798E-02,-1.9472626E-01
6.030490E-03,1.849835E-02,-1.7488983E-01
6.033766E-03,2.235883E-02,-1.6031769E-01
6.037043E-03,2.493756E-02,-1.4200714E-01
6.040320E-03,2.794354E-02,-1.2682465E-01
6.043597E-03,3.172772E-02,-1.0698822E-01
6.046874E-03,3.473370E-02,-9.3179016E-02
6.050150E-03,3.812115E-02,-7.4105530E-02
6.053427E-03,4.243939E-02,-5.8312683E-02
6.056704E-03,4.382794E-02,-3.8705139E-02
6.059981E-03,5.032819E-02,-2.3217468E-02
6.063258E-03,5.064862E-02,-4.8306274E-03
6.066534E-03,5.701154E-02,1.1419983E-02
6.069811E-03,5.846112E-02,3.0264587E-02
6.073088E-03,6.387799E-02,4.6286316E-02
6.076365E-03,6.546490E-02,6.3681335E-02
6.079642E-03,7.048505E-02,8.0237122E-02
6.082918E-03,7.109540E-02,9.9539490E-02
6.086195E-03,7.645123E-02,1.1617157E-01
6.089472E-03,7.793134E-02,1.3471100E-01
6.092749E-03,8.337872E-02,1.5027496E-01
6.096026E-03,8.513348E-02,1.6858551E-01
6.099302E-03,8.920758E-02,1.8544647E-01
6.102579E-03,9.175580E-02,2.0253632E-01
6.105856E-03,9.566205E-02,2.1840546E-01
6.109133E-03,9.801190E-02,2.3587677E-01
6.112410E-03,1.021165E-01,2.5197479E-01
6.115686E-03,1.043290E-01,2.6944611E-01
6.118963E-03,1.089982E-01,2.8531525E-01
6.122240E-03,1.107377E-01,3.0263397E-01
6.125517E-03,1.140794E-01,3.1865570E-01
6.128794E-03,1.160325E-01,3.3505890E-01
6.132070E-03,1.195573E-01,3.5115692E-01
6.135347E-03,1.215410E-01,3.6771271E-01
6.138624E-03,1.250505E-01,3.8373444E-01
6.141901E-03,1.265458E-01,3.9906952E-01
6.145178E-03,1.304368E-01,4.1516754E-01
6.148454E-03,1.317491E-01,4.3080780E-01
6.151731E-03,1.354722E-01,4.4621918E-01
6.155008E-03,1.351976E-01,4.6132538E-01
6.158285E-03,1.393785E-01,4.7574493E-01
6.161562E-03,1.394395E-01,4.9031708E-01
6.164838E-03,1.429338E-01,5.0534698E-01
6.168115E-03,1.431169E-01,5.1892731E-01
6.171392E-03,1.460923E-01,5.3395721E-01
6.174669E-03,1.463517E-01,5.4746124E-01
6.177946E-03,1.486711E-01,5.6241486E-01
6.181222E-03,1.480455E-01,5.7363007E-01
6.184499E-03,1.514634E-01,5.8675262E-01
6.187776E-03,1.510057E-01,5.9850189E-01
6.191053E-03,1.524247E-01,6.1276886E-01
6.194330E-03,1.521043E-01,6.2291595E-01
6.197606E-03,1.539201E-01,6.3641998E-01
6.200883E-03,1.534318E-01,6.4755890E-01
6.204160E-03,1.545457E-01,6.5976593E-01
6.207437E-03,1.538286E-01,6.7014191E-01
6.210714E-03,1.541185E-01,6.8265411E-01
6.213990E-03,1.534318E-01,6.9203827E-01
6.217267E-03,1.542253E-01,7.0523712E-01
6.220544E-03,1.529435E-01,7.1370575E-01
6.223821E-03,1.534013E-01,7.2644684E-01
6.227098E-03,1.518754E-01,7.3369476E-01
6.230374E-03,1.511888E-01,7.4475739E-01
6.233651E-03,1.496934E-01,7.5116608E-01
6.236928E-03,1.491288E-01,7.6276276E-01
6.240205E-03,1.474962E-01,7.6894257E-01
6.243482E-03,1.463975E-01,7.7817413E-01
6.246758E-03,1.443986E-01,7.8328583E-01
6.250035E-03,1.432084E-01,7.9381439E-01
6.253312E-03,1.400041E-01,7.9900238E-01
6.256589E-03,1.388139E-01,8.0792877E-01
6.259866E-03,1.361589E-01,8.1250641E-01
6.263142E-03,1.348314E-01,8.2150909E-01
6.266419E-03,1.313066E-01,8.2334015E-01
6.269696E-03,1.293840E-01,8.3234283E-01
6.272973E-03,1.260423E-01,8.3402130E-01
6.276250E-03,1.244401E-01,8.4203217E-01
6.279526E-03,1.203965E-01,8.4271881E-01
6.282803E-03,1.184129E-01,8.5042450E-01
6.286080E-03,1.139573E-01,8.5111115E-01
6.289357E-03,1.114702E-01,8.5874054E-01
6.292634E-03,1.074266E-01,8.5751984E-01
6.295910E-03,1.045121E-01,8.6408112E-01
6.299187E-03,1.000108E-01,8.6270782E-01
6.302464E-03,9.660809E-02,8.6812469E-01
6.305741E-03,9.206097E-02,8.6675140E-01
6.309018E-03,8.929913E-02,8.7148163E-01
6.312294E-03,8.510297E-02,8.6881134E-01
6.315571E-03,8.055585E-02,8.7163422E-01
6.318848E-03,7.677167E-02,8.6987946E-01
6.322125E-03,7.295697E-02,8.7316010E-01
6.325402E-03,6.793683E-02,8.6904022E-01
6.328678E-03,6.345074E-02,8.7178680E-01
6.331955E-03,5.917828E-02,8.6675140E-01
6.335232E-03,5.397504E-02,8.6865875E-01
6.338509E-03,4.976361E-02,8.6354706E-01
6.341786E-03,4.430096E-02,8.6446259E-01
6.345062E-03,3.949445E-02,8.5904572E-01
6.348339E-03,3.491681E-02,8.5973236E-01
6.351616E-03,3.113263E-02,8.5324738E-01
6.354893E-03,2.460187E-02,8.5271332E-01
6.358170E-03,2.101605E-02,8.4599945E-01
6.361446E-03,1.479047E-02,8.4439728E-01
6.364723E-03,1.079266E-02,8.3676788E-01
6.368000E-03,4.643372E-03,8.3363983E-01
6.371277E-03,7.523804E-04,8.2623932E-01
6.374554E-03,-5.320618E-03,8.2295868E-01
6.377830E-03,-9.089539E-03,8.1433746E-01
6.381107E-03,-1.584918E-02,8.0991241E-01
6.384384E-03,-1.891620E-02,8.0068085E-01
6.387661E-03,-2.559955E-02,7.9541656E-01
6.390938E-03,-2.915485E-02,7.8595612E-01
6.394214E-03,-3.548724E-02,7.8038666E-01
6.397491E-03,-3.895099E-02,7.7023956E-01
6.400768E-03,-4.612262E-02,7.6421234E-01
6.404045E-03,-4.769427E-02,7.5406525E-01
6.407322E-03,-5.562885E-02,7.4758026E-01
6.410598E-03,-5.848224E-02,7.3628876E-01
6.413875E-03,-6.511981E-02,7.2865936E-01
6.417152E-03,-6.789691E-02,7.1675751E-01
6.420429E-03,-7.435138E-02,7.0813629E-01
6.423706E-03,-7.738788E-02,6.9646332E-01
6.426982E-03,-8.333881E-02,6.8715546E-01
6.430259E-03,-8.584125E-02,6.7388031E-01
6.433536E-03,-9.267719E-02,6.6419098E-01
6.436813E-03,-9.487445E-02,6.5068695E-01
6.440090E-03,-9.965045E-02,6.4076874E-01
6.443366E-03,-1.032515E-01,6.2779877E-01
6.446643E-03,-1.089431E-01,6.1673615E-01
6.449920E-03,-1.114455E-01,6.0384247E-01
6.453197E-03,-1.164199E-01,5.9148285E-01
6.456474E-03,-1.190139E-01,5.7843658E-01
6.459750E-03,-1.242934E-01,5.6546661E-01
6.463027E-03,-1.268721E-01,5.5203888E-01
6.466304E-03,-1.315566E-01,5.3899261E-01
6.469581E-03,-1.325942E-01,5.2457306E-01
6.472858E-03,-1.375685E-01,5.0954315E-01
6.476134E-03,-1.401015E-01,4.9542877E-01
6.479411E-03,-1.436110E-01,4.8093292E-01
6.482688E-03,-1.460677E-01,4.6628448E-01
6.485965E-03,-1.494094E-01,4.5255157E-01
6.489242E-03,-1.514083E-01,4.3706390E-01
6.492518E-03,-1.552535E-01,4.2073700E-01
6.495795E-03,-1.566420E-01,4.0624115E-01
6.499072E-03,-1.596633E-01,3.9052460E-01
6.502349E-03,-1.614028E-01,3.7526581E-01
6.505626E-03,-1.643782E-01,3.5840485E-01
6.508902E-03,-1.655989E-01,3.4337494E-01
6.512179E-03,-1.675215E-01,3.2552216E-01
6.515456E-03,-1.688338E-01,3.0950043E-01
6.518733E-03,-1.708632E-01,2.9256317E-01
6.522010E-03,-1.713362E-01,2.7646515E-01
6.525286E-03,-1.736403E-01,2.5891754E-01
6.528563E-03,-1.740370E-01,2.4304840E-01
6.531840E-03,-1.755934E-01,2.2550079E-01
6.535117E-03,-1.764327E-01,2.0841095E-01
6.538394E-03,-1.775313E-01,1.9017670E-01
6.541670E-03,-1.781264E-01,1.7407867E-01
6.544947E-03,-1.790114E-01,1.5561554E-01
6.548224E-03,-1.785994E-01,1.4020416E-01
6.551501E-03,-1.805068E-01,1.2181732E-01
6.554778E-03,-1.798659E-01,1.0564301E-01
6.558054E-03,-1.810561E-01,8.6493225E-02
6.561331E-03,-1.799422E-01,7.1310730E-02
6.564608E-03,-1.805831E-01,5.1550598E-02
6.567885E-03,-1.801253E-01,3.5834045E-02
6.571162E-03,-1.806441E-01,1.6455383E-02
6.574438E-03,-1.800032E-01,2.0358276E-03
6.577715E-03,-1.796370E-01,-1.7495422E-02
6.580992E-03,-1.787978E-01,-3.3593445E-02
6.584269E-03,-1.787978E-01,-5.3200989E-02
6.587546E-03,-1.773940E-01,-6.9299011E-02
6.590822E-03,-1.770583E-01,-8.9898376E-02
6.594099E-03,-1.752272E-01,-1.0370758E-01
6.597376E-03,-1.753188E-01,-1.2285736E-01
6.600653E-03,-1.738539E-01,-1.3674286E-01
6.603930E-03,-1.732589E-01,-1.5627411E-01
6.607206E-03,-1.712905E-01,-1.7061737E-01
6.610483E-03,-1.708785E-01,-1.9091156E-01
6.613760E-03,-1.692305E-01,-2.0456818E-01
6.617037E-03,-1.682082E-01,-2.2371796E-01
6.620314E-03,-1.661788E-01,-2.3645905E-01
6.623590E-03,-1.647444E-01,-2.5667694E-01
6.626867E-03,-1.622725E-01,-2.6873138E-01
6.630144E-03,-1.613570E-01,-2.8879669E-01
6.633421E-03,-1.589156E-01,-3.0207184E-01
6.636698E-03,-1.592055E-01,-3.2137421E-01
6.639974E-03,-1.556502E-01,-3.3411530E-01
6.643251E-03,-1.552077E-01,-3.5250214E-01
6.646528E-03,-1.527663E-01,-3.6501434E-01
6.649805E-03,-1.500502E-01,-3.8340118E-01
6.653082E-03,-1.499282E-01,-3.9568451E-01
6.656358E-03,-1.467849E-01,-4.1445282E-01
6.659635E-03,-1.470290E-01,-4.2604950E-01
6.662912E-03,-1.421767E-01,-4.4474152E-01
6.666189E-03,-1.430007E-01,-4.5664337E-01
6.669466E-03,-1.394149E-01,-4.7289398E-01
6.672742E-03,-1.394606E-01,-4.8380402E-01
6.676019E-03,-1.354933E-01,-5.0097015E-01
6.679296E-03,-1.356765E-01,-5.1249054E-01
6.682573E-03,-1.313582E-01,-5.2820709E-01
6.685850E-03,-1.319838E-01,-5.3850677E-01
6.689126E-03,-1.277571E-01,-5.5475739E-01
6.692403E-03,-1.278792E-01,-5.6429413E-01
6.695680E-03,-1.237288E-01,-5.7871368E-01
6.698957E-03,-1.239424E-01,-5.8855560E-01
6.702234E-03,-1.195632E-01,-6.0213593E-01
6.705510E-03,-1.205397E-01,-6.1159637E-01
6.708787E-03,-1.166182E-01,-6.2555817E-01
6.712064E-03,-1.158553E-01,-6.3356903E-01
6.715341E-03,-1.124678E-01,-6.4730194E-01
6.718618E-03,-1.127730E-01,-6.5531281E-01
6.721894E-03,-1.081191E-01,-6.6774872E-01
6.725171E-03,-1.083480E-01,-6.7591217E-01
6.728448E-03,-1.051741E-01,-6.8804291E-01
6.731725E-03,-1.049605E-01,-6.9613007E-01
6.735002E-03,-1.027632E-01,-7.0620087E-01
6.738278E-03,-1.000167E-01,-7.1489838E-01
6.741555E-03,-9.908588E-02,-7.2321442E-01
6.744832E-03,-9.713275E-02,-7.3114899E-01
6.748109E-03,-9.650714E-02,-7.3832062E-01
6.751386E-03,-9.394366E-02,-7.4610260E-01
6.754662E-03,-9.348590E-02,-7.5304535E-01
6.757939E-03,-9.141071E-02,-7.6014069E-01
6.761216E-03,-8.986957E-02,-7.6563385E-01
6.764493E-03,-8.764178E-02,-7.7234772E-01
6.767770E-03,-8.768756E-02,-7.7784088E-01
6.771046E-03,-8.535297E-02,-7.8295258E-01
6.774323E-03,-8.387286E-02,-7.8775909E-01
6.777600E-03,-8.201129E-02,-7.9279449E-01
6.780877E-03,-8.088214E-02,-7.9660919E-01
6.784154E-03,-7.934100E-02,-8.0172089E-01
6.787430E-03,-7.847125E-02,-8.0515411E-01
6.790707E-03,-7.660968E-02,-8.0950287E-01
6.793984E-03,-7.538898E-02,-8.1202057E-01
6.797261E-03,-7.310016E-02,-8.1530121E-01
6.800538E-03,-7.229144E-02,-8.1697968E-01
6.803814E-03,-7.064349E-02,-8.1873444E-01
6.807091E-03,-6.959064E-02,-8.1980255E-01
6.810368E-03,-6.782062E-02,-8.2148102E-01
6.813645E-03,-6.719501E-02,-8.2163361E-01
6.816922E-03,-6.547076E-02,-8.2338837E-01
6.820198E-03,-6.406696E-02,-8.2262543E-01
6.823475E-03,-6.286151E-02,-8.2277802E-01
6.826752E-03,-6.119830E-02,-8.2224396E-01
6.830029E-03,-5.959613E-02,-8.2148102E-01
6.833306E-03,-5.846698E-02,-8.1911591E-01
6.836582E-03,-5.753619E-02,-8.1812408E-01
6.839859E-03,-5.550677E-02,-8.1568268E-01
6.843136E-03,-5.445392E-02,-8.1339386E-01
6.846413E-03,-5.283649E-02,-8.1003693E-01
6.849690E-03,-5.149371E-02,-8.0805328E-01
6.852966E-03,-4.993732E-02,-8.0423859E-01
6.856243E-03,-4.952533E-02,-8.0164459E-01
6.859520E-03,-4.740436E-02,-7.9660919E-01
6.862797E-03,-4.648883E-02,-7.9226044E-01
6.866074E-03,-4.401691E-02,-7.8684357E-01
6.869350E-03,-4.343707E-02,-7.8218964E-01
6.872627E-03,-4.142291E-02,-7.7578094E-01
6.875904E-03,-4.053790E-02,-7.7135590E-01
6.879181E-03,-3.750140E-02,-7.6410797E-01
6.882458E-03,-3.704364E-02,-7.5869110E-01
6.885734E-03,-3.423602E-02,-7.5159576E-01
6.889011E-03,-3.484637E-02,-7.4450043E-01
6.892288E-03,-3.132159E-02,-7.3633698E-01
6.895565E-03,-3.078754E-02,-7.2870758E-01
6.898842E-03,-2.813251E-02,-7.2016266E-01
6.902118E-03,-2.776630E-02,-7.1184662E-01
6.905395E-03,-2.369220E-02,-7.0223358E-01
6.908672E-03,-2.387531E-02,-6.9422272E-01
6.911949E-03,-2.047260E-02,-6.8415192E-01
6.915226E-03,-2.007587E-02,-6.7560699E-01
6.918502E-03,-1.632220E-02,-6.6462067E-01
6.921779E-03,-1.592548E-02,-6.5432098E-01
6.925056E-03,-1.237018E-02,-6.4379242E-01
6.928333E-03,-1.156146E-02,-6.3395050E-01
6.931610E-03,-8.006165E-03,-6.2212494E-01
6.934886E-03,-8.128235E-03,-6.1129120E-01
6.938163E-03,-3.794739E-03,-5.9885529E-01
6.941440E-03,-4.252502E-03,-5.8741119E-01
6.944717E-03,9.625244E-05,-5.7528046E-01
6.947994E-03,7.218628E-04,-5.6307343E-01
6.951270E-03,4.963806E-03,-5.5017975E-01
6.954547E-03,5.162170E-03,-5.3812531E-01
6.957824E-03,9.709290E-03,-5.2340057E-01
6.961101E-03,1.012128E-02,-5.1073578E-01
6.964378E-03,1.479047E-02,-4.9570587E-01
6.967654E-03,1.489728E-02,-4.8258331E-01
6.970931E-03,1.884930E-02,-4.6778229E-01
6.974208E-03,1.968854E-02,-4.5504120E-01
6.977485E-03,2.441876E-02,-4.3901947E-01
6.980762E-03,2.467816E-02,-4.2505768E-01
6.984038E-03,2.986615E-02,-4.0911224E-01
6.987315E-03,3.043073E-02,-3.9446381E-01
6.990592E-03,3.517621E-02,-3.7844208E-01
6.993869E-03,3.578656E-02,-3.6379364E-01
6.997146E-03,4.036420E-02,-3.4845856E-01
7.000422E-03,4.121869E-02,-3.3289459E-01
7.003699E-03,4.520123E-02,-3.1618622E-01
7.006976E-03,4.666608E-02,-3.0069855E-01
7.010253E-03,5.038922E-02,-2.8360870E-01
7.013530E-03,5.164044E-02,-2.6712921E-01
7.016806E-03,5.511945E-02,-2.5034454E-01
7.020083E-03,5.733197E-02,-2.3478058E-01
7.023360E-03,6.160443E-02,-2.1662262E-01
7.026637E-03,6.296246E-02,-2.0060089E-01
7.029914E-03,6.645673E-02,-1.8343475E-01
7.033190E-03,6.772321E-02,-1.6726044E-01
7.036467E-03,7.143109E-02,-1.4910248E-01
7.039744E-03,7.320111E-02,-1.3300446E-01
7.043021E-03,7.613080E-02,-1.1599091E-01
7.046298E-03,7.777875E-02,-9.8824768E-02
7.049574E-03,8.115094E-02,-8.1963806E-02
7.052851E-03,8.237164E-02,-6.4721375E-02
7.056128E-03,8.536237E-02,-4.6639709E-02
7.059405E-03,8.708661E-02,-2.9626160E-02
7.062682E-03,8.997052E-02,-1.1849670E-02
7.065958E-03,9.131329E-02,5.1638794E-03
7.069235E-03,9.369366E-02,2.2711487E-02
7.072512E-03,9.528058E-02,4.0106506E-02
7.075789E-03,9.752362E-02,5.8264465E-02
7.079066E-03,9.938519E-02,7.4743958E-02
7.082342E-03,1.016130E-01,9.2978210E-02
7.085619E-03,1.026201E-01,1.1014435E-01
7.088896E-03,1.043901E-01,1.2685272E-01
7.092173E-03,1.062211E-01,1.4462921E-01
7.095450E-03,1.075792E-01,1.6255829E-01
7.098726E-03,1.081895E-01,1.7934296E-01
7.102003E-03,1.107072E-01,1.9696686E-01
7.105280E-03,1.112108E-01,2.1359894E-01
7.108557E-03,1.126451E-01,2.3091766E-01
7.111834E-03,1.137437E-01,2.4671051E-01
7.115110E-03,1.155443E-01,2.6448700E-01
7.118387E-03,1.154832E-01,2.8150055E-01
7.121664E-03,1.162309E-01,2.9775116E-01
7.124941E-03,1.166429E-01,3.1369659E-01
7.128218E-03,1.169328E-01,3.3055756E-01
7.131494E-03,1.173600E-01,3.4642670E-01
7.134771E-03,1.180925E-01,3.6290619E-01
7.138048E-03,1.173906E-01,3.7908051E-01
7.141325E-03,1.178788E-01,3.9487335E-01
7.144602E-03,1.176805E-01,4.1074249E-01
7.147878E-03,1.181688E-01,4.2684052E-01
7.151155E-03,1.166124E-01,4.4240448E-01
7.154432E-03,1.167497E-01,4.5773956E-01
7.157709E-03,1.159562E-01,4.7223541E-01
7.160986E-03,1.153611E-01,4.8680756E-01
7.164262E-03,1.138505E-01,5.0092194E-01
7.167539E-03,1.135301E-01,5.1557037E-01
7.170816E-03,1.124009E-01,5.3052399E-01
7.174093E-03,1.105089E-01,5.4402802E-01
7.177370E-03,1.097001E-01,5.5776093E-01
7.180646E-03,1.081437E-01,5.7042572E-01
7.183923E-03,1.053514E-01,5.8385345E-01
7.187200E-03,1.031389E-01,5.9659454E-01
7.190477E-03,1.017045E-01,6.0933563E-01
7.193754E-03,9.914105E-02,6.2139008E-01
7.197030E-03,9.692853E-02,6.3321564E-01
7.200307E-03,9.425824E-02,6.4382050E-01
7.203584E-03,9.190839E-02,6.5671417E-01
7.206861E-03,8.926862E-02,6.6754791E-01
7.210138E-03,8.565228E-02,6.7800018E-01
7.213414E-03,8.287518E-02,6.8891022E-01
7.216691E-03,7.945721E-02,6.9997284E-01
7.219968E-03,7.719891E-02,7.1027252E-01
7.223245E-03,7.309430E-02,7.2148773E-01
7.226522E-03,7.019513E-02,7.3171112E-01
7.229798E-03,6.744855E-02,7.4071381E-01
7.233075E-03,6.325238E-02,7.5017426E-01
7.236352E-03,5.965131E-02,7.5902435E-01
7.239629E-03,5.527203E-02,7.6779816E-01
7.242906E-03,5.156415E-02,7.7558014E-01
7.246182E-03,4.764264E-02,7.8343842E-01
7.249459E-03,4.385846E-02,7.9152557E-01
7.252736E-03,3.915875E-02,7.9793427E-01
7.256013E-03,3.584760E-02,8.0655548E-01
7.259290E-03,3.081219E-02,8.1273529E-01
7.262566E-03,2.591412E-02,8.1937286E-01
7.265843E-03,2.145856E-02,8.2524750E-01
7.269120E-03,1.714032E-02,8.3119843E-01
7.272397E-03,1.163190E-02,8.3631012E-01
7.275674E-03,7.939270E-03,8.4111664E-01
7.278950E-03,2.400330E-03,8.4615204E-01
7.282227E-03,-2.055237E-03,8.4973785E-01
7.285504E-03,-7.746765E-03,8.5301849E-01
7.288781E-03,-1.117999E-02,8.5774872E-01
7.292058E-03,-1.778705E-02,8.6057159E-01
7.295334E-03,-2.216632E-02,8.6362335E-01
7.298611E-03,-2.747638E-02,8.6591217E-01
7.301888E-03,-3.205402E-02,8.6911652E-01
7.305165E-03,-3.785236E-02,8.7026093E-01
7.308442E-03,-4.180438E-02,8.7316010E-01
7.311718E-03,-4.824359E-02,8.7331268E-01
7.314995E-03,-5.245502E-02,8.7438080E-01
7.318272E-03,-5.834491E-02,8.7407562E-01
7.321549E-03,-6.237323E-02,8.7384674E-01
7.324826E-03,-6.922443E-02,8.7384674E-01
7.328102E-03,-7.302386E-02,8.7384674E-01
7.331379E-03,-7.931049E-02,8.7193939E-01
7.334656E-03,-8.375079E-02,8.7110016E-01
7.337933E-03,-8.921344E-02,8.6904022E-01
7.341210E-03,-9.365375E-02,8.6728546E-01
7.344486E-03,-9.850604E-02,8.6476776E-01
7.347763E-03,-1.034499E-01,8.6217377E-01
7.351040E-03,-1.094771E-01,8.5782501E-01
7.354317E-03,-1.130172E-01,8.5492584E-01
7.357594E-03,-1.188918E-01,8.5072968E-01
7.360870E-03,-1.221419E-01,8.4737274E-01
7.364147E-03,-1.283522E-01,8.4279510E-01
7.367424E-03,-1.316481E-01,8.3852264E-01
7.370701E-03,-1.371718E-01,8.3272430E-01
7.373978E-03,-1.401473E-01,8.2791779E-01
7.377254E-03,-1.462813E-01,8.1960175E-01
7.380531E-03,-1.487685E-01,8.1395599E-01
7.383808E-03,-1.539107E-01,8.0716583E-01
7.387085E-03,-1.567031E-01,8.0121490E-01
7.390362E-03,-1.620284E-01,7.9411957E-01
7.393638E-03,-1.646376E-01,7.8641388E-01
7.396915E-03,-1.699782E-01,7.7710602E-01
7.400192E-03,-1.725112E-01,7.7077362E-01
7.403469E-03,-1.771804E-01,7.6123688E-01
7.406746E-03,-1.789351E-01,7.5353119E-01
7.410022E-03,-1.840163E-01,7.4399445E-01
7.413299E-03,-1.856795E-01,7.3575470E-01
7.416576E-03,-1.908522E-01,7.2583649E-01
7.419853E-03,-1.917678E-01,7.1637604E-01
7.423130E-03,-1.965743E-01,7.0462677E-01
7.426406E-03,-1.970626E-01,6.9501373E-01
7.429683E-03,-2.017470E-01,6.8173859E-01
7.432960E-03,-2.027388E-01,6.7204926E-01
7.436237E-03,-2.065383E-01,6.5946075E-01
7.439514E-03,-2.063704E-01,6.4954254E-01
7.442790E-03,-2.107802E-01,6.3603851E-01
7.446067E-03,-2.101241E-01,6.2459442E-01
7.449344E-03,-2.148391E-01,6.1177704E-01
7.452621E-03,-2.137862E-01,6.0086700E-01
7.455898E-03,-2.171584E-01,5.8736298E-01
7.459174E-03,-2.168837E-01,5.7469818E-01
7.462451E-03,-2.202254E-01,5.6096527E-01
7.465728E-03,-2.194319E-01,5.4814789E-01
7.469005E-03,-2.216902E-01,5.3357574E-01
7.472282E-03,-2.205153E-01,5.2083466E-01
7.475558E-03,-2.228347E-01,5.0466034E-01
7.478835E-03,-2.218734E-01,4.9199554E-01
7.482112E-03,-2.241469E-01,4.7597382E-01
7.485389E-03,-2.217818E-01,4.6285126E-01
7.488666E-03,-2.233077E-01,4.4644806E-01
7.491942E-03,-2.221480E-01,4.3202850E-01
7.495219E-03,-2.243453E-01,4.1570160E-01
7.498496E-03,-2.221328E-01,4.0067169E-01
7.501773E-03,-2.236281E-01,3.8487885E-01
7.505050E-03,-2.216597E-01,3.6809418E-01
7.508326E-03,-2.231398E-01,3.5108063E-01
7.511603E-03,-2.195693E-01,3.3551666E-01
7.514880E-03,-2.209120E-01,3.1796906E-01
7.518157E-03,-2.182570E-01,3.0240509E-01
7.521434E-03,-2.189589E-01,2.8607819E-01
7.524710E-03,-2.165633E-01,2.6967499E-01
7.527987E-03,-2.158766E-01,2.5250885E-01
7.531264E-03,-2.138015E-01,2.3625824E-01
7.534541E-03,-2.132216E-01,2.1916840E-01
7.537818E-03,-2.108412E-01,2.0284149E-01
7.541094E-03,-2.097884E-01,1.8582794E-01
7.544371E-03,-2.072859E-01,1.6866180E-01
7.547648E-03,-2.072707E-01,1.5080902E-01
7.550925E-03,-2.040511E-01,1.3356659E-01
7.554202E-03,-2.036086E-01,1.1502716E-01
7.557478E-03,-2.009536E-01,9.8166199E-02
7.560755E-03,-1.992903E-01,7.9779358E-02
7.564032E-03,-1.964370E-01,6.3605042E-02
7.567309E-03,-1.948195E-01,4.6591492E-02
7.570586E-03,-1.916152E-01,2.9043884E-02
7.573862E-03,-1.902419E-01,1.1725159E-02
7.577139E-03,-1.868087E-01,-6.2039185E-03
7.580416E-03,-1.850081E-01,-2.3141174E-02
7.583693E-03,-1.819716E-01,-4.0612488E-02
7.586970E-03,-1.800338E-01,-5.7626038E-02
7.590246E-03,-1.763869E-01,-7.5402527E-02
7.593523E-03,-1.742659E-01,-9.2263489E-02
7.596800E-03,-1.703749E-01,-1.0912445E-01
7.600077E-03,-1.684371E-01,-1.2606171E-01
7.603354E-03,-1.650801E-01,-1.4193085E-01
7.606630E-03,-1.634169E-01,-1.5963104E-01
7.609907E-03,-1.589461E-01,-1.7740753E-01
7.613184E-03,-1.574507E-01,-1.9434479E-01
7.616461E-03,-1.544295E-01,-2.1021393E-01
7.619738E-03,-1.511489E-01,-2.2722748E-01
7.623014E-03,-1.478682E-01,-2.4302032E-01
7.626291E-03,-1.458235E-01,-2.5904205E-01
7.629568E-03,-1.425734E-01,-2.7491119E-01
7.632845E-03,-1.398421E-01,-2.9139069E-01
7.636122E-03,-1.366835E-01,-3.0733612E-01
7.639398E-03,-1.343032E-01,-3.2351044E-01
7.642675E-03,-1.304579E-01,-3.4075287E-01
7.645952E-03,-1.295272E-01,-3.5608795E-01
7.649229E-03,-1.260634E-01,-3.7027863E-01
7.652506E-03,-1.234084E-01,-3.8637665E-01
7.655782E-03,-1.201277E-01,-4.0117767E-01
7.659059E-03,-1.175948E-01,-4.1689423E-01
7.662336E-03,-1.155501E-01,-4.3169525E-01
7.665613E-03,-1.132766E-01,-4.4565704E-01
7.668890E-03,-1.099654E-01,-4.6000031E-01
7.672166E-03,-1.079512E-01,-4.7403839E-01
7.675443E-03,-1.045943E-01,-4.8769501E-01
7.678720E-03,-1.025954E-01,-5.0135162E-01
7.681997E-03,-9.939105E-02,-5.1455048E-01
7.685274E-03,-9.743793E-02,-5.2713898E-01
7.688550E-03,-9.441669E-02,-5.4003265E-01
7.691827E-03,-9.308917E-02,-5.5277374E-01
7.695104E-03,-8.979327E-02,-5.6520966E-01
7.698381E-03,-8.776385E-02,-5.7627228E-01
7.701658E-03,-8.510883E-02,-5.8901337E-01
7.704934E-03,-8.304889E-02,-6.0053375E-01
7.708211E-03,-8.065326E-02,-6.1213043E-01
7.711488E-03,-7.903583E-02,-6.2304047E-01
7.714765E-03,-7.630450E-02,-6.3417938E-01
7.718042E-03,-7.467181E-02,-6.4394501E-01
7.721318E-03,-7.213885E-02,-6.5569427E-01
7.724595E-03,-7.042987E-02,-6.6561249E-01
7.727872E-03,-6.746967E-02,-6.7484406E-01
7.731149E-03,-6.698138E-02,-6.8346527E-01
7.734426E-03,-6.450946E-02,-6.9246796E-01
7.737702E-03,-6.252582E-02,-7.0139435E-01
7.740979E-03,-6.092365E-02,-7.1032074E-01
7.744256E-03,-6.000812E-02,-7.1779755E-01
7.747533E-03,-5.744464E-02,-7.2710541E-01
7.750810E-03,-5.617816E-02,-7.3404816E-01
7.754086E-03,-5.460651E-02,-7.4152496E-01
7.757363E-03,-5.308063E-02,-7.4778107E-01
7.760640E-03,-5.146320E-02,-7.5434235E-01
7.763917E-03,-5.012042E-02,-7.6128510E-01
7.767194E-03,-4.853351E-02,-7.6715973E-01
7.770470E-03,-4.699237E-02,-7.7204254E-01
7.773747E-03,-4.578693E-02,-7.7776459E-01
7.777024E-03,-4.427631E-02,-7.8226593E-01
7.780301E-03,-4.316241E-02,-7.8760651E-01
7.783578E-03,-4.163654E-02,-7.8981903E-01
7.786854E-03,-4.070575E-02,-7.9485443E-01
7.790131E-03,-3.863055E-02,-7.9821136E-01
7.793408E-03,-3.695209E-02,-8.0156830E-01
7.796685E-03,-3.545673E-02,-8.0301788E-01
7.799962E-03,-3.390033E-02,-8.0553558E-01
7.803238E-03,-3.170306E-02,-8.0698517E-01
7.806515E-03,-3.145892E-02,-8.0996063E-01
7.809792E-03,-3.017719E-02,-8.1003693E-01
7.813069E-03,-2.974994E-02,-8.1209686E-01
7.816346E-03,-2.753741E-02,-8.1202057E-01
7.819622E-03,-2.721698E-02,-8.1347015E-01
7.822899E-03,-2.483661E-02,-8.1247833E-01
7.826176E-03,-2.485187E-02,-8.1278351E-01
7.829453E-03,-2.256305E-02,-8.1057098E-01
7.832730E-03,-2.184589E-02,-8.1034210E-01
7.836006E-03,-1.948077E-02,-8.0706146E-01
7.839283E-03,-1.926715E-02,-8.0629852E-01
7.842560E-03,-1.600177E-02,-8.0332306E-01
7.845837E-03,-1.649005E-02,-8.0133942E-01
7.849114E-03,-1.385028E-02,-7.9737213E-01
7.852390E-03,-1.371295E-02,-7.9531219E-01
7.855667E-03,-1.060016E-02,-7.9050568E-01
7.858944E-03,-1.023395E-02,-7.8730133E-01
7.862221E-03,-8.006165E-03,-7.8287628E-01
7.865498E-03,-7.838318E-03,-7.7784088E-01
7.868774E-03,-5.580017E-03,-7.7227142E-01
7.872051E-03,-5.580017E-03,-7.6784637E-01
7.875328E-03,-2.390930E-03,-7.6136139E-01
7.878605E-03,-2.329895E-03,-7.5632599E-01
7.881882E-03,-4.683228E-04,-7.4953583E-01
7.885158E-03,-3.462524E-04,-7.4251678E-01
7.888435E-03,3.468445E-03,-7.3572662E-01
7.891712E-03,3.605774E-03,-7.2931793E-01
7.894989E-03,7.450989E-03,-7.2016266E-01
7.898266E-03,6.688049E-03,-7.1245697E-01
7.901542E-03,1.030438E-02,-7.0314911E-01
7.904819E-03,9.755066E-03,-6.9536713E-01
7.908096E-03,1.327985E-02,-6.8567780E-01
7.911373E-03,1.331036E-02,-6.7690399E-01
7.914650E-03,1.652997E-02,-6.6622284E-01
7.917926E-03,1.648419E-02,-6.5714386E-01
7.921203E-03,2.031415E-02,-6.4585236E-01
7.924480E-03,2.052777E-02,-6.3616302E-01
7.927757E-03,2.385419E-02,-6.2365082E-01
7.931034E-03,2.364056E-02,-6.1365631E-01
7.934310E-03,2.766888E-02,-6.0167816E-01
7.937587E-03,2.637189E-02,-5.9122589E-01
7.940864E-03,3.113263E-02,-5.7779816E-01
7.944141E-03,3.036969E-02,-5.6688812E-01
7.947418E-03,3.445905E-02,-5.5338409E-01
7.950694E-03,3.412335E-02,-5.4132965E-01
7.953971E-03,3.790753E-02,-5.2752045E-01
7.957248E-03,3.723615E-02,-5.1600006E-01
7.960525E-03,4.219525E-02,-5.0150421E-01
7.963802E-03,4.077618E-02,-4.8883942E-01
7.967078E-03,4.561322E-02,-4.7342804E-01
7.970355E-03,4.535382E-02,-4.6076324E-01
7.973632E-03,4.860394E-02,-4.4497040E-01
7.976909E-03,4.878705E-02,-4.3184784E-01
7.980186E-03,5.183881E-02,-4.1582611E-01
7.983462E-03,5.249493E-02,-4.0239838E-01
7.986739E-03,5.493634E-02,-3.8546112E-01
7.990016E-03,5.482953E-02,-3.7066010E-01
7.993293E-03,5.823224E-02,-3.5524872E-01
7.996570E-03,5.807965E-02,-3.3968475E-01
7.999846E-03,6.116193E-02,-3.2427338E-01
8.003123E-03,6.062787E-02,-3.0878571E-01
8.006400E-03,6.345074E-02,-2.9123810E-01
8.009677E-03,6.432050E-02,-2.7552155E-01
8.012954E-03,6.714337E-02,-2.5873688E-01
8.016230E-03,6.628888E-02,-2.4332550E-01
8.019507E-03,6.869977E-02,-2.2699860E-01
8.022784E-03,6.963055E-02,-2.1067169E-01
8.026061E-03,7.191937E-02,-1.9304779E-01
8.029338E-03,7.143109E-02,-1.7672089E-01
8.032614E-03,7.252972E-02,-1.5963104E-01
8.035891E-03,7.315533E-02,-1.4261749E-01
8.039168E-03,7.396405E-02,-1.2552765E-01
8.042445E-03,7.417767E-02,-1.0950592E-01
8.045722E-03,7.564252E-02,-9.1424255E-02
8.048998E-03,7.542889E-02,-7.4639587E-02
8.052275E-03,7.622235E-02,-5.7320862E-02
8.055552E-03,7.553571E-02,-3.9239197E-02
8.058829E-03,7.660382E-02,-2.2378235E-02
8.062106E-03,7.658856E-02,-4.6780396E-03
8.065382E-03,7.689374E-02,1.3785095E-02
8.068659E-03,7.561200E-02,3.0493469E-02
8.071936E-03,7.530682E-02,4.7049255E-02
8.075213E-03,7.472699E-02,6.4444275E-02
8.078490E-03,7.552045E-02,8.2068176E-02
8.081766E-03,7.474225E-02,9.9615784E-02
8.085043E-03,7.463544E-02,1.1777374E-01
8.088320E-03,7.396405E-02,1.3493988E-01
8.091597E-03,7.294171E-02,1.5134308E-01
8.094874E-03,7.230084E-02,1.6957733E-01
8.098150E-03,7.086652E-02,1.8720123E-01
8.101427E-03,6.908124E-02,2.0368073E-01
8.104704E-03,6.819623E-02,2.2138092E-01
8.107981E-03,6.654828E-02,2.3725006E-01
8.111258E-03,6.589215E-02,2.5433990E-01
8.114534E-03,6.374066E-02,2.7158234E-01
8.117811E-03,6.232159E-02,2.8775665E-01
8.121088E-03,5.923932E-02,3.0362579E-01
8.124365E-03,5.833905E-02,3.2048676E-01
8.127642E-03,5.537885E-02,3.3719513E-01
8.130918E-03,5.371564E-02,3.5436127E-01
8.134195E-03,5.211346E-02,3.7076447E-01
8.137472E-03,4.926007E-02,3.8732025E-01
8.140749E-03,4.666608E-02,4.0318939E-01
8.144026E-03,4.419415E-02,4.1921112E-01
8.147302E-03,4.144757E-02,4.3492767E-01
8.150579E-03,3.860944E-02,4.5094940E-01
8.153856E-03,3.537457E-02,4.6491119E-01
8.157133E-03,3.233807E-02,4.8016998E-01
8.160410E-03,2.864545E-02,4.9466583E-01
8.163686E-03,2.556317E-02,5.0954315E-01
8.166963E-03,2.194684E-02,5.2358124E-01
8.170240E-03,1.868146E-02,5.3792450E-01
8.173517E-03,1.506512E-02,5.5196259E-01
8.176794E-03,1.102155E-02,5.6508514E-01
8.180070E-03,7.115295E-03,5.7889435E-01
8.183347E-03,3.041199E-03,5.9094879E-01
8.186624E-03,-1.154968E-03,6.0483429E-01
8.189901E-03,-4.710266E-03,6.1704132E-01
8.193178E-03,-9.409973E-03,6.2894318E-01
8.196454E-03,-1.383502E-02,6.4046356E-01
8.199731E-03,-1.842792E-02,6.5259430E-01
8.203008E-03,-2.241046E-02,6.6457245E-01
8.206285E-03,-2.714069E-02,6.7647430E-01
8.209562E-03,-3.167255E-02,6.8746063E-01
8.212838E-03,-3.588397E-02,6.9928619E-01
8.216115E-03,-4.113300E-02,7.1027252E-01
8.219392E-03,-4.523761E-02,7.2064850E-01
8.222669E-03,-5.041034E-02,7.3087189E-01
8.225946E-03,-5.512531E-02,7.4056122E-01
8.229222E-03,-6.049640E-02,7.4979279E-01
8.232499E-03,-6.470782E-02,7.5925323E-01
8.235776E-03,-7.010944E-02,7.6734039E-01
8.239053E-03,-7.450397E-02,7.7657196E-01
8.242330E-03,-8.002765E-02,7.8397247E-01
8.245606E-03,-8.455951E-02,7.9312775E-01
8.248883E-03,-9.019000E-02,8.0060455E-01
8.252160E-03,-9.524066E-02,8.0777618E-01
8.255437E-03,-1.006880E-01,8.1525299E-01
8.258714E-03,-1.050063E-01,8.2173798E-01
8.261990E-03,-1.109572E-01,8.2723114E-01
8.265267E-03,-1.156417E-01,8.3386871E-01
8.268544E-03,-1.211043E-01,8.3837006E-01
8.271821E-03,-1.249343E-01,8.4523651E-01
8.275098E-03,-1.304732E-01,8.4989044E-01
8.278374E-03,-1.351271E-01,8.5484955E-01
8.281651E-03,-1.406356E-01,8.5881683E-01
8.284928E-03,-1.448012E-01,8.6301300E-01
8.288205E-03,-1.498366E-01,8.6629364E-01
8.291482E-03,-1.535292E-01,8.7003204E-01
8.294758E-03,-1.592360E-01,8.7224457E-01
8.298035E-03,-1.631728E-01,8.7544891E-01
8.301312E-03,-1.679335E-01,8.7712738E-01
8.304589E-03,-1.714583E-01,8.7911102E-01
8.307866E-03,-1.764022E-01,8.8109467E-01
8.311142E-03,-1.802474E-01,8.8185760E-01
8.314419E-03,-1.853743E-01,8.8254425E-01
8.317696E-03,-1.888991E-01,8.8345978E-01
8.320973E-03,-1.929732E-01,8.8353607E-01
8.324250E-03,-1.965743E-01,8.8399384E-01
8.327526E-03,-2.012130E-01,8.8307831E-01
8.330803E-03,-2.039595E-01,8.8170502E-01
8.334080E-03,-2.083846E-01,8.7995026E-01
8.337357E-03,-2.106734E-01,8.7888214E-01
8.340634E-03,-2.154036E-01,8.7605927E-01
8.343910E-03,-2.173873E-01,8.7407562E-01
8.347187E-03,-2.223311E-01,8.7117645E-01
8.350464E-03,-2.244521E-01,8.6797211E-01
8.353741E-03,-2.281600E-01,8.6446259E-01
8.357018E-03,-2.292891E-01,8.6141083E-01
8.360294E-03,-2.332259E-01,8.5706207E-01
8.363571E-03,-2.347975E-01,8.5278961E-01
8.366848E-03,-2.378035E-01,8.4737274E-01
8.370125E-03,-2.390395E-01,8.4310028E-01
8.373402E-03,-2.425948E-01,8.3730194E-01
8.376678E-03,-2.437087E-01,8.3157990E-01
8.379955E-03,-2.460738E-01,8.2547638E-01
8.383232E-03,-2.466689E-01,8.1899139E-01
8.386509E-03,-2.500411E-01,8.1143829E-01
8.389786E-03,-2.496901E-01,8.0518219E-01
8.393062E-03,-2.522994E-01,7.9625580E-01
8.396339E-03,-2.519942E-01,7.8908417E-01
8.399616E-03,-2.546645E-01,7.8092072E-01
8.402893E-03,-2.537490E-01,7.7252838E-01
8.406170E-03,-2.560530E-01,7.6261017E-01
8.409446E-03,-2.545577E-01,7.5566742E-01
8.412723E-03,-2.564345E-01,7.4552032E-01
8.416000E-03,-2.554274E-01,7.3674652E-01
8.419277E-03,-2.573958E-01,7.2606537E-01
8.422554E-03,-2.557173E-01,7.1645233E-01
8.425830E-03,-2.571669E-01,7.0516083E-01
8.429107E-03,-2.543288E-01,6.9554779E-01
8.432384E-03,-2.561293E-01,6.8364594E-01
8.435661E-03,-2.540389E-01,6.7220184E-01
8.438938E-03,-2.549086E-01,6.6029999E-01
8.442214E-03,-2.517043E-01,6.4916107E-01
8.445491E-03,-2.530776E-01,6.3641998E-01
8.448768E-03,-2.499953E-01,6.2581512E-01
8.452045E-03,-2.502547E-01,6.1215851E-01
8.455322E-03,-2.469893E-01,6.0086700E-01
8.458598E-03,-2.471877E-01,5.8637115E-01
8.461875E-03,-2.435408E-01,5.7408783E-01
8.465152E-03,-2.445479E-01,5.5943939E-01
8.468429E-03,-2.404738E-01,5.4616425E-01
8.471706E-03,-2.403670E-01,5.3143951E-01
8.474982E-03,-2.368880E-01,5.1770660E-01
8.478259E-03,-2.361251E-01,5.0237152E-01
8.481536E-03,-2.322493E-01,4.8840973E-01
8.484813E-03,-2.319594E-01,4.7330353E-01
8.488090E-03,-2.275954E-01,4.5873138E-01
8.491366E-03,-2.264510E-01,4.4309113E-01
8.494643E-03,-2.216597E-01,4.2836639E-01
8.497920E-03,-2.204543E-01,4.1219208E-01
8.501197E-03,-2.164565E-01,3.9746735E-01
8.504474E-03,-2.153121E-01,3.8129303E-01
8.507750E-03,-2.099868E-01,3.6519501E-01
8.511027E-03,-2.083693E-01,3.4787628E-01
8.514304E-03,-2.041121E-01,3.3277008E-01
8.517581E-03,-2.023421E-01,3.1522247E-01
8.520858E-03,-1.986190E-01,2.9920074E-01
8.524134E-03,-1.963607E-01,2.8249237E-01
8.527411E-03,-1.915847E-01,2.6586029E-01
8.530688E-03,-1.894179E-01,2.4884674E-01
8.533965E-03,-1.844588E-01,2.3229095E-01
8.537242E-03,-1.821547E-01,2.1542999E-01
8.540518E-03,-1.781111E-01,1.9826385E-01
8.543795E-03,-1.752578E-01,1.8056366E-01
8.547072E-03,-1.707869E-01,1.6316864E-01
8.550349E-03,-1.682387E-01,1.4653656E-01
8.553626E-03,-1.640273E-01,1.2898895E-01
8.556902E-03,-1.615554E-01,1.1121246E-01
8.560179E-03,-1.568557E-01,9.3130798E-02
8.563456E-03,-1.536360E-01,7.5201721E-02
8.566733E-03,-1.495009E-01,5.8798523E-02
8.570010E-03,-1.468764E-01,4.0640564E-02
8.573286E-03,-1.421157E-01,2.3779602E-02
8.576563E-03,-1.392470E-01,6.9949341E-03
8.579840E-03,-1.354476E-01,-1.0552673E-02
8.583117E-03,-1.322127E-01,-2.7718811E-02
8.586394E-03,-1.285659E-01,-4.5876770E-02
8.589670E-03,-1.254073E-01,-6.3729553E-02
8.592947E-03,-1.215926E-01,-8.0743103E-02
8.596224E-03,-1.180068E-01,-9.8519592E-02
8.599501E-03,-1.140242E-01,-1.1438873E-01
8.602778E-03,-1.111098E-01,-1.3147858E-01
8.606054E-03,-1.064711E-01,-1.4795807E-01
8.609331E-03,-1.047621E-01,-1.6443756E-01
8.612608E-03,-1.005049E-01,-1.8221405E-01
8.615885E-03,-9.788043E-02,-1.9838837E-01
8.619162E-03,-9.360797E-02,-2.1502045E-01
8.622438E-03,-9.101398E-02,-2.3096588E-01
8.625715E-03,-8.770282E-02,-2.4729279E-01
8.628992E-03,-8.500201E-02,-2.6300934E-01
8.632269E-03,-8.176715E-02,-2.7925995E-01
8.635546E-03,-7.963092E-02,-2.9634979E-01
8.638822E-03,-7.622821E-02,-3.1282928E-01
8.642099E-03,-7.326801E-02,-3.2770660E-01
8.645376E-03,-7.047565E-02,-3.4342316E-01
8.648653E-03,-6.777484E-02,-3.5868195E-01
8.651930E-03,-6.470782E-02,-3.7394073E-01
8.655206E-03,-6.266315E-02,-3.8889435E-01
8.658483E-03,-6.032855E-02,-4.0422943E-01
8.661760E-03,-5.774982E-02,-4.1925934E-01
8.665037E-03,-5.469806E-02,-4.3329742E-01
8.668314E-03,-5.303485E-02,-4.4779327E-01
8.671590E-03,-5.047137E-02,-4.6167877E-01
8.674867E-03,-4.859454E-02,-4.7556427E-01
8.678144E-03,-4.543597E-02,-4.8922089E-01
8.681421E-03,-4.481036E-02,-5.0333527E-01
8.684698E-03,-4.214008E-02,-5.1676300E-01
8.687974E-03,-4.030902E-02,-5.2942780E-01
8.691251E-03,-3.803546E-02,-5.4232147E-01
8.694528E-03,-3.725726E-02,-5.5445221E-01
8.697805E-03,-3.441913E-02,-5.6681183E-01
8.701082E-03,-3.348834E-02,-5.7856110E-01
8.704358E-03,-3.080280E-02,-5.9076813E-01
8.707635E-03,-2.984149E-02,-6.0190704E-01
8.710912E-03,-2.859027E-02,-6.1312225E-01
8.714189E-03,-2.669818E-02,-6.2365082E-01
8.717466E-03,-2.527911E-02,-6.3440826E-01
8.720742E-03,-2.411945E-02,-6.4447906E-01
8.724019E-03,-2.273090E-02,-6.5500763E-01
8.727296E-03,-2.195270E-02,-6.6515472E-01
8.730573E-03,-1.995380E-02,-6.7415741E-01
8.733850E-03,-1.914508E-02,-6.8331268E-01
8.737126E-03,-1.771075E-02,-6.9277313E-01
8.740403E-03,-1.629169E-02,-6.9994476E-01
8.743680E-03,-1.473529E-02,-7.0810822E-01
8.746957E-03,-1.423175E-02,-7.1573761E-01
8.750234E-03,-1.293475E-02,-7.2382477E-01
8.753510E-03,-1.185138E-02,-7.3153046E-01
8.756787E-03,-1.090533E-02,-7.3885468E-01
8.760064E-03,-1.058490E-02,-7.4526337E-01
8.763341E-03,-9.394714E-03,-7.5159576E-01
8.766618E-03,-8.662292E-03,-7.5716522E-01
8.769894E-03,-7.945129E-03,-7.6349762E-01
8.773171E-03,-6.556580E-03,-7.6685455E-01
8.776448E-03,-5.503723E-03,-7.7250031E-01
8.779725E-03,-5.198547E-03,-7.7715424E-01
8.783002E-03,-4.618713E-03,-7.8180817E-01
8.786278E-03,-3.123352E-03,-7.8539398E-01
8.789555E-03,-3.459045E-03,-7.8920868E-01
8.792832E-03,-1.917908E-03,-7.9256561E-01
8.796109E-03,-1.353333E-03,-7.9500702E-01
8.799386E-03,-6.514282E-04,-7.9691437E-01
8.802662E-03,-1.936646E-04,-7.9996613E-01
8.805939E-03,1.423767E-03,-8.0156830E-01
8.809216E-03,1.225403E-03,-8.0294159E-01
8.812493E-03,3.071716E-03,-8.0347565E-01
8.815770E-03,2.278259E-03,-8.0492523E-01
8.819046E-03,4.719666E-03,-8.0431488E-01
8.822323E-03,4.475525E-03,-8.0439117E-01
8.825600E-03,6.565979E-03,-8.0339935E-01
8.828877E-03,6.062439E-03,-8.0317047E-01
8.832154E-03,8.320740E-03,-8.0027130E-01
8.835430E-03,7.130554E-03,-8.0004242E-01
8.838707E-03,8.992126E-03,-7.9737213E-01
8.841984E-03,8.610657E-03,-7.9576996E-01
8.845261E-03,1.077740E-02,-7.9256561E-01
8.848538E-03,1.015179E-02,-7.9012421E-01
8.851814E-03,1.187604E-02,-7.8630951E-01
8.855091E-03,1.167767E-02,-7.8348663E-01
8.858368E-03,1.332562E-02,-7.7906158E-01
8.861645E-03,1.335614E-02,-7.7585724E-01
8.864922E-03,1.595013E-02,-7.7005890E-01
8.868198E-03,1.558392E-02,-7.6593903E-01
8.871475E-03,1.817792E-02,-7.6021698E-01
8.874752E-03,1.723187E-02,-7.5418976E-01
8.878029E-03,1.959698E-02,-7.4709442E-01
8.881306E-03,1.846783E-02,-7.4205902E-01
8.884582E-03,2.097028E-02,-7.3389557E-01
8.887859E-03,2.002423E-02,-7.2809723E-01
8.891136E-03,2.283185E-02,-7.1955231E-01
8.894413E-03,2.176373E-02,-7.1245697E-01
8.897690E-03,2.409833E-02,-7.0391205E-01
8.900966E-03,2.313702E-02,-6.9536713E-01
8.904243E-03,2.583783E-02,-6.8628815E-01
8.907520E-03,2.498334E-02,-6.7858246E-01
8.910797E-03,2.760785E-02,-6.6751984E-01
8.914074E-03,2.655499E-02,-6.5851715E-01
8.917350E-03,3.006451E-02,-6.4806488E-01
8.920627E-03,2.855389E-02,-6.3883331E-01
8.923904E-03,3.130048E-02,-6.2799957E-01
8.927181E-03,2.931683E-02,-6.1777618E-01
8.930458E-03,3.258221E-02,-6.0640839E-01
8.933734E-03,3.064435E-02,-5.9610870E-01
8.937011E-03,3.296368E-02,-5.8382538E-01
8.940288E-03,3.220074E-02,-5.7230499E-01
8.943565E-03,3.535931E-02,-5.5986908E-01
8.946842E-03,3.342145E-02,-5.4880646E-01
8.950118E-03,3.651898E-02,-5.3507355E-01
8.953395E-03,3.459637E-02,-5.2294281E-01
8.956672E-03,3.770917E-02,-5.0913361E-01
8.959949E-03,3.456586E-02,-4.9654510E-01
8.963226E-03,3.751080E-02,-4.8151520E-01
8.966502E-03,3.665631E-02,-4.6923187E-01
8.969779E-03,3.822797E-02,-4.5412567E-01
8.973056E-03,3.683942E-02,-4.4100311E-01
8.976333E-03,3.827374E-02,-4.2551544E-01
8.979610E-03,3.697675E-02,-4.1086700E-01
8.982886E-03,3.847211E-02,-3.9469269E-01
8.986163E-03,3.708356E-02,-3.8073090E-01
8.989440E-03,3.894513E-02,-3.6470917E-01
8.992717E-03,3.665631E-02,-3.5006073E-01
8.995994E-03,3.868573E-02,-3.3464935E-01
8.999270E-03,3.645795E-02,-3.1946686E-01
9.002547E-03,3.723615E-02,-3.0268219E-01
9.005824E-03,3.592389E-02,-2.8688934E-01
9.009101E-03,3.592389E-02,-2.7056244E-01
9.012378E-03,3.430646E-02,-2.5438812E-01
9.015654E-03,3.499310E-02,-2.3775604E-01
9.018931E-03,3.339093E-02,-2.2219208E-01
9.022208E-03,3.448956E-02,-2.0586517E-01
9.025485E-03,3.175824E-02,-1.8976715E-01
9.028762E-03,3.171246E-02,-1.7214325E-01
9.032038E-03,3.004926E-02,-1.5505341E-01
9.035315E-03,2.919476E-02,-1.3811615E-01
9.038592E-03,2.759259E-02,-1.2110260E-01
9.041869E-03,2.731793E-02,-1.0355499E-01
9.045146E-03,2.533429E-02,-8.7380676E-02
9.048422E-03,2.351849E-02,-6.9527893E-02
9.051699E-03,2.156537E-02,-5.2666931E-02
9.054976E-03,1.984113E-02,-3.4280090E-02
9.058253E-03,1.843732E-02,-1.7876892E-02
9.061530E-03,1.645367E-02,-2.4108887E-05
9.064806E-03,1.393597E-02,1.7676086E-02
9.068083E-03,1.205914E-02,3.5834045E-02
9.071360E-03,9.114197E-03,5.2389832E-02
9.074637E-03,7.069519E-03,6.9708557E-02
9.077914E-03,4.124573E-03,8.6493225E-02
9.081190E-03,2.125671E-03,1.0365936E-01
9.084467E-03,-1.200745E-03,1.2113068E-01
9.087744E-03,-3.779480E-03,1.3913605E-01
9.091021E-03,-7.594177E-03,1.5569183E-01
9.094298E-03,-9.852478E-03,1.7316315E-01
9.097574E-03,-1.319415E-02,1.9093964E-01
9.100851E-03,-1.661212E-02,2.0825836E-01
9.104128E-03,-1.970966E-02,2.2588226E-01
9.107405E-03,-2.263934E-02,2.4182770E-01
9.110682E-03,-2.645404E-02,2.5884125E-01
9.113958E-03,-2.935321E-02,2.7577850E-01
9.117235E-03,-3.406818E-02,2.9248688E-01
9.120512E-03,-3.710468E-02,3.0843231E-01
9.123789E-03,-4.160602E-02,3.2597992E-01
9.127066E-03,-4.516132E-02,3.4230682E-01
9.130342E-03,-4.954059E-02,3.5954926E-01
9.133619E-03,-5.262286E-02,3.7496063E-01
9.136896E-03,-5.721576E-02,3.9113495E-01
9.140173E-03,-6.046588E-02,4.0692780E-01
9.143450E-03,-6.583698E-02,4.2340729E-01
9.146726E-03,-6.914813E-02,4.3874237E-01
9.150003E-03,-7.398517E-02,4.5392487E-01
9.153280E-03,-7.737262E-02,4.6887848E-01
9.156557E-03,-8.268268E-02,4.8467133E-01
9.159834E-03,-8.683307E-02,4.9909088E-01
9.163110E-03,-9.180743E-02,5.1381561E-01
9.166387E-03,-9.574420E-02,5.2701447E-01
9.169664E-03,-1.004897E-01,5.4173920E-01
9.172941E-03,-1.049147E-01,5.5562469E-01
9.176218E-03,-1.099044E-01,5.6996796E-01
9.179494E-03,-1.143904E-01,5.8248016E-01
9.182771E-03,-1.192885E-01,5.9575531E-01
9.186048E-03,-1.242781E-01,6.0849640E-01
9.189325E-03,-1.292372E-01,6.2207672E-01
9.192602E-03,-1.332198E-01,6.3466522E-01
9.195878E-03,-1.384841E-01,6.4733002E-01
9.199155E-03,-1.427108E-01,6.5869781E-01
9.202432E-03,-1.472579E-01,6.7105743E-01
9.205709E-03,-1.524306E-01,6.8219635E-01
9.208986E-03,-1.561537E-01,6.9402191E-01
9.212262E-03,-1.608687E-01,7.0500824E-01
9.215539E-03,-1.656295E-01,7.1607086E-01
9.218816E-03,-1.703292E-01,7.2667572E-01
9.222093E-03,-1.748458E-01,7.3712799E-01
9.225370E-03,-1.785079E-01,7.4552032E-01
9.228646E-03,-1.834517E-01,7.5604889E-01
9.231923E-03,-1.880751E-01,7.6451752E-01
9.235200E-03,-1.914931E-01,7.7405426E-01
9.238477E-03,-1.967879E-01,7.8198883E-01
9.241754E-03,-1.998854E-01,7.9114410E-01
9.245030E-03,-2.038375E-01,7.9984161E-01
9.248307E-03,-2.081252E-01,8.0655548E-01
9.251584E-03,-2.125197E-01,8.1410858E-01
9.254861E-03,-2.156783E-01,8.2227203E-01
9.258138E-03,-2.199202E-01,8.2860443E-01
9.261414E-03,-2.228041E-01,8.3615753E-01
9.264691E-03,-2.266341E-01,8.4081146E-01
9.267968E-03,-2.301436E-01,8.4706757E-01
9.271245E-03,-2.335616E-01,8.5187408E-01
9.274522E-03,-2.368575E-01,8.5706207E-01
9.277798E-03,-2.407027E-01,8.6171600E-01
9.281075E-03,-2.427626E-01,8.6667511E-01
9.284352E-03,-2.465163E-01,8.6972687E-01
9.287629E-03,-2.485152E-01,8.7422821E-01
9.290906E-03,-2.520095E-01,8.7712738E-01
9.294182E-03,-2.535201E-01,8.8017914E-01
9.297459E-03,-2.566176E-01,8.8254425E-01
9.300736E-03,-2.580062E-01,8.8513824E-01
9.304013E-03,-2.604628E-01,8.8658783E-01
9.307290E-03,-2.613326E-01,8.8910553E-01
9.310566E-03,-2.644149E-01,8.8902924E-01
9.313843E-03,-2.650710E-01,8.8971588E-01
9.317120E-03,-2.674819E-01,8.8994476E-01
9.320397E-03,-2.679702E-01,8.9040253E-01
9.323674E-03,-2.692977E-01,8.9070770E-01
9.326950E-03,-2.698317E-01,8.9093658E-01
9.330227E-03,-2.707625E-01,8.8910553E-01
9.333504E-03,-2.708083E-01,8.8872406E-01
9.336781E-03,-2.722884E-01,8.8712189E-01
9.340058E-03,-2.720137E-01,8.8498566E-01
9.343334E-03,-2.734633E-01,8.8246796E-01
9.346611E-03,-2.724105E-01,8.8048431E-01
9.349888E-03,-2.736769E-01,8.7697479E-01
9.353165E-03,-2.726088E-01,8.7415192E-01
9.356442E-03,-2.734481E-01,8.6896393E-01
9.359718E-03,-2.725478E-01,8.6575958E-01
9.362995E-03,-2.728377E-01,8.6080048E-01
9.366272E-03,-2.705641E-01,8.5751984E-01
9.369549E-03,-2.709914E-01,8.5118744E-01
9.372826E-03,-2.687941E-01,8.4660980E-01
9.376102E-03,-2.690688E-01,8.3928558E-01
9.379379E-03,-2.668715E-01,8.3463165E-01
9.382656E-03,-2.668105E-01,8.2730743E-01
9.385933E-03,-2.645217E-01,8.2135651E-01
9.389210E-03,-2.637435E-01,8.1281158E-01
9.392486E-03,-2.607527E-01,8.0586884E-01
9.395763E-03,-2.604781E-01,7.9770538E-01
9.399040E-03,-2.567244E-01,7.9038116E-01
9.402317E-03,-2.565108E-01,7.8076813E-01
9.405594E-03,-2.529708E-01,7.7420685E-01
9.408870E-03,-2.520705E-01,7.6390717E-01
9.412147E-03,-2.474623E-01,7.5612518E-01
9.415424E-03,-2.459365E-01,7.4567291E-01
9.418701E-03,-2.416030E-01,7.3651764E-01
9.421978E-03,-2.408400E-01,7.2583649E-01
9.425254E-03,-2.363845E-01,7.1622345E-01
9.428531E-03,-2.351180E-01,7.0409271E-01
9.431808E-03,-2.301131E-01,6.9386932E-01
9.435085E-03,-2.286940E-01,6.8143341E-01
9.438362E-03,-2.232772E-01,6.7059967E-01
9.441638E-03,-2.223464E-01,6.5747711E-01
9.444915E-03,-2.165023E-01,6.4725372E-01
9.448192E-03,-2.145034E-01,6.3352081E-01
9.451469E-03,-2.082473E-01,6.2222931E-01
9.454746E-03,-2.069960E-01,6.0811493E-01
9.458022E-03,-2.015181E-01,5.9552643E-01
9.461299E-03,-1.987715E-01,5.8103058E-01
9.464576E-03,-1.934615E-01,5.6951019E-01
9.467853E-03,-1.906691E-01,5.5562469E-01
9.471130E-03,-1.856490E-01,5.4212067E-01
9.474406E-03,-1.828109E-01,5.2670929E-01
9.477683E-03,-1.765395E-01,5.1450226E-01
9.480960E-03,-1.740065E-01,4.9809906E-01
9.484237E-03,-1.678878E-01,4.8406097E-01
9.487514E-03,-1.658431E-01,4.6842072E-01
9.490790E-03,-1.594344E-01,4.5461151E-01
9.494067E-03,-1.567641E-01,4.3820831E-01
9.497344E-03,-1.518203E-01,4.2310211E-01
9.500621E-03,-1.486464E-01,4.0654633E-01
9.503898E-03,-1.422682E-01,3.9151642E-01
9.507174E-03,-1.389418E-01,3.7526581E-01
9.510451E-03,-1.343489E-01,3.5886261E-01
9.513728E-03,-1.310378E-01,3.4245941E-01
9.517005E-03,-1.260329E-01,3.2582733E-01
9.520282E-03,-1.222792E-01,3.0889008E-01
9.523558E-03,-1.175185E-01,2.9309723E-01
9.526835E-03,-1.140700E-01,2.7532074E-01
9.530112E-03,-1.091567E-01,2.5899384E-01
9.533389E-03,-1.060439E-01,2.4190399E-01
9.536666E-03,-1.007033E-01,2.2542450E-01
9.539942E-03,-9.743793E-02,2.0810577E-01
9.543219E-03,-9.269244E-02,1.9055817E-01
9.546496E-03,-9.006793E-02,1.7255280E-01
9.549773E-03,-8.504779E-02,1.5538666E-01
9.553050E-03,-8.214862E-02,1.3867828E-01
9.556326E-03,-7.787616E-02,1.2113068E-01
9.559603E-03,-7.448871E-02,1.0358307E-01
9.562880E-03,-7.041461E-02,8.5653992E-02
9.566157E-03,-6.679828E-02,6.8716736E-02
9.569434E-03,-6.357867E-02,5.1169128E-02
9.572710E-03,-6.043536E-02,3.3774109E-02
9.575987E-03,-5.628497E-02,1.6607971E-02
9.579264E-03,-5.446918E-02,-2.4108887E-05
9.582541E-03,-4.989154E-02,-1.8410950E-02
9.585818E-03,-4.693134E-02,-3.5882263E-02
9.589094E-03,-4.346759E-02,-5.3353577E-02
9.592371E-03,-4.079730E-02,-7.0214539E-02
9.595648E-03,-3.721149E-02,-8.7609558E-02
9.598925E-03,-3.473956E-02,-1.0408905E-01
9.602202E-03,-3.148944E-02,-1.2140778E-01
9.605478E-03,-2.880389E-02,-1.3811615E-01
9.608755E-03,-2.590472E-02,-1.5451935E-01
9.612032E-03,-2.413470E-02,-1.7138031E-01
9.615309E-03,-2.172382E-02,-1.8793610E-01
9.618586E-03,-2.030475E-02,-2.0586517E-01
9.621862E-03,-1.693256E-02,-2.2196320E-01
9.625139E-03,-1.513202E-02,-2.3775604E-01
9.628416E-03,-1.255328E-02,-2.5362518E-01
9.631693E-03,-1.069171E-02,-2.6995209E-01
9.634970E-03,-7.777283E-03,-2.8635529E-01
9.638246E-03,-7.060120E-03,-3.0237701E-01
9.641523E-03,-4.328796E-03,-3.1862762E-01
9.644800E-03,-3.321716E-03,-3.3442047E-01
9.648077E-03,-1.246521E-03,-3.4899261E-01
9.651354E-03,-3.767700E-04,-3.6448029E-01
9.654630E-03,1.576355E-03,-3.7966278E-01
9.657907E-03,2.858093E-03,-3.9469269E-01
9.661184E-03,3.392151E-03,-4.1025665E-01
9.664461E-03,5.024841E-03,-4.2528656E-01
9.667738E-03,6.382874E-03,-4.3871429E-01
9.671014E-03,6.565979E-03,-4.5290497E-01
9.674291E-03,8.503845E-03,-4.6633270E-01
9.677568E-03,9.022644E-03,-4.8052338E-01
9.680845E-03,1.056378E-02,-4.9417999E-01
9.684122E-03,1.082318E-02,-5.0684479E-01
9.687398E-03,1.263898E-02,-5.2057770E-01
9.690675E-03,1.253217E-02,-5.3232697E-01
9.693952E-03,1.356976E-02,-5.4575470E-01
9.697229E-03,1.370709E-02,-5.5719879E-01
9.700506E-03,1.389020E-02,-5.6971100E-01
9.703782E-03,1.488202E-02,-5.8100250E-01
9.707059E-03,1.508038E-02,-5.9290436E-01
9.710336E-03,1.562970E-02,-6.0442474E-01
9.713613E-03,1.649945E-02,-6.1609772E-01
9.716890E-03,1.538556E-02,-6.2586334E-01
9.720166E-03,1.601117E-02,-6.3662079E-01
9.723443E-03,1.642316E-02,-6.4638641E-01
9.726720E-03,1.660626E-02,-6.5676239E-01
9.729997E-03,1.633160E-02,-6.6584137E-01
9.733274E-03,1.625531E-02,-6.7537811E-01
9.736550E-03,1.636212E-02,-6.8377045E-01
9.739827E-03,1.657574E-02,-6.9307831E-01
9.743104E-03,1.724713E-02,-7.0131805E-01
9.746381E-03,1.703351E-02,-7.0955780E-01
9.749658E-03,1.630109E-02,-7.1642426E-01
9.752934E-03,1.634686E-02,-7.2496918E-01
9.756211E-03,1.646893E-02,-7.3168304E-01
9.759488E-03,1.627057E-02,-7.3885468E-01
9.762765E-03,1.636212E-02,-7.4503448E-01
9.766042E-03,1.622479E-02,-7.4984100E-01
9.769318E-03,1.634686E-02,-7.5571564E-01
9.772595E-03,1.581281E-02,-7.6120880E-01
9.775872E-03,1.604169E-02,-7.6601532E-01
9.779149E-03,1.566022E-02,-7.7051666E-01
9.782426E-03,1.605695E-02,-7.7387360E-01
9.785702E-03,1.515668E-02,-7.7868011E-01
9.788979E-03,1.576703E-02,-7.8081635E-01
9.792256E-03,1.485150E-02,-7.8600433E-01
9.795533E-03,1.555341E-02,-7.8775909E-01
9.798810E-03,1.485150E-02,-7.9050568E-01
9.802086E-03,1.610272E-02,-7.9233673E-01
9.805363E-03,1.447003E-02,-7.9416779E-01
9.808640E-03,1.535504E-02,-7.9592255E-01
9.811917E-03,1.447003E-02,-7.9729584E-01
9.815194E-03,1.567548E-02,-7.9752472E-01
9.818470E-03,1.433270E-02,-7.9790619E-01
9.821747E-03,1.465314E-02,-7.9721954E-01
9.825024E-03,1.425641E-02,-7.9828766E-01
9.828301E-03,1.514142E-02,-7.9653290E-01
9.831578E-03,1.274579E-02,-7.9615143E-01
9.834854E-03,1.469891E-02,-7.9393890E-01
9.838131E-03,1.244061E-02,-7.9256561E-01
9.841408E-03,1.492780E-02,-7.8981903E-01
9.844685E-03,1.338666E-02,-7.8814056E-01
9.847962E-03,1.427167E-02,-7.8524139E-01
9.851238E-03,1.280682E-02,-7.8218964E-01
9.854515E-03,1.434796E-02,-7.7814606E-01
9.857792E-03,1.327985E-02,-7.7456024E-01
9.861069E-03,1.421063E-02,-7.6967743E-01
9.864346E-03,1.216595E-02,-7.6601532E-01
9.867622E-03,1.387494E-02,-7.6014069E-01
9.870899E-03,1.189130E-02,-7.5571564E-01
9.874176E-03,1.317303E-02,-7.4915436E-01
9.877453E-03,1.173871E-02,-7.4373749E-01
9.880730E-03,1.292889E-02,-7.3786285E-01
9.884006E-03,1.135724E-02,-7.3221710E-01
9.887283E-03,1.277631E-02,-7.2359589E-01
9.890560E-03,1.083844E-02,-7.1695831E-01
9.893837E-03,1.213544E-02,-7.0826080E-01
9.897114E-03,1.150983E-02,-7.0024994E-01
9.900390E-03,1.265424E-02,-6.9139984E-01
9.903667E-03,1.019757E-02,-6.8407562E-01
9.906944E-03,1.164716E-02,-6.7446259E-01
9.910221E-03,9.312561E-03,-6.6622284E-01
9.913498E-03,1.125043E-02,-6.5523651E-01
9.916774E-03,8.122375E-03,-6.4646271E-01
9.920051E-03,9.953430E-03,-6.3486603E-01
9.923328E-03,7.618835E-03,-6.2578705E-01
9.926605E-03,9.022644E-03,-6.1419037E-01
9.929882E-03,5.909851E-03,-6.0442474E-01
9.933158E-03,7.924011E-03,-5.9252289E-01
9.936435E-03,4.551819E-03,-5.8260468E-01
9.939712E-03,6.337097E-03,-5.6925323E-01
9.942989E-03,2.736023E-03,-5.5727509E-01
9.946266E-03,4.475525E-03,-5.4453400E-01
9.949542E-03,1.072815E-03,-5.3278473E-01
9.952819E-03,3.086975E-03,-5.1889923E-01
9.956096E-03,-4.988403E-04,-5.0714996E-01
9.959373E-03,4.699707E-06,-4.9280670E-01
9.962650E-03,-2.253601E-03,-4.7983673E-01
9.965926E-03,-1.780579E-03,-4.6518829E-01
9.969203E-03,-4.801819E-03,-4.5107391E-01
9.972480E-03,-4.084656E-03,-4.3657806E-01
9.975757E-03,-7.350037E-03,-4.2368439E-01
9.979034E-03,-7.578918E-03,-4.0850189E-01
9.982310E-03,-1.049335E-02,-3.9400604E-01
9.985587E-03,-1.067645E-02,-3.7828949E-01
9.988864E-03,-1.465900E-02,-3.6379364E-01
9.992141E-03,-1.458270E-02,-3.4800079E-01
9.995418E-03,-1.806171E-02,-3.3304718E-01
9.998694E-03,-1.865680E-02,-3.1740692E-01
1.000197E-02,-2.183063E-02,-3.0130890E-01
1.000525E-02,-2.271564E-02,-2.8475311E-01
1.000852E-02,-2.628619E-02,-2.6926544E-01
1.001180E-02,-2.730853E-02,-2.5232819E-01
1.001508E-02,-3.040607E-02,-2.3676422E-01
1.001836E-02,-3.165729E-02,-2.2020844E-01
1.002163E-02,-3.493793E-02,-2.0380524E-01
1.002491E-02,-3.716571E-02,-1.8648651E-01
1.002819E-02,-3.954608E-02,-1.6962555E-01
1.003146E-02,-4.128558E-02,-1.5284088E-01
1.003474E-02,-4.549701E-02,-1.3636139E-01
1.003802E-02,-4.738910E-02,-1.1881378E-01
1.004129E-02,-5.033405E-02,-1.0164764E-01
1.004457E-02,-5.268390E-02,-8.5168152E-02
1.004785E-02,-5.704791E-02,-6.8002014E-02
1.005112E-02,-5.988605E-02,-5.0530701E-02
1.005440E-02,-6.338031E-02,-3.2296448E-02
1.005768E-02,-6.609637E-02,-1.5435486E-02
1.006095E-02,-7.088763E-02,2.1121216E-03
1.006423E-02,-7.355792E-02,2.0422668E-02
1.006751E-02,-7.700641E-02,3.6291809E-02
1.007078E-02,-8.063800E-02,5.4831238E-02
1.007406E-02,-8.411700E-02,7.1768494E-02
1.007734E-02,-8.776385E-02,8.8553162E-02
1.008061E-02,-9.144122E-02,1.0610077E-01
1.008389E-02,-9.469135E-02,1.2380096E-01
1.008717E-02,-9.960468E-02,1.4089081E-01
1.009044E-02,-1.029464E-01,1.5828583E-01
1.009372E-02,-1.074172E-01,1.7529938E-01
1.009700E-02,-1.108962E-01,1.9299957E-01
1.010028E-02,-1.151229E-01,2.1077606E-01
1.010355E-02,-1.186782E-01,2.2824738E-01
1.010683E-02,-1.233626E-01,2.4434540E-01
1.011011E-02,-1.266280E-01,2.6158783E-01
1.011338E-02,-1.320601E-01,2.7799103E-01
1.011666E-02,-1.351119E-01,2.9447052E-01
1.011994E-02,-1.399947E-01,3.1178925E-01
1.012321E-02,-1.435195E-01,3.2903168E-01
1.012649E-02,-1.477004E-01,3.4543488E-01
1.012977E-02,-1.515456E-01,3.6138031E-01
1.013304E-02,-1.566573E-01,3.7747833E-01
1.013632E-02,-1.592818E-01,3.9357635E-01
1.013960E-02,-1.648513E-01,4.1020844E-01
1.014287E-02,-1.690932E-01,4.2577240E-01
1.014615E-02,-1.731063E-01,4.4118378E-01
1.014943E-02,-1.770735E-01,4.5621368E-01
1.015270E-02,-1.813765E-01,4.7162506E-01
1.015598E-02,-1.850386E-01,4.8703644E-01
1.015926E-02,-1.889449E-01,5.0130341E-01
1.016253E-02,-1.919509E-01,5.1625702E-01
1.016581E-02,-1.963912E-01,5.3174469E-01
1.016909E-02,-2.001143E-01,5.4616425E-01
1.017236E-02,-2.042495E-01,5.5974457E-01
1.017564E-02,-2.073165E-01,5.7271454E-01
1.017892E-02,-2.113753E-01,5.8713409E-01
1.018220E-02,-2.144576E-01,5.9895966E-01
1.018547E-02,-2.177230E-01,6.1223480E-01
1.018875E-02,-2.214308E-01,6.2489960E-01
1.019203E-02,-2.243911E-01,6.3802216E-01
1.019530E-02,-2.284499E-01,6.5038177E-01
1.019858E-02,-2.318984E-01,6.6251251E-01
1.020186E-02,-2.341567E-01,6.7418549E-01
1.020513E-02,-2.374221E-01,6.8654510E-01
1.020841E-02,-2.401229E-01,6.9653961E-01
1.021169E-02,-2.431288E-01,7.0844147E-01
1.021496E-02,-2.450057E-01,7.1927521E-01
1.021824E-02,-2.481490E-01,7.2957489E-01
1.022152E-02,-2.503615E-01,7.4002716E-01
1.022479E-02,-2.533675E-01,7.4994537E-01
1.022807E-02,-2.551223E-01,7.5902435E-01
1.023135E-02,-2.569991E-01,7.6917145E-01
1.023462E-02,-2.584487E-01,7.7741119E-01
1.023790E-02,-2.607833E-01,7.8671906E-01
1.024118E-02,-2.624465E-01,7.9396698E-01
1.024445E-02,-2.633467E-01,8.0296967E-01
1.024773E-02,-2.651168E-01,8.1059906E-01
1.025101E-02,-2.666579E-01,8.1838104E-01
1.025428E-02,-2.678328E-01,8.2494232E-01
1.025756E-02,-2.683364E-01,8.3287689E-01
1.026084E-02,-2.691451E-01,8.3852264E-01
1.026412E-02,-2.692519E-01,8.4500763E-01
1.026739E-02,-2.703810E-01,8.5088226E-01
1.027067E-02,-2.703353E-01,8.5668060E-01
1.027395E-02,-2.714949E-01,8.6080048E-01
1.027722E-02,-2.715255E-01,8.6614105E-01
1.028050E-02,-2.713881E-01,8.7048981E-01
1.028378E-02,-2.709761E-01,8.7537262E-01
1.028705E-02,-2.710982E-01,8.7888214E-01
1.029033E-02,-2.702895E-01,8.8239166E-01
1.029361E-02,-2.701369E-01,8.8407013E-01
1.029688E-02,-2.694350E-01,8.8788483E-01
1.030016E-02,-2.688399E-01,8.8933441E-01
1.030344E-02,-2.673445E-01,8.9200470E-01
1.030671E-02,-2.667647E-01,8.9314911E-01
1.030999E-02,-2.648574E-01,8.9505646E-01
1.031327E-02,-2.640792E-01,8.9482758E-01
1.031654E-02,-2.618819E-01,8.9543793E-01
1.031982E-02,-2.614089E-01,8.9498016E-01
1.032310E-02,-2.577315E-01,8.9642975E-01
1.032637E-02,-2.570449E-01,8.9498016E-01
1.032965E-02,-2.536879E-01,8.9543793E-01
1.033293E-02,-2.529555E-01,8.9337799E-01
1.033620E-02,-2.499800E-01,8.9307281E-01
1.033948E-02,-2.487441E-01,8.8956329E-01
1.034276E-02,-2.437087E-01,8.8796112E-01
1.034604E-02,-2.420150E-01,8.8574860E-01
1.034931E-02,-2.383376E-01,8.8223907E-01
1.035259E-02,-2.360335E-01,8.7804291E-01
1.035587E-02,-2.326003E-01,8.7552521E-01
1.035914E-02,-2.302199E-01,8.7064240E-01
1.036242E-02,-2.249861E-01,8.6728546E-01
1.036570E-02,-2.235823E-01,8.6102936E-01
1.036897E-02,-2.182112E-01,8.5690948E-01
1.037225E-02,-2.162429E-01,8.4996674E-01
1.037553E-02,-2.108260E-01,8.4577057E-01
1.037880E-02,-2.079726E-01,8.3867523E-01
1.038208E-02,-2.019911E-01,8.3310577E-01
1.038536E-02,-1.995955E-01,8.2486603E-01
1.038863E-02,-1.940261E-01,8.1899139E-01
1.039191E-02,-1.917525E-01,8.1037018E-01
1.039519E-02,-1.852065E-01,8.0335114E-01
1.039846E-02,-1.829940E-01,7.9411957E-01
1.040174E-02,-1.765242E-01,7.8671906E-01
1.040502E-02,-1.739150E-01,7.7695343E-01
1.040829E-02,-1.668196E-01,7.6993439E-01
1.041157E-02,-1.649886E-01,7.5894806E-01
1.041485E-02,-1.582747E-01,7.5063202E-01
1.041812E-02,-1.550399E-01,7.3964569E-01
1.042140E-02,-1.485549E-01,7.3094818E-01
1.042468E-02,-1.457167E-01,7.1973297E-01
1.042796E-02,-1.388961E-01,7.0996735E-01
1.043123E-02,-1.364547E-01,6.9676849E-01
1.043451E-02,-1.292983E-01,6.8662140E-01
1.043779E-02,-1.265212E-01,6.7304108E-01
1.044106E-02,-1.202346E-01,6.6289398E-01
1.044434E-02,-1.167708E-01,6.4916107E-01
1.044762E-02,-1.109267E-01,6.3794586E-01
1.045089E-02,-1.076308E-01,6.2482330E-01
1.045417E-02,-1.020461E-01,6.1253998E-01
1.045745E-02,-9.830768E-02,5.9911224E-01
1.046072E-02,-9.202106E-02,5.8614227E-01
1.046400E-02,-8.901508E-02,5.7271454E-01
1.046728E-02,-8.251483E-02,5.5974457E-01
1.047055E-02,-7.926471E-02,5.4509613E-01
1.047383E-02,-7.360370E-02,5.3052399E-01
1.047711E-02,-6.992633E-02,5.1549408E-01
1.048038E-02,-6.463153E-02,5.0130341E-01
1.048366E-02,-6.133563E-02,4.8520538E-01
1.048694E-02,-5.558307E-02,4.7070953E-01
1.049021E-02,-5.277545E-02,4.5514557E-01
1.049349E-02,-4.691608E-02,4.4064972E-01
1.049677E-02,-4.442889E-02,4.2424652E-01
1.050004E-02,-3.937823E-02,4.0898773E-01
1.050332E-02,-3.608234E-02,3.9319489E-01
1.050660E-02,-3.104694E-02,3.7663910E-01
1.050988E-02,-2.814777E-02,3.6038849E-01
1.051315E-02,-2.299030E-02,3.4375641E-01
1.051643E-02,-2.015216E-02,3.2765839E-01
1.051971E-02,-1.604755E-02,3.1095001E-01
1.052298E-02,-1.328571E-02,2.9447052E-01
1.052626E-02,-9.211609E-03,2.7806732E-01
1.052954E-02,-5.869934E-03,2.6029083E-01
1.053281E-02,-2.207825E-03,2.4350616E-01
1.053609E-02,3.556519E-04,2.2565338E-01
1.053937E-02,3.041199E-03,2.0894501E-01
1.054264E-02,5.742004E-03,1.9154999E-01
1.054592E-02,9.770325E-03,1.7537567E-01
1.054920E-02,1.170819E-02,1.5714142E-01
1.055247E-02,1.434796E-02,1.4073822E-01
1.055575E-02,1.717084E-02,1.2311432E-01
1.055903E-02,1.962750E-02,1.0541412E-01
1.056230E-02,2.142804E-02,8.6950989E-02
1.056558E-02,2.394574E-02,7.0395203E-02
1.056886E-02,2.612775E-02,5.2160950E-02
1.057213E-02,2.902692E-02,3.4689636E-02
1.057541E-02,2.985089E-02,1.7447205E-02
1.057869E-02,3.181927E-02,5.0994873E-04
1.058196E-02,3.331464E-02,-1.7571716E-02
1.058524E-02,3.490155E-02,-3.4966736E-02
1.058852E-02,3.629010E-02,-5.2056580E-02
1.059180E-02,3.798383E-02,-6.9375305E-02
1.059507E-02,3.838055E-02,-8.6846619E-02
1.059835E-02,4.044049E-02,-1.0370758E-01
1.060163E-02,4.163068E-02,-1.2095001E-01
1.060490E-02,4.265302E-02,-1.3803986E-01
1.060818E-02,4.243939E-02,-1.5558746E-01
1.061146E-02,4.375165E-02,-1.7260101E-01
1.061473E-02,4.387372E-02,-1.8869904E-01
1.061801E-02,4.547589E-02,-2.0510223E-01
1.062129E-02,4.497235E-02,-2.2165802E-01
1.062456E-02,4.625409E-02,-2.3867157E-01
1.062784E-02,4.543011E-02,-2.5454071E-01
1.063112E-02,4.697125E-02,-2.6987579E-01
1.063439E-02,4.610150E-02,-2.8666046E-01
1.063767E-02,4.692548E-02,-3.0306366E-01
1.064095E-02,4.716962E-02,-3.1893280E-01
1.064422E-02,4.683392E-02,-3.3434418E-01
1.064750E-02,4.706281E-02,-3.5051849E-01
1.065078E-02,4.639142E-02,-3.6615875E-01
1.065405E-02,4.634564E-02,-3.8103607E-01
1.065733E-02,4.675763E-02,-3.9545563E-01
1.066061E-02,4.541486E-02,-4.1056183E-01
1.066388E-02,4.529279E-02,-4.2566803E-01
1.066716E-02,4.517072E-02,-4.4031647E-01
1.067044E-02,4.507916E-02,-4.5389679E-01
1.067372E-02,4.366010E-02,-4.6839264E-01
1.067699E-02,4.315656E-02,-4.8220184E-01
1.068027E-02,4.228680E-02,-4.9654510E-01
1.068355E-02,4.178326E-02,-5.1058319E-01
1.068682E-02,4.065411E-02,-5.2416351E-01
1.069010E-02,3.932660E-02,-5.3713348E-01
1.069338E-02,3.853314E-02,-5.4903534E-01
1.069665E-02,3.784650E-02,-5.6162384E-01
1.069993E-02,3.697675E-02,-5.7375458E-01
1.070321E-02,3.615277E-02,-5.8512238E-01
1.070648E-02,3.522198E-02,-5.9641388E-01
1.070976E-02,3.392499E-02,-6.0846832E-01
1.071304E-02,3.336041E-02,-6.1930206E-01
1.071631E-02,3.137677E-02,-6.2990692E-01
1.071959E-02,3.131573E-02,-6.4005402E-01
1.072287E-02,2.997296E-02,-6.4989594E-01
1.072614E-02,2.858441E-02,-6.6019562E-01
1.072942E-02,2.710431E-02,-6.7003754E-01
1.073270E-02,2.678387E-02,-6.7965057E-01
1.073597E-02,2.550214E-02,-6.8933990E-01
1.073925E-02,2.472394E-02,-6.9696930E-01
1.074253E-02,2.376263E-02,-7.0673492E-01
1.074580E-02,2.258771E-02,-7.1329620E-01
1.074908E-02,2.109235E-02,-7.2168854E-01
1.075236E-02,2.037518E-02,-7.2908905E-01
1.075564E-02,1.936810E-02,-7.3641327E-01
1.075891E-02,1.829999E-02,-7.4327972E-01
1.076219E-02,1.649945E-02,-7.4945953E-01
1.076547E-02,1.624005E-02,-7.5586823E-01
1.076874E-02,1.463788E-02,-7.6212433E-01
1.077202E-02,1.321881E-02,-7.6731232E-01
1.077530E-02,1.273053E-02,-7.7265289E-01
1.077857E-02,1.193707E-02,-7.7669647E-01
1.078185E-02,1.082318E-02,-7.8211334E-01
1.078513E-02,9.694031E-03,-7.8516510E-01
1.078840E-02,8.198669E-03,-7.8936127E-01
1.079168E-02,8.366516E-03,-7.9203156E-01
1.079496E-02,6.825378E-03,-7.9576996E-01
1.079823E-02,6.825378E-03,-7.9798248E-01
1.080151E-02,5.101135E-03,-8.0027130E-01
1.080479E-02,5.177429E-03,-8.0164459E-01
1.080806E-02,3.224304E-03,-8.0416229E-01
1.081134E-02,2.705505E-03,-8.0492523E-01
1.081462E-02,1.347473E-03,-8.0599335E-01
1.081789E-02,1.393250E-03,-8.0622223E-01
1.082117E-02,-1.185486E-03,-8.0698517E-01
1.082445E-02,-1.936646E-04,-8.0561188E-01
1.082772E-02,-2.940247E-03,-8.0629852E-01
1.083100E-02,-2.574036E-03,-8.0439117E-01
1.083428E-02,-4.786560E-03,-8.0454376E-01
1.083756E-02,-4.618713E-03,-8.0256012E-01
1.084083E-02,-7.273743E-03,-8.0065277E-01
1.084411E-02,-6.907532E-03,-7.9737213E-01
1.084739E-02,-8.982727E-03,-7.9531219E-01
1.085066E-02,-8.433411E-03,-7.9119232E-01
1.085394E-02,-1.093585E-02,-7.8936127E-01
1.085722E-02,-1.102740E-02,-7.8478363E-01
1.086049E-02,-1.299579E-02,-7.8180817E-01
1.086377E-02,-1.282794E-02,-7.7616241E-01
1.086705E-02,-1.514728E-02,-7.7265289E-01
1.087032E-02,-1.499469E-02,-7.6639679E-01
1.087360E-02,-1.702411E-02,-7.6151398E-01
1.087688E-02,-1.591022E-02,-7.5472382E-01
1.088015E-02,-1.862628E-02,-7.4907806E-01
1.088343E-02,-1.816852E-02,-7.4099091E-01
1.088671E-02,-2.157123E-02,-7.3565033E-01
1.088998E-02,-2.016742E-02,-7.2756317E-01
1.089326E-02,-2.343280E-02,-7.2069672E-01
1.089654E-02,-2.256305E-02,-7.1154144E-01
1.089981E-02,-2.602679E-02,-7.0475128E-01
1.090309E-02,-2.483661E-02,-6.9506195E-01
1.090637E-02,-2.912433E-02,-6.8689850E-01
1.090964E-02,-2.793414E-02,-6.7675140E-01
1.091292E-02,-3.106219E-02,-6.6874054E-01
1.091620E-02,-3.049762E-02,-6.5836456E-01
1.091948E-02,-3.461749E-02,-6.4890411E-01
1.092275E-02,-3.420551E-02,-6.3799408E-01
1.092603E-02,-3.779132E-02,-6.2906769E-01
1.092931E-02,-3.724200E-02,-6.1640289E-01
1.093258E-02,-4.093463E-02,-6.0602692E-01
1.093586E-02,-4.059894E-02,-5.9443024E-01
1.093914E-02,-4.471881E-02,-5.8352020E-01
1.094241E-02,-4.459674E-02,-5.7131317E-01
1.094569E-02,-4.821307E-02,-5.5941132E-01
1.094897E-02,-4.825885E-02,-5.4659393E-01
1.095224E-02,-5.218036E-02,-5.3537872E-01
1.095552E-02,-5.274493E-02,-5.2118805E-01
1.095880E-02,-5.707843E-02,-5.0905731E-01
1.096207E-02,-5.742938E-02,-4.9463776E-01
1.096535E-02,-6.109149E-02,-4.8159149E-01
1.096863E-02,-6.182391E-02,-4.6679047E-01
1.097190E-02,-6.521136E-02,-4.5290497E-01
1.097518E-02,-6.690509E-02,-4.3840912E-01
1.097846E-02,-7.039935E-02,-4.2498138E-01
1.098173E-02,-7.125385E-02,-4.0995148E-01
1.098501E-02,-7.523639E-02,-3.9446381E-01
1.098829E-02,-7.621295E-02,-3.7867096E-01
1.099156E-02,-8.065326E-02,-3.6440399E-01
1.099484E-02,-8.172137E-02,-3.4838226E-01
1.099812E-02,-8.587177E-02,-3.3365753E-01
1.100140E-02,-8.719928E-02,-3.1763580E-01
1.100467E-02,-9.133441E-02,-3.0161407E-01
1.100795E-02,-9.313495E-02,-2.8399017E-01
1.101123E-02,-9.708698E-02,-2.6834991E-01
1.101450E-02,-9.919269E-02,-2.5240448E-01
1.101778E-02,-1.023513E-01,-2.3653534E-01
1.102106E-02,-1.051131E-01,-2.1921661E-01
1.102433E-02,-1.084700E-01,-2.0296600E-01
1.102761E-02,-1.110030E-01,-1.8625763E-01
1.103089E-02,-1.158858E-01,-1.7023590E-01
1.103416E-02,-1.177016E-01,-1.5284088E-01
1.103744E-02,-1.215163E-01,-1.3636139E-01
1.104072E-02,-1.241408E-01,-1.1957672E-01
1.104399E-02,-1.282454E-01,-1.0324982E-01
1.104727E-02,-1.317092E-01,-8.5931091E-02
1.105055E-02,-1.351271E-01,-6.8383484E-02
1.105382E-02,-1.378279E-01,-5.2056580E-02
1.105710E-02,-1.415053E-01,-3.4432678E-02
1.106038E-02,-1.441909E-01,-1.6045837E-02
1.106365E-02,-1.477462E-01,9.6771240E-04
1.106693E-02,-1.515151E-01,1.8439026E-02
1.107021E-02,-1.554213E-01,3.5681458E-02
1.107348E-02,-1.577712E-01,5.2771301E-02
1.107676E-02,-1.623488E-01,6.9708557E-02
1.108004E-02,-1.646224E-01,8.6264343E-02
1.108332E-02,-1.684676E-01,1.0388824E-01
1.108659E-02,-1.719771E-01,1.2158844E-01
1.108987E-02,-1.760665E-01,1.3928864E-01
1.109315E-02,-1.790267E-01,1.5645477E-01
1.109642E-02,-1.825515E-01,1.7301056E-01
1.109970E-02,-1.857253E-01,1.9055817E-01
1.110298E-02,-1.895552E-01,2.0711395E-01
1.110625E-02,-1.917678E-01,2.2435638E-01
1.110953E-02,-1.956130E-01,2.4053070E-01
1.111281E-02,-1.982680E-01,2.5731537E-01
1.111608E-02,-2.015944E-01,2.7410004E-01
1.111936E-02,-2.034407E-01,2.9057953E-01
1.112264E-02,-2.073165E-01,3.0774567E-01
1.112591E-02,-2.090712E-01,3.2399628E-01
1.112919E-02,-2.125502E-01,3.4009430E-01
1.113247E-02,-2.155867E-01,3.5680267E-01
1.113574E-02,-2.176314E-01,3.7351105E-01
1.113902E-02,-2.200423E-01,3.8876984E-01
1.114230E-02,-2.232466E-01,4.0425751E-01
1.114557E-02,-2.248641E-01,4.1982147E-01
1.114885E-02,-2.273818E-01,4.3546173E-01
1.115213E-02,-2.294265E-01,4.5056793E-01
1.115540E-02,-2.320815E-01,4.6536896E-01
1.115868E-02,-2.326918E-01,4.8009369E-01
1.116196E-02,-2.353469E-01,4.9458954E-01
1.116524E-02,-2.364760E-01,5.0961945E-01
1.116851E-02,-2.389022E-01,5.2342865E-01
1.117179E-02,-2.405349E-01,5.3784821E-01
1.117507E-02,-2.413741E-01,5.5196259E-01
1.117834E-02,-2.424880E-01,5.6477997E-01
1.118162E-02,-2.440444E-01,5.7774994E-01
1.118490E-02,-2.450820E-01,5.9049103E-01
1.118817E-02,-2.458449E-01,6.0315582E-01
1.119145E-02,-2.465468E-01,6.1551544E-01
1.119473E-02,-2.475234E-01,6.2825653E-01
1.119800E-02,-2.479201E-01,6.3977692E-01
1.120128E-02,-2.485152E-01,6.5083954E-01
1.120456E-02,-2.493087E-01,6.6327545E-01
1.120783E-02,-2.488051E-01,6.7540619E-01
1.121111E-02,-2.489577E-01,6.8601105E-01
1.121439E-02,-2.485457E-01,6.9714996E-01
1.121766E-02,-2.488967E-01,7.0798370E-01
1.122094E-02,-2.482863E-01,7.1790192E-01
1.122422E-02,-2.475692E-01,7.2774384E-01
1.122749E-02,-2.465010E-01,7.3689911E-01
1.123077E-02,-2.457686E-01,7.4635956E-01
1.123405E-02,-2.446089E-01,7.5536224E-01
1.123732E-02,-2.437545E-01,7.6314423E-01
1.124060E-02,-2.419844E-01,7.7168915E-01
1.124388E-02,-2.415114E-01,7.7908966E-01
1.124716E-02,-2.390853E-01,7.8702423E-01
1.125043E-02,-2.370101E-01,7.9335663E-01
1.125371E-02,-2.356368E-01,8.0144379E-01
1.125699E-02,-2.332869E-01,8.0785248E-01
1.126026E-02,-2.309371E-01,8.1456635E-01
1.126354E-02,-2.294112E-01,8.2051727E-01
1.126682E-02,-2.262374E-01,8.2738373E-01
1.127009E-02,-2.248641E-01,8.3264801E-01
1.127337E-02,-2.210341E-01,8.3852264E-01
1.127665E-02,-2.189742E-01,8.4302399E-01
1.127992E-02,-2.156020E-01,8.4874603E-01
1.128320E-02,-2.131606E-01,8.5141632E-01
1.128648E-02,-2.093306E-01,8.5492584E-01
1.128975E-02,-2.072707E-01,8.5835907E-01
1.129303E-02,-2.021285E-01,8.6156342E-01
1.129631E-02,-1.996260E-01,8.6339447E-01
1.129958E-02,-1.949111E-01,8.6675140E-01
1.130286E-02,-1.913710E-01,8.6858246E-01
1.130614E-02,-1.865493E-01,8.7018463E-01
1.130941E-02,-1.844283E-01,8.7117645E-01
1.131269E-02,-1.784163E-01,8.7285492E-01
1.131597E-02,-1.755477E-01,8.7338898E-01
1.131924E-02,-1.708632E-01,8.7422821E-01
1.132252E-02,-1.678115E-01,8.7247345E-01
1.132580E-02,-1.618148E-01,8.7216827E-01
1.132908E-02,-1.586104E-01,8.7140533E-01
1.133235E-02,-1.525984E-01,8.7056610E-01
1.133563E-02,-1.491805E-01,8.6812469E-01
1.133891E-02,-1.434584E-01,8.6728546E-01
1.134218E-02,-1.391860E-01,8.6446259E-01
1.134546E-02,-1.334334E-01,8.6148712E-01
1.134874E-02,-1.305342E-01,8.5828278E-01
1.135201E-02,-1.243239E-01,8.5545990E-01
1.135529E-02,-1.208449E-01,8.5134003E-01
1.135857E-02,-1.140547E-01,8.4790680E-01
1.136184E-02,-1.104842E-01,8.4317657E-01
1.136512E-02,-1.040602E-01,8.3837006E-01
1.136840E-02,-1.006118E-01,8.3234283E-01
1.137167E-02,-9.406573E-02,8.2791779E-01
1.137495E-02,-9.019000E-02,8.2173798E-01
1.137823E-02,-8.430011E-02,8.1571075E-01
1.138150E-02,-8.108051E-02,8.0846283E-01
1.138478E-02,-7.355792E-02,8.0213043E-01
1.138806E-02,-7.003314E-02,7.9396698E-01
1.139133E-02,-6.417377E-02,7.8809235E-01
1.139461E-02,-6.067950E-02,7.7908966E-01
1.139789E-02,-5.344684E-02,7.7298615E-01
1.140116E-02,-5.010516E-02,7.6329681E-01
1.140444E-02,-4.281146E-02,7.5665924E-01
1.140772E-02,-4.043109E-02,7.4727509E-01
1.141100E-02,-3.368671E-02,7.3934052E-01
1.141427E-02,-3.113849E-02,7.2911713E-01
1.141755E-02,-2.375323E-02,7.1996185E-01
1.142083E-02,-2.099139E-02,7.0836517E-01
1.142410E-02,-1.424701E-02,6.9882843E-01
1.142738E-02,-1.227863E-02,6.8746063E-01
1.143066E-02,-5.900452E-03,6.7700836E-01
1.143393E-02,-3.428528E-03,6.6487762E-01
1.143721E-02,2.324036E-03,6.5473053E-01
1.144049E-02,5.360535E-03,6.4099762E-01
1.144376E-02,1.089948E-02,6.2970612E-01
1.144704E-02,1.347821E-02,6.1719391E-01
1.145032E-02,1.797955E-02,6.0529205E-01
1.145359E-02,2.121442E-02,5.9178802E-01
1.145687E-02,2.583783E-02,5.7980988E-01
1.146015E-02,2.902692E-02,5.6630585E-01
1.146342E-02,3.380292E-02,5.5386993E-01
1.146670E-02,3.580182E-02,5.3960297E-01
1.146998E-02,3.969281E-02,5.2571747E-01
1.147325E-02,4.216473E-02,5.1061127E-01
1.147653E-02,4.649823E-02,4.9619171E-01
1.147981E-02,4.816144E-02,4.8161957E-01
1.148308E-02,5.275433E-02,4.6758148E-01
1.148636E-02,5.423444E-02,4.5232269E-01
1.148964E-02,5.862897E-02,4.3874237E-01
1.149292E-02,6.020062E-02,4.2211029E-01
1.149619E-02,6.348126E-02,4.0738556E-01
1.149947E-02,6.523602E-02,3.9098236E-01
1.150275E-02,6.816571E-02,3.7564728E-01
1.150602E-02,6.941693E-02,3.5947296E-01
1.150930E-02,7.259076E-02,3.4322235E-01
1.151258E-02,7.339948E-02,3.2643768E-01
1.151585E-02,7.577985E-02,3.1033966E-01
1.151913E-02,7.600873E-02,2.9393646E-01
1.152241E-02,7.840436E-02,2.7768585E-01
1.152568E-02,8.008282E-02,2.6074860E-01
1.152896E-02,8.142560E-02,2.4480316E-01
1.153224E-02,8.224957E-02,2.2786591E-01
1.153551E-02,8.363812E-02,2.1138641E-01
1.153879E-02,8.430951E-02,1.9437286E-01
1.154207E-02,8.458417E-02,1.7697784E-01
1.154534E-02,8.540814E-02,1.5973541E-01
1.154862E-02,8.553021E-02,1.4317963E-01
1.155190E-02,8.592694E-02,1.2532684E-01
1.155517E-02,8.655255E-02,1.0823700E-01
1.155845E-02,8.667462E-02,9.0460510E-02
1.156173E-02,8.697980E-02,7.3141785E-02
1.156500E-02,8.676617E-02,5.6357117E-02
1.156828E-02,8.649152E-02,3.8809509E-02
1.157156E-02,8.615582E-02,2.2177429E-02
1.157484E-02,8.617108E-02,5.2401733E-03
1.157811E-02,8.499615E-02,-1.2078552E-02
1.158139E-02,8.517926E-02,-2.9702454E-02
1.158467E-02,8.394330E-02,-4.6792297E-02
1.158794E-02,8.316510E-02,-6.4645081E-02
1.159122E-02,8.212750E-02,-8.1887512E-02
1.159450E-02,8.163922E-02,-9.8824768E-02
1.159777E-02,8.104413E-02,-1.1583832E-01
1.160105E-02,7.985394E-02,-1.3216522E-01
1.160433E-02,7.878583E-02,-1.4833954E-01
1.160760E-02,7.754987E-02,-1.6596344E-01
1.161088E-02,7.587140E-02,-1.8297699E-01
1.161416E-02,7.500165E-02,-1.9953278E-01
1.161743E-02,7.307904E-02,-2.1624115E-01
1.162071E-02,7.176678E-02,-2.3256805E-01
1.162399E-02,7.043927E-02,-2.4866608E-01
1.162726E-02,6.941693E-02,-2.6400116E-01
1.163054E-02,6.741803E-02,-2.8025177E-01
1.163382E-02,6.577008E-02,-2.9680756E-01
1.163709E-02,6.442731E-02,-3.1290558E-01
1.164037E-02,6.291669E-02,-3.2846954E-01
1.164365E-02,6.078046E-02,-3.4327057E-01
1.164692E-02,5.901044E-02,-3.5852936E-01
1.165020E-02,5.707257E-02,-3.7310150E-01
1.165348E-02,5.539410E-02,-3.8858917E-01
1.165676E-02,5.337994E-02,-4.0407684E-01
1.166003E-02,5.145734E-02,-4.1925934E-01
1.166331E-02,4.980939E-02,-4.3360260E-01
1.166659E-02,4.770367E-02,-4.4870880E-01
1.166986E-02,4.533856E-02,-4.6221283E-01
1.167314E-02,4.439252E-02,-4.7670868E-01
1.167642E-02,4.193585E-02,-4.8952606E-01
1.167969E-02,3.960126E-02,-5.0264862E-01
1.168297E-02,3.784650E-02,-5.1615265E-01
1.168625E-02,3.473370E-02,-5.2973297E-01
1.168952E-02,3.343671E-02,-5.4277924E-01
1.169280E-02,3.178876E-02,-5.5483368E-01
1.169608E-02,2.991193E-02,-5.6582001E-01
1.169935E-02,2.803510E-02,-5.7871368E-01
1.170263E-02,2.621930E-02,-5.9008148E-01
1.170591E-02,2.361005E-02,-6.0251740E-01
1.170918E-02,2.164166E-02,-6.1296967E-01
1.171246E-02,2.040570E-02,-6.2372711E-01
1.171574E-02,1.880353E-02,-6.3433197E-01
1.171901E-02,1.624005E-02,-6.4531830E-01
1.172229E-02,1.515668E-02,-6.5523651E-01
1.172557E-02,1.248639E-02,-6.6431549E-01
1.172884E-02,1.074689E-02,-6.7354706E-01
1.173212E-02,8.244446E-03,-6.8323639E-01
1.173540E-02,7.664612E-03,-6.9178131E-01
1.173868E-02,5.207947E-03,-7.0078400E-01
1.174195E-02,3.407410E-03,-7.0856598E-01
1.174523E-02,1.347473E-03,-7.1657684E-01
1.174851E-02,2.640991E-04,-7.2382477E-01
1.175178E-02,-2.085754E-03,-7.3153046E-01
1.175506E-02,-2.436707E-03,-7.3877838E-01
1.175834E-02,-5.045959E-03,-7.4617889E-01
1.176161E-02,-6.159851E-03,-7.5167206E-01
1.176489E-02,-7.990906E-03,-7.5762299E-01
1.176817E-02,-9.242126E-03,-7.6319244E-01
1.177144E-02,-1.195819E-02,-7.6883820E-01
1.177472E-02,-1.259906E-02,-7.7295807E-01
1.177800E-02,-1.475055E-02,-7.7753571E-01
1.178127E-02,-1.549823E-02,-7.8173187E-01
1.178455E-02,-1.827533E-02,-7.8562286E-01
1.178783E-02,-1.864154E-02,-7.8989532E-01
1.179110E-02,-2.114398E-02,-7.9309967E-01
1.179438E-02,-2.154071E-02,-7.9638031E-01
1.179766E-02,-2.329547E-02,-7.9981354E-01
1.180093E-02,-2.421100E-02,-8.0088165E-01
1.180421E-02,-2.671344E-02,-8.0332306E-01
1.180749E-02,-2.662189E-02,-8.0347565E-01
1.181076E-02,-2.907855E-02,-8.0553558E-01
1.181404E-02,-2.939899E-02,-8.0507782E-01
1.181732E-02,-3.196246E-02,-8.0606964E-01
1.182060E-02,-3.234393E-02,-8.0545929E-01
1.182387E-02,-3.477008E-02,-8.0614594E-01
1.182715E-02,-3.397662E-02,-8.0500153E-01
1.183043E-02,-3.733356E-02,-8.0477264E-01
1.183370E-02,-3.724200E-02,-8.0317047E-01
1.183698E-02,-3.991229E-02,-8.0225494E-01
1.184026E-02,-3.969867E-02,-7.9828766E-01
1.184353E-02,-4.334552E-02,-7.9676178E-01
1.184681E-02,-4.271991E-02,-7.9363373E-01
1.185009E-02,-4.549701E-02,-7.9020050E-01
1.185336E-02,-4.566486E-02,-7.8600433E-01
1.185664E-02,-4.819781E-02,-7.8356293E-01
1.185992E-02,-4.828937E-02,-7.7829865E-01
1.186319E-02,-5.153949E-02,-7.7448395E-01
1.186647E-02,-5.118854E-02,-7.6906708E-01
1.186975E-02,-5.485065E-02,-7.6517609E-01
1.187302E-02,-5.465228E-02,-7.5861481E-01
1.187630E-02,-5.738361E-02,-7.5342682E-01
1.187958E-02,-5.759723E-02,-7.4671295E-01
1.188285E-02,-6.098468E-02,-7.4015167E-01
1.188613E-02,-6.055743E-02,-7.3198822E-01
1.188941E-02,-6.486041E-02,-7.2611359E-01
1.189268E-02,-6.370074E-02,-7.1802643E-01
1.189596E-02,-6.742389E-02,-7.0993927E-01
1.189924E-02,-6.695087E-02,-7.0070770E-01
1.190252E-02,-7.104022E-02,-6.9384125E-01
1.190579E-02,-7.097919E-02,-6.8384674E-01
1.190907E-02,-7.490070E-02,-6.7560699E-01
1.191235E-02,-7.438190E-02,-6.6515472E-01
1.191562E-02,-7.918842E-02,-6.5676239E-01
1.191890E-02,-7.866962E-02,-6.4585236E-01
1.192218E-02,-8.320148E-02,-6.3608673E-01
1.192545E-02,-8.341510E-02,-6.2487152E-01
1.192873E-02,-8.710773E-02,-6.1464813E-01
1.193201E-02,-8.712299E-02,-6.0328033E-01
1.193528E-02,-9.128864E-02,-5.9275177E-01
1.193856E-02,-9.185321E-02,-5.7962921E-01
1.194184E-02,-9.582050E-02,-5.6856659E-01
1.194511E-02,-9.621722E-02,-5.5544403E-01
1.194839E-02,-9.963519E-02,-5.4422882E-01
1.195167E-02,-1.009780E-01,-5.3095367E-01
1.195494E-02,-1.046553E-01,-5.1836517E-01
1.195822E-02,-1.058760E-01,-5.0463226E-01
1.196150E-02,-1.099501E-01,-4.9173859E-01
1.196477E-02,-1.106520E-01,-4.7762421E-01
1.196805E-02,-1.150618E-01,-4.6396759E-01
1.197133E-02,-1.153365E-01,-4.4855621E-01
1.197460E-02,-1.198836E-01,-4.3474701E-01
1.197788E-02,-1.205245E-01,-4.1979340E-01
1.198116E-02,-1.240798E-01,-4.0560272E-01
1.198444E-02,-1.262618E-01,-3.9103058E-01
1.198771E-02,-1.300460E-01,-3.7561920E-01
1.199099E-02,-1.310378E-01,-3.5929230E-01
1.199427E-02,-1.345931E-01,-3.4510162E-01
1.199754E-02,-1.364547E-01,-3.2892731E-01
1.200082E-02,-1.401625E-01,-3.1336334E-01
1.200410E-02,-1.413985E-01,-2.9696014E-01
1.200737E-02,-1.453810E-01,-2.8070953E-01
1.201065E-02,-1.467086E-01,-2.6476410E-01
1.201393E-02,-1.501723E-01,-2.4935272E-01
1.201720E-02,-1.527510E-01,-2.3302582E-01
1.202048E-02,-1.554213E-01,-2.1685150E-01
1.202376E-02,-1.577254E-01,-2.0113495E-01
1.202703E-02,-1.616469E-01,-1.8419769E-01
1.203031E-02,-1.627761E-01,-1.6703156E-01
1.203359E-02,-1.660567E-01,-1.4956024E-01
1.203686E-02,-1.675215E-01,-1.3300446E-01
1.204014E-02,-1.708785E-01,-1.1568573E-01
1.204342E-02,-1.729689E-01,-9.9435120E-02
1.204669E-02,-1.756697E-01,-8.2345276E-02
1.204997E-02,-1.777755E-01,-6.4950256E-02
1.205325E-02,-1.808882E-01,-4.7250061E-02
1.205652E-02,-1.825209E-01,-2.9931335E-02
1.205980E-02,-1.853133E-01,-1.3375549E-02
1.206308E-02,-1.872359E-01,5.4690552E-03
1.206636E-02,-1.900435E-01,2.3092957E-02
1.206963E-02,-1.916609E-01,4.0564270E-02
1.207291E-02,-1.939040E-01,5.7501526E-02
1.207619E-02,-1.947432E-01,7.4515076E-02
1.207946E-02,-1.975814E-01,9.2215271E-02
1.208274E-02,-1.986037E-01,1.0999176E-01
1.208602E-02,-2.009993E-01,1.2776825E-01
1.208929E-02,-2.016249E-01,1.4539215E-01
1.209257E-02,-2.041579E-01,1.6217682E-01
1.209585E-02,-2.044478E-01,1.7911407E-01
1.209912E-02,-2.070418E-01,1.9643280E-01
1.210240E-02,-2.073165E-01,2.1230194E-01
1.210568E-02,-2.090255E-01,2.3030731E-01
1.210895E-02,-2.093917E-01,2.4709198E-01
1.211223E-02,-2.110701E-01,2.6441071E-01
1.211551E-02,-2.110091E-01,2.8188202E-01
1.211878E-02,-2.126265E-01,2.9767487E-01
1.212206E-02,-2.130995E-01,3.1415436E-01
1.212534E-02,-2.142592E-01,3.2994720E-01
1.212861E-02,-2.136336E-01,3.4589264E-01
1.213189E-02,-2.144576E-01,3.6313507E-01
1.213517E-02,-2.141524E-01,3.7808868E-01
1.213844E-02,-2.139540E-01,3.9472076E-01
1.214172E-02,-2.134505E-01,4.1120026E-01
1.214500E-02,-2.141219E-01,4.2722198E-01
1.214828E-02,-2.129012E-01,4.4217560E-01
1.215155E-02,-2.133284E-01,4.5728180E-01
1.215483E-02,-2.126723E-01,4.7223541E-01
1.215811E-02,-2.108565E-01,4.8810455E-01
1.216138E-02,-2.108718E-01,5.0244781E-01
1.216466E-02,-2.093764E-01,5.1686737E-01
1.216794E-02,-2.082930E-01,5.3090546E-01
1.217121E-02,-2.065840E-01,5.4494354E-01
1.217449E-02,-2.057601E-01,5.5860016E-01
1.217777E-02,-2.047530E-01,5.7202789E-01
1.218104E-02,-2.025862E-01,5.8515045E-01
1.218432E-02,-2.006942E-01,5.9873077E-01
1.218760E-02,-1.983901E-01,6.1055634E-01
1.219087E-02,-1.964522E-01,6.2322113E-01
1.219415E-02,-1.956893E-01,6.3481781E-01
1.219743E-02,-1.929274E-01,6.4664337E-01
1.220070E-02,-1.902266E-01,6.5877411E-01
1.220398E-02,-1.871291E-01,6.7014191E-01
1.220726E-02,-1.847029E-01,6.8150970E-01
1.221053E-02,-1.812850E-01,6.9303009E-01
1.221381E-02,-1.793624E-01,7.0424530E-01
1.221709E-02,-1.756087E-01,7.1515533E-01
1.222036E-02,-1.727401E-01,7.2514984E-01
1.222364E-02,-1.695204E-01,7.3560211E-01
1.222692E-02,-1.661940E-01,7.4483368E-01
1.223020E-02,-1.617537E-01,7.5406525E-01
1.223347E-02,-1.593734E-01,7.6253387E-01
1.223675E-02,-1.551009E-01,7.7222321E-01
1.224003E-02,-1.517440E-01,7.8008148E-01
1.224330E-02,-1.459456E-01,7.8855011E-01
1.224658E-02,-1.426345E-01,7.9526398E-01
1.224986E-02,-1.378279E-01,8.0335114E-01
1.225313E-02,-1.349898E-01,8.1021759E-01
1.225641E-02,-1.288405E-01,8.1777069E-01
1.225969E-02,-1.256819E-01,8.2387421E-01
1.226296E-02,-1.200820E-01,8.2959625E-01
1.226624E-02,-1.168166E-01,8.3600494E-01
1.226952E-02,-1.108199E-01,8.4248993E-01
1.227279E-02,-1.069442E-01,8.4691498E-01
1.227607E-02,-1.009169E-01,8.5256073E-01
1.227935E-02,-9.752948E-02,8.5637543E-01
1.228262E-02,-9.148700E-02,8.6156342E-01
1.228590E-02,-8.802325E-02,8.6423370E-01
1.228918E-02,-8.117206E-02,8.6797211E-01
1.229245E-02,-7.802875E-02,8.6957428E-01
1.229573E-02,-7.171161E-02,8.7331268E-01
1.229901E-02,-6.830890E-02,8.7506744E-01
1.230228E-02,-6.168658E-02,8.7750885E-01
1.230556E-02,-5.720050E-02,8.7903473E-01
1.230884E-02,-5.080707E-02,8.8056061E-01
1.231212E-02,-4.802997E-02,8.8086578E-01
1.231539E-02,-4.142291E-02,8.8284943E-01
1.231867E-02,-3.733356E-02,8.8269684E-01
1.232195E-02,-3.061969E-02,8.8300201E-01
1.232522E-02,-2.672870E-02,8.8254425E-01
1.232850E-02,-2.032001E-02,8.8208649E-01
1.233178E-02,-1.711566E-02,8.7987396E-01
1.233505E-02,-1.031024E-02,8.7857697E-01
1.233833E-02,-6.510803E-03,8.7613556E-01
1.234161E-02,-3.462524E-04,8.7491486E-01
1.234488E-02,2.995422E-03,8.7148163E-01
1.234816E-02,9.877136E-03,8.6995575E-01
1.235144E-02,1.237958E-02,8.6614105E-01
1.235471E-02,1.936810E-02,8.6240265E-01
1.235799E-02,2.171796E-02,8.5797760E-01
1.236127E-02,2.820294E-02,8.5446808E-01
1.236454E-02,3.102582E-02,8.4920380E-01
1.236782E-02,3.778546E-02,8.4546539E-01
1.237110E-02,4.080670E-02,8.3875153E-01
1.237437E-02,4.735272E-02,8.3440277E-01
1.237765E-02,4.948895E-02,8.2623932E-01
1.238093E-02,5.621808E-02,8.2066986E-01
1.238420E-02,5.791180E-02,8.1265900E-01
1.238748E-02,6.442731E-02,8.0686066E-01
1.239076E-02,6.570905E-02,7.9900238E-01
1.239404E-02,7.233136E-02,7.9167816E-01
1.239731E-02,7.365887E-02,7.8336212E-01
1.240059E-02,7.985394E-02,7.7641937E-01
1.240387E-02,8.124249E-02,7.6726410E-01
1.240714E-02,8.676617E-02,7.5963470E-01
1.241042E-02,8.797162E-02,7.4849579E-01
1.241370E-02,9.271710E-02,7.4056122E-01
1.241697E-02,9.413617E-02,7.2995636E-01
1.242025E-02,9.856122E-02,7.2125885E-01
1.242353E-02,9.953778E-02,7.1019623E-01
1.242680E-02,1.037797E-01,7.0050690E-01
1.243008E-02,1.055192E-01,6.8791840E-01
1.243336E-02,1.096849E-01,6.7670319E-01
1.243663E-02,1.100663E-01,6.6541168E-01
1.243991E-02,1.137895E-01,6.5373871E-01
1.244319E-02,1.143083E-01,6.4046356E-01
1.244646E-02,1.171159E-01,6.2924835E-01
1.244974E-02,1.182145E-01,6.1681244E-01
1.245302E-02,1.204271E-01,6.0422394E-01
1.245629E-02,1.212358E-01,5.9079620E-01
1.245957E-02,1.238450E-01,5.7797882E-01
1.246285E-02,1.239213E-01,5.6485626E-01
1.246612E-02,1.258897E-01,5.5165741E-01
1.246940E-02,1.258439E-01,5.3716156E-01
1.247268E-02,1.269883E-01,5.2258942E-01
1.247596E-02,1.268205E-01,5.0786469E-01
1.247923E-02,1.283159E-01,4.9382660E-01
1.248251E-02,1.282701E-01,4.7864410E-01
1.248579E-02,1.289415E-01,4.6437714E-01
1.248906E-02,1.283464E-01,4.4888947E-01
1.249234E-02,1.282090E-01,4.3309662E-01
1.249562E-02,1.283311E-01,4.1738007E-01
1.249889E-02,1.282853E-01,4.0379974E-01
1.250217E-02,1.277513E-01,3.8709137E-01
1.250545E-02,1.276750E-01,3.7091705E-01
1.250872E-02,1.263780E-01,3.5367462E-01
1.251200E-02,1.260270E-01,3.3841583E-01
1.251528E-02,1.246385E-01,3.2132599E-01
1.251855E-02,1.238450E-01,3.0492279E-01
1.252183E-02,1.234483E-01,2.8798553E-01
1.252511E-02,1.219682E-01,2.7165863E-01
1.252838E-02,1.196794E-01,2.5403473E-01
1.253166E-02,1.189775E-01,2.3770782E-01
1.253494E-02,1.176652E-01,2.2069427E-01
1.253821E-02,1.161088E-01,2.0429108E-01
1.254149E-02,1.142320E-01,1.8651459E-01
1.254477E-02,1.128282E-01,1.6972992E-01
1.254804E-02,1.101579E-01,1.5264008E-01
1.255132E-02,1.080217E-01,1.3532135E-01
1.255460E-02,1.058854E-01,1.1785004E-01
1.255788E-02,1.040544E-01,1.0014984E-01
1.256115E-02,1.018571E-01,8.2068176E-02
1.256443E-02,9.930890E-02,6.5054626E-02
1.256771E-02,9.698956E-02,4.7354431E-02
1.257098E-02,9.500592E-02,3.1103821E-02
1.257426E-02,9.239667E-02,1.3327332E-02
1.257754E-02,9.030621E-02,-4.0676880E-03
1.258081E-02,8.716290E-02,-2.1767883E-02
1.258409E-02,8.461469E-02,-3.8781433E-02
1.258737E-02,8.171552E-02,-5.6710510E-02
1.259064E-02,7.921307E-02,-7.4181824E-02
1.259392E-02,7.655804E-02,-9.1500549E-02
1.259720E-02,7.402509E-02,-1.0820892E-01
1.260047E-02,7.135480E-02,-1.2499359E-01
1.260375E-02,6.819623E-02,-1.4162567E-01
1.260703E-02,6.531232E-02,-1.5863922E-01
1.261030E-02,6.329816E-02,-1.7611053E-01
1.261358E-02,5.994122E-02,-1.9197968E-01
1.261686E-02,5.765240E-02,-2.0945099E-01
1.262013E-02,5.478375E-02,-2.2600677E-01
1.262341E-02,5.234235E-02,-2.4187592E-01
1.262669E-02,4.889386E-02,-2.5812653E-01
1.262996E-02,4.599469E-02,-2.7399567E-01
1.263324E-02,4.411786E-02,-2.9100922E-01
1.263652E-02,4.083722E-02,-3.0718353E-01
1.263980E-02,3.758710E-02,-3.2259491E-01
1.264307E-02,3.567975E-02,-3.3854034E-01
1.264635E-02,3.207867E-02,-3.5456207E-01
1.264963E-02,2.962201E-02,-3.6982086E-01
1.265290E-02,2.708905E-02,-3.8355377E-01
1.265618E-02,2.396100E-02,-4.0003326E-01
1.265946E-02,2.206891E-02,-4.1460541E-01
1.266273E-02,1.851361E-02,-4.2994049E-01
1.266601E-02,1.614850E-02,-4.4451263E-01
1.266929E-02,1.332562E-02,-4.5870331E-01
1.267256E-02,1.050275E-02,-4.7174957E-01
1.267584E-02,7.450989E-03,-4.8639801E-01
1.267912E-02,4.734924E-03,-5.0043610E-01
1.268239E-02,2.659729E-03,-5.1386383E-01
1.268567E-02,4.166870E-04,-5.2752045E-01
1.268895E-02,-1.902649E-03,-5.4056671E-01
1.269222E-02,-4.847595E-03,-5.5285004E-01
1.269550E-02,-7.563660E-03,-5.6520966E-01
1.269878E-02,-9.043762E-03,-5.7756927E-01
1.270205E-02,-1.156146E-02,-5.8977631E-01
1.270533E-02,-1.403339E-02,-6.0114410E-01
1.270861E-02,-1.664264E-02,-6.1266449E-01
1.271188E-02,-1.854999E-02,-6.2395599E-01
1.271516E-02,-2.123553E-02,-6.3494232E-01
1.271844E-02,-2.303607E-02,-6.4524200E-01
1.272172E-02,-2.509601E-02,-6.5584686E-01
1.272499E-02,-2.636249E-02,-6.6454437E-01
1.272827E-02,-2.891071E-02,-6.7476776E-01
1.273155E-02,-3.052814E-02,-6.8377045E-01
1.273482E-02,-3.289325E-02,-6.9384125E-01
1.273810E-02,-3.403766E-02,-7.0177582E-01
1.274138E-02,-3.664691E-02,-7.1070221E-01
1.274465E-02,-3.792865E-02,-7.1810272E-01
1.274793E-02,-4.018695E-02,-7.2664764E-01
1.275121E-02,-4.134662E-02,-7.3351410E-01
1.275448E-02,-4.354388E-02,-7.4160126E-01
1.275776E-02,-4.474933E-02,-7.4739960E-01
1.276104E-02,-4.723651E-02,-7.5434235E-01
1.276431E-02,-4.740436E-02,-7.5907257E-01
1.276759E-02,-4.996783E-02,-7.6548126E-01
1.277087E-02,-5.079181E-02,-7.7135590E-01
1.277414E-02,-5.295856E-02,-7.7662018E-01
1.277742E-02,-5.337054E-02,-7.8058746E-01
1.278070E-02,-5.604083E-02,-7.8623322E-01
1.278397E-02,-5.630023E-02,-7.8928497E-01
1.278725E-02,-5.776508E-02,-7.9348114E-01
1.279053E-02,-5.811603E-02,-7.9576996E-01
1.279380E-02,-6.099994E-02,-7.9988983E-01
1.279708E-02,-6.173236E-02,-8.0248383E-01
1.280036E-02,-6.403644E-02,-8.0385712E-01
1.280364E-02,-6.397540E-02,-8.0629852E-01
1.280691E-02,-6.664569E-02,-8.0896881E-01
1.281019E-02,-6.632526E-02,-8.0980804E-01
1.281347E-02,-6.952960E-02,-8.1110504E-01
1.281674E-02,-6.896503E-02,-8.1057098E-01
1.282002E-02,-7.162006E-02,-8.1125763E-01
1.282330E-02,-7.146747E-02,-8.1079987E-01
1.282657E-02,-7.369525E-02,-8.1110504E-01
1.282985E-02,-7.404620E-02,-8.0919769E-01
1.283313E-02,-7.624347E-02,-8.0935028E-01
1.283640E-02,-7.641132E-02,-8.0675629E-01
1.283968E-02,-7.984454E-02,-8.0576447E-01
1.284296E-02,-7.848651E-02,-8.0286530E-01
1.284623E-02,-8.196552E-02,-8.0019501E-01
1.284951E-02,-8.137042E-02,-7.9622772E-01
1.285279E-02,-8.477313E-02,-7.9355743E-01
1.285606E-02,-8.401019E-02,-7.8897980E-01
1.285934E-02,-8.709247E-02,-7.8669098E-01
1.286262E-02,-8.718402E-02,-7.8096893E-01
1.286589E-02,-9.017474E-02,-7.7745941E-01
1.286917E-02,-8.957965E-02,-7.7059296E-01
1.287245E-02,-9.379108E-02,-7.6624420E-01
1.287572E-02,-9.241779E-02,-7.5945404E-01
1.287900E-02,-9.633929E-02,-7.5449493E-01
1.288228E-02,-9.574420E-02,-7.4686554E-01
1.288556E-02,-9.929950E-02,-7.4152496E-01
1.288883E-02,-9.897906E-02,-7.3366669E-01
1.289211E-02,-1.035720E-01,-7.2649506E-01
1.289539E-02,-1.015883E-01,-7.1825531E-01
1.289866E-02,-1.060439E-01,-7.1070221E-01
1.290194E-02,-1.051589E-01,-7.0063141E-01
1.290522E-02,-1.087447E-01,-6.9323090E-01
1.290849E-02,-1.090346E-01,-6.8262604E-01
1.291177E-02,-1.116286E-01,-6.7476776E-01
1.291505E-02,-1.123000E-01,-6.6408661E-01
1.291832E-02,-1.157180E-01,-6.5454987E-01
1.292160E-02,-1.159774E-01,-6.4363983E-01
1.292488E-02,-1.189833E-01,-6.3356903E-01
1.292815E-02,-1.194869E-01,-6.2174347E-01
1.293143E-02,-1.226912E-01,-6.1220673E-01
1.293471E-02,-1.230574E-01,-5.9984711E-01
1.293798E-02,-1.256972E-01,-5.8931854E-01
1.294126E-02,-1.262007E-01,-5.7673004E-01
1.294454E-02,-1.300002E-01,-5.6520966E-01
1.294781E-02,-1.297408E-01,-5.5277374E-01
1.295109E-02,-1.327315E-01,-5.3972748E-01
1.295437E-02,-1.336165E-01,-5.2675751E-01
1.295764E-02,-1.362105E-01,-5.1409271E-01
1.296092E-02,-1.366072E-01,-4.9997833E-01
1.296420E-02,-1.397658E-01,-4.8731354E-01
1.296748E-02,-1.401015E-01,-4.7235992E-01
1.297075E-02,-1.430922E-01,-4.5900848E-01
1.297403E-02,-1.445418E-01,-4.4443634E-01
1.297731E-02,-1.465560E-01,-4.3062714E-01
1.298058E-02,-1.475783E-01,-4.1491058E-01
1.298386E-02,-1.508437E-01,-3.9995697E-01
1.298714E-02,-1.509658E-01,-3.8538483E-01
1.299041E-02,-1.530257E-01,-3.7004974E-01
1.299369E-02,-1.533004E-01,-3.5425690E-01
1.299697E-02,-1.556044E-01,-3.3861664E-01
1.300024E-02,-1.565810E-01,-3.2335785E-01
1.300352E-02,-1.590682E-01,-3.0802277E-01
1.300680E-02,-1.592818E-01,-2.9078033E-01
1.301007E-02,-1.610213E-01,-2.7468231E-01
1.301335E-02,-1.614333E-01,-2.5827911E-01
1.301663E-02,-1.639357E-01,-2.4179962E-01
1.301990E-02,-1.638137E-01,-2.2554901E-01
1.302318E-02,-1.657057E-01,-2.0929840E-01
1.302646E-02,-1.661330E-01,-1.9236115E-01
1.302973E-02,-1.676284E-01,-1.7504242E-01
1.303301E-02,-1.673690E-01,-1.5734222E-01
1.303629E-02,-1.685591E-01,-1.4048126E-01
1.303956E-02,-1.689406E-01,-1.2430695E-01
1.304284E-02,-1.704665E-01,-1.0736969E-01
1.304612E-02,-1.704360E-01,-9.0356140E-02
1.304940E-02,-1.716109E-01,-7.3037415E-02
1.305267E-02,-1.708785E-01,-5.5566101E-02
1.305595E-02,-1.726638E-01,-3.8399963E-02
1.305923E-02,-1.722365E-01,-2.0928650E-02
1.306250E-02,-1.732589E-01,-2.8469849E-03
1.306578E-02,-1.726180E-01,1.4776917E-02
1.306906E-02,-1.720992E-01,3.2400818E-02
1.307233E-02,-1.713210E-01,5.0329895E-02
1.307561E-02,-1.714888E-01,6.6885681E-02
1.307889E-02,-1.712752E-01,8.4509583E-02
1.308216E-02,-1.701613E-01,1.0167572E-01
1.308544E-02,-1.692153E-01,1.1929962E-01
1.308872E-02,-1.690169E-01,1.3677094E-01
1.309199E-02,-1.674147E-01,1.5447113E-01
1.309527E-02,-1.674147E-01,1.7064545E-01
1.309855E-02,-1.654921E-01,1.8865082E-01
1.310182E-02,-1.649276E-01,2.0581696E-01
1.310510E-02,-1.635085E-01,2.2229645E-01
1.310838E-02,-1.621810E-01,2.3908112E-01
1.311165E-02,-1.600753E-01,2.5609467E-01
1.311493E-02,-1.590987E-01,2.7356598E-01
1.311821E-02,-1.567336E-01,2.9012177E-01
1.312148E-02,-1.552840E-01,3.0621979E-01
1.312476E-02,-1.529799E-01,3.2353851E-01
1.312804E-02,-1.513320E-01,3.3971283E-01
1.313132E-02,-1.488906E-01,3.5649750E-01
1.313459E-02,-1.466780E-01,3.7282440E-01
1.313787E-02,-1.439315E-01,3.8922760E-01
1.314115E-02,-1.414290E-01,4.0471527E-01
1.314442E-02,-1.389418E-01,4.1997406E-01
1.314770E-02,-1.362563E-01,4.3508026E-01
1.315098E-02,-1.333876E-01,4.5117828E-01
1.315425E-02,-1.295119E-01,4.6597931E-01
1.315753E-02,-1.265975E-01,4.8070404E-01
1.316081E-02,-1.233474E-01,4.9504730E-01
1.316408E-02,-1.202040E-01,5.0885651E-01
1.316736E-02,-1.168013E-01,5.2297089E-01
1.317064E-02,-1.133681E-01,5.3807709E-01
1.317391E-02,-1.093856E-01,5.5203888E-01
1.317719E-02,-1.056319E-01,5.6600067E-01
1.318047E-02,-1.016951E-01,5.7950470E-01
1.318374E-02,-9.801776E-02,5.9186432E-01
1.318702E-02,-9.278400E-02,6.0468170E-01
1.319030E-02,-8.951862E-02,6.1704132E-01
1.319357E-02,-8.524615E-02,6.2993500E-01
1.319685E-02,-8.069904E-02,6.4145538E-01
1.320013E-02,-7.590778E-02,6.5412018E-01
1.320340E-02,-7.235248E-02,6.6556427E-01
1.320668E-02,-6.708820E-02,6.7761871E-01
1.320996E-02,-6.287677E-02,6.8906281E-01
1.321324E-02,-5.732257E-02,7.0004913E-01
1.321651E-02,-5.407245E-02,7.1065399E-01
1.321979E-02,-4.772479E-02,7.2118256E-01
1.322307E-02,-4.413898E-02,7.3010895E-01
1.322634E-02,-3.860004E-02,7.4094269E-01
1.322962E-02,-3.408344E-02,7.4994537E-01
1.323290E-02,-2.828510E-02,7.5963470E-01
1.323617E-02,-2.402789E-02,7.6787445E-01
1.323945E-02,-1.829059E-02,7.7710602E-01
1.324273E-02,-1.400287E-02,7.8504059E-01
1.324600E-02,-8.067200E-03,7.9297516E-01
1.324928E-02,-4.237244E-03,7.9953644E-01
1.325256E-02,1.439026E-03,8.0762360E-01
1.325583E-02,5.421570E-03,8.1464264E-01
1.325911E-02,1.166241E-02,8.2143280E-01
1.326239E-02,1.575177E-02,8.2753632E-01
1.326566E-02,2.130597E-02,8.3386871E-01
1.326894E-02,2.519696E-02,8.3844635E-01
1.327222E-02,3.149884E-02,8.4493134E-01
1.327549E-02,3.558820E-02,8.4859344E-01
1.327877E-02,4.131024E-02,8.5446808E-01
1.328205E-02,4.481976E-02,8.5813019E-01
1.328532E-02,5.167096E-02,8.6286041E-01
1.328860E-02,5.470746E-02,8.6568329E-01
1.329188E-02,6.079572E-02,8.6972687E-01
1.329516E-02,6.389325E-02,8.7186310E-01
1.329843E-02,7.066815E-02,8.7476227E-01
1.330171E-02,7.306378E-02,8.7689850E-01
1.330499E-02,7.864850E-02,8.7903473E-01
1.330826E-02,8.125775E-02,8.8025543E-01
1.331154E-02,8.780377E-02,8.8216278E-01
1.331482E-02,9.077924E-02,8.8193390E-01
1.331809E-02,9.659283E-02,8.8262054E-01
1.332137E-02,9.857648E-02,8.8216278E-01
1.332465E-02,1.042680E-01,8.8246796E-01
1.332792E-02,1.063127E-01,8.8124725E-01
1.333120E-02,1.113023E-01,8.8124725E-01
1.333448E-02,1.126756E-01,8.7895844E-01
1.333775E-02,1.189775E-01,8.7781403E-01
1.334103E-02,1.207170E-01,8.7468597E-01
1.334431E-02,1.259202E-01,8.7331268E-01
1.334758E-02,1.268510E-01,8.7003204E-01
1.335086E-02,1.323137E-01,8.6629364E-01
1.335414E-02,1.326951E-01,8.6255524E-01
1.335741E-02,1.379289E-01,8.5980865E-01
1.336069E-02,1.380815E-01,8.5462067E-01
1.336397E-02,1.422319E-01,8.5042450E-01
1.336724E-02,1.423997E-01,8.4439728E-01
1.337052E-02,1.472673E-01,8.3989594E-01
1.337380E-02,1.470689E-01,8.3318207E-01
1.337708E-02,1.511735E-01,8.2883331E-01
1.338035E-02,1.511277E-01,8.2173798E-01
1.338363E-02,1.551561E-01,8.1593964E-01
1.338691E-02,1.541490E-01,8.0907318E-01
1.339018E-02,1.581163E-01,8.0220673E-01
1.339346E-02,1.570787E-01,7.9305145E-01
1.339674E-02,1.598863E-01,7.8649017E-01
1.340001E-02,1.588792E-01,7.7764008E-01
1.340329E-02,1.618394E-01,7.7054474E-01
1.340657E-02,1.609697E-01,7.6100800E-01
1.340984E-02,1.627397E-01,7.5292084E-01
1.341312E-02,1.617021E-01,7.4231598E-01
1.341640E-02,1.630906E-01,7.3316071E-01
1.341967E-02,1.619005E-01,7.2209808E-01
1.342295E-02,1.625108E-01,7.1347687E-01
1.342623E-02,1.612748E-01,7.0188019E-01
1.342950E-02,1.626024E-01,6.9142792E-01
1.343278E-02,1.602067E-01,6.7952606E-01
1.343606E-02,1.614427E-01,6.6861603E-01
1.343933E-02,1.588640E-01,6.5556976E-01
1.344261E-02,1.596269E-01,6.4389679E-01
1.344589E-02,1.574601E-01,6.3199493E-01
1.344916E-02,1.577195E-01,6.2039825E-01
1.345244E-02,1.547136E-01,6.0742828E-01
1.345572E-02,1.540574E-01,5.9468719E-01
1.345900E-02,1.518297E-01,5.8095428E-01
1.346227E-02,1.508073E-01,5.6851837E-01
1.346555E-02,1.481828E-01,5.5463287E-01
1.346883E-02,1.467485E-01,5.4158661E-01
1.347210E-02,1.439256E-01,5.2640411E-01
1.347538E-02,1.422166E-01,5.1213715E-01
1.347866E-02,1.404161E-01,4.9703094E-01
1.348193E-02,1.381730E-01,4.8230621E-01
1.348521E-02,1.350450E-01,4.6803925E-01
1.348849E-02,1.331071E-01,4.5377228E-01
1.349176E-02,1.293992E-01,4.3858978E-01
1.349504E-02,1.275529E-01,4.2294952E-01
1.349832E-02,1.246690E-01,4.0677521E-01
1.350159E-02,1.217851E-01,3.9212677E-01
1.350487E-02,1.186418E-01,3.7541840E-01
1.350815E-02,1.156663E-01,3.5871002E-01
1.351142E-02,1.121568E-01,3.4215424E-01
1.351470E-02,1.091966E-01,3.2582733E-01
1.351798E-02,1.055192E-01,3.1018707E-01
1.352125E-02,1.029863E-01,2.9340240E-01
1.352453E-02,9.920209E-02,2.7661774E-01
1.352781E-02,9.608929E-02,2.6006195E-01
1.353108E-02,9.299176E-02,2.4274323E-01
1.353436E-02,9.001630E-02,2.2649261E-01
1.353764E-02,8.611005E-02,2.0940277E-01
1.354092E-02,8.314984E-02,1.9208405E-01
1.354419E-02,7.878583E-02,1.7400238E-01
1.354747E-02,7.588666E-02,1.5721771E-01
1.355075E-02,7.179730E-02,1.4089081E-01
1.355402E-02,6.857770E-02,1.2326691E-01
1.355730E-02,6.403058E-02,1.0610077E-01
1.356058E-02,6.056683E-02,8.8782043E-02
1.356385E-02,5.691998E-02,7.1234436E-02
1.356713E-02,5.350201E-02,5.3000183E-02
1.357041E-02,4.927533E-02,3.6139221E-02
1.357368E-02,4.626935E-02,1.9201965E-02
1.357696E-02,4.240887E-02,1.8832397E-03
1.358024E-02,3.909772E-02,-1.5282898E-02
1.358351E-02,3.517621E-02,-3.3059387E-02
1.358679E-02,3.223126E-02,-5.0759583E-02
1.359007E-02,2.884381E-02,-6.8307190E-02
1.359334E-02,2.498334E-02,-8.5320740E-02
1.359662E-02,2.087872E-02,-1.0294464E-01
1.359990E-02,1.781171E-02,-1.1972931E-01
1.360317E-02,1.411908E-02,-1.3628510E-01
1.360645E-02,1.079266E-02,-1.5299347E-01
1.360973E-02,7.328918E-03,-1.7054108E-01
1.361300E-02,4.338196E-03,-1.8702057E-01
1.361628E-02,1.103333E-03,-2.0372894E-01
1.361956E-02,-1.734802E-03,-2.2058990E-01
1.362284E-02,-5.457947E-03,-2.3714569E-01
1.362611E-02,-8.402893E-03,-2.5270966E-01
1.362939E-02,-1.096637E-02,-2.6918915E-01
1.363267E-02,-1.423175E-02,-2.8551605E-01
1.363594E-02,-1.702411E-02,-3.0230072E-01
1.363922E-02,-2.032001E-02,-3.1816986E-01
1.364250E-02,-2.331073E-02,-3.3335236E-01
1.364577E-02,-2.624042E-02,-3.4922150E-01
1.364905E-02,-2.839191E-02,-3.6356476E-01
1.365233E-02,-3.161151E-02,-3.8012054E-01
1.365560E-02,-3.385455E-02,-3.9446381E-01
1.365888E-02,-3.621967E-02,-4.0979889E-01
1.366216E-02,-3.896625E-02,-4.2467621E-01
1.366543E-02,-4.127032E-02,-4.3947723E-01
1.366871E-02,-4.377277E-02,-4.5359161E-01
1.367199E-02,-4.590900E-02,-4.6793488E-01
1.367526E-02,-4.815204E-02,-4.8189667E-01
1.367854E-02,-5.022723E-02,-4.9540070E-01
1.368182E-02,-5.213458E-02,-5.0898102E-01
1.368509E-02,-5.468280E-02,-5.2301910E-01
1.368837E-02,-5.625446E-02,-5.3499725E-01
1.369165E-02,-5.837543E-02,-5.4735687E-01
1.369492E-02,-6.005389E-02,-5.6025055E-01
1.369820E-02,-6.208331E-02,-5.7283905E-01
1.370148E-02,-6.370074E-02,-5.8413055E-01
1.370476E-02,-6.508929E-02,-5.9626129E-01
1.370803E-02,-6.627948E-02,-6.0717133E-01
1.371131E-02,-6.838519E-02,-6.1899689E-01
1.371459E-02,-6.942279E-02,-6.2906769E-01
1.371786E-02,-7.148273E-02,-6.4013031E-01
1.372114E-02,-7.262714E-02,-6.4966705E-01
1.372442E-02,-7.441241E-02,-6.6141632E-01
1.372769E-02,-7.561786E-02,-6.6996124E-01
1.373097E-02,-7.812030E-02,-6.8026093E-01
1.373425E-02,-7.837970E-02,-6.8918732E-01
1.373752E-02,-7.970721E-02,-6.9765594E-01
1.374080E-02,-8.010394E-02,-7.0627716E-01
1.374408E-02,-8.263690E-02,-7.1520355E-01
1.374735E-02,-8.178241E-02,-7.2268036E-01
1.375063E-02,-8.390338E-02,-7.3099640E-01
1.375391E-02,-8.433063E-02,-7.3839691E-01
1.375718E-02,-8.619220E-02,-7.4564484E-01
1.376046E-02,-8.626849E-02,-7.5121429E-01
1.376374E-02,-8.793170E-02,-7.5777557E-01
1.376701E-02,-8.767230E-02,-7.6265839E-01
1.377029E-02,-8.935077E-02,-7.6921967E-01
1.377357E-02,-8.918292E-02,-7.7440765E-01
1.377684E-02,-9.105975E-02,-7.7921417E-01
1.378012E-02,-9.063251E-02,-7.8302887E-01
1.378340E-02,-9.197528E-02,-7.8684357E-01
1.378668E-02,-9.221942E-02,-7.8997162E-01
1.378995E-02,-9.437091E-02,-7.9401520E-01
1.379323E-02,-9.363849E-02,-7.9683807E-01
1.379651E-02,-9.539325E-02,-8.0088165E-01
1.379978E-02,-9.543903E-02,-8.0187347E-01
1.380306E-02,-9.731586E-02,-8.0446747E-01
1.380634E-02,-9.658344E-02,-8.0561188E-01
1.380961E-02,-9.861285E-02,-8.0835846E-01
1.381289E-02,-9.789569E-02,-8.0843475E-01
1.381617E-02,-1.007796E-01,-8.1041840E-01
1.381944E-02,-9.990985E-02,-8.0980804E-01
1.382272E-02,-1.018477E-01,-8.1018951E-01
1.382600E-02,-1.012984E-01,-8.0873993E-01
1.382927E-02,-1.033278E-01,-8.0805328E-01
1.383255E-02,-1.023513E-01,-8.0660370E-01
1.383583E-02,-1.053420E-01,-8.0584076E-01
1.383910E-02,-1.040450E-01,-8.0301788E-01
1.384238E-02,-1.061049E-01,-8.0164459E-01
1.384566E-02,-1.055861E-01,-7.9782990E-01
1.384893E-02,-1.080428E-01,-7.9561737E-01
1.385221E-02,-1.068984E-01,-7.9180267E-01
1.385549E-02,-1.094161E-01,-7.8959015E-01
1.385876E-02,-1.086379E-01,-7.8463104E-01
1.386204E-02,-1.112014E-01,-7.8127411E-01
1.386532E-02,-1.100264E-01,-7.7501801E-01
1.386860E-02,-1.132003E-01,-7.7105072E-01
1.387187E-02,-1.120406E-01,-7.6403168E-01
1.387515E-02,-1.153060E-01,-7.5983551E-01
1.387843E-02,-1.134139E-01,-7.5319794E-01
1.388170E-02,-1.169692E-01,-7.4762848E-01
1.388498E-02,-1.146498E-01,-7.3954132E-01
1.388826E-02,-1.178847E-01,-7.3328522E-01
1.389153E-02,-1.169234E-01,-7.2443512E-01
1.389481E-02,-1.195937E-01,-7.1779755E-01
1.389809E-02,-1.181594E-01,-7.0940521E-01
1.390136E-02,-1.207991E-01,-7.0131805E-01
1.390464E-02,-1.193648E-01,-6.9307831E-01
1.390792E-02,-1.227675E-01,-6.8453339E-01
1.391119E-02,-1.216689E-01,-6.7423370E-01
1.391447E-02,-1.250716E-01,-6.6568878E-01
1.391775E-02,-1.242476E-01,-6.5470245E-01
1.392102E-02,-1.266127E-01,-6.4440277E-01
1.392430E-02,-1.255751E-01,-6.3425568E-01
1.392758E-02,-1.279250E-01,-6.2471893E-01
1.393085E-02,-1.268416E-01,-6.1182526E-01
1.393413E-02,-1.287642E-01,-6.0137299E-01
1.393741E-02,-1.283065E-01,-5.8962372E-01
1.394068E-02,-1.303054E-01,-5.7863739E-01
1.394396E-02,-1.292830E-01,-5.6612518E-01
1.394724E-02,-1.309310E-01,-5.5475739E-01
1.395052E-02,-1.298323E-01,-5.4064301E-01
1.395379E-02,-1.320601E-01,-5.2843597E-01
1.395707E-02,-1.323348E-01,-5.1432159E-01
1.396035E-02,-1.333266E-01,-5.0219086E-01
1.396362E-02,-1.327468E-01,-4.8792389E-01
1.396690E-02,-1.339980E-01,-4.7441986E-01
1.397018E-02,-1.329909E-01,-4.6015289E-01
1.397345E-02,-1.339217E-01,-4.4680145E-01
1.397673E-02,-1.333419E-01,-4.3177155E-01
1.398001E-02,-1.339217E-01,-4.1750458E-01
1.398328E-02,-1.331282E-01,-4.0232208E-01
1.398656E-02,-1.338607E-01,-3.8721588E-01
1.398984E-02,-1.334182E-01,-3.7172821E-01
1.399311E-02,-1.335707E-01,-3.5639313E-01
1.399639E-02,-1.329299E-01,-3.4037140E-01
1.399967E-02,-1.337233E-01,-3.2511261E-01
1.400294E-02,-1.321059E-01,-3.0855682E-01
1.400622E-02,-1.322737E-01,-2.9200104E-01
1.400950E-02,-1.312972E-01,-2.7529266E-01
1.401277E-02,-1.308394E-01,-2.5988129E-01
1.401605E-02,-1.301070E-01,-2.4385956E-01
1.401933E-02,-1.293898E-01,-2.2684601E-01
1.402260E-02,-1.278792E-01,-2.1051910E-01
1.402588E-02,-1.280623E-01,-1.9381073E-01
1.402916E-02,-1.257888E-01,-1.7687347E-01
1.403244E-02,-1.248732E-01,-1.6047028E-01
1.403571E-02,-1.231185E-01,-1.4200714E-01
1.403899E-02,-1.230574E-01,-1.2598541E-01
1.404227E-02,-1.205855E-01,-1.0889557E-01
1.404554E-02,-1.197463E-01,-9.2187195E-02
1.404882E-02,-1.175338E-01,-7.4792175E-02
1.405210E-02,-1.165877E-01,-5.8083801E-02
1.405537E-02,-1.141158E-01,-4.0078430E-02
1.405865E-02,-1.133376E-01,-2.2759705E-02
1.406193E-02,-1.102706E-01,-4.6780396E-03
1.406520E-02,-1.084548E-01,1.3327332E-02
1.406848E-02,-1.056319E-01,3.0417175E-02
1.407176E-02,-1.039839E-01,4.7888489E-02
1.407503E-02,-1.012679E-01,6.4520569E-02
1.407831E-02,-9.937579E-02,8.2449646E-02
1.408159E-02,-9.572894E-02,9.9768372E-02
1.408486E-02,-9.406573E-02,1.1708710E-01
1.408814E-02,-9.112079E-02,1.3364288E-01
1.409142E-02,-8.736713E-02,1.5141937E-01
1.409469E-02,-8.428485E-02,1.6812775E-01
1.409797E-02,-8.121783E-02,1.8552277E-01
1.410125E-02,-7.802875E-02,2.0291779E-01
1.410452E-02,-7.497699E-02,2.2023651E-01
1.410780E-02,-7.146747E-02,2.3702118E-01
1.411108E-02,-6.844623E-02,2.5441620E-01
1.411436E-02,-6.504352E-02,2.7135345E-01
1.411763E-02,-6.071002E-02,2.8752777E-01
1.412091E-02,-5.662067E-02,3.0446503E-01
1.412419E-02,-5.428607E-02,3.2102081E-01
1.412746E-02,-5.025775E-02,3.3696625E-01
1.413074E-02,-4.656512E-02,3.5443756E-01
1.413402E-02,-4.226215E-02,3.7000153E-01
1.413729E-02,-3.788287E-02,3.8709137E-01
1.414057E-02,-3.374774E-02,4.0158722E-01
1.414385E-02,-2.962787E-02,4.1707489E-01
1.414712E-02,-2.547748E-02,4.3256256E-01
1.415040E-02,-2.062518E-02,4.4782135E-01
1.415368E-02,-1.726825E-02,4.6216461E-01
1.415695E-02,-1.215656E-02,4.7772858E-01
1.416023E-02,-8.509705E-03,4.9199554E-01
1.416351E-02,-2.986023E-03,5.0656769E-01
1.416678E-02,1.149109E-03,5.2106354E-01
1.417006E-02,6.596497E-03,5.3548309E-01
1.417334E-02,1.060956E-02,5.5020782E-01
1.417661E-02,1.537030E-02,5.6439850E-01
1.417989E-02,1.987164E-02,5.7713959E-01
1.418317E-02,2.481549E-02,5.9010956E-01
1.418644E-02,2.846234E-02,6.0307953E-01
1.418972E-02,3.412335E-02,6.1597321E-01
1.419300E-02,3.835004E-02,6.2795135E-01
1.419628E-02,4.308026E-02,6.4031097E-01
1.419955E-02,4.718488E-02,6.5228912E-01
1.420283E-02,5.307477E-02,6.6350433E-01
1.420611E-02,5.620282E-02,6.7555878E-01
1.420938E-02,6.236737E-02,6.8768951E-01
1.421266E-02,6.569379E-02,6.9791290E-01
1.421594E-02,7.123273E-02,7.0996735E-01
1.421921E-02,7.481854E-02,7.1965668E-01
1.422249E-02,8.052533E-02,7.2995636E-01
1.422577E-02,8.383649E-02,7.3934052E-01
1.422904E-02,8.937543E-02,7.4933502E-01
1.423232E-02,9.250348E-02,7.5841400E-01
1.423560E-02,9.801190E-02,7.6688263E-01
1.423887E-02,1.004228E-01,7.7435944E-01
1.424215E-02,1.062211E-01,7.8351471E-01
1.424543E-02,1.085710E-01,7.9122040E-01
1.424870E-02,1.145677E-01,7.9946014E-01
1.425198E-02,1.164750E-01,8.0594513E-01
1.425526E-02,1.219529E-01,8.1433746E-01
1.425853E-02,1.245927E-01,8.2005951E-01
1.426181E-02,1.300706E-01,8.2707855E-01
1.426509E-02,1.318101E-01,8.3302948E-01
1.426836E-02,1.366166E-01,8.3890411E-01
1.427164E-02,1.382493E-01,8.4378693E-01
1.427492E-02,1.430558E-01,8.4790680E-01
1.427820E-02,1.447343E-01,8.5339996E-01
1.428147E-02,1.492357E-01,8.5858795E-01
1.428475E-02,1.497850E-01,8.6186859E-01
1.428803E-02,1.541642E-01,8.6644623E-01
1.429130E-02,1.555681E-01,8.6865875E-01
1.429458E-02,1.603135E-01,8.7247345E-01
1.429786E-02,1.609697E-01,8.7438080E-01
1.430113E-02,1.651811E-01,8.7743256E-01
1.430441E-02,1.649980E-01,8.7911102E-01
1.430769E-02,1.693162E-01,8.8101837E-01
1.431096E-02,1.691026E-01,8.8033173E-01
1.431424E-02,1.729326E-01,8.8246796E-01
1.431752E-02,1.729631E-01,8.8254425E-01
1.432079E-02,1.757402E-01,8.8284943E-01
1.432407E-02,1.756944E-01,8.8155243E-01
1.432735E-02,1.777391E-01,8.8246796E-01
1.433062E-02,1.774797E-01,8.8094208E-01
1.433390E-02,1.799058E-01,8.8063690E-01
1.433718E-02,1.785325E-01,8.7789032E-01
1.434045E-02,1.808519E-01,8.7651703E-01
1.434373E-02,1.797380E-01,8.7354156E-01
1.434701E-02,1.816301E-01,8.7163422E-01
1.435028E-02,1.795549E-01,8.6759064E-01
1.435356E-02,1.816148E-01,8.6530182E-01
1.435684E-02,1.789293E-01,8.5935089E-01
1.436012E-02,1.807451E-01,8.5645172E-01
1.436339E-02,1.778459E-01,8.5141632E-01
1.436667E-02,1.790208E-01,8.4760162E-01
1.436995E-02,1.766252E-01,8.4180328E-01
1.437322E-02,1.773118E-01,8.3699677E-01
1.437650E-02,1.745805E-01,8.3028290E-01
1.437978E-02,1.751756E-01,8.2463715E-01
1.438305E-02,1.718492E-01,8.1654999E-01
1.438633E-02,1.714982E-01,8.1037018E-01
1.438961E-02,1.680192E-01,8.0190155E-01
1.439288E-02,1.679429E-01,7.9595062E-01
1.439616E-02,1.640977E-01,7.8771088E-01
1.439944E-02,1.633043E-01,7.8015778E-01
1.440271E-02,1.596879E-01,7.7138397E-01
1.440599E-02,1.586046E-01,7.6322052E-01
1.440927E-02,1.547593E-01,7.5322601E-01
1.441254E-02,1.543474E-01,7.4468109E-01
1.441582E-02,1.498613E-01,7.3415253E-01
1.441910E-02,1.480302E-01,7.2530243E-01
1.442237E-02,1.444597E-01,7.1408722E-01
1.442565E-02,1.422166E-01,7.0394012E-01
1.442893E-02,1.381120E-01,6.9219086E-01
1.443220E-02,1.356248E-01,6.8158600E-01
1.443548E-02,1.314592E-01,6.6907379E-01
1.443876E-02,1.286821E-01,6.5808746E-01
1.444204E-02,1.241807E-01,6.4610931E-01
1.444531E-02,1.212816E-01,6.3420746E-01
1.444859E-02,1.171464E-01,6.2222931E-01
1.445187E-02,1.143693E-01,6.1055634E-01
1.445514E-02,1.092119E-01,5.9720490E-01
1.445842E-02,1.060075E-01,5.8392975E-01
1.446170E-02,1.021165E-01,5.7042572E-01
1.446497E-02,9.862225E-02,5.5760834E-01
1.446825E-02,9.349530E-02,5.4372284E-01
1.447153E-02,8.997052E-02,5.2945587E-01
1.447480E-02,8.516400E-02,5.1496002E-01
1.447808E-02,8.142560E-02,5.0168488E-01
1.448136E-02,7.649701E-02,4.8650238E-01
1.448463E-02,7.326215E-02,4.7109100E-01
1.448791E-02,6.772321E-02,4.5598480E-01
1.449119E-02,6.406110E-02,4.4103119E-01
1.449446E-02,6.009381E-02,4.2615387E-01
1.449774E-02,5.588239E-02,4.1074249E-01
1.450102E-02,5.132001E-02,3.9502594E-01
1.450429E-02,4.762738E-02,3.7930939E-01
1.450757E-02,4.306500E-02,3.6221954E-01
1.451085E-02,3.870099E-02,3.4596893E-01
1.451412E-02,3.447430E-02,3.3048126E-01
1.451740E-02,3.087323E-02,3.1346771E-01
1.452068E-02,2.612775E-02,2.9653046E-01
1.452396E-02,2.173322E-02,2.7966949E-01
1.452723E-02,1.775067E-02,2.6219818E-01
1.453051E-02,1.356976E-02,2.4571869E-01
1.453379E-02,9.098938E-03,2.2916290E-01
1.453706E-02,5.101135E-03,2.1268341E-01
1.454034E-02,1.347473E-03,1.9566986E-01
1.454362E-02,-3.092834E-03,1.7728302E-01
1.454689E-02,-7.166931E-03,1.6095612E-01
1.455017E-02,-1.085956E-02,1.4440033E-01
1.455345E-02,-1.502521E-02,1.2685272E-01
1.455672E-02,-1.839740E-02,1.0915253E-01
1.456000E-02,-2.167804E-02,9.1604919E-02
1.456328E-02,-2.587421E-02,7.4667664E-02
1.456655E-02,-2.942950E-02,5.6967468E-02
1.456983E-02,-3.330524E-02,3.8885803E-02
1.457311E-02,-3.713519E-02,2.2177429E-02
1.457638E-02,-4.044635E-02,4.8587036E-03
1.457966E-02,-4.380328E-02,-1.2383728E-02
1.458294E-02,-4.670245E-02,-3.0389099E-02
1.458621E-02,-4.995258E-02,-4.8241882E-02
1.458949E-02,-5.268390E-02,-6.5484314E-02
1.459277E-02,-5.640704E-02,-8.2955627E-02
1.459604E-02,-5.924518E-02,-1.0065582E-01
1.459932E-02,-6.215961E-02,-1.1721161E-01
1.460260E-02,-6.495197E-02,-1.3376740E-01
1.460588E-02,-6.754596E-02,-1.5085724E-01
1.460915E-02,-6.943805E-02,-1.6817596E-01
1.461243E-02,-7.288654E-02,-1.8442657E-01
1.461571E-02,-7.430560E-02,-2.0197418E-01
1.461898E-02,-7.711322E-02,-2.1769073E-01
1.462226E-02,-7.934100E-02,-2.3355988E-01
1.462554E-02,-8.175189E-02,-2.4958160E-01
1.462881E-02,-8.359821E-02,-2.6621368E-01
1.463209E-02,-8.518512E-02,-2.8147247E-01
1.463537E-02,-8.756549E-02,-2.9810455E-01
1.463864E-02,-8.880145E-02,-3.1397369E-01
1.464192E-02,-9.006793E-02,-3.3022430E-01
1.464520E-02,-9.189899E-02,-3.4479645E-01
1.464847E-02,-9.392841E-02,-3.6066559E-01
1.465175E-02,-9.488971E-02,-3.7569550E-01
1.465503E-02,-9.641559E-02,-3.9133575E-01
1.465830E-02,-9.841449E-02,-4.0613678E-01
1.466158E-02,-9.971149E-02,-4.2154816E-01
1.466486E-02,-1.011611E-01,-4.3535736E-01
1.466813E-02,-1.021071E-01,-4.5092133E-01
1.467141E-02,-1.033431E-01,-4.6457794E-01
1.467469E-02,-1.044265E-01,-4.7899750E-01
1.467796E-02,-1.059523E-01,-4.9234894E-01
1.468124E-02,-1.069747E-01,-5.0646332E-01
1.468452E-02,-1.075392E-01,-5.2011993E-01
1.468780E-02,-1.081649E-01,-5.3255585E-01
1.469107E-02,-1.086379E-01,-5.4430511E-01
1.469435E-02,-1.092025E-01,-5.5796173E-01
1.469763E-02,-1.106063E-01,-5.6978729E-01
1.470090E-02,-1.108809E-01,-5.8176544E-01
1.470418E-02,-1.106215E-01,-5.9412506E-01
1.470746E-02,-1.117659E-01,-6.0480621E-01
1.471073E-02,-1.116896E-01,-6.1640289E-01
1.471401E-02,-1.130324E-01,-6.2792328E-01
1.471729E-02,-1.129714E-01,-6.3746002E-01
1.472056E-02,-1.133376E-01,-6.4859894E-01
1.472384E-02,-1.131545E-01,-6.5813568E-01
1.472712E-02,-1.134139E-01,-6.6828278E-01
1.473039E-02,-1.135359E-01,-6.7766693E-01
1.473367E-02,-1.140395E-01,-6.8705109E-01
1.473695E-02,-1.139937E-01,-6.9590118E-01
1.474022E-02,-1.139174E-01,-7.0505646E-01
1.474350E-02,-1.133376E-01,-7.1230438E-01
1.474678E-02,-1.138564E-01,-7.2069672E-01
1.475005E-02,-1.136428E-01,-7.2824982E-01
1.475333E-02,-1.143599E-01,-7.3610809E-01
1.475661E-02,-1.131240E-01,-7.4343231E-01
1.475988E-02,-1.144057E-01,-7.5029877E-01
1.476316E-02,-1.131240E-01,-7.5548676E-01
1.476644E-02,-1.142836E-01,-7.6235321E-01
1.476972E-02,-1.114302E-01,-7.6715973E-01
1.477299E-02,-1.143752E-01,-7.7265289E-01
1.477627E-02,-1.122847E-01,-7.7745941E-01
1.477955E-02,-1.135665E-01,-7.8302887E-01
1.478282E-02,-1.119796E-01,-7.8562286E-01
1.478610E-02,-1.132460E-01,-7.9058197E-01
1.478938E-02,-1.118117E-01,-7.9309967E-01
1.479265E-02,-1.128951E-01,-7.9714325E-01
1.479593E-02,-1.117659E-01,-7.9882172E-01
1.479921E-02,-1.123763E-01,-8.0202606E-01
1.480248E-02,-1.110793E-01,-8.0278900E-01
1.480576E-02,-1.118422E-01,-8.0492523E-01
1.480904E-02,-1.101485E-01,-8.0614594E-01
1.481231E-02,-1.119796E-01,-8.0759552E-01
1.481559E-02,-1.100569E-01,-8.0835846E-01
1.481887E-02,-1.112624E-01,-8.0942657E-01
1.482214E-02,-1.098891E-01,-8.0881622E-01
1.482542E-02,-1.118422E-01,-8.0950287E-01
1.482870E-02,-1.094161E-01,-8.0729034E-01
1.483197E-02,-1.110945E-01,-8.0675629E-01
1.483525E-02,-1.091109E-01,-8.0469635E-01
1.483853E-02,-1.103774E-01,-8.0446747E-01
1.484180E-02,-1.088515E-01,-8.0088165E-01
1.484508E-02,-1.108046E-01,-7.9912689E-01
1.484836E-02,-1.088210E-01,-7.9439667E-01
1.485164E-02,-1.108809E-01,-7.9294708E-01
1.485491E-02,-1.082717E-01,-7.8775909E-01
1.485819E-02,-1.107741E-01,-7.8562286E-01
1.486147E-02,-1.084090E-01,-7.7936676E-01
1.486474E-02,-1.105910E-01,-7.7723053E-01
1.486802E-02,-1.082259E-01,-7.7127960E-01
1.487130E-02,-1.107131E-01,-7.6616791E-01
1.487457E-02,-1.084395E-01,-7.5991180E-01
1.487785E-02,-1.100112E-01,-7.5495270E-01
1.488113E-02,-1.085616E-01,-7.4755219E-01
1.488440E-02,-1.096297E-01,-7.4175385E-01
1.488768E-02,-1.080428E-01,-7.3435333E-01
1.489096E-02,-1.098281E-01,-7.2748688E-01
1.489423E-02,-1.079207E-01,-7.1802643E-01
1.489751E-02,-1.085158E-01,-7.1146515E-01
1.490079E-02,-1.066848E-01,-7.0269135E-01
1.490406E-02,-1.083327E-01,-6.9483307E-01
1.490734E-02,-1.062880E-01,-6.8514374E-01
1.491062E-02,-1.073256E-01,-6.7583588E-01
1.491389E-02,-1.055251E-01,-6.6622284E-01
1.491717E-02,-1.066848E-01,-6.5638092E-01
1.492045E-02,-1.048232E-01,-6.4562347E-01
1.492372E-02,-1.055098E-01,-6.3616302E-01
1.492700E-02,-1.038924E-01,-6.2471893E-01
1.493028E-02,-1.047469E-01,-6.1365631E-01
1.493356E-02,-1.020461E-01,-6.0274628E-01
1.493683E-02,-1.026870E-01,-5.9130219E-01
1.494011E-02,-1.005660E-01,-5.7962921E-01
1.494339E-02,-1.008864E-01,-5.6780365E-01
1.494666E-02,-9.885699E-02,-5.5475739E-01
1.494994E-02,-9.980304E-02,-5.4194000E-01
1.495322E-02,-9.723956E-02,-5.2805450E-01
1.495649E-02,-9.693439E-02,-5.1645782E-01
1.495977E-02,-9.539325E-02,-5.0264862E-01
1.496305E-02,-9.493549E-02,-4.8967865E-01
1.496632E-02,-9.311969E-02,-4.7548798E-01
1.496960E-02,-9.200580E-02,-4.6198395E-01
1.497288E-02,-9.028156E-02,-4.4741180E-01
1.497615E-02,-8.904559E-02,-4.3291595E-01
1.497943E-02,-8.701617E-02,-4.1864899E-01
1.498271E-02,-8.648212E-02,-4.0369537E-01
1.498598E-02,-8.423907E-02,-3.8782623E-01
1.498926E-02,-8.271320E-02,-3.7279633E-01
1.499254E-02,-8.062274E-02,-3.5845306E-01
1.499581E-02,-7.866962E-02,-3.4327057E-01
1.499909E-02,-7.688434E-02,-3.2732513E-01
1.500237E-02,-7.573993E-02,-3.1199005E-01
1.500564E-02,-7.361896E-02,-2.9505280E-01
1.500892E-02,-7.162006E-02,-2.7849701E-01
1.501220E-02,-6.939227E-02,-2.6171234E-01
1.501548E-02,-6.698138E-02,-2.4645355E-01
1.501875E-02,-6.417377E-02,-2.2989777E-01
1.502203E-02,-6.231219E-02,-2.1364716E-01
1.502531E-02,-5.947406E-02,-1.9815948E-01
1.502858E-02,-5.744464E-02,-1.8068817E-01
1.503186E-02,-5.356891E-02,-1.6397980E-01
1.503514E-02,-5.176837E-02,-1.4627960E-01
1.503841E-02,-4.838092E-02,-1.2918976E-01
1.504169E-02,-4.604633E-02,-1.1316803E-01
1.504497E-02,-4.239948E-02,-9.5544128E-02
1.504824E-02,-3.953082E-02,-7.8072815E-02
1.505152E-02,-3.621967E-02,-6.1440735E-02
1.505480E-02,-3.309161E-02,-4.3053894E-02
1.505807E-02,-2.938373E-02,-2.5964050E-02
1.506135E-02,-2.649982E-02,-8.2638550E-03
1.506463E-02,-2.265460E-02,9.5889282E-03
1.506790E-02,-1.931293E-02,2.6221008E-02
1.507118E-02,-1.522357E-02,4.4226379E-02
1.507446E-02,-1.264484E-02,6.1316223E-02
1.507773E-02,-8.738586E-03,7.8253479E-02
1.508101E-02,-5.198547E-03,9.5801086E-02
1.508429E-02,-8.650513E-04,1.1357758E-01
1.508756E-02,2.736023E-03,1.3112518E-01
1.509084E-02,6.810120E-03,1.4867279E-01
1.509412E-02,1.050275E-02,1.6583893E-01
1.509740E-02,1.474469E-02,1.8262360E-01
1.510067E-02,1.863568E-02,1.9971344E-01
1.510395E-02,2.292340E-02,2.1649811E-01
1.510723E-02,2.715009E-02,2.3389313E-01
1.511050E-02,3.070538E-02,2.5128815E-01
1.511378E-02,3.465741E-02,2.6792023E-01
1.511706E-02,3.920453E-02,2.8386566E-01
1.512033E-02,4.332440E-02,3.0080292E-01
1.512361E-02,4.735272E-02,3.1728241E-01
1.512689E-02,5.194562E-02,3.3360931E-01
1.513016E-02,5.513470E-02,3.5077545E-01
1.513344E-02,5.917828E-02,3.6672089E-01
1.513672E-02,6.256573E-02,3.8205597E-01
1.513999E-02,6.769269E-02,3.9861176E-01
1.514327E-02,7.159894E-02,4.1470978E-01
1.514655E-02,7.594769E-02,4.2943451E-01
1.514982E-02,7.959454E-02,4.4385406E-01
1.515310E-02,8.423322E-02,4.5964691E-01
1.515638E-02,8.798688E-02,4.7429535E-01
1.515965E-02,9.225934E-02,4.9062225E-01
1.516293E-02,9.604352E-02,5.0412628E-01
1.516621E-02,1.010179E-01,5.1900360E-01
1.516948E-02,1.040849E-01,5.3334686E-01
1.517276E-02,1.086778E-01,5.4852936E-01
1.517604E-02,1.119890E-01,5.6157562E-01
1.517932E-02,1.159105E-01,5.7538483E-01
1.518259E-02,1.188096E-01,5.8812592E-01
1.518587E-02,1.234025E-01,6.0056183E-01
1.518915E-02,1.259507E-01,6.1284515E-01
1.519242E-02,1.296891E-01,6.2535736E-01
1.519570E-02,1.315660E-01,6.3641998E-01
1.519898E-02,1.357164E-01,6.4969513E-01
1.520225E-02,1.382036E-01,6.6121552E-01
1.520553E-02,1.418962E-01,6.7281219E-01
1.520881E-02,1.437425E-01,6.8334076E-01
1.521208E-02,1.475267E-01,6.9531891E-01
1.521536E-02,1.494645E-01,7.0630524E-01
1.521864E-02,1.529588E-01,7.1767303E-01
1.522191E-02,1.548356E-01,7.2675201E-01
1.522519E-02,1.586503E-01,7.3766205E-01
1.522847E-02,1.588792E-01,7.4658844E-01
1.523174E-02,1.627549E-01,7.5658295E-01
1.523502E-02,1.631974E-01,7.6436493E-01
1.523830E-02,1.666154E-01,7.7367279E-01
1.524157E-02,1.667527E-01,7.8153107E-01
1.524485E-02,1.700029E-01,7.9015228E-01
1.524813E-02,1.699418E-01,7.9701874E-01
1.525140E-02,1.726579E-01,8.0548737E-01
1.525468E-02,1.731004E-01,8.1151459E-01
1.525796E-02,1.748246E-01,8.1922028E-01
1.526124E-02,1.743516E-01,8.2517120E-01
1.526451E-02,1.766099E-01,8.3203766E-01
1.526779E-02,1.753282E-01,8.3753082E-01
1.527107E-02,1.784105E-01,8.4294769E-01
1.527434E-02,1.776017E-01,8.4691498E-01
1.527762E-02,1.787462E-01,8.5286591E-01
1.528090E-02,1.771898E-01,8.5629913E-01
1.528417E-02,1.786546E-01,8.6217377E-01
1.528745E-02,1.763505E-01,8.6476776E-01
1.529073E-02,1.778154E-01,8.6873505E-01
1.529400E-02,1.749162E-01,8.7033722E-01
1.529728E-02,1.764116E-01,8.7369415E-01
1.530056E-02,1.746873E-01,8.7575409E-01
1.530383E-02,1.740464E-01,8.7773773E-01
1.530711E-02,1.711320E-01,8.7872955E-01
1.531039E-02,1.722764E-01,8.8101837E-01
1.531366E-02,1.679734E-01,8.8040802E-01
1.531694E-02,1.682786E-01,8.8201019E-01
1.532022E-02,1.641130E-01,8.8063690E-01
1.532349E-02,1.646318E-01,8.8155243E-01
1.532677E-02,1.606492E-01,8.8040802E-01
1.533005E-02,1.608629E-01,8.7949249E-01
1.533332E-02,1.561326E-01,8.7834808E-01
1.533660E-02,1.552171E-01,8.7804291E-01
1.533988E-02,1.505784E-01,8.7483856E-01
1.534316E-02,1.508378E-01,8.7407562E-01
1.534643E-02,1.450090E-01,8.6888763E-01
1.534971E-02,1.444444E-01,8.6797211E-01
1.535299E-02,1.392869E-01,8.6385223E-01
1.535626E-02,1.389207E-01,8.6019012E-01
1.535954E-02,1.326036E-01,8.5454437E-01
1.536282E-02,1.311082E-01,8.5111115E-01
1.536609E-02,1.254930E-01,8.4584686E-01
1.536937E-02,1.238908E-01,8.4149811E-01
1.537265E-02,1.177568E-01,8.3402130E-01
1.537592E-02,1.153154E-01,8.2974884E-01
1.537920E-02,1.098832E-01,8.2326385E-01
1.538248E-02,1.079454E-01,8.1647369E-01
1.538575E-02,1.026811E-01,8.0899689E-01
1.538903E-02,9.996503E-02,8.0228302E-01
1.539231E-02,9.358685E-02,7.9411957E-01
1.539558E-02,9.050458E-02,7.8702423E-01
1.539886E-02,8.528607E-02,7.7916595E-01
1.540214E-02,8.273785E-02,7.7069733E-01
1.540541E-02,7.594769E-02,7.6215240E-01
1.540869E-02,7.285016E-02,7.5337860E-01
1.541197E-02,6.697552E-02,7.4254486E-01
1.541524E-02,6.378644E-02,7.3430511E-01
1.541852E-02,5.756085E-02,7.2385284E-01
1.542180E-02,5.341046E-02,7.1439240E-01
1.542508E-02,4.819196E-02,7.0348236E-01
1.542835E-02,4.430096E-02,6.9303009E-01
1.543163E-02,3.896039E-02,6.8166229E-01
1.543491E-02,3.494733E-02,6.7113373E-01
1.543818E-02,2.921002E-02,6.5839264E-01
1.544146E-02,2.504437E-02,6.4778778E-01
1.544474E-02,1.973431E-02,6.3458893E-01
1.544801E-02,1.520245E-02,6.2390778E-01
1.545129E-02,1.024335E-02,6.1040375E-01
1.545457E-02,6.352356E-03,5.9819672E-01
1.545784E-02,1.088074E-03,5.8515045E-01
1.546112E-02,-3.199646E-03,5.7179901E-01
1.546440E-02,-8.799622E-03,5.5860016E-01
1.546767E-02,-1.316364E-02,5.4440948E-01
1.547095E-02,-1.861102E-02,5.3060028E-01
1.547423E-02,-2.213580E-02,5.1686737E-01
1.547750E-02,-2.747638E-02,5.0176117E-01
1.548078E-02,-3.107745E-02,4.8634979E-01
1.548406E-02,-3.661639E-02,4.7154877E-01
1.548733E-02,-3.956134E-02,4.5720551E-01
1.549061E-02,-4.444415E-02,4.4217560E-01
1.549389E-02,-4.902179E-02,4.2684052E-01
1.549716E-02,-5.251605E-02,4.1165802E-01
1.550044E-02,-5.671222E-02,3.9548370E-01
1.550372E-02,-6.130511E-02,3.7946198E-01
1.550700E-02,-6.432635E-02,3.6382172E-01
1.551027E-02,-6.869037E-02,3.4688446E-01
1.551355E-02,-7.226093E-02,3.3071014E-01
1.551683E-02,-7.619769E-02,3.1415436E-01
1.552010E-02,-7.899005E-02,2.9775116E-01
1.552338E-02,-8.329303E-02,2.8127167E-01
1.552666E-02,-8.597858E-02,2.6524994E-01
1.552993E-02,-8.991534E-02,2.4800751E-01
1.553321E-02,-9.240253E-02,2.3137543E-01
1.553649E-02,-9.604938E-02,2.1405670E-01
1.553976E-02,-9.841449E-02,1.9719574E-01
1.554304E-02,-1.024276E-01,1.8056366E-01
1.554632E-02,-1.039992E-01,1.6232941E-01
1.554959E-02,-1.075698E-01,1.4638397E-01
1.555287E-02,-1.090346E-01,1.2830231E-01
1.555615E-02,-1.123152E-01,1.1174652E-01
1.555942E-02,-1.142073E-01,9.4656677E-02
1.556270E-02,-1.169997E-01,7.6575012E-02
1.556598E-02,-1.186019E-01,5.9561462E-02
1.556925E-02,-1.208907E-01,4.2166443E-02
1.557253E-02,-1.226607E-01,2.4389954E-02
1.557581E-02,-1.252242E-01,7.2238159E-03
1.557908E-02,-1.261245E-01,-1.0705261E-02
1.558236E-02,-1.291609E-01,-2.7337341E-02
1.558564E-02,-1.300307E-01,-4.4961243E-02
1.558892E-02,-1.315566E-01,-6.2890320E-02
1.559219E-02,-1.320906E-01,-8.0590515E-02
1.559547E-02,-1.342726E-01,-9.7832947E-02
1.559875E-02,-1.359511E-01,-1.1454132E-01
1.560202E-02,-1.369582E-01,-1.3147858E-01
1.560530E-02,-1.378585E-01,-1.4879730E-01
1.560858E-02,-1.394301E-01,-1.6558197E-01
1.561185E-02,-1.395064E-01,-1.8267181E-01
1.561513E-02,-1.410170E-01,-1.9930389E-01
1.561841E-02,-1.404219E-01,-2.1677521E-01
1.562168E-02,-1.417647E-01,-2.3325470E-01
1.562496E-02,-1.419326E-01,-2.4820831E-01
1.562824E-02,-1.418868E-01,-2.6438263E-01
1.563151E-02,-1.420699E-01,-2.8124359E-01
1.563479E-02,-1.424819E-01,-2.9741791E-01
1.563807E-02,-1.421920E-01,-3.1321075E-01
1.564134E-02,-1.423293E-01,-3.2862213E-01
1.564462E-02,-1.427870E-01,-3.4479645E-01
1.564790E-02,-1.425734E-01,-3.5959747E-01
1.565117E-02,-1.412307E-01,-3.7462738E-01
1.565445E-02,-1.411086E-01,-3.8980988E-01
1.565773E-02,-1.414138E-01,-4.0461090E-01
1.566100E-02,-1.408492E-01,-4.2025116E-01
1.566428E-02,-1.410475E-01,-4.3505219E-01
1.566756E-02,-1.400405E-01,-4.4855621E-01
1.567084E-02,-1.396743E-01,-4.6381500E-01
1.567411E-02,-1.385298E-01,-4.7686127E-01
1.567739E-02,-1.387892E-01,-4.9181488E-01
1.568067E-02,-1.379348E-01,-5.0402191E-01
1.568394E-02,-1.372786E-01,-5.1806000E-01
1.568722E-02,-1.359053E-01,-5.3072479E-01
1.569050E-02,-1.358290E-01,-5.4384735E-01
1.569377E-02,-1.344405E-01,-5.5590179E-01
1.569705E-02,-1.339064E-01,-5.6818512E-01
1.570033E-02,-1.324874E-01,-5.8046844E-01
1.570360E-02,-1.325026E-01,-5.9275177E-01
1.570688E-02,-1.313277E-01,-6.0335663E-01
1.571016E-02,-1.305953E-01,-6.1495331E-01
1.571343E-02,-1.291152E-01,-6.2578705E-01
1.571671E-02,-1.291304E-01,-6.3700226E-01
1.571999E-02,-1.272078E-01,-6.4608124E-01
1.572326E-02,-1.265822E-01,-6.5691498E-01
1.572654E-02,-1.249190E-01,-6.6660431E-01
1.572982E-02,-1.246901E-01,-6.7698029E-01
1.573309E-02,-1.232100E-01,-6.8529633E-01
1.573637E-02,-1.224013E-01,-6.9475677E-01
1.573965E-02,-1.209212E-01,-7.0307281E-01
1.574292E-02,-1.207228E-01,-7.1115997E-01
1.574620E-02,-1.184951E-01,-7.1924713E-01
1.574948E-02,-1.183882E-01,-7.2832611E-01
1.575276E-02,-1.162520E-01,-7.3435333E-01
1.575603E-02,-1.155196E-01,-7.4183014E-01
1.575931E-02,-1.135207E-01,-7.4770477E-01
1.576259E-02,-1.139327E-01,-7.5502899E-01
1.576586E-02,-1.117964E-01,-7.5968292E-01
1.576914E-02,-1.119948E-01,-7.6670197E-01
1.577242E-02,-1.095687E-01,-7.7097443E-01
1.577569E-02,-1.101790E-01,-7.7684906E-01
1.577897E-02,-1.078444E-01,-7.8081635E-01
1.578225E-02,-1.077376E-01,-7.8470734E-01
1.578552E-02,-1.059218E-01,-7.8859833E-01
1.578880E-02,-1.060439E-01,-7.9294708E-01
1.579208E-02,-1.031752E-01,-7.9485443E-01
1.579535E-02,-1.036788E-01,-7.9889801E-01
1.579863E-02,-1.006118E-01,-8.0111053E-01
1.580191E-02,-1.018630E-01,-8.0385712E-01
1.580518E-02,-9.943683E-02,-8.0484894E-01
1.580846E-02,-1.001998E-01,-8.0736664E-01
1.581174E-02,-9.760577E-02,-8.0736664E-01
1.581501E-02,-9.897906E-02,-8.0896881E-01
1.581829E-02,-9.560687E-02,-8.0812958E-01
1.582157E-02,-9.730060E-02,-8.0950287E-01
1.582484E-02,-9.385211E-02,-8.0835846E-01
1.582812E-02,-9.505756E-02,-8.0927399E-01
1.583140E-02,-9.244830E-02,-8.0721405E-01
1.583468E-02,-9.415729E-02,-8.0660370E-01
1.583795E-02,-9.066302E-02,-8.0370453E-01
1.584123E-02,-9.261615E-02,-8.0278900E-01
1.584451E-02,-8.849628E-02,-7.9912689E-01
1.584778E-02,-8.993060E-02,-7.9706696E-01
1.585106E-02,-8.671100E-02,-7.9256561E-01
1.585434E-02,-8.788593E-02,-7.8974274E-01
1.585761E-02,-8.535297E-02,-7.8470734E-01
1.586089E-02,-8.681781E-02,-7.8218964E-01
1.586417E-02,-8.324725E-02,-7.7684906E-01
1.586744E-02,-8.394916E-02,-7.7265289E-01
1.587072E-02,-8.104999E-02,-7.6639679E-01
1.587400E-02,-8.161456E-02,-7.6143768E-01
1.587727E-02,-7.897479E-02,-7.5510529E-01
1.588055E-02,-7.932574E-02,-7.4907806E-01
1.588383E-02,-7.746417E-02,-7.4190643E-01
1.588710E-02,-7.744891E-02,-7.3633698E-01
1.589038E-02,-7.451923E-02,-7.2802094E-01
1.589366E-02,-7.468707E-02,-7.2069672E-01
1.589693E-02,-7.178790E-02,-7.1184662E-01
1.590021E-02,-7.190997E-02,-7.0398834E-01
1.590349E-02,-6.948383E-02,-6.9559601E-01
1.590676E-02,-6.977374E-02,-6.8750885E-01
1.591004E-02,-6.722552E-02,-6.7774323E-01
1.591332E-02,-6.704242E-02,-6.6851166E-01
1.591660E-02,-6.418903E-02,-6.5821198E-01
1.591987E-02,-6.414325E-02,-6.4814117E-01
1.592315E-02,-6.109149E-02,-6.3753632E-01
1.592643E-02,-5.964191E-02,-6.2738922E-01
1.592970E-02,-5.781085E-02,-6.1617401E-01
1.593298E-02,-5.761249E-02,-6.0465363E-01
1.593626E-02,-5.445392E-02,-5.9397247E-01
1.593953E-02,-5.308063E-02,-5.8214691E-01
1.594281E-02,-5.077655E-02,-5.6971100E-01
1.594609E-02,-5.012042E-02,-5.5758026E-01
1.594936E-02,-4.696185E-02,-5.4407623E-01
1.595264E-02,-4.525287E-02,-5.3225067E-01
1.595592E-02,-4.262836E-02,-5.1859406E-01
1.595919E-02,-4.163654E-02,-5.0539520E-01
1.596247E-02,-3.866107E-02,-4.9189117E-01
1.596575E-02,-3.704364E-02,-4.7792938E-01
1.596902E-02,-3.379352E-02,-4.6396759E-01
1.597230E-02,-3.242023E-02,-4.5053986E-01
1.597558E-02,-2.961261E-02,-4.3573883E-01
1.597885E-02,-2.729327E-02,-4.2070892E-01
1.598213E-02,-2.480609E-02,-4.0628937E-01
1.598541E-02,-2.225787E-02,-3.9064911E-01
1.598868E-02,-1.932819E-02,-3.7577179E-01
1.599196E-02,-1.684100E-02,-3.6058929E-01
1.599524E-02,-1.378925E-02,-3.4510162E-01
1.599852E-02,-1.175983E-02,-3.2938507E-01
1.600179E-02,-7.792542E-03,-3.1351593E-01
1.600507E-02,-5.335876E-03,-2.9726532E-01
1.600835E-02,-1.887390E-03,-2.8055695E-01
1.601162E-02,2.183228E-04,-2.6499298E-01
1.601490E-02,4.033020E-03,-2.4851349E-01
1.601818E-02,6.153992E-03,-2.3272064E-01
1.602145E-02,1.050275E-02,-2.1631744E-01
1.602473E-02,1.219647E-02,-1.9968536E-01
1.602801E-02,1.643842E-02,-1.8213776E-01
1.603128E-02,1.968854E-02,-1.6512421E-01
1.603456E-02,2.278607E-02,-1.4879730E-01
1.603784E-02,2.582257E-02,-1.3102081E-01
1.604111E-02,3.020184E-02,-1.1423615E-01
1.604439E-02,3.317731E-02,-9.6917419E-02
1.604767E-02,3.719037E-02,-8.0666809E-02
1.605094E-02,4.030316E-02,-6.2890320E-02
1.605422E-02,4.324811E-02,-4.5190125E-02
1.605750E-02,4.732220E-02,-2.8481750E-02
1.606077E-02,5.029767E-02,-1.0628967E-02
1.606405E-02,5.370038E-02,7.6815796E-03
1.606733E-02,5.734723E-02,2.4237366E-02
1.607060E-02,6.039899E-02,4.1556091E-02
1.607388E-02,6.433575E-02,5.8111877E-02
1.607716E-02,6.760114E-02,7.6193542E-02
1.608044E-02,7.092755E-02,9.3283386E-02
1.608371E-02,7.388776E-02,1.1014435E-01
1.608699E-02,7.835858E-02,1.2792084E-01
1.609027E-02,8.070844E-02,1.4508698E-01
1.609354E-02,8.432477E-02,1.6248199E-01
1.609682E-02,8.786481E-02,1.7949554E-01
1.610010E-02,9.123700E-02,1.9551727E-01
1.610337E-02,9.425824E-02,2.1413300E-01
1.610665E-02,9.793561E-02,2.3107025E-01
1.610993E-02,1.001024E-01,2.4816010E-01
1.611320E-02,1.035508E-01,2.6471588E-01
1.611648E-02,1.070604E-01,2.8096649E-01
1.611976E-02,1.097307E-01,2.9744598E-01
1.612303E-02,1.126146E-01,3.1400177E-01
1.612631E-02,1.150407E-01,3.3048126E-01
1.612959E-02,1.181688E-01,3.4741852E-01
1.613286E-02,1.207780E-01,3.6366913E-01
1.613614E-02,1.237840E-01,3.8060638E-01
1.613942E-02,1.260728E-01,3.9601776E-01
1.614269E-02,1.290635E-01,4.1165802E-01
1.614597E-02,1.307267E-01,4.2722198E-01
1.614925E-02,1.339311E-01,4.4316742E-01
1.615252E-02,1.348619E-01,4.5789215E-01
1.615580E-02,1.383256E-01,4.7276947E-01
1.615908E-02,1.396531E-01,4.8718903E-01
1.616236E-02,1.423692E-01,5.0137970E-01
1.616563E-02,1.433763E-01,5.1633331E-01
1.616891E-02,1.457109E-01,5.3075287E-01
1.617219E-02,1.462602E-01,5.4479095E-01
1.617546E-02,1.486863E-01,5.5943939E-01
1.617874E-02,1.483964E-01,5.7164642E-01
1.618202E-02,1.511277E-01,5.8522675E-01
1.618529E-02,1.510362E-01,5.9689972E-01
1.618857E-02,1.533098E-01,6.1009857E-01
1.619185E-02,1.525163E-01,6.2253448E-01
1.619512E-02,1.552629E-01,6.3527557E-01
1.619840E-02,1.547136E-01,6.4671967E-01
1.620168E-02,1.560258E-01,6.6060516E-01
1.620495E-02,1.549882E-01,6.7143890E-01
1.620823E-02,1.567125E-01,6.8265411E-01
1.621151E-02,1.552629E-01,6.9318268E-01
1.621478E-02,1.563157E-01,7.0485565E-01
1.621806E-02,1.541490E-01,7.1462128E-01
1.622134E-02,1.553239E-01,7.2568390E-01
1.622461E-02,1.528672E-01,7.3468658E-01
1.622789E-02,1.535234E-01,7.4559662E-01
1.623117E-02,1.512803E-01,7.5376007E-01
1.623444E-02,1.515855E-01,7.6299164E-01
1.623772E-02,1.491899E-01,7.7100250E-01
1.624100E-02,1.495256E-01,7.7977631E-01
1.624428E-02,1.463670E-01,7.8725311E-01
1.624755E-02,1.462755E-01,7.9534027E-01
1.625083E-02,1.431321E-01,8.0281708E-01
1.625411E-02,1.430558E-01,8.1082794E-01
1.625738E-02,1.393327E-01,8.1632111E-01
1.626066E-02,1.384019E-01,8.2486603E-01
1.626394E-02,1.342363E-01,8.2944366E-01
1.626721E-02,1.339769E-01,8.3646271E-01
1.627049E-02,1.295671E-01,8.4126923E-01
1.627377E-02,1.279344E-01,8.4691498E-01
1.627704E-02,1.233110E-01,8.5072968E-01
1.628032E-02,1.220903E-01,8.5614655E-01
1.628360E-02,1.174821E-01,8.5942719E-01
1.628687E-02,1.160936E-01,8.6392853E-01
1.629015E-02,1.108140E-01,8.6629364E-01
1.629343E-02,1.086625E-01,8.7102386E-01
1.629670E-02,1.029252E-01,8.7171051E-01
1.629998E-02,1.016588E-01,8.7567780E-01
1.630326E-02,9.573834E-02,8.7697479E-01
1.630653E-02,9.372418E-02,8.7926361E-01
1.630981E-02,8.681195E-02,8.7987396E-01
1.631309E-02,8.551495E-02,8.8178131E-01
1.631636E-02,7.896893E-02,8.8117096E-01
1.631964E-02,7.742780E-02,8.8300201E-01
1.632292E-02,7.089703E-02,8.8132355E-01
1.632620E-02,6.790631E-02,8.8201019E-01
1.632947E-02,6.132977E-02,8.8040802E-01
1.633275E-02,5.940717E-02,8.7979767E-01
1.633603E-02,5.165570E-02,8.7720367E-01
1.633930E-02,4.970258E-02,8.7575409E-01
1.634258E-02,4.268353E-02,8.7285492E-01
1.634586E-02,3.944867E-02,8.7178680E-01
1.634913E-02,3.305524E-02,8.6781952E-01
1.635241E-02,2.971356E-02,8.6522552E-01
1.635569E-02,2.364056E-02,8.6041901E-01
1.635896E-02,2.017682E-02,8.5774872E-01
1.636224E-02,1.331036E-02,8.5233185E-01
1.636552E-02,1.027386E-02,8.4836456E-01
1.636879E-02,3.498962E-03,8.4310028E-01
1.637207E-02,4.699707E-06,8.3768341E-01
1.637535E-02,-6.617615E-03,8.3173248E-01
1.637862E-02,-1.003558E-02,8.2585785E-01
1.638190E-02,-1.661212E-02,8.1883881E-01
1.638518E-02,-2.044208E-02,8.1220123E-01
1.638845E-02,-2.643878E-02,8.0495331E-01
1.639173E-02,-3.069598E-02,7.9770538E-01
1.639501E-02,-3.689105E-02,7.8954193E-01
1.639828E-02,-4.101093E-02,7.8168365E-01
1.640156E-02,-4.647357E-02,7.7321503E-01
1.640484E-02,-5.037982E-02,7.6558563E-01
1.640812E-02,-5.651385E-02,7.5643036E-01
1.641139E-02,-6.009967E-02,7.4819061E-01
1.641467E-02,-6.498248E-02,7.3735687E-01
1.641795E-02,-7.001788E-02,7.2881195E-01
1.642122E-02,-7.461078E-02,7.1774933E-01
1.642450E-02,-7.947833E-02,7.0828888E-01
1.642778E-02,-8.452899E-02,6.9692108E-01
1.643105E-02,-8.838947E-02,6.8616364E-01
1.643433E-02,-9.342487E-02,6.7494843E-01
1.643761E-02,-9.765155E-02,6.6251251E-01
1.644088E-02,-1.011458E-01,6.4984772E-01
1.644416E-02,-1.062575E-01,6.3870880E-01
1.644744E-02,-1.102401E-01,6.2688324E-01
1.645071E-02,-1.137343E-01,6.1467621E-01
1.645399E-02,-1.186324E-01,6.0147736E-01
1.645727E-02,-1.218825E-01,5.8827850E-01
1.646054E-02,-1.256514E-01,5.7553741E-01
1.646382E-02,-1.285964E-01,5.6210968E-01
1.646710E-02,-1.329146E-01,5.4913971E-01
1.647037E-02,-1.356612E-01,5.3334686E-01
1.647365E-02,-1.391249E-01,5.1953766E-01
1.647693E-02,-1.429854E-01,5.0511810E-01
1.648020E-02,-1.453353E-01,4.9054596E-01
1.648348E-02,-1.487227E-01,4.7650787E-01
1.648676E-02,-1.514693E-01,4.6117279E-01
1.649004E-02,-1.538497E-01,4.4591400E-01
1.649331E-02,-1.573745E-01,4.3050262E-01
1.649659E-02,-1.589766E-01,4.1486237E-01
1.649987E-02,-1.614638E-01,3.9945099E-01
1.650314E-02,-1.633101E-01,3.8358185E-01
1.650642E-02,-1.659499E-01,3.6740753E-01
1.650970E-02,-1.664839E-01,3.5146210E-01
1.651297E-02,-1.693679E-01,3.3559296E-01
1.651625E-02,-1.704360E-01,3.1827423E-01
1.651953E-02,-1.722060E-01,3.0141327E-01
1.652280E-02,-1.738387E-01,2.8569672E-01
1.652608E-02,-1.759444E-01,2.6883575E-01
1.652936E-02,-1.769362E-01,2.5182220E-01
1.653263E-02,-1.783858E-01,2.3511383E-01
1.653591E-02,-1.791640E-01,2.1840546E-01
1.653919E-02,-1.801100E-01,2.0032379E-01
1.654246E-02,-1.807357E-01,1.8353912E-01
1.654574E-02,-1.816359E-01,1.6660187E-01
1.654902E-02,-1.819106E-01,1.4974091E-01
1.655229E-02,-1.831008E-01,1.3272736E-01
1.655557E-02,-1.823073E-01,1.1441681E-01
1.655885E-02,-1.826125E-01,9.6945496E-02
1.656212E-02,-1.828566E-01,7.9397888E-02
1.656540E-02,-1.833602E-01,6.1773987E-02
1.656868E-02,-1.826277E-01,4.4302673E-02
1.657196E-02,-1.828414E-01,2.7289124E-02
1.657523E-02,-1.822310E-01,1.0351868E-02
1.657851E-02,-1.826888E-01,-7.3483276E-03
1.658179E-02,-1.813918E-01,-2.4438171E-02
1.658506E-02,-1.805373E-01,-4.2367249E-02
1.658834E-02,-1.805068E-01,-6.0143738E-02
1.659162E-02,-1.798659E-01,-7.7462463E-02
1.659489E-02,-1.790572E-01,-9.5467834E-02
1.659817E-02,-1.779738E-01,-1.1194733E-01
1.660145E-02,-1.767531E-01,-1.2926605E-01
1.660472E-02,-1.763411E-01,-1.4582184E-01
1.660800E-02,-1.747390E-01,-1.6237762E-01
1.661128E-02,-1.729079E-01,-1.7939117E-01
1.661455E-02,-1.719008E-01,-1.9640472E-01
1.661783E-02,-1.710463E-01,-2.1212128E-01
1.662111E-02,-1.689101E-01,-2.2882965E-01
1.662438E-02,-1.672621E-01,-2.4477509E-01
1.662766E-02,-1.666213E-01,-2.6140717E-01
1.663094E-02,-1.647902E-01,-2.7651337E-01
1.663421E-02,-1.628524E-01,-2.9276398E-01
1.663749E-02,-1.609297E-01,-3.0893829E-01
1.664077E-02,-1.592665E-01,-3.2587555E-01
1.664404E-02,-1.570540E-01,-3.4052399E-01
1.664732E-02,-1.553603E-01,-3.5616425E-01
1.665060E-02,-1.534682E-01,-3.7149933E-01
1.665388E-02,-1.522017E-01,-3.8698700E-01
1.665715E-02,-1.496535E-01,-4.0155914E-01
1.666043E-02,-1.483718E-01,-4.1803864E-01
1.666371E-02,-1.459609E-01,-4.3200043E-01
1.666698E-02,-1.451979E-01,-4.4664886E-01
1.667026E-02,-1.424819E-01,-4.6038177E-01
1.667354E-02,-1.416579E-01,-4.7464874E-01
1.667681E-02,-1.386519E-01,-4.8761871E-01
1.668009E-02,-1.378737E-01,-5.0188568E-01
1.668337E-02,-1.348525E-01,-5.1516083E-01
1.668664E-02,-1.335860E-01,-5.2843597E-01
1.668992E-02,-1.305342E-01,-5.4102448E-01
1.669320E-02,-1.294051E-01,-5.5399445E-01
1.669647E-02,-1.273909E-01,-5.6627777E-01
1.669975E-02,-1.264449E-01,-5.7940033E-01
1.670303E-02,-1.233474E-01,-5.9053925E-01
1.670630E-02,-1.220504E-01,-6.0244110E-01
1.670958E-02,-1.194258E-01,-6.1289337E-01
1.671286E-02,-1.183272E-01,-6.2502411E-01
1.671613E-02,-1.151381E-01,-6.3471344E-01
1.671941E-02,-1.148787E-01,-6.4577606E-01
1.672269E-02,-1.113692E-01,-6.5516022E-01
1.672596E-02,-1.096450E-01,-6.6629913E-01
1.672924E-02,-1.072646E-01,-6.7476776E-01
1.673252E-02,-1.072798E-01,-6.8522003E-01
1.673580E-02,-1.038466E-01,-6.9338348E-01
1.673907E-02,-1.030379E-01,-7.0215729E-01
1.674235E-02,-9.990985E-02,-7.0993927E-01
1.674563E-02,-9.958942E-02,-7.1917084E-01
1.674890E-02,-9.730060E-02,-7.2641876E-01
1.675218E-02,-9.606464E-02,-7.3488739E-01
1.675546E-02,-9.353168E-02,-7.4137238E-01
1.675873E-02,-9.299762E-02,-7.4854401E-01
1.676201E-02,-9.026630E-02,-7.5357941E-01
1.676529E-02,-9.015948E-02,-7.6075104E-01
1.676856E-02,-8.642108E-02,-7.6578644E-01
1.677184E-02,-8.686359E-02,-7.7166107E-01
1.677512E-02,-8.339984E-02,-7.7646759E-01
1.677839E-02,-8.393390E-02,-7.8196075E-01
1.678167E-02,-8.065326E-02,-7.8470734E-01
1.678495E-02,-8.159930E-02,-7.8936127E-01
1.678822E-02,-7.735736E-02,-7.9248932E-01
1.679150E-02,-7.827289E-02,-7.9721954E-01
1.679478E-02,-7.467181E-02,-7.9866913E-01
1.679805E-02,-7.537372E-02,-8.0233124E-01
1.680133E-02,-7.207782E-02,-8.0423859E-01
1.680461E-02,-7.294757E-02,-8.0645111E-01
1.680788E-02,-6.983478E-02,-8.0698517E-01
1.681116E-02,-7.013995E-02,-8.0904510E-01
1.681444E-02,-6.653888E-02,-8.0935028E-01
1.681772E-02,-6.757648E-02,-8.1072357E-01
1.682099E-02,-6.397540E-02,-8.1102875E-01
1.682427E-02,-6.455524E-02,-8.1102875E-01
1.682755E-02,-6.087787E-02,-8.0935028E-01
1.683082E-02,-6.241901E-02,-8.0927399E-01
1.683410E-02,-5.797870E-02,-8.0675629E-01
1.683738E-02,-5.898578E-02,-8.0584076E-01
1.684065E-02,-5.605609E-02,-8.0256012E-01
1.684393E-02,-5.610187E-02,-8.0088165E-01
1.684721E-02,-5.182941E-02,-7.9721954E-01
1.685048E-02,-5.305011E-02,-7.9561737E-01
1.685376E-02,-4.954059E-02,-7.9058197E-01
1.685704E-02,-4.976947E-02,-7.8722504E-01
1.686031E-02,-4.659564E-02,-7.8188446E-01
1.686359E-02,-4.647357E-02,-7.7906158E-01
1.686687E-02,-4.311664E-02,-7.7280548E-01
1.687014E-02,-4.224689E-02,-7.6784637E-01
1.687342E-02,-3.994281E-02,-7.6166656E-01
1.687670E-02,-4.020221E-02,-7.5655487E-01
1.687997E-02,-3.710468E-02,-7.4915436E-01
1.688325E-02,-3.647906E-02,-7.4358490E-01
1.688653E-02,-3.385455E-02,-7.3694733E-01
1.688980E-02,-3.356464E-02,-7.3023346E-01
1.689308E-02,-3.101642E-02,-7.2191742E-01
1.689636E-02,-3.080280E-02,-7.1398285E-01
1.689964E-02,-2.703387E-02,-7.0528534E-01
1.690291E-02,-2.660663E-02,-6.9727448E-01
1.690619E-02,-2.326495E-02,-6.8811920E-01
1.690947E-02,-2.277667E-02,-6.7896393E-01
1.691274E-02,-2.018268E-02,-6.6950348E-01
1.691602E-02,-1.897723E-02,-6.5996674E-01
1.691930E-02,-1.615436E-02,-6.4989594E-01
1.692257E-02,-1.505573E-02,-6.3929108E-01
1.692585E-02,-1.159198E-02,-6.2853363E-01
1.692913E-02,-1.047809E-02,-6.1861542E-01
1.693240E-02,-8.112976E-03,-6.0724762E-01
1.693568E-02,-7.380554E-03,-5.9641388E-01
1.693896E-02,-3.901550E-03,-5.8382538E-01
1.694223E-02,-1.627991E-03,-5.7192352E-01
1.694551E-02,7.981567E-04,-5.5941132E-01
1.694879E-02,2.629211E-03,-5.4712799E-01
1.695206E-02,5.894592E-03,-5.3415802E-01
1.695534E-02,7.557800E-03,-5.2118805E-01
1.695862E-02,1.059430E-02,-5.0806549E-01
1.696189E-02,1.158612E-02,-4.9425629E-01
1.696517E-02,1.537030E-02,-4.8075226E-01
1.696845E-02,1.701825E-02,-4.6686676E-01
1.697172E-02,2.046674E-02,-4.5198944E-01
1.697500E-02,2.240460E-02,-4.3833282E-01
1.697828E-02,2.527325E-02,-4.2360809E-01
1.698156E-02,2.730267E-02,-4.0873077E-01
1.698483E-02,3.087323E-02,-3.9293793E-01
1.698811E-02,3.271954E-02,-3.7836578E-01
1.699139E-02,3.600018E-02,-3.6226776E-01
1.699466E-02,3.828900E-02,-3.4838226E-01
1.699794E-02,4.124921E-02,-3.3175018E-01
1.700122E-02,4.366010E-02,-3.1565216E-01
1.700449E-02,4.611676E-02,-2.9963043E-01
1.700777E-02,4.886334E-02,-2.8421906E-01
1.701105E-02,5.173199E-02,-2.6766327E-01
1.701432E-02,5.409711E-02,-2.5187042E-01
1.701760E-02,5.679791E-02,-2.3592499E-01
1.702088E-02,5.879681E-02,-2.1891144E-01
1.702415E-02,6.120770E-02,-2.0273712E-01
1.702743E-02,6.406110E-02,-1.8549469E-01
1.703071E-02,6.653302E-02,-1.6916779E-01
1.703398E-02,6.889813E-02,-1.5215424E-01
1.703726E-02,7.201093E-02,-1.3506439E-01
1.704054E-02,7.426923E-02,-1.1782196E-01
1.704381E-02,7.632916E-02,-1.0096100E-01
1.704709E-02,7.933514E-02,-8.4710388E-02
1.705037E-02,8.183759E-02,-6.7162781E-02
1.705364E-02,8.403485E-02,-4.9462585E-02
1.705692E-02,8.652203E-02,-3.1075745E-02
1.706020E-02,8.899396E-02,-1.3757019E-02
1.706348E-02,9.134381E-02,3.7905884E-03
1.706675E-02,9.352582E-02,2.1185608E-02
1.707003E-02,9.491437E-02,3.7665100E-02
1.707331E-02,9.715741E-02,5.5441589E-02
1.707658E-02,9.918683E-02,7.2684021E-02
1.707986E-02,1.014604E-01,8.9850159E-02
1.708314E-02,1.028489E-01,1.0808441E-01
1.708641E-02,1.048478E-01,1.2547943E-01
1.708969E-02,1.067704E-01,1.4249298E-01
1.709297E-02,1.072740E-01,1.5889618E-01
1.709624E-02,1.090135E-01,1.7537567E-01
1.709952E-02,1.107835E-01,1.9467804E-01
1.710280E-02,1.113939E-01,2.1092865E-01
1.710607E-02,1.135148E-01,2.2855255E-01
1.710935E-02,1.139116E-01,2.4434540E-01
1.711263E-02,1.152238E-01,2.6082489E-01
1.711590E-02,1.161088E-01,2.7738068E-01
1.711918E-02,1.167955E-01,2.9447052E-01
1.712246E-02,1.168260E-01,3.1018707E-01
1.712573E-02,1.176957E-01,3.2750580E-01
1.712901E-02,1.176194E-01,3.4322235E-01
1.713229E-02,1.185502E-01,3.6031219E-01
1.713556E-02,1.176347E-01,3.7618134E-01
1.713884E-02,1.182298E-01,3.9266083E-01
1.714212E-02,1.177415E-01,4.0799591E-01
1.714540E-02,1.182451E-01,4.2363617E-01
1.714867E-02,1.169938E-01,4.3942902E-01
1.715195E-02,1.171464E-01,4.5499298E-01
1.715523E-02,1.164750E-01,4.6987030E-01
1.715850E-02,1.162919E-01,4.8497650E-01
1.716178E-02,1.146440E-01,4.9870941E-01
1.716506E-02,1.154374E-01,5.1381561E-01
1.716833E-02,1.128587E-01,5.2815887E-01
1.717161E-02,1.127366E-01,5.4349396E-01
1.717489E-02,1.098375E-01,5.5631134E-01
1.717816E-02,1.093950E-01,5.7050201E-01
1.718144E-02,1.067247E-01,5.8278534E-01
1.718472E-02,1.052598E-01,5.9644196E-01
1.718799E-02,1.026506E-01,6.0788605E-01
1.719127E-02,1.015672E-01,6.2146637E-01
1.719455E-02,9.850018E-02,6.3298676E-01
1.719782E-02,9.662335E-02,6.4542267E-01
1.720110E-02,9.297650E-02,6.5694305E-01
1.720438E-02,9.248822E-02,6.6937897E-01
1.720765E-02,8.798688E-02,6.8044159E-01
1.721093E-02,8.664410E-02,6.9188568E-01
1.721421E-02,8.261578E-02,7.0287201E-01
1.721748E-02,8.095258E-02,7.1416351E-01
1.722076E-02,7.637494E-02,7.2331879E-01
1.722404E-02,7.429974E-02,7.3544952E-01
1.722732E-02,6.906598E-02,7.4376556E-01
1.723059E-02,6.630414E-02,7.5376007E-01
1.723387E-02,6.232159E-02,7.6222870E-01
1.723715E-02,5.949872E-02,7.7100250E-01
1.724042E-02,5.411237E-02,7.7886078E-01
1.724370E-02,5.136578E-02,7.8649017E-01
1.724698E-02,4.573529E-02,7.9289886E-01
1.725025E-02,4.350751E-02,8.0213043E-01
1.725353E-02,3.743451E-02,8.0846283E-01
1.725681E-02,3.517621E-02,8.1708405E-01
1.726008E-02,2.872174E-02,8.2242462E-01
1.726336E-02,2.512067E-02,8.2860443E-01
1.726664E-02,1.924603E-02,8.3432648E-01
1.726991E-02,1.637738E-02,8.4073517E-01
1.727319E-02,1.009076E-02,8.4439728E-01
1.727647E-02,7.573059E-03,8.5042450E-01
1.727974E-02,1.927307E-03,8.5378143E-01
1.728302E-02,-1.780579E-03,8.5996124E-01
1.728630E-02,-9.120056E-03,8.6286041E-01
1.728957E-02,-1.179034E-02,8.6698029E-01
1.729285E-02,-1.885516E-02,8.6911652E-01
1.729613E-02,-2.237994E-02,8.7216827E-01
1.729940E-02,-2.907855E-02,8.7331268E-01
1.730268E-02,-3.234393E-02,8.7682220E-01
1.730596E-02,-3.914935E-02,8.7682220E-01
1.730924E-02,-4.172809E-02,8.7918732E-01
1.731251E-02,-4.995258E-02,8.7995026E-01
1.731579E-02,-5.234821E-02,8.8178131E-01
1.731907E-02,-6.005389E-02,8.7941620E-01
1.732234E-02,-6.248004E-02,8.8155243E-01
1.732562E-02,-7.013995E-02,8.7987396E-01
1.732890E-02,-7.400043E-02,8.8086578E-01
1.733217E-02,-8.025653E-02,8.7773773E-01
1.733545E-02,-8.364398E-02,8.7735626E-01
1.733873E-02,-9.089191E-02,8.7483856E-01
1.734200E-02,-9.411151E-02,8.7346527E-01
1.734528E-02,-1.003066E-01,8.7018463E-01
1.734856E-02,-1.040908E-01,8.6766693E-01
1.735183E-02,-1.106063E-01,8.6461517E-01
1.735511E-02,-1.136275E-01,8.6209747E-01
1.735839E-02,-1.197615E-01,8.5660431E-01
1.736166E-02,-1.236220E-01,8.5339996E-01
1.736494E-02,-1.293135E-01,8.4813568E-01
1.736822E-02,-1.324568E-01,8.4317657E-01
1.737149E-02,-1.387130E-01,8.3730194E-01
1.737477E-02,-1.414138E-01,8.3226654E-01
1.737805E-02,-1.474257E-01,8.2555267E-01
1.738132E-02,-1.504775E-01,8.2028839E-01
1.738460E-02,-1.557265E-01,8.1197235E-01
1.738788E-02,-1.592665E-01,8.0541107E-01
1.739116E-02,-1.635848E-01,7.9801056E-01
1.739443E-02,-1.663619E-01,7.9045746E-01
1.739771E-02,-1.711837E-01,7.8229401E-01
1.740099E-02,-1.745406E-01,7.7382538E-01
1.740426E-02,-1.779433E-01,7.6543304E-01
1.740754E-02,-1.813460E-01,7.5696442E-01
1.741082E-02,-1.839400E-01,7.4826691E-01
1.741409E-02,-1.870375E-01,7.3926422E-01
1.741737E-02,-1.911116E-01,7.3003265E-01
1.742065E-02,-1.935988E-01,7.2041962E-01
1.742392E-02,-1.966811E-01,7.0943329E-01
1.742720E-02,-1.987410E-01,6.9844696E-01
1.743048E-02,-2.017623E-01,6.8761322E-01
1.743375E-02,-2.039748E-01,6.7555878E-01
1.743703E-02,-2.062941E-01,6.6342804E-01
1.744031E-02,-2.078353E-01,6.5144989E-01
1.744358E-02,-2.109633E-01,6.3992950E-01
1.744686E-02,-2.122298E-01,6.2894318E-01
1.745014E-02,-2.140303E-01,6.1574432E-01
1.745341E-02,-2.156172E-01,6.0330841E-01
1.745669E-02,-2.177077E-01,5.8988068E-01
1.745997E-02,-2.180587E-01,5.7721588E-01
1.746324E-02,-2.200423E-01,5.6348297E-01
1.746652E-02,-2.208663E-01,5.4944489E-01
1.746980E-02,-2.219039E-01,5.3601715E-01
1.747308E-02,-2.222853E-01,5.2251312E-01
1.747635E-02,-2.236891E-01,5.0740692E-01
1.747963E-02,-2.234297E-01,4.9306366E-01
1.748291E-02,-2.243148E-01,4.7841522E-01
1.748618E-02,-2.237807E-01,4.6308014E-01
1.748946E-02,-2.246047E-01,4.4774506E-01
1.749274E-02,-2.243148E-01,4.3256256E-01
1.749601E-02,-2.245284E-01,4.1638824E-01
1.749929E-02,-2.238417E-01,4.0158722E-01
1.750257E-02,-2.240554E-01,3.8571808E-01
1.750584E-02,-2.223311E-01,3.6908600E-01
1.750912E-02,-2.230178E-01,3.5245392E-01
1.751240E-02,-2.218886E-01,3.3688995E-01
1.751567E-02,-2.207289E-01,3.1972382E-01
1.751895E-02,-2.200423E-01,3.0461761E-01
1.752223E-02,-2.191573E-01,2.8790924E-01
1.752550E-02,-2.170516E-01,2.7127716E-01
1.752878E-02,-2.165480E-01,2.5441620E-01
1.753206E-02,-2.141371E-01,2.3824188E-01
1.753533E-02,-2.132979E-01,2.2077057E-01
1.753861E-02,-2.113600E-01,2.0284149E-01
1.754189E-02,-2.100783E-01,1.8605682E-01
1.754516E-02,-2.077132E-01,1.6828033E-01
1.754844E-02,-2.065230E-01,1.5103790E-01
1.755172E-02,-2.043105E-01,1.3410065E-01
1.755500E-02,-2.027236E-01,1.1716339E-01
1.755827E-02,-1.995192E-01,9.9005432E-02
1.756155E-02,-1.984664E-01,8.1915588E-02
1.756483E-02,-1.963607E-01,6.4139099E-02
1.756810E-02,-1.938277E-01,4.6820374E-02
1.757138E-02,-1.920882E-01,2.9425354E-02
1.757466E-02,-1.893264E-01,1.2564392E-02
1.757793E-02,-1.866866E-01,-5.5172729E-03
1.758121E-02,-1.837569E-01,-2.2378235E-02
1.758449E-02,-1.813307E-01,-4.1222839E-02
1.758776E-02,-1.784163E-01,-5.8160095E-02
1.759104E-02,-1.761275E-01,-7.5173645E-02
1.759432E-02,-1.729384E-01,-9.2568665E-02
1.759759E-02,-1.706038E-01,-1.0996368E-01
1.760087E-02,-1.677199E-01,-1.2629059E-01
1.760415E-02,-1.651717E-01,-1.4292267E-01
1.760742E-02,-1.625777E-01,-1.5932587E-01
1.761070E-02,-1.593123E-01,-1.7649200E-01
1.761398E-02,-1.564589E-01,-1.9243744E-01
1.761725E-02,-1.543227E-01,-2.1021393E-01
1.762053E-02,-1.512557E-01,-2.2593048E-01
1.762381E-02,-1.480056E-01,-2.4256256E-01
1.762708E-02,-1.455184E-01,-2.5843170E-01
1.763036E-02,-1.428328E-01,-2.7544525E-01
1.763364E-02,-1.393691E-01,-2.9093292E-01
1.763692E-02,-1.365309E-01,-3.0771759E-01
1.764019E-02,-1.335860E-01,-3.2335785E-01
1.764347E-02,-1.315261E-01,-3.3922699E-01
1.764675E-02,-1.283217E-01,-3.5440948E-01
1.765002E-02,-1.259413E-01,-3.6974457E-01
1.765330E-02,-1.221877E-01,-3.8439301E-01
1.765658E-02,-1.202498E-01,-3.9934662E-01
1.765985E-02,-1.171675E-01,-4.1437653E-01
1.766313E-02,-1.151839E-01,-4.3016937E-01
1.766641E-02,-1.121474E-01,-4.4344452E-01
1.766968E-02,-1.098281E-01,-4.5832184E-01
1.767296E-02,-1.064254E-01,-4.7243622E-01
1.767624E-02,-1.049910E-01,-4.8723724E-01
1.767951E-02,-1.012679E-01,-5.0081757E-01
1.768279E-02,-9.984882E-02,-5.1447418E-01
1.768607E-02,-9.620197E-02,-5.2706268E-01
1.768934E-02,-9.502704E-02,-5.4056671E-01
1.769262E-02,-9.214313E-02,-5.5162933E-01
1.769590E-02,-9.009845E-02,-5.6429413E-01
1.769917E-02,-8.661945E-02,-5.7627228E-01
1.770245E-02,-8.591754E-02,-5.8809784E-01
1.770573E-02,-8.278949E-02,-5.9923676E-01
1.770900E-02,-8.138568E-02,-6.1121490E-01
1.771228E-02,-7.827289E-02,-6.2174347E-01
1.771556E-02,-7.645709E-02,-6.3395050E-01
1.771884E-02,-7.372577E-02,-6.4371613E-01
1.772211E-02,-7.241351E-02,-6.5424469E-01
1.772539E-02,-6.994159E-02,-6.6370514E-01
1.772867E-02,-6.919391E-02,-6.7324188E-01
1.773194E-02,-6.554706E-02,-6.8148163E-01
1.773522E-02,-6.579120E-02,-6.9201019E-01
1.773850E-02,-6.254108E-02,-6.9963959E-01
1.774177E-02,-6.225116E-02,-7.0917633E-01
1.774505E-02,-5.834491E-02,-7.1634796E-01
1.774833E-02,-5.861957E-02,-7.2535065E-01
1.775160E-02,-5.541522E-02,-7.3313263E-01
1.775488E-02,-5.648334E-02,-7.4068573E-01
1.775816E-02,-5.266864E-02,-7.4648407E-01
1.776143E-02,-5.236346E-02,-7.5335052E-01
1.776471E-02,-4.946429E-02,-7.5922516E-01
1.776799E-02,-5.013568E-02,-7.6593903E-01
1.777126E-02,-4.647357E-02,-7.6990631E-01
1.777454E-02,-4.650409E-02,-7.7578094E-01
1.777782E-02,-4.270465E-02,-7.7967194E-01
1.778109E-02,-4.435260E-02,-7.8516510E-01
1.778437E-02,-4.032428E-02,-7.8844574E-01
1.778765E-02,-4.058368E-02,-7.9294708E-01
1.779092E-02,-3.774554E-02,-7.9523590E-01
1.779420E-02,-3.823383E-02,-7.9935577E-01
1.779748E-02,-3.475482E-02,-8.0103424E-01
1.780076E-02,-3.522784E-02,-8.0431488E-01
1.780403E-02,-3.187091E-02,-8.0561188E-01
1.780731E-02,-3.335101E-02,-8.0736664E-01
1.781059E-02,-2.831561E-02,-8.0828217E-01
1.781386E-02,-2.941425E-02,-8.0988434E-01
1.781714E-02,-2.610309E-02,-8.0919769E-01
1.782042E-02,-2.633197E-02,-8.0973175E-01
1.782369E-02,-2.401263E-02,-8.0912140E-01
1.782697E-02,-2.450092E-02,-8.0912140E-01
1.783025E-02,-2.180011E-02,-8.0721405E-01
1.783352E-02,-2.186115E-02,-8.0622223E-01
1.783680E-02,-1.859576E-02,-8.0385712E-01
1.784008E-02,-1.935870E-02,-8.0286530E-01
1.784335E-02,-1.591022E-02,-8.0004242E-01
1.784663E-02,-1.624591E-02,-7.9760101E-01
1.784991E-02,-1.407916E-02,-7.9485443E-01
1.785318E-02,-1.388080E-02,-7.9248932E-01
1.785646E-02,-1.143939E-02,-7.8753021E-01
1.785974E-02,-1.130206E-02,-7.8447845E-01
1.786301E-02,-8.738586E-03,-7.7959564E-01
1.786629E-02,-8.067200E-03,-7.7524689E-01
1.786957E-02,-5.625793E-03,-7.6891449E-01
1.787284E-02,-5.213806E-03,-7.6365021E-01
1.787612E-02,-2.528259E-03,-7.5769928E-01
1.787940E-02,-2.116272E-03,-7.5129059E-01
1.788268E-02,6.573486E-05,-7.4495819E-01
1.788595E-02,1.271179E-03,-7.3755768E-01
1.788923E-02,3.437927E-03,-7.3084381E-01
1.789251E-02,4.307678E-03,-7.2275665E-01
1.789578E-02,6.993225E-03,-7.1390656E-01
1.789906E-02,7.603577E-03,-7.0749786E-01
1.790234E-02,1.016705E-02,-6.9826630E-01
1.790561E-02,1.051801E-02,-6.8956879E-01
1.790889E-02,1.282208E-02,-6.8140533E-01
1.791217E-02,1.457684E-02,-6.7209747E-01
1.791544E-02,1.610272E-02,-6.6217926E-01
1.791872E-02,1.810162E-02,-6.5226105E-01
1.792200E-02,1.968854E-02,-6.4157990E-01
1.792527E-02,2.124493E-02,-6.3059357E-01
1.792855E-02,2.315228E-02,-6.1960724E-01
1.793183E-02,2.454083E-02,-6.0862091E-01
1.793510E-02,2.673810E-02,-5.9671906E-01
1.793838E-02,2.824872E-02,-5.8588531E-01
1.794166E-02,3.009503E-02,-5.7390717E-01
1.794493E-02,3.110211E-02,-5.6139496E-01
1.794821E-02,3.302472E-02,-5.4865387E-01
1.795149E-02,3.436749E-02,-5.3720978E-01
1.795476E-02,3.641217E-02,-5.2469757E-01
1.795804E-02,3.798383E-02,-5.1081207E-01
1.796132E-02,4.007428E-02,-4.9761322E-01
1.796460E-02,4.121869E-02,-4.8357513E-01
1.796787E-02,4.362958E-02,-4.6968964E-01
1.797115E-02,4.527753E-02,-4.5534637E-01
1.797443E-02,4.715436E-02,-4.4161346E-01
1.797770E-02,4.840558E-02,-4.2696503E-01
1.798098E-02,5.092328E-02,-4.1246918E-01
1.798426E-02,5.200665E-02,-3.9736298E-01
1.798753E-02,5.431073E-02,-3.8202789E-01
1.799081E-02,5.472272E-02,-3.6615875E-01
1.799409E-02,5.707257E-02,-3.5082367E-01
1.799736E-02,5.870526E-02,-3.3571747E-01
1.800064E-02,6.030743E-02,-3.1977203E-01
1.800392E-02,6.119244E-02,-3.0291107E-01
1.800719E-02,6.340497E-02,-2.8673676E-01
1.801047E-02,6.428998E-02,-2.7063873E-01
1.801375E-02,6.595319E-02,-2.5415924E-01
1.801702E-02,6.648724E-02,-2.3783234E-01
1.802030E-02,6.815045E-02,-2.2219208E-01
1.802358E-02,6.953900E-02,-2.0548370E-01
1.802685E-02,7.024091E-02,-1.8885162E-01
1.803013E-02,7.004254E-02,-1.7275360E-01
1.803341E-02,7.187360E-02,-1.5497711E-01
1.803668E-02,7.161420E-02,-1.3811615E-01
1.803996E-02,7.289594E-02,-1.2217072E-01
1.804324E-02,7.280438E-02,-1.0477570E-01
1.804652E-02,7.454388E-02,-8.7533264E-02
1.804979E-02,7.481854E-02,-7.0367126E-02
1.805307E-02,7.497113E-02,-5.2743225E-02
1.805635E-02,7.585614E-02,-3.5043030E-02
1.805962E-02,7.574933E-02,-1.7419128E-02
1.806290E-02,7.642072E-02,8.9141846E-04
1.806618E-02,7.625287E-02,1.7370911E-02
1.806945E-02,7.657330E-02,3.5376282E-02
1.807273E-02,7.530682E-02,5.1855774E-02
1.807601E-02,7.513898E-02,6.9327087E-02
1.807928E-02,7.434552E-02,8.6798401E-02
1.808256E-02,7.397931E-02,1.0465118E-01
1.808584E-02,7.381146E-02,1.2227509E-01
1.808911E-02,7.327740E-02,1.3959381E-01
1.809239E-02,7.228558E-02,1.5614960E-01
1.809567E-02,7.167523E-02,1.7384979E-01
1.809894E-02,6.992047E-02,1.9017670E-01
1.810222E-02,6.981366E-02,2.0825836E-01
1.810550E-02,6.708234E-02,2.2466156E-01
1.810877E-02,6.642621E-02,2.4190399E-01
1.811205E-02,6.467145E-02,2.5815460E-01
1.811533E-02,6.276410E-02,2.7493927E-01
1.811860E-02,6.046002E-02,2.9172394E-01
1.812188E-02,5.988019E-02,3.0820343E-01
1.812516E-02,5.679791E-02,3.2369110E-01
1.812844E-02,5.507367E-02,3.4085724E-01
1.813171E-02,5.200665E-02,3.5642120E-01
1.813499E-02,5.005353E-02,3.7473175E-01
1.813827E-02,4.729169E-02,3.9098236E-01
1.814154E-02,4.622357E-02,4.0669891E-01
1.814482E-02,4.233258E-02,4.2188141E-01
1.814810E-02,3.995221E-02,4.3820831E-01
1.815137E-02,3.671735E-02,4.5361969E-01
1.815465E-02,3.455060E-02,4.6880219E-01
1.815793E-02,3.006451E-02,4.8268768E-01
1.816120E-02,2.818768E-02,4.9802277E-01
1.816448E-02,2.386945E-02,5.1259491E-01
1.816776E-02,2.083295E-02,5.2686188E-01
1.817103E-02,1.599591E-02,5.4021332E-01
1.817431E-02,1.434796E-02,5.5501434E-01
1.817759E-02,9.648254E-03,5.6828949E-01
1.818086E-02,7.130554E-03,5.8209869E-01
1.818414E-02,1.515320E-03,5.9476349E-01
1.818742E-02,-1.704285E-03,6.0796234E-01
1.819069E-02,-6.678650E-03,6.2039825E-01
1.819397E-02,-9.684631E-03,6.3245270E-01
1.819725E-02,-1.571185E-02,6.4435455E-01
1.820052E-02,-1.809222E-02,6.5724823E-01
1.820380E-02,-2.451617E-02,6.6823456E-01
1.820708E-02,-2.730853E-02,6.8006012E-01
1.821036E-02,-3.391559E-02,6.8974945E-01
1.821363E-02,-3.647906E-02,7.0279572E-01
1.821691E-02,-4.305560E-02,7.1248505E-01
1.822019E-02,-4.629047E-02,7.2377655E-01
1.822346E-02,-5.288226E-02,7.3239777E-01
1.822674E-02,-5.642230E-02,7.4285004E-01
1.823002E-02,-6.217487E-02,7.5154755E-01
1.823329E-02,-6.576068E-02,7.6146576E-01
1.823657E-02,-7.281024E-02,7.6924774E-01
1.823985E-02,-7.569415E-02,7.7840302E-01
1.824312E-02,-8.326251E-02,7.8534576E-01
1.824640E-02,-8.616168E-02,7.9434845E-01
1.824968E-02,-9.289081E-02,8.0083344E-01
1.825295E-02,-9.659869E-02,8.0922577E-01
1.825623E-02,-1.039382E-01,8.1555817E-01
1.825951E-02,-1.071730E-01,8.2334015E-01
1.826278E-02,-1.128951E-01,8.2837555E-01
1.826606E-02,-1.160842E-01,8.3547089E-01
1.826934E-02,-1.235457E-01,8.4012482E-01
1.827261E-02,-1.259871E-01,8.4538910E-01
1.827589E-02,-1.329604E-01,8.5011932E-01
1.827917E-02,-1.364241E-01,8.5607025E-01
1.828244E-02,-1.428328E-01,8.5866425E-01
1.828572E-02,-1.458388E-01,8.6331818E-01
1.828900E-02,-1.521254E-01,8.6629364E-01
1.829228E-02,-1.549330E-01,8.6980316E-01
1.829555E-02,-1.624709E-01,8.7178680E-01
1.829883E-02,-1.643782E-01,8.7567780E-01
1.830211E-02,-1.704818E-01,8.7697479E-01
1.830538E-02,-1.730605E-01,8.8002655E-01
1.830866E-02,-1.790267E-01,8.8010284E-01
1.831194E-02,-1.816054E-01,8.8201019E-01
1.831521E-02,-1.877242E-01,8.8208649E-01
1.831849E-02,-1.895095E-01,8.8361237E-01
1.832177E-02,-1.957045E-01,8.8246796E-01
1.832504E-02,-1.978408E-01,8.8315460E-01
1.832832E-02,-2.031356E-01,8.8071320E-01
1.833160E-02,-2.057601E-01,8.8086578E-01
1.833487E-02,-2.105971E-01,8.7834808E-01
1.833815E-02,-2.129470E-01,8.7819550E-01
1.834143E-02,-2.176772E-01,8.7522003E-01
1.834470E-02,-2.194625E-01,8.7354156E-01
1.834798E-02,-2.239638E-01,8.6995575E-01
1.835126E-02,-2.253066E-01,8.6690399E-01
1.835453E-02,-2.299300E-01,8.6240265E-01
1.835781E-02,-2.317916E-01,8.5912201E-01
1.836109E-02,-2.351943E-01,8.5439178E-01
1.836436E-02,-2.370558E-01,8.5057709E-01
1.836764E-02,-2.401686E-01,8.4470245E-01
1.837092E-02,-2.418471E-01,8.3997223E-01
1.837420E-02,-2.443343E-01,8.3341095E-01
1.837747E-02,-2.450209E-01,8.2784149E-01
1.838075E-02,-2.477523E-01,8.2128021E-01
1.838403E-02,-2.488204E-01,8.1426117E-01
1.838730E-02,-2.505446E-01,8.0724213E-01
1.839058E-02,-2.513686E-01,7.9984161E-01
1.839386E-02,-2.526961E-01,7.9236481E-01
1.839713E-02,-2.533065E-01,7.8481171E-01
1.840041E-02,-2.544356E-01,7.7702972E-01
1.840369E-02,-2.556105E-01,7.6901886E-01
1.840696E-02,-2.564498E-01,7.5940582E-01
1.841024E-02,-2.571364E-01,7.5063202E-01
1.841352E-02,-2.573653E-01,7.4079010E-01
1.841679E-02,-2.563887E-01,7.3132965E-01
1.842007E-02,-2.566939E-01,7.2125885E-01
1.842335E-02,-2.571517E-01,7.1095917E-01
1.842662E-02,-2.565718E-01,7.0073578E-01
1.842990E-02,-2.564650E-01,6.8936798E-01
1.843318E-02,-2.555342E-01,6.7723724E-01
1.843645E-02,-2.551375E-01,6.6533539E-01
1.843973E-02,-2.543593E-01,6.5404388E-01
1.844301E-02,-2.532912E-01,6.4275238E-01
1.844628E-02,-2.521620E-01,6.3016388E-01
1.844956E-02,-2.507735E-01,6.1879608E-01
1.845284E-02,-2.495681E-01,6.0658905E-01
1.845612E-02,-2.479659E-01,5.9331390E-01
1.845939E-02,-2.469283E-01,5.7973358E-01
1.846267E-02,-2.445327E-01,5.6714508E-01
1.846595E-02,-2.434951E-01,5.5379364E-01
1.846922E-02,-2.413893E-01,5.3975555E-01
1.847250E-02,-2.401076E-01,5.2571747E-01
1.847578E-02,-2.376204E-01,5.1129791E-01
1.847905E-02,-2.358657E-01,4.9603912E-01
1.848233E-02,-2.332869E-01,4.8146698E-01
1.848561E-02,-2.309676E-01,4.6559784E-01
1.848888E-02,-2.284957E-01,4.5087311E-01
1.849216E-02,-2.261458E-01,4.3576691E-01
1.849544E-02,-2.232924E-01,4.2043182E-01
1.849871E-02,-2.203475E-01,4.0486786E-01
1.850199E-02,-2.178755E-01,3.8899872E-01
1.850527E-02,-2.151290E-01,3.7213776E-01
1.850854E-02,-2.116347E-01,3.5642120E-01
1.851182E-02,-2.087813E-01,3.3963654E-01
1.851510E-02,-2.048445E-01,3.2308075E-01
1.851837E-02,-2.022811E-01,3.0698273E-01
1.852165E-02,-1.984664E-01,2.8935883E-01
1.852493E-02,-1.962844E-01,2.7341339E-01
1.852820E-02,-1.921340E-01,2.5708649E-01
1.853148E-02,-1.886397E-01,2.4014923E-01
1.853476E-02,-1.847029E-01,2.2290680E-01
1.853804E-02,-1.819869E-01,2.0657990E-01
1.854131E-02,-1.786910E-01,1.8918488E-01
1.854459E-02,-1.750441E-01,1.7186615E-01
1.854787E-02,-1.711684E-01,1.5492889E-01
1.855114E-02,-1.674605E-01,1.3867828E-01
1.855442E-02,-1.640273E-01,1.2166473E-01
1.855770E-02,-1.598464E-01,1.0343048E-01
1.856097E-02,-1.560927E-01,8.5425110E-02
1.856425E-02,-1.529494E-01,6.8945618E-02
1.856753E-02,-1.487685E-01,5.1398010E-02
1.857080E-02,-1.454573E-01,3.4460754E-02
1.857408E-02,-1.418715E-01,1.7142029E-02
1.857736E-02,-1.383773E-01,-6.3446045E-04
1.858063E-02,-1.346694E-01,-1.9326477E-02
1.858391E-02,-1.318160E-01,-3.5119324E-02
1.858719E-02,-1.281844E-01,-5.3048401E-02
1.859046E-02,-1.239577E-01,-7.0443420E-02
1.859374E-02,-1.211806E-01,-8.7762146E-02
1.859702E-02,-1.167556E-01,-1.0439423E-01
1.860029E-02,-1.141463E-01,-1.2186554E-01
1.860357E-02,-1.098586E-01,-1.3765839E-01
1.860685E-02,-1.074019E-01,-1.5574005E-01
1.861012E-02,-1.034499E-01,-1.7275360E-01
1.861340E-02,-1.001998E-01,-1.8991974E-01
1.861668E-02,-9.714801E-02,-2.0594147E-01
1.861996E-02,-9.444720E-02,-2.2287872E-01
1.862323E-02,-9.069354E-02,-2.3882416E-01
1.862651E-02,-8.852679E-02,-2.5476959E-01
1.862979E-02,-8.475787E-02,-2.7056244E-01
1.863306E-02,-8.248431E-02,-2.8849152E-01
1.863634E-02,-7.894427E-02,-3.0382660E-01
1.863962E-02,-7.668597E-02,-3.2045868E-01
1.864289E-02,-7.317645E-02,-3.3503082E-01
1.864617E-02,-7.009418E-02,-3.5112885E-01
1.864945E-02,-6.711871E-02,-3.6600616E-01
1.865272E-02,-6.547076E-02,-3.8149384E-01
1.865600E-02,-6.255634E-02,-3.9629486E-01
1.865928E-02,-6.049640E-02,-4.1269806E-01
1.866255E-02,-5.747516E-02,-4.2665985E-01
1.866583E-02,-5.645282E-02,-4.4237640E-01
1.866911E-02,-5.274493E-02,-4.5527008E-01
1.867238E-02,-5.137164E-02,-4.6961334E-01
1.867566E-02,-4.871661E-02,-4.8326996E-01
1.867894E-02,-4.784686E-02,-4.9799469E-01
1.868221E-02,-4.401691E-02,-5.1073578E-01
1.868549E-02,-4.357440E-02,-5.2431610E-01
1.868877E-02,-4.044635E-02,-5.3621796E-01
1.869204E-02,-3.998859E-02,-5.5025604E-01
1.869532E-02,-3.725726E-02,-5.6192902E-01
1.869860E-02,-3.606708E-02,-5.7482269E-01
1.870188E-02,-3.274066E-02,-5.8550385E-01
1.870515E-02,-3.260333E-02,-5.9748199E-01
1.870843E-02,-3.002460E-02,-6.0816315E-01
