in s,C1 in V,C2 in V
-1.007171E-02,-5.2615247E+00,-6.1640289E-01
-1.006843E-02,-5.2627454E+00,-6.0526398E-01
-1.006515E-02,-5.2612195E+00,-5.9397247E-01
-1.006188E-02,-5.2578625E+00,-5.8153656E-01
-1.005860E-02,-5.2599988E+00,-5.7055023E-01
-1.005532E-02,-5.2590833E+00,-5.5712250E-01
-1.005204E-02,-5.2535901E+00,-5.4491547E-01
-1.004877E-02,-5.2453503E+00,-5.3202179E-01
-1.004549E-02,-5.2401624E+00,-5.1798370E-01
-1.004221E-02,-5.2355847E+00,-5.0417450E-01
-1.003894E-02,-5.2358899E+00,-4.9135712E-01
-1.003566E-02,-5.2346692E+00,-4.7709015E-01
-1.003238E-02,-5.2383313E+00,-4.6343353E-01
-1.002911E-02,-5.2371106E+00,-4.4878510E-01
-1.002583E-02,-5.2349744E+00,-4.3497589E-01
-1.002255E-02,-5.2389417E+00,-4.2070892E-01
-1.001928E-02,-5.2386365E+00,-4.0483978E-01
-1.001600E-02,-5.2429089E+00,-3.8965729E-01
-1.001272E-02,-5.2374158E+00,-3.7432220E-01
-1.000945E-02,-5.2392468E+00,-3.5868195E-01
-1.000617E-02,-5.2429089E+00,-3.4319427E-01
-1.000289E-02,-5.2404675E+00,-3.2816437E-01
-9.999616E-03,-5.2365002E+00,-3.1244781E-01
-9.996339E-03,-5.2389417E+00,-2.9612091E-01
-9.993062E-03,-5.2380261E+00,-2.7925995E-01
-9.989786E-03,-5.2416882E+00,-2.6331451E-01
-9.986509E-03,-5.2389417E+00,-2.4645355E-01
-9.983232E-03,-5.2374158E+00,-2.3104218E-01
-9.979955E-03,-5.2346692E+00,-2.1395233E-01
-9.976678E-03,-5.2380261E+00,-1.9838837E-01
-9.973402E-03,-5.2349744E+00,-1.8160370E-01
-9.970125E-03,-5.2331433E+00,-1.6451385E-01
-9.966848E-03,-5.2334485E+00,-1.4742401E-01
-9.963571E-03,-5.2352795E+00,-1.3025787E-01
-9.960294E-03,-5.2249036E+00,-1.1263397E-01
-9.957018E-03,-5.2245984E+00,-9.6612244E-02
-9.953741E-03,-5.2242932E+00,-7.9674988E-02
-9.950464E-03,-5.2279553E+00,-6.2508850E-02
-9.947187E-03,-5.2249036E+00,-4.4198303E-02
-9.943910E-03,-5.2331433E+00,-2.7108459E-02
-9.940634E-03,-5.2303967E+00,-9.7134399E-03
-9.937357E-03,-5.2352795E+00,7.6052856E-03
-9.934080E-03,-5.2401624E+00,2.6144714E-02
-9.930803E-03,-5.2395520E+00,4.2166443E-02
-9.927526E-03,-5.2529797E+00,5.9103699E-02
-9.924250E-03,-5.2465710E+00,7.5735779E-02
-9.920973E-03,-5.2572522E+00,9.4351501E-02
-9.917696E-03,-5.2615247E+00,1.1113617E-01
-9.914419E-03,-5.2609143E+00,1.2929413E-01
-9.911142E-03,-5.2661023E+00,1.4646027E-01
-9.907866E-03,-5.2673230E+00,1.6385529E-01
-9.904589E-03,-5.2630505E+00,1.8109772E-01
-9.901312E-03,-5.2700696E+00,1.9864532E-01
-9.898035E-03,-5.2682385E+00,2.1481964E-01
-9.894758E-03,-5.2770886E+00,2.3267242E-01
-9.891482E-03,-5.2780042E+00,2.4777863E-01
-9.888205E-03,-5.2789197E+00,2.6570770E-01
-9.884928E-03,-5.2856335E+00,2.8096649E-01
-9.881651E-03,-5.2792249E+00,2.9881927E-01
-9.878374E-03,-5.2786145E+00,3.1354401E-01
-9.875098E-03,-5.2737317E+00,3.3215973E-01
-9.871821E-03,-5.2743420E+00,3.4726593E-01
-9.868544E-03,-5.2636609E+00,3.6519501E-01
-9.865267E-03,-5.2645764E+00,3.7915680E-01
-9.861990E-03,-5.2572522E+00,3.9739105E-01
-9.858714E-03,-5.2551160E+00,4.1150543E-01
-9.855437E-03,-5.2505383E+00,4.2867157E-01
-9.852160E-03,-5.2456555E+00,4.4179413E-01
-9.848883E-03,-5.2392468E+00,4.5865509E-01
-9.845606E-03,-5.2395520E+00,4.7215912E-01
-9.842330E-03,-5.2310071E+00,4.8940155E-01
-9.839053E-03,-5.2358899E+00,5.0122711E-01
-9.835776E-03,-5.2322278E+00,5.1770660E-01
-9.832499E-03,-5.2300916E+00,5.2983734E-01
-9.829222E-03,-5.2325330E+00,5.4540131E-01
-9.825946E-03,-5.2261243E+00,5.5745575E-01
-9.822669E-03,-5.2279553E+00,5.7408783E-01
-9.819392E-03,-5.2300916E+00,5.8385345E-01
-9.816115E-03,-5.2270398E+00,5.9880707E-01
-9.812838E-03,-5.2310071E+00,6.0918304E-01
-9.809562E-03,-5.2368054E+00,6.2406036E-01
-9.806285E-03,-5.2325330E+00,6.3329193E-01
-9.803008E-03,-5.2365002E+00,6.4786407E-01
-9.799731E-03,-5.2386365E+00,6.5755341E-01
-9.796454E-03,-5.2334485E+00,6.7166779E-01
-9.793178E-03,-5.2316174E+00,6.8112823E-01
-9.789901E-03,-5.2334485E+00,6.9524261E-01
-9.786624E-03,-5.2374158E+00,7.0371124E-01
-9.783347E-03,-5.2346692E+00,7.1599457E-01
-9.780070E-03,-5.2395520E+00,7.2408173E-01
-9.776794E-03,-5.2380261E+00,7.3537323E-01
-9.773517E-03,-5.2410779E+00,7.4307892E-01
-9.770240E-03,-5.2487073E+00,7.5368378E-01
-9.766963E-03,-5.2538953E+00,7.6131317E-01
-9.763686E-03,-5.2596936E+00,7.7092621E-01
-9.760410E-03,-5.2606091E+00,7.7741119E-01
-9.757133E-03,-5.2657971E+00,7.8702423E-01
-9.753856E-03,-5.2651868E+00,7.9350922E-01
-9.750579E-03,-5.2557263E+00,8.0228302E-01
-9.747302E-03,-5.2596936E+00,8.0708954E-01
-9.744026E-03,-5.2587781E+00,8.1510040E-01
-9.740749E-03,-5.2639661E+00,8.2051727E-01
-9.737472E-03,-5.2633557E+00,8.2837555E-01
-9.734195E-03,-5.2606091E+00,8.3295319E-01
-9.730918E-03,-5.2664075E+00,8.3882782E-01
-9.727642E-03,-5.2569470E+00,8.4256622E-01
-9.724365E-03,-5.2599988E+00,8.4897491E-01
-9.721088E-03,-5.2581677E+00,8.5195038E-01
-9.717811E-03,-5.2572522E+00,8.5706207E-01
-9.714534E-03,-5.2596936E+00,8.5927460E-01
-9.711258E-03,-5.2581677E+00,8.6400482E-01
-9.707981E-03,-5.2633557E+00,8.6560699E-01
-9.704704E-03,-5.2642712E+00,8.6911652E-01
-9.701427E-03,-5.2688489E+00,8.7048981E-01
-9.698150E-03,-5.2743420E+00,8.7308380E-01
-9.694874E-03,-5.2725110E+00,8.7392303E-01
-9.691597E-03,-5.2706799E+00,8.7522003E-01
-9.688320E-03,-5.2661023E+00,8.7544891E-01
-9.685043E-03,-5.2569470E+00,8.7705109E-01
-9.681766E-03,-5.2584729E+00,8.7674591E-01
-9.678490E-03,-5.2465710E+00,8.7773773E-01
-9.675213E-03,-5.2447400E+00,8.7712738E-01
-9.671936E-03,-5.2404675E+00,8.7628815E-01
-9.668659E-03,-5.2474866E+00,8.7285492E-01
-9.665382E-03,-5.2520642E+00,8.7239716E-01
-9.662106E-03,-5.2535901E+00,8.7033722E-01
-9.658829E-03,-5.2505383E+00,8.6766693E-01
-9.655552E-03,-5.2520642E+00,8.6377594E-01
-9.652275E-03,-5.2566418E+00,8.6225006E-01
-9.648998E-03,-5.2548108E+00,8.5828278E-01
-9.645722E-03,-5.2532849E+00,8.5553619E-01
-9.642445E-03,-5.2529797E+00,8.5011932E-01
-9.639168E-03,-5.2535901E+00,8.4722015E-01
-9.635891E-03,-5.2508435E+00,8.4157440E-01
-9.632614E-03,-5.2490125E+00,8.3722565E-01
-9.629338E-03,-5.2480969E+00,8.2967255E-01
-9.626061E-03,-5.2407727E+00,8.2448456E-01
-9.622784E-03,-5.2380261E+00,8.1792328E-01
-9.619507E-03,-5.2401624E+00,8.1250641E-01
-9.616230E-03,-5.2377209E+00,8.0518219E-01
-9.612954E-03,-5.2407727E+00,7.9854462E-01
-9.609677E-03,-5.2419934E+00,7.8954193E-01
-9.606400E-03,-5.2435193E+00,7.8298065E-01
-9.603123E-03,-5.2426038E+00,7.7420685E-01
-9.599846E-03,-5.2389417E+00,7.6650116E-01
-9.596570E-03,-5.2416882E+00,7.5726959E-01
-9.593293E-03,-5.2459607E+00,7.4819061E-01
-9.590016E-03,-5.2435193E+00,7.3880646E-01
-9.586739E-03,-5.2502332E+00,7.2858307E-01
-9.583462E-03,-5.2462659E+00,7.1835968E-01
-9.580186E-03,-5.2456555E+00,7.0874664E-01
-9.576909E-03,-5.2441296E+00,6.9829437E-01
-9.573632E-03,-5.2413831E+00,6.8761322E-01
-9.570355E-03,-5.2401624E+00,6.7510101E-01
-9.567078E-03,-5.2459607E+00,6.6480133E-01
-9.563802E-03,-5.2462659E+00,6.5228912E-01
-9.560525E-03,-5.2468762E+00,6.4023468E-01
-9.557248E-03,-5.2426038E+00,6.2856171E-01
-9.553971E-03,-5.2413831E+00,6.1658356E-01
-9.550694E-03,-5.2404675E+00,6.0361359E-01
-9.547418E-03,-5.2407727E+00,5.9171173E-01
-9.544141E-03,-5.2438245E+00,5.7820770E-01
-9.540864E-03,-5.2404675E+00,5.6531403E-01
-9.537587E-03,-5.2429089E+00,5.5211517E-01
-9.534310E-03,-5.2432141E+00,5.3845856E-01
-9.531034E-03,-5.2377209E+00,5.2388641E-01
-9.527757E-03,-5.2380261E+00,5.1000092E-01
-9.524480E-03,-5.2285657E+00,4.9436066E-01
-9.521203E-03,-5.2377209E+00,4.8078033E-01
-9.517926E-03,-5.2361951E+00,4.6590302E-01
-9.514650E-03,-5.2343640E+00,4.5018646E-01
-9.511373E-03,-5.2386365E+00,4.3500397E-01
-9.508096E-03,-5.2307019E+00,4.2035553E-01
-9.504819E-03,-5.2331433E+00,4.0494415E-01
-9.501542E-03,-5.2361951E+00,3.8945648E-01
-9.498266E-03,-5.2313123E+00,3.7351105E-01
-9.494989E-03,-5.2316174E+00,3.5695526E-01
-9.491712E-03,-5.2355847E+00,3.4100983E-01
-9.488435E-03,-5.2374158E+00,3.2407257E-01
-9.485158E-03,-5.2371106E+00,3.0751678E-01
-9.481882E-03,-5.2361951E+00,2.9111359E-01
-9.478605E-03,-5.2386365E+00,2.7509186E-01
-9.475328E-03,-5.2377209E+00,2.5777313E-01
-9.472051E-03,-5.2398572E+00,2.4213287E-01
-9.468774E-03,-5.2371106E+00,2.2443268E-01
-9.465498E-03,-5.2398572E+00,2.0833466E-01
-9.462221E-03,-5.2484021E+00,1.8987152E-01
-9.458944E-03,-5.2426038E+00,1.7285797E-01
-9.455667E-03,-5.2505383E+00,1.5492889E-01
-9.452390E-03,-5.2532849E+00,1.3799164E-01
-9.449114E-03,-5.2572522E+00,1.2021515E-01
-9.445837E-03,-5.2624402E+00,1.0327789E-01
-9.442560E-03,-5.2618298E+00,8.4814758E-02
-9.439283E-03,-5.2618298E+00,6.8869324E-02
-9.436006E-03,-5.2593884E+00,5.0711365E-02
-9.432730E-03,-5.2621350E+00,3.3621521E-02
-9.429453E-03,-5.2624402E+00,1.5845032E-02
-9.426176E-03,-5.2642712E+00,-8.6334229E-04
-9.422899E-03,-5.2606091E+00,-1.9250183E-02
-9.419622E-03,-5.2554211E+00,-3.5195618E-02
-9.416346E-03,-5.2563367E+00,-5.4421692E-02
-9.413069E-03,-5.2520642E+00,-7.0138245E-02
-9.409792E-03,-5.2520642E+00,-8.9288025E-02
-9.406515E-03,-5.2517590E+00,-1.0500458E-01
-9.403238E-03,-5.2526746E+00,-1.2262848E-01
-9.399962E-03,-5.2508435E+00,-1.3826874E-01
-9.396685E-03,-5.2532849E+00,-1.5642670E-01
-9.393408E-03,-5.2453503E+00,-1.7275360E-01
-9.390131E-03,-5.2474866E+00,-1.9060638E-01
-9.386854E-03,-5.2426038E+00,-2.0578888E-01
-9.383578E-03,-5.2432141E+00,-2.2295502E-01
-9.380301E-03,-5.2456555E+00,-2.3798492E-01
-9.377024E-03,-5.2429089E+00,-2.5614288E-01
-9.373747E-03,-5.2374158E+00,-2.7079132E-01
-9.370470E-03,-5.2368054E+00,-2.8841522E-01
-9.367194E-03,-5.2325330E+00,-3.0313995E-01
-9.363917E-03,-5.2346692E+00,-3.2038239E-01
-9.360640E-03,-5.2325330E+00,-3.3426788E-01
-9.357363E-03,-5.2468762E+00,-3.5204437E-01
-9.354086E-03,-5.2432141E+00,-3.6570099E-01
-9.350810E-03,-5.2514539E+00,-3.8256195E-01
-9.347533E-03,-5.2523694E+00,-3.9682892E-01
-9.344256E-03,-5.2511487E+00,-4.1361359E-01
-9.340979E-03,-5.2542004E+00,-4.2620209E-01
-9.337702E-03,-5.2490125E+00,-4.4252899E-01
-9.334426E-03,-5.2535901E+00,-4.5481232E-01
-9.331149E-03,-5.2523694E+00,-4.7159698E-01
-9.327872E-03,-5.2465710E+00,-4.8311737E-01
-9.324595E-03,-5.2523694E+00,-4.9906281E-01
-9.321318E-03,-5.2471814E+00,-5.1027802E-01
-9.318042E-03,-5.2471814E+00,-5.2607086E-01
-9.314765E-03,-5.2456555E+00,-5.3652313E-01
-9.311488E-03,-5.2377209E+00,-5.5170563E-01
-9.308211E-03,-5.2441296E+00,-5.6154755E-01
-9.304934E-03,-5.2429089E+00,-5.7589081E-01
-9.301658E-03,-5.2352795E+00,-5.8641937E-01
-9.298381E-03,-5.2462659E+00,-5.9961823E-01
-9.295104E-03,-5.2422986E+00,-6.0900238E-01
-9.291827E-03,-5.2407727E+00,-6.2220123E-01
-9.288550E-03,-5.2419934E+00,-6.3128021E-01
-9.285274E-03,-5.2465710E+00,-6.4325836E-01
-9.281997E-03,-5.2471814E+00,-6.5195587E-01
-9.278720E-03,-5.2471814E+00,-6.6393402E-01
-9.275443E-03,-5.2471814E+00,-6.7270782E-01
-9.272166E-03,-5.2535901E+00,-6.8323639E-01
-9.268890E-03,-5.2596936E+00,-6.9124725E-01
-9.265613E-03,-5.2648816E+00,-7.0177582E-01
-9.262336E-03,-5.2685437E+00,-7.0978668E-01
-9.259059E-03,-5.2673230E+00,-7.1886566E-01
-9.255782E-03,-5.2743420E+00,-7.2496918E-01
-9.252506E-03,-5.2734265E+00,-7.3435333E-01
-9.249229E-03,-5.2734265E+00,-7.3992279E-01
-9.245952E-03,-5.2670178E+00,-7.4816254E-01
-9.242675E-03,-5.2624402E+00,-7.5380829E-01
-9.239398E-03,-5.2688489E+00,-7.6113251E-01
-9.236122E-03,-5.2630505E+00,-7.6624420E-01
-9.232845E-03,-5.2642712E+00,-7.7288177E-01
-9.229568E-03,-5.2651868E+00,-7.7761200E-01
-9.226291E-03,-5.2587781E+00,-7.8279999E-01
-9.223014E-03,-5.2636609E+00,-7.8653839E-01
-9.219738E-03,-5.2587781E+00,-7.9203156E-01
-9.216461E-03,-5.2587781E+00,-7.9439667E-01
-9.213184E-03,-5.2593884E+00,-7.9943207E-01
-9.209907E-03,-5.2572522E+00,-8.0187347E-01
-9.206630E-03,-5.2599988E+00,-8.0545929E-01
-9.203354E-03,-5.2599988E+00,-8.0645111E-01
-9.200077E-03,-5.2575574E+00,-8.0942657E-01
-9.196800E-03,-5.2569470E+00,-8.1041840E-01
-9.193523E-03,-5.2612195E+00,-8.1347015E-01
-9.190246E-03,-5.2679333E+00,-8.1362274E-01
-9.186970E-03,-5.2642712E+00,-8.1499603E-01
-9.183693E-03,-5.2633557E+00,-8.1377533E-01
-9.180416E-03,-5.2535901E+00,-8.1476715E-01
-9.177139E-03,-5.2526746E+00,-8.1415680E-01
-9.173862E-03,-5.2514539E+00,-8.1339386E-01
-9.170586E-03,-5.2505383E+00,-8.1163910E-01
-9.167309E-03,-5.2526746E+00,-8.1102875E-01
-9.164032E-03,-5.2560315E+00,-8.0828217E-01
-9.160755E-03,-5.2538953E+00,-8.0637482E-01
-9.157478E-03,-5.2566418E+00,-8.0332306E-01
-9.154202E-03,-5.2581677E+00,-8.0118683E-01
-9.150925E-03,-5.2633557E+00,-7.9782990E-01
-9.147648E-03,-5.2667126E+00,-7.9432037E-01
-9.144371E-03,-5.2661023E+00,-7.9065826E-01
-9.141094E-03,-5.2633557E+00,-7.8623322E-01
-9.137818E-03,-5.2648816E+00,-7.8104523E-01
-9.134541E-03,-5.2639661E+00,-7.7631500E-01
-9.131264E-03,-5.2511487E+00,-7.7036407E-01
-9.127987E-03,-5.2560315E+00,-7.6586273E-01
-9.124710E-03,-5.2502332E+00,-7.5853851E-01
-9.121434E-03,-5.2419934E+00,-7.5281647E-01
-9.118157E-03,-5.2389417E+00,-7.4511078E-01
-9.114880E-03,-5.2337537E+00,-7.3885468E-01
-9.111603E-03,-5.2279553E+00,-7.3069122E-01
-9.108326E-03,-5.2337537E+00,-7.2359589E-01
-9.105050E-03,-5.2282605E+00,-7.1573761E-01
-9.101773E-03,-5.2401624E+00,-7.0696381E-01
-9.098496E-03,-5.2413831E+00,-6.9811371E-01
-9.095219E-03,-5.2401624E+00,-6.9025543E-01
-9.091942E-03,-5.2493176E+00,-6.7957428E-01
-9.088666E-03,-5.2456555E+00,-6.7057159E-01
-9.085389E-03,-5.2468762E+00,-6.6034821E-01
-9.082112E-03,-5.2413831E+00,-6.5050629E-01
-9.078835E-03,-5.2349744E+00,-6.3997772E-01
-9.075558E-03,-5.2322278E+00,-6.2952545E-01
-9.072282E-03,-5.2377209E+00,-6.1731842E-01
-9.069005E-03,-5.2355847E+00,-6.0656097E-01
-9.065728E-03,-5.2419934E+00,-5.9504059E-01
-9.062451E-03,-5.2432141E+00,-5.8344391E-01
-9.059174E-03,-5.2480969E+00,-5.7108429E-01
-9.055898E-03,-5.2496228E+00,-5.5956390E-01
-9.052621E-03,-5.2490125E+00,-5.4598358E-01
-9.049344E-03,-5.2548108E+00,-5.3408173E-01
-9.046067E-03,-5.2514539E+00,-5.2095917E-01
-9.042790E-03,-5.2535901E+00,-5.0707367E-01
-9.039514E-03,-5.2566418E+00,-4.9372223E-01
-9.036237E-03,-5.2606091E+00,-4.7998932E-01
-9.032960E-03,-5.2651868E+00,-4.6579865E-01
-9.029683E-03,-5.2624402E+00,-4.5198944E-01
-9.026406E-03,-5.2682385E+00,-4.3711212E-01
-9.023130E-03,-5.2685437E+00,-4.2231110E-01
-9.019853E-03,-5.2661023E+00,-4.0819672E-01
-9.016576E-03,-5.2676282E+00,-3.9331940E-01
-9.013299E-03,-5.2749524E+00,-3.7775543E-01
-9.010022E-03,-5.2725110E+00,-3.6150482E-01
-9.006746E-03,-5.2743420E+00,-3.4731415E-01
-9.003469E-03,-5.2725110E+00,-3.3182648E-01
-9.000192E-03,-5.2737317E+00,-3.1595734E-01
-8.996915E-03,-5.2734265E+00,-2.9902008E-01
-8.993638E-03,-5.2740369E+00,-2.8284576E-01
-8.990362E-03,-5.2697644E+00,-2.6606110E-01
-8.987085E-03,-5.2694592E+00,-2.5049713E-01
-8.983808E-03,-5.2630505E+00,-2.3439911E-01
-8.980531E-03,-5.2621350E+00,-2.1791962E-01
-8.977254E-03,-5.2584729E+00,-2.0029572E-01
-8.973978E-03,-5.2493176E+00,-1.8526581E-01
-8.970701E-03,-5.2474866E+00,-1.6680267E-01
-8.967424E-03,-5.2404675E+00,-1.5108612E-01
-8.964147E-03,-5.2401624E+00,-1.3346222E-01
-8.960870E-03,-5.2383313E+00,-1.1736420E-01
-8.957594E-03,-5.2358899E+00,-9.9816589E-02
-8.954317E-03,-5.2450452E+00,-8.3794861E-02
-8.951040E-03,-5.2474866E+00,-6.5942078E-02
-8.947763E-03,-5.2535901E+00,-4.8623352E-02
-8.944486E-03,-5.2508435E+00,-3.0083923E-02
-8.941210E-03,-5.2569470E+00,-1.4291077E-02
-8.937933E-03,-5.2596936E+00,4.4772339E-03
-8.934656E-03,-5.2596936E+00,2.1414490E-02
-8.931379E-03,-5.2630505E+00,3.9419861E-02
-8.928102E-03,-5.2590833E+00,5.5365295E-02
-8.924826E-03,-5.2535901E+00,7.4057312E-02
-8.921549E-03,-5.2490125E+00,9.0918274E-02
-8.918272E-03,-5.2459607E+00,1.0930511E-01
-8.914995E-03,-5.2371106E+00,1.2540314E-01
-8.911718E-03,-5.2349744E+00,1.4470551E-01
-8.908442E-03,-5.2352795E+00,1.6118500E-01
-8.905165E-03,-5.2288708E+00,1.7919037E-01
-8.901888E-03,-5.2355847E+00,1.9414398E-01
-8.898611E-03,-5.2358899E+00,2.1344635E-01
-8.895334E-03,-5.2401624E+00,2.2862885E-01
-8.892058E-03,-5.2416882E+00,2.4716827E-01
-8.888781E-03,-5.2413831E+00,2.6288483E-01
-8.885504E-03,-5.2410779E+00,2.8066132E-01
-8.882227E-03,-5.2422986E+00,2.9553864E-01
-8.878950E-03,-5.2484021E+00,3.1392548E-01
-8.875674E-03,-5.2450452E+00,3.2811615E-01
-8.872397E-03,-5.2447400E+00,3.4619781E-01
-8.869120E-03,-5.2441296E+00,3.6145660E-01
-8.865843E-03,-5.2484021E+00,3.7915680E-01
-8.862566E-03,-5.2450452E+00,3.9395782E-01
-8.859290E-03,-5.2444348E+00,4.1081879E-01
-8.856013E-03,-5.2480969E+00,4.2539093E-01
-8.852736E-03,-5.2371106E+00,4.4141266E-01
-8.849459E-03,-5.2407727E+00,4.5522186E-01
-8.846182E-03,-5.2456555E+00,4.7292206E-01
-8.842906E-03,-5.2450452E+00,4.8581573E-01
-8.839629E-03,-5.2477917E+00,5.0122711E-01
-8.836352E-03,-5.2413831E+00,5.1412079E-01
-8.833075E-03,-5.2484021E+00,5.3029510E-01
-8.829798E-03,-5.2496228E+00,5.4196808E-01
-8.826522E-03,-5.2490125E+00,5.5791351E-01
-8.823245E-03,-5.2538953E+00,5.6905243E-01
-8.819968E-03,-5.2551160E+00,5.8400604E-01
-8.816691E-03,-5.2572522E+00,5.9461090E-01
-8.813414E-03,-5.2535901E+00,6.0971710E-01
-8.810138E-03,-5.2499280E+00,6.1955902E-01
-8.806861E-03,-5.2526746E+00,6.3382599E-01
-8.803584E-03,-5.2542004E+00,6.4366791E-01
-8.800307E-03,-5.2511487E+00,6.5801117E-01
-8.797030E-03,-5.2581677E+00,6.6716644E-01
-8.793754E-03,-5.2590833E+00,6.8112823E-01
-8.790477E-03,-5.2575574E+00,6.9035980E-01
-8.787200E-03,-5.2633557E+00,7.0302460E-01
-8.783923E-03,-5.2612195E+00,7.1080658E-01
-8.780646E-03,-5.2590833E+00,7.2331879E-01
-8.777370E-03,-5.2603040E+00,7.3201630E-01
-8.774093E-03,-5.2563367E+00,7.4315521E-01
-8.770816E-03,-5.2551160E+00,7.5078461E-01
-8.767539E-03,-5.2490125E+00,7.6100800E-01
-8.764262E-03,-5.2462659E+00,7.6901886E-01
-8.760986E-03,-5.2407727E+00,7.7863190E-01
-8.757709E-03,-5.2419934E+00,7.8565094E-01
-8.754432E-03,-5.2450452E+00,7.9350922E-01
-8.751155E-03,-5.2395520E+00,8.0007050E-01
-8.747878E-03,-5.2493176E+00,8.0838654E-01
-8.744602E-03,-5.2447400E+00,8.1410858E-01
-8.741325E-03,-5.2444348E+00,8.2082245E-01
-8.738048E-03,-5.2453503E+00,8.2547638E-01
-8.734771E-03,-5.2465710E+00,8.3264801E-01
-8.731494E-03,-5.2471814E+00,8.3699677E-01
-8.728218E-03,-5.2538953E+00,8.4348175E-01
-8.724941E-03,-5.2548108E+00,8.4805939E-01
-8.721664E-03,-5.2566418E+00,8.5248444E-01
-8.718387E-03,-5.2529797E+00,8.5568878E-01
-8.715110E-03,-5.2554211E+00,8.5973236E-01
-8.711834E-03,-5.2581677E+00,8.6171600E-01
-8.708557E-03,-5.2630505E+00,8.6652252E-01
-8.705280E-03,-5.2593884E+00,8.6781952E-01
-8.702003E-03,-5.2606091E+00,8.7110016E-01
-8.698726E-03,-5.2648816E+00,8.7178680E-01
-8.695450E-03,-5.2694592E+00,8.7430450E-01
-8.692173E-03,-5.2691541E+00,8.7392303E-01
-8.688896E-03,-5.2755627E+00,8.7583038E-01
-8.685619E-03,-5.2725110E+00,8.7567780E-01
-8.682342E-03,-5.2755627E+00,8.7674591E-01
-8.679066E-03,-5.2746472E+00,8.7590668E-01
-8.675789E-03,-5.2700696E+00,8.7590668E-01
-8.672512E-03,-5.2731213E+00,8.7384674E-01
-8.669235E-03,-5.2700696E+00,8.7331268E-01
-8.665958E-03,-5.2722058E+00,8.7087128E-01
-8.662682E-03,-5.2737317E+00,8.6904022E-01
-8.659405E-03,-5.2783093E+00,8.6629364E-01
-8.656128E-03,-5.2786145E+00,8.6469147E-01
-8.652851E-03,-5.2810559E+00,8.6141083E-01
-8.649574E-03,-5.2853284E+00,8.5912201E-01
-8.646298E-03,-5.2798352E+00,8.5362885E-01
-8.643021E-03,-5.2755627E+00,8.5095856E-01
-8.639744E-03,-5.2706799E+00,8.4615204E-01
-8.636467E-03,-5.2685437E+00,8.4203217E-01
-8.633190E-03,-5.2578625E+00,8.3592865E-01
-8.629914E-03,-5.2596936E+00,8.3226654E-01
-8.626637E-03,-5.2532849E+00,8.2517120E-01
-8.623360E-03,-5.2462659E+00,8.1929657E-01
-8.620083E-03,-5.2453503E+00,8.1136200E-01
-8.616806E-03,-5.2447400E+00,8.0556366E-01
-8.613530E-03,-5.2487073E+00,7.9793427E-01
-8.610253E-03,-5.2404675E+00,7.9099152E-01
-8.606976E-03,-5.2419934E+00,7.8259918E-01
-8.603699E-03,-5.2407727E+00,7.7512238E-01
-8.600422E-03,-5.2365002E+00,7.6627228E-01
-8.597146E-03,-5.2365002E+00,7.5818512E-01
-8.593869E-03,-5.2361951E+00,7.4910614E-01
-8.590592E-03,-5.2404675E+00,7.3918793E-01
-8.587315E-03,-5.2365002E+00,7.2988007E-01
-8.584038E-03,-5.2429089E+00,7.1988556E-01
-8.580762E-03,-5.2438245E+00,7.0989105E-01
-8.577485E-03,-5.2517590E+00,6.9966766E-01
-8.574208E-03,-5.2551160E+00,6.8845245E-01
-8.570931E-03,-5.2581677E+00,6.7716095E-01
-8.567654E-03,-5.2654919E+00,6.6579315E-01
-8.564378E-03,-5.2593884E+00,6.5412018E-01
-8.561101E-03,-5.2654919E+00,6.4214203E-01
-8.557824E-03,-5.2691541E+00,6.3039276E-01
-8.554547E-03,-5.2664075E+00,6.1879608E-01
-8.551270E-03,-5.2645764E+00,6.0620758E-01
-8.547994E-03,-5.2563367E+00,5.9392426E-01
-8.544717E-03,-5.2560315E+00,5.8171722E-01
-8.541440E-03,-5.2551160E+00,5.6806061E-01
-8.538163E-03,-5.2542004E+00,5.5440399E-01
-8.534886E-03,-5.2551160E+00,5.4074738E-01
-8.531610E-03,-5.2520642E+00,5.2701447E-01
-8.528333E-03,-5.2581677E+00,5.1305267E-01
-8.525056E-03,-5.2557263E+00,4.9840424E-01
-8.521779E-03,-5.2621350E+00,4.8390839E-01
-8.518502E-03,-5.2627454E+00,4.6857330E-01
-8.515226E-03,-5.2657971E+00,4.5331451E-01
-8.511949E-03,-5.2642712E+00,4.3729279E-01
-8.508672E-03,-5.2722058E+00,4.2287323E-01
-8.505395E-03,-5.2691541E+00,4.0654633E-01
-8.502118E-03,-5.2670178E+00,3.9174530E-01
-8.498842E-03,-5.2642712E+00,3.7541840E-01
-8.495565E-03,-5.2535901E+00,3.6000702E-01
-8.492288E-03,-5.2514539E+00,3.4253571E-01
-8.489011E-03,-5.2398572E+00,3.2674286E-01
-8.485734E-03,-5.2365002E+00,3.1041595E-01
-8.482458E-03,-5.2349744E+00,2.9431793E-01
-8.479181E-03,-5.2294812E+00,2.7768585E-01
-8.475904E-03,-5.2325330E+00,2.6135895E-01
-8.472627E-03,-5.2334485E+00,2.4411652E-01
-8.469350E-03,-5.2386365E+00,2.2748444E-01
-8.466074E-03,-5.2392468E+00,2.0902130E-01
-8.462797E-03,-5.2395520E+00,1.9299957E-01
-8.459520E-03,-5.2380261E+00,1.7446014E-01
-8.456243E-03,-5.2349744E+00,1.5836212E-01
-8.452966E-03,-5.2429089E+00,1.4081451E-01
-8.449690E-03,-5.2389417E+00,1.2425873E-01
-8.446413E-03,-5.2551160E+00,1.0686371E-01
-8.443136E-03,-5.2599988E+00,8.9544983E-02
-8.439859E-03,-5.2645764E+00,7.1387024E-02
-8.436582E-03,-5.2664075E+00,5.4907532E-02
-8.433306E-03,-5.2566418E+00,3.5299988E-02
-8.430029E-03,-5.2590833E+00,1.9888611E-02
-8.426752E-03,-5.2569470E+00,8.9141846E-04
-8.423475E-03,-5.2584729E+00,-1.5054016E-02
-8.420198E-03,-5.2609143E+00,-3.4356384E-02
-8.416922E-03,-5.2596936E+00,-5.0378113E-02
-8.413645E-03,-5.2636609E+00,-6.8536072E-02
-8.410368E-03,-5.2599988E+00,-8.4786682E-02
-8.407091E-03,-5.2584729E+00,-1.0248688E-01
-8.403814E-03,-5.2621350E+00,-1.1873749E-01
-8.400538E-03,-5.2654919E+00,-1.3636139E-01
-8.397261E-03,-5.2612195E+00,-1.5184906E-01
-8.393984E-03,-5.2645764E+00,-1.7107513E-01
-8.390707E-03,-5.2709851E+00,-1.8625763E-01
-8.387430E-03,-5.2731213E+00,-2.0472076E-01
-8.384154E-03,-5.2746472E+00,-2.1959808E-01
-8.380877E-03,-5.2719006E+00,-2.3767975E-01
-8.377600E-03,-5.2712903E+00,-2.5187042E-01
-8.374323E-03,-5.2688489E+00,-2.6979950E-01
-8.371046E-03,-5.2776990E+00,-2.8421906E-01
-8.367770E-03,-5.2764783E+00,-3.0291107E-01
-8.364493E-03,-5.2770886E+00,-3.1717804E-01
-8.361216E-03,-5.2780042E+00,-3.3464935E-01
-8.357939E-03,-5.2764783E+00,-3.4861115E-01
-8.354662E-03,-5.2789197E+00,-3.6539581E-01
-8.351386E-03,-5.2700696E+00,-3.7874725E-01
-8.348109E-03,-5.2715955E+00,-3.9675262E-01
-8.344832E-03,-5.2657971E+00,-4.0972260E-01
-8.341555E-03,-5.2651868E+00,-4.2635468E-01
-8.338278E-03,-5.2664075E+00,-4.3863800E-01
-8.335002E-03,-5.2706799E+00,-4.5519379E-01
-8.331725E-03,-5.2740369E+00,-4.6633270E-01
-8.328448E-03,-5.2691541E+00,-4.8326996E-01
-8.325171E-03,-5.2697644E+00,-4.9578217E-01
-8.321894E-03,-5.2667126E+00,-5.1035431E-01
-8.318618E-03,-5.2609143E+00,-5.2187469E-01
-8.315341E-03,-5.2651868E+00,-5.3637054E-01
-8.312064E-03,-5.2554211E+00,-5.4712799E-01
-8.308787E-03,-5.2624402E+00,-5.6170013E-01
-8.305510E-03,-5.2673230E+00,-5.7192352E-01
-8.302234E-03,-5.2688489E+00,-5.8580902E-01
-8.298957E-03,-5.2697644E+00,-5.9565094E-01
-8.295680E-03,-5.2712903E+00,-6.0976532E-01
-8.292403E-03,-5.2664075E+00,-6.1907318E-01
-8.289126E-03,-5.2648816E+00,-6.3204315E-01
-8.285850E-03,-5.2697644E+00,-6.4112213E-01
-8.282573E-03,-5.2642712E+00,-6.5195587E-01
-8.279296E-03,-5.2648816E+00,-6.6126373E-01
-8.276019E-03,-5.2587781E+00,-6.7308929E-01
-8.272742E-03,-5.2596936E+00,-6.8117645E-01
-8.269466E-03,-5.2557263E+00,-6.9162872E-01
-8.266189E-03,-5.2572522E+00,-6.9986847E-01
-8.262912E-03,-5.2511487E+00,-7.0932892E-01
-8.259635E-03,-5.2609143E+00,-7.1672943E-01
-8.256358E-03,-5.2542004E+00,-7.2611359E-01
-8.253082E-03,-5.2560315E+00,-7.3198822E-01
-8.249805E-03,-5.2584729E+00,-7.4030426E-01
-8.246528E-03,-5.2624402E+00,-7.4701813E-01
-8.243251E-03,-5.2627454E+00,-7.5502899E-01
-8.239974E-03,-5.2651868E+00,-7.5968292E-01
-8.236698E-03,-5.2578625E+00,-7.6746490E-01
-8.233421E-03,-5.2630505E+00,-7.7181366E-01
-8.230144E-03,-5.2578625E+00,-7.7753571E-01
-8.226867E-03,-5.2648816E+00,-7.8135040E-01
-8.223590E-03,-5.2636609E+00,-7.8730133E-01
-8.220314E-03,-5.2599988E+00,-7.9027679E-01
-8.217037E-03,-5.2642712E+00,-7.9592255E-01
-8.213760E-03,-5.2578625E+00,-7.9889801E-01
-8.210483E-03,-5.2563367E+00,-8.0240753E-01
-8.207206E-03,-5.2548108E+00,-8.0355194E-01
-8.203930E-03,-5.2548108E+00,-8.0729034E-01
-8.200653E-03,-5.2523694E+00,-8.0866364E-01
-8.197376E-03,-5.2551160E+00,-8.1049469E-01
-8.194099E-03,-5.2511487E+00,-8.1209686E-01
-8.190822E-03,-5.2426038E+00,-8.1415680E-01
-8.187546E-03,-5.2517590E+00,-8.1316498E-01
-8.184269E-03,-5.2447400E+00,-8.1446198E-01
-8.180992E-03,-5.2499280E+00,-8.1354645E-01
-8.177715E-03,-5.2508435E+00,-8.1385162E-01
-8.174438E-03,-5.2523694E+00,-8.1293610E-01
-8.171162E-03,-5.2496228E+00,-8.1217316E-01
-8.167885E-03,-5.2560315E+00,-8.1018951E-01
-8.164608E-03,-5.2517590E+00,-8.0996063E-01
-8.161331E-03,-5.2496228E+00,-8.0637482E-01
-8.158054E-03,-5.2535901E+00,-8.0423859E-01
-8.154778E-03,-5.2490125E+00,-8.0111053E-01
-8.151501E-03,-5.2529797E+00,-7.9813507E-01
-8.148224E-03,-5.2459607E+00,-7.9439667E-01
-8.144947E-03,-5.2505383E+00,-7.9065826E-01
-8.141670E-03,-5.2490125E+00,-7.8646210E-01
-8.138394E-03,-5.2545056E+00,-7.8264740E-01
-8.135117E-03,-5.2554211E+00,-7.7730682E-01
-8.131840E-03,-5.2526746E+00,-7.7234772E-01
-8.128563E-03,-5.2566418E+00,-7.6647308E-01
-8.125286E-03,-5.2578625E+00,-7.6052216E-01
-8.122010E-03,-5.2584729E+00,-7.5464752E-01
-8.118733E-03,-5.2560315E+00,-7.4839142E-01
-8.115456E-03,-5.2511487E+00,-7.3992279E-01
-8.112179E-03,-5.2575574E+00,-7.3336151E-01
-8.108902E-03,-5.2514539E+00,-7.2588470E-01
-8.105626E-03,-5.2606091E+00,-7.1856049E-01
-8.102349E-03,-5.2630505E+00,-7.0887115E-01
-8.099072E-03,-5.2661023E+00,-7.0093658E-01
-8.095795E-03,-5.2642712E+00,-6.9162872E-01
-8.092518E-03,-5.2700696E+00,-6.8186310E-01
-8.089242E-03,-5.2703748E+00,-6.7263153E-01
-8.085965E-03,-5.2737317E+00,-6.6355255E-01
-8.082688E-03,-5.2792249E+00,-6.5264252E-01
-8.079411E-03,-5.2786145E+00,-6.4272430E-01
-8.076134E-03,-5.2874646E+00,-6.3242462E-01
-8.072858E-03,-5.2841077E+00,-6.2166718E-01
-8.069581E-03,-5.2831921E+00,-6.0877350E-01
-8.066304E-03,-5.2813611E+00,-5.9748199E-01
-8.063027E-03,-5.2795300E+00,-5.8664825E-01
-8.059750E-03,-5.2767834E+00,-5.7444122E-01
-8.056474E-03,-5.2825818E+00,-5.6231049E-01
-8.053197E-03,-5.2816663E+00,-5.4964569E-01
-8.049920E-03,-5.2825818E+00,-5.3675201E-01
-8.046643E-03,-5.2935681E+00,-5.2385834E-01
-8.043366E-03,-5.2874646E+00,-5.1035431E-01
-8.040090E-03,-5.2871594E+00,-4.9707916E-01
-8.036813E-03,-5.2905164E+00,-4.8441437E-01
-8.033536E-03,-5.2856335E+00,-4.6915558E-01
-8.030259E-03,-5.2941785E+00,-4.5519379E-01
-8.026982E-03,-5.2892957E+00,-4.4107941E-01
-8.023706E-03,-5.2917371E+00,-4.2665985E-01
-8.020429E-03,-5.2972302E+00,-4.1086700E-01
-8.017152E-03,-5.3011975E+00,-3.9705780E-01
-8.013875E-03,-5.3076062E+00,-3.8164642E-01
-8.010598E-03,-5.3008923E+00,-3.6654022E-01
-8.007322E-03,-5.2993665E+00,-3.5074738E-01
-8.004045E-03,-5.2950940E+00,-3.3571747E-01
-8.000768E-03,-5.2905164E+00,-3.1900909E-01
-7.997491E-03,-5.2853284E+00,-3.0329254E-01
-7.994214E-03,-5.2776990E+00,-2.8635529E-01
-7.990938E-03,-5.2664075E+00,-2.7025726E-01
-7.987661E-03,-5.2587781E+00,-2.5293854E-01
-7.984384E-03,-5.2596936E+00,-2.3767975E-01
-7.981107E-03,-5.2609143E+00,-2.2005585E-01
-7.977830E-03,-5.2578625E+00,-2.0411041E-01
-7.974554E-03,-5.2551160E+00,-1.8656281E-01
-7.971277E-03,-5.2542004E+00,-1.7015961E-01
-7.968000E-03,-5.2529797E+00,-1.5291718E-01
-7.964723E-03,-5.2505383E+00,-1.3735321E-01
-7.961446E-03,-5.2593884E+00,-1.1904266E-01
-7.958170E-03,-5.2603040E+00,-1.0355499E-01
-7.954893E-03,-5.2661023E+00,-8.5778503E-02
-7.951616E-03,-5.2722058E+00,-6.9222717E-02
-7.948339E-03,-5.2722058E+00,-5.0454407E-02
-7.945062E-03,-5.2810559E+00,-3.4051208E-02
-7.941786E-03,-5.2773938E+00,-1.5359192E-02
-7.938509E-03,-5.2783093E+00,5.8624268E-04
-7.935232E-03,-5.2816663E+00,1.9583435E-02
-7.931955E-03,-5.2758679E+00,3.4994812E-02
-7.928678E-03,-5.2694592E+00,5.3839417E-02
-7.925402E-03,-5.2648816E+00,6.9937439E-02
-7.922125E-03,-5.2603040E+00,8.8400574E-02
-7.918848E-03,-5.2581677E+00,1.0472748E-01
-7.915571E-03,-5.2572522E+00,1.2280914E-01
-7.912294E-03,-5.2615247E+00,1.3951752E-01
-7.909018E-03,-5.2688489E+00,1.5889618E-01
-7.905741E-03,-5.2703748E+00,1.7339203E-01
-7.902464E-03,-5.2700696E+00,1.9223663E-01
-7.899187E-03,-5.2737317E+00,2.0772430E-01
-7.895910E-03,-5.2758679E+00,2.2626373E-01
-7.892634E-03,-5.2795300E+00,2.4152252E-01
-7.889357E-03,-5.2789197E+00,2.6013824E-01
-7.886080E-03,-5.2850232E+00,2.7493927E-01
-7.882803E-03,-5.2758679E+00,2.9378387E-01
-7.879526E-03,-5.2755627E+00,3.0782196E-01
-7.876250E-03,-5.2676282E+00,3.2636139E-01
-7.872973E-03,-5.2664075E+00,3.4230682E-01
-7.869696E-03,-5.2636609E+00,3.6015961E-01
-7.866419E-03,-5.2569470E+00,3.7442657E-01
-7.863142E-03,-5.2590833E+00,3.9273712E-01
-7.859866E-03,-5.2627454E+00,4.0624115E-01
-7.856589E-03,-5.2624402E+00,4.2355988E-01
-7.853312E-03,-5.2633557E+00,4.3759796E-01
-7.850035E-03,-5.2584729E+00,4.5575592E-01
-7.846758E-03,-5.2609143E+00,4.6857330E-01
-7.843482E-03,-5.2599988E+00,4.8535797E-01
-7.840205E-03,-5.2596936E+00,4.9748871E-01
-7.836928E-03,-5.2548108E+00,5.1305267E-01
-7.833651E-03,-5.2502332E+00,5.2464935E-01
-7.830374E-03,-5.2551160E+00,5.4219696E-01
-7.827098E-03,-5.2490125E+00,5.5371735E-01
-7.823821E-03,-5.2511487E+00,5.6912872E-01
-7.820544E-03,-5.2535901E+00,5.8034393E-01
-7.817267E-03,-5.2490125E+00,5.9529755E-01
-7.813990E-03,-5.2505383E+00,6.0536835E-01
-7.810714E-03,-5.2545056E+00,6.2016937E-01
-7.807437E-03,-5.2505383E+00,6.3046906E-01
-7.804160E-03,-5.2502332E+00,6.4389679E-01
-7.800883E-03,-5.2493176E+00,6.5450165E-01
-7.797606E-03,-5.2538953E+00,6.6762421E-01
-7.794330E-03,-5.2514539E+00,6.7792389E-01
-7.791053E-03,-5.2554211E+00,6.9028351E-01
-7.787776E-03,-5.2590833E+00,7.0004913E-01
-7.784499E-03,-5.2572522E+00,7.1172211E-01
-7.781222E-03,-5.2578625E+00,7.2041962E-01
-7.777946E-03,-5.2551160E+00,7.3247406E-01
-7.774669E-03,-5.2532849E+00,7.4017975E-01
-7.771392E-03,-5.2511487E+00,7.5147125E-01
-7.768115E-03,-5.2615247E+00,7.5833771E-01
-7.764838E-03,-5.2590833E+00,7.6825592E-01
-7.761562E-03,-5.2633557E+00,7.7519867E-01
-7.758285E-03,-5.2618298E+00,7.8443024E-01
-7.755008E-03,-5.2679333E+00,7.9091522E-01
-7.751731E-03,-5.2706799E+00,7.9968903E-01
-7.748454E-03,-5.2752576E+00,8.0525848E-01
-7.745178E-03,-5.2770886E+00,8.1319305E-01
-7.741901E-03,-5.2743420E+00,8.1822845E-01
-7.738624E-03,-5.2737317E+00,8.2601044E-01
-7.735347E-03,-5.2728162E+00,8.3173248E-01
-7.732070E-03,-5.2722058E+00,8.3814117E-01
-7.728794E-03,-5.2715955E+00,8.4203217E-01
-7.725517E-03,-5.2731213E+00,8.4683868E-01
-7.722240E-03,-5.2719006E+00,8.5095856E-01
-7.718963E-03,-5.2715955E+00,8.5584137E-01
-7.715686E-03,-5.2709851E+00,8.5759613E-01
-7.712410E-03,-5.2715955E+00,8.6225006E-01
-7.709133E-03,-5.2639661E+00,8.6446259E-01
-7.705856E-03,-5.2630505E+00,8.6858246E-01
-7.702579E-03,-5.2654919E+00,8.6987946E-01
-7.699302E-03,-5.2670178E+00,8.7239716E-01
-7.696026E-03,-5.2679333E+00,8.7369415E-01
-7.692749E-03,-5.2685437E+00,8.7522003E-01
-7.689472E-03,-5.2703748E+00,8.7605927E-01
-7.686195E-03,-5.2706799E+00,8.7636444E-01
-7.682918E-03,-5.2712903E+00,8.7636444E-01
-7.679642E-03,-5.2673230E+00,8.7727997E-01
-7.676365E-03,-5.2694592E+00,8.7544891E-01
-7.673088E-03,-5.2694592E+00,8.7567780E-01
-7.669811E-03,-5.2706799E+00,8.7331268E-01
-7.666534E-03,-5.2664075E+00,8.7270233E-01
-7.663258E-03,-5.2667126E+00,8.7003204E-01
-7.659981E-03,-5.2694592E+00,8.6797211E-01
-7.656704E-03,-5.2700696E+00,8.6431000E-01
-7.653427E-03,-5.2621350E+00,8.6240265E-01
-7.650150E-03,-5.2685437E+00,8.5774872E-01
-7.646874E-03,-5.2715955E+00,8.5523102E-01
-7.643597E-03,-5.2709851E+00,8.5126373E-01
-7.640320E-03,-5.2697644E+00,8.4737274E-01
-7.637043E-03,-5.2740369E+00,8.4226105E-01
-7.633766E-03,-5.2746472E+00,8.3730194E-01
-7.630490E-03,-5.2764783E+00,8.3096954E-01
-7.627213E-03,-5.2688489E+00,8.2631561E-01
-7.623936E-03,-5.2740369E+00,8.1922028E-01
-7.620659E-03,-5.2703748E+00,8.1265900E-01
-7.617382E-03,-5.2715955E+00,8.0602142E-01
-7.614106E-03,-5.2715955E+00,7.9930756E-01
-7.610829E-03,-5.2755627E+00,7.9228851E-01
-7.607552E-03,-5.2722058E+00,7.8496429E-01
-7.604275E-03,-5.2731213E+00,7.7657196E-01
-7.600998E-03,-5.2725110E+00,7.6848480E-01
-7.597722E-03,-5.2722058E+00,7.5917694E-01
-7.594445E-03,-5.2798352E+00,7.5070831E-01
-7.591168E-03,-5.2792249E+00,7.4101898E-01
-7.587891E-03,-5.2767834E+00,7.3155853E-01
-7.584614E-03,-5.2773938E+00,7.2179291E-01
-7.581338E-03,-5.2700696E+00,7.1172211E-01
-7.578061E-03,-5.2645764E+00,7.0188019E-01
-7.574784E-03,-5.2642712E+00,6.9035980E-01
-7.571507E-03,-5.2636609E+00,6.8006012E-01
-7.568230E-03,-5.2673230E+00,6.6800568E-01
-7.564954E-03,-5.2661023E+00,6.5701935E-01
-7.561677E-03,-5.2667126E+00,6.4542267E-01
-7.558400E-03,-5.2731213E+00,6.3298676E-01
-7.555123E-03,-5.2712903E+00,6.2123749E-01
-7.551846E-03,-5.2746472E+00,6.0765717E-01
-7.548570E-03,-5.2792249E+00,5.9567902E-01
-7.545293E-03,-5.2755627E+00,5.8278534E-01
-7.542016E-03,-5.2749524E+00,5.6897614E-01
-7.538739E-03,-5.2697644E+00,5.5715057E-01
-7.535462E-03,-5.2709851E+00,5.4242584E-01
-7.532186E-03,-5.2578625E+00,5.2937958E-01
-7.528909E-03,-5.2529797E+00,5.1518890E-01
-7.525632E-03,-5.2538953E+00,5.0153229E-01
-7.522355E-03,-5.2484021E+00,4.8673126E-01
-7.519078E-03,-5.2548108E+00,4.7147247E-01
-7.515802E-03,-5.2590833E+00,4.5606110E-01
-7.512525E-03,-5.2630505E+00,4.4225189E-01
-7.509248E-03,-5.2688489E+00,4.2584869E-01
-7.505971E-03,-5.2648816E+00,4.1112396E-01
-7.502694E-03,-5.2709851E+00,3.9502594E-01
-7.499418E-03,-5.2697644E+00,3.7892792E-01
-7.496141E-03,-5.2694592E+00,3.6130402E-01
-7.492864E-03,-5.2798352E+00,3.4627411E-01
-7.489587E-03,-5.2786145E+00,3.2857391E-01
-7.486310E-03,-5.2853284E+00,3.1308624E-01
-7.483034E-03,-5.2880750E+00,2.9683563E-01
-7.479757E-03,-5.2847180E+00,2.8073761E-01
-7.476480E-03,-5.2801404E+00,2.6265594E-01
-7.473203E-03,-5.2773938E+00,2.4739716E-01
-7.469926E-03,-5.2712903E+00,2.2954437E-01
-7.466650E-03,-5.2670178E+00,2.1298859E-01
-7.463373E-03,-5.2746472E+00,1.9536469E-01
-7.460096E-03,-5.2633557E+00,1.7858002E-01
-7.456819E-03,-5.2679333E+00,1.6057465E-01
-7.453542E-03,-5.2728162E+00,1.4386627E-01
-7.450266E-03,-5.2737317E+00,1.2647125E-01
-7.446989E-03,-5.2773938E+00,1.0961029E-01
-7.443712E-03,-5.2822766E+00,9.0841980E-02
-7.440435E-03,-5.2807507E+00,7.4820251E-02
-7.437158E-03,-5.2877698E+00,5.5670471E-02
-7.433882E-03,-5.2908215E+00,4.0106506E-02
-7.430605E-03,-5.2920422E+00,2.0270081E-02
-7.427328E-03,-5.2938733E+00,5.0875854E-03
-7.424051E-03,-5.2877698E+00,-1.4214783E-02
-7.420774E-03,-5.2880750E+00,-2.9626160E-02
-7.417498E-03,-5.2899060E+00,-4.8775940E-02
-7.414221E-03,-5.2917371E+00,-6.5713196E-02
-7.410944E-03,-5.2905164E+00,-8.4481506E-02
-7.407667E-03,-5.2868542E+00,-9.9358826E-02
-7.404390E-03,-5.2926526E+00,-1.1797455E-01
-7.401114E-03,-5.2938733E+00,-1.3437775E-01
-7.397837E-03,-5.2899060E+00,-1.5230682E-01
-7.394560E-03,-5.2886853E+00,-1.6710785E-01
-7.391283E-03,-5.2920422E+00,-1.8572357E-01
-7.388006E-03,-5.2834973E+00,-2.0021942E-01
-7.384730E-03,-5.2856335E+00,-2.1898773E-01
-7.381453E-03,-5.2758679E+00,-2.3302582E-01
-7.378176E-03,-5.2734265E+00,-2.5202301E-01
-7.374899E-03,-5.2706799E+00,-2.6575592E-01
-7.371622E-03,-5.2654919E+00,-2.8429535E-01
-7.368346E-03,-5.2645764E+00,-2.9833344E-01
-7.365069E-03,-5.2593884E+00,-3.1626251E-01
-7.361792E-03,-5.2630505E+00,-3.3022430E-01
-7.358515E-03,-5.2590833E+00,-3.4777191E-01
-7.355238E-03,-5.2642712E+00,-3.6074188E-01
-7.351962E-03,-5.2694592E+00,-3.7851837E-01
-7.348685E-03,-5.2715955E+00,-3.9286163E-01
-7.345408E-03,-5.2670178E+00,-4.0957001E-01
-7.342131E-03,-5.2746472E+00,-4.2238739E-01
-7.338854E-03,-5.2743420E+00,-4.3848541E-01
-7.335578E-03,-5.2789197E+00,-4.5053986E-01
-7.332301E-03,-5.2734265E+00,-4.6656158E-01
-7.329024E-03,-5.2719006E+00,-4.7838715E-01
-7.325747E-03,-5.2673230E+00,-4.9356964E-01
-7.322470E-03,-5.2661023E+00,-5.0577667E-01
-7.319194E-03,-5.2657971E+00,-5.2134064E-01
-7.315917E-03,-5.2551160E+00,-5.3331879E-01
-7.312640E-03,-5.2563367E+00,-5.4728058E-01
-7.309363E-03,-5.2542004E+00,-5.5788544E-01
-7.306086E-03,-5.2606091E+00,-5.7276276E-01
-7.302810E-03,-5.2603040E+00,-5.8214691E-01
-7.299533E-03,-5.2633557E+00,-5.9565094E-01
-7.296256E-03,-5.2743420E+00,-6.0640839E-01
-7.292979E-03,-5.2780042E+00,-6.1914948E-01
-7.289702E-03,-5.2886853E+00,-6.2860992E-01
-7.286426E-03,-5.2950940E+00,-6.4089325E-01
-7.283149E-03,-5.3008923E+00,-6.5073517E-01
-7.279872E-03,-5.3015027E+00,-6.6256073E-01
-7.276595E-03,-5.3069958E+00,-6.7118195E-01
-7.273318E-03,-5.3033337E+00,-6.8224457E-01
-7.270042E-03,-5.3039441E+00,-6.9033173E-01
-7.266765E-03,-5.2975354E+00,-7.0032623E-01
-7.263488E-03,-5.2920422E+00,-7.0765045E-01
-7.260211E-03,-5.2856335E+00,-7.1726349E-01
-7.256934E-03,-5.2807507E+00,-7.2451141E-01
-7.253658E-03,-5.2795300E+00,-7.3252228E-01
-7.250381E-03,-5.2706799E+00,-7.3908356E-01
-7.247104E-03,-5.2767834E+00,-7.4648407E-01
-7.243827E-03,-5.2731213E+00,-7.5281647E-01
-7.240550E-03,-5.2688489E+00,-7.6014069E-01
-7.237274E-03,-5.2725110E+00,-7.6441315E-01
-7.233997E-03,-5.2758679E+00,-7.7143219E-01
-7.230720E-03,-5.2804456E+00,-7.7585724E-01
-7.227443E-03,-5.2792249E+00,-7.8241852E-01
-7.224166E-03,-5.2831921E+00,-7.8653839E-01
-7.220890E-03,-5.2816663E+00,-7.9103973E-01
-7.217613E-03,-5.2804456E+00,-7.9424408E-01
-7.214336E-03,-5.2783093E+00,-7.9866913E-01
-7.211059E-03,-5.2758679E+00,-8.0133942E-01
-7.207782E-03,-5.2813611E+00,-8.0553558E-01
-7.204506E-03,-5.2859387E+00,-8.0652740E-01
-7.201229E-03,-5.2859387E+00,-8.0965546E-01
-7.197952E-03,-5.2786145E+00,-8.1079987E-01
-7.194675E-03,-5.2764783E+00,-8.1247833E-01
-7.191398E-03,-5.2773938E+00,-8.1316498E-01
-7.188122E-03,-5.2725110E+00,-8.1423309E-01
-7.184845E-03,-5.2722058E+00,-8.1347015E-01
-7.181568E-03,-5.2651868E+00,-8.1415680E-01
-7.178291E-03,-5.2621350E+00,-8.1369904E-01
-7.175014E-03,-5.2682385E+00,-8.1316498E-01
-7.171738E-03,-5.2673230E+00,-8.1209686E-01
-7.168461E-03,-5.2773938E+00,-8.1179169E-01
-7.165184E-03,-5.2746472E+00,-8.0996063E-01
-7.161907E-03,-5.2752576E+00,-8.0843475E-01
-7.158630E-03,-5.2725110E+00,-8.0515411E-01
-7.155354E-03,-5.2737317E+00,-8.0362823E-01
-7.152077E-03,-5.2667126E+00,-7.9920319E-01
-7.148800E-03,-5.2673230E+00,-7.9607513E-01
-7.145523E-03,-5.2639661E+00,-7.9180267E-01
-7.142246E-03,-5.2648816E+00,-7.8836945E-01
-7.138970E-03,-5.2709851E+00,-7.8264740E-01
-7.135693E-03,-5.2654919E+00,-7.7898529E-01
-7.132416E-03,-5.2651868E+00,-7.7295807E-01
-7.129139E-03,-5.2645764E+00,-7.6784637E-01
-7.125862E-03,-5.2615247E+00,-7.6174286E-01
-7.122586E-03,-5.2624402E+00,-7.5586823E-01
-7.119309E-03,-5.2612195E+00,-7.4846771E-01
-7.116032E-03,-5.2630505E+00,-7.4183014E-01
-7.112755E-03,-5.2715955E+00,-7.3458221E-01
-7.109478E-03,-5.2691541E+00,-7.2763947E-01
-7.106202E-03,-5.2758679E+00,-7.1909454E-01
-7.102925E-03,-5.2719006E+00,-7.1108368E-01
-7.099648E-03,-5.2813611E+00,-7.0169952E-01
-7.096371E-03,-5.2838025E+00,-6.9292572E-01
-7.093094E-03,-5.2786145E+00,-6.8338898E-01
-7.089818E-03,-5.2841077E+00,-6.7484406E-01
-7.086541E-03,-5.2810559E+00,-6.6477325E-01
-7.083264E-03,-5.2819714E+00,-6.5516022E-01
-7.079987E-03,-5.2868542E+00,-6.4447906E-01
-7.076710E-03,-5.2853284E+00,-6.3410309E-01
-7.073434E-03,-5.2856335E+00,-6.2296417E-01
-7.070157E-03,-5.2813611E+00,-6.1205414E-01
-7.066880E-03,-5.2856335E+00,-6.0137299E-01
-7.063603E-03,-5.2889905E+00,-5.8924225E-01
-7.060326E-03,-5.2841077E+00,-5.7695892E-01
-7.057050E-03,-5.2880750E+00,-5.6482819E-01
-7.053773E-03,-5.2816663E+00,-5.5201080E-01
-7.050496E-03,-5.2822766E+00,-5.3934601E-01
-7.047219E-03,-5.2810559E+00,-5.2652863E-01
-7.043942E-03,-5.2810559E+00,-5.1332977E-01
-7.040666E-03,-5.2807507E+00,-5.0051239E-01
-7.037389E-03,-5.2825818E+00,-4.8555878E-01
-7.034112E-03,-5.2798352E+00,-4.7243622E-01
-7.030835E-03,-5.2810559E+00,-4.5794037E-01
-7.027558E-03,-5.2838025E+00,-4.4367340E-01
-7.024282E-03,-5.2804456E+00,-4.2871979E-01
-7.021005E-03,-5.2807507E+00,-4.1460541E-01
-7.017728E-03,-5.2841077E+00,-3.9927032E-01
-7.014451E-03,-5.2801404E+00,-3.8439301E-01
-7.011174E-03,-5.2780042E+00,-3.6844757E-01
-7.007898E-03,-5.2728162E+00,-3.5387543E-01
-7.004621E-03,-5.2722058E+00,-3.3762482E-01
-7.001344E-03,-5.2642712E+00,-3.2259491E-01
-6.998067E-03,-5.2612195E+00,-3.0558136E-01
-6.994790E-03,-5.2563367E+00,-2.8971222E-01
-6.991514E-03,-5.2575574E+00,-2.7315643E-01
-6.988237E-03,-5.2545056E+00,-2.5721100E-01
-6.984960E-03,-5.2664075E+00,-2.4088409E-01
-6.981683E-03,-5.2636609E+00,-2.2524384E-01
-6.978406E-03,-5.2706799E+00,-2.0739105E-01
-6.975130E-03,-5.2651868E+00,-1.9220856E-01
-6.971853E-03,-5.2587781E+00,-1.7412689E-01
-6.968576E-03,-5.2636609E+00,-1.5734222E-01
-6.965299E-03,-5.2618298E+00,-1.3918427E-01
-6.962022E-03,-5.2615247E+00,-1.2384918E-01
-6.958746E-03,-5.2661023E+00,-1.0592010E-01
-6.955469E-03,-5.2694592E+00,-9.0813904E-02
-6.952192E-03,-5.2706799E+00,-7.1969299E-02
-6.948915E-03,-5.2746472E+00,-5.5337219E-02
-6.945638E-03,-5.2749524E+00,-3.6187439E-02
-6.942362E-03,-5.2780042E+00,-2.0776062E-02
-6.939085E-03,-5.2764783E+00,-1.2448120E-03
-6.935808E-03,-5.2783093E+00,1.4395447E-02
-6.932531E-03,-5.2792249E+00,3.3163757E-02
-6.929254E-03,-5.2813611E+00,4.9261780E-02
-6.925978E-03,-5.2804456E+00,6.7648621E-02
-6.922701E-03,-5.2883801E+00,8.3594055E-02
-6.919424E-03,-5.2880750E+00,1.0350677E-01
-6.916147E-03,-5.2874646E+00,1.1907074E-01
-6.912870E-03,-5.2917371E+00,1.3722870E-01
-6.909594E-03,-5.2953992E+00,1.5378448E-01
-6.906317E-03,-5.2941785E+00,1.7148468E-01
-6.903040E-03,-5.3005872E+00,1.8727753E-01
-6.899763E-03,-5.2935681E+00,2.0635101E-01
-6.896486E-03,-5.2929578E+00,2.2138092E-01
-6.893210E-03,-5.2929578E+00,2.4014923E-01
-6.889933E-03,-5.2865491E+00,2.5517914E-01
-6.886656E-03,-5.2862439E+00,2.7364227E-01
-6.883379E-03,-5.2816663E+00,2.8813812E-01
-6.880102E-03,-5.2767834E+00,3.0683014E-01
-6.876826E-03,-5.2786145E+00,3.2163116E-01
-6.873549E-03,-5.2719006E+00,3.4017059E-01
-6.870272E-03,-5.2761731E+00,3.5390350E-01
-6.866995E-03,-5.2728162E+00,3.7229034E-01
-6.863718E-03,-5.2731213E+00,3.8724396E-01
-6.860442E-03,-5.2749524E+00,4.0410492E-01
-6.857165E-03,-5.2792249E+00,4.1814301E-01
-6.853888E-03,-5.2789197E+00,4.3515656E-01
-6.850611E-03,-5.2783093E+00,4.4911835E-01
-6.847334E-03,-5.2801404E+00,4.6597931E-01
-6.844058E-03,-5.2813611E+00,4.7894928E-01
-6.840781E-03,-5.2801404E+00,4.9542877E-01
-6.837504E-03,-5.2850232E+00,5.0733063E-01
-6.834227E-03,-5.2770886E+00,5.2327606E-01
-6.830950E-03,-5.2831921E+00,5.3639862E-01
-6.827674E-03,-5.2798352E+00,5.5135223E-01
-6.824397E-03,-5.2868542E+00,5.6333038E-01
-6.821120E-03,-5.2880750E+00,5.7774994E-01
-6.817843E-03,-5.2825818E+00,5.8965179E-01
-6.814566E-03,-5.2874646E+00,6.0368988E-01
-6.811290E-03,-5.2847180E+00,6.1559174E-01
-6.808013E-03,-5.2902112E+00,6.2863800E-01
-6.804736E-03,-5.2929578E+00,6.3886139E-01
-6.801459E-03,-5.2926526E+00,6.5198395E-01
-6.798182E-03,-5.2993665E+00,6.6159698E-01
-6.794906E-03,-5.2978406E+00,6.7418549E-01
-6.791629E-03,-5.2953992E+00,6.8440887E-01
-6.788352E-03,-5.2993665E+00,6.9730255E-01
-6.785075E-03,-5.2953992E+00,7.0729706E-01
-6.781798E-03,-5.3021130E+00,7.1828339E-01
-6.778522E-03,-5.3018079E+00,7.2675201E-01
-6.775245E-03,-5.3051648E+00,7.3789093E-01
-6.771968E-03,-5.3051648E+00,7.4536774E-01
-6.768691E-03,-5.3042493E+00,7.5582001E-01
-6.765414E-03,-5.2993665E+00,7.6276276E-01
-6.762138E-03,-5.2950940E+00,7.7313873E-01
-6.758861E-03,-5.2929578E+00,7.8084442E-01
-6.755584E-03,-5.2868542E+00,7.8969452E-01
-6.752307E-03,-5.2801404E+00,7.9656097E-01
-6.749030E-03,-5.2841077E+00,8.0533478E-01
-6.745754E-03,-5.2786145E+00,8.1151459E-01
-6.742477E-03,-5.2761731E+00,8.1838104E-01
-6.739200E-03,-5.2825818E+00,8.2349274E-01
-6.735923E-03,-5.2773938E+00,8.3028290E-01
-6.732646E-03,-5.2822766E+00,8.3478424E-01
-6.729370E-03,-5.2798352E+00,8.4096405E-01
-6.726093E-03,-5.2801404E+00,8.4523651E-01
-6.722816E-03,-5.2838025E+00,8.5057709E-01
-6.719539E-03,-5.2828870E+00,8.5378143E-01
-6.716262E-03,-5.2847180E+00,8.5843536E-01
-6.712986E-03,-5.2838025E+00,8.6133453E-01
-6.709709E-03,-5.2783093E+00,8.6499664E-01
-6.706432E-03,-5.2786145E+00,8.6568329E-01
-6.703155E-03,-5.2737317E+00,8.7087128E-01
-6.699878E-03,-5.2758679E+00,8.7117645E-01
-6.696602E-03,-5.2819714E+00,8.7430450E-01
-6.693325E-03,-5.2734265E+00,8.7506744E-01
-6.690048E-03,-5.2755627E+00,8.7598297E-01
-6.686771E-03,-5.2697644E+00,8.7613556E-01
-6.683494E-03,-5.2676282E+00,8.7705109E-01
-6.680218E-03,-5.2664075E+00,8.7575409E-01
-6.676941E-03,-5.2615247E+00,8.7605927E-01
-6.673664E-03,-5.2624402E+00,8.7415192E-01
-6.670387E-03,-5.2657971E+00,8.7445709E-01
-6.667110E-03,-5.2575574E+00,8.7254974E-01
-6.663834E-03,-5.2584729E+00,8.7102386E-01
-6.660557E-03,-5.2596936E+00,8.6842987E-01
-6.657280E-03,-5.2587781E+00,8.6629364E-01
-6.654003E-03,-5.2566418E+00,8.6347076E-01
-6.650726E-03,-5.2477917E+00,8.6034271E-01
-6.647450E-03,-5.2514539E+00,8.5668060E-01
-6.644173E-03,-5.2471814E+00,8.5347626E-01
-6.640896E-03,-5.2426038E+00,8.4805939E-01
-6.637619E-03,-5.2389417E+00,8.4454987E-01
-6.634342E-03,-5.2395520E+00,8.3867523E-01
-6.631066E-03,-5.2471814E+00,8.3348724E-01
-6.627789E-03,-5.2499280E+00,8.2684967E-01
-6.624512E-03,-5.2548108E+00,8.2166168E-01
-6.621235E-03,-5.2520642E+00,8.1479523E-01
-6.617958E-03,-5.2545056E+00,8.0846283E-01
-6.614682E-03,-5.2578625E+00,8.0052826E-01
-6.611405E-03,-5.2511487E+00,7.9328033E-01
-6.608128E-03,-5.2517590E+00,7.8595612E-01
-6.604851E-03,-5.2532849E+00,7.7733490E-01
-6.601574E-03,-5.2538953E+00,7.6947662E-01
-6.598298E-03,-5.2532849E+00,7.6177094E-01
-6.595021E-03,-5.2517590E+00,7.5284454E-01
-6.591744E-03,-5.2557263E+00,7.4376556E-01
-6.588467E-03,-5.2465710E+00,7.3422882E-01
-6.585190E-03,-5.2499280E+00,7.2415802E-01
-6.581914E-03,-5.2447400E+00,7.1355316E-01
-6.578637E-03,-5.2401624E+00,7.0325348E-01
-6.575360E-03,-5.2410779E+00,6.9203827E-01
-6.572083E-03,-5.2328381E+00,6.8135712E-01
-6.568806E-03,-5.2380261E+00,6.6983673E-01
-6.565530E-03,-5.2352795E+00,6.5801117E-01
-6.562253E-03,-5.2401624E+00,6.4755890E-01
-6.558976E-03,-5.2398572E+00,6.3519928E-01
-6.555699E-03,-5.2337537E+00,6.2406036E-01
-6.552422E-03,-5.2346692E+00,6.1185333E-01
-6.549146E-03,-5.2380261E+00,5.9972260E-01
-6.545869E-03,-5.2358899E+00,5.8598969E-01
-6.542592E-03,-5.2368054E+00,5.7355377E-01
-6.539315E-03,-5.2346692E+00,5.5966827E-01
-6.536038E-03,-5.2322278E+00,5.4662201E-01
-6.532762E-03,-5.2337537E+00,5.3235504E-01
-6.529485E-03,-5.2325330E+00,5.1824066E-01
-6.526208E-03,-5.2395520E+00,5.0359222E-01
-6.522931E-03,-5.2398572E+00,4.8848602E-01
-6.519654E-03,-5.2365002E+00,4.7505829E-01
-6.516378E-03,-5.2395520E+00,4.5979950E-01
-6.513101E-03,-5.2450452E+00,4.4393036E-01
-6.509824E-03,-5.2484021E+00,4.2897675E-01
-6.506547E-03,-5.2599988E+00,4.1295502E-01
-6.503270E-03,-5.2548108E+00,3.9815399E-01
-6.499994E-03,-5.2691541E+00,3.8075897E-01
-6.496717E-03,-5.2679333E+00,3.6511871E-01
-6.493440E-03,-5.2734265E+00,3.4772369E-01
-6.490163E-03,-5.2715955E+00,3.3208344E-01
-6.486886E-03,-5.2719006E+00,3.1491730E-01
-6.483610E-03,-5.2770886E+00,2.9866669E-01
-6.480333E-03,-5.2770886E+00,2.8150055E-01
-6.477056E-03,-5.2825818E+00,2.6654694E-01
-6.473779E-03,-5.2813611E+00,2.4800751E-01
-6.470502E-03,-5.2761731E+00,2.3251984E-01
-6.467226E-03,-5.2780042E+00,2.1451447E-01
-6.463949E-03,-5.2706799E+00,1.9895050E-01
-6.460672E-03,-5.2703748E+00,1.7995331E-01
-6.457395E-03,-5.2633557E+00,1.6393158E-01
-6.454118E-03,-5.2712903E+00,1.4577362E-01
-6.450842E-03,-5.2609143E+00,1.2998077E-01
-6.447565E-03,-5.2633557E+00,1.1105988E-01
-6.444288E-03,-5.2587781E+00,9.4504089E-02
-6.441011E-03,-5.2554211E+00,7.6269836E-02
-6.437734E-03,-5.2603040E+00,5.9714050E-02
-6.434458E-03,-5.2548108E+00,4.1403503E-02
-6.431181E-03,-5.2520642E+00,2.5305481E-02
-6.427904E-03,-5.2490125E+00,7.6052856E-03
-6.424627E-03,-5.2514539E+00,-8.7216187E-03
-6.421350E-03,-5.2459607E+00,-2.8481750E-02
-6.418074E-03,-5.2407727E+00,-4.3664246E-02
-6.414797E-03,-5.2493176E+00,-6.2356262E-02
-6.411520E-03,-5.2487073E+00,-7.8683167E-02
-6.408243E-03,-5.2569470E+00,-9.7451477E-02
-6.404966E-03,-5.2538953E+00,-1.1324432E-01
-6.401690E-03,-5.2587781E+00,-1.3140228E-01
-6.398413E-03,-5.2569470E+00,-1.4658478E-01
-6.395136E-03,-5.2557263E+00,-1.6535309E-01
-6.391859E-03,-5.2499280E+00,-1.8053558E-01
-6.388582E-03,-5.2566418E+00,-1.9945648E-01
-6.385306E-03,-5.2529797E+00,-2.1357086E-01
-6.382029E-03,-5.2596936E+00,-2.3302582E-01
-6.378752E-03,-5.2648816E+00,-2.4675873E-01
-6.375475E-03,-5.2688489E+00,-2.6461151E-01
-6.372198E-03,-5.2642712E+00,-2.7788666E-01
-6.368922E-03,-5.2612195E+00,-2.9757050E-01
-6.365645E-03,-5.2728162E+00,-3.1153229E-01
-6.362368E-03,-5.2670178E+00,-3.2946136E-01
-6.359091E-03,-5.2801404E+00,-3.4388092E-01
-6.355814E-03,-5.2752576E+00,-3.6066559E-01
-6.352538E-03,-5.2786145E+00,-3.7416962E-01
-6.349261E-03,-5.2728162E+00,-3.9133575E-01
-6.345984E-03,-5.2715955E+00,-4.0445831E-01
-6.342707E-03,-5.2734265E+00,-4.2093781E-01
-6.339430E-03,-5.2731213E+00,-4.3406036E-01
-6.336154E-03,-5.2770886E+00,-4.5092133E-01
-6.332877E-03,-5.2764783E+00,-4.6282318E-01
-6.329600E-03,-5.2737317E+00,-4.7915009E-01
-6.326323E-03,-5.2749524E+00,-4.9044159E-01
-6.323046E-03,-5.2700696E+00,-5.0631073E-01
-6.319770E-03,-5.2697644E+00,-5.1790741E-01
-6.316493E-03,-5.2606091E+00,-5.3301361E-01
-6.313216E-03,-5.2639661E+00,-5.4399994E-01
-6.309939E-03,-5.2599988E+00,-5.5857208E-01
-6.306662E-03,-5.2587781E+00,-5.6910065E-01
-6.303386E-03,-5.2603040E+00,-5.8245209E-01
-6.300109E-03,-5.2599988E+00,-5.9320953E-01
-6.296832E-03,-5.2566418E+00,-6.0549286E-01
-6.293555E-03,-5.2438245E+00,-6.1594513E-01
-6.290278E-03,-5.2447400E+00,-6.2708405E-01
-6.287002E-03,-5.2401624E+00,-6.3700226E-01
-6.283725E-03,-5.2398572E+00,-6.4913300E-01
-6.280448E-03,-5.2422986E+00,-6.5859344E-01
-6.277171E-03,-5.2441296E+00,-6.6935089E-01
-6.273894E-03,-5.2450452E+00,-6.7759064E-01
-6.270618E-03,-5.2450452E+00,-6.8819550E-01
-6.267341E-03,-5.2502332E+00,-6.9628265E-01
-6.264064E-03,-5.2569470E+00,-7.0673492E-01
-6.260787E-03,-5.2612195E+00,-7.1375397E-01
-6.257510E-03,-5.2645764E+00,-7.2321442E-01
-6.254234E-03,-5.2587781E+00,-7.3069122E-01
-6.250957E-03,-5.2636609E+00,-7.3893097E-01
-6.247680E-03,-5.2612195E+00,-7.4480560E-01
-6.244403E-03,-5.2599988E+00,-7.5251129E-01
-6.241126E-03,-5.2636609E+00,-7.5762299E-01
-6.237850E-03,-5.2557263E+00,-7.6517609E-01
-6.234573E-03,-5.2587781E+00,-7.6990631E-01
-6.231296E-03,-5.2642712E+00,-7.7623871E-01
-6.228019E-03,-5.2557263E+00,-7.8096893E-01
-6.224742E-03,-5.2682385E+00,-7.8585175E-01
-6.221466E-03,-5.2697644E+00,-7.9027679E-01
-6.218189E-03,-5.2688489E+00,-7.9523590E-01
-6.214912E-03,-5.2661023E+00,-7.9737213E-01
-6.211635E-03,-5.2627454E+00,-8.0080536E-01
-6.208358E-03,-5.2566418E+00,-8.0271271E-01
-6.205082E-03,-5.2526746E+00,-8.0568817E-01
-6.201805E-03,-5.2480969E+00,-8.0782440E-01
-6.198528E-03,-5.2474866E+00,-8.1064728E-01
-6.195251E-03,-5.2480969E+00,-8.1125763E-01
-6.191974E-03,-5.2377209E+00,-8.1400421E-01
-6.188698E-03,-5.2505383E+00,-8.1392792E-01
-6.185421E-03,-5.2438245E+00,-8.1522491E-01
-6.182144E-03,-5.2532849E+00,-8.1446198E-01
-6.178867E-03,-5.2477917E+00,-8.1553009E-01
-6.175590E-03,-5.2523694E+00,-8.1453827E-01
-6.172314E-03,-5.2566418E+00,-8.1377533E-01
-6.169037E-03,-5.2581677E+00,-8.1194427E-01
-6.165760E-03,-5.2688489E+00,-8.1087616E-01
-6.162483E-03,-5.2667126E+00,-8.0828217E-01
-6.159206E-03,-5.2673230E+00,-8.0683258E-01
-6.155930E-03,-5.2676282E+00,-8.0362823E-01
-6.152653E-03,-5.2639661E+00,-8.0103424E-01
-6.149376E-03,-5.2676282E+00,-7.9760101E-01
-6.146099E-03,-5.2661023E+00,-7.9378632E-01
-6.142822E-03,-5.2657971E+00,-7.8844574E-01
-6.139546E-03,-5.2636609E+00,-7.8539398E-01
-6.136269E-03,-5.2554211E+00,-7.7959564E-01
-6.132992E-03,-5.2633557E+00,-7.7486542E-01
-6.129715E-03,-5.2587781E+00,-7.6799896E-01
-6.126438E-03,-5.2575574E+00,-7.6227692E-01
-6.123162E-03,-5.2569470E+00,-7.5579193E-01
-6.119885E-03,-5.2532849E+00,-7.4999359E-01
-6.116608E-03,-5.2538953E+00,-7.4305084E-01
-6.113331E-03,-5.2572522E+00,-7.3595551E-01
-6.110054E-03,-5.2557263E+00,-7.2763947E-01
-6.106778E-03,-5.2493176E+00,-7.2069672E-01
-6.103501E-03,-5.2523694E+00,-7.1177032E-01
-6.100224E-03,-5.2462659E+00,-7.0337799E-01
-6.096947E-03,-5.2447400E+00,-6.9521454E-01
-6.093670E-03,-5.2456555E+00,-6.8583038E-01
-6.090394E-03,-5.2471814E+00,-6.7682770E-01
-6.087117E-03,-5.2487073E+00,-6.6729095E-01
-6.083840E-03,-5.2435193E+00,-6.5752533E-01
-6.080563E-03,-5.2487073E+00,-6.4692047E-01
-6.077286E-03,-5.2401624E+00,-6.3593414E-01
-6.074010E-03,-5.2389417E+00,-6.2395599E-01
-6.070733E-03,-5.2404675E+00,-6.1380890E-01
-6.067456E-03,-5.2380261E+00,-6.0152557E-01
-6.064179E-03,-5.2477917E+00,-5.9061554E-01
-6.060902E-03,-5.2429089E+00,-5.7863739E-01
-6.057626E-03,-5.2502332E+00,-5.6726959E-01
-6.054349E-03,-5.2438245E+00,-5.5422333E-01
-6.051072E-03,-5.2490125E+00,-5.4125336E-01
-6.047795E-03,-5.2419934E+00,-5.2759674E-01
-6.044518E-03,-5.2438245E+00,-5.1500824E-01
-6.041242E-03,-5.2340588E+00,-5.0081757E-01
-6.037965E-03,-5.2331433E+00,-4.8754242E-01
-6.034688E-03,-5.2267346E+00,-4.7335175E-01
-6.031411E-03,-5.2261243E+00,-4.5931366E-01
-6.028134E-03,-5.2282605E+00,-4.4390228E-01
-6.024858E-03,-5.2166638E+00,-4.3093231E-01
-6.021581E-03,-5.2288708E+00,-4.1559723E-01
-6.018304E-03,-5.2303967E+00,-4.0049103E-01
-6.015027E-03,-5.2377209E+00,-3.8477448E-01
-6.011750E-03,-5.2453503E+00,-3.6974457E-01
-6.008474E-03,-5.2465710E+00,-3.5410431E-01
-6.005197E-03,-5.2545056E+00,-3.3953217E-01
-6.001920E-03,-5.2545056E+00,-3.2343414E-01
-5.998643E-03,-5.2587781E+00,-3.0848053E-01
-5.995366E-03,-5.2575574E+00,-2.9169586E-01
-5.992090E-03,-5.2627454E+00,-2.7567413E-01
-5.988813E-03,-5.2587781E+00,-2.5911835E-01
-5.985536E-03,-5.2596936E+00,-2.4347809E-01
-5.982259E-03,-5.2554211E+00,-2.2623566E-01
-5.978982E-03,-5.2563367E+00,-2.1120575E-01
-5.975706E-03,-5.2505383E+00,-1.9197968E-01
-5.972429E-03,-5.2471814E+00,-1.7649200E-01
-5.969152E-03,-5.2535901E+00,-1.5802887E-01
-5.965875E-03,-5.2441296E+00,-1.4246490E-01
-5.962598E-03,-5.2398572E+00,-1.2407806E-01
-5.959322E-03,-5.2401624E+00,-1.0904816E-01
-5.956045E-03,-5.2319226E+00,-8.9898376E-02
-5.952768E-03,-5.2267346E+00,-7.4410706E-02
-5.949491E-03,-5.2224622E+00,-5.6252747E-02
-5.946214E-03,-5.2178845E+00,-3.9925842E-02
-5.942938E-03,-5.2166638E+00,-2.1233826E-02
-5.939661E-03,-5.2172742E+00,-4.5254517E-03
-5.936384E-03,-5.2139172E+00,1.4471741E-02
-5.933107E-03,-5.2191052E+00,3.0874939E-02
-5.929830E-03,-5.2148328E+00,4.8346252E-02
-5.926554E-03,-5.2264294E+00,6.4367981E-02
-5.923277E-03,-5.2239880E+00,8.3746643E-02
-5.920000E-03,-5.2303967E+00,9.9005432E-02
-5.916723E-03,-5.2343640E+00,1.1899445E-01
-5.913446E-03,-5.2355847E+00,1.3509247E-01
-5.910170E-03,-5.2340588E+00,1.5256378E-01
-5.906893E-03,-5.2325330E+00,1.6881439E-01
-5.903616E-03,-5.2380261E+00,1.8781158E-01
-5.900339E-03,-5.2426038E+00,2.0253632E-01
-5.897062E-03,-5.2410779E+00,2.2214386E-01
-5.893786E-03,-5.2490125E+00,2.3618195E-01
-5.890509E-03,-5.2499280E+00,2.5502655E-01
-5.887232E-03,-5.2572522E+00,2.7005646E-01
-5.883955E-03,-5.2563367E+00,2.8806183E-01
-5.880678E-03,-5.2502332E+00,3.0232880E-01
-5.877402E-03,-5.2471814E+00,3.2109711E-01
-5.874125E-03,-5.2438245E+00,3.3620331E-01
-5.870848E-03,-5.2401624E+00,3.5451385E-01
-5.867571E-03,-5.2368054E+00,3.6817047E-01
-5.864294E-03,-5.2300916E+00,3.8701508E-01
-5.861018E-03,-5.2279553E+00,4.0082428E-01
-5.857741E-03,-5.2279553E+00,4.1875336E-01
-5.854464E-03,-5.2236829E+00,4.3324921E-01
-5.851187E-03,-5.2285657E+00,4.4919464E-01
-5.847910E-03,-5.2331433E+00,4.6208832E-01
-5.844634E-03,-5.2218518E+00,4.7856781E-01
-5.841357E-03,-5.2291760E+00,4.9176666E-01
-5.838080E-03,-5.2270398E+00,5.0778839E-01
-5.834803E-03,-5.2239880E+00,5.2075836E-01
-5.831526E-03,-5.2197156E+00,5.3601715E-01
-5.828250E-03,-5.2224622E+00,5.4906342E-01
-5.824973E-03,-5.2270398E+00,5.6378815E-01
-5.821696E-03,-5.2236829E+00,5.7538483E-01
-5.818419E-03,-5.2209363E+00,5.9033844E-01
-5.815142E-03,-5.2215466E+00,6.0178253E-01
-5.811866E-03,-5.2157483E+00,6.1475250E-01
-5.808589E-03,-5.2169690E+00,6.2566254E-01
-5.805312E-03,-5.2136121E+00,6.3886139E-01
-5.802035E-03,-5.2191052E+00,6.4969513E-01
-5.798758E-03,-5.2145276E+00,6.6251251E-01
-5.795482E-03,-5.2194104E+00,6.7334625E-01
-5.792205E-03,-5.2291760E+00,6.8601105E-01
-5.788928E-03,-5.2294812E+00,6.9524261E-01
-5.785651E-03,-5.2273450E+00,7.0661041E-01
-5.782374E-03,-5.2334485E+00,7.1683380E-01
-5.779098E-03,-5.2349744E+00,7.2766754E-01
-5.775821E-03,-5.2346692E+00,7.3560211E-01
-5.772544E-03,-5.2398572E+00,7.4605438E-01
-5.769267E-03,-5.2334485E+00,7.5398895E-01
-5.765990E-03,-5.2386365E+00,7.6390717E-01
-5.762714E-03,-5.2300916E+00,7.7207062E-01
-5.759437E-03,-5.2310071E+00,7.8099701E-01
-5.756160E-03,-5.2282605E+00,7.8740570E-01
-5.752883E-03,-5.2258191E+00,7.9579803E-01
-5.749606E-03,-5.2258191E+00,8.0182526E-01
-5.746330E-03,-5.2276501E+00,8.1029388E-01
-5.743053E-03,-5.2230725E+00,8.1616852E-01
-5.739776E-03,-5.2188000E+00,8.2356903E-01
-5.736499E-03,-5.2212415E+00,8.2883331E-01
-5.733222E-03,-5.2197156E+00,8.3501312E-01
-5.729946E-03,-5.2157483E+00,8.3951447E-01
-5.726669E-03,-5.2133069E+00,8.4569427E-01
-5.723392E-03,-5.2099500E+00,8.4981415E-01
-5.720115E-03,-5.2056775E+00,8.5507843E-01
-5.716838E-03,-5.2068982E+00,8.5790131E-01
-5.713562E-03,-5.2120862E+00,8.6156342E-01
-5.710285E-03,-5.2078137E+00,8.6415741E-01
-5.707008E-03,-5.2065930E+00,8.6759064E-01
-5.703731E-03,-5.2154431E+00,8.6987946E-01
-5.700454E-03,-5.2093396E+00,8.7239716E-01
-5.697178E-03,-5.2093396E+00,8.7407562E-01
-5.693901E-03,-5.2099500E+00,8.7552521E-01
-5.690624E-03,-5.2093396E+00,8.7590668E-01
-5.687347E-03,-5.2099500E+00,8.7743256E-01
-5.684070E-03,-5.2166638E+00,8.7674591E-01
-5.680794E-03,-5.2154431E+00,8.7789032E-01
-5.677517E-03,-5.2163586E+00,8.7743256E-01
-5.674240E-03,-5.2145276E+00,8.7720367E-01
-5.670963E-03,-5.2191052E+00,8.7445709E-01
-5.667686E-03,-5.2239880E+00,8.7377045E-01
-5.664410E-03,-5.2276501E+00,8.7171051E-01
-5.661133E-03,-5.2279553E+00,8.6942169E-01
-5.657856E-03,-5.2300916E+00,8.6621735E-01
-5.654579E-03,-5.2325330E+00,8.6499664E-01
-5.651302E-03,-5.2300916E+00,8.6125824E-01
-5.648026E-03,-5.2343640E+00,8.5721466E-01
-5.644749E-03,-5.2291760E+00,8.5294220E-01
-5.641472E-03,-5.2371106E+00,8.4943268E-01
-5.638195E-03,-5.2389417E+00,8.4462616E-01
-5.634918E-03,-5.2328381E+00,8.3974335E-01
-5.631642E-03,-5.2358899E+00,8.3432648E-01
-5.628365E-03,-5.2358899E+00,8.2921478E-01
-5.625088E-03,-5.2377209E+00,8.2204315E-01
-5.621811E-03,-5.2392468E+00,8.1586334E-01
-5.618534E-03,-5.2401624E+00,8.0838654E-01
-5.615258E-03,-5.2441296E+00,8.0235931E-01
-5.611981E-03,-5.2453503E+00,7.9495880E-01
-5.608704E-03,-5.2471814E+00,7.8664276E-01
-5.605427E-03,-5.2410779E+00,7.7939484E-01
-5.602150E-03,-5.2404675E+00,7.7138397E-01
-5.598874E-03,-5.2404675E+00,7.6253387E-01
-5.595597E-03,-5.2371106E+00,7.5398895E-01
-5.592320E-03,-5.2419934E+00,7.4513885E-01
-5.589043E-03,-5.2450452E+00,7.3651764E-01
-5.585766E-03,-5.2368054E+00,7.2659943E-01
-5.582490E-03,-5.2419934E+00,7.1584198E-01
-5.579213E-03,-5.2352795E+00,7.0554230E-01
-5.575936E-03,-5.2438245E+00,6.9478485E-01
-5.572659E-03,-5.2380261E+00,6.8417999E-01
-5.569382E-03,-5.2422986E+00,6.7227814E-01
-5.566106E-03,-5.2426038E+00,6.6045258E-01
-5.562829E-03,-5.2371106E+00,6.4893219E-01
-5.559552E-03,-5.2377209E+00,6.3748810E-01
-5.556275E-03,-5.2337537E+00,6.2596771E-01
-5.552998E-03,-5.2300916E+00,6.1383698E-01
-5.549722E-03,-5.2288708E+00,6.0071442E-01
-5.546445E-03,-5.2239880E+00,5.8759186E-01
-5.543168E-03,-5.2288708E+00,5.7385895E-01
-5.539891E-03,-5.2331433E+00,5.6111786E-01
-5.536614E-03,-5.2300916E+00,5.4807159E-01
-5.533338E-03,-5.2383313E+00,5.3449127E-01
-5.530061E-03,-5.2236829E+00,5.1869843E-01
-5.526784E-03,-5.2233777E+00,5.0557587E-01
-5.523507E-03,-5.2181897E+00,4.9184296E-01
-5.520230E-03,-5.2154431E+00,4.7688934E-01
-5.516954E-03,-5.2245984E+00,4.6102020E-01
-5.513677E-03,-5.2184949E+00,4.4652435E-01
-5.510400E-03,-5.2236829E+00,4.3141815E-01
-5.507123E-03,-5.2233777E+00,4.1631195E-01
-5.503846E-03,-5.2227673E+00,3.9891693E-01
-5.500570E-03,-5.2245984E+00,3.8419220E-01
-5.497293E-03,-5.2261243E+00,3.6725494E-01
-5.494016E-03,-5.2279553E+00,3.5161469E-01
-5.490739E-03,-5.2352795E+00,3.3444855E-01
-5.487462E-03,-5.2337537E+00,3.1957123E-01
-5.484186E-03,-5.2365002E+00,3.0156586E-01
-5.480909E-03,-5.2429089E+00,2.8600189E-01
-5.477632E-03,-5.2487073E+00,2.6853058E-01
-5.474355E-03,-5.2572522E+00,2.5327179E-01
-5.471078E-03,-5.2618298E+00,2.3358795E-01
-5.467802E-03,-5.2618298E+00,2.1794769E-01
-5.464525E-03,-5.2636609E+00,2.0017120E-01
-5.461248E-03,-5.2526746E+00,1.8384430E-01
-5.457971E-03,-5.2587781E+00,1.6553375E-01
-5.454694E-03,-5.2538953E+00,1.5012238E-01
-5.451418E-03,-5.2535901E+00,1.3074371E-01
-5.448141E-03,-5.2462659E+00,1.1540863E-01
-5.444864E-03,-5.2477917E+00,9.6716614E-02
-5.441587E-03,-5.2407727E+00,8.0923767E-02
-5.438310E-03,-5.2459607E+00,6.2308044E-02
-5.435034E-03,-5.2410779E+00,4.6896667E-02
-5.431757E-03,-5.2465710E+00,2.7441711E-02
-5.428480E-03,-5.2441296E+00,1.2259216E-02
-5.425203E-03,-5.2487073E+00,-7.1957397E-03
-5.421926E-03,-5.2444348E+00,-2.3064880E-02
-5.418650E-03,-5.2474866E+00,-4.1985779E-02
-5.415373E-03,-5.2487073E+00,-5.8465271E-02
-5.412096E-03,-5.2557263E+00,-7.7309875E-02
-5.408819E-03,-5.2609143E+00,-9.2339783E-02
-5.405542E-03,-5.2618298E+00,-1.1126068E-01
-5.402266E-03,-5.2679333E+00,-1.2598541E-01
-5.398989E-03,-5.2709851E+00,-1.4551666E-01
-5.395712E-03,-5.2673230E+00,-1.6054657E-01
-5.392435E-03,-5.2691541E+00,-1.7794159E-01
-5.389158E-03,-5.2648816E+00,-1.9335297E-01
-5.385882E-03,-5.2627454E+00,-2.1151093E-01
-5.382605E-03,-5.2575574E+00,-2.2699860E-01
-5.379328E-03,-5.2557263E+00,-2.4485138E-01
-5.376051E-03,-5.2587781E+00,-2.5995758E-01
-5.372774E-03,-5.2554211E+00,-2.7781036E-01
-5.369498E-03,-5.2499280E+00,-2.9200104E-01
-5.366221E-03,-5.2502332E+00,-3.1000641E-01
-5.362944E-03,-5.2487073E+00,-3.2457855E-01
-5.359667E-03,-5.2499280E+00,-3.4166840E-01
-5.356390E-03,-5.2444348E+00,-3.5585907E-01
-5.353114E-03,-5.2392468E+00,-3.7188080E-01
-5.349837E-03,-5.2371106E+00,-3.8538483E-01
-5.346560E-03,-5.2355847E+00,-4.0201691E-01
-5.343283E-03,-5.2322278E+00,-4.1582611E-01
-5.340006E-03,-5.2355847E+00,-4.3108490E-01
-5.336730E-03,-5.2343640E+00,-4.4519928E-01
-5.333453E-03,-5.2361951E+00,-4.6114471E-01
-5.330176E-03,-5.2328381E+00,-4.7335175E-01
-5.326899E-03,-5.2371106E+00,-4.8883942E-01
-5.323622E-03,-5.2331433E+00,-5.0165680E-01
-5.320346E-03,-5.2358899E+00,-5.1653412E-01
-5.317069E-03,-5.2389417E+00,-5.2774933E-01
-5.313792E-03,-5.2307019E+00,-5.4132965E-01
-5.310515E-03,-5.2313123E+00,-5.5307892E-01
-5.307238E-03,-5.2328381E+00,-5.6696442E-01
-5.303962E-03,-5.2316174E+00,-5.7756927E-01
-5.300685E-03,-5.2392468E+00,-5.9069183E-01
-5.297408E-03,-5.2404675E+00,-6.0076263E-01
-5.294131E-03,-5.2389417E+00,-6.1358002E-01
-5.290854E-03,-5.2383313E+00,-6.2395599E-01
-5.287578E-03,-5.2368054E+00,-6.3509491E-01
-5.284301E-03,-5.2343640E+00,-6.4531830E-01
-5.281024E-03,-5.2307019E+00,-6.5660980E-01
-5.277747E-03,-5.2337537E+00,-6.6545990E-01
-5.274470E-03,-5.2322278E+00,-6.7621735E-01
-5.271194E-03,-5.2374158E+00,-6.8460968E-01
-5.267917E-03,-5.2419934E+00,-6.9490936E-01
-5.264640E-03,-5.2407727E+00,-7.0330170E-01
-5.261363E-03,-5.2453503E+00,-7.1276215E-01
-5.258086E-03,-5.2426038E+00,-7.2001007E-01
-5.254810E-03,-5.2432141E+00,-7.2763947E-01
-5.251533E-03,-5.2450452E+00,-7.3473480E-01
-5.248256E-03,-5.2426038E+00,-7.4297455E-01
-5.244979E-03,-5.2453503E+00,-7.4884918E-01
-5.241702E-03,-5.2502332E+00,-7.5655487E-01
-5.238426E-03,-5.2484021E+00,-7.6212433E-01
-5.235149E-03,-5.2548108E+00,-7.6906708E-01
-5.231872E-03,-5.2554211E+00,-7.7341583E-01
-5.228595E-03,-5.2514539E+00,-7.7959564E-01
-5.225318E-03,-5.2584729E+00,-7.8371552E-01
-5.222042E-03,-5.2548108E+00,-7.8859833E-01
-5.218765E-03,-5.2587781E+00,-7.9187897E-01
-5.215488E-03,-5.2630505E+00,-7.9607513E-01
-5.212211E-03,-5.2612195E+00,-7.9912689E-01
-5.208934E-03,-5.2609143E+00,-8.0240753E-01
-5.205658E-03,-5.2609143E+00,-8.0431488E-01
-5.202381E-03,-5.2563367E+00,-8.0736664E-01
-5.199104E-03,-5.2484021E+00,-8.0858734E-01
-5.195827E-03,-5.2487073E+00,-8.1148651E-01
-5.192550E-03,-5.2459607E+00,-8.1285980E-01
-5.189274E-03,-5.2474866E+00,-8.1385162E-01
-5.185997E-03,-5.2471814E+00,-8.1438568E-01
-5.182720E-03,-5.2380261E+00,-8.1408051E-01
-5.179443E-03,-5.2319226E+00,-8.1385162E-01
-5.176166E-03,-5.2325330E+00,-8.1377533E-01
-5.172890E-03,-5.2258191E+00,-8.1255463E-01
-5.169613E-03,-5.2249036E+00,-8.1171539E-01
-5.166336E-03,-5.2200208E+00,-8.0828217E-01
-5.163059E-03,-5.2117810E+00,-8.0706146E-01
-5.159782E-03,-5.2200208E+00,-8.0423859E-01
-5.156506E-03,-5.2181897E+00,-8.0233124E-01
-5.153229E-03,-5.2209363E+00,-7.9912689E-01
-5.149952E-03,-5.2206311E+00,-7.9485443E-01
-5.146675E-03,-5.2188000E+00,-7.9142120E-01
-5.143398E-03,-5.2212415E+00,-7.8783539E-01
-5.140122E-03,-5.2264294E+00,-7.8333405E-01
-5.136845E-03,-5.2261243E+00,-7.7890900E-01
-5.133568E-03,-5.2267346E+00,-7.7417877E-01
-5.130291E-03,-5.2331433E+00,-7.6914337E-01
-5.127014E-03,-5.2334485E+00,-7.6334503E-01
-5.123738E-03,-5.2374158E+00,-7.5655487E-01
-5.120461E-03,-5.2404675E+00,-7.5075653E-01
-5.117184E-03,-5.2413831E+00,-7.4373749E-01
-5.113907E-03,-5.2410779E+00,-7.3648956E-01
-5.110630E-03,-5.2386365E+00,-7.2931793E-01
-5.107354E-03,-5.2395520E+00,-7.2077301E-01
-5.104077E-03,-5.2343640E+00,-7.1283844E-01
-5.100800E-03,-5.2349744E+00,-7.0467499E-01
-5.097523E-03,-5.2279553E+00,-6.9551971E-01
-5.094246E-03,-5.2270398E+00,-6.8628815E-01
-5.090970E-03,-5.2236829E+00,-6.7644623E-01
-5.087693E-03,-5.2307019E+00,-6.6690948E-01
-5.084416E-03,-5.2258191E+00,-6.5683868E-01
-5.081139E-03,-5.2331433E+00,-6.4753082E-01
-5.077862E-03,-5.2389417E+00,-6.3646820E-01
-5.074586E-03,-5.2520642E+00,-6.2548187E-01
-5.071309E-03,-5.2520642E+00,-6.1441925E-01
-5.068032E-03,-5.2596936E+00,-6.0358551E-01
-5.064755E-03,-5.2606091E+00,-5.9175995E-01
-5.061478E-03,-5.2548108E+00,-5.8077362E-01
-5.058202E-03,-5.2499280E+00,-5.6780365E-01
-5.054925E-03,-5.2508435E+00,-5.5635956E-01
-5.051648E-03,-5.2429089E+00,-5.4209259E-01
-5.048371E-03,-5.2419934E+00,-5.3049591E-01
-5.045094E-03,-5.2358899E+00,-5.1622894E-01
-5.041818E-03,-5.2288708E+00,-5.0379303E-01
-5.038541E-03,-5.2261243E+00,-4.8906830E-01
-5.035264E-03,-5.2221570E+00,-4.7670868E-01
-5.031987E-03,-5.2206311E+00,-4.6114471E-01
-5.028710E-03,-5.2172742E+00,-4.4733551E-01
-5.025434E-03,-5.2160535E+00,-4.3222931E-01
-5.022157E-03,-5.2200208E+00,-4.1925934E-01
-5.018880E-03,-5.2258191E+00,-4.0270355E-01
-5.015603E-03,-5.2300916E+00,-3.8889435E-01
-5.012326E-03,-5.2383313E+00,-3.7188080E-01
-5.009050E-03,-5.2383313E+00,-3.5814789E-01
-5.005773E-03,-5.2410779E+00,-3.4189728E-01
-5.002496E-03,-5.2477917E+00,-3.2763031E-01
-4.999219E-03,-5.2484021E+00,-3.0993011E-01
-4.995942E-03,-5.2520642E+00,-2.9581573E-01
-4.992666E-03,-5.2416882E+00,-2.7750519E-01
-4.989389E-03,-5.2459607E+00,-2.6224640E-01
-4.986112E-03,-5.2416882E+00,-2.4515656E-01
-4.982835E-03,-5.2368054E+00,-2.2951630E-01
-4.979558E-03,-5.2349744E+00,-2.1189240E-01
-4.976282E-03,-5.2313123E+00,-1.9640472E-01
-4.973005E-03,-5.2331433E+00,-1.7839935E-01
-4.969728E-03,-5.2307019E+00,-1.6275909E-01
-4.966451E-03,-5.2325330E+00,-1.4421967E-01
-4.963174E-03,-5.2361951E+00,-1.2934235E-01
-4.959898E-03,-5.2365002E+00,-1.1072662E-01
-4.956621E-03,-5.2435193E+00,-9.5849304E-02
-4.953344E-03,-5.2404675E+00,-7.6318054E-02
-4.950067E-03,-5.2453503E+00,-6.0372620E-02
-4.946790E-03,-5.2453503E+00,-4.1222839E-02
-4.943514E-03,-5.2456555E+00,-2.5735168E-02
-4.940237E-03,-5.2493176E+00,-6.9668579E-03
-4.936960E-03,-5.2493176E+00,8.8259888E-03
-4.933683E-03,-5.2493176E+00,2.7899475E-02
-4.930406E-03,-5.2545056E+00,4.3692322E-02
-4.927130E-03,-5.2563367E+00,6.2460632E-02
-4.923853E-03,-5.2587781E+00,7.7337952E-02
-4.920576E-03,-5.2587781E+00,9.6487732E-02
-4.917299E-03,-5.2566418E+00,1.1212799E-01
-4.914022E-03,-5.2581677E+00,1.3196442E-01
-4.910746E-03,-5.2456555E+00,1.4752838E-01
-4.907469E-03,-5.2429089E+00,1.6683075E-01
-4.904192E-03,-5.2450452E+00,1.8147919E-01
-4.900915E-03,-5.2386365E+00,2.0078156E-01
-4.897638E-03,-5.2349744E+00,2.1604034E-01
-4.894362E-03,-5.2297864E+00,2.3534271E-01
-4.891085E-03,-5.2261243E+00,2.4999115E-01
-4.887808E-03,-5.2276501E+00,2.6898834E-01
-4.884531E-03,-5.2264294E+00,2.8455231E-01
-4.881254E-03,-5.2233777E+00,3.0194733E-01
-4.877978E-03,-5.2294812E+00,3.1712982E-01
-4.874701E-03,-5.2258191E+00,3.3490631E-01
-4.871424E-03,-5.2328381E+00,3.4955475E-01
-4.868147E-03,-5.2252087E+00,3.6710236E-01
-4.864870E-03,-5.2239880E+00,3.8266632E-01
-4.861594E-03,-5.2218518E+00,3.9960358E-01
-4.858317E-03,-5.2157483E+00,4.1432831E-01
-4.855040E-03,-5.2194104E+00,4.3126556E-01
-4.851763E-03,-5.2151379E+00,4.4461700E-01
-4.848486E-03,-5.2111707E+00,4.6170685E-01
-4.845210E-03,-5.2200208E+00,4.7521088E-01
-4.841933E-03,-5.2157483E+00,4.9085114E-01
-4.838656E-03,-5.2194104E+00,5.0366852E-01
-4.835379E-03,-5.2188000E+00,5.1953766E-01
-4.832102E-03,-5.2227673E+00,5.3250763E-01
-4.828826E-03,-5.2206311E+00,5.4860565E-01
-4.825549E-03,-5.2252087E+00,5.6088898E-01
-4.822272E-03,-5.2291760E+00,5.7507965E-01
-4.818995E-03,-5.2264294E+00,5.8690521E-01
-4.815718E-03,-5.2352795E+00,6.0018036E-01
-4.812442E-03,-5.2313123E+00,6.1170074E-01
-4.809165E-03,-5.2331433E+00,6.2566254E-01
-4.805888E-03,-5.2258191E+00,6.3603851E-01
-4.802611E-03,-5.2310071E+00,6.4847443E-01
-4.799334E-03,-5.2252087E+00,6.5968964E-01
-4.796058E-03,-5.2288708E+00,6.7227814E-01
-4.792781E-03,-5.2322278E+00,6.8250153E-01
-4.789504E-03,-5.2316174E+00,6.9447968E-01
-4.786227E-03,-5.2307019E+00,7.0592377E-01
-4.782950E-03,-5.2303967E+00,7.1637604E-01
-4.779674E-03,-5.2252087E+00,7.2568390E-01
-4.776397E-03,-5.2285657E+00,7.3575470E-01
-4.773120E-03,-5.2252087E+00,7.4513885E-01
-4.769843E-03,-5.2239880E+00,7.5505707E-01
-4.766566E-03,-5.2255139E+00,7.6283905E-01
-4.763290E-03,-5.2242932E+00,7.7237579E-01
-4.760013E-03,-5.2249036E+00,7.7825043E-01
-4.756736E-03,-5.2194104E+00,7.8786346E-01
-4.753459E-03,-5.2194104E+00,7.9427216E-01
-4.750182E-03,-5.2227673E+00,8.0235931E-01
-4.746906E-03,-5.2236829E+00,8.0884430E-01
-4.743629E-03,-5.2255139E+00,8.1601593E-01
-4.740352E-03,-5.2212415E+00,8.2143280E-01
-4.737075E-03,-5.2307019E+00,8.2868073E-01
-4.733798E-03,-5.2368054E+00,8.3341095E-01
-4.730522E-03,-5.2355847E+00,8.3913300E-01
-4.727245E-03,-5.2365002E+00,8.4416840E-01
-4.723968E-03,-5.2444348E+00,8.4912750E-01
-4.720691E-03,-5.2401624E+00,8.5263702E-01
-4.717414E-03,-5.2395520E+00,8.5698578E-01
-4.714138E-03,-5.2377209E+00,8.5996124E-01
-4.710861E-03,-5.2294812E+00,8.6385223E-01
-4.707584E-03,-5.2300916E+00,8.6583588E-01
-4.704307E-03,-5.2227673E+00,8.6957428E-01
-4.701030E-03,-5.2218518E+00,8.7148163E-01
-4.697754E-03,-5.2215466E+00,8.7377045E-01
-4.694477E-03,-5.2136121E+00,8.7476227E-01
-4.691200E-03,-5.2184949E+00,8.7697479E-01
-4.687923E-03,-5.2249036E+00,8.7659332E-01
-4.684646E-03,-5.2297864E+00,8.7712738E-01
-4.681370E-03,-5.2297864E+00,8.7567780E-01
-4.678093E-03,-5.2294812E+00,8.7644073E-01
-4.674816E-03,-5.2328381E+00,8.7575409E-01
-4.671539E-03,-5.2297864E+00,8.7460968E-01
-4.668262E-03,-5.2313123E+00,8.7323639E-01
-4.664986E-03,-5.2361951E+00,8.7193939E-01
-4.661709E-03,-5.2441296E+00,8.6949799E-01
-4.658432E-03,-5.2453503E+00,8.6659882E-01
-4.655155E-03,-5.2465710E+00,8.6255524E-01
-4.651878E-03,-5.2453503E+00,8.6110565E-01
-4.648602E-03,-5.2377209E+00,8.5797760E-01
-4.645325E-03,-5.2322278E+00,8.5362885E-01
-4.642048E-03,-5.2285657E+00,8.4943268E-01
-4.638771E-03,-5.2252087E+00,8.4485504E-01
-4.635494E-03,-5.2288708E+00,8.4058258E-01
-4.632218E-03,-5.2252087E+00,8.3463165E-01
-4.628941E-03,-5.2322278E+00,8.2814667E-01
-4.625664E-03,-5.2416882E+00,8.2272980E-01
-4.622387E-03,-5.2407727E+00,8.1662628E-01
-4.619110E-03,-5.2435193E+00,8.0968353E-01
-4.615834E-03,-5.2456555E+00,8.0403778E-01
-4.612557E-03,-5.2520642E+00,7.9579803E-01
-4.609280E-03,-5.2487073E+00,7.8839752E-01
-4.606003E-03,-5.2508435E+00,7.7985260E-01
-4.602726E-03,-5.2474866E+00,7.7184174E-01
-4.599450E-03,-5.2404675E+00,7.6352570E-01
-4.596173E-03,-5.2334485E+00,7.5574371E-01
-4.592896E-03,-5.2331433E+00,7.4613068E-01
-4.589619E-03,-5.2334485E+00,7.3743317E-01
-4.586342E-03,-5.2276501E+00,7.2774384E-01
-4.583066E-03,-5.2212415E+00,7.1744415E-01
-4.579789E-03,-5.2245984E+00,7.0607635E-01
-4.576512E-03,-5.2197156E+00,6.9646332E-01
-4.573235E-03,-5.2145276E+00,6.8471405E-01
-4.569958E-03,-5.2096448E+00,6.7426178E-01
-4.566682E-03,-5.2062878E+00,6.6258881E-01
-4.563405E-03,-5.2133069E+00,6.5129730E-01
-4.560128E-03,-5.2072034E+00,6.3878510E-01
-4.556851E-03,-5.2130017E+00,6.2772247E-01
-4.553574E-03,-5.2194104E+00,6.1505768E-01
-4.550298E-03,-5.2224622E+00,6.0323212E-01
-4.547021E-03,-5.2261243E+00,5.9003326E-01
-4.543744E-03,-5.2282605E+00,5.7698700E-01
-4.540467E-03,-5.2285657E+00,5.6348297E-01
-4.537190E-03,-5.2291760E+00,5.5043671E-01
-4.533914E-03,-5.2322278E+00,5.3662750E-01
-4.530637E-03,-5.2349744E+00,5.2251312E-01
-4.527360E-03,-5.2361951E+00,5.0725433E-01
-4.524083E-03,-5.2352795E+00,4.9382660E-01
-4.520806E-03,-5.2310071E+00,4.7833893E-01
-4.517530E-03,-5.2361951E+00,4.6529266E-01
-4.514253E-03,-5.2346692E+00,4.4927094E-01
-4.510976E-03,-5.2294812E+00,4.3477509E-01
-4.507699E-03,-5.2307019E+00,4.1867706E-01
-4.504422E-03,-5.2212415E+00,4.0425751E-01
-4.501146E-03,-5.2197156E+00,3.8739655E-01
-4.497869E-03,-5.2133069E+00,3.7145111E-01
-4.494592E-03,-5.2047620E+00,3.5397980E-01
-4.491315E-03,-5.1971326E+00,3.4032318E-01
-4.488038E-03,-5.1968274E+00,3.2239410E-01
-4.484762E-03,-5.1965222E+00,3.0774567E-01
-4.481485E-03,-5.1943860E+00,2.8958771E-01
-4.478208E-03,-5.1980481E+00,2.7455780E-01
-4.474931E-03,-5.2017102E+00,2.5578949E-01
-4.471654E-03,-5.2078137E+00,2.3961517E-01
-4.468378E-03,-5.2126965E+00,2.2138092E-01
-4.465101E-03,-5.2075085E+00,2.0719025E-01
-4.461824E-03,-5.2200208E+00,1.8712494E-01
-4.458547E-03,-5.2194104E+00,1.7148468E-01
-4.455270E-03,-5.2154431E+00,1.5202972E-01
-4.451994E-03,-5.2239880E+00,1.3730499E-01
-4.448717E-03,-5.2285657E+00,1.1884186E-01
-4.445440E-03,-5.2300916E+00,1.0175201E-01
-4.442163E-03,-5.2294812E+00,8.3059998E-02
-4.438886E-03,-5.2252087E+00,6.7877502E-02
-4.435610E-03,-5.2154431E+00,4.7430725E-02
-4.432333E-03,-5.2023206E+00,3.2553406E-02
-4.429056E-03,-5.1956067E+00,1.3708801E-02
-4.425779E-03,-5.1879773E+00,-2.0840454E-03
-4.422502E-03,-5.1937756E+00,-2.0776062E-02
-4.419226E-03,-5.1910291E+00,-3.6645203E-02
-4.415949E-03,-5.2004895E+00,-5.6176453E-02
-4.412672E-03,-5.1974377E+00,-7.2121887E-02
-4.409395E-03,-5.2020154E+00,-9.1653137E-02
-4.406118E-03,-5.2017102E+00,-1.0653046E-01
-4.402842E-03,-5.2020154E+00,-1.2484100E-01
-4.399565E-03,-5.2017102E+00,-1.3987091E-01
-4.396288E-03,-5.2053723E+00,-1.5886810E-01
-4.393011E-03,-5.2068982E+00,-1.7397430E-01
-4.389734E-03,-5.2023206E+00,-1.9289520E-01
-4.386458E-03,-5.2090344E+00,-2.0823029E-01
-4.383181E-03,-5.2090344E+00,-2.2547272E-01
-4.379904E-03,-5.2175793E+00,-2.4057892E-01
-4.376627E-03,-5.2111707E+00,-2.5835541E-01
-4.373350E-03,-5.2072034E+00,-2.7300385E-01
-4.370074E-03,-5.2099500E+00,-2.9108551E-01
-4.366797E-03,-5.2123914E+00,-3.0649689E-01
-4.363520E-03,-5.2084241E+00,-3.2381561E-01
-4.360243E-03,-5.2163586E+00,-3.3785370E-01
-4.356966E-03,-5.2151379E+00,-3.5456207E-01
-4.353690E-03,-5.2163586E+00,-3.6814240E-01
-4.350413E-03,-5.2160535E+00,-3.8416412E-01
-4.347136E-03,-5.2203259E+00,-3.9850739E-01
-4.343859E-03,-5.2184949E+00,-4.1513947E-01
-4.340582E-03,-5.2142224E+00,-4.2917755E-01
-4.337306E-03,-5.2136121E+00,-4.4451263E-01
-4.334029E-03,-5.2139172E+00,-4.5748260E-01
-4.330752E-03,-5.2178845E+00,-4.7243622E-01
-4.327475E-03,-5.2224622E+00,-4.8548248E-01
-4.324198E-03,-5.2163586E+00,-5.0028351E-01
-4.320922E-03,-5.2294812E+00,-5.1233795E-01
-4.317645E-03,-5.2245984E+00,-5.2713898E-01
-4.314368E-03,-5.2230725E+00,-5.3888824E-01
-4.311091E-03,-5.2261243E+00,-5.5262115E-01
-4.307814E-03,-5.2252087E+00,-5.6475189E-01
-4.304538E-03,-5.2215466E+00,-5.7734039E-01
-4.301261E-03,-5.2178845E+00,-5.8786896E-01
-4.297984E-03,-5.2203259E+00,-6.0137299E-01
-4.294707E-03,-5.2154431E+00,-6.1174896E-01
-4.291430E-03,-5.2188000E+00,-6.2334564E-01
-4.288154E-03,-5.2191052E+00,-6.3334015E-01
-4.284877E-03,-5.2178845E+00,-6.4470795E-01
-4.281600E-03,-5.2233777E+00,-6.5401581E-01
-4.278323E-03,-5.2200208E+00,-6.6515472E-01
-4.275046E-03,-5.2242932E+00,-6.7453888E-01
-4.271770E-03,-5.2212415E+00,-6.8392303E-01
-4.268493E-03,-5.2258191E+00,-6.9231537E-01
-4.265216E-03,-5.2352795E+00,-7.0192841E-01
-4.261939E-03,-5.2395520E+00,-7.0963409E-01
-4.258662E-03,-5.2450452E+00,-7.1985748E-01
-4.255386E-03,-5.2432141E+00,-7.2702911E-01
-4.252109E-03,-5.2392468E+00,-7.3511627E-01
-4.248832E-03,-5.2410779E+00,-7.4091461E-01
-4.245555E-03,-5.2398572E+00,-7.4839142E-01
-4.242278E-03,-5.2404675E+00,-7.5441864E-01
-4.239002E-03,-5.2429089E+00,-7.6159027E-01
-4.235725E-03,-5.2386365E+00,-7.6616791E-01
-4.232448E-03,-5.2328381E+00,-7.7211884E-01
-4.229171E-03,-5.2371106E+00,-7.7745941E-01
-4.225894E-03,-5.2294812E+00,-7.8272369E-01
-4.222618E-03,-5.2297864E+00,-7.8638580E-01
-4.219341E-03,-5.2227673E+00,-7.9096344E-01
-4.216064E-03,-5.2264294E+00,-7.9371002E-01
-4.212787E-03,-5.2203259E+00,-7.9805878E-01
-4.209510E-03,-5.2230725E+00,-8.0141571E-01
-4.206234E-03,-5.2206311E+00,-8.0439117E-01
-4.202957E-03,-5.2157483E+00,-8.0645111E-01
-4.199680E-03,-5.2130017E+00,-8.0873993E-01
-4.196403E-03,-5.2056775E+00,-8.1049469E-01
-4.193126E-03,-5.2081189E+00,-8.1179169E-01
-4.189850E-03,-5.2044568E+00,-8.1308868E-01
-4.186573E-03,-5.2023206E+00,-8.1362274E-01
-4.183296E-03,-5.1965222E+00,-8.1308868E-01
-4.180019E-03,-5.1992688E+00,-8.1324127E-01
-4.176742E-03,-5.2007947E+00,-8.1285980E-01
-4.173466E-03,-5.1946912E+00,-8.1217316E-01
-4.170189E-03,-5.1992688E+00,-8.1110504E-01
-4.166912E-03,-5.2014050E+00,-8.0919769E-01
-4.163635E-03,-5.2072034E+00,-8.0782440E-01
-4.160358E-03,-5.2160535E+00,-8.0553558E-01
-4.157082E-03,-5.2133069E+00,-8.0278900E-01
-4.153805E-03,-5.2062878E+00,-7.9996613E-01
-4.150528E-03,-5.2108655E+00,-7.9683807E-01
-4.147251E-03,-5.2126965E+00,-7.9332855E-01
-4.143974E-03,-5.2151379E+00,-7.8897980E-01
-4.140698E-03,-5.2181897E+00,-7.8463104E-01
-4.137421E-03,-5.2200208E+00,-7.7990082E-01
-4.134144E-03,-5.2224622E+00,-7.7501801E-01
-4.130867E-03,-5.2261243E+00,-7.6960114E-01
-4.127590E-03,-5.2233777E+00,-7.6357391E-01
-4.124314E-03,-5.2307019E+00,-7.5800446E-01
-4.121037E-03,-5.2319226E+00,-7.5167206E-01
-4.117760E-03,-5.2349744E+00,-7.4526337E-01
-4.114483E-03,-5.2328381E+00,-7.3771027E-01
-4.111206E-03,-5.2374158E+00,-7.3015717E-01
-4.107930E-03,-5.2346692E+00,-7.2191742E-01
-4.104653E-03,-5.2398572E+00,-7.1444061E-01
-4.101376E-03,-5.2288708E+00,-7.0543793E-01
-4.098099E-03,-5.2294812E+00,-6.9750336E-01
-4.094822E-03,-5.2239880E+00,-6.8750885E-01
-4.091546E-03,-5.2236829E+00,-6.7942169E-01
-4.088269E-03,-5.2261243E+00,-6.6896942E-01
-4.084992E-03,-5.2267346E+00,-6.5920380E-01
-4.081715E-03,-5.2285657E+00,-6.4844635E-01
-4.078438E-03,-5.2328381E+00,-6.3936737E-01
-4.075162E-03,-5.2279553E+00,-6.2723663E-01
-4.071885E-03,-5.2239880E+00,-6.1640289E-01
-4.068608E-03,-5.2267346E+00,-6.0480621E-01
-4.065331E-03,-5.2264294E+00,-5.9443024E-01
-4.062054E-03,-5.2282605E+00,-5.8168915E-01
-4.058778E-03,-5.2197156E+00,-5.7077911E-01
-4.055501E-03,-5.2160535E+00,-5.5704620E-01
-4.052224E-03,-5.2166638E+00,-5.4499176E-01
-4.048947E-03,-5.2181897E+00,-5.3118256E-01
-4.045670E-03,-5.2200208E+00,-5.1989105E-01
-4.042394E-03,-5.2111707E+00,-5.0554779E-01
-4.039117E-03,-5.2172742E+00,-4.9288300E-01
-4.035840E-03,-5.2197156E+00,-4.7899750E-01
-4.032563E-03,-5.2184949E+00,-4.6526459E-01
-4.029286E-03,-5.2233777E+00,-4.4992950E-01
-4.026010E-03,-5.2288708E+00,-4.3627289E-01
-4.022733E-03,-5.2200208E+00,-4.2040375E-01
-4.019456E-03,-5.2297864E+00,-4.0751007E-01
-4.016179E-03,-5.2319226E+00,-3.9034393E-01
-4.012902E-03,-5.2264294E+00,-3.7683990E-01
-4.009626E-03,-5.2258191E+00,-3.6005524E-01
-4.006349E-03,-5.2242932E+00,-3.4662750E-01
-4.003072E-03,-5.2255139E+00,-3.2984283E-01
-3.999795E-03,-5.2242932E+00,-3.1397369E-01
-3.996518E-03,-5.2184949E+00,-2.9688385E-01
-3.993242E-03,-5.2191052E+00,-2.8177765E-01
-3.989965E-03,-5.2133069E+00,-2.6369598E-01
-3.986688E-03,-5.2175793E+00,-2.4828461E-01
-3.983411E-03,-5.2096448E+00,-2.3149994E-01
-3.980134E-03,-5.2102551E+00,-2.1601227E-01
-3.976858E-03,-5.2044568E+00,-1.9754913E-01
-3.973581E-03,-5.2032361E+00,-1.8259552E-01
-3.970304E-03,-5.2047620E+00,-1.6359833E-01
-3.967027E-03,-5.2026257E+00,-1.4872101E-01
-3.963750E-03,-5.2041516E+00,-1.3102081E-01
-3.960474E-03,-5.2078137E+00,-1.1538055E-01
-3.957197E-03,-5.2090344E+00,-9.6841125E-02
-3.953920E-03,-5.2133069E+00,-8.2116394E-02
-3.950643E-03,-5.2087292E+00,-6.0830383E-02
-3.947366E-03,-5.2133069E+00,-4.5953064E-02
-3.944090E-03,-5.2096448E+00,-2.5658875E-02
-3.940813E-03,-5.2108655E+00,-1.1086731E-02
-3.937536E-03,-5.2151379E+00,8.4445190E-03
-3.934259E-03,-5.2261243E+00,2.4084778E-02
-3.930982E-03,-5.2221570E+00,4.3539734E-02
-3.927706E-03,-5.2197156E+00,5.8264465E-02
-3.924429E-03,-5.2163586E+00,7.8177185E-02
-3.921152E-03,-5.2108655E+00,9.3970032E-02
-3.917875E-03,-5.2130017E+00,1.1342499E-01
-3.914598E-03,-5.2117810E+00,1.2898895E-01
-3.911322E-03,-5.2142224E+00,1.4775726E-01
-3.908045E-03,-5.2117810E+00,1.6370270E-01
-3.904768E-03,-5.2157483E+00,1.8140289E-01
-3.901491E-03,-5.2157483E+00,1.9681427E-01
-3.898214E-03,-5.2178845E+00,2.1672699E-01
-3.894938E-03,-5.2224622E+00,2.3213837E-01
-3.891661E-03,-5.2120862E+00,2.5052521E-01
-3.888384E-03,-5.2166638E+00,2.6532623E-01
-3.885107E-03,-5.2084241E+00,2.8356049E-01
-3.881830E-03,-5.2093396E+00,2.9851410E-01
-3.878554E-03,-5.2120862E+00,3.1697723E-01
-3.875277E-03,-5.2154431E+00,3.3147308E-01
-3.872000E-03,-5.2203259E+00,3.4970734E-01
-3.868723E-03,-5.2264294E+00,3.6488983E-01
-3.865446E-03,-5.2285657E+00,3.8304779E-01
-3.862170E-03,-5.2255139E+00,3.9716217E-01
-3.858893E-03,-5.2258191E+00,4.1379425E-01
-3.855616E-03,-5.2319226E+00,4.2737457E-01
-3.852339E-03,-5.2343640E+00,4.4362518E-01
-3.849062E-03,-5.2319226E+00,4.5743439E-01
-3.845786E-03,-5.2331433E+00,4.7376129E-01
-3.842509E-03,-5.2294812E+00,4.8581573E-01
-3.839232E-03,-5.2316174E+00,5.0267670E-01
-3.835955E-03,-5.2267346E+00,5.1564667E-01
-3.832678E-03,-5.2261243E+00,5.3136322E-01
-3.829402E-03,-5.2249036E+00,5.4494354E-01
-3.826125E-03,-5.2206311E+00,5.5951569E-01
-3.822848E-03,-5.2197156E+00,5.7210419E-01
-3.819571E-03,-5.2157483E+00,5.8515045E-01
-3.816294E-03,-5.2194104E+00,5.9705231E-01
-3.813018E-03,-5.2130017E+00,6.1002228E-01
-3.809741E-03,-5.2044568E+00,6.2222931E-01
-3.806464E-03,-5.2047620E+00,6.3565704E-01
-3.803187E-03,-5.1962170E+00,6.4656708E-01
-3.799910E-03,-5.1946912E+00,6.5869781E-01
-3.796634E-03,-5.1934705E+00,6.6945526E-01
-3.793357E-03,-5.1959119E+00,6.8234894E-01
-3.790080E-03,-5.1974377E+00,6.9180939E-01
-3.786803E-03,-5.2044568E+00,7.0424530E-01
-3.783526E-03,-5.1968274E+00,7.1317169E-01
-3.780250E-03,-5.2004895E+00,7.2484467E-01
-3.776973E-03,-5.1953015E+00,7.3392365E-01
-3.773696E-03,-5.2007947E+00,7.4498627E-01
-3.770419E-03,-5.1928601E+00,7.5322601E-01
-3.767142E-03,-5.1946912E+00,7.6314423E-01
-3.763866E-03,-5.1953015E+00,7.7039215E-01
-3.760589E-03,-5.1910291E+00,7.7939484E-01
-3.757312E-03,-5.1959119E+00,7.8649017E-01
-3.754035E-03,-5.1931653E+00,7.9396698E-01
-3.750758E-03,-5.1949963E+00,8.0090973E-01
-3.747482E-03,-5.1931653E+00,8.0846283E-01
-3.744205E-03,-5.1940808E+00,8.1532928E-01
-3.740928E-03,-5.1977429E+00,8.2227203E-01
-3.737651E-03,-5.1986584E+00,8.2738373E-01
-3.734374E-03,-5.1998792E+00,8.3333466E-01
-3.731098E-03,-5.1986584E+00,8.3882782E-01
-3.727821E-03,-5.2007947E+00,8.4393951E-01
-3.724544E-03,-5.1971326E+00,8.4836456E-01
-3.721267E-03,-5.1940808E+00,8.5309479E-01
-3.717990E-03,-5.2001843E+00,8.5744354E-01
-3.714714E-03,-5.1940808E+00,8.6087677E-01
-3.711437E-03,-5.1876721E+00,8.6453888E-01
-3.708160E-03,-5.1895032E+00,8.6774323E-01
-3.704883E-03,-5.1818738E+00,8.6980316E-01
-3.701606E-03,-5.1873669E+00,8.7193939E-01
-3.698330E-03,-5.1837048E+00,8.7323639E-01
-3.695053E-03,-5.1855359E+00,8.7567780E-01
-3.691776E-03,-5.1873669E+00,8.7659332E-01
-3.688499E-03,-5.1803479E+00,8.7644073E-01
-3.685222E-03,-5.1785168E+00,8.7727997E-01
-3.681946E-03,-5.1818738E+00,8.7789032E-01
-3.678669E-03,-5.1760754E+00,8.7697479E-01
-3.675392E-03,-5.1800427E+00,8.7674591E-01
-3.672115E-03,-5.1867566E+00,8.7499115E-01
-3.668838E-03,-5.1879773E+00,8.7377045E-01
-3.665562E-03,-5.1953015E+00,8.7239716E-01
-3.662285E-03,-5.1992688E+00,8.7056610E-01
-3.659008E-03,-5.1962170E+00,8.6789581E-01
-3.655731E-03,-5.2001843E+00,8.6461517E-01
-3.652454E-03,-5.2032361E+00,8.6255524E-01
-3.649178E-03,-5.2078137E+00,8.5858795E-01
-3.645901E-03,-5.2068982E+00,8.5469696E-01
-3.642624E-03,-5.2075085E+00,8.5057709E-01
-3.639347E-03,-5.2065930E+00,8.4653351E-01
-3.636070E-03,-5.2050671E+00,8.4096405E-01
-3.632794E-03,-5.1998792E+00,8.3631012E-01
-3.629517E-03,-5.1962170E+00,8.3005402E-01
-3.626240E-03,-5.1946912E+00,8.2494232E-01
-3.622963E-03,-5.1882825E+00,8.1784698E-01
-3.619686E-03,-5.1931653E+00,8.1174347E-01
-3.616410E-03,-5.1974377E+00,8.0480072E-01
-3.613133E-03,-5.2029309E+00,7.9793427E-01
-3.609856E-03,-5.2047620E+00,7.8992340E-01
-3.606579E-03,-5.2072034E+00,7.8221771E-01
-3.603302E-03,-5.2130017E+00,7.7451202E-01
-3.600026E-03,-5.2151379E+00,7.6581451E-01
-3.596749E-03,-5.2230725E+00,7.5719330E-01
-3.593472E-03,-5.2224622E+00,7.4857208E-01
-3.590195E-03,-5.2224622E+00,7.3827240E-01
-3.586918E-03,-5.2172742E+00,7.2942230E-01
-3.583642E-03,-5.2169690E+00,7.1904633E-01
-3.580365E-03,-5.2142224E+00,7.1011993E-01
-3.577088E-03,-5.2093396E+00,6.9791290E-01
-3.573811E-03,-5.2078137E+00,6.8829987E-01
-3.570534E-03,-5.1992688E+00,6.7716095E-01
-3.567258E-03,-5.1983533E+00,6.6663239E-01
-3.563981E-03,-5.1888928E+00,6.5358612E-01
-3.560704E-03,-5.1901135E+00,6.4237091E-01
-3.557427E-03,-5.1824841E+00,6.3039276E-01
-3.554150E-03,-5.1904187E+00,6.1849091E-01
-3.550874E-03,-5.1870618E+00,6.0513947E-01
-3.547597E-03,-5.1876721E+00,5.9247467E-01
-3.544320E-03,-5.1943860E+00,5.7958099E-01
-3.541043E-03,-5.1919446E+00,5.6745026E-01
-3.537766E-03,-5.1953015E+00,5.5287811E-01
-3.534490E-03,-5.1925549E+00,5.3945038E-01
-3.531213E-03,-5.1904187E+00,5.2419159E-01
-3.527936E-03,-5.1949963E+00,5.1152679E-01
-3.524659E-03,-5.1891980E+00,4.9542877E-01
-3.521382E-03,-5.1919446E+00,4.8268768E-01
-3.518106E-03,-5.1922498E+00,4.6643707E-01
-3.514829E-03,-5.1876721E+00,4.5262787E-01
-3.511552E-03,-5.1922498E+00,4.3584320E-01
-3.508275E-03,-5.1882825E+00,4.2157623E-01
-3.504998E-03,-5.1867566E+00,4.0418121E-01
-3.501722E-03,-5.1885876E+00,3.9029572E-01
-3.498445E-03,-5.1800427E+00,3.7244293E-01
-3.495168E-03,-5.1803479E+00,3.5871002E-01
-3.491891E-03,-5.1721082E+00,3.4085724E-01
-3.488614E-03,-5.1742444E+00,3.2559845E-01
-3.485338E-03,-5.1696667E+00,3.0805084E-01
-3.482061E-03,-5.1730237E+00,2.9294464E-01
-3.478784E-03,-5.1733289E+00,2.7448151E-01
-3.475507E-03,-5.1714978E+00,2.5945160E-01
-3.472230E-03,-5.1742444E+00,2.4091217E-01
-3.468954E-03,-5.1675305E+00,2.2702667E-01
-3.465677E-03,-5.1718030E+00,2.0848724E-01
-3.462400E-03,-5.1687512E+00,1.9269440E-01
-3.459123E-03,-5.1727185E+00,1.7346832E-01
-3.455846E-03,-5.1733289E+00,1.5889618E-01
-3.452570E-03,-5.1730237E+00,1.3867828E-01
-3.449293E-03,-5.1803479E+00,1.2349579E-01
-3.446016E-03,-5.1812634E+00,1.0381195E-01
-3.442739E-03,-5.1830945E+00,8.8324280E-02
-3.439462E-03,-5.1864514E+00,6.8335266E-02
-3.436186E-03,-5.1867566E+00,5.3076477E-02
-3.432909E-03,-5.1946912E+00,3.4155579E-02
-3.429632E-03,-5.1940808E+00,1.8286438E-02
-3.426355E-03,-5.1928601E+00,-1.3973999E-03
-3.423078E-03,-5.1953015E+00,-1.6808777E-02
-3.419802E-03,-5.1840100E+00,-3.6034851E-02
-3.416525E-03,-5.1779065E+00,-5.1751404E-02
-3.413248E-03,-5.1788220E+00,-7.0748596E-02
-3.409971E-03,-5.1846204E+00,-8.6617737E-02
-3.406694E-03,-5.1852307E+00,-1.0530975E-01
-3.403418E-03,-5.1898083E+00,-1.2018707E-01
-3.400141E-03,-5.1925549E+00,-1.3834503E-01
-3.396864E-03,-5.1904187E+00,-1.5352753E-01
-3.393587E-03,-5.1943860E+00,-1.7229584E-01
-3.390310E-03,-5.1907239E+00,-1.8785980E-01
-3.387034E-03,-5.1904187E+00,-2.0601776E-01
-3.383757E-03,-5.1916394E+00,-2.2135284E-01
-3.380480E-03,-5.1913342E+00,-2.3943451E-01
-3.377203E-03,-5.1925549E+00,-2.5476959E-01
-3.373926E-03,-5.1959119E+00,-2.7163055E-01
-3.370650E-03,-5.1910291E+00,-2.8673676E-01
-3.367373E-03,-5.1937756E+00,-3.0458954E-01
-3.364096E-03,-5.1904187E+00,-3.1946686E-01
-3.360819E-03,-5.1879773E+00,-3.3602264E-01
-3.357542E-03,-5.1846204E+00,-3.4967926E-01
-3.354266E-03,-5.1800427E+00,-3.6623505E-01
-3.350989E-03,-5.1864514E+00,-3.8141754E-01
-3.347712E-03,-5.1846204E+00,-3.9675262E-01
-3.344435E-03,-5.1891980E+00,-4.1185883E-01
-3.341158E-03,-5.1873669E+00,-4.2772797E-01
-3.337882E-03,-5.1858411E+00,-4.4161346E-01
-3.334605E-03,-5.1919446E+00,-4.5626190E-01
-3.331328E-03,-5.1815686E+00,-4.6938446E-01
-3.328051E-03,-5.1830945E+00,-4.8456696E-01
-3.324774E-03,-5.1727185E+00,-4.9654510E-01
-3.321498E-03,-5.1748547E+00,-5.1096466E-01
-3.318221E-03,-5.1748547E+00,-5.2355316E-01
-3.314944E-03,-5.1797375E+00,-5.3774384E-01
-3.311667E-03,-5.1824841E+00,-5.5010345E-01
-3.308390E-03,-5.1901135E+00,-5.6345490E-01
-3.305114E-03,-5.1959119E+00,-5.7428864E-01
-3.301837E-03,-5.1995740E+00,-5.8817413E-01
-3.298560E-03,-5.2050671E+00,-5.9862640E-01
-3.295283E-03,-5.2001843E+00,-6.1129120E-01
-3.292006E-03,-5.1974377E+00,-6.2105682E-01
-3.288730E-03,-5.1934705E+00,-6.3288239E-01
-3.285453E-03,-5.1925549E+00,-6.4264801E-01
-3.282176E-03,-5.1852307E+00,-6.5371063E-01
-3.278899E-03,-5.1830945E+00,-6.6301849E-01
-3.275622E-03,-5.1815686E+00,-6.7339447E-01
-3.272346E-03,-5.1803479E+00,-6.8224457E-01
-3.269069E-03,-5.1840100E+00,-6.9155243E-01
-3.265792E-03,-5.1809583E+00,-7.0002106E-01
-3.262515E-03,-5.1824841E+00,-7.0932892E-01
-3.259238E-03,-5.1769910E+00,-7.1680573E-01
-3.255962E-03,-5.1772961E+00,-7.2550323E-01
-3.252685E-03,-5.1815686E+00,-7.3313263E-01
-3.249408E-03,-5.1794324E+00,-7.4160126E-01
-3.246131E-03,-5.1797375E+00,-7.4793365E-01
-3.242854E-03,-5.1830945E+00,-7.5518158E-01
-3.239578E-03,-5.1940808E+00,-7.6120880E-01
-3.236301E-03,-5.1940808E+00,-7.6784637E-01
-3.233024E-03,-5.1940808E+00,-7.7227142E-01
-3.229747E-03,-5.1882825E+00,-7.7768829E-01
-3.226470E-03,-5.1791272E+00,-7.8135040E-01
-3.223194E-03,-5.1779065E+00,-7.8676727E-01
-3.219917E-03,-5.1727185E+00,-7.9081085E-01
-3.216640E-03,-5.1653943E+00,-7.9538849E-01
-3.213363E-03,-5.1702771E+00,-7.9828766E-01
-3.210086E-03,-5.1681409E+00,-8.0217865E-01
-3.206810E-03,-5.1708875E+00,-8.0423859E-01
-3.203533E-03,-5.1751599E+00,-8.0683258E-01
-3.200256E-03,-5.1763806E+00,-8.0843475E-01
-3.196979E-03,-5.1745496E+00,-8.1087616E-01
-3.193702E-03,-5.1833997E+00,-8.1148651E-01
-3.190426E-03,-5.1818738E+00,-8.1293610E-01
-3.187149E-03,-5.1888928E+00,-8.1324127E-01
-3.183872E-03,-5.1830945E+00,-8.1438568E-01
-3.180595E-03,-5.1898083E+00,-8.1377533E-01
-3.177318E-03,-5.1919446E+00,-8.1438568E-01
-3.174042E-03,-5.1870618E+00,-8.1369904E-01
-3.170765E-03,-5.1910291E+00,-8.1263092E-01
-3.167488E-03,-5.1840100E+00,-8.1034210E-01
-3.164211E-03,-5.1891980E+00,-8.0919769E-01
-3.160934E-03,-5.1870618E+00,-8.0736664E-01
-3.157658E-03,-5.1852307E+00,-8.0431488E-01
-3.154381E-03,-5.1879773E+00,-8.0194977E-01
-3.151104E-03,-5.1843152E+00,-7.9836395E-01
-3.147827E-03,-5.1864514E+00,-7.9554108E-01
-3.144550E-03,-5.1870618E+00,-7.9042938E-01
-3.141274E-03,-5.1925549E+00,-7.8608063E-01
-3.137997E-03,-5.1904187E+00,-7.8165558E-01
-3.134720E-03,-5.1913342E+00,-7.7654388E-01
-3.131443E-03,-5.1870618E+00,-7.7097443E-01
-3.128166E-03,-5.1852307E+00,-7.6586273E-01
-3.124890E-03,-5.1867566E+00,-7.5953033E-01
-3.121613E-03,-5.1827893E+00,-7.5335052E-01
-3.118336E-03,-5.1885876E+00,-7.4709442E-01
-3.115059E-03,-5.1864514E+00,-7.4038055E-01
-3.111782E-03,-5.1803479E+00,-7.3252228E-01
-3.108506E-03,-5.1772961E+00,-7.2489288E-01
-3.105229E-03,-5.1727185E+00,-7.1611908E-01
-3.101952E-03,-5.1699719E+00,-7.0894745E-01
-3.098675E-03,-5.1745496E+00,-6.9872406E-01
-3.095398E-03,-5.1751599E+00,-6.9002655E-01
-3.092122E-03,-5.1769910E+00,-6.8010834E-01
-3.088845E-03,-5.1779065E+00,-6.7202118E-01
-3.085568E-03,-5.1779065E+00,-6.6118744E-01
-3.082291E-03,-5.1788220E+00,-6.5287140E-01
-3.079014E-03,-5.1812634E+00,-6.4096954E-01
-3.075738E-03,-5.1827893E+00,-6.3135651E-01
-3.072461E-03,-5.1873669E+00,-6.1892059E-01
-3.069184E-03,-5.1895032E+00,-6.0907867E-01
-3.065907E-03,-5.1904187E+00,-5.9626129E-01
-3.062630E-03,-5.1913342E+00,-5.8588531E-01
-3.059354E-03,-5.1891980E+00,-5.7283905E-01
-3.056077E-03,-5.1922498E+00,-5.6086090E-01
-3.052800E-03,-5.1858411E+00,-5.4804352E-01
-3.049523E-03,-5.1821790E+00,-5.3568390E-01
-3.046246E-03,-5.1791272E+00,-5.2095917E-01
-3.042970E-03,-5.1809583E+00,-5.0882843E-01
-3.039693E-03,-5.1815686E+00,-4.9417999E-01
-3.036416E-03,-5.1800427E+00,-4.8189667E-01
-3.033139E-03,-5.1791272E+00,-4.6595123E-01
-3.029862E-03,-5.1748547E+00,-4.5282867E-01
-3.026586E-03,-5.1785168E+00,-4.3810394E-01
-3.023309E-03,-5.1785168E+00,-4.2444733E-01
-3.020032E-03,-5.1809583E+00,-4.0804413E-01
-3.016755E-03,-5.1891980E+00,-3.9507416E-01
-3.013478E-03,-5.1846204E+00,-3.7813690E-01
-3.010202E-03,-5.1974377E+00,-3.6455658E-01
-3.006925E-03,-5.1983533E+00,-3.4723785E-01
-3.003648E-03,-5.1974377E+00,-3.3365753E-01
-3.000371E-03,-5.1937756E+00,-3.1710175E-01
-2.997094E-03,-5.1922498E+00,-3.0138519E-01
-2.993818E-03,-5.1895032E+00,-2.8391388E-01
-2.990541E-03,-5.1879773E+00,-2.6918915E-01
-2.987264E-03,-5.1855359E+00,-2.5110748E-01
-2.983987E-03,-5.1858411E+00,-2.3638275E-01
-2.980710E-03,-5.1815686E+00,-2.1822479E-01
-2.977434E-03,-5.1824841E+00,-2.0311859E-01
-2.974157E-03,-5.1757703E+00,-1.8511322E-01
-2.970880E-03,-5.1788220E+00,-1.6985443E-01
-2.967603E-03,-5.1769910E+00,-1.5001801E-01
-2.964326E-03,-5.1724133E+00,-1.3567474E-01
-2.961050E-03,-5.1818738E+00,-1.1629608E-01
-2.957773E-03,-5.1779065E+00,-1.0096100E-01
-2.954496E-03,-5.1776013E+00,-8.2192688E-02
-2.951219E-03,-5.1730237E+00,-6.6933899E-02
-2.947942E-03,-5.1745496E+00,-4.7860413E-02
-2.944666E-03,-5.1638684E+00,-3.2372742E-02
-2.941389E-03,-5.1641736E+00,-1.2841492E-02
-2.938112E-03,-5.1586804E+00,2.4935913E-03
-2.934835E-03,-5.1565442E+00,2.2177429E-02
-2.931558E-03,-5.1620374E+00,3.7436218E-02
-2.928282E-03,-5.1574597E+00,5.6433411E-02
-2.925005E-03,-5.1577649E+00,7.2455139E-02
-2.921728E-03,-5.1544080E+00,9.1910095E-02
-2.918451E-03,-5.1565442E+00,1.0671112E-01
-2.915174E-03,-5.1550183E+00,1.2692902E-01
-2.911898E-03,-5.1583752E+00,1.4195892E-01
-2.908621E-03,-5.1553235E+00,1.6057465E-01
-2.905344E-03,-5.1519666E+00,1.7621490E-01
-2.902067E-03,-5.1595959E+00,1.9544098E-01
-2.898790E-03,-5.1510510E+00,2.1153900E-01
-2.895514E-03,-5.1553235E+00,2.2878143E-01
-2.892237E-03,-5.1553235E+00,2.4442169E-01
-2.888960E-03,-5.1525769E+00,2.6326630E-01
-2.885683E-03,-5.1565442E+00,2.7760956E-01
-2.882406E-03,-5.1562390E+00,2.9584381E-01
-2.879130E-03,-5.1611218E+00,3.1095001E-01
-2.875853E-03,-5.1699719E+00,3.2941315E-01
-2.872576E-03,-5.1675305E+00,3.4451935E-01
-2.869299E-03,-5.1727185E+00,3.6168549E-01
-2.866022E-03,-5.1745496E+00,3.7610504E-01
-2.862746E-03,-5.1675305E+00,3.9296600E-01
-2.859469E-03,-5.1696667E+00,4.0761444E-01
-2.856192E-03,-5.1702771E+00,4.2371246E-01
-2.852915E-03,-5.1693616E+00,4.3904755E-01
-2.849638E-03,-5.1684460E+00,4.5499298E-01
-2.846362E-03,-5.1690564E+00,4.6895477E-01
-2.843085E-03,-5.1666150E+00,4.8512909E-01
-2.839808E-03,-5.1663098E+00,4.9825165E-01
-2.836531E-03,-5.1656995E+00,5.1358673E-01
-2.833254E-03,-5.1617322E+00,5.2739594E-01
-2.829978E-03,-5.1653943E+00,5.4288361E-01
-2.826701E-03,-5.1672253E+00,5.5531952E-01
-2.823424E-03,-5.1672253E+00,5.6996796E-01
-2.820147E-03,-5.1690564E+00,5.8248016E-01
-2.816870E-03,-5.1730237E+00,5.9529755E-01
-2.813594E-03,-5.1742444E+00,6.0697052E-01
-2.810317E-03,-5.1769910E+00,6.2016937E-01
-2.807040E-03,-5.1730237E+00,6.3168976E-01
-2.803763E-03,-5.1681409E+00,6.4412567E-01
-2.800486E-03,-5.1705823E+00,6.5556976E-01
-2.797210E-03,-5.1693616E+00,6.6777679E-01
-2.793933E-03,-5.1733289E+00,6.7792389E-01
-2.790656E-03,-5.1693616E+00,6.9043610E-01
-2.787379E-03,-5.1623425E+00,6.9989655E-01
-2.784102E-03,-5.1653943E+00,7.1179840E-01
-2.780826E-03,-5.1644788E+00,7.2156403E-01
-2.777549E-03,-5.1595959E+00,7.3186371E-01
-2.774272E-03,-5.1629529E+00,7.4094269E-01
-2.770995E-03,-5.1666150E+00,7.5078461E-01
-2.767718E-03,-5.1757703E+00,7.5963470E-01
-2.764442E-03,-5.1678357E+00,7.6817963E-01
-2.761165E-03,-5.1724133E+00,7.7619049E-01
-2.757888E-03,-5.1681409E+00,7.8366730E-01
-2.754611E-03,-5.1702771E+00,7.9099152E-01
-2.751334E-03,-5.1675305E+00,8.0007050E-01
-2.748058E-03,-5.1678357E+00,8.0663177E-01
-2.744781E-03,-5.1702771E+00,8.1387970E-01
-2.741504E-03,-5.1711926E+00,8.1944916E-01
-2.738227E-03,-5.1745496E+00,8.2608673E-01
-2.734950E-03,-5.1763806E+00,8.3234283E-01
-2.731674E-03,-5.1757703E+00,8.3768341E-01
-2.728397E-03,-5.1742444E+00,8.4256622E-01
-2.725120E-03,-5.1806531E+00,8.4790680E-01
-2.721843E-03,-5.1779065E+00,8.5088226E-01
-2.718566E-03,-5.1815686E+00,8.5591766E-01
-2.715290E-03,-5.1791272E+00,8.5889313E-01
-2.712013E-03,-5.1785168E+00,8.6286041E-01
-2.708736E-03,-5.1785168E+00,8.6614105E-01
-2.705459E-03,-5.1824841E+00,8.6820099E-01
-2.702182E-03,-5.1858411E+00,8.7056610E-01
-2.698906E-03,-5.1843152E+00,8.7224457E-01
-2.695629E-03,-5.1888928E+00,8.7430450E-01
-2.692352E-03,-5.1846204E+00,8.7506744E-01
-2.689075E-03,-5.1766858E+00,8.7605927E-01
-2.685798E-03,-5.1776013E+00,8.7682220E-01
-2.682522E-03,-5.1687512E+00,8.7727997E-01
-2.679245E-03,-5.1684460E+00,8.7674591E-01
-2.675968E-03,-5.1663098E+00,8.7605927E-01
-2.672691E-03,-5.1635632E+00,8.7583038E-01
-2.669414E-03,-5.1602063E+00,8.7460968E-01
-2.666138E-03,-5.1626477E+00,8.7293121E-01
-2.662861E-03,-5.1638684E+00,8.7140533E-01
-2.659584E-03,-5.1644788E+00,8.6820099E-01
-2.656307E-03,-5.1635632E+00,8.6537811E-01
-2.653030E-03,-5.1641736E+00,8.6232635E-01
-2.649754E-03,-5.1672253E+00,8.5957977E-01
-2.646477E-03,-5.1623425E+00,8.5561249E-01
-2.643200E-03,-5.1589856E+00,8.5179779E-01
-2.639923E-03,-5.1650891E+00,8.4691498E-01
-2.636646E-03,-5.1632581E+00,8.4264252E-01
-2.633370E-03,-5.1699719E+00,8.3806488E-01
-2.630093E-03,-5.1617322E+00,8.3241913E-01
-2.626816E-03,-5.1589856E+00,8.2654449E-01
-2.623539E-03,-5.1562390E+00,8.2189056E-01
-2.620262E-03,-5.1589856E+00,8.1387970E-01
-2.616986E-03,-5.1602063E+00,8.0731842E-01
-2.613709E-03,-5.1629529E+00,7.9907867E-01
-2.610432E-03,-5.1617322E+00,7.9167816E-01
-2.607155E-03,-5.1632581E+00,7.8381989E-01
-2.603878E-03,-5.1632581E+00,7.7680084E-01
-2.600602E-03,-5.1611218E+00,7.6741669E-01
-2.597325E-03,-5.1614270E+00,7.6055023E-01
-2.594048E-03,-5.1592908E+00,7.5040314E-01
-2.590771E-03,-5.1602063E+00,7.4231598E-01
-2.587494E-03,-5.1632581E+00,7.3125336E-01
-2.584218E-03,-5.1629529E+00,7.2240326E-01
-2.580941E-03,-5.1714978E+00,7.1217987E-01
-2.577664E-03,-5.1769910E+00,7.0226166E-01
-2.574387E-03,-5.1769910E+00,6.8952057E-01
-2.571110E-03,-5.1885876E+00,6.8051788E-01
-2.567834E-03,-5.1864514E+00,6.6701385E-01
-2.564557E-03,-5.1922498E+00,6.5564606E-01
-2.561280E-03,-5.1986584E+00,6.4244720E-01
-2.558003E-03,-5.1907239E+00,6.3214752E-01
-2.554726E-03,-5.1928601E+00,6.1894867E-01
-2.551450E-03,-5.1916394E+00,6.0712311E-01
-2.548173E-03,-5.1910291E+00,5.9331390E-01
-2.544896E-03,-5.1888928E+00,5.8141205E-01
-2.541619E-03,-5.1928601E+00,5.6729767E-01
-2.538342E-03,-5.1882825E+00,5.5577728E-01
-2.535066E-03,-5.1943860E+00,5.4089996E-01
-2.531789E-03,-5.1943860E+00,5.2762482E-01
-2.528512E-03,-5.1949963E+00,5.1175568E-01
-2.525235E-03,-5.1956067E+00,4.9909088E-01
-2.521958E-03,-5.1946912E+00,4.8345062E-01
-2.518682E-03,-5.1913342E+00,4.7078583E-01
-2.515405E-03,-5.1901135E+00,4.5346710E-01
-2.512128E-03,-5.1855359E+00,4.4011566E-01
-2.508851E-03,-5.1901135E+00,4.2302582E-01
-2.505574E-03,-5.1827893E+00,4.0936920E-01
-2.502298E-03,-5.1852307E+00,3.9197418E-01
-2.499021E-03,-5.1815686E+00,3.7717316E-01
-2.495744E-03,-5.1757703E+00,3.5932037E-01
-2.492467E-03,-5.1855359E+00,3.4520599E-01
-2.489190E-03,-5.1840100E+00,3.2643768E-01
-2.485914E-03,-5.1818738E+00,3.1270477E-01
-2.482637E-03,-5.1846204E+00,2.9347870E-01
-2.479360E-03,-5.1803479E+00,2.7867767E-01
-2.476083E-03,-5.1858411E+00,2.6082489E-01
-2.472806E-03,-5.1861462E+00,2.4548981E-01
-2.469530E-03,-5.1910291E+00,2.2687408E-01
-2.466253E-03,-5.1885876E+00,2.1222565E-01
-2.462976E-03,-5.1913342E+00,1.9231293E-01
-2.459699E-03,-5.1870618E+00,1.7705414E-01
-2.456422E-03,-5.1840100E+00,1.5881989E-01
-2.453146E-03,-5.1827893E+00,1.4356110E-01
-2.449869E-03,-5.1791272E+00,1.2456390E-01
-2.446592E-03,-5.1739392E+00,1.0877106E-01
-2.443315E-03,-5.1714978E+00,9.0231628E-02
-2.440038E-03,-5.1690564E+00,7.4057312E-02
-2.436762E-03,-5.1705823E+00,5.5670471E-02
-2.433485E-03,-5.1699719E+00,3.9419861E-02
-2.430208E-03,-5.1739392E+00,2.0651550E-02
-2.426931E-03,-5.1733289E+00,5.2401733E-03
-2.423654E-03,-5.1788220E+00,-1.4291077E-02
-2.420378E-03,-5.1812634E+00,-3.0694275E-02
-2.417101E-03,-5.1873669E+00,-4.9386292E-02
-2.413824E-03,-5.1904187E+00,-6.5179138E-02
-2.410547E-03,-5.1910291E+00,-8.3642273E-02
-2.407270E-03,-5.1922498E+00,-9.9892883E-02
-2.403994E-03,-5.1928601E+00,-1.1843231E-01
-2.400717E-03,-5.1873669E+00,-1.3361481E-01
-2.397440E-03,-5.1919446E+00,-1.5207794E-01
-2.394163E-03,-5.1855359E+00,-1.6741302E-01
-2.390886E-03,-5.1919446E+00,-1.8572357E-01
-2.387610E-03,-5.1916394E+00,-2.0144012E-01
-2.384333E-03,-5.1898083E+00,-2.1921661E-01
-2.381056E-03,-5.1876721E+00,-2.3439911E-01
-2.377779E-03,-5.1895032E+00,-2.5110748E-01
-2.374502E-03,-5.1891980E+00,-2.6667145E-01
-2.371226E-03,-5.1895032E+00,-2.8353241E-01
-2.367949E-03,-5.1879773E+00,-2.9886749E-01
-2.364672E-03,-5.1937756E+00,-3.1664398E-01
-2.361395E-03,-5.1901135E+00,-3.3182648E-01
-2.358118E-03,-5.1956067E+00,-3.4777191E-01
-2.354842E-03,-5.1919446E+00,-3.6242035E-01
-2.351565E-03,-5.1919446E+00,-3.7859467E-01
-2.348288E-03,-5.1882825E+00,-3.9309052E-01
-2.345011E-03,-5.1861462E+00,-4.0873077E-01
-2.341734E-03,-5.1803479E+00,-4.2292145E-01
-2.338458E-03,-5.1794324E+00,-4.3879059E-01
-2.335181E-03,-5.1721082E+00,-4.5168427E-01
-2.331904E-03,-5.1739392E+00,-4.6740082E-01
-2.328627E-03,-5.1748547E+00,-4.8014191E-01
-2.325350E-03,-5.1736340E+00,-4.9440887E-01
-2.322074E-03,-5.1754651E+00,-5.0829437E-01
-2.318797E-03,-5.1794324E+00,-5.2156952E-01
-2.315520E-03,-5.1791272E+00,-5.3438690E-01
-2.312243E-03,-5.1748547E+00,-5.4789093E-01
-2.308966E-03,-5.1684460E+00,-5.5979279E-01
-2.305690E-03,-5.1678357E+00,-5.7238129E-01
-2.302413E-03,-5.1650891E+00,-5.8283356E-01
-2.299136E-03,-5.1617322E+00,-5.9649017E-01
-2.295859E-03,-5.1611218E+00,-6.0579803E-01
-2.292582E-03,-5.1583752E+00,-6.1823395E-01
-2.289306E-03,-5.1507458E+00,-6.2830475E-01
-2.286029E-03,-5.1568494E+00,-6.4043549E-01
-2.282752E-03,-5.1568494E+00,-6.5012482E-01
-2.279475E-03,-5.1537976E+00,-6.6149261E-01
-2.276198E-03,-5.1583752E+00,-6.7026642E-01
-2.272922E-03,-5.1602063E+00,-6.8026093E-01
-2.269645E-03,-5.1696667E+00,-6.8918732E-01
-2.266368E-03,-5.1641736E+00,-6.9902924E-01
-2.263091E-03,-5.1718030E+00,-7.0696381E-01
-2.259814E-03,-5.1742444E+00,-7.1573761E-01
-2.256538E-03,-5.1779065E+00,-7.2329071E-01
-2.253261E-03,-5.1742444E+00,-7.3206451E-01
-2.249984E-03,-5.1687512E+00,-7.3893097E-01
-2.246707E-03,-5.1702771E+00,-7.4556854E-01
-2.243430E-03,-5.1687512E+00,-7.5159576E-01
-2.240154E-03,-5.1733289E+00,-7.5853851E-01
-2.236877E-03,-5.1748547E+00,-7.6448944E-01
-2.233600E-03,-5.1739392E+00,-7.7036407E-01
-2.230323E-03,-5.1754651E+00,-7.7501801E-01
-2.227046E-03,-5.1727185E+00,-7.8020599E-01
-2.223770E-03,-5.1754651E+00,-7.8524139E-01
-2.220493E-03,-5.1718030E+00,-7.8989532E-01
-2.217216E-03,-5.1763806E+00,-7.9332855E-01
-2.213939E-03,-5.1708875E+00,-7.9737213E-01
-2.210662E-03,-5.1757703E+00,-8.0004242E-01
-2.207386E-03,-5.1751599E+00,-8.0400970E-01
-2.204109E-03,-5.1733289E+00,-8.0606964E-01
-2.200832E-03,-5.1806531E+00,-8.0843475E-01
-2.197555E-03,-5.1705823E+00,-8.1018951E-01
-2.194278E-03,-5.1733289E+00,-8.1186798E-01
-2.191002E-03,-5.1708875E+00,-8.1240204E-01
-2.187725E-03,-5.1669202E+00,-8.1324127E-01
-2.184448E-03,-5.1663098E+00,-8.1347015E-01
-2.181171E-03,-5.1669202E+00,-8.1301239E-01
-2.177894E-03,-5.1605115E+00,-8.1301239E-01
-2.174618E-03,-5.1666150E+00,-8.1301239E-01
-2.171341E-03,-5.1623425E+00,-8.1171539E-01
-2.168064E-03,-5.1672253E+00,-8.1064728E-01
-2.164787E-03,-5.1736340E+00,-8.0851105E-01
-2.161510E-03,-5.1705823E+00,-8.0606964E-01
-2.158234E-03,-5.1776013E+00,-8.0370453E-01
-2.154957E-03,-5.1812634E+00,-8.0126312E-01
-2.151680E-03,-5.1846204E+00,-7.9844025E-01
-2.148403E-03,-5.1785168E+00,-7.9454926E-01
-2.145126E-03,-5.1757703E+00,-7.9142120E-01
-2.141850E-03,-5.1693616E+00,-7.8600433E-01
-2.138573E-03,-5.1711926E+00,-7.8218964E-01
-2.135296E-03,-5.1663098E+00,-7.7684906E-01
-2.132019E-03,-5.1678357E+00,-7.7166107E-01
-2.128742E-03,-5.1699719E+00,-7.6548126E-01
-2.125466E-03,-5.1663098E+00,-7.6082733E-01
-2.122189E-03,-5.1635632E+00,-7.5365570E-01
-2.118912E-03,-5.1623425E+00,-7.4762848E-01
-2.115635E-03,-5.1544080E+00,-7.3969391E-01
-2.112358E-03,-5.1556287E+00,-7.3313263E-01
-2.109082E-03,-5.1583752E+00,-7.2420624E-01
-2.105805E-03,-5.1586804E+00,-7.1741608E-01
-2.102528E-03,-5.1641736E+00,-7.0848969E-01
-2.099251E-03,-5.1663098E+00,-7.0070770E-01
-2.095974E-03,-5.1650891E+00,-6.9063690E-01
-2.092698E-03,-5.1656995E+00,-6.8270233E-01
-2.089421E-03,-5.1739392E+00,-6.7278412E-01
-2.086144E-03,-5.1779065E+00,-6.6431549E-01
-2.082867E-03,-5.1809583E+00,-6.5287140E-01
-2.079590E-03,-5.1837048E+00,-6.4302948E-01
-2.076314E-03,-5.1846204E+00,-6.3150909E-01
-2.073037E-03,-5.1888928E+00,-6.2197235E-01
-2.069760E-03,-5.1904187E+00,-6.0961273E-01
-2.066483E-03,-5.1949963E+00,-5.9916046E-01
-2.063206E-03,-5.1888928E+00,-5.8550385E-01
-2.059930E-03,-5.1913342E+00,-5.7474640E-01
-2.056653E-03,-5.1919446E+00,-5.6101349E-01
-2.053376E-03,-5.1898083E+00,-5.5017975E-01
-2.050099E-03,-5.1916394E+00,-5.3621796E-01
-2.046822E-03,-5.1849255E+00,-5.2485016E-01
-2.043546E-03,-5.1882825E+00,-5.1020172E-01
-2.040269E-03,-5.1983533E+00,-4.9738434E-01
-2.036992E-03,-5.1910291E+00,-4.8243073E-01
-2.033715E-03,-5.1949963E+00,-4.7037628E-01
-2.030438E-03,-5.1913342E+00,-4.5458344E-01
-2.027162E-03,-5.1913342E+00,-4.4207123E-01
-2.023885E-03,-5.2020154E+00,-4.2612579E-01
-2.020608E-03,-5.1971326E+00,-4.1231659E-01
-2.017331E-03,-5.1934705E+00,-3.9461639E-01
-2.014054E-03,-5.1959119E+00,-3.8088348E-01
-2.010778E-03,-5.1928601E+00,-3.6562469E-01
-2.007501E-03,-5.1885876E+00,-3.5219696E-01
-2.004224E-03,-5.1861462E+00,-3.3510712E-01
-2.000947E-03,-5.1876721E+00,-3.1984833E-01
-1.997670E-03,-5.1727185E+00,-3.0260590E-01
-1.994394E-03,-5.1769910E+00,-2.8788116E-01
-1.991117E-03,-5.1724133E+00,-2.6934174E-01
-1.987840E-03,-5.1693616E+00,-2.5484589E-01
-1.984563E-03,-5.1681409E+00,-2.3615387E-01
-1.981286E-03,-5.1599011E+00,-2.2234467E-01
-1.978010E-03,-5.1675305E+00,-2.0441559E-01
-1.974733E-03,-5.1687512E+00,-1.8961456E-01
-1.971456E-03,-5.1779065E+00,-1.7138031E-01
-1.968179E-03,-5.1840100E+00,-1.5589264E-01
-1.964902E-03,-5.1873669E+00,-1.3674286E-01
-1.961626E-03,-5.1849255E+00,-1.2140778E-01
-1.958349E-03,-5.1879773E+00,-1.0340240E-01
-1.955072E-03,-5.1876721E+00,-8.8143616E-02
-1.951795E-03,-5.1858411E+00,-6.8459778E-02
-1.948518E-03,-5.1830945E+00,-5.3582458E-02
-1.945242E-03,-5.1699719E+00,-3.4051208E-02
-1.941965E-03,-5.1788220E+00,-1.7037659E-02
-1.938688E-03,-5.1809583E+00,1.7306519E-03
-1.935411E-03,-5.1809583E+00,1.7752380E-02
-1.932134E-03,-5.1809583E+00,3.6368103E-02
-1.928858E-03,-5.1803479E+00,5.1703186E-02
-1.925581E-03,-5.1785168E+00,6.9708557E-02
-1.922304E-03,-5.1782117E+00,8.6569519E-02
-1.919027E-03,-5.1794324E+00,1.0510895E-01
-1.915750E-03,-5.1833997E+00,1.2181732E-01
-1.912474E-03,-5.1840100E+00,1.4096710E-01
-1.909197E-03,-5.1833997E+00,1.5660736E-01
-1.905920E-03,-5.1785168E+00,1.7568085E-01
-1.902643E-03,-5.1751599E+00,1.9078705E-01
-1.899366E-03,-5.1696667E+00,2.0902130E-01
-1.896090E-03,-5.1693616E+00,2.2466156E-01
-1.892813E-03,-5.1675305E+00,2.4320099E-01
-1.889536E-03,-5.1632581E+00,2.5876495E-01
-1.886259E-03,-5.1562390E+00,2.7654144E-01
-1.882982E-03,-5.1608167E+00,2.9126617E-01
-1.879706E-03,-5.1583752E+00,3.0934784E-01
-1.876429E-03,-5.1498303E+00,3.2575104E-01
-1.873152E-03,-5.1574597E+00,3.4261200E-01
-1.869875E-03,-5.1614270E+00,3.5840485E-01
-1.866598E-03,-5.1620374E+00,3.7488434E-01
-1.863322E-03,-5.1641736E+00,3.9029572E-01
-1.860045E-03,-5.1626477E+00,4.0692780E-01
-1.856768E-03,-5.1663098E+00,4.2142365E-01
-1.853491E-03,-5.1678357E+00,4.3721649E-01
-1.850214E-03,-5.1647839E+00,4.5239899E-01
-1.846938E-03,-5.1656995E+00,4.6803925E-01
-1.843661E-03,-5.1620374E+00,4.8192474E-01
-1.840384E-03,-5.1568494E+00,4.9725983E-01
-1.837107E-03,-5.1577649E+00,5.1076385E-01
-1.833830E-03,-5.1605115E+00,5.2663300E-01
-1.830554E-03,-5.1586804E+00,5.3945038E-01
-1.827277E-03,-5.1586804E+00,5.5417511E-01
-1.824000E-03,-5.1626477E+00,5.6653473E-01
-1.820723E-03,-5.1586804E+00,5.8072540E-01
-1.817446E-03,-5.1568494E+00,5.9216949E-01
-1.814170E-03,-5.1623425E+00,6.0666534E-01
-1.810893E-03,-5.1666150E+00,6.1780426E-01
-1.807616E-03,-5.1714978E+00,6.3077423E-01
-1.804339E-03,-5.1675305E+00,6.4153168E-01
-1.801062E-03,-5.1632581E+00,6.5480682E-01
-1.797786E-03,-5.1632581E+00,6.6480133E-01
-1.794509E-03,-5.1574597E+00,6.7716095E-01
-1.791232E-03,-5.1592908E+00,6.8822357E-01
-1.787955E-03,-5.1623425E+00,7.0027802E-01
-1.784678E-03,-5.1711926E+00,7.0966217E-01
-1.781402E-03,-5.1650891E+00,7.2095367E-01
-1.778125E-03,-5.1724133E+00,7.3010895E-01
-1.774848E-03,-5.1705823E+00,7.3987457E-01
-1.771571E-03,-5.1681409E+00,7.4849579E-01
-1.768294E-03,-5.1684460E+00,7.5902435E-01
-1.765018E-03,-5.1641736E+00,7.6680634E-01
-1.761741E-03,-5.1611218E+00,7.7580902E-01
-1.758464E-03,-5.1592908E+00,7.8313324E-01
-1.755187E-03,-5.1510510E+00,7.9106781E-01
-1.751910E-03,-5.1562390E+00,7.9846832E-01
-1.748634E-03,-5.1537976E+00,8.0655548E-01
-1.745357E-03,-5.1534924E+00,8.1281158E-01
-1.742080E-03,-5.1486096E+00,8.1967804E-01
-1.738803E-03,-5.1556287E+00,8.2555267E-01
-1.735526E-03,-5.1592908E+00,8.3165619E-01
-1.732250E-03,-5.1632581E+00,8.3707306E-01
-1.728973E-03,-5.1626477E+00,8.4218475E-01
-1.725696E-03,-5.1656995E+00,8.4653351E-01
-1.722419E-03,-5.1620374E+00,8.5126373E-01
-1.719142E-03,-5.1656995E+00,8.5523102E-01
-1.715866E-03,-5.1592908E+00,8.5866425E-01
-1.712589E-03,-5.1592908E+00,8.6225006E-01
-1.709312E-03,-5.1534924E+00,8.6560699E-01
-1.706035E-03,-5.1534924E+00,8.6827728E-01
-1.702758E-03,-5.1541028E+00,8.7048981E-01
-1.699482E-03,-5.1510510E+00,8.7254974E-01
-1.696205E-03,-5.1553235E+00,8.7422821E-01
-1.692928E-03,-5.1541028E+00,8.7621185E-01
-1.689651E-03,-5.1553235E+00,8.7712738E-01
-1.686374E-03,-5.1571545E+00,8.7827179E-01
-1.683098E-03,-5.1571545E+00,8.7720367E-01
-1.679821E-03,-5.1531873E+00,8.7674591E-01
-1.676544E-03,-5.1507458E+00,8.7628815E-01
-1.673267E-03,-5.1519666E+00,8.7613556E-01
-1.669990E-03,-5.1510510E+00,8.7445709E-01
-1.666714E-03,-5.1544080E+00,8.7316010E-01
-1.663437E-03,-5.1537976E+00,8.7102386E-01
-1.660160E-03,-5.1571545E+00,8.6926910E-01
-1.656883E-03,-5.1510510E+00,8.6675140E-01
-1.653606E-03,-5.1553235E+00,8.6377594E-01
-1.650330E-03,-5.1525769E+00,8.6019012E-01
-1.647053E-03,-5.1525769E+00,8.5652802E-01
-1.643776E-03,-5.1611218E+00,8.5263702E-01
-1.640499E-03,-5.1647839E+00,8.4859344E-01
-1.637222E-03,-5.1663098E+00,8.4340546E-01
-1.633946E-03,-5.1660046E+00,8.3798859E-01
-1.630669E-03,-5.1641736E+00,8.3219025E-01
-1.627392E-03,-5.1635632E+00,8.2677338E-01
-1.624115E-03,-5.1672253E+00,8.2013580E-01
-1.620838E-03,-5.1641736E+00,8.1464264E-01
-1.617562E-03,-5.1611218E+00,8.0647919E-01
-1.614285E-03,-5.1687512E+00,8.0144379E-01
-1.611008E-03,-5.1666150E+00,7.9274628E-01
-1.607731E-03,-5.1620374E+00,7.8488800E-01
-1.604454E-03,-5.1623425E+00,7.7725861E-01
-1.601178E-03,-5.1595959E+00,7.6833221E-01
-1.597901E-03,-5.1589856E+00,7.5917694E-01
-1.594624E-03,-5.1632581E+00,7.5162384E-01
-1.591347E-03,-5.1644788E+00,7.4048492E-01
-1.588070E-03,-5.1666150E+00,7.3216888E-01
-1.584794E-03,-5.1638684E+00,7.2194550E-01
-1.581517E-03,-5.1623425E+00,7.1340057E-01
-1.578240E-03,-5.1562390E+00,7.0149872E-01
-1.574963E-03,-5.1589856E+00,6.9188568E-01
-1.571686E-03,-5.1580701E+00,6.7929718E-01
-1.568410E-03,-5.1571545E+00,6.6953156E-01
-1.565133E-03,-5.1565442E+00,6.5686676E-01
-1.561856E-03,-5.1458630E+00,6.4664337E-01
-1.558579E-03,-5.1446423E+00,6.3306305E-01
-1.555302E-03,-5.1434216E+00,6.2222931E-01
-1.552026E-03,-5.1370129E+00,6.0910675E-01
-1.548749E-03,-5.1360974E+00,5.9819672E-01
-1.545472E-03,-5.1391492E+00,5.8362457E-01
-1.542195E-03,-5.1394543E+00,5.7179901E-01
-1.538918E-03,-5.1382336E+00,5.5699799E-01
-1.535642E-03,-5.1379285E+00,5.4494354E-01
-1.532365E-03,-5.1367078E+00,5.2968475E-01
-1.529088E-03,-5.1324353E+00,5.1709625E-01
-1.525811E-03,-5.1342664E+00,5.0107452E-01
-1.522534E-03,-5.1406750E+00,4.8787567E-01
-1.519258E-03,-5.1495251E+00,4.7139618E-01
-1.515981E-03,-5.1537976E+00,4.5758698E-01
-1.512704E-03,-5.1583752E+00,4.4087860E-01
-1.509427E-03,-5.1568494E+00,4.2676422E-01
-1.506150E-03,-5.1562390E+00,4.1005585E-01
-1.502874E-03,-5.1534924E+00,3.9624664E-01
-1.499597E-03,-5.1519666E+00,3.7793610E-01
-1.496320E-03,-5.1501355E+00,3.6435577E-01
-1.493043E-03,-5.1495251E+00,3.4574005E-01
-1.489766E-03,-5.1492200E+00,3.3132050E-01
-1.486490E-03,-5.1440320E+00,3.1270477E-01
-1.483213E-03,-5.1440320E+00,2.9813263E-01
-1.479936E-03,-5.1431165E+00,2.7951691E-01
-1.476659E-03,-5.1415906E+00,2.6570770E-01
-1.473382E-03,-5.1364026E+00,2.4678680E-01
-1.470106E-03,-5.1409802E+00,2.3129913E-01
-1.466829E-03,-5.1458630E+00,2.1214935E-01
-1.463552E-03,-5.1531873E+00,1.9719574E-01
-1.460275E-03,-5.1547131E+00,1.7827484E-01
-1.456998E-03,-5.1605115E+00,1.6286346E-01
-1.453722E-03,-5.1623425E+00,1.4371368E-01
-1.450445E-03,-5.1544080E+00,1.2822601E-01
-1.447168E-03,-5.1595959E+00,1.0968658E-01
-1.443891E-03,-5.1476941E+00,9.3664856E-02
-1.440614E-03,-5.1394543E+00,7.5278015E-02
-1.437338E-03,-5.1373181E+00,5.8569641E-02
-1.434061E-03,-5.1339612E+00,3.9648743E-02
-1.430784E-03,-5.1296887E+00,2.3855896E-02
-1.427507E-03,-5.1321301E+00,4.7061157E-03
-1.424230E-03,-5.1272473E+00,-1.0857849E-02
-1.420954E-03,-5.1299939E+00,-2.9702454E-02
-1.417677E-03,-5.1226697E+00,-4.5571594E-02
-1.414400E-03,-5.1214490E+00,-6.4950256E-02
-1.411123E-03,-5.1245007E+00,-8.1200867E-02
-1.407846E-03,-5.1202283E+00,-9.9206238E-02
-1.404570E-03,-5.1165662E+00,-1.1545685E-01
-1.401293E-03,-5.1205334E+00,-1.3269928E-01
-1.398016E-03,-5.1156506E+00,-1.4826324E-01
-1.394739E-03,-5.1190076E+00,-1.6619232E-01
-1.391462E-03,-5.1248059E+00,-1.8206146E-01
-1.388186E-03,-5.1257214E+00,-2.0052460E-01
-1.384909E-03,-5.1290784E+00,-2.1540192E-01
-1.381632E-03,-5.1302991E+00,-2.3363617E-01
-1.378355E-03,-5.1241956E+00,-2.4767426E-01
-1.375078E-03,-5.1275525E+00,-2.6491669E-01
-1.371802E-03,-5.1235852E+00,-2.8063324E-01
-1.368525E-03,-5.1241956E+00,-2.9848602E-01
-1.365248E-03,-5.1208386E+00,-3.1321075E-01
-1.361971E-03,-5.1098523E+00,-3.2999542E-01
-1.358694E-03,-5.1141248E+00,-3.4388092E-01
-1.355418E-03,-5.1153455E+00,-3.5997894E-01
-1.352141E-03,-5.1150403E+00,-3.7569550E-01
-1.348864E-03,-5.1220593E+00,-3.9179352E-01
-1.345587E-03,-5.1235852E+00,-4.0651825E-01
-1.342310E-03,-5.1327405E+00,-4.2246368E-01
-1.339034E-03,-5.1351819E+00,-4.3673065E-01
-1.335757E-03,-5.1324353E+00,-4.5198944E-01
-1.332480E-03,-5.1351819E+00,-4.6450165E-01
-1.329203E-03,-5.1275525E+00,-4.7838715E-01
-1.325926E-03,-5.1278577E+00,-4.9219635E-01
-1.322650E-03,-5.1251111E+00,-5.0615814E-01
-1.319373E-03,-5.1208386E+00,-5.1905182E-01
-1.316096E-03,-5.1187024E+00,-5.3331879E-01
-1.312819E-03,-5.1159558E+00,-5.4544952E-01
-1.309542E-03,-5.1141248E+00,-5.5788544E-01
-1.306266E-03,-5.1125989E+00,-5.6948212E-01
-1.302989E-03,-5.1104626E+00,-5.8260468E-01
-1.299712E-03,-5.1132092E+00,-5.9465912E-01
-1.296435E-03,-5.1153455E+00,-6.0587433E-01
-1.293158E-03,-5.1162610E+00,-6.1670807E-01
-1.289882E-03,-5.1177869E+00,-6.2830475E-01
-1.286605E-03,-5.1214490E+00,-6.3868073E-01
-1.283328E-03,-5.1312146E+00,-6.5050629E-01
-1.280051E-03,-5.1296887E+00,-6.5989044E-01
-1.276774E-03,-5.1321301E+00,-6.7019012E-01
-1.273498E-03,-5.1364026E+00,-6.7896393E-01
-1.270221E-03,-5.1299939E+00,-6.8926361E-01
-1.266944E-03,-5.1324353E+00,-6.9727448E-01
-1.263667E-03,-5.1345715E+00,-7.0627716E-01
-1.260390E-03,-5.1342664E+00,-7.1497467E-01
-1.257114E-03,-5.1373181E+00,-7.2344330E-01
-1.253837E-03,-5.1382336E+00,-7.3092010E-01
-1.250560E-03,-5.1461682E+00,-7.3893097E-01
-1.247283E-03,-5.1501355E+00,-7.4602631E-01
-1.244006E-03,-5.1443372E+00,-7.5220612E-01
-1.240730E-03,-5.1476941E+00,-7.5830963E-01
-1.237453E-03,-5.1385388E+00,-7.6418427E-01
-1.234176E-03,-5.1367078E+00,-7.6883820E-01
-1.230899E-03,-5.1406750E+00,-7.7509430E-01
-1.227622E-03,-5.1330457E+00,-7.7997711E-01
-1.224346E-03,-5.1312146E+00,-7.8440216E-01
-1.221069E-03,-5.1287732E+00,-7.8897980E-01
-1.217792E-03,-5.1229749E+00,-7.9287079E-01
-1.214515E-03,-5.1193127E+00,-7.9576996E-01
-1.211238E-03,-5.1116833E+00,-7.9828766E-01
-1.207962E-03,-5.1116833E+00,-8.0256012E-01
-1.204685E-03,-5.1061902E+00,-8.0462006E-01
-1.201408E-03,-5.1104626E+00,-8.0706146E-01
-1.198131E-03,-5.1083264E+00,-8.0988434E-01
-1.194854E-03,-5.1104626E+00,-8.1102875E-01
-1.191578E-03,-5.1083264E+00,-8.1240204E-01
-1.188301E-03,-5.1156506E+00,-8.1270721E-01
-1.185024E-03,-5.1254163E+00,-8.1324127E-01
-1.181747E-03,-5.1183972E+00,-8.1354645E-01
-1.178470E-03,-5.1202283E+00,-8.1339386E-01
-1.175194E-03,-5.1174817E+00,-8.1232574E-01
-1.171917E-03,-5.1193127E+00,-8.1171539E-01
-1.168640E-03,-5.1248059E+00,-8.0957916E-01
-1.165363E-03,-5.1263318E+00,-8.0805328E-01
-1.162086E-03,-5.1238904E+00,-8.0622223E-01
-1.158810E-03,-5.1333508E+00,-8.0355194E-01
-1.155533E-03,-5.1357922E+00,-8.0194977E-01
-1.152256E-03,-5.1391492E+00,-7.9775360E-01
-1.148979E-03,-5.1434216E+00,-7.9554108E-01
-1.145702E-03,-5.1464734E+00,-7.9081085E-01
-1.142426E-03,-5.1479993E+00,-7.8775909E-01
-1.139149E-03,-5.1489148E+00,-7.8272369E-01
-1.135872E-03,-5.1541028E+00,-7.7822235E-01
-1.132595E-03,-5.1473889E+00,-7.7250031E-01
-1.129318E-03,-5.1449475E+00,-7.6784637E-01
-1.126042E-03,-5.1412854E+00,-7.6151398E-01
-1.122765E-03,-5.1434216E+00,-7.5563934E-01
-1.119488E-03,-5.1376233E+00,-7.4846771E-01
-1.116211E-03,-5.1348767E+00,-7.4167755E-01
-1.112934E-03,-5.1336560E+00,-7.3374298E-01
-1.109658E-03,-5.1327405E+00,-7.2733429E-01
-1.106381E-03,-5.1354871E+00,-7.1856049E-01
-1.103104E-03,-5.1388440E+00,-7.1108368E-01
-1.099827E-03,-5.1327405E+00,-7.0147064E-01
-1.096550E-03,-5.1360974E+00,-6.9307831E-01
-1.093274E-03,-5.1364026E+00,-6.8262604E-01
-1.089997E-03,-5.1318250E+00,-6.7453888E-01
-1.086720E-03,-5.1330457E+00,-6.6370514E-01
-1.083443E-03,-5.1263318E+00,-6.5432098E-01
-1.080166E-03,-5.1214490E+00,-6.4325836E-01
-1.076890E-03,-5.1245007E+00,-6.3417938E-01
-1.073613E-03,-5.1223645E+00,-6.2227753E-01
-1.070336E-03,-5.1266370E+00,-6.1213043E-01
-1.067059E-03,-5.1263318E+00,-5.9900787E-01
-1.063782E-03,-5.1263318E+00,-5.8886078E-01
-1.060506E-03,-5.1248059E+00,-5.7497528E-01
-1.057229E-03,-5.1275525E+00,-5.6452301E-01
-1.053952E-03,-5.1284680E+00,-5.5086639E-01
-1.050675E-03,-5.1281628E+00,-5.3980377E-01
-1.047398E-03,-5.1324353E+00,-5.2469757E-01
-1.044122E-03,-5.1299939E+00,-5.1378754E-01
-1.040845E-03,-5.1217542E+00,-4.9891022E-01
-1.037568E-03,-5.1205334E+00,-4.8655060E-01
-1.034291E-03,-5.1138196E+00,-4.7091034E-01
-1.031014E-03,-5.1196179E+00,-4.5870331E-01
-1.027738E-03,-5.1159558E+00,-4.4252899E-01
-1.024461E-03,-5.1196179E+00,-4.2948273E-01
-1.021184E-03,-5.1183972E+00,-4.1285065E-01
-1.017907E-03,-5.1241956E+00,-3.9995697E-01
-1.014630E-03,-5.1153455E+00,-3.8279083E-01
-1.011354E-03,-5.1135144E+00,-3.6928680E-01
-1.008077E-03,-5.1074109E+00,-3.5212067E-01
-1.004800E-03,-5.1061902E+00,-3.3899811E-01
-1.001523E-03,-5.0982556E+00,-3.2038239E-01
-9.982464E-04,-5.0952039E+00,-3.0657318E-01
-9.949696E-04,-5.0979504E+00,-2.8780487E-01
-9.916928E-04,-5.0900159E+00,-2.7315643E-01
-9.884160E-04,-5.0915417E+00,-2.5476959E-01
-9.851392E-04,-5.0942883E+00,-2.4050262E-01
-9.818624E-04,-5.0900159E+00,-2.2158173E-01
-9.785856E-04,-5.0921521E+00,-2.0678070E-01
-9.753088E-04,-5.0924573E+00,-1.8854645E-01
-9.720320E-04,-5.0976453E+00,-1.7328766E-01
-9.687552E-04,-5.0976453E+00,-1.5528229E-01
-9.654784E-04,-5.1019177E+00,-1.3987091E-01
-9.622016E-04,-5.1101575E+00,-1.2163666E-01
-9.589248E-04,-5.1141248E+00,-1.0630157E-01
-9.556480E-04,-5.1202283E+00,-8.7838440E-02
-9.523712E-04,-5.1217542E+00,-7.1816711E-02
-9.490944E-04,-5.1293835E+00,-5.3735046E-02
-9.458176E-04,-5.1394543E+00,-3.7637024E-02
-9.425408E-04,-5.1400647E+00,-1.8410950E-02
-9.392640E-04,-5.1367078E+00,-2.7706909E-03
-9.359872E-04,-5.1339612E+00,1.6760559E-02
-9.327104E-04,-5.1299939E+00,3.2553406E-02
-9.294336E-04,-5.1290784E+00,5.1245422E-02
-9.261568E-04,-5.1312146E+00,6.6809387E-02
-9.228800E-04,-5.1238904E+00,8.5501404E-02
-9.196032E-04,-5.1232800E+00,1.0129425E-01
-9.163264E-04,-5.1147351E+00,1.2059662E-01
-9.130496E-04,-5.1156506E+00,1.3638947E-01
-9.097728E-04,-5.1101575E+00,1.5431854E-01
-9.064960E-04,-5.1083264E+00,1.7102692E-01
-9.032192E-04,-5.1074109E+00,1.8994781E-01
-8.999424E-04,-5.1025281E+00,2.0635101E-01
-8.966656E-04,-5.1083264E+00,2.2450897E-01
-8.933888E-04,-5.1101575E+00,2.4007294E-01
-8.901120E-04,-5.1138196E+00,2.5800201E-01
-8.868352E-04,-5.1156506E+00,2.7371857E-01
-8.835584E-04,-5.1150403E+00,2.9149506E-01
-8.802816E-04,-5.1220593E+00,3.0629608E-01
-8.770048E-04,-5.1165662E+00,3.2399628E-01
-8.737280E-04,-5.1162610E+00,3.3856842E-01
-8.704512E-04,-5.1165662E+00,3.5642120E-01
-8.671744E-04,-5.1281628E+00,3.7259552E-01
-8.638976E-04,-5.1260266E+00,3.8892242E-01
-8.606208E-04,-5.1287732E+00,4.0341827E-01
-8.573440E-04,-5.1211438E+00,4.2020294E-01
-8.540672E-04,-5.1156506E+00,4.3454620E-01
-8.507904E-04,-5.1135144E+00,4.5056793E-01
-8.475136E-04,-5.1095471E+00,4.6514008E-01
-8.442368E-04,-5.1092419E+00,4.8016998E-01
-8.409600E-04,-5.1110730E+00,4.9352142E-01
-8.376832E-04,-5.1080212E+00,5.0992462E-01
-8.344064E-04,-5.1052747E+00,5.2289459E-01
-8.311296E-04,-5.1022229E+00,5.3746674E-01
-8.278528E-04,-5.1022229E+00,5.5112335E-01
-8.245760E-04,-5.1019177E+00,5.6577179E-01
-8.212992E-04,-5.1043591E+00,5.7820770E-01
-8.180224E-04,-5.0985608E+00,5.9224579E-01
-8.147456E-04,-5.0997815E+00,6.0399506E-01
-8.114688E-04,-5.0997815E+00,6.1749908E-01
-8.081920E-04,-5.0976453E+00,6.2825653E-01
-8.049152E-04,-5.1058850E+00,6.4115021E-01
-8.016384E-04,-5.1052747E+00,6.5282318E-01
-7.983616E-04,-5.1058850E+00,6.6396210E-01
-7.950848E-04,-5.1052747E+00,6.7502472E-01
-7.918080E-04,-5.1061902E+00,6.8715546E-01
-7.885312E-04,-5.1046643E+00,6.9783661E-01
-7.852544E-04,-5.1019177E+00,7.0897552E-01
-7.819776E-04,-5.1055798E+00,7.1897003E-01
-7.787008E-04,-5.1098523E+00,7.3003265E-01
-7.754240E-04,-5.1077161E+00,7.3857758E-01
-7.721472E-04,-5.1122937E+00,7.4849579E-01
-7.688704E-04,-5.1150403E+00,7.5696442E-01
-7.655936E-04,-5.1141248E+00,7.6665375E-01
-7.623168E-04,-5.1147351E+00,7.7413055E-01
-7.590400E-04,-5.1107678E+00,7.8183624E-01
-7.557632E-04,-5.1083264E+00,7.9015228E-01
-7.524864E-04,-5.1052747E+00,7.9816315E-01
-7.492096E-04,-5.1077161E+00,8.0533478E-01
-7.459328E-04,-5.1104626E+00,8.1197235E-01
-7.426560E-04,-5.1101575E+00,8.1761810E-01
-7.393792E-04,-5.1159558E+00,8.2517120E-01
-7.361024E-04,-5.1101575E+00,8.3051178E-01
-7.328256E-04,-5.1174817E+00,8.3661530E-01
-7.295488E-04,-5.1162610E+00,8.4149811E-01
-7.262720E-04,-5.1153455E+00,8.4691498E-01
-7.229952E-04,-5.1168713E+00,8.5156891E-01
-7.197184E-04,-5.1135144E+00,8.5584137E-01
-7.164416E-04,-5.1162610E+00,8.5950348E-01
-7.131648E-04,-5.1153455E+00,8.6308929E-01
-7.098880E-04,-5.1129041E+00,8.6690399E-01
-7.066112E-04,-5.1083264E+00,8.6965057E-01
-7.033344E-04,-5.1077161E+00,8.7232086E-01
-7.000576E-04,-5.1058850E+00,8.7285492E-01
-6.967808E-04,-5.1086316E+00,8.7460968E-01
-6.935040E-04,-5.1132092E+00,8.7590668E-01
-6.902272E-04,-5.1168713E+00,8.7720367E-01
-6.869504E-04,-5.1135144E+00,8.7827179E-01
-6.836736E-04,-5.1150403E+00,8.7857697E-01
-6.803968E-04,-5.1226697E+00,8.7804291E-01
-6.771200E-04,-5.1217542E+00,8.7796661E-01
-6.738432E-04,-5.1202283E+00,8.7735626E-01
-6.705664E-04,-5.1269421E+00,8.7560150E-01
-6.672896E-04,-5.1235852E+00,8.7399933E-01
-6.640128E-04,-5.1275525E+00,8.7262604E-01
-6.607360E-04,-5.1287732E+00,8.7056610E-01
-6.574592E-04,-5.1257214E+00,8.6850616E-01
-6.541824E-04,-5.1251111E+00,8.6530182E-01
-6.509056E-04,-5.1205334E+00,8.6247894E-01
-6.476288E-04,-5.1211438E+00,8.5767242E-01
-6.443520E-04,-5.1187024E+00,8.5545990E-01
-6.410752E-04,-5.1248059E+00,8.5004303E-01
-6.377984E-04,-5.1202283E+00,8.4653351E-01
-6.345216E-04,-5.1251111E+00,8.4012482E-01
-6.312448E-04,-5.1177869E+00,8.3516571E-01
-6.279680E-04,-5.1223645E+00,8.2868073E-01
-6.246912E-04,-5.1214490E+00,8.2356903E-01
-6.214144E-04,-5.1278577E+00,8.1647369E-01
-6.181376E-04,-5.1263318E+00,8.1037018E-01
-6.148608E-04,-5.1251111E+00,8.0350372E-01
-6.115840E-04,-5.1290784E+00,7.9602692E-01
-6.083072E-04,-5.1281628E+00,7.8793976E-01
-6.050304E-04,-5.1281628E+00,7.8092072E-01
-6.017536E-04,-5.1287732E+00,7.7168915E-01
-5.984768E-04,-5.1309094E+00,7.6398346E-01
-5.952000E-04,-5.1257214E+00,7.5475189E-01
-5.919232E-04,-5.1269421E+00,7.4613068E-01
-5.886464E-04,-5.1254163E+00,7.3575470E-01
-5.853696E-04,-5.1153455E+00,7.2644684E-01
-5.820928E-04,-5.1168713E+00,7.1576569E-01
-5.788160E-04,-5.1144299E+00,7.0615265E-01
-5.755392E-04,-5.1156506E+00,6.9364044E-01
-5.722624E-04,-5.1159558E+00,6.8395111E-01
-5.689856E-04,-5.1095471E+00,6.7204926E-01
-5.657088E-04,-5.1144299E+00,6.6182587E-01
-5.624320E-04,-5.1132092E+00,6.4855072E-01
-5.591552E-04,-5.1177869E+00,6.3832733E-01
-5.558784E-04,-5.1211438E+00,6.2482330E-01
-5.526016E-04,-5.1248059E+00,6.1383698E-01
-5.493248E-04,-5.1278577E+00,5.9918854E-01
-5.460480E-04,-5.1260266E+00,5.8850739E-01
-5.427712E-04,-5.1269421E+00,5.7385895E-01
-5.394944E-04,-5.1205334E+00,5.6188080E-01
-5.362176E-04,-5.1226697E+00,5.4616425E-01
-5.329408E-04,-5.1202283E+00,5.3510162E-01
-5.296640E-04,-5.1235852E+00,5.1854584E-01
-5.263872E-04,-5.1257214E+00,5.0565216E-01
-5.231104E-04,-5.1226697E+00,4.8894379E-01
-5.198336E-04,-5.1180920E+00,4.7635529E-01
-5.165568E-04,-5.1174817E+00,4.5972321E-01
-5.132800E-04,-5.1150403E+00,4.4774506E-01
-5.100032E-04,-5.1129041E+00,4.2989227E-01
-5.067264E-04,-5.1125989E+00,4.1562531E-01
-5.034496E-04,-5.1183972E+00,3.9784882E-01
-5.001728E-04,-5.1171765E+00,3.8480255E-01
-4.968960E-04,-5.1202283E+00,3.6702606E-01
-4.936192E-04,-5.1260266E+00,3.5245392E-01
-4.903424E-04,-5.1263318E+00,3.3414337E-01
-4.870656E-04,-5.1220593E+00,3.1957123E-01
-4.837888E-04,-5.1208386E+00,3.0164215E-01
-4.805120E-04,-5.1226697E+00,2.8684113E-01
-4.772352E-04,-5.1260266E+00,2.6784393E-01
-4.739584E-04,-5.1202283E+00,2.5281403E-01
-4.706816E-04,-5.1287732E+00,2.3419830E-01
-4.674048E-04,-5.1223645E+00,2.1970245E-01
-4.641280E-04,-5.1275525E+00,2.0032379E-01
-4.608512E-04,-5.1241956E+00,1.8521759E-01
-4.575744E-04,-5.1199231E+00,1.6637299E-01
-4.542976E-04,-5.1153455E+00,1.5134308E-01
-4.510208E-04,-5.1080212E+00,1.3158295E-01
-4.477440E-04,-5.1049695E+00,1.1601898E-01
-4.444672E-04,-5.1095471E+00,9.6945496E-02
-4.411904E-04,-5.1089368E+00,8.0313416E-02
-4.379136E-04,-5.1116833E+00,6.2002869E-02
-4.346368E-04,-5.1174817E+00,4.5675964E-02
-4.313600E-04,-5.1153455E+00,2.6755066E-02
-4.280832E-04,-5.1162610E+00,1.1419983E-02
-4.248064E-04,-5.1190076E+00,-7.0431519E-03
-4.215296E-04,-5.1251111E+00,-2.3293762E-02
-4.182528E-04,-5.1241956E+00,-4.3130188E-02
-4.149760E-04,-5.1269421E+00,-5.8236389E-02
-4.116992E-04,-5.1293835E+00,-7.7080994E-02
-4.084224E-04,-5.1318250E+00,-9.3941956E-02
-4.051456E-04,-5.1263318E+00,-1.1194733E-01
-4.018688E-04,-5.1208386E+00,-1.2774017E-01
-3.985920E-04,-5.1214490E+00,-1.4460114E-01
-3.953152E-04,-5.1202283E+00,-1.6108063E-01
-3.920384E-04,-5.1190076E+00,-1.7962006E-01
-3.887616E-04,-5.1183972E+00,-1.9518402E-01
-3.854848E-04,-5.1150403E+00,-2.1265533E-01
-3.822080E-04,-5.1180920E+00,-2.2860077E-01
-3.789312E-04,-5.1162610E+00,-2.4546173E-01
-3.756544E-04,-5.1168713E+00,-2.6011017E-01
-3.723776E-04,-5.1132092E+00,-2.7750519E-01
-3.691008E-04,-5.1174817E+00,-2.9367950E-01
-3.658240E-04,-5.1125989E+00,-3.1015900E-01
-3.625472E-04,-5.1187024E+00,-3.2610443E-01
-3.592704E-04,-5.1129041E+00,-3.4220245E-01
-3.559936E-04,-5.1174817E+00,-3.5685089E-01
-3.527168E-04,-5.1141248E+00,-3.7264374E-01
-3.494400E-04,-5.1150403E+00,-3.8622406E-01
-3.461632E-04,-5.1174817E+00,-4.0277985E-01
-3.428864E-04,-5.1208386E+00,-4.1780975E-01
-3.396096E-04,-5.1315198E+00,-4.3367889E-01
-3.363328E-04,-5.1272473E+00,-4.4710663E-01
-3.330560E-04,-5.1315198E+00,-4.6114471E-01
-3.297792E-04,-5.1254163E+00,-4.7480133E-01
-3.265024E-04,-5.1309094E+00,-4.8922089E-01
-3.232256E-04,-5.1318250E+00,-5.0211456E-01
-3.199488E-04,-5.1281628E+00,-5.1592377E-01
-3.166720E-04,-5.1257214E+00,-5.2858856E-01
-3.133952E-04,-5.1223645E+00,-5.4262665E-01
-3.101184E-04,-5.1162610E+00,-5.5422333E-01
-3.068416E-04,-5.1214490E+00,-5.6726959E-01
-3.035648E-04,-5.1122937E+00,-5.7909515E-01
-3.002880E-04,-5.1165662E+00,-5.9107330E-01
-2.970112E-04,-5.1132092E+00,-6.0228851E-01
-2.937344E-04,-5.1119885E+00,-6.1388519E-01
-2.904576E-04,-5.1214490E+00,-6.2456635E-01
-2.871808E-04,-5.1193127E+00,-6.3677338E-01
-2.839040E-04,-5.1174817E+00,-6.4653900E-01
-2.806272E-04,-5.1296887E+00,-6.5691498E-01
-2.773504E-04,-5.1183972E+00,-6.6629913E-01
-2.740736E-04,-5.1153455E+00,-6.7545441E-01
-2.707968E-04,-5.1187024E+00,-6.8499115E-01
-2.675200E-04,-5.1122937E+00,-6.9460419E-01
-2.642432E-04,-5.1132092E+00,-7.0345428E-01
-2.609664E-04,-5.1122937E+00,-7.1177032E-01
-2.576896E-04,-5.1113782E+00,-7.1894196E-01
-2.544128E-04,-5.1098523E+00,-7.2756317E-01
-2.511360E-04,-5.1092419E+00,-7.3442963E-01
-2.478592E-04,-5.1064954E+00,-7.4251678E-01
-2.445824E-04,-5.1068005E+00,-7.4945953E-01
-2.413056E-04,-5.1058850E+00,-7.5510529E-01
-2.380288E-04,-5.1031384E+00,-7.6128510E-01
-2.347520E-04,-5.1092419E+00,-7.6761749E-01
-2.314752E-04,-5.1074109E+00,-7.7188995E-01
-2.281984E-04,-5.1116833E+00,-7.7707794E-01
-2.249216E-04,-5.1077161E+00,-7.8203705E-01
-2.216448E-04,-5.1074109E+00,-7.8669098E-01
-2.183680E-04,-5.1092419E+00,-7.9126862E-01
-2.150912E-04,-5.1104626E+00,-7.9508331E-01
-2.118144E-04,-5.1098523E+00,-7.9828766E-01
-2.085376E-04,-5.1119885E+00,-8.0149200E-01
-2.052608E-04,-5.1138196E+00,-8.0431488E-01
-2.019840E-04,-5.1113782E+00,-8.0683258E-01
-1.987072E-04,-5.1061902E+00,-8.0858734E-01
-1.954304E-04,-5.1034436E+00,-8.0988434E-01
-1.921536E-04,-5.1037488E+00,-8.1186798E-01
-1.888768E-04,-5.1031384E+00,-8.1171539E-01
-1.856000E-04,-5.1077161E+00,-8.1240204E-01
-1.823232E-04,-5.1025281E+00,-8.1255463E-01
-1.790464E-04,-5.1055798E+00,-8.1179169E-01
-1.757696E-04,-5.1049695E+00,-8.1133392E-01
-1.724928E-04,-5.1046643E+00,-8.1049469E-01
-1.692160E-04,-5.1016125E+00,-8.0873993E-01
-1.659392E-04,-5.1052747E+00,-8.0782440E-01
-1.626624E-04,-5.1025281E+00,-8.0545929E-01
-1.593856E-04,-5.1010022E+00,-8.0347565E-01
-1.561088E-04,-5.0994763E+00,-7.9950836E-01
-1.528320E-04,-5.1058850E+00,-7.9798248E-01
-1.495552E-04,-5.1034436E+00,-7.9355743E-01
-1.462784E-04,-5.0997815E+00,-7.8989532E-01
-1.430016E-04,-5.1016125E+00,-7.8485992E-01
-1.397248E-04,-5.0970349E+00,-7.8112152E-01
-1.364480E-04,-5.0955090E+00,-7.7669647E-01
-1.331712E-04,-5.0933728E+00,-7.7181366E-01
-1.298944E-04,-5.0976453E+00,-7.6525238E-01
-1.266176E-04,-5.0988660E+00,-7.6052216E-01
-1.233408E-04,-5.0927625E+00,-7.5281647E-01
-1.200640E-04,-5.0918469E+00,-7.4755219E-01
-1.167872E-04,-5.0869641E+00,-7.3977020E-01
-1.135104E-04,-5.0912366E+00,-7.3359039E-01
-1.102336E-04,-5.0900159E+00,-7.2474030E-01
-1.069568E-04,-5.0909314E+00,-7.1833160E-01
-1.036800E-04,-5.0955090E+00,-7.0887115E-01
-1.004032E-04,-5.0970349E+00,-7.0185211E-01
-9.712640E-05,-5.0994763E+00,-6.9185760E-01
-9.384960E-05,-5.1006970E+00,-6.8460968E-01
-9.057280E-05,-5.1031384E+00,-6.7377594E-01
-8.729600E-05,-5.1055798E+00,-6.6477325E-01
-8.401920E-05,-5.0985608E+00,-6.5310028E-01
-8.074240E-05,-5.0985608E+00,-6.4478424E-01
-7.746560E-05,-5.0955090E+00,-6.3318756E-01
-7.418880E-05,-5.0970349E+00,-6.2296417E-01
-7.091200E-05,-5.0979504E+00,-6.1045197E-01
-6.763520E-05,-5.1028333E+00,-6.0198334E-01
-6.435840E-05,-5.1003918E+00,-5.8817413E-01
-6.108160E-05,-5.1019177E+00,-5.7856110E-01
-5.780480E-05,-5.1025281E+00,-5.6482819E-01
-5.452800E-05,-5.1055798E+00,-5.5384186E-01
-5.125120E-05,-5.1083264E+00,-5.3904083E-01
-4.797440E-05,-5.1052747E+00,-5.2828339E-01
-4.469760E-05,-5.1095471E+00,-5.1340607E-01
-4.142080E-05,-5.1080212E+00,-5.0180939E-01
-3.814400E-05,-5.1071057E+00,-4.8586395E-01
-3.486720E-05,-5.1092419E+00,-4.7419098E-01
-3.159040E-05,-5.1016125E+00,-4.5794037E-01
-2.831360E-05,-5.1043591E+00,-4.4535187E-01
-2.503680E-05,-5.1010022E+00,-4.2971161E-01
-2.176000E-05,-5.1013074E+00,-4.1658905E-01
-1.848320E-05,-5.0875745E+00,-4.0056732E-01
-1.520640E-05,-5.1016125E+00,-3.8691071E-01
-1.192960E-05,-5.0973401E+00,-3.6928680E-01
-8.652800E-06,-5.0927625E+00,-3.5593536E-01
-5.376000E-06,-5.0936780E+00,-3.3808258E-01
-2.099200E-06,-5.0918469E+00,-3.2427338E-01
1.177600E-06,-5.1003918E+00,-3.0642059E-01
4.454400E-06,-5.1028333E+00,-2.9215363E-01
7.731200E-06,-5.1000867E+00,-2.7437714E-01
1.100800E-05,-5.1049695E+00,-2.5957611E-01
1.428480E-05,-5.1171765E+00,-2.4202850E-01
1.756160E-05,-5.1183972E+00,-2.2699860E-01
2.083840E-05,-5.1214490E+00,-2.0929840E-01
2.411520E-05,-5.1220593E+00,-1.9426849E-01
2.739200E-05,-5.1196179E+00,-1.7450836E-01
3.066880E-05,-5.1251111E+00,-1.5917328E-01
3.394560E-05,-5.1223645E+00,-1.4055756E-01
3.722240E-05,-5.1199231E+00,-1.2545135E-01
4.049920E-05,-5.1211438E+00,-1.0729340E-01
4.377600E-05,-5.1132092E+00,-9.1576843E-02
4.705280E-05,-5.1104626E+00,-7.3342590E-02
5.032960E-05,-5.1129041E+00,-5.7854919E-02
5.360640E-05,-5.1129041E+00,-3.8476257E-02
5.688320E-05,-5.1122937E+00,-2.2301941E-02
6.016000E-05,-5.1110730E+00,-2.9995728E-03
6.343680E-05,-5.1040540E+00,1.3251038E-02
6.671360E-05,-5.1049695E+00,3.1485291E-02
6.999040E-05,-5.1031384E+00,4.7812195E-02
7.326720E-05,-5.1086316E+00,6.6427917E-02
7.654400E-05,-5.1101575E+00,8.3365173E-02
7.982080E-05,-5.1071057E+00,1.0045502E-01
8.309760E-05,-5.1132092E+00,1.1670563E-01
8.637440E-05,-5.1116833E+00,1.3486359E-01
8.965120E-05,-5.1190076E+00,1.5103790E-01
9.292800E-05,-5.1174817E+00,1.6965363E-01
9.620480E-05,-5.1205334E+00,1.8636200E-01
9.948160E-05,-5.1193127E+00,2.0467255E-01
1.027584E-04,-5.1193127E+00,2.2077057E-01
1.060352E-04,-5.1235852E+00,2.3816559E-01
1.093120E-04,-5.1193127E+00,2.5426361E-01
1.125888E-04,-5.1187024E+00,2.7181122E-01
1.158656E-04,-5.1190076E+00,2.8874847E-01
1.191424E-04,-5.1208386E+00,3.0545685E-01
1.224192E-04,-5.1162610E+00,3.2147858E-01
1.256960E-04,-5.1202283E+00,3.3811066E-01
1.289728E-04,-5.1187024E+00,3.5336945E-01
1.322496E-04,-5.1162610E+00,3.7137482E-01
1.355264E-04,-5.1177869E+00,3.8632843E-01
1.388032E-04,-5.1211438E+00,4.0273163E-01
1.420800E-04,-5.1208386E+00,4.1707489E-01
1.453568E-04,-5.1229749E+00,4.3355438E-01
1.486336E-04,-5.1211438E+00,4.4774506E-01
1.519104E-04,-5.1241956E+00,4.6384308E-01
1.551872E-04,-5.1281628E+00,4.7673676E-01
1.584640E-04,-5.1275525E+00,4.9298737E-01
1.617408E-04,-5.1302991E+00,5.0626251E-01
1.650176E-04,-5.1324353E+00,5.2144501E-01
1.682944E-04,-5.1330457E+00,5.3464386E-01
1.715712E-04,-5.1296887E+00,5.4852936E-01
1.748480E-04,-5.1382336E+00,5.6134674E-01
1.781248E-04,-5.1403699E+00,5.7645294E-01
1.814016E-04,-5.1376233E+00,5.8812592E-01
1.846784E-04,-5.1385388E+00,6.0178253E-01
1.879552E-04,-5.1330457E+00,6.1383698E-01
1.912320E-04,-5.1357922E+00,6.2726471E-01
1.945088E-04,-5.1324353E+00,6.3809845E-01
1.977856E-04,-5.1299939E+00,6.5068695E-01
2.010624E-04,-5.1348767E+00,6.6167328E-01
2.043392E-04,-5.1339612E+00,6.7449066E-01
2.076160E-04,-5.1464734E+00,6.8433258E-01
2.108928E-04,-5.1431165E+00,6.9669220E-01
2.141696E-04,-5.1473889E+00,7.0676300E-01
2.174464E-04,-5.1443372E+00,7.1744415E-01
2.207232E-04,-5.1446423E+00,7.2698090E-01
2.240000E-04,-5.1452527E+00,7.3651764E-01
2.272768E-04,-5.1461682E+00,7.4605438E-01
2.305536E-04,-5.1449475E+00,7.5536224E-01
2.338304E-04,-5.1479993E+00,7.6367828E-01
2.371072E-04,-5.1431165E+00,7.7245209E-01
2.403840E-04,-5.1403699E+00,7.8076813E-01
2.436608E-04,-5.1415906E+00,7.8923676E-01
2.469376E-04,-5.1391492E+00,7.9610321E-01
2.502144E-04,-5.1357922E+00,8.0373260E-01
2.534912E-04,-5.1327405E+00,8.1075165E-01
2.567680E-04,-5.1266370E+00,8.1807587E-01
2.600448E-04,-5.1251111E+00,8.2326385E-01
2.633216E-04,-5.1257214E+00,8.2974884E-01
2.665984E-04,-5.1193127E+00,8.3478424E-01
2.698752E-04,-5.1190076E+00,8.4027740E-01
2.731520E-04,-5.1211438E+00,8.4615204E-01
2.764288E-04,-5.1241956E+00,8.5111115E-01
2.797056E-04,-5.1190076E+00,8.5545990E-01
2.829824E-04,-5.1150403E+00,8.5973236E-01
2.862592E-04,-5.1180920E+00,8.6270782E-01
2.895360E-04,-5.1156506E+00,8.6553070E-01
2.928128E-04,-5.1129041E+00,8.6934540E-01
2.960896E-04,-5.1202283E+00,8.7132904E-01
2.993664E-04,-5.1199231E+00,8.7438080E-01
3.026432E-04,-5.1214490E+00,8.7537262E-01
3.059200E-04,-5.1208386E+00,8.7735626E-01
3.091968E-04,-5.1168713E+00,8.7781403E-01
3.124736E-04,-5.1187024E+00,8.7850067E-01
3.157504E-04,-5.1214490E+00,8.7773773E-01
3.190272E-04,-5.1180920E+00,8.7827179E-01
3.223040E-04,-5.1177869E+00,8.7750885E-01
3.255808E-04,-5.1208386E+00,8.7674591E-01
3.288576E-04,-5.1141248E+00,8.7552521E-01
3.321344E-04,-5.1226697E+00,8.7514374E-01
3.354112E-04,-5.1144299E+00,8.7300751E-01
3.386880E-04,-5.1159558E+00,8.7163422E-01
3.419648E-04,-5.1138196E+00,8.6835358E-01
3.452416E-04,-5.1211438E+00,8.6545441E-01
3.485184E-04,-5.1211438E+00,8.6148712E-01
3.517952E-04,-5.1226697E+00,8.5881683E-01
3.550720E-04,-5.1235852E+00,8.5439178E-01
3.583488E-04,-5.1232800E+00,8.5065338E-01
3.616256E-04,-5.1284680E+00,8.4462616E-01
3.649024E-04,-5.1281628E+00,8.4088776E-01
3.681792E-04,-5.1269421E+00,8.3463165E-01
3.714560E-04,-5.1309094E+00,8.3028290E-01
3.747328E-04,-5.1290784E+00,8.2242462E-01
3.780096E-04,-5.1299939E+00,8.1777069E-01
3.812864E-04,-5.1251111E+00,8.1037018E-01
3.845632E-04,-5.1269421E+00,8.0327484E-01
3.878400E-04,-5.1196179E+00,7.9541656E-01
3.911168E-04,-5.1235852E+00,7.8969452E-01
3.943936E-04,-5.1260266E+00,7.8038666E-01
3.976704E-04,-5.1306042E+00,7.7306244E-01
4.009472E-04,-5.1260266E+00,7.6283905E-01
4.042240E-04,-5.1232800E+00,7.5566742E-01
4.075008E-04,-5.1238904E+00,7.4506256E-01
4.107776E-04,-5.1183972E+00,7.3743317E-01
4.140544E-04,-5.1101575E+00,7.2644684E-01
4.173312E-04,-5.1116833E+00,7.1828339E-01
4.206080E-04,-5.1083264E+00,7.0622894E-01
4.238848E-04,-5.1068005E+00,6.9814178E-01
4.271616E-04,-5.1110730E+00,6.8433258E-01
4.304384E-04,-5.1168713E+00,6.7410919E-01
4.337152E-04,-5.1196179E+00,6.6152069E-01
4.369920E-04,-5.1193127E+00,6.5114471E-01
4.402688E-04,-5.1229749E+00,6.3733551E-01
4.435456E-04,-5.1241956E+00,6.2756989E-01
4.468224E-04,-5.1232800E+00,6.1406586E-01
4.500992E-04,-5.1266370E+00,6.0353729E-01
4.533760E-04,-5.1299939E+00,5.8835480E-01
4.566528E-04,-5.1367078E+00,5.7706329E-01
4.599296E-04,-5.1370129E+00,5.6256744E-01
4.632064E-04,-5.1278577E+00,5.4975006E-01
4.664832E-04,-5.1345715E+00,5.3380463E-01
4.697600E-04,-5.1251111E+00,5.2175018E-01
4.730368E-04,-5.1245007E+00,5.0549957E-01
4.763136E-04,-5.1153455E+00,4.9275848E-01
4.795904E-04,-5.1141248E+00,4.7635529E-01
4.828672E-04,-5.1125989E+00,4.6407196E-01
4.861440E-04,-5.1107678E+00,4.4743988E-01
4.894208E-04,-5.1061902E+00,4.3462250E-01
4.926976E-04,-5.0948987E+00,4.1646454E-01
4.959744E-04,-5.0912366E+00,4.0364716E-01
4.992512E-04,-5.0936780E+00,3.8648102E-01
5.025280E-04,-5.0933728E+00,3.7190887E-01
5.058048E-04,-5.0979504E+00,3.5352203E-01
5.090816E-04,-5.1022229E+00,3.3818695E-01
5.123584E-04,-5.1101575E+00,3.2132599E-01
5.156352E-04,-5.1110730E+00,3.0499908E-01
5.189120E-04,-5.1089368E+00,2.8745148E-01
5.221888E-04,-5.1098523E+00,2.7219269E-01
5.254656E-04,-5.1077161E+00,2.5418732E-01
5.287424E-04,-5.1049695E+00,2.3923370E-01
5.320192E-04,-5.1071057E+00,2.2046539E-01
5.352960E-04,-5.1019177E+00,2.0429108E-01
5.385728E-04,-5.1043591E+00,1.8552277E-01
5.418496E-04,-5.1049695E+00,1.7041656E-01
5.451264E-04,-5.0958142E+00,1.5157196E-01
5.484032E-04,-5.0985608E+00,1.3593170E-01
5.516800E-04,-5.1006970E+00,1.1731598E-01
5.549568E-04,-5.0982556E+00,1.0068390E-01
5.582336E-04,-5.0970349E+00,8.1991882E-02
5.615104E-04,-5.1006970E+00,6.5970154E-02
5.647872E-04,-5.1013074E+00,4.7888489E-02
5.680640E-04,-5.1046643E+00,3.1103821E-02
5.713408E-04,-5.1086316E+00,1.2640686E-02
5.746176E-04,-5.1138196E+00,-3.6862183E-03
5.778944E-04,-5.1190076E+00,-2.2149353E-02
5.811712E-04,-5.1168713E+00,-3.9391785E-02
5.844480E-04,-5.1208386E+00,-5.7397156E-02
5.877248E-04,-5.1211438E+00,-7.4487000E-02
5.910016E-04,-5.1177869E+00,-9.2187195E-02
5.942784E-04,-5.1208386E+00,-1.0767487E-01
5.975552E-04,-5.1171765E+00,-1.2568024E-01
6.008320E-04,-5.1089368E+00,-1.4139679E-01
6.041088E-04,-5.1071057E+00,-1.5917328E-01
6.073856E-04,-5.1068005E+00,-1.7580536E-01
6.106624E-04,-5.1037488E+00,-1.9335297E-01
6.139392E-04,-5.1003918E+00,-2.0861176E-01
6.172160E-04,-5.0997815E+00,-2.2585419E-01
6.204928E-04,-5.1006970E+00,-2.4195221E-01
6.237696E-04,-5.1077161E+00,-2.5820282E-01
6.270464E-04,-5.1092419E+00,-2.7407196E-01
6.303232E-04,-5.1132092E+00,-2.9131439E-01
6.336000E-04,-5.1116833E+00,-3.0764130E-01
6.368768E-04,-5.1122937E+00,-3.2389191E-01
6.401536E-04,-5.1147351E+00,-3.3937958E-01
6.434304E-04,-5.1168713E+00,-3.5547760E-01
6.467072E-04,-5.1232800E+00,-3.6951569E-01
6.499840E-04,-5.1284680E+00,-3.8553741E-01
6.532608E-04,-5.1245007E+00,-4.0010956E-01
6.565376E-04,-5.1263318E+00,-4.1605499E-01
6.598144E-04,-5.1312146E+00,-4.2963531E-01
6.630912E-04,-5.1266370E+00,-4.4542816E-01
6.663680E-04,-5.1275525E+00,-4.5885590E-01
6.696448E-04,-5.1257214E+00,-4.7373322E-01
6.729216E-04,-5.1269421E+00,-4.8624542E-01
6.761984E-04,-5.1260266E+00,-5.0165680E-01
6.794752E-04,-5.1257214E+00,-5.1416901E-01
6.827520E-04,-5.1287732E+00,-5.2767303E-01
6.860288E-04,-5.1251111E+00,-5.3988007E-01
6.893056E-04,-5.1257214E+00,-5.5391815E-01
6.925824E-04,-5.1299939E+00,-5.6559113E-01
6.958592E-04,-5.1339612E+00,-5.7749298E-01
6.991360E-04,-5.1336560E+00,-5.8970001E-01
7.024128E-04,-5.1394543E+00,-6.0167816E-01
7.056896E-04,-5.1330457E+00,-6.1228302E-01
7.089664E-04,-5.1376233E+00,-6.2334564E-01
7.122432E-04,-5.1284680E+00,-6.3356903E-01
7.155200E-04,-5.1257214E+00,-6.4501312E-01
7.187968E-04,-5.1229749E+00,-6.5477875E-01
7.220736E-04,-5.1199231E+00,-6.6538361E-01
7.253504E-04,-5.1138196E+00,-6.7446259E-01
7.286272E-04,-5.1165662E+00,-6.8316010E-01
7.319040E-04,-5.1153455E+00,-6.9262054E-01
7.351808E-04,-5.1113782E+00,-7.0116547E-01
7.384576E-04,-5.1110730E+00,-7.1070221E-01
7.417344E-04,-5.1119885E+00,-7.1871307E-01
7.450112E-04,-5.1135144E+00,-7.2672394E-01
7.482880E-04,-5.1104626E+00,-7.3374298E-01
7.515648E-04,-5.1205334E+00,-7.4190643E-01
7.548416E-04,-5.1153455E+00,-7.4823883E-01
7.581184E-04,-5.1165662E+00,-7.5495270E-01
7.613952E-04,-5.1159558E+00,-7.6174286E-01
7.646720E-04,-5.1202283E+00,-7.6715973E-01
7.679488E-04,-5.1165662E+00,-7.7272919E-01
7.712256E-04,-5.1162610E+00,-7.7776459E-01
7.745024E-04,-5.1138196E+00,-7.8310516E-01
7.777792E-04,-5.1135144E+00,-7.8737762E-01
7.810560E-04,-5.1156506E+00,-7.9081085E-01
7.843328E-04,-5.1135144E+00,-7.9538849E-01
7.876096E-04,-5.1107678E+00,-7.9821136E-01
7.908864E-04,-5.1153455E+00,-8.0187347E-01
7.941632E-04,-5.1150403E+00,-8.0378082E-01
7.974400E-04,-5.1122937E+00,-8.0713776E-01
8.007168E-04,-5.1122937E+00,-8.0873993E-01
8.039936E-04,-5.1116833E+00,-8.1072357E-01
8.072704E-04,-5.1138196E+00,-8.1171539E-01
8.105472E-04,-5.1129041E+00,-8.1301239E-01
8.138240E-04,-5.1153455E+00,-8.1339386E-01
8.171008E-04,-5.1135144E+00,-8.1415680E-01
8.203776E-04,-5.1116833E+00,-8.1316498E-01
8.236544E-04,-5.1077161E+00,-8.1324127E-01
8.269312E-04,-5.1046643E+00,-8.1202057E-01
8.302080E-04,-5.1010022E+00,-8.1125763E-01
8.334848E-04,-5.1000867E+00,-8.0858734E-01
8.367616E-04,-5.1028333E+00,-8.0812958E-01
8.400384E-04,-5.1064954E+00,-8.0431488E-01
8.433152E-04,-5.1083264E+00,-8.0339935E-01
8.465920E-04,-5.1077161E+00,-7.9912689E-01
8.498688E-04,-5.1138196E+00,-7.9691437E-01
8.531456E-04,-5.1159558E+00,-7.9157379E-01
8.564224E-04,-5.1196179E+00,-7.8836945E-01
8.596992E-04,-5.1156506E+00,-7.8272369E-01
8.629760E-04,-5.1156506E+00,-7.7982452E-01
8.662528E-04,-5.1116833E+00,-7.7326324E-01
8.695296E-04,-5.1138196E+00,-7.6906708E-01
8.728064E-04,-5.1171765E+00,-7.6181915E-01
8.760832E-04,-5.1132092E+00,-7.5716522E-01
8.793600E-04,-5.1180920E+00,-7.4976471E-01
8.826368E-04,-5.1162610E+00,-7.4411896E-01
8.859136E-04,-5.1147351E+00,-7.3626068E-01
8.891904E-04,-5.1107678E+00,-7.2985199E-01
8.924672E-04,-5.1147351E+00,-7.2069672E-01
8.957440E-04,-5.1092419E+00,-7.1390656E-01
8.990208E-04,-5.1092419E+00,-7.0391205E-01
9.022976E-04,-5.1049695E+00,-6.9536713E-01
9.055744E-04,-5.1055798E+00,-6.8544891E-01
9.088512E-04,-5.1110730E+00,-6.7781952E-01
9.121280E-04,-5.1110730E+00,-6.6614655E-01
9.154048E-04,-5.1183972E+00,-6.5805939E-01
9.186816E-04,-5.1147351E+00,-6.4608124E-01
9.219584E-04,-5.1208386E+00,-6.3738373E-01
9.252352E-04,-5.1168713E+00,-6.2449005E-01
9.285120E-04,-5.1196179E+00,-6.1548737E-01
9.317888E-04,-5.1135144E+00,-6.0251740E-01
9.350656E-04,-5.1159558E+00,-5.9229401E-01
9.383424E-04,-5.1119885E+00,-5.7886627E-01
9.416192E-04,-5.1150403E+00,-5.6864288E-01
9.448960E-04,-5.1162610E+00,-5.5483368E-01
9.481728E-04,-5.1135144E+00,-5.4300812E-01
9.514496E-04,-5.1144299E+00,-5.2843597E-01
9.547264E-04,-5.1080212E+00,-5.1729706E-01
9.580032E-04,-5.1104626E+00,-5.0188568E-01
9.612800E-04,-5.1086316E+00,-4.8975494E-01
9.645568E-04,-5.1043591E+00,-4.7380951E-01
9.678336E-04,-5.1119885E+00,-4.6251801E-01
9.711104E-04,-5.1022229E+00,-4.4565704E-01
9.743872E-04,-5.1052747E+00,-4.3367889E-01
9.776640E-04,-5.1080212E+00,-4.1704681E-01
9.809408E-04,-5.1077161E+00,-4.0354279E-01
9.842176E-04,-5.1025281E+00,-3.8683441E-01
9.874944E-04,-5.1058850E+00,-3.7310150E-01
9.907712E-04,-5.1086316E+00,-3.5601166E-01
9.940480E-04,-5.1116833E+00,-3.4220245E-01
9.973248E-04,-5.1113782E+00,-3.2511261E-01
1.000602E-03,-5.1110730E+00,-3.1008270E-01
1.003878E-03,-5.1101575E+00,-2.9154327E-01
1.007155E-03,-5.1159558E+00,-2.7750519E-01
1.010432E-03,-5.1193127E+00,-2.5911835E-01
1.013709E-03,-5.1165662E+00,-2.4561432E-01
1.016986E-03,-5.1171765E+00,-2.2821930E-01
1.020262E-03,-5.1235852E+00,-2.1318939E-01
1.023539E-03,-5.1226697E+00,-1.9564178E-01
1.026816E-03,-5.1299939E+00,-1.7977264E-01
1.030093E-03,-5.1284680E+00,-1.6085175E-01
1.033370E-03,-5.1290784E+00,-1.4551666E-01
1.036646E-03,-5.1306042E+00,-1.2774017E-01
1.039923E-03,-5.1302991E+00,-1.1225250E-01
1.043200E-03,-5.1306042E+00,-9.3636780E-02
1.046477E-03,-5.1309094E+00,-7.7767639E-02
1.049754E-03,-5.1296887E+00,-5.8770447E-02
1.053030E-03,-5.1318250E+00,-4.2367249E-02
1.056307E-03,-5.1284680E+00,-2.4438171E-02
1.059584E-03,-5.1272473E+00,-7.6535034E-03
1.062861E-03,-5.1235852E+00,1.1419983E-02
1.066138E-03,-5.1232800E+00,2.8433533E-02
1.069414E-03,-5.1180920E+00,4.6667786E-02
1.072691E-03,-5.1150403E+00,6.2231750E-02
1.075968E-03,-5.1125989E+00,8.1152649E-02
1.079245E-03,-5.1125989E+00,9.7708435E-02
1.082522E-03,-5.1153455E+00,1.1594269E-01
1.085798E-03,-5.1232800E+00,1.3234589E-01
1.089075E-03,-5.1180920E+00,1.5065643E-01
1.092352E-03,-5.1187024E+00,1.6660187E-01
1.095629E-03,-5.1147351E+00,1.8567535E-01
1.098906E-03,-5.1168713E+00,2.0146820E-01
1.102182E-03,-5.1141248E+00,2.1939728E-01
1.105459E-03,-5.1150403E+00,2.3511383E-01
1.108736E-03,-5.1159558E+00,2.5266144E-01
1.112013E-03,-5.1171765E+00,2.6845428E-01
1.115290E-03,-5.1187024E+00,2.8623077E-01
1.118566E-03,-5.1077161E+00,3.0217621E-01
1.121843E-03,-5.1071057E+00,3.1850311E-01
1.125120E-03,-5.1055798E+00,3.3429596E-01
1.128397E-03,-5.1049695E+00,3.5260651E-01
1.131674E-03,-5.1110730E+00,3.6809418E-01
1.134950E-03,-5.1083264E+00,3.8472626E-01
1.138227E-03,-5.1086316E+00,4.0036652E-01
1.141504E-03,-5.1077161E+00,4.1646454E-01
1.144781E-03,-5.1101575E+00,4.3019745E-01
1.148058E-03,-5.1147351E+00,4.4637177E-01
1.151334E-03,-5.1156506E+00,4.6102020E-01
1.154611E-03,-5.1232800E+00,4.7704193E-01
1.157888E-03,-5.1217542E+00,4.8963043E-01
1.161165E-03,-5.1260266E+00,5.0511810E-01
1.164442E-03,-5.1214490E+00,5.1854584E-01
1.167718E-03,-5.1272473E+00,5.3410980E-01
1.170995E-03,-5.1205334E+00,5.4799530E-01
1.174272E-03,-5.1177869E+00,5.6203339E-01
1.177549E-03,-5.1171765E+00,5.7507965E-01
1.180826E-03,-5.1080212E+00,5.8850739E-01
1.184102E-03,-5.1150403E+00,6.0033295E-01
1.187379E-03,-5.1125989E+00,6.1368439E-01
1.190656E-03,-5.1122937E+00,6.2482330E-01
1.193933E-03,-5.1101575E+00,6.3748810E-01
1.197210E-03,-5.1122937E+00,6.4916107E-01
1.200486E-03,-5.1064954E+00,6.6152069E-01
1.203763E-03,-5.1068005E+00,6.7281219E-01
1.207040E-03,-5.1031384E+00,6.8456146E-01
1.210317E-03,-5.1052747E+00,6.9509003E-01
1.213594E-03,-5.1104626E+00,7.0622894E-01
1.216870E-03,-5.1098523E+00,7.1637604E-01
1.220147E-03,-5.1040540E+00,7.2766754E-01
1.223424E-03,-5.1000867E+00,7.3712799E-01
1.226701E-03,-5.0991711E+00,7.4666473E-01
1.229978E-03,-5.1022229E+00,7.5574371E-01
1.233254E-03,-5.1003918E+00,7.6428864E-01
1.236531E-03,-5.1043591E+00,7.7237579E-01
1.239808E-03,-5.1138196E+00,7.8023407E-01
1.243085E-03,-5.1132092E+00,7.8694794E-01
1.246362E-03,-5.1183972E+00,7.9503510E-01
1.249638E-03,-5.1159558E+00,8.0251190E-01
1.252915E-03,-5.1220593E+00,8.0892059E-01
1.256192E-03,-5.1226697E+00,8.1555817E-01
1.259469E-03,-5.1296887E+00,8.2219574E-01
1.262746E-03,-5.1275525E+00,8.2868073E-01
1.266022E-03,-5.1299939E+00,8.3478424E-01
1.269299E-03,-5.1241956E+00,8.3943817E-01
1.272576E-03,-5.1287732E+00,8.4416840E-01
1.275853E-03,-5.1290784E+00,8.4989044E-01
1.279130E-03,-5.1254163E+00,8.5347626E-01
1.282406E-03,-5.1287732E+00,8.5706207E-01
1.285683E-03,-5.1238904E+00,8.6095306E-01
1.288960E-03,-5.1272473E+00,8.6537811E-01
1.292237E-03,-5.1248059E+00,8.6705658E-01
1.295514E-03,-5.1241956E+00,8.6972687E-01
1.298790E-03,-5.1214490E+00,8.7247345E-01
1.302067E-03,-5.1150403E+00,8.7491486E-01
1.305344E-03,-5.1141248E+00,8.7621185E-01
1.308621E-03,-5.1061902E+00,8.7766144E-01
1.311898E-03,-5.1003918E+00,8.7750885E-01
1.315174E-03,-5.0909314E+00,8.7827179E-01
1.318451E-03,-5.0854382E+00,8.7857697E-01
1.321728E-03,-5.0845227E+00,8.7880585E-01
1.325005E-03,-5.0756726E+00,8.7674591E-01
1.328282E-03,-5.0744519E+00,8.7819550E-01
1.331558E-03,-5.0747571E+00,8.7483856E-01
1.334835E-03,-5.0805554E+00,8.7384674E-01
1.338112E-03,-5.0829968E+00,8.7110016E-01
1.341389E-03,-5.0802502E+00,8.7003204E-01
1.344666E-03,-5.0833020E+00,8.6575958E-01
1.347942E-03,-5.0817761E+00,8.6316559E-01
1.351219E-03,-5.0839124E+00,8.5942719E-01
1.354496E-03,-5.0872693E+00,8.5629913E-01
1.357773E-03,-5.0869641E+00,8.5126373E-01
1.361050E-03,-5.0915417E+00,8.4783051E-01
1.364326E-03,-5.0930676E+00,8.4195587E-01
1.367603E-03,-5.0945935E+00,8.3699677E-01
1.370880E-03,-5.0970349E+00,8.3043549E-01
1.374157E-03,-5.0942883E+00,8.2562897E-01
1.377434E-03,-5.0945935E+00,8.1761810E-01
1.380710E-03,-5.0997815E+00,8.1235382E-01
1.383987E-03,-5.0955090E+00,8.0533478E-01
1.387264E-03,-5.0976453E+00,7.9946014E-01
1.390541E-03,-5.0991711E+00,7.9030487E-01
1.393818E-03,-5.0936780E+00,7.8343842E-01
1.397094E-03,-5.0976453E+00,7.7390167E-01
1.400371E-03,-5.0903210E+00,7.6764557E-01
1.403648E-03,-5.0881848E+00,7.5711700E-01
1.406925E-03,-5.0857434E+00,7.4933502E-01
1.410202E-03,-5.0793347E+00,7.3873016E-01
1.413478E-03,-5.0823865E+00,7.3087189E-01
1.416755E-03,-5.0781140E+00,7.1965668E-01
1.420032E-03,-5.0768933E+00,7.1080658E-01
1.423309E-03,-5.0793347E+00,6.9783661E-01
1.426586E-03,-5.0759778E+00,6.8929169E-01
1.429862E-03,-5.0854382E+00,6.7632172E-01
1.433139E-03,-5.0811658E+00,6.6571686E-01
1.436416E-03,-5.0891003E+00,6.5297577E-01
1.439693E-03,-5.0881848E+00,6.4229462E-01
1.442970E-03,-5.0933728E+00,6.2856171E-01
1.446246E-03,-5.0924573E+00,6.1826202E-01
1.449523E-03,-5.0930676E+00,6.0330841E-01
1.452800E-03,-5.0930676E+00,5.9255096E-01
1.456077E-03,-5.0948987E+00,5.7721588E-01
1.459354E-03,-5.0955090E+00,5.6630585E-01
1.462630E-03,-5.0906262E+00,5.5135223E-01
1.465907E-03,-5.0964246E+00,5.4021332E-01
1.469184E-03,-5.0894055E+00,5.2388641E-01
1.472461E-03,-5.0894055E+00,5.1183197E-01
1.475738E-03,-5.0878796E+00,4.9565765E-01
1.479014E-03,-5.0872693E+00,4.8261139E-01
1.482291E-03,-5.0875745E+00,4.6582672E-01
1.485568E-03,-5.0848279E+00,4.5239899E-01
1.488845E-03,-5.0900159E+00,4.3553802E-01
1.492122E-03,-5.0875745E+00,4.2096588E-01
1.495398E-03,-5.0918469E+00,4.0349457E-01
1.498675E-03,-5.0881848E+00,3.8991425E-01
1.501952E-03,-5.0988660E+00,3.7129852E-01
1.505229E-03,-5.0994763E+00,3.5718414E-01
1.508506E-03,-5.0982556E+00,3.3894989E-01
1.511782E-03,-5.1019177E+00,3.2422516E-01
1.515059E-03,-5.1000867E+00,3.0606720E-01
1.518336E-03,-5.0997815E+00,2.8966400E-01
1.521613E-03,-5.0997815E+00,2.7272675E-01
1.524890E-03,-5.1077161E+00,2.5708649E-01
1.528166E-03,-5.1122937E+00,2.3892853E-01
1.531443E-03,-5.1196179E+00,2.2374603E-01
1.534720E-03,-5.1180920E+00,2.0574066E-01
1.537997E-03,-5.1144299E+00,1.8971893E-01
1.541274E-03,-5.1144299E+00,1.7133209E-01
1.544550E-03,-5.1113782E+00,1.5523407E-01
1.547827E-03,-5.1055798E+00,1.3761017E-01
1.551104E-03,-5.1071057E+00,1.2128326E-01
1.554381E-03,-5.1034436E+00,1.0274384E-01
1.557658E-03,-5.1086316E+00,8.6340637E-02
1.560934E-03,-5.1058850E+00,6.7724915E-02
1.564211E-03,-5.1025281E+00,5.2237244E-02
1.567488E-03,-5.0991711E+00,3.3316345E-02
1.570765E-03,-5.0945935E+00,1.7599792E-02
1.574042E-03,-5.0884900E+00,-4.0557861E-04
1.577318E-03,-5.0848279E+00,-1.7190247E-02
1.580595E-03,-5.0854382E+00,-3.6340027E-02
1.583872E-03,-5.0836072E+00,-5.3124695E-02
1.587149E-03,-5.0933728E+00,-7.0672302E-02
1.590426E-03,-5.0952039E+00,-8.7228088E-02
1.593702E-03,-5.0961194E+00,-1.0469940E-01
1.596979E-03,-5.0930676E+00,-1.2079742E-01
1.600256E-03,-5.0900159E+00,-1.3811615E-01
1.603533E-03,-5.0857434E+00,-1.5436676E-01
1.606810E-03,-5.0814709E+00,-1.7160919E-01
1.610086E-03,-5.0808606E+00,-1.8854645E-01
1.613363E-03,-5.0839124E+00,-2.0563629E-01
1.616640E-03,-5.0848279E+00,-2.2173431E-01
1.619917E-03,-5.0921521E+00,-2.3912933E-01
1.623194E-03,-5.0872693E+00,-2.5431183E-01
1.626470E-03,-5.0887952E+00,-2.7056244E-01
1.629747E-03,-5.0918469E+00,-2.8749969E-01
1.633024E-03,-5.0866589E+00,-3.0336884E-01
1.636301E-03,-5.0878796E+00,-3.1893280E-01
1.639578E-03,-5.0887952E+00,-3.3533600E-01
1.642854E-03,-5.0878796E+00,-3.5051849E-01
1.646131E-03,-5.0912366E+00,-3.6570099E-01
1.649408E-03,-5.0918469E+00,-3.8088348E-01
1.652685E-03,-5.0912366E+00,-3.9743927E-01
1.655962E-03,-5.0915417E+00,-4.1193512E-01
1.659238E-03,-5.0936780E+00,-4.2727020E-01
1.662515E-03,-5.1003918E+00,-4.4100311E-01
1.665792E-03,-5.1019177E+00,-4.5649078E-01
1.669069E-03,-5.1122937E+00,-4.6999481E-01
1.672346E-03,-5.1089368E+00,-4.8464325E-01
1.675622E-03,-5.1083264E+00,-4.9829987E-01
1.678899E-03,-5.1110730E+00,-5.1226166E-01
1.682176E-03,-5.1129041E+00,-5.2530792E-01
1.685453E-03,-5.1168713E+00,-5.3827789E-01
1.688730E-03,-5.1116833E+00,-5.5063751E-01
1.692006E-03,-5.1147351E+00,-5.6253937E-01
1.695283E-03,-5.1040540E+00,-5.7550934E-01
1.698560E-03,-5.1049695E+00,-5.8710602E-01
1.701837E-03,-5.0976453E+00,-5.9809235E-01
1.705114E-03,-5.0948987E+00,-6.1014679E-01
1.708390E-03,-5.0936780E+00,-6.2098053E-01
1.711667E-03,-5.0918469E+00,-6.3250092E-01
1.714944E-03,-5.0945935E+00,-6.4272430E-01
1.718221E-03,-5.0961194E+00,-6.5355804E-01
1.721498E-03,-5.1019177E+00,-6.6286591E-01
1.724774E-03,-5.1028333E+00,-6.7263153E-01
1.728051E-03,-5.1046643E+00,-6.8163422E-01
1.731328E-03,-5.0988660E+00,-6.9124725E-01
1.734605E-03,-5.1037488E+00,-7.0063141E-01
1.737882E-03,-5.1074109E+00,-7.0894745E-01
1.741158E-03,-5.1110730E+00,-7.1764496E-01
1.744435E-03,-5.1138196E+00,-7.2573212E-01
1.747712E-03,-5.1214490E+00,-7.3313263E-01
1.750989E-03,-5.1165662E+00,-7.4068573E-01
1.754266E-03,-5.1156506E+00,-7.4701813E-01
1.757542E-03,-5.1165662E+00,-7.5357941E-01
1.760819E-03,-5.1119885E+00,-7.6082733E-01
1.764096E-03,-5.1177869E+00,-7.6632050E-01
1.767373E-03,-5.1171765E+00,-7.7234772E-01
1.770650E-03,-5.1156506E+00,-7.7776459E-01
1.773926E-03,-5.1177869E+00,-7.8234222E-01
1.777203E-03,-5.1098523E+00,-7.8623322E-01
1.780480E-03,-5.1061902E+00,-7.9096344E-01
1.783757E-03,-5.1010022E+00,-7.9401520E-01
1.787034E-03,-5.1034436E+00,-7.9821136E-01
1.790310E-03,-5.0948987E+00,-8.0042389E-01
1.793587E-03,-5.0924573E+00,-8.0393341E-01
1.796864E-03,-5.0878796E+00,-8.0606964E-01
1.800141E-03,-5.0866589E+00,-8.0828217E-01
1.803418E-03,-5.0796399E+00,-8.0965546E-01
1.806694E-03,-5.0811658E+00,-8.1141022E-01
1.809971E-03,-5.0787244E+00,-8.1194427E-01
1.813248E-03,-5.0790295E+00,-8.1347015E-01
1.816525E-03,-5.0762830E+00,-8.1224945E-01
1.819802E-03,-5.0784192E+00,-8.1331757E-01
1.823078E-03,-5.0820813E+00,-8.1255463E-01
1.826355E-03,-5.0829968E+00,-8.1293610E-01
1.829632E-03,-5.0897107E+00,-8.1018951E-01
1.832909E-03,-5.0927625E+00,-8.1011322E-01
1.836186E-03,-5.0994763E+00,-8.0683258E-01
1.839462E-03,-5.0991711E+00,-8.0538300E-01
1.842739E-03,-5.0988660E+00,-8.0271271E-01
1.846016E-03,-5.0924573E+00,-8.0080536E-01
1.849293E-03,-5.0973401E+00,-7.9561737E-01
1.852570E-03,-5.0964246E+00,-7.9248932E-01
1.855846E-03,-5.0988660E+00,-7.8821686E-01
1.859123E-03,-5.1003918E+00,-7.8562286E-01
1.862400E-03,-5.1028333E+00,-7.7913788E-01
1.865677E-03,-5.1113782E+00,-7.7578094E-01
1.868954E-03,-5.1162610E+00,-7.6891449E-01
1.872230E-03,-5.1132092E+00,-7.6471832E-01
1.875507E-03,-5.1138196E+00,-7.5754669E-01
1.878784E-03,-5.1129041E+00,-7.5296906E-01
1.882061E-03,-5.1129041E+00,-7.4472931E-01
1.885338E-03,-5.1116833E+00,-7.3854950E-01
1.888614E-03,-5.1104626E+00,-7.2901276E-01
1.891891E-03,-5.1162610E+00,-7.2351959E-01
1.895168E-03,-5.1183972E+00,-7.1421173E-01
1.898445E-03,-5.1177869E+00,-7.0665863E-01
1.901722E-03,-5.1156506E+00,-6.9643524E-01
1.904998E-03,-5.1174817E+00,-6.8979767E-01
1.908275E-03,-5.1241956E+00,-6.7865875E-01
1.911552E-03,-5.1196179E+00,-6.6980865E-01
1.914829E-03,-5.1238904E+00,-6.5851715E-01
1.918106E-03,-5.1217542E+00,-6.4989594E-01
1.921382E-03,-5.1193127E+00,-6.3807037E-01
1.924659E-03,-5.1263318E+00,-6.2914398E-01
1.927936E-03,-5.1245007E+00,-6.1586884E-01
1.931213E-03,-5.1248059E+00,-6.0656097E-01
1.934490E-03,-5.1232800E+00,-5.9267548E-01
1.937766E-03,-5.1205334E+00,-5.8352020E-01
1.941043E-03,-5.1202283E+00,-5.6910065E-01
1.944320E-03,-5.1129041E+00,-5.5895355E-01
1.947597E-03,-5.1089368E+00,-5.4415253E-01
1.950874E-03,-5.1095471E+00,-5.3339508E-01
1.954150E-03,-5.1101575E+00,-5.1828888E-01
1.957427E-03,-5.1135144E+00,-5.0722626E-01
1.960704E-03,-5.1183972E+00,-4.9166229E-01
1.963981E-03,-5.1177869E+00,-4.8006561E-01
1.967258E-03,-5.1208386E+00,-4.6427277E-01
1.970534E-03,-5.1187024E+00,-4.5168427E-01
1.973811E-03,-5.1190076E+00,-4.3573883E-01
1.977088E-03,-5.1104626E+00,-4.2238739E-01
1.980365E-03,-5.1022229E+00,-4.0529755E-01
1.983642E-03,-5.1031384E+00,-3.9202240E-01
1.986918E-03,-5.0976453E+00,-3.7485626E-01
1.990195E-03,-5.0942883E+00,-3.6089447E-01
1.993472E-03,-5.0909314E+00,-3.4433868E-01
1.996749E-03,-5.0875745E+00,-3.2969025E-01
2.000026E-03,-5.0854382E+00,-3.1244781E-01
2.003302E-03,-5.0802502E+00,-2.9757050E-01
2.006579E-03,-5.0887952E+00,-2.8063324E-01
2.009856E-03,-5.0872693E+00,-2.6506927E-01
2.013133E-03,-5.0887952E+00,-2.4767426E-01
2.016410E-03,-5.0909314E+00,-2.3294952E-01
2.019686E-03,-5.0955090E+00,-2.1532562E-01
2.022963E-03,-5.0967297E+00,-1.9915131E-01
2.026240E-03,-5.1037488E+00,-1.8145111E-01
2.029517E-03,-5.0997815E+00,-1.6596344E-01
2.032794E-03,-5.0967297E+00,-1.4696625E-01
2.036070E-03,-5.0915417E+00,-1.3147858E-01
2.039347E-03,-5.0927625E+00,-1.1377838E-01
2.042624E-03,-5.0945935E+00,-9.8138123E-02
2.045901E-03,-5.0887952E+00,-7.9064636E-02
2.049178E-03,-5.0964246E+00,-6.3348083E-02
2.052454E-03,-5.0915417E+00,-4.4656067E-02
2.055731E-03,-5.0921521E+00,-2.7947693E-02
2.059008E-03,-5.0936780E+00,-1.0171204E-02
2.062285E-03,-5.0945935E+00,6.2319946E-03
2.065562E-03,-5.0985608E+00,2.4695129E-02
2.068838E-03,-5.1003918E+00,4.0259094E-02
2.072115E-03,-5.1022229E+00,5.8035583E-02
2.075392E-03,-5.1074109E+00,7.4743958E-02
2.078669E-03,-5.1071057E+00,9.3588562E-02
2.081946E-03,-5.1107678E+00,1.1029694E-01
2.085222E-03,-5.1104626E+00,1.2853119E-01
2.088499E-03,-5.1165662E+00,1.4501068E-01
2.091776E-03,-5.1174817E+00,1.6339752E-01
2.095053E-03,-5.1165662E+00,1.7911407E-01
2.098330E-03,-5.1122937E+00,1.9780609E-01
2.101606E-03,-5.1129041E+00,2.1398041E-01
2.104883E-03,-5.1141248E+00,2.3175690E-01
2.108160E-03,-5.1083264E+00,2.4732086E-01
2.111437E-03,-5.1049695E+00,2.6540253E-01
2.114714E-03,-5.1006970E+00,2.8073761E-01
2.117990E-03,-5.0945935E+00,2.9775116E-01
2.121267E-03,-5.0875745E+00,3.1300995E-01
2.124544E-03,-5.0854382E+00,3.3078644E-01
2.127821E-03,-5.0848279E+00,3.4696075E-01
2.131098E-03,-5.0826917E+00,3.6382172E-01
2.134374E-03,-5.0842175E+00,3.7938568E-01
2.137651E-03,-5.0903210E+00,3.9571259E-01
2.140928E-03,-5.0884900E+00,4.1127655E-01
2.144205E-03,-5.0906262E+00,4.2737457E-01
2.147482E-03,-5.0927625E+00,4.4148895E-01
2.150758E-03,-5.0955090E+00,4.5766327E-01
2.154035E-03,-5.1000867E+00,4.7170135E-01
2.157312E-03,-5.0979504E+00,4.8688385E-01
2.160589E-03,-5.0997815E+00,5.0153229E-01
2.163866E-03,-5.1064954E+00,5.1640961E-01
2.167142E-03,-5.1141248E+00,5.3075287E-01
2.170419E-03,-5.1153455E+00,5.4517242E-01
2.173696E-03,-5.1159558E+00,5.5821869E-01
2.176973E-03,-5.1187024E+00,5.7164642E-01
2.180250E-03,-5.1220593E+00,5.8446381E-01
2.183526E-03,-5.1226697E+00,5.9659454E-01
2.186803E-03,-5.1220593E+00,6.0910675E-01
2.190080E-03,-5.1238904E+00,6.2238190E-01
2.193357E-03,-5.1226697E+00,6.3329193E-01
2.196634E-03,-5.1284680E+00,6.4588043E-01
2.199910E-03,-5.1217542E+00,6.5846893E-01
2.203187E-03,-5.1223645E+00,6.7021820E-01
2.206464E-03,-5.1162610E+00,6.8150970E-01
2.209741E-03,-5.1174817E+00,6.9150421E-01
2.213018E-03,-5.1180920E+00,7.0332977E-01
2.216294E-03,-5.1122937E+00,7.1431610E-01
2.219571E-03,-5.1071057E+00,7.2423431E-01
2.222848E-03,-5.1058850E+00,7.3377106E-01
2.226125E-03,-5.0991711E+00,7.4407074E-01
2.229402E-03,-5.0979504E+00,7.5353119E-01
2.232678E-03,-5.0930676E+00,7.6238129E-01
2.235955E-03,-5.0985608E+00,7.7016327E-01
2.239232E-03,-5.1016125E+00,7.7809784E-01
2.242509E-03,-5.1031384E+00,7.8618500E-01
2.245786E-03,-5.1022229E+00,7.9434845E-01
2.249062E-03,-5.1071057E+00,8.0083344E-01
2.252339E-03,-5.1055798E+00,8.0800507E-01
2.255616E-03,-5.1052747E+00,8.1517670E-01
2.258893E-03,-5.1046643E+00,8.2150909E-01
2.262170E-03,-5.0973401E+00,8.2776520E-01
2.265446E-03,-5.0945935E+00,8.3341095E-01
2.268723E-03,-5.0979504E+00,8.3806488E-01
2.272000E-03,-5.0912366E+00,8.4378693E-01
2.275277E-03,-5.0933728E+00,8.4844086E-01
2.278554E-03,-5.0851331E+00,8.5286591E-01
2.281830E-03,-5.0869641E+00,8.5744354E-01
2.285107E-03,-5.0826917E+00,8.6133453E-01
2.288384E-03,-5.0857434E+00,8.6400482E-01
2.291661E-03,-5.0869641E+00,8.6743805E-01
2.294938E-03,-5.0903210E+00,8.6965057E-01
2.298214E-03,-5.0973401E+00,8.7262604E-01
2.301491E-03,-5.0924573E+00,8.7331268E-01
2.304768E-03,-5.0933728E+00,8.7560150E-01
2.308045E-03,-5.0964246E+00,8.7644073E-01
2.311322E-03,-5.0982556E+00,8.7727997E-01
2.314598E-03,-5.0991711E+00,8.7659332E-01
2.317875E-03,-5.1003918E+00,8.7834808E-01
2.321152E-03,-5.1049695E+00,8.7750885E-01
2.324429E-03,-5.1028333E+00,8.7766144E-01
2.327706E-03,-5.1028333E+00,8.7598297E-01
2.330982E-03,-5.0973401E+00,8.7499115E-01
2.334259E-03,-5.0970349E+00,8.7254974E-01
2.337536E-03,-5.0906262E+00,8.7155792E-01
2.340813E-03,-5.0915417E+00,8.6827728E-01
2.344090E-03,-5.0884900E+00,8.6751434E-01
2.347366E-03,-5.0884900E+00,8.6225006E-01
2.350643E-03,-5.0900159E+00,8.5988495E-01
2.353920E-03,-5.0936780E+00,8.5561249E-01
2.357197E-03,-5.0945935E+00,8.5210297E-01
2.360474E-03,-5.0970349E+00,8.4607574E-01
2.363750E-03,-5.0961194E+00,8.4256622E-01
2.367027E-03,-5.0991711E+00,8.3638641E-01
2.370304E-03,-5.0973401E+00,8.3165619E-01
2.373581E-03,-5.0994763E+00,8.2402679E-01
2.376858E-03,-5.1010022E+00,8.1967804E-01
2.380134E-03,-5.1028333E+00,8.1159088E-01
2.383411E-03,-5.1031384E+00,8.0693695E-01
2.386688E-03,-5.1006970E+00,7.9808685E-01
2.389965E-03,-5.1031384E+00,7.9236481E-01
2.393242E-03,-5.1037488E+00,7.8381989E-01
2.396518E-03,-5.1040540E+00,7.7687714E-01
2.399795E-03,-5.1077161E+00,7.6611969E-01
2.403072E-03,-5.1077161E+00,7.5910065E-01
2.406349E-03,-5.1049695E+00,7.4803802E-01
2.409626E-03,-5.1013074E+00,7.4147675E-01
2.412902E-03,-5.1055798E+00,7.3003265E-01
2.416179E-03,-5.1052747E+00,7.2194550E-01
2.419456E-03,-5.1080212E+00,7.0950958E-01
2.422733E-03,-5.1006970E+00,7.0020172E-01
2.426010E-03,-5.1089368E+00,6.8707916E-01
2.429286E-03,-5.0982556E+00,6.7761871E-01
2.432563E-03,-5.1003918E+00,6.6403839E-01
2.435840E-03,-5.1003918E+00,6.5480682E-01
2.439117E-03,-5.0994763E+00,6.4137909E-01
2.442394E-03,-5.1037488E+00,6.3069794E-01
2.445670E-03,-5.1089368E+00,6.1658356E-01
2.448947E-03,-5.1077161E+00,6.0658905E-01
2.452224E-03,-5.1107678E+00,5.9178802E-01
2.455501E-03,-5.1110730E+00,5.8087799E-01
2.458778E-03,-5.1095471E+00,5.6554291E-01
2.462054E-03,-5.1046643E+00,5.5402252E-01
2.465331E-03,-5.1022229E+00,5.3807709E-01
2.468608E-03,-5.1000867E+00,5.2640411E-01
2.471885E-03,-5.1006970E+00,5.1091644E-01
2.475162E-03,-5.1000867E+00,4.9825165E-01
2.478438E-03,-5.0997815E+00,4.8238251E-01
2.481715E-03,-5.0918469E+00,4.6864960E-01
2.484992E-03,-5.0900159E+00,4.5163605E-01
2.488269E-03,-5.0857434E+00,4.3858978E-01
2.491546E-03,-5.0872693E+00,4.2180511E-01
2.494822E-03,-5.0839124E+00,4.0830109E-01
2.498099E-03,-5.0833020E+00,3.9136383E-01
2.501376E-03,-5.0857434E+00,3.7694427E-01
2.504653E-03,-5.0833020E+00,3.5932037E-01
2.507930E-03,-5.0854382E+00,3.4429047E-01
2.511206E-03,-5.0912366E+00,3.2720062E-01
2.514483E-03,-5.0970349E+00,3.1117889E-01
2.517760E-03,-5.1025281E+00,2.9332611E-01
2.521037E-03,-5.1080212E+00,2.7730438E-01
2.524314E-03,-5.1006970E+00,2.5899384E-01
2.527590E-03,-5.1055798E+00,2.4388763E-01
2.530867E-03,-5.1034436E+00,2.2611115E-01
2.534144E-03,-5.1055798E+00,2.0986053E-01
2.537421E-03,-5.1092419E+00,1.9238922E-01
2.540698E-03,-5.1071057E+00,1.7613861E-01
2.543974E-03,-5.1092419E+00,1.5744659E-01
2.547251E-03,-5.1122937E+00,1.4142487E-01
2.550528E-03,-5.1092419E+00,1.2296173E-01
2.553805E-03,-5.1132092E+00,1.0686371E-01
2.557082E-03,-5.1135144E+00,8.9087219E-02
2.560358E-03,-5.1095471E+00,7.3141785E-02
2.563635E-03,-5.1147351E+00,5.4297180E-02
2.566912E-03,-5.1046643E+00,3.7588806E-02
2.570189E-03,-5.1031384E+00,1.9125671E-02
2.573466E-03,-5.1022229E+00,2.9513550E-03
2.576742E-03,-5.0985608E+00,-1.5130310E-02
2.580019E-03,-5.0933728E+00,-3.1914978E-02
2.583296E-03,-5.0958142E+00,-5.0301819E-02
2.586573E-03,-5.0860486E+00,-6.6628723E-02
2.589850E-03,-5.0866589E+00,-8.5702209E-02
2.593126E-03,-5.0732312E+00,-1.0210541E-01
2.596403E-03,-5.0775037E+00,-1.1950043E-01
2.599680E-03,-5.0735364E+00,-1.3468292E-01
2.602957E-03,-5.0717053E+00,-1.5284088E-01
2.606234E-03,-5.0695691E+00,-1.6855743E-01
2.609510E-03,-5.0747571E+00,-1.8610504E-01
2.612787E-03,-5.0756726E+00,-2.0266083E-01
2.616064E-03,-5.0735364E+00,-2.1952179E-01
2.619341E-03,-5.0704846E+00,-2.3478058E-01
2.622618E-03,-5.0732312E+00,-2.5148895E-01
2.625894E-03,-5.0796399E+00,-2.6720551E-01
2.629171E-03,-5.0823865E+00,-2.8505829E-01
2.632448E-03,-5.0845227E+00,-3.0085114E-01
2.635725E-03,-5.0912366E+00,-3.1794098E-01
2.639002E-03,-5.0924573E+00,-3.3304718E-01
2.642278E-03,-5.0970349E+00,-3.4830597E-01
2.645555E-03,-5.0930676E+00,-3.6409882E-01
2.648832E-03,-5.0988660E+00,-3.8027313E-01
2.652109E-03,-5.0897107E+00,-3.9545563E-01
2.655386E-03,-5.0930676E+00,-4.1124847E-01
2.658662E-03,-5.0927625E+00,-4.2604950E-01
2.661939E-03,-5.0881848E+00,-4.4069794E-01
2.665216E-03,-5.0909314E+00,-4.5420197E-01
2.668493E-03,-5.0891003E+00,-4.6770599E-01
2.671770E-03,-5.0869641E+00,-4.8189667E-01
2.675046E-03,-5.0817761E+00,-4.9646881E-01
2.678323E-03,-5.0817761E+00,-5.0913361E-01
2.681600E-03,-5.0884900E+00,-5.2263763E-01
2.684877E-03,-5.0915417E+00,-5.3659943E-01
2.688154E-03,-5.0936780E+00,-5.4880646E-01
2.691430E-03,-5.0985608E+00,-5.6116608E-01
2.694707E-03,-5.0948987E+00,-5.7459381E-01
2.697984E-03,-5.1028333E+00,-5.8550385E-01
2.701261E-03,-5.0942883E+00,-5.9786346E-01
2.704538E-03,-5.0945935E+00,-6.0900238E-01
2.707814E-03,-5.0945935E+00,-6.2021759E-01
2.711091E-03,-5.0924573E+00,-6.3059357E-01
2.714368E-03,-5.0927625E+00,-6.4066437E-01
2.717645E-03,-5.0912366E+00,-6.5180328E-01
2.720922E-03,-5.0884900E+00,-6.6141632E-01
2.724198E-03,-5.0927625E+00,-6.7194489E-01
2.727475E-03,-5.0903210E+00,-6.8102386E-01
2.730752E-03,-5.0881848E+00,-6.9078949E-01
2.734029E-03,-5.0909314E+00,-6.9963959E-01
2.737306E-03,-5.0976453E+00,-7.0833710E-01
2.740582E-03,-5.0964246E+00,-7.1688202E-01
2.743859E-03,-5.0997815E+00,-7.2535065E-01
2.747136E-03,-5.1016125E+00,-7.3229340E-01
2.750413E-03,-5.0997815E+00,-7.3999908E-01
2.753690E-03,-5.1016125E+00,-7.4755219E-01
2.756966E-03,-5.1006970E+00,-7.5418976E-01
2.760243E-03,-5.1055798E+00,-7.5998810E-01
2.763520E-03,-5.1049695E+00,-7.6670197E-01
2.766797E-03,-5.1031384E+00,-7.7143219E-01
2.770074E-03,-5.1052747E+00,-7.7753571E-01
2.773350E-03,-5.1013074E+00,-7.8150299E-01
2.776627E-03,-5.1040540E+00,-7.8707245E-01
2.779904E-03,-5.1028333E+00,-7.8989532E-01
2.783181E-03,-5.1058850E+00,-7.9470184E-01
2.786458E-03,-5.1061902E+00,-7.9782990E-01
2.789734E-03,-5.1022229E+00,-8.0202606E-01
2.793011E-03,-5.1037488E+00,-8.0462006E-01
2.796288E-03,-5.1055798E+00,-8.0698517E-01
2.799565E-03,-5.1068005E+00,-8.0828217E-01
2.802842E-03,-5.1055798E+00,-8.1141022E-01
2.806118E-03,-5.1006970E+00,-8.1179169E-01
2.809395E-03,-5.1010022E+00,-8.1377533E-01
2.812672E-03,-5.0927625E+00,-8.1270721E-01
2.815949E-03,-5.0948987E+00,-8.1446198E-01
2.819226E-03,-5.0988660E+00,-8.1369904E-01
2.822502E-03,-5.1095471E+00,-8.1446198E-01
2.825779E-03,-5.1092419E+00,-8.1247833E-01
2.829056E-03,-5.1086316E+00,-8.1255463E-01
2.832333E-03,-5.1095471E+00,-8.1011322E-01
2.835610E-03,-5.1110730E+00,-8.1034210E-01
2.838886E-03,-5.1196179E+00,-8.0645111E-01
2.842163E-03,-5.1229749E+00,-8.0523041E-01
2.845440E-03,-5.1263318E+00,-8.0103424E-01
2.848717E-03,-5.1306042E+00,-7.9927948E-01
2.851994E-03,-5.1312146E+00,-7.9401520E-01
2.855270E-03,-5.1299939E+00,-7.9073456E-01
2.858547E-03,-5.1263318E+00,-7.8485992E-01
2.861824E-03,-5.1190076E+00,-7.8196075E-01
2.865101E-03,-5.1141248E+00,-7.7486542E-01
2.868378E-03,-5.1068005E+00,-7.7204254E-01
2.871654E-03,-5.1022229E+00,-7.6410797E-01
2.874931E-03,-5.0985608E+00,-7.5991180E-01
2.878208E-03,-5.0921521E+00,-7.5182465E-01
2.881485E-03,-5.0970349E+00,-7.4625519E-01
2.884762E-03,-5.0936780E+00,-7.3809174E-01
2.888038E-03,-5.0961194E+00,-7.3229340E-01
2.891315E-03,-5.0958142E+00,-7.2245148E-01
2.894592E-03,-5.0945935E+00,-7.1688202E-01
2.897869E-03,-5.0970349E+00,-7.0665863E-01
2.901146E-03,-5.0997815E+00,-7.0017365E-01
2.904422E-03,-5.1055798E+00,-6.8865326E-01
2.907699E-03,-5.1006970E+00,-6.8148163E-01
2.910976E-03,-5.0991711E+00,-6.7049530E-01
2.914253E-03,-5.1019177E+00,-6.6233185E-01
2.917530E-03,-5.0964246E+00,-6.5004852E-01
2.920806E-03,-5.0967297E+00,-6.4165619E-01
2.924083E-03,-5.0891003E+00,-6.2899139E-01
2.927360E-03,-5.0863538E+00,-6.1907318E-01
2.930637E-03,-5.0897107E+00,-6.0633209E-01
2.933914E-03,-5.0878796E+00,-5.9710052E-01
2.937190E-03,-5.0842175E+00,-5.8367279E-01
2.940467E-03,-5.0866589E+00,-5.7352570E-01
2.943744E-03,-5.0842175E+00,-5.5872467E-01
2.947021E-03,-5.0894055E+00,-5.4895905E-01
2.950298E-03,-5.0851331E+00,-5.3415802E-01
2.953574E-03,-5.0891003E+00,-5.2210358E-01
2.956851E-03,-5.0860486E+00,-5.0760773E-01
2.960128E-03,-5.0866589E+00,-4.9494293E-01
2.963405E-03,-5.0860486E+00,-4.7976044E-01
2.966682E-03,-5.0891003E+00,-4.6671417E-01
2.969958E-03,-5.0887952E+00,-4.5122650E-01
2.973235E-03,-5.0915417E+00,-4.3871429E-01
2.976512E-03,-5.0897107E+00,-4.2284515E-01
2.979789E-03,-5.0976453E+00,-4.0865448E-01
2.983066E-03,-5.0939832E+00,-3.9278534E-01
2.986342E-03,-5.0973401E+00,-3.7958649E-01
2.989619E-03,-5.0994763E+00,-3.6211517E-01
2.992896E-03,-5.1006970E+00,-3.4822968E-01
2.996173E-03,-5.0979504E+00,-3.3182648E-01
2.999450E-03,-5.0979504E+00,-3.1786469E-01
3.002726E-03,-5.1019177E+00,-2.9955414E-01
3.006003E-03,-5.0982556E+00,-2.8383759E-01
3.009280E-03,-5.0952039E+00,-2.6712921E-01
3.012557E-03,-5.0952039E+00,-2.5232819E-01
3.015834E-03,-5.0948987E+00,-2.3470428E-01
3.019110E-03,-5.0970349E+00,-2.1929291E-01
3.022387E-03,-5.0948987E+00,-2.0174530E-01
3.025664E-03,-5.0933728E+00,-1.8579987E-01
3.028941E-03,-5.0912366E+00,-1.6809967E-01
3.032218E-03,-5.0900159E+00,-1.5261200E-01
3.035494E-03,-5.0952039E+00,-1.3475922E-01
3.038771E-03,-5.0860486E+00,-1.1789825E-01
3.042048E-03,-5.0912366E+00,-1.0027435E-01
3.045325E-03,-5.0930676E+00,-8.3413391E-02
3.048602E-03,-5.0964246E+00,-6.5942078E-02
3.051878E-03,-5.1019177E+00,-5.0225525E-02
3.055155E-03,-5.1028333E+00,-3.1304626E-02
3.058432E-03,-5.1064954E+00,-1.4748840E-02
3.061709E-03,-5.1098523E+00,3.7905884E-03
3.064986E-03,-5.1089368E+00,2.0727844E-02
3.068262E-03,-5.1129041E+00,3.8962097E-02
3.071539E-03,-5.1113782E+00,5.4449768E-02
3.074816E-03,-5.1110730E+00,7.2531433E-02
3.078093E-03,-5.1107678E+00,9.0079041E-02
3.081370E-03,-5.1074109E+00,1.0846588E-01
3.084646E-03,-5.1016125E+00,1.2578461E-01
3.087923E-03,-5.0994763E+00,1.4272186E-01
3.091200E-03,-5.0955090E+00,1.5920135E-01
3.094477E-03,-5.0982556E+00,1.7728302E-01
3.097754E-03,-5.1040540E+00,1.9391510E-01
3.101030E-03,-5.1013074E+00,2.1237823E-01
3.104307E-03,-5.1061902E+00,2.2855255E-01
3.107584E-03,-5.1000867E+00,2.4663422E-01
3.110861E-03,-5.0997815E+00,2.6166412E-01
3.114138E-03,-5.0973401E+00,2.7898285E-01
3.117414E-03,-5.0906262E+00,2.9462311E-01
3.120691E-03,-5.0924573E+00,3.1209442E-01
3.123968E-03,-5.0906262E+00,3.2742950E-01
3.127245E-03,-5.0903210E+00,3.4497711E-01
3.130522E-03,-5.0930676E+00,3.6038849E-01
3.133798E-03,-5.0945935E+00,3.7724945E-01
3.137075E-03,-5.0918469E+00,3.9342377E-01
3.140352E-03,-5.0900159E+00,4.0921661E-01
3.143629E-03,-5.0939832E+00,4.2371246E-01
3.146906E-03,-5.0942883E+00,4.3965790E-01
3.150182E-03,-5.0924573E+00,4.5491669E-01
3.153459E-03,-5.0973401E+00,4.7040436E-01
3.156736E-03,-5.0985608E+00,4.8436615E-01
3.160013E-03,-5.0973401E+00,4.9954865E-01
3.163290E-03,-5.0979504E+00,5.1228973E-01
3.166566E-03,-5.1025281E+00,5.2808258E-01
3.169843E-03,-5.1052747E+00,5.4181549E-01
3.173120E-03,-5.1052747E+00,5.5554840E-01
3.176397E-03,-5.1028333E+00,5.6897614E-01
3.179674E-03,-5.1055798E+00,5.8270905E-01
3.182950E-03,-5.0997815E+00,5.9499237E-01
3.186227E-03,-5.0903210E+00,6.0750458E-01
3.189504E-03,-5.0952039E+00,6.2039825E-01
3.192781E-03,-5.0921521E+00,6.3275787E-01
3.196058E-03,-5.0921521E+00,6.4427826E-01
3.199334E-03,-5.0973401E+00,6.5595123E-01
3.202611E-03,-5.0930676E+00,6.6861603E-01
3.205888E-03,-5.0991711E+00,6.7929718E-01
3.209165E-03,-5.1061902E+00,6.8997833E-01
3.212442E-03,-5.0973401E+00,7.0165131E-01
3.215718E-03,-5.0991711E+00,7.1164581E-01
3.218995E-03,-5.1019177E+00,7.2232697E-01
3.222272E-03,-5.1071057E+00,7.3255035E-01
3.225549E-03,-5.1141248E+00,7.4185822E-01
3.228826E-03,-5.1119885E+00,7.5108978E-01
3.232102E-03,-5.1095471E+00,7.5993988E-01
3.235379E-03,-5.1150403E+00,7.6802704E-01
3.238656E-03,-5.1064954E+00,7.7664825E-01
3.241933E-03,-5.1071057E+00,7.8488800E-01
3.245210E-03,-5.1025281E+00,7.9213593E-01
3.248486E-03,-5.1049695E+00,8.0045197E-01
3.251763E-03,-5.1025281E+00,8.0724213E-01
3.255040E-03,-5.0979504E+00,8.1403229E-01
3.258317E-03,-5.1058850E+00,8.2066986E-01
3.261594E-03,-5.1040540E+00,8.2654449E-01
3.264870E-03,-5.1003918E+00,8.3302948E-01
3.268147E-03,-5.1058850E+00,8.3898041E-01
3.271424E-03,-5.1086316E+00,8.4287140E-01
3.274701E-03,-5.1174817E+00,8.4805939E-01
3.277978E-03,-5.1165662E+00,8.5126373E-01
3.281254E-03,-5.1214490E+00,8.5721466E-01
3.284531E-03,-5.1196179E+00,8.5996124E-01
3.287808E-03,-5.1165662E+00,8.6415741E-01
3.291085E-03,-5.1180920E+00,8.6629364E-01
3.294362E-03,-5.1162610E+00,8.6995575E-01
3.297638E-03,-5.1196179E+00,8.7102386E-01
3.300915E-03,-5.1122937E+00,8.7354156E-01
3.304192E-03,-5.1251111E+00,8.7491486E-01
3.307469E-03,-5.1205334E+00,8.7605927E-01
3.310746E-03,-5.1254163E+00,8.7628815E-01
3.314022E-03,-5.1260266E+00,8.7773773E-01
3.317299E-03,-5.1266370E+00,8.7712738E-01
3.320576E-03,-5.1257214E+00,8.7781403E-01
3.323853E-03,-5.1238904E+00,8.7605927E-01
3.327130E-03,-5.1238904E+00,8.7727997E-01
3.330406E-03,-5.1196179E+00,8.7499115E-01
3.333683E-03,-5.1229749E+00,8.7407562E-01
3.336960E-03,-5.1193127E+00,8.7110016E-01
3.340237E-03,-5.1162610E+00,8.7048981E-01
3.343514E-03,-5.1193127E+00,8.6598846E-01
3.346790E-03,-5.1156506E+00,8.6438629E-01
3.350067E-03,-5.1187024E+00,8.5957977E-01
3.353344E-03,-5.1159558E+00,8.5751984E-01
3.356621E-03,-5.1190076E+00,8.5156891E-01
3.359898E-03,-5.1180920E+00,8.4935638E-01
3.363174E-03,-5.1159558E+00,8.4187958E-01
3.366451E-03,-5.1199231E+00,8.3875153E-01
3.369728E-03,-5.1144299E+00,8.3219025E-01
3.373005E-03,-5.1116833E+00,8.2761261E-01
3.376282E-03,-5.1061902E+00,8.1998322E-01
3.379558E-03,-5.1003918E+00,8.1586334E-01
3.382835E-03,-5.0961194E+00,8.0632660E-01
3.386112E-03,-5.0897107E+00,8.0144379E-01
3.389389E-03,-5.0982556E+00,7.9122040E-01
3.392666E-03,-5.0991711E+00,7.8595612E-01
3.395942E-03,-5.1022229E+00,7.7672455E-01
3.399219E-03,-5.1058850E+00,7.7023956E-01
3.402496E-03,-5.1104626E+00,7.5932953E-01
3.405773E-03,-5.1144299E+00,7.5292084E-01
3.409050E-03,-5.1168713E+00,7.4147675E-01
3.412326E-03,-5.1183972E+00,7.3369476E-01
3.415603E-03,-5.1177869E+00,7.2133514E-01
3.418880E-03,-5.1165662E+00,7.1355316E-01
3.422157E-03,-5.1223645E+00,7.0111725E-01
3.425434E-03,-5.1187024E+00,6.9257233E-01
3.428710E-03,-5.1251111E+00,6.7899200E-01
3.431987E-03,-5.1208386E+00,6.6930267E-01
3.435264E-03,-5.1232800E+00,6.5511200E-01
3.438541E-03,-5.1235852E+00,6.4549896E-01
3.441818E-03,-5.1217542E+00,6.3092682E-01
3.445094E-03,-5.1269421E+00,6.2123749E-01
3.448371E-03,-5.1266370E+00,6.0674164E-01
3.451648E-03,-5.1345715E+00,5.9613678E-01
3.454925E-03,-5.1354871E+00,5.8103058E-01
3.458202E-03,-5.1400647E+00,5.6989166E-01
3.461478E-03,-5.1370129E+00,5.5463287E-01
3.464755E-03,-5.1345715E+00,5.4326508E-01
3.468032E-03,-5.1333508E+00,5.2701447E-01
3.471309E-03,-5.1287732E+00,5.1488373E-01
3.474586E-03,-5.1190076E+00,4.9901459E-01
3.477862E-03,-5.1150403E+00,4.8551056E-01
3.481139E-03,-5.1092419E+00,4.7017548E-01
3.484416E-03,-5.0955090E+00,4.5651886E-01
3.487693E-03,-5.0936780E+00,4.4026825E-01
3.490970E-03,-5.0842175E+00,4.2638275E-01
3.494246E-03,-5.0778088E+00,4.0952179E-01
3.497523E-03,-5.0768933E+00,3.9571259E-01
3.500800E-03,-5.0701794E+00,3.7869904E-01
3.504077E-03,-5.0717053E+00,3.6466095E-01
3.507354E-03,-5.0717053E+00,3.4650299E-01
3.510630E-03,-5.0701794E+00,3.3063385E-01
3.513907E-03,-5.0723157E+00,3.1239960E-01
3.517184E-03,-5.0790295E+00,2.9698822E-01
3.520461E-03,-5.0817761E+00,2.7959320E-01
3.523738E-03,-5.0909314E+00,2.6395294E-01
3.527014E-03,-5.0964246E+00,2.4663422E-01
3.530291E-03,-5.0967297E+00,2.3030731E-01
3.533568E-03,-5.1031384E+00,2.1253082E-01
3.536845E-03,-5.1077161E+00,1.9620392E-01
3.540122E-03,-5.1141248E+00,1.7713043E-01
3.543398E-03,-5.1187024E+00,1.6171906E-01
3.546675E-03,-5.1248059E+00,1.4333221E-01
3.549952E-03,-5.1330457E+00,1.2654755E-01
3.553229E-03,-5.1235852E+00,1.0823700E-01
3.556506E-03,-5.1312146E+00,9.0841980E-02
3.559782E-03,-5.1223645E+00,7.3370667E-02
3.563059E-03,-5.1278577E+00,5.6585999E-02
3.566336E-03,-5.1299939E+00,3.8428040E-02
3.569613E-03,-5.1281628E+00,2.2482605E-02
3.572890E-03,-5.1327405E+00,3.9431763E-03
3.576166E-03,-5.1290784E+00,-1.2765198E-02
3.579443E-03,-5.1257214E+00,-3.0007629E-02
3.582720E-03,-5.1241956E+00,-4.7250061E-02
3.585997E-03,-5.1147351E+00,-6.5560608E-02
3.589274E-03,-5.1196179E+00,-8.1277161E-02
3.592550E-03,-5.1132092E+00,-9.9587708E-02
3.595827E-03,-5.1141248E+00,-1.1538055E-01
3.599104E-03,-5.1135144E+00,-1.3292816E-01
3.602381E-03,-5.1165662E+00,-1.4963654E-01
3.605658E-03,-5.1171765E+00,-1.6710785E-01
3.608934E-03,-5.1156506E+00,-1.8343475E-01
3.612211E-03,-5.1141248E+00,-2.0105865E-01
3.615488E-03,-5.1162610E+00,-2.1700409E-01
3.618765E-03,-5.1125989E+00,-2.3355988E-01
3.622042E-03,-5.1092419E+00,-2.4920013E-01
3.625318E-03,-5.1083264E+00,-2.6628998E-01
3.628595E-03,-5.1135144E+00,-2.8116730E-01
3.631872E-03,-5.1092419E+00,-2.9818085E-01
3.635149E-03,-5.1159558E+00,-3.1397369E-01
3.638426E-03,-5.1165662E+00,-3.3083466E-01
3.641702E-03,-5.1205334E+00,-3.4563568E-01
3.644979E-03,-5.1196179E+00,-3.6158112E-01
3.648256E-03,-5.1138196E+00,-3.7569550E-01
3.651533E-03,-5.1104626E+00,-3.9232758E-01
3.654810E-03,-5.1019177E+00,-4.0674713E-01
3.658086E-03,-5.0979504E+00,-4.2208221E-01
3.661363E-03,-5.0988660E+00,-4.3604401E-01
3.664640E-03,-5.0967297E+00,-4.5046356E-01
3.667917E-03,-5.1000867E+00,-4.6473053E-01
3.671194E-03,-5.1003918E+00,-4.7892120E-01
3.674470E-03,-5.1031384E+00,-4.9288300E-01
3.677747E-03,-5.1074109E+00,-5.0684479E-01
3.681024E-03,-5.1119885E+00,-5.1996735E-01
3.684301E-03,-5.1086316E+00,-5.3339508E-01
3.687578E-03,-5.1089368E+00,-5.4605988E-01
3.690854E-03,-5.1159558E+00,-5.5758026E-01
3.694131E-03,-5.1174817E+00,-5.6993988E-01
3.697408E-03,-5.1235852E+00,-5.8275726E-01
3.700685E-03,-5.1241956E+00,-5.9488800E-01
3.703962E-03,-5.1299939E+00,-6.0625580E-01
3.707238E-03,-5.1324353E+00,-6.1785248E-01
3.710515E-03,-5.1287732E+00,-6.2891510E-01
3.713792E-03,-5.1312146E+00,-6.4013031E-01
3.717069E-03,-5.1367078E+00,-6.5012482E-01
3.720346E-03,-5.1437268E+00,-6.6111115E-01
3.723622E-03,-5.1418958E+00,-6.7011383E-01
3.726899E-03,-5.1422009E+00,-6.7957428E-01
3.730176E-03,-5.1400647E+00,-6.8895844E-01
3.733453E-03,-5.1327405E+00,-6.9826630E-01
3.736730E-03,-5.1272473E+00,-7.0650604E-01
3.740006E-03,-5.1248059E+00,-7.1512726E-01
3.743283E-03,-5.1183972E+00,-7.2214630E-01
3.746560E-03,-5.1241956E+00,-7.3099640E-01
3.749837E-03,-5.1183972E+00,-7.3771027E-01
3.753114E-03,-5.1223645E+00,-7.4495819E-01
3.756390E-03,-5.1214490E+00,-7.5090912E-01
3.759667E-03,-5.1187024E+00,-7.5823334E-01
3.762944E-03,-5.1232800E+00,-7.6311615E-01
3.766221E-03,-5.1159558E+00,-7.6929596E-01
3.769498E-03,-5.1165662E+00,-7.7356842E-01
3.772774E-03,-5.1122937E+00,-7.7944305E-01
3.776051E-03,-5.1061902E+00,-7.8318146E-01
3.779328E-03,-5.1098523E+00,-7.8836945E-01
3.782605E-03,-5.1025281E+00,-7.9165009E-01
3.785882E-03,-5.1031384E+00,-7.9561737E-01
3.789158E-03,-5.1025281E+00,-7.9729584E-01
3.792435E-03,-5.1037488E+00,-8.0164459E-01
3.795712E-03,-5.1107678E+00,-8.0332306E-01
3.798989E-03,-5.1037488E+00,-8.0637482E-01
3.802266E-03,-5.1037488E+00,-8.0729034E-01
3.805542E-03,-5.1058850E+00,-8.1026581E-01
3.808819E-03,-5.1016125E+00,-8.1026581E-01
3.812096E-03,-5.1028333E+00,-8.1224945E-01
3.815373E-03,-5.1034436E+00,-8.1072357E-01
3.818650E-03,-5.1144299E+00,-8.1270721E-01
3.821926E-03,-5.1153455E+00,-8.1125763E-01
3.825203E-03,-5.1275525E+00,-8.1194427E-01
3.828480E-03,-5.1153455E+00,-8.0904510E-01
3.831757E-03,-5.1245007E+00,-8.0980804E-01
3.835034E-03,-5.1193127E+00,-8.0606964E-01
3.838310E-03,-5.1199231E+00,-8.0530670E-01
3.841587E-03,-5.1245007E+00,-8.0248383E-01
3.844864E-03,-5.1245007E+00,-8.0080536E-01
3.848141E-03,-5.1312146E+00,-7.9599884E-01
3.851418E-03,-5.1296887E+00,-7.9409149E-01
3.854694E-03,-5.1272473E+00,-7.8844574E-01
3.857971E-03,-5.1364026E+00,-7.8669098E-01
3.861248E-03,-5.1309094E+00,-7.8058746E-01
3.864525E-03,-5.1278577E+00,-7.7616241E-01
3.867802E-03,-5.1214490E+00,-7.6983002E-01
3.871078E-03,-5.1214490E+00,-7.6624420E-01
3.874355E-03,-5.1211438E+00,-7.5869110E-01
3.877632E-03,-5.1251111E+00,-7.5388458E-01
3.880909E-03,-5.1177869E+00,-7.4564484E-01
3.884186E-03,-5.1202283E+00,-7.4015167E-01
3.887462E-03,-5.1156506E+00,-7.3092010E-01
3.890739E-03,-5.1223645E+00,-7.2557953E-01
3.894016E-03,-5.1272473E+00,-7.1604279E-01
3.897293E-03,-5.1266370E+00,-7.0894745E-01
3.900570E-03,-5.1284680E+00,-6.9910553E-01
3.903846E-03,-5.1238904E+00,-6.9269684E-01
3.907123E-03,-5.1235852E+00,-6.8102386E-01
3.910400E-03,-5.1217542E+00,-6.7347076E-01
3.913677E-03,-5.1092419E+00,-6.6172150E-01
3.916954E-03,-5.1122937E+00,-6.5386322E-01
3.920230E-03,-5.1086316E+00,-6.4066437E-01
3.923507E-03,-5.1061902E+00,-6.3196686E-01
3.926784E-03,-5.1077161E+00,-6.1861542E-01
3.930061E-03,-5.1016125E+00,-6.0984161E-01
3.933338E-03,-5.1083264E+00,-5.9641388E-01
3.936614E-03,-5.1089368E+00,-5.8680084E-01
3.939891E-03,-5.1052747E+00,-5.7261017E-01
3.943168E-03,-5.1058850E+00,-5.6215790E-01
3.946445E-03,-5.1043591E+00,-5.4842499E-01
3.949722E-03,-5.1064954E+00,-5.3751495E-01
3.952998E-03,-5.1037488E+00,-5.2279022E-01
3.956275E-03,-5.1055798E+00,-5.1165131E-01
3.959552E-03,-5.1040540E+00,-4.9555328E-01
3.962829E-03,-5.1077161E+00,-4.8349884E-01
3.966106E-03,-5.1101575E+00,-4.6778229E-01
3.969382E-03,-5.1122937E+00,-4.5519379E-01
3.972659E-03,-5.1132092E+00,-4.3940094E-01
3.975936E-03,-5.1183972E+00,-4.2665985E-01
3.979213E-03,-5.1257214E+00,-4.1094330E-01
3.982490E-03,-5.1217542E+00,-3.9728668E-01
3.985766E-03,-5.1272473E+00,-3.8050201E-01
3.989043E-03,-5.1296887E+00,-3.6592987E-01
3.992320E-03,-5.1281628E+00,-3.4914520E-01
3.995597E-03,-5.1327405E+00,-3.3525970E-01
3.998874E-03,-5.1278577E+00,-3.1900909E-01
4.002150E-03,-5.1327405E+00,-3.0375031E-01
4.005427E-03,-5.1382336E+00,-2.8627899E-01
4.008704E-03,-5.1370129E+00,-2.7094391E-01
4.011981E-03,-5.1415906E+00,-2.5385406E-01
4.015258E-03,-5.1330457E+00,-2.3890045E-01
4.018534E-03,-5.1367078E+00,-2.2097137E-01
4.021811E-03,-5.1315198E+00,-2.0517853E-01
4.025088E-03,-5.1293835E+00,-1.8778351E-01
4.028365E-03,-5.1251111E+00,-1.7214325E-01
4.031642E-03,-5.1220593E+00,-1.5474823E-01
4.034918E-03,-5.1251111E+00,-1.3773468E-01
4.038195E-03,-5.1229749E+00,-1.2018707E-01
4.041472E-03,-5.1266370E+00,-1.0424164E-01
4.044749E-03,-5.1357922E+00,-8.6770325E-02
4.048026E-03,-5.1327405E+00,-6.9985657E-02
4.051302E-03,-5.1385388E+00,-5.1675110E-02
4.054579E-03,-5.1382336E+00,-3.5119324E-02
4.057856E-03,-5.1385388E+00,-1.6732483E-02
4.061133E-03,-5.1440320E+00,4.3365479E-04
4.064410E-03,-5.1455579E+00,1.8744202E-02
4.067686E-03,-5.1492200E+00,3.5757751E-02
4.070963E-03,-5.1479993E+00,5.2618713E-02
4.074240E-03,-5.1516614E+00,6.9098206E-02
4.077517E-03,-5.1483044E+00,8.7027283E-02
4.080794E-03,-5.1461682E+00,1.0350677E-01
4.084070E-03,-5.1455579E+00,1.2135956E-01
4.087347E-03,-5.1403699E+00,1.3890717E-01
4.090624E-03,-5.1333508E+00,1.5637848E-01
4.093901E-03,-5.1293835E+00,1.7316315E-01
4.097178E-03,-5.1336560E+00,1.9147369E-01
4.100454E-03,-5.1278577E+00,2.0741913E-01
4.103731E-03,-5.1354871E+00,2.2534821E-01
4.107008E-03,-5.1339612E+00,2.4098846E-01
4.110285E-03,-5.1406750E+00,2.5914642E-01
4.113562E-03,-5.1449475E+00,2.7493927E-01
4.116838E-03,-5.1437268E+00,2.9118988E-01
4.120115E-03,-5.1443372E+00,3.0675385E-01
4.123392E-03,-5.1525769E+00,3.2399628E-01
4.126669E-03,-5.1510510E+00,3.4009430E-01
4.129946E-03,-5.1498303E+00,3.5665009E-01
4.133222E-03,-5.1495251E+00,3.7282440E-01
4.136499E-03,-5.1522717E+00,3.8991425E-01
4.139776E-03,-5.1483044E+00,4.0479156E-01
4.143053E-03,-5.1544080E+00,4.2081329E-01
4.146330E-03,-5.1556287E+00,4.3622467E-01
4.149606E-03,-5.1531873E+00,4.5049164E-01
4.152883E-03,-5.1556287E+00,4.6590302E-01
4.156160E-03,-5.1580701E+00,4.8169586E-01
4.159437E-03,-5.1568494E+00,4.9550507E-01
4.162714E-03,-5.1608167E+00,5.1022980E-01
4.165990E-03,-5.1568494E+00,5.2442047E-01
4.169267E-03,-5.1571545E+00,5.3914520E-01
4.172544E-03,-5.1547131E+00,5.5310699E-01
4.175821E-03,-5.1525769E+00,5.6645844E-01
4.179098E-03,-5.1501355E+00,5.7897064E-01
4.182374E-03,-5.1437268E+00,5.9255096E-01
4.185651E-03,-5.1449475E+00,6.0460541E-01
4.188928E-03,-5.1443372E+00,6.1719391E-01
4.192205E-03,-5.1364026E+00,6.2985870E-01
4.195482E-03,-5.1348767E+00,6.4183685E-01
4.198758E-03,-5.1327405E+00,6.5412018E-01
4.202035E-03,-5.1257214E+00,6.6556427E-01
4.205312E-03,-5.1260266E+00,6.7716095E-01
4.208589E-03,-5.1238904E+00,6.8776581E-01
4.211866E-03,-5.1248059E+00,6.9936249E-01
4.215142E-03,-5.1232800E+00,7.0958588E-01
4.218419E-03,-5.1266370E+00,7.2026703E-01
4.221696E-03,-5.1177869E+00,7.3064301E-01
4.224973E-03,-5.1165662E+00,7.4025604E-01
4.228250E-03,-5.1183972E+00,7.4941132E-01
4.231526E-03,-5.1214490E+00,7.5826141E-01
4.234803E-03,-5.1208386E+00,7.6634857E-01
4.238080E-03,-5.1223645E+00,7.7481720E-01
4.241357E-03,-5.1269421E+00,7.8282806E-01
4.244634E-03,-5.1190076E+00,7.9015228E-01
4.247910E-03,-5.1205334E+00,7.9762909E-01
4.251187E-03,-5.1199231E+00,8.0602142E-01
4.254464E-03,-5.1101575E+00,8.1212494E-01
4.257741E-03,-5.1174817E+00,8.1983063E-01
4.261018E-03,-5.1162610E+00,8.2509491E-01
4.264294E-03,-5.1159558E+00,8.3196136E-01
4.267571E-03,-5.1147351E+00,8.3714935E-01
4.270848E-03,-5.1147351E+00,8.4355804E-01
4.274125E-03,-5.1205334E+00,8.4729645E-01
4.277402E-03,-5.1217542E+00,8.5195038E-01
4.280678E-03,-5.1290784E+00,8.5538361E-01
4.283955E-03,-5.1357922E+00,8.5919830E-01
4.287232E-03,-5.1388440E+00,8.6179230E-01
4.290509E-03,-5.1443372E+00,8.6553070E-01
4.293786E-03,-5.1479993E+00,8.6720917E-01
4.297062E-03,-5.1431165E+00,8.7056610E-01
4.300339E-03,-5.1446423E+00,8.7117645E-01
4.303616E-03,-5.1461682E+00,8.7384674E-01
4.306893E-03,-5.1446423E+00,8.7460968E-01
4.310170E-03,-5.1376233E+00,8.7659332E-01
4.313446E-03,-5.1348767E+00,8.7666962E-01
4.316723E-03,-5.1299939E+00,8.7766144E-01
4.320000E-03,-5.1263318E+00,8.7621185E-01
4.323277E-03,-5.1306042E+00,8.7750885E-01
4.326554E-03,-5.1299939E+00,8.7491486E-01
4.329830E-03,-5.1318250E+00,8.7590668E-01
4.333107E-03,-5.1364026E+00,8.7308380E-01
4.336384E-03,-5.1388440E+00,8.7201569E-01
4.339661E-03,-5.1388440E+00,8.6888763E-01
4.342938E-03,-5.1403699E+00,8.6698029E-01
4.346214E-03,-5.1388440E+00,8.6270782E-01
4.349491E-03,-5.1400647E+00,8.6072418E-01
4.352768E-03,-5.1376233E+00,8.5538361E-01
4.356045E-03,-5.1400647E+00,8.5278961E-01
4.359322E-03,-5.1400647E+00,8.4790680E-01
4.362598E-03,-5.1418958E+00,8.4447357E-01
4.365875E-03,-5.1458630E+00,8.3791229E-01
4.369152E-03,-5.1479993E+00,8.3478424E-01
4.372429E-03,-5.1479993E+00,8.2616302E-01
4.375706E-03,-5.1486096E+00,8.2143280E-01
4.378982E-03,-5.1458630E+00,8.1349823E-01
4.382259E-03,-5.1403699E+00,8.0808136E-01
4.385536E-03,-5.1443372E+00,7.9930756E-01
4.388813E-03,-5.1339612E+00,7.9427216E-01
4.392090E-03,-5.1278577E+00,7.8496429E-01
4.395366E-03,-5.1235852E+00,7.7924225E-01
4.398643E-03,-5.1199231E+00,7.6947662E-01
4.401920E-03,-5.1086316E+00,7.6337311E-01
4.405197E-03,-5.1058850E+00,7.5177643E-01
4.408474E-03,-5.0982556E+00,7.4490997E-01
4.411750E-03,-5.1022229E+00,7.3361847E-01
4.415027E-03,-5.0952039E+00,7.2476837E-01
4.418304E-03,-5.1013074E+00,7.1309540E-01
4.421581E-03,-5.1052747E+00,7.0462677E-01
4.424858E-03,-5.1116833E+00,6.9257233E-01
4.428134E-03,-5.1177869E+00,6.8250153E-01
4.431411E-03,-5.1226697E+00,6.6915009E-01
4.434688E-03,-5.1266370E+00,6.5900299E-01
4.437965E-03,-5.1235852E+00,6.4588043E-01
4.441242E-03,-5.1266370E+00,6.3550446E-01
4.444518E-03,-5.1284680E+00,6.2131378E-01
4.447795E-03,-5.1321301E+00,6.1032745E-01
4.451072E-03,-5.1360974E+00,5.9590790E-01
4.454349E-03,-5.1403699E+00,5.8461639E-01
4.457626E-03,-5.1388440E+00,5.7126495E-01
4.460902E-03,-5.1394543E+00,5.5921051E-01
4.464179E-03,-5.1342664E+00,5.4448578E-01
4.467456E-03,-5.1367078E+00,5.3174469E-01
4.470733E-03,-5.1388440E+00,5.1549408E-01
4.474010E-03,-5.1364026E+00,5.0199005E-01
4.477286E-03,-5.1357922E+00,4.8703644E-01
4.480563E-03,-5.1351819E+00,4.7399017E-01
4.483840E-03,-5.1281628E+00,4.5766327E-01
4.487117E-03,-5.1263318E+00,4.4400665E-01
4.490394E-03,-5.1254163E+00,4.2706940E-01
4.493670E-03,-5.1269421E+00,4.1333649E-01
4.496947E-03,-5.1220593E+00,3.9708588E-01
4.500224E-03,-5.1266370E+00,3.8274261E-01
4.503501E-03,-5.1299939E+00,3.6443207E-01
4.506778E-03,-5.1245007E+00,3.4947845E-01
4.510054E-03,-5.1263318E+00,3.3200714E-01
4.513331E-03,-5.1202283E+00,3.1575653E-01
4.516608E-03,-5.1132092E+00,2.9859039E-01
4.519885E-03,-5.1196179E+00,2.8264496E-01
4.523162E-03,-5.1153455E+00,2.6570770E-01
4.526438E-03,-5.1141248E+00,2.4945709E-01
4.529715E-03,-5.1129041E+00,2.3152802E-01
4.532992E-03,-5.1095471E+00,2.1550629E-01
4.536269E-03,-5.1086316E+00,1.9803497E-01
4.539546E-03,-5.1119885E+00,1.8079254E-01
4.542822E-03,-5.1089368E+00,1.6293976E-01
4.546099E-03,-5.1129041E+00,1.4714691E-01
4.549376E-03,-5.1107678E+00,1.2906525E-01
4.552653E-03,-5.1089368E+00,1.1266205E-01
4.555930E-03,-5.1028333E+00,9.4122620E-02
4.559206E-03,-5.0982556E+00,7.7261658E-02
4.562483E-03,-5.0976453E+00,5.9866638E-02
4.565760E-03,-5.0948987E+00,4.3616028E-02
4.569037E-03,-5.0979504E+00,2.4924011E-02
4.572314E-03,-5.0942883E+00,8.1393433E-03
4.575590E-03,-5.0945935E+00,-9.0267944E-03
4.578867E-03,-5.0967297E+00,-2.6650696E-02
4.582144E-03,-5.1028333E+00,-4.5571594E-02
4.585421E-03,-5.1013074E+00,-6.2279968E-02
4.588698E-03,-5.1141248E+00,-8.0895691E-02
4.591974E-03,-5.1141248E+00,-9.7375183E-02
4.595251E-03,-5.1183972E+00,-1.1400726E-01
4.598528E-03,-5.1223645E+00,-1.3109711E-01
4.601805E-03,-5.1290784E+00,-1.4833954E-01
4.605082E-03,-5.1281628E+00,-1.6565826E-01
4.608358E-03,-5.1254163E+00,-1.8290070E-01
4.611635E-03,-5.1299939E+00,-1.9953278E-01
4.614912E-03,-5.1293835E+00,-2.1662262E-01
4.618189E-03,-5.1309094E+00,-2.3226288E-01
4.621466E-03,-5.1327405E+00,-2.4874237E-01
4.624742E-03,-5.1330457E+00,-2.6453522E-01
4.628019E-03,-5.1330457E+00,-2.8101471E-01
4.631296E-03,-5.1357922E+00,-2.9696014E-01
4.634573E-03,-5.1397595E+00,-3.1351593E-01
4.637850E-03,-5.1391492E+00,-3.2907990E-01
4.641126E-03,-5.1409802E+00,-3.4517792E-01
4.644403E-03,-5.1367078E+00,-3.6043671E-01
4.647680E-03,-5.1391492E+00,-3.7630585E-01
4.650957E-03,-5.1327405E+00,-3.9095428E-01
4.654234E-03,-5.1309094E+00,-4.0621307E-01
4.657510E-03,-5.1257214E+00,-4.2017487E-01
4.660787E-03,-5.1241956E+00,-4.3482330E-01
4.664064E-03,-5.1226697E+00,-4.4970062E-01
4.667341E-03,-5.1223645E+00,-4.6350983E-01
4.670618E-03,-5.1208386E+00,-4.7823456E-01
4.673894E-03,-5.1135144E+00,-4.9128082E-01
4.677171E-03,-5.1071057E+00,-5.0531891E-01
4.680448E-03,-5.1046643E+00,-5.1882294E-01
4.683725E-03,-5.1019177E+00,-5.3186920E-01
4.687002E-03,-5.1025281E+00,-5.4399994E-01
4.690278E-03,-5.1043591E+00,-5.5712250E-01
4.693555E-03,-5.1022229E+00,-5.6932953E-01
4.696832E-03,-5.1049695E+00,-5.8153656E-01
4.700109E-03,-5.1135144E+00,-5.9412506E-01
4.703386E-03,-5.1153455E+00,-6.0564545E-01
4.706662E-03,-5.1226697E+00,-6.1625031E-01
4.709939E-03,-5.1223645E+00,-6.2761810E-01
4.713216E-03,-5.1278577E+00,-6.3814667E-01
4.716493E-03,-5.1266370E+00,-6.4913300E-01
4.719770E-03,-5.1287732E+00,-6.5920380E-01
4.723046E-03,-5.1278577E+00,-6.6889313E-01
4.726323E-03,-5.1183972E+00,-6.7835358E-01
4.729600E-03,-5.1229749E+00,-6.8804291E-01
4.732877E-03,-5.1150403E+00,-6.9635895E-01
4.736154E-03,-5.1168713E+00,-7.0574310E-01
4.739430E-03,-5.1156506E+00,-7.1436432E-01
4.742707E-03,-5.1180920E+00,-7.2252777E-01
4.745984E-03,-5.1217542E+00,-7.3038605E-01
4.749261E-03,-5.1162610E+00,-7.3877838E-01
4.752538E-03,-5.1214490E+00,-7.4411896E-01
4.755814E-03,-5.1199231E+00,-7.5251129E-01
4.759091E-03,-5.1150403E+00,-7.5838593E-01
4.762368E-03,-5.1232800E+00,-7.6479462E-01
4.765645E-03,-5.1138196E+00,-7.6891449E-01
4.768922E-03,-5.1159558E+00,-7.7509430E-01
4.772198E-03,-5.1208386E+00,-7.7951935E-01
4.775475E-03,-5.1159558E+00,-7.8493622E-01
4.778752E-03,-5.1193127E+00,-7.8882721E-01
4.782029E-03,-5.1229749E+00,-7.9393890E-01
4.785306E-03,-5.1190076E+00,-7.9660919E-01
4.788582E-03,-5.1287732E+00,-8.0080536E-01
4.791859E-03,-5.1293835E+00,-8.0217865E-01
4.795136E-03,-5.1336560E+00,-8.0706146E-01
4.798413E-03,-5.1330457E+00,-8.0820587E-01
4.801690E-03,-5.1309094E+00,-8.1110504E-01
4.804966E-03,-5.1278577E+00,-8.1156281E-01
4.808243E-03,-5.1269421E+00,-8.1415680E-01
4.811520E-03,-5.1287732E+00,-8.1308868E-01
4.814797E-03,-5.1251111E+00,-8.1484344E-01
4.818074E-03,-5.1196179E+00,-8.1347015E-01
4.821350E-03,-5.1196179E+00,-8.1446198E-01
4.824627E-03,-5.1171765E+00,-8.1179169E-01
4.827904E-03,-5.1141248E+00,-8.1270721E-01
4.831181E-03,-5.1125989E+00,-8.0980804E-01
4.834458E-03,-5.1153455E+00,-8.0980804E-01
4.837734E-03,-5.1129041E+00,-8.0660370E-01
4.841011E-03,-5.1129041E+00,-8.0584076E-01
4.844288E-03,-5.1138196E+00,-8.0088165E-01
4.847565E-03,-5.1125989E+00,-7.9920319E-01
4.850842E-03,-5.1104626E+00,-7.9432037E-01
4.854118E-03,-5.1174817E+00,-7.9210785E-01
4.857395E-03,-5.1171765E+00,-7.8646210E-01
4.860672E-03,-5.1248059E+00,-7.8432587E-01
4.863949E-03,-5.1254163E+00,-7.7700165E-01
4.867226E-03,-5.1183972E+00,-7.7318695E-01
4.870502E-03,-5.1263318E+00,-7.6609161E-01
4.873779E-03,-5.1263318E+00,-7.6189545E-01
4.877056E-03,-5.1248059E+00,-7.5396088E-01
4.880333E-03,-5.1312146E+00,-7.4961212E-01
4.883610E-03,-5.1272473E+00,-7.4083832E-01
4.886886E-03,-5.1251111E+00,-7.3496368E-01
4.890163E-03,-5.1220593E+00,-7.2542694E-01
4.893440E-03,-5.1205334E+00,-7.1939972E-01
4.896717E-03,-5.1202283E+00,-7.0948151E-01
4.899994E-03,-5.1220593E+00,-7.0269135E-01
4.903270E-03,-5.1284680E+00,-6.9239166E-01
4.906547E-03,-5.1223645E+00,-6.8460968E-01
4.909824E-03,-5.1263318E+00,-6.7423370E-01
4.913101E-03,-5.1272473E+00,-6.6599396E-01
4.916378E-03,-5.1257214E+00,-6.5378693E-01
4.919654E-03,-5.1235852E+00,-6.4562347E-01
4.922931E-03,-5.1217542E+00,-6.3326385E-01
4.926208E-03,-5.1196179E+00,-6.2395599E-01
4.929485E-03,-5.1168713E+00,-6.1090973E-01
4.932762E-03,-5.1135144E+00,-6.0099152E-01
4.936038E-03,-5.1190076E+00,-5.8733490E-01
4.939315E-03,-5.1168713E+00,-5.7711151E-01
4.942592E-03,-5.1190076E+00,-5.6391266E-01
4.945869E-03,-5.1220593E+00,-5.5223969E-01
4.949146E-03,-5.1217542E+00,-5.3812531E-01
4.952422E-03,-5.1302991E+00,-5.2706268E-01
4.955699E-03,-5.1364026E+00,-5.1325348E-01
4.958976E-03,-5.1364026E+00,-5.0035980E-01
4.962253E-03,-5.1388440E+00,-4.8624542E-01
4.965530E-03,-5.1403699E+00,-4.7335175E-01
4.968806E-03,-5.1370129E+00,-4.5778778E-01
4.972083E-03,-5.1406750E+00,-4.4519928E-01
4.975360E-03,-5.1452527E+00,-4.2971161E-01
4.978637E-03,-5.1364026E+00,-4.1597870E-01
4.981914E-03,-5.1452527E+00,-3.9896515E-01
4.985190E-03,-5.1391492E+00,-3.8393524E-01
4.988467E-03,-5.1409802E+00,-3.6768463E-01
4.991744E-03,-5.1400647E+00,-3.5418060E-01
4.995021E-03,-5.1409802E+00,-3.3808258E-01
4.998298E-03,-5.1364026E+00,-3.2366302E-01
5.001574E-03,-5.1406750E+00,-3.0626801E-01
5.004851E-03,-5.1385388E+00,-2.9123810E-01
5.008128E-03,-5.1367078E+00,-2.7254608E-01
5.011405E-03,-5.1333508E+00,-2.5774506E-01
5.014682E-03,-5.1330457E+00,-2.4057892E-01
5.017958E-03,-5.1409802E+00,-2.2539642E-01
5.021235E-03,-5.1336560E+00,-2.0838287E-01
5.024512E-03,-5.1397595E+00,-1.9228485E-01
5.027789E-03,-5.1418958E+00,-1.7420319E-01
5.031066E-03,-5.1425061E+00,-1.5818146E-01
5.034342E-03,-5.1449475E+00,-1.4048126E-01
5.037619E-03,-5.1443372E+00,-1.2407806E-01
5.040896E-03,-5.1507458E+00,-1.0683563E-01
5.044173E-03,-5.1455579E+00,-9.0966492E-02
5.047450E-03,-5.1464734E+00,-7.3342590E-02
5.050726E-03,-5.1403699E+00,-5.6252747E-02
5.054003E-03,-5.1296887E+00,-3.7942200E-02
5.057280E-03,-5.1296887E+00,-2.1233826E-02
5.060557E-03,-5.1180920E+00,-2.2366333E-03
5.063834E-03,-5.1217542E+00,1.4471741E-02
5.067110E-03,-5.1211438E+00,3.2324524E-02
5.070387E-03,-5.1180920E+00,4.8804016E-02
5.073664E-03,-5.1196179E+00,6.6504211E-02
5.076941E-03,-5.1232800E+00,8.3059998E-02
5.080218E-03,-5.1296887E+00,1.0068390E-01
5.083494E-03,-5.1229749E+00,1.1754486E-01
5.086771E-03,-5.1275525E+00,1.3623688E-01
5.090048E-03,-5.1336560E+00,1.5355560E-01
5.093325E-03,-5.1351819E+00,1.7034027E-01
5.096602E-03,-5.1364026E+00,1.8674347E-01
5.099878E-03,-5.1376233E+00,2.0436737E-01
5.103155E-03,-5.1290784E+00,2.2122833E-01
5.106432E-03,-5.1306042E+00,2.3831818E-01
5.109709E-03,-5.1315198E+00,2.5525543E-01
5.112986E-03,-5.1351819E+00,2.7348969E-01
5.116262E-03,-5.1342664E+00,2.8859589E-01
5.119539E-03,-5.1376233E+00,3.0538055E-01
5.122816E-03,-5.1434216E+00,3.2117340E-01
5.126093E-03,-5.1348767E+00,3.3772919E-01
5.129370E-03,-5.1446423E+00,3.5459015E-01
5.132646E-03,-5.1455579E+00,3.7129852E-01
5.135923E-03,-5.1437268E+00,3.8609955E-01
5.139200E-03,-5.1464734E+00,4.0242645E-01
5.142477E-03,-5.1516614E+00,4.1738007E-01
5.145754E-03,-5.1513562E+00,4.3324921E-01
5.149030E-03,-5.1422009E+00,4.4873688E-01
5.152307E-03,-5.1455579E+00,4.6452972E-01
5.155584E-03,-5.1473889E+00,4.7849152E-01
5.158861E-03,-5.1449475E+00,4.9268219E-01
5.162138E-03,-5.1409802E+00,5.0687286E-01
5.165414E-03,-5.1370129E+00,5.2106354E-01
5.168691E-03,-5.1360974E+00,5.3639862E-01
5.171968E-03,-5.1324353E+00,5.5043671E-01
5.175245E-03,-5.1257214E+00,5.6424591E-01
5.178522E-03,-5.1278577E+00,5.7744476E-01
5.181798E-03,-5.1306042E+00,5.8980438E-01
5.185075E-03,-5.1290784E+00,6.0262177E-01
5.188352E-03,-5.1266370E+00,6.1513397E-01
5.191629E-03,-5.1235852E+00,6.2734100E-01
5.194906E-03,-5.1296887E+00,6.3901398E-01
5.198182E-03,-5.1238904E+00,6.5053436E-01
5.201459E-03,-5.1315198E+00,6.6289398E-01
5.204736E-03,-5.1418958E+00,6.7372772E-01
5.208013E-03,-5.1348767E+00,6.8593475E-01
5.211290E-03,-5.1425061E+00,6.9646332E-01
5.214566E-03,-5.1348767E+00,7.0699188E-01
5.217843E-03,-5.1339612E+00,7.1721527E-01
5.221120E-03,-5.1330457E+00,7.2797272E-01
5.224397E-03,-5.1309094E+00,7.3705170E-01
5.227674E-03,-5.1306042E+00,7.4651215E-01
5.230950E-03,-5.1333508E+00,7.5520966E-01
5.234227E-03,-5.1235852E+00,7.6512787E-01
5.237504E-03,-5.1278577E+00,7.7207062E-01
5.240781E-03,-5.1281628E+00,7.8069183E-01
5.244058E-03,-5.1251111E+00,7.8832123E-01
5.247334E-03,-5.1245007E+00,7.9602692E-01
5.250611E-03,-5.1168713E+00,8.0251190E-01
5.253888E-03,-5.1205334E+00,8.1029388E-01
5.257165E-03,-5.1183972E+00,8.1670258E-01
5.260442E-03,-5.1125989E+00,8.2356903E-01
5.263718E-03,-5.1193127E+00,8.2898590E-01
5.266995E-03,-5.1150403E+00,8.3539459E-01
5.270272E-03,-5.1177869E+00,8.3936188E-01
5.273549E-03,-5.1211438E+00,8.4523651E-01
5.276826E-03,-5.1241956E+00,8.4905121E-01
5.280102E-03,-5.1278577E+00,8.5401031E-01
5.283379E-03,-5.1330457E+00,8.5645172E-01
5.286656E-03,-5.1339612E+00,8.6102936E-01
5.289933E-03,-5.1431165E+00,8.6247894E-01
5.293210E-03,-5.1464734E+00,8.6675140E-01
5.296486E-03,-5.1519666E+00,8.6827728E-01
5.299763E-03,-5.1553235E+00,8.7155792E-01
5.303040E-03,-5.1602063E+00,8.7209198E-01
5.306317E-03,-5.1544080E+00,8.7460968E-01
5.309594E-03,-5.1562390E+00,8.7346527E-01
5.312870E-03,-5.1510510E+00,8.7666962E-01
5.316147E-03,-5.1568494E+00,8.7522003E-01
5.319424E-03,-5.1519666E+00,8.7735626E-01
5.322701E-03,-5.1522717E+00,8.7491486E-01
5.325978E-03,-5.1473889E+00,8.7621185E-01
5.329254E-03,-5.1449475E+00,8.7277863E-01
5.332531E-03,-5.1339612E+00,8.7338898E-01
5.335808E-03,-5.1379285E+00,8.7033722E-01
5.339085E-03,-5.1330457E+00,8.7018463E-01
5.342362E-03,-5.1370129E+00,8.6568329E-01
5.345638E-03,-5.1333508E+00,8.6392853E-01
5.348915E-03,-5.1336560E+00,8.5950348E-01
5.352192E-03,-5.1299939E+00,8.5828278E-01
5.355469E-03,-5.1330457E+00,8.5210297E-01
5.358746E-03,-5.1324353E+00,8.4996674E-01
5.362022E-03,-5.1385388E+00,8.4348175E-01
5.365299E-03,-5.1391492E+00,8.4050629E-01
5.368576E-03,-5.1412854E+00,8.3333466E-01
5.371853E-03,-5.1455579E+00,8.2898590E-01
5.375130E-03,-5.1467786E+00,8.2135651E-01
5.378406E-03,-5.1498303E+00,8.1769440E-01
5.381683E-03,-5.1443372E+00,8.0853912E-01
5.384960E-03,-5.1483044E+00,8.0335114E-01
5.388237E-03,-5.1367078E+00,7.9465363E-01
5.391514E-03,-5.1412854E+00,7.8900787E-01
5.394790E-03,-5.1425061E+00,7.7886078E-01
5.398067E-03,-5.1385388E+00,7.7207062E-01
5.401344E-03,-5.1385388E+00,7.6131317E-01
5.404621E-03,-5.1342664E+00,7.5490448E-01
5.407898E-03,-5.1302991E+00,7.4475739E-01
5.411174E-03,-5.1275525E+00,7.3667023E-01
5.414451E-03,-5.1330457E+00,7.2530243E-01
5.417728E-03,-5.1357922E+00,7.1721527E-01
5.421005E-03,-5.1406750E+00,7.0462677E-01
5.424282E-03,-5.1367078E+00,6.9592926E-01
5.427558E-03,-5.1400647E+00,6.8311188E-01
5.430835E-03,-5.1367078E+00,6.7349884E-01
5.434112E-03,-5.1391492E+00,6.6022369E-01
5.437389E-03,-5.1342664E+00,6.4977142E-01
5.440666E-03,-5.1345715E+00,6.3657257E-01
5.443942E-03,-5.1245007E+00,6.2619659E-01
5.447219E-03,-5.1248059E+00,6.1269257E-01
5.450496E-03,-5.1226697E+00,6.0162994E-01
5.453773E-03,-5.1202283E+00,5.8705780E-01
5.457050E-03,-5.1232800E+00,5.7446930E-01
5.460326E-03,-5.1254163E+00,5.6081268E-01
5.463603E-03,-5.1287732E+00,5.4822418E-01
5.466880E-03,-5.1339612E+00,5.3266022E-01
5.470157E-03,-5.1394543E+00,5.1907990E-01
5.473434E-03,-5.1382336E+00,5.0366852E-01
5.476710E-03,-5.1409802E+00,4.9016449E-01
5.479987E-03,-5.1382336E+00,4.7460052E-01
5.483264E-03,-5.1409802E+00,4.6140167E-01
5.486541E-03,-5.1434216E+00,4.4454071E-01
5.489818E-03,-5.1431165E+00,4.2943451E-01
5.493094E-03,-5.1483044E+00,4.1348907E-01
5.496371E-03,-5.1446423E+00,3.9884064E-01
5.499648E-03,-5.1422009E+00,3.8167450E-01
5.502925E-03,-5.1400647E+00,3.6756012E-01
5.506202E-03,-5.1330457E+00,3.5031769E-01
5.509478E-03,-5.1284680E+00,3.3559296E-01
5.512755E-03,-5.1287732E+00,3.1758759E-01
5.516032E-03,-5.1296887E+00,3.0225250E-01
5.519309E-03,-5.1263318E+00,2.8462860E-01
5.522586E-03,-5.1296887E+00,2.6875946E-01
5.525862E-03,-5.1339612E+00,2.5197479E-01
5.529139E-03,-5.1367078E+00,2.3595306E-01
5.532416E-03,-5.1391492E+00,2.1764252E-01
5.535693E-03,-5.1434216E+00,2.0162079E-01
5.538970E-03,-5.1452527E+00,1.8399689E-01
5.542246E-03,-5.1571545E+00,1.6744110E-01
5.545523E-03,-5.1599011E+00,1.4943573E-01
5.548800E-03,-5.1669202E+00,1.3272736E-01
5.552077E-03,-5.1602063E+00,1.1403534E-01
5.555354E-03,-5.1559338E+00,9.8013611E-02
5.558630E-03,-5.1571545E+00,7.9779358E-02
5.561907E-03,-5.1519666E+00,6.2460632E-02
5.565184E-03,-5.1534924E+00,4.4607849E-02
5.568461E-03,-5.1455579E+00,2.7670593E-02
5.571738E-03,-5.1476941E+00,9.5889282E-03
5.575014E-03,-5.1479993E+00,-6.5853882E-03
5.578291E-03,-5.1492200E+00,-2.5048523E-02
5.581568E-03,-5.1467786E+00,-4.1451721E-02
5.584845E-03,-5.1418958E+00,-5.9609680E-02
5.588122E-03,-5.1406750E+00,-7.6699524E-02
5.591398E-03,-5.1470837E+00,-9.4552307E-02
5.594675E-03,-5.1370129E+00,-1.1011627E-01
5.597952E-03,-5.1342664E+00,-1.2751129E-01
5.601229E-03,-5.1364026E+00,-1.4353302E-01
5.604506E-03,-5.1360974E+00,-1.6085175E-01
5.607782E-03,-5.1446423E+00,-1.7809418E-01
5.611059E-03,-5.1461682E+00,-1.9503143E-01
5.614336E-03,-5.1498303E+00,-2.1128204E-01
5.617613E-03,-5.1541028E+00,-2.2806671E-01
5.620890E-03,-5.1516614E+00,-2.4439362E-01
5.624166E-03,-5.1531873E+00,-2.6117828E-01
5.627443E-03,-5.1510510E+00,-2.7720001E-01
5.630720E-03,-5.1504407E+00,-2.9352692E-01
5.633997E-03,-5.1571545E+00,-3.0970123E-01
5.637274E-03,-5.1531873E+00,-3.2595184E-01
5.640550E-03,-5.1541028E+00,-3.4151581E-01
5.643827E-03,-5.1620374E+00,-3.5685089E-01
5.647104E-03,-5.1580701E+00,-3.7142303E-01
5.650381E-03,-5.1577649E+00,-3.8736847E-01
5.653658E-03,-5.1556287E+00,-4.0209320E-01
5.656934E-03,-5.1583752E+00,-4.1758087E-01
5.660211E-03,-5.1656995E+00,-4.3238190E-01
5.663488E-03,-5.1708875E+00,-4.4672516E-01
5.666765E-03,-5.1690564E+00,-4.6099213E-01
5.670042E-03,-5.1714978E+00,-4.7586945E-01
5.673318E-03,-5.1681409E+00,-4.8952606E-01
5.676595E-03,-5.1730237E+00,-5.0348785E-01
5.679872E-03,-5.1803479E+00,-5.1622894E-01
5.683149E-03,-5.1806531E+00,-5.3026703E-01
5.686426E-03,-5.1785168E+00,-5.4392365E-01
5.689702E-03,-5.1800427E+00,-5.5742767E-01
5.692979E-03,-5.1791272E+00,-5.6902435E-01
5.696256E-03,-5.1779065E+00,-5.8069733E-01
5.699533E-03,-5.1763806E+00,-5.9252289E-01
5.702810E-03,-5.1803479E+00,-6.0366180E-01
5.706086E-03,-5.1785168E+00,-6.1525848E-01
5.709363E-03,-5.1760754E+00,-6.2540558E-01
5.712640E-03,-5.1681409E+00,-6.3585785E-01
5.715917E-03,-5.1653943E+00,-6.4631012E-01
5.719194E-03,-5.1611218E+00,-6.5722015E-01
5.722470E-03,-5.1617322E+00,-6.6645172E-01
5.725747E-03,-5.1562390E+00,-6.7667511E-01
5.729024E-03,-5.1599011E+00,-6.8476227E-01
5.732301E-03,-5.1559338E+00,-6.9445160E-01
5.735578E-03,-5.1547131E+00,-7.0299652E-01
5.738854E-03,-5.1562390E+00,-7.1283844E-01
5.742131E-03,-5.1479993E+00,-7.1947601E-01
5.745408E-03,-5.1553235E+00,-7.2832611E-01
5.748685E-03,-5.1418958E+00,-7.3450592E-01
5.751962E-03,-5.1489148E+00,-7.4312714E-01
5.755238E-03,-5.1461682E+00,-7.4869659E-01
5.758515E-03,-5.1431165E+00,-7.5670746E-01
5.761792E-03,-5.1476941E+00,-7.6143768E-01
5.765069E-03,-5.1437268E+00,-7.6822784E-01
5.768346E-03,-5.1522717E+00,-7.7333954E-01
5.771622E-03,-5.1510510E+00,-7.7929047E-01
5.774899E-03,-5.1534924E+00,-7.8302887E-01
5.778176E-03,-5.1531873E+00,-7.8798798E-01
5.781453E-03,-5.1498303E+00,-7.9073456E-01
5.784730E-03,-5.1522717E+00,-7.9607513E-01
5.788006E-03,-5.1443372E+00,-7.9798248E-01
5.791283E-03,-5.1473889E+00,-8.0217865E-01
5.794560E-03,-5.1382336E+00,-8.0278900E-01
5.797837E-03,-5.1351819E+00,-8.0690887E-01
5.801114E-03,-5.1428113E+00,-8.0843475E-01
5.804390E-03,-5.1367078E+00,-8.1133392E-01
5.807667E-03,-5.1418958E+00,-8.1041840E-01
5.810944E-03,-5.1409802E+00,-8.1316498E-01
5.814221E-03,-5.1348767E+00,-8.1224945E-01
5.817498E-03,-5.1379285E+00,-8.1392792E-01
5.820774E-03,-5.1415906E+00,-8.1202057E-01
5.824051E-03,-5.1385388E+00,-8.1278351E-01
5.827328E-03,-5.1422009E+00,-8.1026581E-01
5.830605E-03,-5.1412854E+00,-8.1079987E-01
5.833882E-03,-5.1397595E+00,-8.0759552E-01
5.837158E-03,-5.1440320E+00,-8.0751923E-01
5.840435E-03,-5.1434216E+00,-8.0332306E-01
5.843712E-03,-5.1434216E+00,-8.0210236E-01
5.846989E-03,-5.1431165E+00,-7.9676178E-01
5.850266E-03,-5.1422009E+00,-7.9569366E-01
5.853542E-03,-5.1495251E+00,-7.9035309E-01
5.856819E-03,-5.1406750E+00,-7.8821686E-01
5.860096E-03,-5.1422009E+00,-7.8157928E-01
5.863373E-03,-5.1452527E+00,-7.7936676E-01
5.866650E-03,-5.1388440E+00,-7.7250031E-01
5.869926E-03,-5.1400647E+00,-7.6845673E-01
5.873203E-03,-5.1385388E+00,-7.6090363E-01
5.876480E-03,-5.1428113E+00,-7.5670746E-01
5.879757E-03,-5.1394543E+00,-7.4862030E-01
5.883034E-03,-5.1449475E+00,-7.4343231E-01
5.886310E-03,-5.1382336E+00,-7.3397186E-01
5.889587E-03,-5.1422009E+00,-7.2817352E-01
5.892864E-03,-5.1440320E+00,-7.1856049E-01
5.896141E-03,-5.1479993E+00,-7.1230438E-01
5.899418E-03,-5.1449475E+00,-7.0246246E-01
5.902694E-03,-5.1470837E+00,-6.9490936E-01
5.905971E-03,-5.1446423E+00,-6.8537262E-01
5.909248E-03,-5.1406750E+00,-6.7621735E-01
5.912525E-03,-5.1418958E+00,-6.6538361E-01
5.915802E-03,-5.1403699E+00,-6.5645721E-01
5.919078E-03,-5.1391492E+00,-6.4501312E-01
5.922355E-03,-5.1452527E+00,-6.3616302E-01
5.925632E-03,-5.1537976E+00,-6.2380341E-01
5.928909E-03,-5.1547131E+00,-6.1419037E-01
5.932186E-03,-5.1577649E+00,-6.0183075E-01
5.935462E-03,-5.1565442E+00,-5.9122589E-01
5.938739E-03,-5.1568494E+00,-5.7871368E-01
5.942016E-03,-5.1565442E+00,-5.6635406E-01
5.945293E-03,-5.1568494E+00,-5.5376556E-01
5.948570E-03,-5.1559338E+00,-5.4201630E-01
5.951846E-03,-5.1577649E+00,-5.2874115E-01
5.955123E-03,-5.1571545E+00,-5.1622894E-01
5.958400E-03,-5.1492200E+00,-5.0135162E-01
5.961677E-03,-5.1434216E+00,-4.8891571E-01
5.964954E-03,-5.1412854E+00,-4.7365692E-01
5.968230E-03,-5.1339612E+00,-4.6122101E-01
5.971507E-03,-5.1348767E+00,-4.4565704E-01
5.974784E-03,-5.1342664E+00,-4.3261078E-01
5.978061E-03,-5.1321301E+00,-4.1658905E-01
5.981338E-03,-5.1327405E+00,-4.0155914E-01
5.984614E-03,-5.1232800E+00,-3.8614777E-01
5.987891E-03,-5.1226697E+00,-3.7119415E-01
5.991168E-03,-5.1248059E+00,-3.5547760E-01
5.994445E-03,-5.1254163E+00,-3.4014252E-01
5.997722E-03,-5.1302991E+00,-3.2366302E-01
6.000998E-03,-5.1278577E+00,-3.0909088E-01
6.004275E-03,-5.1281628E+00,-2.9177216E-01
6.007552E-03,-5.1345715E+00,-2.7628448E-01
6.010829E-03,-5.1330457E+00,-2.5927094E-01
6.014106E-03,-5.1357922E+00,-2.4317291E-01
6.017382E-03,-5.1354871E+00,-2.2646454E-01
6.020659E-03,-5.1455579E+00,-2.1097687E-01
6.023936E-03,-5.1406750E+00,-1.9373444E-01
6.027213E-03,-5.1437268E+00,-1.7771271E-01
6.030490E-03,-5.1483044E+00,-1.6024139E-01
6.033766E-03,-5.1534924E+00,-1.4383820E-01
6.037043E-03,-5.1595959E+00,-1.2667206E-01
6.040320E-03,-5.1571545E+00,-1.1087921E-01
6.043597E-03,-5.1608167E+00,-9.3255310E-02
6.046874E-03,-5.1644788E+00,-7.6241760E-02
6.050150E-03,-5.1647839E+00,-5.8007507E-02
6.053427E-03,-5.1672253E+00,-4.0917664E-02
6.056704E-03,-5.1644788E+00,-2.3217468E-02
6.059981E-03,-5.1641736E+00,-6.4328003E-03
6.063258E-03,-5.1678357E+00,1.1801453E-02
6.066534E-03,-5.1690564E+00,2.7746887E-02
6.069811E-03,-5.1785168E+00,4.5675964E-02
6.073088E-03,-5.1840100E+00,6.1926575E-02
6.076365E-03,-5.1846204E+00,7.9855652E-02
6.079642E-03,-5.1827893E+00,9.7861023E-02
6.082918E-03,-5.1803479E+00,1.1624786E-01
6.086195E-03,-5.1788220E+00,1.3280365E-01
6.089472E-03,-5.1785168E+00,1.5073273E-01
6.092749E-03,-5.1788220E+00,1.6744110E-01
6.096026E-03,-5.1742444E+00,1.8475983E-01
6.099302E-03,-5.1656995E+00,2.0215485E-01
6.102579E-03,-5.1620374E+00,2.1916840E-01
6.105856E-03,-5.1629529E+00,2.3580048E-01
6.109133E-03,-5.1574597E+00,2.5319550E-01
6.112410E-03,-5.1580701E+00,2.6952240E-01
6.115686E-03,-5.1553235E+00,2.8638336E-01
6.118963E-03,-5.1501355E+00,3.0278656E-01
6.122240E-03,-5.1510510E+00,3.1918976E-01
6.125517E-03,-5.1537976E+00,3.3612701E-01
6.128794E-03,-5.1580701E+00,3.5367462E-01
6.132070E-03,-5.1534924E+00,3.6916229E-01
6.135347E-03,-5.1525769E+00,3.8472626E-01
6.138624E-03,-5.1537976E+00,4.0074799E-01
6.141901E-03,-5.1544080E+00,4.1738007E-01
6.145178E-03,-5.1522717E+00,4.3179962E-01
6.148454E-03,-5.1516614E+00,4.4675323E-01
6.151731E-03,-5.1479993E+00,4.6308014E-01
6.155008E-03,-5.1449475E+00,4.7742340E-01
6.158285E-03,-5.1397595E+00,4.9191925E-01
6.161562E-03,-5.1348767E+00,5.0694916E-01
6.164838E-03,-5.1345715E+00,5.2190277E-01
6.168115E-03,-5.1309094E+00,5.3571198E-01
6.171392E-03,-5.1272473E+00,5.4967377E-01
6.174669E-03,-5.1412854E+00,5.6287262E-01
6.177946E-03,-5.1370129E+00,5.7614777E-01
6.181222E-03,-5.1489148E+00,5.8957550E-01
6.184499E-03,-5.1391492E+00,6.0185883E-01
6.187776E-03,-5.1458630E+00,6.1467621E-01
6.191053E-03,-5.1498303E+00,6.2680695E-01
6.194330E-03,-5.1449475E+00,6.3809845E-01
6.197606E-03,-5.1504407E+00,6.5061066E-01
6.200883E-03,-5.1479993E+00,6.6152069E-01
6.204160E-03,-5.1479993E+00,6.7418549E-01
6.207437E-03,-5.1513562E+00,6.8471405E-01
6.210714E-03,-5.1483044E+00,6.9692108E-01
6.213990E-03,-5.1516614E+00,7.0638153E-01
6.217267E-03,-5.1595959E+00,7.1752045E-01
6.220544E-03,-5.1586804E+00,7.2675201E-01
6.223821E-03,-5.1611218E+00,7.3682281E-01
6.227098E-03,-5.1620374E+00,7.4567291E-01
6.230374E-03,-5.1605115E+00,7.5566742E-01
6.233651E-03,-5.1611218E+00,7.6344940E-01
6.236928E-03,-5.1565442E+00,7.7374908E-01
6.240205E-03,-5.1647839E+00,7.7992889E-01
6.243482E-03,-5.1605115E+00,7.8908417E-01
6.246758E-03,-5.1571545E+00,7.9602692E-01
6.250035E-03,-5.1663098E+00,8.0319855E-01
6.253312E-03,-5.1595959E+00,8.0930206E-01
6.256589E-03,-5.1663098E+00,8.1754181E-01
6.259866E-03,-5.1653943E+00,8.2227203E-01
6.263142E-03,-5.1660046E+00,8.2997772E-01
6.266419E-03,-5.1635632E+00,8.3486053E-01
6.269696E-03,-5.1638684E+00,8.4096405E-01
6.272973E-03,-5.1650891E+00,8.4508392E-01
6.276250E-03,-5.1647839E+00,8.5103485E-01
6.279526E-03,-5.1647839E+00,8.5431549E-01
6.282803E-03,-5.1669202E+00,8.5942719E-01
6.286080E-03,-5.1687512E+00,8.6026642E-01
6.289357E-03,-5.1733289E+00,8.6530182E-01
6.292634E-03,-5.1678357E+00,8.6720917E-01
6.295910E-03,-5.1696667E+00,8.7102386E-01
6.299187E-03,-5.1690564E+00,8.7163422E-01
6.302464E-03,-5.1699719E+00,8.7583038E-01
6.305741E-03,-5.1769910E+00,8.7575409E-01
6.309018E-03,-5.1702771E+00,8.7758514E-01
6.312294E-03,-5.1772961E+00,8.7666962E-01
6.315571E-03,-5.1730237E+00,8.7880585E-01
6.318848E-03,-5.1721082E+00,8.7666962E-01
6.322125E-03,-5.1705823E+00,8.7857697E-01
6.325402E-03,-5.1708875E+00,8.7659332E-01
6.328678E-03,-5.1724133E+00,8.7697479E-01
6.331955E-03,-5.1745496E+00,8.7346527E-01
6.335232E-03,-5.1714978E+00,8.7407562E-01
6.338509E-03,-5.1757703E+00,8.6972687E-01
6.341786E-03,-5.1730237E+00,8.6881134E-01
6.345062E-03,-5.1742444E+00,8.6431000E-01
6.348339E-03,-5.1748547E+00,8.6270782E-01
6.351616E-03,-5.1733289E+00,8.5706207E-01
6.354893E-03,-5.1769910E+00,8.5576508E-01
6.358170E-03,-5.1678357E+00,8.4989044E-01
6.361446E-03,-5.1742444E+00,8.4683868E-01
6.364723E-03,-5.1653943E+00,8.4035370E-01
6.368000E-03,-5.1669202E+00,8.3745453E-01
6.371277E-03,-5.1656995E+00,8.2936737E-01
6.374554E-03,-5.1608167E+00,8.2486603E-01
6.377830E-03,-5.1684460E+00,8.1670258E-01
6.381107E-03,-5.1699719E+00,8.1181976E-01
6.384384E-03,-5.1656995E+00,8.0365631E-01
6.387661E-03,-5.1650891E+00,7.9823944E-01
6.390938E-03,-5.1650891E+00,7.8885529E-01
6.394214E-03,-5.1647839E+00,7.8252289E-01
6.397491E-03,-5.1644788E+00,7.7268097E-01
6.400768E-03,-5.1614270E+00,7.6611969E-01
6.404045E-03,-5.1635632E+00,7.5589630E-01
6.407322E-03,-5.1617322E+00,7.4796173E-01
6.410598E-03,-5.1574597E+00,7.3682281E-01
6.413875E-03,-5.1647839E+00,7.2789642E-01
6.417152E-03,-5.1693616E+00,7.1835968E-01
6.420429E-03,-5.1638684E+00,7.0836517E-01
6.423706E-03,-5.1669202E+00,6.9539520E-01
6.426982E-03,-5.1736340E+00,6.8669769E-01
6.430259E-03,-5.1721082E+00,6.7410919E-01
6.433536E-03,-5.1760754E+00,6.6319916E-01
6.436813E-03,-5.1736340E+00,6.5160248E-01
6.440090E-03,-5.1730237E+00,6.4000580E-01
6.443366E-03,-5.1724133E+00,6.2726471E-01
6.446643E-03,-5.1724133E+00,6.1505768E-01
6.449920E-03,-5.1800427E+00,6.0170624E-01
6.453197E-03,-5.1763806E+00,5.8957550E-01
6.456474E-03,-5.1760754E+00,5.7591888E-01
6.459750E-03,-5.1751599E+00,5.6424591E-01
6.463027E-03,-5.1705823E+00,5.4913971E-01
6.466304E-03,-5.1650891E+00,5.3746674E-01
6.469581E-03,-5.1614270E+00,5.2159760E-01
6.472858E-03,-5.1617322E+00,5.0878021E-01
6.476134E-03,-5.1727185E+00,4.9260590E-01
6.479411E-03,-5.1727185E+00,4.7872040E-01
6.482688E-03,-5.1708875E+00,4.6269867E-01
6.485965E-03,-5.1812634E+00,4.4942352E-01
6.489242E-03,-5.1800427E+00,4.3332550E-01
6.492518E-03,-5.1788220E+00,4.1913483E-01
6.495795E-03,-5.1742444E+00,4.0204498E-01
6.499072E-03,-5.1736340E+00,3.8732025E-01
6.502349E-03,-5.1815686E+00,3.7015411E-01
6.505626E-03,-5.1794324E+00,3.5443756E-01
6.508902E-03,-5.1782117E+00,3.3673737E-01
6.512179E-03,-5.1803479E+00,3.2147858E-01
6.515456E-03,-5.1791272E+00,3.0454132E-01
6.518733E-03,-5.1782117E+00,2.8890106E-01
6.522010E-03,-5.1763806E+00,2.7112457E-01
6.525286E-03,-5.1800427E+00,2.5449249E-01
6.528563E-03,-5.1782117E+00,2.3663971E-01
6.531840E-03,-5.1794324E+00,2.2168610E-01
6.535117E-03,-5.1855359E+00,2.0345184E-01
6.538394E-03,-5.1797375E+00,1.8681976E-01
6.541670E-03,-5.1800427E+00,1.6965363E-01
6.544947E-03,-5.1815686E+00,1.5256378E-01
6.548224E-03,-5.1776013E+00,1.3493988E-01
6.551501E-03,-5.1843152E+00,1.1792633E-01
6.554778E-03,-5.1824841E+00,9.9463196E-02
6.558054E-03,-5.1864514E+00,8.1991882E-02
6.561331E-03,-5.1895032E+00,6.4749451E-02
6.564608E-03,-5.1858411E+00,4.7354431E-02
6.567885E-03,-5.1916394E+00,3.0264587E-02
6.571162E-03,-5.1876721E+00,1.2793274E-02
6.574438E-03,-5.1870618E+00,-4.9069214E-03
6.577715E-03,-5.1888928E+00,-2.1462708E-02
6.580992E-03,-5.1876721E+00,-4.0536194E-02
6.584269E-03,-5.1824841E+00,-5.7091980E-02
6.587546E-03,-5.1837048E+00,-7.4563293E-02
6.590822E-03,-5.1812634E+00,-9.1271667E-02
6.594099E-03,-5.1797375E+00,-1.0897186E-01
6.597376E-03,-5.1711926E+00,-1.2537506E-01
6.600653E-03,-5.1638684E+00,-1.4200714E-01
6.603930E-03,-5.1626477E+00,-1.5871552E-01
6.607206E-03,-5.1620374E+00,-1.7534760E-01
6.610483E-03,-5.1666150E+00,-1.9220856E-01
6.613760E-03,-5.1608167E+00,-2.0914581E-01
6.617037E-03,-5.1727185E+00,-2.2570160E-01
6.620314E-03,-5.1769910E+00,-2.4240997E-01
6.623590E-03,-5.1791272E+00,-2.5820282E-01
6.626867E-03,-5.1766858E+00,-2.7498749E-01
6.630144E-03,-5.1788220E+00,-2.9253510E-01
6.633421E-03,-5.1879773E+00,-3.0855682E-01
6.636698E-03,-5.1925549E+00,-3.2373932E-01
6.639974E-03,-5.1949963E+00,-3.3991364E-01
6.643251E-03,-5.1888928E+00,-3.5501984E-01
6.646528E-03,-5.1925549E+00,-3.7027863E-01
6.649805E-03,-5.1916394E+00,-3.8553741E-01
6.653082E-03,-5.1879773E+00,-4.0110138E-01
6.656358E-03,-5.1861462E+00,-4.1636017E-01
6.659635E-03,-5.1821790E+00,-4.3032196E-01
6.662912E-03,-5.1803479E+00,-4.4527557E-01
6.666189E-03,-5.1794324E+00,-4.5885590E-01
6.669466E-03,-5.1763806E+00,-4.7304657E-01
6.672742E-03,-5.1849255E+00,-4.8624542E-01
6.676019E-03,-5.1815686E+00,-5.0180939E-01
6.679296E-03,-5.1806531E+00,-5.1424530E-01
6.682573E-03,-5.1797375E+00,-5.2752045E-01
6.685850E-03,-5.1699719E+00,-5.3972748E-01
6.689126E-03,-5.1681409E+00,-5.5353668E-01
6.692403E-03,-5.1623425E+00,-5.6429413E-01
6.695680E-03,-5.1681409E+00,-5.7695892E-01
6.698957E-03,-5.1678357E+00,-5.8802155E-01
6.702234E-03,-5.1763806E+00,-6.0076263E-01
6.705510E-03,-5.1754651E+00,-6.1113861E-01
6.708787E-03,-5.1776013E+00,-6.2380341E-01
6.712064E-03,-5.1800427E+00,-6.3341644E-01
6.715341E-03,-5.1760754E+00,-6.4516571E-01
6.718618E-03,-5.1779065E+00,-6.5470245E-01
6.721894E-03,-5.1843152E+00,-6.6576508E-01
6.725171E-03,-5.1837048E+00,-6.7408112E-01
6.728448E-03,-5.1818738E+00,-6.8537262E-01
6.731725E-03,-5.1888928E+00,-6.9353607E-01
6.735002E-03,-5.1806531E+00,-7.0215729E-01
6.738278E-03,-5.1870618E+00,-7.1054962E-01
6.741555E-03,-5.1931653E+00,-7.1978119E-01
6.744832E-03,-5.1870618E+00,-7.2702911E-01
6.748109E-03,-5.1879773E+00,-7.3496368E-01
6.751386E-03,-5.1779065E+00,-7.4129608E-01
6.754662E-03,-5.1803479E+00,-7.4945953E-01
6.757939E-03,-5.1754651E+00,-7.5403717E-01
6.761216E-03,-5.1705823E+00,-7.6159027E-01
6.764493E-03,-5.1666150E+00,-7.6685455E-01
6.767770E-03,-5.1638684E+00,-7.7394989E-01
6.771046E-03,-5.1632581E+00,-7.7700165E-01
6.774323E-03,-5.1687512E+00,-7.8310516E-01
6.777600E-03,-5.1727185E+00,-7.8684357E-01
6.780877E-03,-5.1791272E+00,-7.9248932E-01
6.784154E-03,-5.1861462E+00,-7.9485443E-01
6.787430E-03,-5.1797375E+00,-7.9966095E-01
6.790707E-03,-5.1824841E+00,-8.0210236E-01
6.793984E-03,-5.1818738E+00,-8.0576447E-01
6.797261E-03,-5.1782117E+00,-8.0706146E-01
6.800538E-03,-5.1806531E+00,-8.1034210E-01
6.803814E-03,-5.1849255E+00,-8.1072357E-01
6.807091E-03,-5.1873669E+00,-8.1270721E-01
6.810368E-03,-5.1827893E+00,-8.1194427E-01
6.813645E-03,-5.1864514E+00,-8.1522491E-01
6.816922E-03,-5.1913342E+00,-8.1339386E-01
6.820198E-03,-5.1989636E+00,-8.1499603E-01
6.823475E-03,-5.1879773E+00,-8.1339386E-01
6.826752E-03,-5.1931653E+00,-8.1446198E-01
6.830029E-03,-5.1870618E+00,-8.1102875E-01
6.833306E-03,-5.1791272E+00,-8.1087616E-01
6.836582E-03,-5.1763806E+00,-8.0729034E-01
6.839859E-03,-5.1785168E+00,-8.0690887E-01
6.843136E-03,-5.1757703E+00,-8.0202606E-01
6.846413E-03,-5.1779065E+00,-8.0149200E-01
6.849690E-03,-5.1766858E+00,-7.9599884E-01
6.852966E-03,-5.1751599E+00,-7.9409149E-01
6.856243E-03,-5.1818738E+00,-7.8821686E-01
6.859520E-03,-5.1800427E+00,-7.8600433E-01
6.862797E-03,-5.1925549E+00,-7.7959564E-01
6.866074E-03,-5.1980481E+00,-7.7585724E-01
6.869350E-03,-5.1986584E+00,-7.6929596E-01
6.872627E-03,-5.1983533E+00,-7.6525238E-01
6.875904E-03,-5.1980481E+00,-7.5762299E-01
6.879181E-03,-5.1971326E+00,-7.5266388E-01
6.882458E-03,-5.1974377E+00,-7.4396637E-01
6.885734E-03,-5.1928601E+00,-7.3832062E-01
6.889011E-03,-5.1861462E+00,-7.2924164E-01
6.892288E-03,-5.1937756E+00,-7.2359589E-01
6.895565E-03,-5.1901135E+00,-7.1321991E-01
6.898842E-03,-5.1864514E+00,-7.0635345E-01
6.902118E-03,-5.1791272E+00,-6.9658783E-01
6.905395E-03,-5.1782117E+00,-6.8903473E-01
6.908672E-03,-5.1745496E+00,-6.7759064E-01
6.911949E-03,-5.1733289E+00,-6.6980865E-01
6.915226E-03,-5.1684460E+00,-6.5920380E-01
6.918502E-03,-5.1721082E+00,-6.4936188E-01
6.921779E-03,-5.1653943E+00,-6.3807037E-01
6.925056E-03,-5.1672253E+00,-6.2754181E-01
6.928333E-03,-5.1678357E+00,-6.1594513E-01
6.931610E-03,-5.1638684E+00,-6.0564545E-01
6.934886E-03,-5.1696667E+00,-5.9252289E-01
6.938163E-03,-5.1608167E+00,-5.8245209E-01
6.941440E-03,-5.1629529E+00,-5.6841400E-01
6.944717E-03,-5.1626477E+00,-5.5719879E-01
6.947994E-03,-5.1605115E+00,-5.4399994E-01
6.951270E-03,-5.1626477E+00,-5.3240326E-01
6.954547E-03,-5.1629529E+00,-5.1798370E-01
6.957824E-03,-5.1608167E+00,-5.0547150E-01
6.961101E-03,-5.1620374E+00,-4.9166229E-01
6.964378E-03,-5.1629529E+00,-4.7876862E-01
6.967654E-03,-5.1650891E+00,-4.6366241E-01
6.970931E-03,-5.1696667E+00,-4.5015839E-01
6.974208E-03,-5.1663098E+00,-4.3489960E-01
6.977485E-03,-5.1678357E+00,-4.2116669E-01
6.980762E-03,-5.1699719E+00,-4.0476349E-01
6.984038E-03,-5.1757703E+00,-3.9072540E-01
6.987315E-03,-5.1769910E+00,-3.7470367E-01
6.990592E-03,-5.1806531E+00,-3.5936859E-01
6.993869E-03,-5.1876721E+00,-3.4365204E-01
6.997146E-03,-5.1843152E+00,-3.2961395E-01
7.000422E-03,-5.1846204E+00,-3.1237152E-01
7.003699E-03,-5.1846204E+00,-2.9696014E-01
7.006976E-03,-5.1840100E+00,-2.7964142E-01
7.010253E-03,-5.1882825E+00,-2.6453522E-01
7.013530E-03,-5.1882825E+00,-2.4668243E-01
7.016806E-03,-5.1766858E+00,-2.3165253E-01
7.020083E-03,-5.1812634E+00,-2.1402863E-01
7.023360E-03,-5.1714978E+00,-1.9793060E-01
7.026637E-03,-5.1724133E+00,-1.8137482E-01
7.029914E-03,-5.1724133E+00,-1.6497162E-01
7.033190E-03,-5.1663098E+00,-1.4711884E-01
7.036467E-03,-5.1687512E+00,-1.3018158E-01
7.039744E-03,-5.1727185E+00,-1.1263397E-01
7.043021E-03,-5.1718030E+00,-9.6764832E-02
7.046298E-03,-5.1757703E+00,-7.8606873E-02
7.049574E-03,-5.1803479E+00,-6.2127380E-02
7.052851E-03,-5.1733289E+00,-4.3969421E-02
7.056128E-03,-5.1852307E+00,-2.7337341E-02
7.059405E-03,-5.1833997E+00,-9.2556763E-03
7.062682E-03,-5.1913342E+00,7.2238159E-03
7.065958E-03,-5.1928601E+00,2.5076599E-02
7.069235E-03,-5.1983533E+00,4.2166443E-02
7.072512E-03,-5.2047620E+00,5.9256287E-02
7.075789E-03,-5.1989636E+00,7.6040955E-02
7.079066E-03,-5.2035413E+00,9.4122620E-02
7.082342E-03,-5.2078137E+00,1.1121246E-01
7.085619E-03,-5.2154431E+00,1.2898895E-01
7.088896E-03,-5.2130017E+00,1.4638397E-01
7.092173E-03,-5.2136121E+00,1.6324493E-01
7.095450E-03,-5.2056775E+00,1.8056366E-01
7.098726E-03,-5.2053723E+00,1.9788239E-01
7.102003E-03,-5.2029309E+00,2.1542999E-01
7.105280E-03,-5.2026257E+00,2.3274872E-01
7.108557E-03,-5.2004895E+00,2.4930450E-01
7.111834E-03,-5.2026257E+00,2.6540253E-01
7.115110E-03,-5.2068982E+00,2.8218719E-01
7.118387E-03,-5.2133069E+00,2.9866669E-01
7.121664E-03,-5.2145276E+00,3.1362030E-01
7.124941E-03,-5.2233777E+00,3.3025238E-01
7.128218E-03,-5.2233777E+00,3.4741852E-01
7.131494E-03,-5.2249036E+00,3.6344025E-01
7.134771E-03,-5.2252087E+00,3.7969086E-01
7.138048E-03,-5.2288708E+00,3.9624664E-01
7.141325E-03,-5.2218518E+00,4.1188690E-01
7.144602E-03,-5.2160535E+00,4.2676422E-01
7.147878E-03,-5.1998792E+00,4.4232819E-01
7.151155E-03,-5.1937756E+00,4.5735809E-01
7.154432E-03,-5.1922498E+00,4.7238800E-01
7.157709E-03,-5.1916394E+00,4.8665497E-01
7.160986E-03,-5.1840100E+00,5.0237152E-01
7.164262E-03,-5.1760754E+00,5.1656219E-01
7.167539E-03,-5.1690564E+00,5.3159210E-01
7.170816E-03,-5.1675305E+00,5.4593536E-01
7.174093E-03,-5.1623425E+00,5.5959198E-01
7.177370E-03,-5.1675305E+00,5.7164642E-01
7.180646E-03,-5.1721082E+00,5.8499786E-01
7.183923E-03,-5.1745496E+00,5.9682343E-01
7.187200E-03,-5.1754651E+00,6.1055634E-01
7.190477E-03,-5.1806531E+00,6.2283966E-01
7.193754E-03,-5.1809583E+00,6.3588593E-01
7.197030E-03,-5.1763806E+00,6.4694855E-01
7.200307E-03,-5.1769910E+00,6.5930817E-01
7.203584E-03,-5.1769910E+00,6.7052338E-01
7.206861E-03,-5.1782117E+00,6.8212006E-01
7.210138E-03,-5.1852307E+00,6.9219086E-01
7.213414E-03,-5.1803479E+00,7.0378754E-01
7.216691E-03,-5.1827893E+00,7.1340057E-01
7.219968E-03,-5.1833997E+00,7.2492096E-01
7.223245E-03,-5.1705823E+00,7.3445770E-01
7.226522E-03,-5.1714978E+00,7.4460480E-01
7.229798E-03,-5.1724133E+00,7.5299713E-01
7.233075E-03,-5.1660046E+00,7.6299164E-01
7.236352E-03,-5.1797375E+00,7.7001068E-01
7.239629E-03,-5.1687512E+00,7.7924225E-01
7.242906E-03,-5.1803479E+00,7.8565094E-01
7.246182E-03,-5.1818738E+00,7.9465363E-01
7.249459E-03,-5.1754651E+00,8.0075714E-01
7.252736E-03,-5.1876721E+00,8.0930206E-01
7.256013E-03,-5.1882825E+00,8.1449005E-01
7.259290E-03,-5.1901135E+00,8.2166168E-01
7.262566E-03,-5.1898083E+00,8.2700226E-01
7.265843E-03,-5.1907239E+00,8.3371613E-01
7.269120E-03,-5.1983533E+00,8.3707306E-01
7.272397E-03,-5.1983533E+00,8.4500763E-01
7.275674E-03,-5.1919446E+00,8.4805939E-01
7.278950E-03,-5.1931653E+00,8.5446808E-01
7.282227E-03,-5.1907239E+00,8.5538361E-01
7.285504E-03,-5.1861462E+00,8.6171600E-01
7.288781E-03,-5.1788220E+00,8.6339447E-01
7.292058E-03,-5.1824841E+00,8.6759064E-01
7.295334E-03,-5.1785168E+00,8.6812469E-01
7.298611E-03,-5.1724133E+00,8.7216827E-01
7.301888E-03,-5.1705823E+00,8.7293121E-01
7.305165E-03,-5.1678357E+00,8.7583038E-01
7.308442E-03,-5.1681409E+00,8.7537262E-01
7.311718E-03,-5.1675305E+00,8.7819550E-01
7.314995E-03,-5.1644788E+00,8.7674591E-01
7.318272E-03,-5.1696667E+00,8.7880585E-01
7.321549E-03,-5.1733289E+00,8.7628815E-01
7.324826E-03,-5.1748547E+00,8.7789032E-01
7.328102E-03,-5.1757703E+00,8.7430450E-01
7.331379E-03,-5.1739392E+00,8.7575409E-01
7.334656E-03,-5.1769910E+00,8.7216827E-01
7.337933E-03,-5.1797375E+00,8.7193939E-01
7.341210E-03,-5.1769910E+00,8.6812469E-01
7.344486E-03,-5.1776013E+00,8.6659882E-01
7.347763E-03,-5.1824841E+00,8.6156342E-01
7.351040E-03,-5.1800427E+00,8.5988495E-01
7.354317E-03,-5.1818738E+00,8.5431549E-01
7.357594E-03,-5.1922498E+00,8.5156891E-01
7.360870E-03,-5.1925549E+00,8.4516022E-01
7.364147E-03,-5.1904187E+00,8.4264252E-01
7.367424E-03,-5.1995740E+00,8.3592865E-01
7.370701E-03,-5.2010999E+00,8.3249542E-01
7.373978E-03,-5.2020154E+00,8.2456085E-01
7.377254E-03,-5.2032361E+00,8.2013580E-01
7.380531E-03,-5.2004895E+00,8.1090424E-01
7.383808E-03,-5.1968274E+00,8.0548737E-01
7.387085E-03,-5.1943860E+00,7.9633209E-01
7.390362E-03,-5.1937756E+00,7.9045746E-01
7.393638E-03,-5.1995740E+00,7.8107330E-01
7.396915E-03,-5.2117810E+00,7.7489349E-01
7.400192E-03,-5.2056775E+00,7.6505157E-01
7.403469E-03,-5.2151379E+00,7.5734589E-01
7.406746E-03,-5.2087292E+00,7.4696991E-01
7.410022E-03,-5.2014050E+00,7.3857758E-01
7.413299E-03,-5.2001843E+00,7.2904083E-01
7.416576E-03,-5.1925549E+00,7.1988556E-01
7.419853E-03,-5.1937756E+00,7.0851776E-01
7.423130E-03,-5.1965222E+00,6.9928619E-01
7.426406E-03,-5.1940808E+00,6.8631622E-01
7.429683E-03,-5.1956067E+00,6.7578766E-01
7.432960E-03,-5.1977429E+00,6.6396210E-01
7.436237E-03,-5.1919446E+00,6.5404388E-01
7.439514E-03,-5.1934705E+00,6.4122650E-01
7.442790E-03,-5.1888928E+00,6.3039276E-01
7.446067E-03,-5.1895032E+00,6.1711761E-01
7.449344E-03,-5.1989636E+00,6.0452911E-01
7.452621E-03,-5.1965222E+00,5.9071991E-01
7.455898E-03,-5.1998792E+00,5.7958099E-01
7.459174E-03,-5.1998792E+00,5.6485626E-01
7.462451E-03,-5.1998792E+00,5.5310699E-01
7.465728E-03,-5.2020154E+00,5.3754303E-01
7.469005E-03,-5.2010999E+00,5.2449677E-01
7.472282E-03,-5.1989636E+00,5.0916168E-01
7.475558E-03,-5.1992688E+00,4.9642059E-01
7.478835E-03,-5.1940808E+00,4.8024628E-01
7.482112E-03,-5.1895032E+00,4.6651337E-01
7.485389E-03,-5.1852307E+00,4.5087311E-01
7.488666E-03,-5.1852307E+00,4.3645355E-01
7.491942E-03,-5.1757703E+00,4.2073700E-01
7.495219E-03,-5.1791272E+00,4.0601227E-01
7.498496E-03,-5.1721082E+00,3.8983795E-01
7.501773E-03,-5.1757703E+00,3.7335846E-01
7.505050E-03,-5.1827893E+00,3.5741302E-01
7.508326E-03,-5.1757703E+00,3.4100983E-01
7.511603E-03,-5.1824841E+00,3.2391998E-01
7.514880E-03,-5.1797375E+00,3.0766937E-01
7.518157E-03,-5.1803479E+00,2.9103729E-01
7.521434E-03,-5.1815686E+00,2.7532074E-01
7.524710E-03,-5.1785168E+00,2.5739166E-01
7.527987E-03,-5.1846204E+00,2.4152252E-01
7.531264E-03,-5.1855359E+00,2.2428009E-01
7.534541E-03,-5.1837048E+00,2.0696136E-01
7.537818E-03,-5.1885876E+00,1.8926117E-01
7.541094E-03,-5.1879773E+00,1.7217133E-01
7.544371E-03,-5.1861462E+00,1.5447113E-01
7.547648E-03,-5.1980481E+00,1.3791534E-01
7.550925E-03,-5.1916394E+00,1.2090179E-01
7.554202E-03,-5.1956067E+00,1.0373566E-01
7.557478E-03,-5.1943860E+00,8.5959167E-02
7.560755E-03,-5.1895032E+00,6.8487854E-02
7.564032E-03,-5.1898083E+00,5.1092834E-02
7.567309E-03,-5.1858411E+00,3.4002991E-02
7.570586E-03,-5.1956067E+00,1.6531677E-02
7.573862E-03,-5.1907239E+00,-4.8187256E-04
7.577139E-03,-5.1827893E+00,-1.8182068E-02
7.580416E-03,-5.1815686E+00,-3.5653381E-02
7.583693E-03,-5.1748547E+00,-5.3277283E-02
7.586970E-03,-5.1708875E+00,-7.0443420E-02
7.590246E-03,-5.1681409E+00,-8.8219910E-02
7.593523E-03,-5.1693616E+00,-1.0477570E-01
7.596800E-03,-5.1687512E+00,-1.2186554E-01
7.600077E-03,-5.1675305E+00,-1.3842133E-01
7.603354E-03,-5.1663098E+00,-1.5467194E-01
7.606630E-03,-5.1714978E+00,-1.7237213E-01
7.609907E-03,-5.1733289E+00,-1.8908051E-01
7.613184E-03,-5.1708875E+00,-2.0624664E-01
7.616461E-03,-5.1785168E+00,-2.2226837E-01
7.619738E-03,-5.1769910E+00,-2.3897675E-01
7.623014E-03,-5.1769910E+00,-2.5461700E-01
7.626291E-03,-5.1815686E+00,-2.7140167E-01
7.629568E-03,-5.1785168E+00,-2.8704193E-01
7.632845E-03,-5.1830945E+00,-3.0466583E-01
7.636122E-03,-5.1824841E+00,-3.2007721E-01
7.639398E-03,-5.1873669E+00,-3.3609894E-01
7.642675E-03,-5.1885876E+00,-3.5135773E-01
7.645952E-03,-5.1888928E+00,-3.6753204E-01
7.649229E-03,-5.1940808E+00,-3.8240936E-01
7.652506E-03,-5.1904187E+00,-3.9850739E-01
7.655782E-03,-5.1891980E+00,-4.1239288E-01
7.659059E-03,-5.1888928E+00,-4.2688873E-01
7.662336E-03,-5.1821790E+00,-4.4115570E-01
7.665613E-03,-5.1855359E+00,-4.5580414E-01
7.668890E-03,-5.1852307E+00,-4.6961334E-01
7.672166E-03,-5.1800427E+00,-4.8403290E-01
7.675443E-03,-5.1821790E+00,-4.9654510E-01
7.678720E-03,-5.1837048E+00,-5.1149872E-01
7.681997E-03,-5.1855359E+00,-5.2469757E-01
7.685274E-03,-5.1821790E+00,-5.3843048E-01
7.688550E-03,-5.1824841E+00,-5.4987457E-01
7.691827E-03,-5.1925549E+00,-5.6337860E-01
7.695104E-03,-5.1916394E+00,-5.7413605E-01
7.698381E-03,-5.1864514E+00,-5.8809784E-01
7.701658E-03,-5.1910291E+00,-5.9847382E-01
7.704934E-03,-5.1919446E+00,-6.1075714E-01
7.708211E-03,-5.1849255E+00,-6.2082794E-01
7.711488E-03,-5.1824841E+00,-6.3311127E-01
7.714765E-03,-5.1855359E+00,-6.4180878E-01
7.718042E-03,-5.1904187E+00,-6.5371063E-01
7.721318E-03,-5.1913342E+00,-6.6217926E-01
7.724595E-03,-5.1934705E+00,-6.7392853E-01
7.727872E-03,-5.1916394E+00,-6.8155792E-01
7.731149E-03,-5.1934705E+00,-6.9216278E-01
7.734426E-03,-5.1904187E+00,-7.0017365E-01
7.737702E-03,-5.1937756E+00,-7.1054962E-01
7.740979E-03,-5.1931653E+00,-7.1733978E-01
7.744256E-03,-5.1910291E+00,-7.2596100E-01
7.747533E-03,-5.1882825E+00,-7.3191193E-01
7.750810E-03,-5.1882825E+00,-7.4106720E-01
7.754086E-03,-5.1968274E+00,-7.4617889E-01
7.757363E-03,-5.1934705E+00,-7.5418976E-01
7.760640E-03,-5.2038464E+00,-7.5914886E-01
7.763917E-03,-5.2099500E+00,-7.6654938E-01
7.767194E-03,-5.2102551E+00,-7.7120331E-01
7.770470E-03,-5.2172742E+00,-7.7799347E-01
7.773747E-03,-5.2188000E+00,-7.8142670E-01
7.777024E-03,-5.2245984E+00,-7.8745392E-01
7.780301E-03,-5.2224622E+00,-7.9020050E-01
7.783578E-03,-5.2191052E+00,-7.9607513E-01
7.786854E-03,-5.2188000E+00,-7.9836395E-01
7.790131E-03,-5.2203259E+00,-8.0278900E-01
7.793408E-03,-5.2236829E+00,-8.0378082E-01
7.796685E-03,-5.2188000E+00,-8.0851105E-01
7.799962E-03,-5.2233777E+00,-8.0881622E-01
7.803238E-03,-5.2188000E+00,-8.1163910E-01
7.806515E-03,-5.2230725E+00,-8.1110504E-01
7.809792E-03,-5.2218518E+00,-8.1369904E-01
7.813069E-03,-5.2191052E+00,-8.1209686E-01
7.816346E-03,-5.2136121E+00,-8.1430939E-01
7.819622E-03,-5.2081189E+00,-8.1308868E-01
7.822899E-03,-5.2050671E+00,-8.1438568E-01
7.826176E-03,-5.1953015E+00,-8.1125763E-01
7.829453E-03,-5.1891980E+00,-8.1179169E-01
7.832730E-03,-5.1855359E+00,-8.0843475E-01
7.836006E-03,-5.1840100E+00,-8.0843475E-01
7.839283E-03,-5.1806531E+00,-8.0347565E-01
7.842560E-03,-5.1785168E+00,-8.0278900E-01
7.845837E-03,-5.1821790E+00,-7.9798248E-01
7.849114E-03,-5.1812634E+00,-7.9630402E-01
7.852390E-03,-5.1812634E+00,-7.9088715E-01
7.855667E-03,-5.1794324E+00,-7.8897980E-01
7.858944E-03,-5.1843152E+00,-7.8333405E-01
7.862221E-03,-5.1803479E+00,-7.8020599E-01
7.865498E-03,-5.1833997E+00,-7.7372101E-01
7.868774E-03,-5.1837048E+00,-7.7059296E-01
7.872051E-03,-5.1840100E+00,-7.6273468E-01
7.875328E-03,-5.1888928E+00,-7.5731781E-01
7.878605E-03,-5.1867566E+00,-7.5037506E-01
7.881882E-03,-5.1882825E+00,-7.4587372E-01
7.885158E-03,-5.1846204E+00,-7.3771027E-01
7.888435E-03,-5.1855359E+00,-7.3198822E-01
7.891712E-03,-5.1827893E+00,-7.2329071E-01
7.894989E-03,-5.1791272E+00,-7.1520355E-01
7.898266E-03,-5.1730237E+00,-7.0620087E-01
7.901542E-03,-5.1748547E+00,-6.9773224E-01
7.904819E-03,-5.1754651E+00,-6.8811920E-01
7.908096E-03,-5.1748547E+00,-6.7896393E-01
7.911373E-03,-5.1809583E+00,-6.6912201E-01
7.914650E-03,-5.1830945E+00,-6.6057709E-01
7.917926E-03,-5.1818738E+00,-6.4997223E-01
7.921203E-03,-5.1858411E+00,-6.4013031E-01
7.924480E-03,-5.1846204E+00,-6.2830475E-01
7.927757E-03,-5.1901135E+00,-6.1777618E-01
7.931034E-03,-5.1898083E+00,-6.0587433E-01
7.934310E-03,-5.1895032E+00,-5.9587982E-01
7.937587E-03,-5.1937756E+00,-5.8245209E-01
7.940864E-03,-5.1901135E+00,-5.7154205E-01
7.944141E-03,-5.1891980E+00,-5.5834320E-01
7.947418E-03,-5.1861462E+00,-5.4590729E-01
7.950694E-03,-5.1870618E+00,-5.3301361E-01
7.953971E-03,-5.1858411E+00,-5.2080658E-01
7.957248E-03,-5.1849255E+00,-5.0638702E-01
7.960525E-03,-5.1791272E+00,-4.9280670E-01
7.963802E-03,-5.1843152E+00,-4.7815826E-01
7.967078E-03,-5.1852307E+00,-4.6556976E-01
7.970355E-03,-5.1904187E+00,-4.4954803E-01
7.973632E-03,-5.1888928E+00,-4.3711212E-01
7.976909E-03,-5.1870618E+00,-4.2116669E-01
7.980186E-03,-5.1937756E+00,-4.0682343E-01
7.983462E-03,-5.1983533E+00,-3.9110687E-01
7.986739E-03,-5.2001843E+00,-3.7676361E-01
7.990016E-03,-5.1995740E+00,-3.6058929E-01
7.993293E-03,-5.1940808E+00,-3.4685638E-01
7.996570E-03,-5.1940808E+00,-3.3052948E-01
7.999846E-03,-5.1953015E+00,-3.1473663E-01
8.003123E-03,-5.1977429E+00,-2.9718903E-01
8.006400E-03,-5.2020154E+00,-2.8154877E-01
8.009677E-03,-5.2072034E+00,-2.6461151E-01
8.012954E-03,-5.2050671E+00,-2.4965790E-01
8.016230E-03,-5.2111707E+00,-2.3272064E-01
8.019507E-03,-5.2078137E+00,-2.1738556E-01
8.022784E-03,-5.2102551E+00,-1.9999054E-01
8.026061E-03,-5.2114758E+00,-1.8457916E-01
8.029338E-03,-5.2136121E+00,-1.6695526E-01
8.032614E-03,-5.2078137E+00,-1.4986542E-01
8.035891E-03,-5.2105603E+00,-1.3262299E-01
8.039168E-03,-5.2020154E+00,-1.1629608E-01
8.042445E-03,-5.2023206E+00,-9.9053650E-02
8.045722E-03,-5.2017102E+00,-8.2421570E-02
8.048998E-03,-5.2044568E+00,-6.4721375E-02
8.052275E-03,-5.2023206E+00,-4.7860413E-02
8.055552E-03,-5.2068982E+00,-2.9549866E-02
8.058829E-03,-5.2035413E+00,-1.1849670E-02
8.062106E-03,-5.2068982E+00,5.2401733E-03
8.065382E-03,-5.1989636E+00,2.2711487E-02
8.068659E-03,-5.1965222E+00,3.9877625E-02
8.071936E-03,-5.1937756E+00,5.6738586E-02
8.075213E-03,-5.1946912E+00,7.5354309E-02
8.078490E-03,-5.1913342E+00,9.2673035E-02
8.081766E-03,-5.1943860E+00,1.1044952E-01
8.085043E-03,-5.1943860E+00,1.2799713E-01
8.088320E-03,-5.1916394E+00,1.4508698E-01
8.091597E-03,-5.1901135E+00,1.6217682E-01
8.094874E-03,-5.1852307E+00,1.7934296E-01
8.098150E-03,-5.1779065E+00,1.9620392E-01
8.101427E-03,-5.1840100E+00,2.1306488E-01
8.104704E-03,-5.1821790E+00,2.3038361E-01
8.107981E-03,-5.1852307E+00,2.4739716E-01
8.111258E-03,-5.1931653E+00,2.6341888E-01
8.114534E-03,-5.1962170E+00,2.7959320E-01
8.117811E-03,-5.2020154E+00,2.9653046E-01
8.121088E-03,-5.2056775E+00,3.1293365E-01
8.124365E-03,-5.2062878E+00,3.2987091E-01
8.127642E-03,-5.2111707E+00,3.4581635E-01
8.130918E-03,-5.2148328E+00,3.6282990E-01
8.134195E-03,-5.2151379E+00,3.7831757E-01
8.137472E-03,-5.2093396E+00,3.9494965E-01
8.140749E-03,-5.2023206E+00,4.1020844E-01
8.144026E-03,-5.1968274E+00,4.2592499E-01
8.147302E-03,-5.2010999E+00,4.4103119E-01
8.150579E-03,-5.2014050E+00,4.5728180E-01
8.153856E-03,-5.2053723E+00,4.7101471E-01
8.157133E-03,-5.1956067E+00,4.8604462E-01
8.160410E-03,-5.2020154E+00,4.9993011E-01
8.163686E-03,-5.2004895E+00,5.1579926E-01
8.166963E-03,-5.2020154E+00,5.2815887E-01
8.170240E-03,-5.2023206E+00,5.4357025E-01
8.173517E-03,-5.2035413E+00,5.5669281E-01
8.176794E-03,-5.2056775E+00,5.7034943E-01
8.180070E-03,-5.2078137E+00,5.8232758E-01
8.183347E-03,-5.2120862E+00,5.9628937E-01
8.186624E-03,-5.2114758E+00,6.0819122E-01
8.189901E-03,-5.2105603E+00,6.2139008E-01
8.193178E-03,-5.2068982E+00,6.3283417E-01
8.196454E-03,-5.2136121E+00,6.4626190E-01
8.199731E-03,-5.2184949E+00,6.5648529E-01
8.203008E-03,-5.2136121E+00,6.6853973E-01
8.206285E-03,-5.2166638E+00,6.7944977E-01
8.209562E-03,-5.2105603E+00,6.9158051E-01
8.212838E-03,-5.2142224E+00,7.0104095E-01
8.216115E-03,-5.2078137E+00,7.1317169E-01
8.219392E-03,-5.2160535E+00,7.2232697E-01
8.222669E-03,-5.2072034E+00,7.3285553E-01
8.225946E-03,-5.2126965E+00,7.4147675E-01
8.229222E-03,-5.2078137E+00,7.5147125E-01
8.232499E-03,-5.2117810E+00,7.5902435E-01
8.235776E-03,-5.2044568E+00,7.6955292E-01
8.239053E-03,-5.1992688E+00,7.7634308E-01
8.242330E-03,-5.2017102E+00,7.8626129E-01
8.245606E-03,-5.1968274E+00,7.9228851E-01
8.248883E-03,-5.1953015E+00,8.0121490E-01
8.252160E-03,-5.1931653E+00,8.0678436E-01
8.255437E-03,-5.1977429E+00,8.1532928E-01
8.258714E-03,-5.1943860E+00,8.1975433E-01
8.261990E-03,-5.1971326E+00,8.2707855E-01
8.265267E-03,-5.2023206E+00,8.3211395E-01
8.268544E-03,-5.1986584E+00,8.3936188E-01
8.271821E-03,-5.2038464E+00,8.4142181E-01
8.275098E-03,-5.2087292E+00,8.4897491E-01
8.278374E-03,-5.2093396E+00,8.5126373E-01
8.281651E-03,-5.2087292E+00,8.5767242E-01
8.284928E-03,-5.2075085E+00,8.5904572E-01
8.288205E-03,-5.1998792E+00,8.6476776E-01
8.291482E-03,-5.1971326E+00,8.6583588E-01
8.294758E-03,-5.1901135E+00,8.6949799E-01
8.298035E-03,-5.1922498E+00,8.7026093E-01
8.301312E-03,-5.1928601E+00,8.7476227E-01
8.304589E-03,-5.1998792E+00,8.7445709E-01
8.307866E-03,-5.1956067E+00,8.7712738E-01
8.311142E-03,-5.1989636E+00,8.7529633E-01
8.314419E-03,-5.2017102E+00,8.7789032E-01
8.317696E-03,-5.1940808E+00,8.7636444E-01
8.320973E-03,-5.1837048E+00,8.7773773E-01
8.324250E-03,-5.1882825E+00,8.7560150E-01
8.327526E-03,-5.1794324E+00,8.7727997E-01
8.330803E-03,-5.1840100E+00,8.7422821E-01
8.334080E-03,-5.1794324E+00,8.7354156E-01
8.337357E-03,-5.1809583E+00,8.7071869E-01
8.340634E-03,-5.1800427E+00,8.7041351E-01
8.343910E-03,-5.1812634E+00,8.6652252E-01
8.347187E-03,-5.1837048E+00,8.6400482E-01
8.350464E-03,-5.1833997E+00,8.5843536E-01
8.353741E-03,-5.1916394E+00,8.5622284E-01
8.357018E-03,-5.1904187E+00,8.5088226E-01
8.360294E-03,-5.1949963E+00,8.4821198E-01
8.363571E-03,-5.1962170E+00,8.4111664E-01
8.366848E-03,-5.1888928E+00,8.3821747E-01
8.370125E-03,-5.1849255E+00,8.3127472E-01
8.373402E-03,-5.1766858E+00,8.2707855E-01
8.376678E-03,-5.1711926E+00,8.1952545E-01
8.379955E-03,-5.1702771E+00,8.1365082E-01
8.383232E-03,-5.1757703E+00,8.0556366E-01
8.386509E-03,-5.1730237E+00,7.9915497E-01
8.389786E-03,-5.1806531E+00,7.9045746E-01
8.393062E-03,-5.1791272E+00,7.8465912E-01
8.396339E-03,-5.1852307E+00,7.7512238E-01
8.399616E-03,-5.1901135E+00,7.6749298E-01
8.402893E-03,-5.1925549E+00,7.5681183E-01
8.406170E-03,-5.1919446E+00,7.4994537E-01
8.409446E-03,-5.1989636E+00,7.3956940E-01
8.412723E-03,-5.2090344E+00,7.3071930E-01
8.416000E-03,-5.2105603E+00,7.1942780E-01
8.419277E-03,-5.2133069E+00,7.0966217E-01
8.422554E-03,-5.2126965E+00,6.9875214E-01
8.425830E-03,-5.2120862E+00,6.8868134E-01
8.429107E-03,-5.2056775E+00,6.7639801E-01
8.432384E-03,-5.1968274E+00,6.6579315E-01
8.435661E-03,-5.1977429E+00,6.5434906E-01
8.438938E-03,-5.1919446E+00,6.4267609E-01
8.442214E-03,-5.1913342E+00,6.3024017E-01
8.445491E-03,-5.2014050E+00,6.1887238E-01
8.448768E-03,-5.1916394E+00,6.0620758E-01
8.452045E-03,-5.2050671E+00,5.9422943E-01
8.455322E-03,-5.2032361E+00,5.8072540E-01
8.458598E-03,-5.2136121E+00,5.6752655E-01
8.461875E-03,-5.2184949E+00,5.5341217E-01
8.465152E-03,-5.2212415E+00,5.4006073E-01
8.468429E-03,-5.2212415E+00,5.2564117E-01
8.471706E-03,-5.2264294E+00,5.1221344E-01
8.474982E-03,-5.2184949E+00,4.9695465E-01
8.478259E-03,-5.2197156E+00,4.8352692E-01
8.481536E-03,-5.2154431E+00,4.6819183E-01
8.484813E-03,-5.2130017E+00,4.5384857E-01
8.488090E-03,-5.2111707E+00,4.3790314E-01
8.491366E-03,-5.2191052E+00,4.2348358E-01
8.494643E-03,-5.2203259E+00,4.0753815E-01
8.497920E-03,-5.2242932E+00,3.9182159E-01
8.501197E-03,-5.2184949E+00,3.7534210E-01
8.504474E-03,-5.2230725E+00,3.5970184E-01
8.507750E-03,-5.2258191E+00,3.4322235E-01
8.511027E-03,-5.2239880E+00,3.2712433E-01
8.514304E-03,-5.2191052E+00,3.0972931E-01
8.517581E-03,-5.2172742E+00,2.9439423E-01
8.520858E-03,-5.2114758E+00,2.7699921E-01
8.524134E-03,-5.2053723E+00,2.6113007E-01
8.527411E-03,-5.2035413E+00,2.4335358E-01
8.530688E-03,-5.1913342E+00,2.2710297E-01
8.533965E-03,-5.1891980E+00,2.1077606E-01
8.537242E-03,-5.1922498E+00,1.9444916E-01
8.540518E-03,-5.1928601E+00,1.7583344E-01
8.543795E-03,-5.1940808E+00,1.5920135E-01
8.547072E-03,-5.1992688E+00,1.4157745E-01
8.550349E-03,-5.2017102E+00,1.2441132E-01
8.553626E-03,-5.1992688E+00,1.0671112E-01
8.556902E-03,-5.2007947E+00,8.9468689E-02
8.560179E-03,-5.1977429E+00,7.1615906E-02
8.563456E-03,-5.2004895E+00,5.4602356E-02
8.566733E-03,-5.2090344E+00,3.7054749E-02
8.570010E-03,-5.2136121E+00,1.9659729E-02
8.573286E-03,-5.2181897E+00,2.0358276E-03
8.576563E-03,-5.2294812E+00,-1.5130310E-02
8.579840E-03,-5.2340588E+00,-3.2372742E-02
8.583117E-03,-5.2386365E+00,-5.0912170E-02
8.586394E-03,-5.2413831E+00,-6.8612366E-02
8.589670E-03,-5.2438245E+00,-8.5244446E-02
8.592947E-03,-5.2468762E+00,-1.0286835E-01
8.596224E-03,-5.2535901E+00,-1.1942413E-01
8.599501E-03,-5.2526746E+00,-1.3674286E-01
8.602778E-03,-5.2517590E+00,-1.5360382E-01
8.606054E-03,-5.2554211E+00,-1.7054108E-01
8.609331E-03,-5.2471814E+00,-1.8724945E-01
8.612608E-03,-5.2526746E+00,-2.0342377E-01
8.615885E-03,-5.2517590E+00,-2.2127655E-01
8.619162E-03,-5.2560315E+00,-2.3745087E-01
8.622438E-03,-5.2493176E+00,-2.5347260E-01
8.625715E-03,-5.2545056E+00,-2.6949432E-01
8.628992E-03,-5.2535901E+00,-2.8627899E-01
8.632269E-03,-5.2551160E+00,-3.0230072E-01
8.635546E-03,-5.2514539E+00,-3.1900909E-01
8.638822E-03,-5.2496228E+00,-3.3426788E-01
8.642099E-03,-5.2538953E+00,-3.5006073E-01
8.645376E-03,-5.2392468E+00,-3.6478546E-01
8.648653E-03,-5.2422986E+00,-3.7981537E-01
8.651930E-03,-5.2404675E+00,-3.9522675E-01
8.655206E-03,-5.2389417E+00,-4.1010406E-01
8.658483E-03,-5.2377209E+00,-4.2505768E-01
8.661760E-03,-5.2377209E+00,-4.4001129E-01
8.665037E-03,-5.2358899E+00,-4.5343903E-01
8.668314E-03,-5.2261243E+00,-4.6808746E-01
8.671590E-03,-5.2294812E+00,-4.8098114E-01
8.674867E-03,-5.2245984E+00,-4.9570587E-01
8.678144E-03,-5.2276501E+00,-5.0898102E-01
8.681421E-03,-5.2358899E+00,-5.2332428E-01
8.684698E-03,-5.2297864E+00,-5.3522614E-01
8.687974E-03,-5.2310071E+00,-5.4827240E-01
8.691251E-03,-5.2285657E+00,-5.6002167E-01
8.694528E-03,-5.2252087E+00,-5.7344940E-01
8.697805E-03,-5.2291760E+00,-5.8428314E-01
8.701082E-03,-5.2297864E+00,-5.9748199E-01
8.704358E-03,-5.2371106E+00,-6.0785797E-01
8.707635E-03,-5.2404675E+00,-6.2021759E-01
8.710912E-03,-5.2441296E+00,-6.2998322E-01
8.714189E-03,-5.2545056E+00,-6.4203766E-01
8.717466E-03,-5.2490125E+00,-6.5119293E-01
8.720742E-03,-5.2532849E+00,-6.6233185E-01
8.724019E-03,-5.2502332E+00,-6.7118195E-01
8.727296E-03,-5.2416882E+00,-6.8270233E-01
8.730573E-03,-5.2380261E+00,-6.9017914E-01
8.733850E-03,-5.2358899E+00,-7.0032623E-01
8.737126E-03,-5.2310071E+00,-7.0787933E-01
8.740403E-03,-5.2282605E+00,-7.1665314E-01
8.743680E-03,-5.2233777E+00,-7.2351959E-01
8.746957E-03,-5.2227673E+00,-7.3282745E-01
8.750234E-03,-5.2203259E+00,-7.3793915E-01
8.753510E-03,-5.2181897E+00,-7.4686554E-01
8.756787E-03,-5.2209363E+00,-7.5098541E-01
8.760064E-03,-5.2166638E+00,-7.5960663E-01
8.763341E-03,-5.2163586E+00,-7.6433685E-01
8.766618E-03,-5.2111707E+00,-7.7158478E-01
8.769894E-03,-5.2099500E+00,-7.7402618E-01
8.773171E-03,-5.2023206E+00,-7.8096893E-01
8.776448E-03,-5.2017102E+00,-7.8485992E-01
8.779725E-03,-5.2114758E+00,-7.9058197E-01
8.783002E-03,-5.2120862E+00,-7.9264191E-01
8.786278E-03,-5.2181897E+00,-7.9836395E-01
8.789555E-03,-5.2154431E+00,-7.9912689E-01
8.792832E-03,-5.2236829E+00,-8.0431488E-01
8.796109E-03,-5.2276501E+00,-8.0408600E-01
8.799386E-03,-5.2319226E+00,-8.0866364E-01
8.802662E-03,-5.2307019E+00,-8.0873993E-01
8.805939E-03,-5.2392468E+00,-8.1202057E-01
8.809216E-03,-5.2377209E+00,-8.1102875E-01
8.812493E-03,-5.2410779E+00,-8.1408051E-01
8.815770E-03,-5.2410779E+00,-8.1263092E-01
8.819046E-03,-5.2407727E+00,-8.1438568E-01
8.822323E-03,-5.2416882E+00,-8.1232574E-01
8.825600E-03,-5.2325330E+00,-8.1385162E-01
8.828877E-03,-5.2346692E+00,-8.1102875E-01
8.832154E-03,-5.2368054E+00,-8.1110504E-01
8.835430E-03,-5.2340588E+00,-8.0713776E-01
8.838707E-03,-5.2334485E+00,-8.0675629E-01
8.841984E-03,-5.2389417E+00,-8.0324677E-01
8.845261E-03,-5.2392468E+00,-8.0149200E-01
8.848538E-03,-5.2422986E+00,-7.9638031E-01
8.851814E-03,-5.2444348E+00,-7.9386261E-01
8.855091E-03,-5.2474866E+00,-7.8867462E-01
8.858368E-03,-5.2444348E+00,-7.8585175E-01
8.861645E-03,-5.2465710E+00,-7.8051117E-01
8.864922E-03,-5.2416882E+00,-7.7646759E-01
8.868198E-03,-5.2450452E+00,-7.7066925E-01
8.871475E-03,-5.2450452E+00,-7.6571014E-01
8.874752E-03,-5.2401624E+00,-7.5838593E-01
8.878029E-03,-5.2477917E+00,-7.5319794E-01
8.881306E-03,-5.2499280E+00,-7.4572113E-01
8.884582E-03,-5.2432141E+00,-7.3946503E-01
8.887859E-03,-5.2401624E+00,-7.3137787E-01
8.891136E-03,-5.2398572E+00,-7.2481659E-01
8.894413E-03,-5.2371106E+00,-7.1650055E-01
8.897690E-03,-5.2383313E+00,-7.0833710E-01
8.900966E-03,-5.2416882E+00,-6.9849518E-01
8.904243E-03,-5.2447400E+00,-6.9071320E-01
8.907520E-03,-5.2389417E+00,-6.8056610E-01
8.910797E-03,-5.2438245E+00,-6.7163971E-01
8.914074E-03,-5.2401624E+00,-6.6134003E-01
8.917350E-03,-5.2422986E+00,-6.5210846E-01
8.920627E-03,-5.2438245E+00,-6.4043549E-01
8.923904E-03,-5.2447400E+00,-6.3028839E-01
8.927181E-03,-5.2465710E+00,-6.1899689E-01
8.930458E-03,-5.2520642E+00,-6.0823944E-01
8.933734E-03,-5.2554211E+00,-5.9656647E-01
8.937011E-03,-5.2538953E+00,-5.8588531E-01
8.940288E-03,-5.2670178E+00,-5.7322052E-01
8.943565E-03,-5.2676282E+00,-5.6139496E-01
8.946842E-03,-5.2624402E+00,-5.4827240E-01
8.950118E-03,-5.2627454E+00,-5.3606537E-01
8.953395E-03,-5.2606091E+00,-5.2271393E-01
8.956672E-03,-5.2560315E+00,-5.0989655E-01
8.959949E-03,-5.2590833E+00,-4.9517181E-01
8.963226E-03,-5.2557263E+00,-4.8281219E-01
8.966502E-03,-5.2538953E+00,-4.6839264E-01
8.969779E-03,-5.2581677E+00,-4.5389679E-01
8.973056E-03,-5.2569470E+00,-4.3940094E-01
8.976333E-03,-5.2618298E+00,-4.2521027E-01
8.979610E-03,-5.2542004E+00,-4.1040924E-01
8.982886E-03,-5.2621350E+00,-3.9545563E-01
8.986163E-03,-5.2575574E+00,-3.7897614E-01
8.989440E-03,-5.2557263E+00,-3.6448029E-01
8.992717E-03,-5.2542004E+00,-3.4914520E-01
8.995994E-03,-5.2468762E+00,-3.3396271E-01
8.999270E-03,-5.2441296E+00,-3.1710175E-01
9.002547E-03,-5.2471814E+00,-3.0199554E-01
9.005824E-03,-5.2529797E+00,-2.8482941E-01
9.009101E-03,-5.2575574E+00,-2.6911285E-01
9.012378E-03,-5.2590833E+00,-2.5286224E-01
9.015654E-03,-5.2538953E+00,-2.3661163E-01
9.018931E-03,-5.2603040E+00,-2.2020844E-01
9.022208E-03,-5.2587781E+00,-2.0418671E-01
9.025485E-03,-5.2657971E+00,-1.8763092E-01
9.028762E-03,-5.2578625E+00,-1.7084625E-01
9.032038E-03,-5.2584729E+00,-1.5375641E-01
9.035315E-03,-5.2548108E+00,-1.3689545E-01
9.038592E-03,-5.2560315E+00,-1.2003448E-01
9.041869E-03,-5.2535901E+00,-1.0302094E-01
9.045146E-03,-5.2551160E+00,-8.5549622E-02
9.048422E-03,-5.2584729E+00,-6.8230896E-02
9.051699E-03,-5.2572522E+00,-5.0606995E-02
9.054976E-03,-5.2691541E+00,-3.3898621E-02
9.058253E-03,-5.2673230E+00,-1.5969543E-02
9.061530E-03,-5.2694592E+00,1.7306519E-03
9.064806E-03,-5.2743420E+00,1.9354553E-02
9.068083E-03,-5.2715955E+00,3.7207336E-02
9.071360E-03,-5.2694592E+00,5.4144592E-02
9.074637E-03,-5.2673230E+00,7.1615906E-02
9.077914E-03,-5.2599988E+00,8.8324280E-02
9.081190E-03,-5.2624402E+00,1.0564301E-01
9.084467E-03,-5.2581677E+00,1.2341949E-01
9.087744E-03,-5.2542004E+00,1.4104340E-01
9.091021E-03,-5.2490125E+00,1.5775177E-01
9.094298E-03,-5.2410779E+00,1.7621490E-01
9.097574E-03,-5.2380261E+00,1.9315216E-01
9.100851E-03,-5.2276501E+00,2.1092865E-01
9.104128E-03,-5.2313123E+00,2.2641632E-01
9.107405E-03,-5.2334485E+00,2.4465057E-01
9.110682E-03,-5.2227673E+00,2.6082489E-01
9.113958E-03,-5.2307019E+00,2.7783844E-01
9.117235E-03,-5.2282605E+00,2.9363129E-01
9.120512E-03,-5.2267346E+00,3.1148407E-01
9.123789E-03,-5.2282605E+00,3.2720062E-01
9.127066E-03,-5.2279553E+00,3.4490082E-01
9.130342E-03,-5.2200208E+00,3.6061737E-01
9.133619E-03,-5.2245984E+00,3.7702057E-01
9.136896E-03,-5.2227673E+00,3.9311859E-01
9.140173E-03,-5.2239880E+00,4.0891144E-01
9.143450E-03,-5.2258191E+00,4.2325470E-01
9.146726E-03,-5.2249036E+00,4.3858978E-01
9.150003E-03,-5.2279553E+00,4.5346710E-01
9.153280E-03,-5.2264294E+00,4.6918365E-01
9.156557E-03,-5.2368054E+00,4.8314545E-01
9.159834E-03,-5.2392468E+00,4.9901459E-01
9.163110E-03,-5.2371106E+00,5.1183197E-01
9.166387E-03,-5.2389417E+00,5.2754852E-01
9.169664E-03,-5.2368054E+00,5.4051849E-01
9.172941E-03,-5.2358899E+00,5.5478546E-01
9.176218E-03,-5.2319226E+00,5.6676361E-01
9.179494E-03,-5.2316174E+00,5.8133575E-01
9.182771E-03,-5.2319226E+00,5.9285614E-01
9.186048E-03,-5.2313123E+00,6.0796234E-01
9.189325E-03,-5.2337537E+00,6.1833832E-01
9.192602E-03,-5.2325330E+00,6.3146088E-01
9.195878E-03,-5.2310071E+00,6.4259979E-01
9.199155E-03,-5.2294812E+00,6.5656158E-01
9.202432E-03,-5.2365002E+00,6.6724274E-01
9.205709E-03,-5.2346692E+00,6.7922089E-01
9.208986E-03,-5.2325330E+00,6.8891022E-01
9.212262E-03,-5.2255139E+00,7.0188019E-01
9.215539E-03,-5.2249036E+00,7.1057770E-01
9.218816E-03,-5.2151379E+00,7.2255585E-01
9.222093E-03,-5.2160535E+00,7.3102448E-01
9.225370E-03,-5.2151379E+00,7.4201080E-01
9.228646E-03,-5.2145276E+00,7.5002167E-01
9.231923E-03,-5.2166638E+00,7.6009247E-01
9.235200E-03,-5.2175793E+00,7.6680634E-01
9.238477E-03,-5.2239880E+00,7.7710602E-01
9.241754E-03,-5.2307019E+00,7.8313324E-01
9.245030E-03,-5.2334485E+00,7.9259369E-01
9.248307E-03,-5.2358899E+00,7.9892609E-01
9.251584E-03,-5.2395520E+00,8.0716583E-01
9.254861E-03,-5.2441296E+00,8.1204865E-01
9.258138E-03,-5.2426038E+00,8.2082245E-01
9.261414E-03,-5.2490125E+00,8.2456085E-01
9.264691E-03,-5.2490125E+00,8.3272430E-01
9.267968E-03,-5.2593884E+00,8.3577606E-01
9.271245E-03,-5.2499280E+00,8.4340546E-01
9.274522E-03,-5.2538953E+00,8.4660980E-01
9.277798E-03,-5.2496228E+00,8.5347626E-01
9.281075E-03,-5.2545056E+00,8.5500214E-01
9.284352E-03,-5.2523694E+00,8.6003754E-01
9.287629E-03,-5.2551160E+00,8.6194489E-01
9.290906E-03,-5.2511487E+00,8.6621735E-01
9.294182E-03,-5.2474866E+00,8.6751434E-01
9.297459E-03,-5.2450452E+00,8.7155792E-01
9.300736E-03,-5.2447400E+00,8.7262604E-01
9.304013E-03,-5.2432141E+00,8.7460968E-01
9.307290E-03,-5.2484021E+00,8.7468597E-01
9.310566E-03,-5.2474866E+00,8.7689850E-01
9.313843E-03,-5.2462659E+00,8.7598297E-01
9.317120E-03,-5.2459607E+00,8.7796661E-01
9.320397E-03,-5.2416882E+00,8.7636444E-01
9.323674E-03,-5.2456555E+00,8.7750885E-01
9.326950E-03,-5.2468762E+00,8.7460968E-01
9.330227E-03,-5.2404675E+00,8.7583038E-01
9.333504E-03,-5.2444348E+00,8.7186310E-01
9.336781E-03,-5.2392468E+00,8.7155792E-01
9.340058E-03,-5.2471814E+00,8.6850616E-01
9.343334E-03,-5.2432141E+00,8.6698029E-01
9.346611E-03,-5.2432141E+00,8.6255524E-01
9.349888E-03,-5.2474866E+00,8.6118195E-01
9.353165E-03,-5.2462659E+00,8.5545990E-01
9.356442E-03,-5.2484021E+00,8.5286591E-01
9.359718E-03,-5.2490125E+00,8.4714386E-01
9.362995E-03,-5.2517590E+00,8.4348175E-01
9.366272E-03,-5.2551160E+00,8.3714935E-01
9.369549E-03,-5.2554211E+00,8.3241913E-01
9.372826E-03,-5.2474866E+00,8.2562897E-01
9.376102E-03,-5.2493176E+00,8.2044098E-01
9.379379E-03,-5.2584729E+00,8.1304047E-01
9.382656E-03,-5.2511487E+00,8.0686066E-01
9.385933E-03,-5.2624402E+00,7.9930756E-01
9.389210E-03,-5.2599988E+00,7.9274628E-01
9.392486E-03,-5.2609143E+00,7.8389618E-01
9.395763E-03,-5.2584729E+00,7.7687714E-01
9.399040E-03,-5.2575574E+00,7.6787445E-01
9.402317E-03,-5.2514539E+00,7.5986359E-01
9.405594E-03,-5.2465710E+00,7.5025055E-01
9.408870E-03,-5.2465710E+00,7.4277374E-01
9.412147E-03,-5.2429089E+00,7.3201630E-01
9.415424E-03,-5.2450452E+00,7.2217438E-01
9.418701E-03,-5.2450452E+00,7.1187469E-01
9.421978E-03,-5.2551160E+00,7.0203278E-01
9.425254E-03,-5.2490125E+00,6.9013092E-01
9.428531E-03,-5.2499280E+00,6.7975494E-01
9.431808E-03,-5.2499280E+00,6.6762421E-01
9.435085E-03,-5.2468762E+00,6.5755341E-01
9.438362E-03,-5.2502332E+00,6.4443085E-01
9.441638E-03,-5.2462659E+00,6.3291046E-01
9.444915E-03,-5.2514539E+00,6.2016937E-01
9.448192E-03,-5.2557263E+00,6.0933563E-01
9.451469E-03,-5.2542004E+00,5.9560272E-01
9.454746E-03,-5.2569470E+00,5.8248016E-01
9.458022E-03,-5.2606091E+00,5.6874725E-01
9.461299E-03,-5.2664075E+00,5.5699799E-01
9.464576E-03,-5.2694592E+00,5.4265472E-01
9.467853E-03,-5.2697644E+00,5.2838776E-01
9.471130E-03,-5.2667126E+00,5.1396820E-01
9.474406E-03,-5.2624402E+00,4.9962494E-01
9.477683E-03,-5.2645764E+00,4.8482391E-01
9.480960E-03,-5.2645764E+00,4.7017548E-01
9.484237E-03,-5.2654919E+00,4.5567963E-01
9.487514E-03,-5.2661023E+00,4.3988678E-01
9.490790E-03,-5.2642712E+00,4.2447540E-01
9.494067E-03,-5.2648816E+00,4.0936920E-01
9.497344E-03,-5.2618298E+00,3.9464447E-01
9.500621E-03,-5.2606091E+00,3.7923309E-01
9.503898E-03,-5.2554211E+00,3.6275360E-01
9.507174E-03,-5.2526746E+00,3.4680817E-01
9.510451E-03,-5.2508435E+00,3.2987091E-01
9.513728E-03,-5.2490125E+00,3.1377289E-01
9.517005E-03,-5.2502332E+00,2.9683563E-01
9.520282E-03,-5.2493176E+00,2.8012726E-01
9.523558E-03,-5.2474866E+00,2.6349518E-01
9.526835E-03,-5.2477917E+00,2.4671051E-01
9.530112E-03,-5.2462659E+00,2.2954437E-01
9.533389E-03,-5.2438245E+00,2.1291229E-01
9.536666E-03,-5.2508435E+00,1.9559357E-01
9.539942E-03,-5.2444348E+00,1.7888519E-01
9.543219E-03,-5.2459607E+00,1.6087982E-01
9.546496E-03,-5.2465710E+00,1.4386627E-01
9.549773E-03,-5.2529797E+00,1.2746307E-01
9.553050E-03,-5.2581677E+00,1.0930511E-01
9.556326E-03,-5.2526746E+00,9.0841980E-02
9.559603E-03,-5.2496228E+00,7.4515076E-02
9.562880E-03,-5.2468762E+00,5.7806702E-02
9.566157E-03,-5.2377209E+00,3.9801331E-02
9.569434E-03,-5.2441296E+00,2.2406311E-02
9.572710E-03,-5.2377209E+00,5.4690552E-03
9.575987E-03,-5.2358899E+00,-1.1620789E-02
9.579264E-03,-5.2371106E+00,-3.0083923E-02
9.582541E-03,-5.2340588E+00,-4.7326355E-02
9.585818E-03,-5.2404675E+00,-6.5102844E-02
9.589094E-03,-5.2383313E+00,-8.2268982E-02
9.592371E-03,-5.2401624E+00,-9.8672180E-02
9.595648E-03,-5.2404675E+00,-1.1576202E-01
9.598925E-03,-5.2392468E+00,-1.3300446E-01
9.602202E-03,-5.2474866E+00,-1.4963654E-01
9.605478E-03,-5.2432141E+00,-1.6726044E-01
9.608755E-03,-5.2535901E+00,-1.8358734E-01
9.612032E-03,-5.2569470E+00,-2.0128754E-01
9.615309E-03,-5.2630505E+00,-2.1723297E-01
9.618586E-03,-5.2676282E+00,-2.3394135E-01
9.621862E-03,-5.2700696E+00,-2.4897125E-01
9.625139E-03,-5.2645764E+00,-2.6583221E-01
9.628416E-03,-5.2593884E+00,-2.8147247E-01
9.631693E-03,-5.2593884E+00,-2.9856232E-01
9.634970E-03,-5.2548108E+00,-3.1382111E-01
9.638246E-03,-5.2484021E+00,-3.3121613E-01
9.641523E-03,-5.2542004E+00,-3.4548309E-01
9.644800E-03,-5.2508435E+00,-3.6226776E-01
9.648077E-03,-5.2569470E+00,-3.7592438E-01
9.651354E-03,-5.2551160E+00,-3.9263275E-01
9.654630E-03,-5.2621350E+00,-4.0697601E-01
9.657907E-03,-5.2569470E+00,-4.2238739E-01
9.661184E-03,-5.2526746E+00,-4.3550995E-01
9.664461E-03,-5.2572522E+00,-4.5115021E-01
9.667738E-03,-5.2581677E+00,-4.6511200E-01
9.671014E-03,-5.2621350E+00,-4.7945526E-01
9.674291E-03,-5.2624402E+00,-4.9234894E-01
9.677568E-03,-5.2636609E+00,-5.0653961E-01
9.680845E-03,-5.2633557E+00,-5.1973846E-01
9.684122E-03,-5.2627454E+00,-5.3431061E-01
9.687398E-03,-5.2664075E+00,-5.4491547E-01
9.690675E-03,-5.2703748E+00,-5.5986908E-01
9.693952E-03,-5.2673230E+00,-5.7077911E-01
9.697229E-03,-5.2670178E+00,-5.8397797E-01
9.700506E-03,-5.2645764E+00,-5.9443024E-01
9.703782E-03,-5.2548108E+00,-6.0762909E-01
9.707059E-03,-5.2566418E+00,-6.1678436E-01
9.710336E-03,-5.2548108E+00,-6.2937286E-01
9.713613E-03,-5.2493176E+00,-6.3898590E-01
9.716890E-03,-5.2435193E+00,-6.5012482E-01
9.720166E-03,-5.2429089E+00,-6.5912750E-01
9.723443E-03,-5.2410779E+00,-6.7034271E-01
9.726720E-03,-5.2426038E+00,-6.7835358E-01
9.729997E-03,-5.2419934E+00,-6.8880585E-01
9.733274E-03,-5.2407727E+00,-6.9651154E-01
9.736550E-03,-5.2426038E+00,-7.0688751E-01
9.739827E-03,-5.2410779E+00,-7.1352509E-01
9.743104E-03,-5.2361951E+00,-7.2306183E-01
9.746381E-03,-5.2361951E+00,-7.2947052E-01
9.749658E-03,-5.2380261E+00,-7.3832062E-01
9.752934E-03,-5.2407727E+00,-7.4373749E-01
9.756211E-03,-5.2426038E+00,-7.5228241E-01
9.759488E-03,-5.2422986E+00,-7.5624969E-01
9.762765E-03,-5.2487073E+00,-7.6494720E-01
9.766042E-03,-5.2471814E+00,-7.6899078E-01
9.769318E-03,-5.2477917E+00,-7.7585724E-01
9.772595E-03,-5.2459607E+00,-7.7845123E-01
9.775872E-03,-5.2413831E+00,-7.8547028E-01
9.779149E-03,-5.2432141E+00,-7.8814056E-01
9.782426E-03,-5.2432141E+00,-7.9348114E-01
9.785702E-03,-5.2435193E+00,-7.9546478E-01
9.788979E-03,-5.2456555E+00,-7.9981354E-01
9.792256E-03,-5.2465710E+00,-8.0141571E-01
9.795533E-03,-5.2499280E+00,-8.0637482E-01
9.798810E-03,-5.2529797E+00,-8.0660370E-01
9.802086E-03,-5.2511487E+00,-8.1041840E-01
9.805363E-03,-5.2590833E+00,-8.1057098E-01
9.808640E-03,-5.2566418E+00,-8.1347015E-01
9.811917E-03,-5.2587781E+00,-8.1163910E-01
9.815194E-03,-5.2612195E+00,-8.1385162E-01
9.818470E-03,-5.2575574E+00,-8.1270721E-01
9.821747E-03,-5.2596936E+00,-8.1324127E-01
9.825024E-03,-5.2569470E+00,-8.1118134E-01
9.828301E-03,-5.2526746E+00,-8.1202057E-01
9.831578E-03,-5.2532849E+00,-8.0889252E-01
9.834854E-03,-5.2490125E+00,-8.0935028E-01
9.838131E-03,-5.2441296E+00,-8.0530670E-01
9.841408E-03,-5.2496228E+00,-8.0332306E-01
9.844685E-03,-5.2453503E+00,-8.0027130E-01
9.847962E-03,-5.2447400E+00,-7.9782990E-01
9.851238E-03,-5.2422986E+00,-7.9386261E-01
9.854515E-03,-5.2419934E+00,-7.9096344E-01
9.857792E-03,-5.2398572E+00,-7.8493622E-01
9.861069E-03,-5.2386365E+00,-7.8180817E-01
9.864346E-03,-5.2358899E+00,-7.7623871E-01
9.867622E-03,-5.2395520E+00,-7.7150848E-01
9.870899E-03,-5.2343640E+00,-7.6441315E-01
9.874176E-03,-5.2374158E+00,-7.5960663E-01
9.877453E-03,-5.2337537E+00,-7.5281647E-01
9.880730E-03,-5.2288708E+00,-7.4717072E-01
9.884006E-03,-5.2294812E+00,-7.3969391E-01
9.887283E-03,-5.2294812E+00,-7.3366669E-01
9.890560E-03,-5.2285657E+00,-7.2390106E-01
9.893837E-03,-5.2313123E+00,-7.1733978E-01
9.897114E-03,-5.2380261E+00,-7.0902374E-01
9.900390E-03,-5.2453503E+00,-7.0040253E-01
9.903667E-03,-5.2392468E+00,-6.9063690E-01
9.906944E-03,-5.2508435E+00,-6.8247345E-01
9.910221E-03,-5.2477917E+00,-6.7225006E-01
9.913498E-03,-5.2535901E+00,-6.6385773E-01
9.916774E-03,-5.2499280E+00,-6.5332916E-01
9.920051E-03,-5.2456555E+00,-6.4325836E-01
9.923328E-03,-5.2493176E+00,-6.3150909E-01
9.926605E-03,-5.2422986E+00,-6.2098053E-01
9.929882E-03,-5.2429089E+00,-6.0991791E-01
9.933158E-03,-5.2416882E+00,-5.9877899E-01
9.936435E-03,-5.2474866E+00,-5.8641937E-01
9.939712E-03,-5.2465710E+00,-5.7566193E-01
9.942989E-03,-5.2474866E+00,-5.6269196E-01
9.946266E-03,-5.2487073E+00,-5.5033234E-01
9.949542E-03,-5.2545056E+00,-5.3698090E-01
9.952819E-03,-5.2542004E+00,-5.2530792E-01
9.956096E-03,-5.2548108E+00,-5.1172760E-01
9.959373E-03,-5.2590833E+00,-4.9936798E-01
9.962650E-03,-5.2593884E+00,-4.8449066E-01
9.965926E-03,-5.2593884E+00,-4.7121552E-01
9.969203E-03,-5.2593884E+00,-4.5511749E-01
9.972480E-03,-5.2502332E+00,-4.4207123E-01
9.975757E-03,-5.2532849E+00,-4.2704132E-01
9.979034E-03,-5.2572522E+00,-4.1269806E-01
9.982310E-03,-5.2560315E+00,-3.9682892E-01
9.985587E-03,-5.2575574E+00,-3.8225677E-01
9.988864E-03,-5.2508435E+00,-3.6646393E-01
9.992141E-03,-5.2526746E+00,-3.5219696E-01
9.995418E-03,-5.2453503E+00,-3.3525970E-01
9.998694E-03,-5.2441296E+00,-3.2053497E-01
1.000197E-02,-5.2419934E+00,-3.0352142E-01
1.000525E-02,-5.2380261E+00,-2.8780487E-01
1.000852E-02,-5.2361951E+00,-2.7094391E-01
1.001180E-02,-5.2407727E+00,-2.5469330E-01
1.001508E-02,-5.2416882E+00,-2.3829010E-01
1.001836E-02,-5.2386365E+00,-2.2272614E-01
1.002163E-02,-5.2419934E+00,-2.0601776E-01
1.002491E-02,-5.2459607E+00,-1.8961456E-01
1.002819E-02,-5.2422986E+00,-1.7321136E-01
1.003146E-02,-5.2493176E+00,-1.5535858E-01
1.003474E-02,-5.2526746E+00,-1.3834503E-01
1.003802E-02,-5.2548108E+00,-1.2186554E-01
1.004129E-02,-5.2557263E+00,-1.0447052E-01
1.004457E-02,-5.2606091E+00,-8.7762146E-02
1.004785E-02,-5.2673230E+00,-7.0443420E-02
1.005112E-02,-5.2667126E+00,-5.3735046E-02
1.005440E-02,-5.2728162E+00,-3.5653381E-02
1.005768E-02,-5.2691541E+00,-1.8563538E-02
1.006095E-02,-5.2667126E+00,-9.3963623E-04
1.006423E-02,-5.2667126E+00,1.7218323E-02
1.006751E-02,-5.2590833E+00,3.4842224E-02
1.007078E-02,-5.2563367E+00,5.2084656E-02
1.007406E-02,-5.2520642E+00,6.8869324E-02
1.007734E-02,-5.2453503E+00,8.6493225E-02
1.008061E-02,-5.2435193E+00,1.0426971E-01
1.008389E-02,-5.2361951E+00,1.2204620E-01
1.008717E-02,-5.2361951E+00,1.3913605E-01
1.009044E-02,-5.2316174E+00,1.5683624E-01
1.009372E-02,-5.2334485E+00,1.7339203E-01
1.009700E-02,-5.2349744E+00,1.9071075E-01
1.010028E-02,-5.2325330E+00,2.0780060E-01
1.010355E-02,-5.2374158E+00,2.2588226E-01
1.010683E-02,-5.2407727E+00,2.4091217E-01
1.011011E-02,-5.2398572E+00,2.5823090E-01
1.011338E-02,-5.2410779E+00,2.7440521E-01
1.011666E-02,-5.2447400E+00,2.9210541E-01
1.011994E-02,-5.2459607E+00,3.0889008E-01
1.012321E-02,-5.2441296E+00,3.2552216E-01
1.012649E-02,-5.2499280E+00,3.4108612E-01
1.012977E-02,-5.2453503E+00,3.5840485E-01
1.013304E-02,-5.2419934E+00,3.7343475E-01
1.013632E-02,-5.2349744E+00,3.9021942E-01
1.013960E-02,-5.2404675E+00,4.0425751E-01
1.014287E-02,-5.2429089E+00,4.2172882E-01
1.014615E-02,-5.2450452E+00,4.3668243E-01
1.014943E-02,-5.2484021E+00,4.5186493E-01
1.015270E-02,-5.2456555E+00,4.6636078E-01
1.015598E-02,-5.2496228E+00,4.8222992E-01
1.015926E-02,-5.2538953E+00,4.9626801E-01
1.016253E-02,-5.2584729E+00,5.1167938E-01
1.016581E-02,-5.2557263E+00,5.2442047E-01
1.016909E-02,-5.2499280E+00,5.3975555E-01
1.017236E-02,-5.2560315E+00,5.5272552E-01
1.017564E-02,-5.2520642E+00,5.6706879E-01
1.017892E-02,-5.2435193E+00,5.7965729E-01
1.018220E-02,-5.2450452E+00,5.9331390E-01
1.018547E-02,-5.2459607E+00,6.0483429E-01
1.018875E-02,-5.2465710E+00,6.1833832E-01
1.019203E-02,-5.2474866E+00,6.2894318E-01
1.019530E-02,-5.2422986E+00,6.4198944E-01
1.019858E-02,-5.2438245E+00,6.5335724E-01
1.020186E-02,-5.2401624E+00,6.6647980E-01
1.020513E-02,-5.2398572E+00,6.7655060E-01
1.020841E-02,-5.2340588E+00,6.8921539E-01
1.021169E-02,-5.2337537E+00,6.9859955E-01
1.021496E-02,-5.2368054E+00,7.1050140E-01
1.021824E-02,-5.2410779E+00,7.1950409E-01
1.022152E-02,-5.2380261E+00,7.3064301E-01
1.022479E-02,-5.2432141E+00,7.3895905E-01
1.022807E-02,-5.2465710E+00,7.4994537E-01
1.023135E-02,-5.2453503E+00,7.5749847E-01
1.023462E-02,-5.2426038E+00,7.6817963E-01
1.023790E-02,-5.2471814E+00,7.7443573E-01
1.024118E-02,-5.2426038E+00,7.8465912E-01
1.024445E-02,-5.2389417E+00,7.9053375E-01
1.024773E-02,-5.2444348E+00,7.9961273E-01
1.025101E-02,-5.2404675E+00,8.0480072E-01
1.025428E-02,-5.2413831E+00,8.1319305E-01
1.025756E-02,-5.2416882E+00,8.1822845E-01
1.026084E-02,-5.2395520E+00,8.2639191E-01
1.026412E-02,-5.2447400E+00,8.3104584E-01
1.026739E-02,-5.2432141E+00,8.3798859E-01
1.027067E-02,-5.2435193E+00,8.4180328E-01
1.027395E-02,-5.2419934E+00,8.4790680E-01
1.027722E-02,-5.2422986E+00,8.5065338E-01
1.028050E-02,-5.2404675E+00,8.5652802E-01
1.028378E-02,-5.2462659E+00,8.5828278E-01
1.028705E-02,-5.2505383E+00,8.6331818E-01
1.029033E-02,-5.2502332E+00,8.6469147E-01
1.029361E-02,-5.2542004E+00,8.6926910E-01
1.029688E-02,-5.2517590E+00,8.7033722E-01
1.030016E-02,-5.2538953E+00,8.7377045E-01
1.030344E-02,-5.2487073E+00,8.7354156E-01
1.030671E-02,-5.2480969E+00,8.7666962E-01
1.030999E-02,-5.2441296E+00,8.7644073E-01
1.031327E-02,-5.2435193E+00,8.7857697E-01
1.031654E-02,-5.2389417E+00,8.7804291E-01
1.031982E-02,-5.2349744E+00,8.7941620E-01
1.032310E-02,-5.2352795E+00,8.7796661E-01
1.032637E-02,-5.2337537E+00,8.7758514E-01
1.032965E-02,-5.2313123E+00,8.7590668E-01
1.033293E-02,-5.2307019E+00,8.7552521E-01
1.033620E-02,-5.2319226E+00,8.7171051E-01
1.033948E-02,-5.2383313E+00,8.6987946E-01
1.034276E-02,-5.2371106E+00,8.6659882E-01
1.034604E-02,-5.2410779E+00,8.6438629E-01
1.034931E-02,-5.2499280E+00,8.6080048E-01
1.035259E-02,-5.2517590E+00,8.5797760E-01
1.035587E-02,-5.2572522E+00,8.5317108E-01
1.035914E-02,-5.2520642E+00,8.4943268E-01
1.036242E-02,-5.2523694E+00,8.4393951E-01
1.036570E-02,-5.2505383E+00,8.3981964E-01
1.036897E-02,-5.2499280E+00,8.3333466E-01
1.037225E-02,-5.2532849E+00,8.2860443E-01
1.037553E-02,-5.2548108E+00,8.2211945E-01
1.037880E-02,-5.2563367E+00,8.1616852E-01
1.038208E-02,-5.2612195E+00,8.0869171E-01
1.038536E-02,-5.2551160E+00,8.0251190E-01
1.038863E-02,-5.2511487E+00,7.9396698E-01
1.039191E-02,-5.2529797E+00,7.8771088E-01
1.039519E-02,-5.2484021E+00,7.7847931E-01
1.039846E-02,-5.2441296E+00,7.7245209E-01
1.040174E-02,-5.2398572E+00,7.6352570E-01
1.040502E-02,-5.2349744E+00,7.5459930E-01
1.040829E-02,-5.2358899E+00,7.4384186E-01
1.041157E-02,-5.2419934E+00,7.3522064E-01
1.041485E-02,-5.2444348E+00,7.2476837E-01
1.041812E-02,-5.2441296E+00,7.1500275E-01
1.042140E-02,-5.2426038E+00,7.0386383E-01
1.042468E-02,-5.2477917E+00,6.9394562E-01
1.042796E-02,-5.2441296E+00,6.8234894E-01
1.043123E-02,-5.2413831E+00,6.7159149E-01
1.043451E-02,-5.2343640E+00,6.5900299E-01
1.043779E-02,-5.2374158E+00,6.4839813E-01
1.044106E-02,-5.2365002E+00,6.3641998E-01
1.044434E-02,-5.2407727E+00,6.2680695E-01
1.044762E-02,-5.2389417E+00,6.1208221E-01
1.045089E-02,-5.2407727E+00,5.9934113E-01
1.045417E-02,-5.2447400E+00,5.8621857E-01
1.045745E-02,-5.2401624E+00,5.7363007E-01
1.046072E-02,-5.2377209E+00,5.5943939E-01
1.046400E-02,-5.2358899E+00,5.4593536E-01
1.046728E-02,-5.2303967E+00,5.3281281E-01
1.047055E-02,-5.2313123E+00,5.1846954E-01
1.047383E-02,-5.2282605E+00,5.0328705E-01
1.047711E-02,-5.2319226E+00,4.8924896E-01
1.048038E-02,-5.2264294E+00,4.7391388E-01
1.048366E-02,-5.2294812E+00,4.5995209E-01
1.048694E-02,-5.2285657E+00,4.4507477E-01
1.049021E-02,-5.2355847E+00,4.2882416E-01
1.049349E-02,-5.2294812E+00,4.1394684E-01
1.049677E-02,-5.2389417E+00,3.9929840E-01
1.050004E-02,-5.2365002E+00,3.8228485E-01
1.050332E-02,-5.2410779E+00,3.6633942E-01
1.050660E-02,-5.2383313E+00,3.4894440E-01
1.050988E-02,-5.2392468E+00,3.3360931E-01
1.051315E-02,-5.2380261E+00,3.1644318E-01
1.051643E-02,-5.2480969E+00,3.0042145E-01
1.051971E-02,-5.2529797E+00,2.8371307E-01
1.052298E-02,-5.2566418E+00,2.6753876E-01
1.052626E-02,-5.2523694E+00,2.4999115E-01
1.052954E-02,-5.2542004E+00,2.3320648E-01
1.053281E-02,-5.2551160E+00,2.1649811E-01
1.053609E-02,-5.2517590E+00,1.9925568E-01
1.053937E-02,-5.2502332E+00,1.8216583E-01
1.054264E-02,-5.2523694E+00,1.6431305E-01
1.054592E-02,-5.2490125E+00,1.4798615E-01
1.054920E-02,-5.2432141E+00,1.3051483E-01
1.055247E-02,-5.2480969E+00,1.1373016E-01
1.055575E-02,-5.2444348E+00,9.6411438E-02
1.055903E-02,-5.2422986E+00,7.7719421E-02
1.056230E-02,-5.2459607E+00,6.1316223E-02
1.056558E-02,-5.2441296E+00,4.4378967E-02
1.056886E-02,-5.2438245E+00,2.6068420E-02
1.057213E-02,-5.2355847E+00,1.0351868E-02
1.057541E-02,-5.2358899E+00,-7.5009155E-03
1.057869E-02,-5.2386365E+00,-2.5201111E-02
1.058196E-02,-5.2468762E+00,-4.3816833E-02
1.058524E-02,-5.2487073E+00,-6.1440735E-02
1.058852E-02,-5.2548108E+00,-7.9140930E-02
1.059180E-02,-5.2551160E+00,-9.6307068E-02
1.059507E-02,-5.2606091E+00,-1.1309174E-01
1.059835E-02,-5.2584729E+00,-1.2949493E-01
1.060163E-02,-5.2569470E+00,-1.4643219E-01
1.060490E-02,-5.2551160E+00,-1.6344574E-01
1.060818E-02,-5.2572522E+00,-1.8091705E-01
1.061146E-02,-5.2563367E+00,-1.9648102E-01
1.061473E-02,-5.2557263E+00,-2.1372345E-01
1.061801E-02,-5.2596936E+00,-2.2959259E-01
1.062129E-02,-5.2645764E+00,-2.4706390E-01
1.062456E-02,-5.2615247E+00,-2.6255157E-01
1.062784E-02,-5.2648816E+00,-2.8017548E-01
1.063112E-02,-5.2633557E+00,-2.9543427E-01
1.063439E-02,-5.2642712E+00,-3.1191376E-01
1.063767E-02,-5.2642712E+00,-3.2701996E-01
1.064095E-02,-5.2618298E+00,-3.4281281E-01
1.064422E-02,-5.2642712E+00,-3.5769012E-01
1.064750E-02,-5.2627454E+00,-3.7371185E-01
1.065078E-02,-5.2603040E+00,-3.8836029E-01
1.065405E-02,-5.2661023E+00,-4.0445831E-01
1.065733E-02,-5.2599988E+00,-4.1849640E-01
1.066061E-02,-5.2593884E+00,-4.3497589E-01
1.066388E-02,-5.2618298E+00,-4.4771698E-01
1.066716E-02,-5.2590833E+00,-4.6389130E-01
1.067044E-02,-5.2618298E+00,-4.7663239E-01
1.067372E-02,-5.2642712E+00,-4.9143341E-01
1.067699E-02,-5.2639661E+00,-5.0409821E-01
1.068027E-02,-5.2667126E+00,-5.1851776E-01
1.068355E-02,-5.2621350E+00,-5.3133514E-01
1.068682E-02,-5.2599988E+00,-5.4453400E-01
1.069010E-02,-5.2578625E+00,-5.5521515E-01
1.069338E-02,-5.2560315E+00,-5.6948212E-01
1.069665E-02,-5.2517590E+00,-5.8046844E-01
1.069993E-02,-5.2416882E+00,-5.9343842E-01
1.070321E-02,-5.2377209E+00,-6.0350922E-01
1.070648E-02,-5.2377209E+00,-6.1579254E-01
1.070976E-02,-5.2346692E+00,-6.2563446E-01
1.071304E-02,-5.2383313E+00,-6.3723114E-01
1.071631E-02,-5.2395520E+00,-6.4638641E-01
1.071959E-02,-5.2358899E+00,-6.5821198E-01
1.072287E-02,-5.2392468E+00,-6.6538361E-01
1.072614E-02,-5.2358899E+00,-6.7797211E-01
1.072942E-02,-5.2383313E+00,-6.8560150E-01
1.073270E-02,-5.2392468E+00,-6.9590118E-01
1.073597E-02,-5.2505383E+00,-7.0337799E-01
1.073925E-02,-5.2514539E+00,-7.1375397E-01
1.074253E-02,-5.2566418E+00,-7.1970490E-01
1.074580E-02,-5.2590833E+00,-7.3030975E-01
1.074908E-02,-5.2545056E+00,-7.3519257E-01
1.075236E-02,-5.2523694E+00,-7.4450043E-01
1.075564E-02,-5.2468762E+00,-7.4984100E-01
1.075891E-02,-5.2532849E+00,-7.5731781E-01
1.076219E-02,-5.2551160E+00,-7.6197174E-01
1.076547E-02,-5.2557263E+00,-7.6914337E-01
1.076874E-02,-5.2523694E+00,-7.7333954E-01
1.077202E-02,-5.2468762E+00,-7.7974823E-01
1.077530E-02,-5.2462659E+00,-7.8249481E-01
1.077857E-02,-5.2480969E+00,-7.8897980E-01
1.078185E-02,-5.2419934E+00,-7.9119232E-01
1.078513E-02,-5.2413831E+00,-7.9599884E-01
1.078840E-02,-5.2407727E+00,-7.9760101E-01
1.079168E-02,-5.2419934E+00,-8.0271271E-01
1.079496E-02,-5.2386365E+00,-8.0431488E-01
1.079823E-02,-5.2386365E+00,-8.0759552E-01
1.080151E-02,-5.2273450E+00,-8.0767181E-01
1.080479E-02,-5.2303967E+00,-8.1079987E-01
1.080806E-02,-5.2322278E+00,-8.1087616E-01
1.081134E-02,-5.2349744E+00,-8.1224945E-01
1.081462E-02,-5.2365002E+00,-8.1224945E-01
1.081789E-02,-5.2416882E+00,-8.1385162E-01
1.082117E-02,-5.2432141E+00,-8.1232574E-01
1.082445E-02,-5.2410779E+00,-8.1339386E-01
1.082772E-02,-5.2496228E+00,-8.1118134E-01
1.083100E-02,-5.2447400E+00,-8.1102875E-01
1.083428E-02,-5.2493176E+00,-8.0843475E-01
1.083756E-02,-5.2505383E+00,-8.0805328E-01
1.084083E-02,-5.2548108E+00,-8.0378082E-01
1.084411E-02,-5.2538953E+00,-8.0156830E-01
1.084739E-02,-5.2542004E+00,-7.9737213E-01
1.085066E-02,-5.2569470E+00,-7.9470184E-01
1.085394E-02,-5.2520642E+00,-7.8966644E-01
1.085722E-02,-5.2468762E+00,-7.8676727E-01
1.086049E-02,-5.2477917E+00,-7.8119781E-01
1.086377E-02,-5.2392468E+00,-7.7723053E-01
1.086705E-02,-5.2386365E+00,-7.7158478E-01
1.087032E-02,-5.2368054E+00,-7.6746490E-01
1.087360E-02,-5.2444348E+00,-7.6029327E-01
1.087688E-02,-5.2374158E+00,-7.5457123E-01
1.088015E-02,-5.2432141E+00,-7.4724701E-01
1.088343E-02,-5.2438245E+00,-7.4137238E-01
1.088671E-02,-5.2496228E+00,-7.3381927E-01
1.088998E-02,-5.2505383E+00,-7.2748688E-01
1.089326E-02,-5.2480969E+00,-7.1939972E-01
1.089654E-02,-5.2545056E+00,-7.1154144E-01
1.089981E-02,-5.2511487E+00,-7.0185211E-01
1.090309E-02,-5.2548108E+00,-6.9361237E-01
1.090637E-02,-5.2545056E+00,-6.8407562E-01
1.090964E-02,-5.2636609E+00,-6.7530182E-01
1.091292E-02,-5.2670178E+00,-6.6622284E-01
1.091620E-02,-5.2621350E+00,-6.5676239E-01
1.091948E-02,-5.2636609E+00,-6.4554718E-01
1.092275E-02,-5.2636609E+00,-6.3425568E-01
1.092603E-02,-5.2587781E+00,-6.2342194E-01
1.092931E-02,-5.2578625E+00,-6.1243561E-01
1.093258E-02,-5.2493176E+00,-6.0076263E-01
1.093586E-02,-5.2517590E+00,-5.9000519E-01
1.093914E-02,-5.2450452E+00,-5.7756927E-01
1.094241E-02,-5.2410779E+00,-5.6566742E-01
1.094569E-02,-5.2392468E+00,-5.5269745E-01
1.094897E-02,-5.2416882E+00,-5.4049042E-01
1.095224E-02,-5.2429089E+00,-5.2675751E-01
1.095552E-02,-5.2468762E+00,-5.1401642E-01
1.095880E-02,-5.2487073E+00,-5.0051239E-01
1.096207E-02,-5.2529797E+00,-4.8761871E-01
1.096535E-02,-5.2606091E+00,-4.7358063E-01
1.096863E-02,-5.2609143E+00,-4.5916107E-01
1.097190E-02,-5.2651868E+00,-4.4436005E-01
1.097518E-02,-5.2633557E+00,-4.3123749E-01
1.097846E-02,-5.2676282E+00,-4.1567352E-01
1.098173E-02,-5.2706799E+00,-4.0049103E-01
1.098501E-02,-5.2691541E+00,-3.8462189E-01
1.098829E-02,-5.2627454E+00,-3.6997345E-01
1.099156E-02,-5.2615247E+00,-3.5425690E-01
1.099484E-02,-5.2529797E+00,-3.3899811E-01
1.099812E-02,-5.2548108E+00,-3.2373932E-01
1.100140E-02,-5.2535901E+00,-3.0764130E-01
1.100467E-02,-5.2499280E+00,-2.9108551E-01
1.100795E-02,-5.2499280E+00,-2.7422455E-01
1.101123E-02,-5.2502332E+00,-2.5835541E-01
1.101450E-02,-5.2535901E+00,-2.4202850E-01
1.101778E-02,-5.2511487E+00,-2.2577789E-01
1.102106E-02,-5.2484021E+00,-2.0838287E-01
1.102433E-02,-5.2496228E+00,-1.9182709E-01
1.102761E-02,-5.2480969E+00,-1.7588165E-01
1.103089E-02,-5.2474866E+00,-1.5818146E-01
1.103416E-02,-5.2450452E+00,-1.4093903E-01
1.103744E-02,-5.2474866E+00,-1.2423065E-01
1.104072E-02,-5.2508435E+00,-1.0729340E-01
1.104399E-02,-5.2453503E+00,-9.0661316E-02
1.104727E-02,-5.2468762E+00,-7.3800354E-02
1.105055E-02,-5.2450452E+00,-5.6863098E-02
1.105382E-02,-5.2453503E+00,-3.7942200E-02
1.105710E-02,-5.2422986E+00,-2.0242004E-02
1.106038E-02,-5.2355847E+00,-2.9232788E-03
1.106365E-02,-5.2389417E+00,1.4471741E-02
1.106693E-02,-5.2371106E+00,3.1790466E-02
1.107021E-02,-5.2429089E+00,4.9032898E-02
1.107348E-02,-5.2392468E+00,6.6427917E-02
1.107676E-02,-5.2365002E+00,8.2449646E-02
1.108004E-02,-5.2395520E+00,1.0037872E-01
1.108332E-02,-5.2383313E+00,1.1800262E-01
1.108659E-02,-5.2401624E+00,1.3585541E-01
1.108987E-02,-5.2419934E+00,1.5309784E-01
1.109315E-02,-5.2447400E+00,1.7034027E-01
1.109642E-02,-5.2462659E+00,1.8697235E-01
1.109970E-02,-5.2493176E+00,2.0490143E-01
1.110298E-02,-5.2474866E+00,2.2069427E-01
1.110625E-02,-5.2456555E+00,2.3892853E-01
1.110953E-02,-5.2499280E+00,2.5426361E-01
1.111281E-02,-5.2511487E+00,2.7135345E-01
1.111608E-02,-5.2584729E+00,2.8722260E-01
1.111936E-02,-5.2575574E+00,3.0461761E-01
1.112264E-02,-5.2606091E+00,3.2025787E-01
1.112591E-02,-5.2590833E+00,3.3688995E-01
1.112919E-02,-5.2587781E+00,3.5260651E-01
1.113247E-02,-5.2554211E+00,3.7000153E-01
1.113574E-02,-5.2551160E+00,3.8487885E-01
1.113902E-02,-5.2554211E+00,4.0196869E-01
1.114230E-02,-5.2587781E+00,4.1646454E-01
1.114557E-02,-5.2578625E+00,4.3324921E-01
1.114885E-02,-5.2612195E+00,4.4766876E-01
1.115213E-02,-5.2645764E+00,4.6346161E-01
1.115540E-02,-5.2572522E+00,4.7681305E-01
1.115868E-02,-5.2606091E+00,4.9268219E-01
1.116196E-02,-5.2572522E+00,5.0610992E-01
1.116524E-02,-5.2514539E+00,5.2197906E-01
1.116851E-02,-5.2517590E+00,5.3548309E-01
1.117179E-02,-5.2471814E+00,5.5043671E-01
1.117507E-02,-5.2441296E+00,5.6233856E-01
1.117834E-02,-5.2383313E+00,5.7645294E-01
1.118162E-02,-5.2361951E+00,5.8843109E-01
1.118490E-02,-5.2358899E+00,6.0292694E-01
1.118817E-02,-5.2328381E+00,6.1444733E-01
1.119145E-02,-5.2389417E+00,6.2764618E-01
1.119473E-02,-5.2395520E+00,6.3832733E-01
1.119800E-02,-5.2395520E+00,6.5152618E-01
1.120128E-02,-5.2465710E+00,6.6167328E-01
1.120456E-02,-5.2444348E+00,6.7525360E-01
1.120783E-02,-5.2508435E+00,6.8433258E-01
1.121111E-02,-5.2520642E+00,6.9722626E-01
1.121439E-02,-5.2538953E+00,7.0569489E-01
1.121766E-02,-5.2560315E+00,7.1797821E-01
1.122094E-02,-5.2603040E+00,7.2614166E-01
1.122422E-02,-5.2682385E+00,7.3796722E-01
1.122749E-02,-5.2688489E+00,7.4529144E-01
1.123077E-02,-5.2734265E+00,7.5635406E-01
1.123405E-02,-5.2706799E+00,7.6283905E-01
1.123732E-02,-5.2725110E+00,7.7336761E-01
1.124060E-02,-5.2722058E+00,7.7931854E-01
1.124388E-02,-5.2688489E+00,7.8893158E-01
1.124716E-02,-5.2639661E+00,7.9480621E-01
1.125043E-02,-5.2670178E+00,8.0518219E-01
1.125371E-02,-5.2615247E+00,8.0930206E-01
1.125699E-02,-5.2633557E+00,8.1868622E-01
1.126026E-02,-5.2618298E+00,8.2265350E-01
1.126354E-02,-5.2596936E+00,8.3035919E-01
1.126682E-02,-5.2526746E+00,8.3501312E-01
1.127009E-02,-5.2578625E+00,8.4165070E-01
1.127337E-02,-5.2548108E+00,8.4500763E-01
1.127665E-02,-5.2563367E+00,8.5118744E-01
1.127992E-02,-5.2566418E+00,8.5370514E-01
1.128320E-02,-5.2639661E+00,8.5881683E-01
1.128648E-02,-5.2630505E+00,8.5996124E-01
1.128975E-02,-5.2587781E+00,8.6591217E-01
1.129303E-02,-5.2612195E+00,8.6644623E-01
1.129631E-02,-5.2566418E+00,8.7056610E-01
1.129958E-02,-5.2575574E+00,8.7125275E-01
1.130286E-02,-5.2526746E+00,8.7445709E-01
1.130614E-02,-5.2526746E+00,8.7453339E-01
1.130941E-02,-5.2529797E+00,8.7735626E-01
1.131269E-02,-5.2529797E+00,8.7758514E-01
1.131597E-02,-5.2523694E+00,8.7789032E-01
1.131924E-02,-5.2438245E+00,8.7766144E-01
1.132252E-02,-5.2456555E+00,8.7758514E-01
1.132580E-02,-5.2444348E+00,8.7613556E-01
1.132908E-02,-5.2410779E+00,8.7590668E-01
1.133235E-02,-5.2462659E+00,8.7323639E-01
1.133563E-02,-5.2447400E+00,8.7254974E-01
1.133891E-02,-5.2453503E+00,8.6972687E-01
1.134218E-02,-5.2450452E+00,8.6736176E-01
1.134546E-02,-5.2426038E+00,8.6476776E-01
1.134874E-02,-5.2429089E+00,8.6163971E-01
1.135201E-02,-5.2401624E+00,8.5729095E-01
1.135529E-02,-5.2429089E+00,8.5401031E-01
1.135857E-02,-5.2499280E+00,8.4844086E-01
1.136184E-02,-5.2520642E+00,8.4416840E-01
1.136512E-02,-5.2526746E+00,8.3821747E-01
1.136840E-02,-5.2578625E+00,8.3463165E-01
1.137167E-02,-5.2581677E+00,8.2776520E-01
1.137495E-02,-5.2596936E+00,8.2211945E-01
1.137823E-02,-5.2569470E+00,8.1479523E-01
1.138150E-02,-5.2505383E+00,8.0907318E-01
1.138478E-02,-5.2551160E+00,8.0098602E-01
1.138806E-02,-5.2520642E+00,7.9495880E-01
1.139133E-02,-5.2636609E+00,7.8664276E-01
1.139461E-02,-5.2664075E+00,7.7985260E-01
1.139789E-02,-5.2676282E+00,7.7054474E-01
1.140116E-02,-5.2691541E+00,7.6238129E-01
1.140444E-02,-5.2691541E+00,7.5360748E-01
1.140772E-02,-5.2645764E+00,7.4574921E-01
1.141100E-02,-5.2636609E+00,7.3491547E-01
1.141427E-02,-5.2603040E+00,7.2629425E-01
1.141755E-02,-5.2520642E+00,7.1629974E-01
1.142083E-02,-5.2523694E+00,7.0661041E-01
1.142410E-02,-5.2468762E+00,6.9547150E-01
1.142738E-02,-5.2502332E+00,6.8486664E-01
1.143066E-02,-5.2471814E+00,6.7304108E-01
1.143393E-02,-5.2526746E+00,6.6182587E-01
1.143721E-02,-5.2493176E+00,6.4916107E-01
1.144049E-02,-5.2511487E+00,6.3764069E-01
1.144376E-02,-5.2538953E+00,6.2535736E-01
1.144704E-02,-5.2554211E+00,6.1299774E-01
1.145032E-02,-5.2596936E+00,6.0002777E-01
1.145359E-02,-5.2667126E+00,5.8843109E-01
1.145687E-02,-5.2621350E+00,5.7485077E-01
1.146015E-02,-5.2691541E+00,5.6157562E-01
1.146342E-02,-5.2661023E+00,5.4822418E-01
1.146670E-02,-5.2661023E+00,5.3342316E-01
1.146998E-02,-5.2642712E+00,5.1930878E-01
1.147325E-02,-5.2596936E+00,5.0527069E-01
1.147653E-02,-5.2618298E+00,4.9024078E-01
1.147981E-02,-5.2548108E+00,4.7627899E-01
1.148308E-02,-5.2581677E+00,4.6140167E-01
1.148636E-02,-5.2535901E+00,4.4621918E-01
1.148964E-02,-5.2563367E+00,4.3134186E-01
1.149292E-02,-5.2596936E+00,4.1615936E-01
1.149619E-02,-5.2584729E+00,4.0097687E-01
1.149947E-02,-5.2599988E+00,3.8480255E-01
1.150275E-02,-5.2566418E+00,3.6862823E-01
1.150602E-02,-5.2578625E+00,3.5184357E-01
1.150930E-02,-5.2526746E+00,3.3597443E-01
1.151258E-02,-5.2548108E+00,3.1949493E-01
1.151585E-02,-5.2563367E+00,3.0309174E-01
1.151913E-02,-5.2523694E+00,2.8661224E-01
1.152241E-02,-5.2502332E+00,2.6975128E-01
1.152568E-02,-5.2532849E+00,2.5212738E-01
1.152896E-02,-5.2554211E+00,2.3610565E-01
1.153224E-02,-5.2557263E+00,2.1909210E-01
1.153551E-02,-5.2615247E+00,2.0207855E-01
1.153879E-02,-5.2621350E+00,1.8483612E-01
1.154207E-02,-5.2630505E+00,1.6728851E-01
1.154534E-02,-5.2636609E+00,1.5004608E-01
1.154862E-02,-5.2651868E+00,1.3379547E-01
1.155190E-02,-5.2630505E+00,1.1495087E-01
1.155517E-02,-5.2639661E+00,9.8623962E-02
1.155845E-02,-5.2645764E+00,8.1076355E-02
1.156173E-02,-5.2685437E+00,6.4291687E-02
1.156500E-02,-5.2654919E+00,4.6057434E-02
1.156828E-02,-5.2740369E+00,2.8967590E-02
1.157156E-02,-5.2758679E+00,1.1419983E-02
1.157484E-02,-5.2810559E+00,-6.6616821E-03
1.157811E-02,-5.2780042E+00,-2.4056702E-02
1.158139E-02,-5.2834973E+00,-4.0765076E-02
1.158467E-02,-5.2761731E+00,-5.8846741E-02
1.158794E-02,-5.2700696E+00,-7.5555115E-02
1.159122E-02,-5.2715955E+00,-9.2950134E-02
1.159450E-02,-5.2667126E+00,-1.0935333E-01
1.159777E-02,-5.2654919E+00,-1.2743500E-01
1.160105E-02,-5.2664075E+00,-1.4322784E-01
1.160433E-02,-5.2679333E+00,-1.6146210E-01
1.160760E-02,-5.2691541E+00,-1.7794159E-01
1.161088E-02,-5.2770886E+00,-1.9571808E-01
1.161416E-02,-5.2719006E+00,-2.1112946E-01
1.161743E-02,-5.2758679E+00,-2.2882965E-01
1.162071E-02,-5.2764783E+00,-2.4424103E-01
1.162399E-02,-5.2764783E+00,-2.6163605E-01
1.162726E-02,-5.2795300E+00,-2.7605560E-01
1.163054E-02,-5.2834973E+00,-2.9345062E-01
1.163382E-02,-5.2801404E+00,-3.0916718E-01
1.163709E-02,-5.2862439E+00,-3.2587555E-01
1.164037E-02,-5.2792249E+00,-3.4014252E-01
1.164365E-02,-5.2810559E+00,-3.5662201E-01
1.164692E-02,-5.2728162E+00,-3.7043121E-01
1.165020E-02,-5.2731213E+00,-3.8683441E-01
1.165348E-02,-5.2767834E+00,-4.0071991E-01
1.165676E-02,-5.2709851E+00,-4.1704681E-01
1.166003E-02,-5.2697644E+00,-4.3047455E-01
1.166331E-02,-5.2679333E+00,-4.4565704E-01
1.166659E-02,-5.2651868E+00,-4.5900848E-01
1.166986E-02,-5.2667126E+00,-4.7495392E-01
1.167314E-02,-5.2633557E+00,-4.8685577E-01
1.167642E-02,-5.2627454E+00,-5.0188568E-01
1.167969E-02,-5.2581677E+00,-5.1439789E-01
1.168297E-02,-5.2557263E+00,-5.2919891E-01
1.168625E-02,-5.2548108E+00,-5.4018524E-01
1.168952E-02,-5.2511487E+00,-5.5521515E-01
1.169280E-02,-5.2499280E+00,-5.6673553E-01
1.169608E-02,-5.2416882E+00,-5.7924774E-01
1.169935E-02,-5.2493176E+00,-5.8962372E-01
1.170263E-02,-5.2444348E+00,-6.0266998E-01
1.170591E-02,-5.2548108E+00,-6.1228302E-01
1.170918E-02,-5.2603040E+00,-6.2578705E-01
1.171246E-02,-5.2621350E+00,-6.3494232E-01
1.171574E-02,-5.2603040E+00,-6.4692047E-01
1.171901E-02,-5.2673230E+00,-6.5516022E-01
1.172229E-02,-5.2691541E+00,-6.6744354E-01
1.172557E-02,-5.2679333E+00,-6.7499664E-01
1.172884E-02,-5.2758679E+00,-6.8651703E-01
1.173212E-02,-5.2691541E+00,-6.9422272E-01
1.173540E-02,-5.2639661E+00,-7.0436981E-01
1.173868E-02,-5.2587781E+00,-7.1123627E-01
1.174195E-02,-5.2587781E+00,-7.2115448E-01
1.174523E-02,-5.2511487E+00,-7.2710541E-01
1.174851E-02,-5.2429089E+00,-7.3618439E-01
1.175178E-02,-5.2365002E+00,-7.4114349E-01
1.175506E-02,-5.2343640E+00,-7.4999359E-01
1.175834E-02,-5.2349744E+00,-7.5411346E-01
1.176161E-02,-5.2282605E+00,-7.6204803E-01
1.176489E-02,-5.2282605E+00,-7.6639679E-01
1.176817E-02,-5.2307019E+00,-7.7349213E-01
1.177144E-02,-5.2316174E+00,-7.7608612E-01
1.177472E-02,-5.2313123E+00,-7.8295258E-01
1.177800E-02,-5.2334485E+00,-7.8608063E-01
1.178127E-02,-5.2395520E+00,-7.9241302E-01
1.178455E-02,-5.2456555E+00,-7.9393890E-01
1.178783E-02,-5.2401624E+00,-7.9920319E-01
1.179110E-02,-5.2450452E+00,-8.0088165E-01
1.179438E-02,-5.2554211E+00,-8.0469635E-01
1.179766E-02,-5.2493176E+00,-8.0545929E-01
1.180093E-02,-5.2542004E+00,-8.0950287E-01
1.180421E-02,-5.2639661E+00,-8.0973175E-01
1.180749E-02,-5.2587781E+00,-8.1217316E-01
1.181076E-02,-5.2627454E+00,-8.1224945E-01
1.181404E-02,-5.2615247E+00,-8.1354645E-01
1.181732E-02,-5.1058850E+00,-8.1484344E-01
1.182060E-02,-5.1119885E+00,-8.1446198E-01
1.182387E-02,-5.1168713E+00,-8.1430939E-01
1.182715E-02,-5.1150403E+00,-8.1247833E-01
1.183043E-02,-5.1141248E+00,-8.1270721E-01
1.183370E-02,-5.1150403E+00,-8.1064728E-01
1.183698E-02,-5.1113782E+00,-8.1018951E-01
1.184026E-02,-5.1107678E+00,-8.0652740E-01
1.184353E-02,-5.1110730E+00,-8.0454376E-01
1.184681E-02,-5.1132092E+00,-8.0080536E-01
1.185009E-02,-5.1159558E+00,-7.9889801E-01
1.185336E-02,-5.1095471E+00,-7.9355743E-01
1.185664E-02,-5.1138196E+00,-7.9050568E-01
1.185992E-02,-5.1092419E+00,-7.8470734E-01
1.186319E-02,-5.1092419E+00,-7.8180817E-01
1.186647E-02,-5.1034436E+00,-7.7570465E-01
1.186975E-02,-5.0979504E+00,-7.7173737E-01
1.187302E-02,-5.0927625E+00,-7.6471832E-01
1.187630E-02,-5.0930676E+00,-7.6082733E-01
1.187958E-02,-5.0939832E+00,-7.5335052E-01
1.188285E-02,-5.0933728E+00,-7.4800995E-01
1.188613E-02,-5.0942883E+00,-7.3900726E-01
1.188941E-02,-5.0945935E+00,-7.3374298E-01
1.189268E-02,-5.0945935E+00,-7.2451141E-01
1.189596E-02,-5.1019177E+00,-7.1802643E-01
1.189924E-02,-5.1000867E+00,-7.0864227E-01
1.190252E-02,-5.1049695E+00,-7.0223358E-01
1.190579E-02,-5.1003918E+00,-6.9086578E-01
1.190907E-02,-5.1031384E+00,-6.8316010E-01
1.191235E-02,-5.0958142E+00,-6.7141083E-01
1.191562E-02,-5.1040540E+00,-6.6431549E-01
1.191890E-02,-5.0997815E+00,-6.5180328E-01
1.192218E-02,-5.0961194E+00,-6.4226654E-01
1.192545E-02,-5.1006970E+00,-6.3044098E-01
1.192873E-02,-5.0955090E+00,-6.2204865E-01
1.193201E-02,-5.0933728E+00,-6.0831573E-01
1.193528E-02,-5.0939832E+00,-5.9847382E-01
1.193856E-02,-5.0997815E+00,-5.8489349E-01
1.194184E-02,-5.0985608E+00,-5.7451752E-01
1.194511E-02,-5.1019177E+00,-5.6101349E-01
1.194839E-02,-5.1025281E+00,-5.5094269E-01
1.195167E-02,-5.1049695E+00,-5.3553131E-01
1.195494E-02,-5.1107678E+00,-5.2500275E-01
1.195822E-02,-5.1074109E+00,-5.1020172E-01
1.196150E-02,-5.1040540E+00,-4.9829987E-01
1.196477E-02,-5.1052747E+00,-4.8212555E-01
1.196805E-02,-5.0997815E+00,-4.7007111E-01
1.197133E-02,-5.1095471E+00,-4.5336273E-01
1.197460E-02,-5.1080212E+00,-4.4176605E-01
1.197788E-02,-5.1116833E+00,-4.2528656E-01
1.198116E-02,-5.1089368E+00,-4.1185883E-01
1.198444E-02,-5.1080212E+00,-3.9652374E-01
1.198771E-02,-5.1049695E+00,-3.8240936E-01
1.199099E-02,-5.1061902E+00,-3.6524323E-01
1.199427E-02,-5.1098523E+00,-3.5105255E-01
1.199754E-02,-5.1122937E+00,-3.3503082E-01
1.200082E-02,-5.1241956E+00,-3.2000092E-01
1.200410E-02,-5.1229749E+00,-3.0329254E-01
1.200737E-02,-5.1223645E+00,-2.8780487E-01
1.201065E-02,-5.1208386E+00,-2.7040985E-01
1.201393E-02,-5.1138196E+00,-2.5522736E-01
1.201720E-02,-5.1113782E+00,-2.3729828E-01
1.202048E-02,-5.1077161E+00,-2.2226837E-01
1.202376E-02,-5.1068005E+00,-2.0441559E-01
1.202703E-02,-5.1046643E+00,-1.8923309E-01
1.203031E-02,-5.1019177E+00,-1.7145660E-01
1.203359E-02,-5.0918469E+00,-1.5543488E-01
1.203686E-02,-5.0930676E+00,-1.3712433E-01
1.204014E-02,-5.0881848E+00,-1.2117889E-01
1.204342E-02,-5.0860486E+00,-1.0324982E-01
1.204669E-02,-5.0802502E+00,-8.6617737E-02
1.204997E-02,-5.0784192E+00,-6.8002014E-02
1.205325E-02,-5.0765881E+00,-5.2056580E-02
1.205652E-02,-5.0723157E+00,-3.3669739E-02
1.205980E-02,-5.0729260E+00,-1.6503601E-02
1.206308E-02,-5.0781140E+00,1.6543579E-03
1.206636E-02,-5.0784192E+00,1.8362732E-02
1.206963E-02,-5.0762830E+00,3.6291809E-02
1.207291E-02,-5.0729260E+00,5.2313538E-02
1.207619E-02,-5.0796399E+00,6.9555969E-02
1.207946E-02,-5.0790295E+00,8.6264343E-02
1.208274E-02,-5.0814709E+00,1.0495636E-01
1.208602E-02,-5.0817761E+00,1.2204620E-01
1.208929E-02,-5.0817761E+00,1.4035675E-01
1.209257E-02,-5.0833020E+00,1.5637848E-01
1.209585E-02,-5.0848279E+00,1.7446014E-01
1.209912E-02,-5.0872693E+00,1.9086334E-01
1.210240E-02,-5.0872693E+00,2.0848724E-01
1.210568E-02,-5.0924573E+00,2.2450897E-01
1.210895E-02,-5.0955090E+00,2.4190399E-01
1.211223E-02,-5.0958142E+00,2.5876495E-01
1.211551E-02,-5.0994763E+00,2.7562592E-01
1.211878E-02,-5.0964246E+00,2.9149506E-01
1.212206E-02,-5.0961194E+00,3.0896637E-01
1.212534E-02,-5.0936780E+00,3.2460663E-01
1.212861E-02,-5.0930676E+00,3.4223053E-01
1.213189E-02,-5.0924573E+00,3.5802338E-01
1.213517E-02,-5.0915417E+00,3.7435028E-01
1.213844E-02,-5.0894055E+00,3.8976166E-01
1.214172E-02,-5.0967297E+00,4.0639374E-01
1.214500E-02,-5.0942883E+00,4.2119476E-01
1.214828E-02,-5.1040540E+00,4.3675873E-01
1.215155E-02,-5.0994763E+00,4.5171234E-01
1.215483E-02,-5.0967297E+00,4.6651337E-01
1.215811E-02,-5.1037488E+00,4.8062775E-01
1.216138E-02,-5.1040540E+00,4.9558136E-01
1.216466E-02,-5.1077161E+00,5.0954315E-01
1.216794E-02,-5.1040540E+00,5.2518341E-01
1.217121E-02,-5.1006970E+00,5.3807709E-01
1.217449E-02,-5.1034436E+00,5.5257294E-01
1.217777E-02,-5.1061902E+00,5.6531403E-01
1.218104E-02,-5.1019177E+00,5.7874176E-01
1.218432E-02,-5.1080212E+00,5.9155914E-01
1.218760E-02,-5.1083264E+00,6.0483429E-01
1.219087E-02,-5.1110730E+00,6.1650726E-01
1.219415E-02,-5.1129041E+00,6.2894318E-01
1.219743E-02,-5.1083264E+00,6.4122650E-01
1.220070E-02,-5.1089368E+00,6.5366241E-01
1.220398E-02,-5.1092419E+00,6.6533539E-01
1.220726E-02,-5.1083264E+00,6.7647430E-01
1.221053E-02,-5.1080212E+00,6.8761322E-01
1.221381E-02,-5.1058850E+00,6.9806549E-01
1.221709E-02,-5.1031384E+00,7.0958588E-01
1.222036E-02,-5.1055798E+00,7.1950409E-01
1.222364E-02,-5.0988660E+00,7.2911713E-01
1.222692E-02,-5.0976453E+00,7.3880646E-01
1.223020E-02,-5.0924573E+00,7.4819061E-01
1.223347E-02,-5.0918469E+00,7.5787994E-01
1.223675E-02,-5.0869641E+00,7.6634857E-01
1.224003E-02,-5.0887952E+00,7.7466461E-01
1.224330E-02,-5.0894055E+00,7.8244659E-01
1.224658E-02,-5.0912366E+00,7.8977081E-01
1.224986E-02,-5.0875745E+00,7.9740021E-01
1.225313E-02,-5.0891003E+00,8.0388519E-01
1.225641E-02,-5.0918469E+00,8.1120941E-01
1.225969E-02,-5.0918469E+00,8.1830475E-01
1.226296E-02,-5.0961194E+00,8.2517120E-01
1.226624E-02,-5.0976453E+00,8.3112213E-01
1.226952E-02,-5.0958142E+00,8.3737823E-01
1.227279E-02,-5.0961194E+00,8.4165070E-01
1.227607E-02,-5.0952039E+00,8.4676239E-01
1.227935E-02,-5.0918469E+00,8.5103485E-01
1.228262E-02,-5.0906262E+00,8.5576508E-01
1.228590E-02,-5.0912366E+00,8.5912201E-01
1.228918E-02,-5.0881848E+00,8.6255524E-01
1.229245E-02,-5.0927625E+00,8.6431000E-01
1.229573E-02,-5.0872693E+00,8.6751434E-01
1.229901E-02,-5.0909314E+00,8.6980316E-01
1.230228E-02,-5.0958142E+00,8.7262604E-01
1.230556E-02,-5.0924573E+00,8.7453339E-01
1.230884E-02,-5.0945935E+00,8.7567780E-01
1.231212E-02,-5.0988660E+00,8.7537262E-01
1.231539E-02,-5.0961194E+00,8.7605927E-01
1.231867E-02,-5.0994763E+00,8.7552521E-01
1.232195E-02,-5.0979504E+00,8.7743256E-01
1.232522E-02,-5.0955090E+00,8.7552521E-01
1.232850E-02,-5.0927625E+00,8.7552521E-01
1.233178E-02,-5.0936780E+00,8.7361786E-01
1.233505E-02,-5.0875745E+00,8.7285492E-01
1.233833E-02,-5.0897107E+00,8.6919281E-01
1.234161E-02,-5.0820813E+00,8.6888763E-01
1.234488E-02,-5.0900159E+00,8.6507294E-01
1.234816E-02,-5.0829968E+00,8.6286041E-01
1.235144E-02,-5.0839124E+00,8.5881683E-01
1.235471E-02,-5.0894055E+00,8.5690948E-01
1.235799E-02,-5.0820813E+00,8.5126373E-01
1.236127E-02,-5.0839124E+00,8.4882233E-01
1.236454E-02,-5.0842175E+00,8.4264252E-01
1.236782E-02,-5.0808606E+00,8.3920929E-01
1.237110E-02,-5.0881848E+00,8.3142731E-01
1.237437E-02,-5.0906262E+00,8.2730743E-01
1.237765E-02,-5.0985608E+00,8.1944916E-01
1.238093E-02,-5.1028333E+00,8.1410858E-01
1.238420E-02,-5.1129041E+00,8.0518219E-01
1.238748E-02,-5.1132092E+00,7.9946014E-01
1.239076E-02,-5.1162610E+00,7.9083893E-01
1.239404E-02,-5.1138196E+00,7.8496429E-01
1.239731E-02,-5.1150403E+00,7.7573273E-01
1.240059E-02,-5.1055798E+00,7.6947662E-01
1.240387E-02,-5.1022229E+00,7.5864288E-01
1.240714E-02,-5.0997815E+00,7.5223419E-01
1.241042E-02,-5.1061902E+00,7.4002716E-01
1.241370E-02,-5.1101575E+00,7.3232147E-01
1.241697E-02,-5.1083264E+00,7.2041962E-01
1.242025E-02,-5.1107678E+00,7.1225616E-01
1.242353E-02,-5.1122937E+00,6.9982025E-01
1.242680E-02,-5.1171765E+00,6.9127533E-01
1.243008E-02,-5.1180920E+00,6.7792389E-01
1.243336E-02,-5.1196179E+00,6.6823456E-01
1.243663E-02,-5.1272473E+00,6.5427277E-01
1.243991E-02,-5.1251111E+00,6.4542267E-01
1.244319E-02,-5.1238904E+00,6.3146088E-01
1.244646E-02,-5.1214490E+00,6.2207672E-01
1.244974E-02,-5.1318250E+00,6.0765717E-01
1.245302E-02,-5.1312146E+00,5.9628937E-01
1.245629E-02,-5.1357922E+00,5.8141205E-01
1.245957E-02,-5.1354871E+00,5.7080719E-01
1.246285E-02,-5.1324353E+00,5.5516693E-01
1.246612E-02,-5.1333508E+00,5.4402802E-01
1.246940E-02,-5.1412854E+00,5.2754852E-01
1.247268E-02,-5.1428113E+00,5.1503632E-01
1.247596E-02,-5.1409802E+00,4.9901459E-01
1.247923E-02,-5.1403699E+00,4.8634979E-01
1.248251E-02,-5.1400647E+00,4.6979401E-01
1.248579E-02,-5.1357922E+00,4.5697662E-01
1.248906E-02,-5.1354871E+00,4.3950531E-01
1.249234E-02,-5.1275525E+00,4.2584869E-01
1.249562E-02,-5.1266370E+00,4.0891144E-01
1.249889E-02,-5.1238904E+00,3.9449188E-01
1.250217E-02,-5.1269421E+00,3.7732574E-01
1.250545E-02,-5.1278577E+00,3.6344025E-01
1.250872E-02,-5.1263318E+00,3.4551117E-01
1.251200E-02,-5.1284680E+00,3.3040497E-01
1.251528E-02,-5.1348767E+00,3.1224701E-01
1.251855E-02,-5.1263318E+00,2.9752228E-01
1.252183E-02,-5.1235852E+00,2.7913544E-01
1.252511E-02,-5.1202283E+00,2.6326630E-01
1.252838E-02,-5.1235852E+00,2.4587128E-01
1.253166E-02,-5.1125989E+00,2.3038361E-01
1.253494E-02,-5.1129041E+00,2.1207306E-01
1.253821E-02,-5.1101575E+00,1.9605133E-01
1.254149E-02,-5.1055798E+00,1.7804596E-01
1.254477E-02,-5.1095471E+00,1.6202423E-01
1.254804E-02,-5.1156506E+00,1.4447662E-01
1.255132E-02,-5.1174817E+00,1.2685272E-01
1.255460E-02,-5.1223645E+00,1.0869476E-01
1.255788E-02,-5.1226697E+00,9.2444153E-02
1.256115E-02,-5.1330457E+00,7.3675842E-02
1.256443E-02,-5.1293835E+00,5.7806702E-02
1.256771E-02,-5.1296887E+00,3.9648743E-02
1.257098E-02,-5.1199231E+00,2.3474426E-02
1.257426E-02,-5.1162610E+00,5.0875854E-03
1.257754E-02,-5.1113782E+00,-1.0934143E-02
1.258081E-02,-5.1089368E+00,-2.9626160E-02
1.258409E-02,-5.1019177E+00,-4.5876770E-02
1.258737E-02,-5.1058850E+00,-6.4111023E-02
1.259064E-02,-5.1080212E+00,-8.1200867E-02
1.259392E-02,-5.1089368E+00,-9.8748474E-02
1.259720E-02,-5.1113782E+00,-1.1515167E-01
1.260047E-02,-5.1129041E+00,-1.3300446E-01
1.260375E-02,-5.1165662E+00,-1.4856842E-01
1.260703E-02,-5.1156506E+00,-1.6695526E-01
1.261030E-02,-5.1159558E+00,-1.8244293E-01
1.261358E-02,-5.1089368E+00,-2.0075348E-01
1.261686E-02,-5.1077161E+00,-2.1662262E-01
1.262013E-02,-5.1068005E+00,-2.3302582E-01
1.262341E-02,-5.1052747E+00,-2.4904755E-01
1.262669E-02,-5.1022229E+00,-2.6575592E-01
1.262996E-02,-5.1043591E+00,-2.8154877E-01
1.263324E-02,-5.1061902E+00,-2.9856232E-01
1.263652E-02,-5.1019177E+00,-3.1404999E-01
1.263980E-02,-5.1055798E+00,-3.3045319E-01
1.264307E-02,-5.1022229E+00,-3.4555939E-01
1.264635E-02,-5.1055798E+00,-3.6104706E-01
1.264963E-02,-5.1064954E+00,-3.7569550E-01
1.265290E-02,-5.1058850E+00,-3.9232758E-01
1.265618E-02,-5.1116833E+00,-4.0651825E-01
1.265946E-02,-5.1107678E+00,-4.2154816E-01
1.266273E-02,-5.1122937E+00,-4.3573883E-01
1.266601E-02,-5.1083264E+00,-4.5046356E-01
1.266929E-02,-5.1159558E+00,-4.6450165E-01
1.267256E-02,-5.1138196E+00,-4.7960785E-01
1.267584E-02,-5.1165662E+00,-4.9250153E-01
1.267912E-02,-5.1196179E+00,-5.0730255E-01
1.268239E-02,-5.1211438E+00,-5.2011993E-01
1.268567E-02,-5.1248059E+00,-5.3324249E-01
1.268895E-02,-5.1281628E+00,-5.4537323E-01
1.269222E-02,-5.1306042E+00,-5.5872467E-01
1.269550E-02,-5.1351819E+00,-5.7093170E-01
1.269878E-02,-5.1330457E+00,-5.8359650E-01
1.270205E-02,-5.1388440E+00,-5.9511688E-01
1.270533E-02,-5.1333508E+00,-6.0648468E-01
1.270861E-02,-5.1406750E+00,-6.1800507E-01
1.271188E-02,-5.1342664E+00,-6.2876251E-01
1.271516E-02,-5.1336560E+00,-6.3974884E-01
1.271844E-02,-5.1306042E+00,-6.5027740E-01
1.272172E-02,-5.1306042E+00,-6.6111115E-01
1.272499E-02,-5.1260266E+00,-6.7003754E-01
1.272827E-02,-5.1229749E+00,-6.7934540E-01
1.273155E-02,-5.1168713E+00,-6.8872955E-01
1.273482E-02,-5.1132092E+00,-6.9895294E-01
1.273810E-02,-5.1077161E+00,-7.0711639E-01
1.274138E-02,-5.1028333E+00,-7.1566132E-01
1.274465E-02,-5.1006970E+00,-7.2359589E-01
1.274793E-02,-5.1019177E+00,-7.3137787E-01
1.275121E-02,-5.0912366E+00,-7.3877838E-01
1.275448E-02,-5.0909314E+00,-7.4526337E-01
1.275776E-02,-5.0970349E+00,-7.5197723E-01
1.276104E-02,-5.0921521E+00,-7.5861481E-01
1.276431E-02,-5.1040540E+00,-7.6387909E-01
1.276759E-02,-5.1046643E+00,-7.7036407E-01
1.277087E-02,-5.1025281E+00,-7.7555206E-01
1.277414E-02,-5.1101575E+00,-7.8043488E-01
1.277742E-02,-5.1086316E+00,-7.8516510E-01
1.278070E-02,-5.1064954E+00,-7.9020050E-01
1.278397E-02,-5.1110730E+00,-7.9348114E-01
1.278725E-02,-5.1132092E+00,-7.9813507E-01
1.279053E-02,-5.1162610E+00,-8.0088165E-01
1.279380E-02,-5.1205334E+00,-8.0492523E-01
1.279708E-02,-5.1205334E+00,-8.0690887E-01
1.280036E-02,-5.1232800E+00,-8.0919769E-01
1.280364E-02,-5.1232800E+00,-8.1079987E-01
1.280691E-02,-5.1266370E+00,-8.1354645E-01
1.281019E-02,-5.1281628E+00,-8.1369904E-01
1.281347E-02,-5.1354871E+00,-8.1568268E-01
1.281674E-02,-5.1342664E+00,-8.1453827E-01
1.282002E-02,-5.1348767E+00,-8.1583527E-01
1.282330E-02,-5.1309094E+00,-8.1461456E-01
1.282657E-02,-5.1299939E+00,-8.1522491E-01
1.282985E-02,-5.1281628E+00,-8.1270721E-01
1.283313E-02,-5.1226697E+00,-8.1339386E-01
1.283640E-02,-5.1251111E+00,-8.0935028E-01
1.283968E-02,-5.1165662E+00,-8.0858734E-01
1.284296E-02,-5.1147351E+00,-8.0446747E-01
1.284623E-02,-5.1110730E+00,-8.0332306E-01
1.284951E-02,-5.1083264E+00,-7.9920319E-01
1.285279E-02,-5.1135144E+00,-7.9676178E-01
1.285606E-02,-5.1226697E+00,-7.9210785E-01
1.285934E-02,-5.1196179E+00,-7.8920868E-01
1.286262E-02,-5.1238904E+00,-7.8279999E-01
1.286589E-02,-5.1245007E+00,-7.7959564E-01
1.286917E-02,-5.1235852E+00,-7.7349213E-01
1.287245E-02,-5.1238904E+00,-7.6891449E-01
1.287572E-02,-5.1217542E+00,-7.6097992E-01
1.287900E-02,-5.1217542E+00,-7.5708893E-01
1.288228E-02,-5.1199231E+00,-7.4884918E-01
1.288556E-02,-5.1205334E+00,-7.4358490E-01
1.288883E-02,-5.1135144E+00,-7.3473480E-01
1.289211E-02,-5.1180920E+00,-7.2847870E-01
1.289539E-02,-5.1132092E+00,-7.1924713E-01
1.289866E-02,-5.1171765E+00,-7.1260956E-01
1.290194E-02,-5.1183972E+00,-7.0177582E-01
1.290522E-02,-5.1235852E+00,-6.9536713E-01
1.290849E-02,-5.1232800E+00,-6.8430450E-01
1.291177E-02,-5.1205334E+00,-6.7644623E-01
1.291505E-02,-5.1177869E+00,-6.6484955E-01
1.291832E-02,-5.1150403E+00,-6.5706757E-01
1.292160E-02,-5.1168713E+00,-6.4425018E-01
1.292488E-02,-5.1162610E+00,-6.3532379E-01
1.292815E-02,-5.1183972E+00,-6.2159088E-01
1.293143E-02,-5.1180920E+00,-6.1350372E-01
1.293471E-02,-5.1211438E+00,-5.9992340E-01
1.293798E-02,-5.1217542E+00,-5.9107330E-01
1.294126E-02,-5.1223645E+00,-5.7718781E-01
1.294454E-02,-5.1293835E+00,-5.6673553E-01
1.294781E-02,-5.1309094E+00,-5.5162933E-01
1.295109E-02,-5.1296887E+00,-5.4087189E-01
1.295437E-02,-5.1330457E+00,-5.2675751E-01
1.295764E-02,-5.1360974E+00,-5.1569489E-01
1.296092E-02,-5.1376233E+00,-4.9967316E-01
1.296420E-02,-5.1376233E+00,-4.8792389E-01
1.296748E-02,-5.1342664E+00,-4.7251251E-01
1.297075E-02,-5.1336560E+00,-4.5900848E-01
1.297403E-02,-5.1309094E+00,-4.4359711E-01
1.297731E-02,-5.1290784E+00,-4.3062714E-01
1.298058E-02,-5.1241956E+00,-4.1391876E-01
1.298386E-02,-5.1248059E+00,-4.0087250E-01
1.298714E-02,-5.1235852E+00,-3.8294342E-01
1.299041E-02,-5.1220593E+00,-3.7035492E-01
1.299369E-02,-5.1174817E+00,-3.5265472E-01
1.299697E-02,-5.1183972E+00,-3.3884552E-01
1.300024E-02,-5.1183972E+00,-3.2198456E-01
1.300352E-02,-5.1208386E+00,-3.0748871E-01
1.300680E-02,-5.1199231E+00,-2.8925446E-01
1.301007E-02,-5.1248059E+00,-2.7460602E-01
1.301335E-02,-5.1257214E+00,-2.5667694E-01
1.301663E-02,-5.1248059E+00,-2.4172333E-01
1.301990E-02,-5.1376233E+00,-2.2417572E-01
1.302318E-02,-5.1357922E+00,-2.0906952E-01
1.302646E-02,-5.1327405E+00,-1.9106415E-01
1.302973E-02,-5.1339612E+00,-1.7488983E-01
1.303301E-02,-5.1333508E+00,-1.5741852E-01
1.303629E-02,-5.1302991E+00,-1.4109161E-01
1.303956E-02,-5.1278577E+00,-1.2308624E-01
1.304284E-02,-5.1254163E+00,-1.0729340E-01
1.304612E-02,-5.1281628E+00,-8.9059143E-02
1.304940E-02,-5.1257214E+00,-7.2884827E-02
1.305267E-02,-5.1229749E+00,-5.5108337E-02
1.305595E-02,-5.1214490E+00,-3.8247375E-02
1.305923E-02,-5.1199231E+00,-2.0013123E-02
1.306250E-02,-5.1183972E+00,-3.6099243E-03
1.306578E-02,-5.1220593E+00,1.5158386E-02
1.306906E-02,-5.1147351E+00,3.0722351E-02
1.307233E-02,-5.1220593E+00,4.9261780E-02
1.307561E-02,-5.1223645E+00,6.4596863E-02
1.307889E-02,-5.1272473E+00,8.4051819E-02
1.308216E-02,-5.1351819E+00,1.0037872E-01
1.308544E-02,-5.1309094E+00,1.1800262E-01
1.308872E-02,-5.1345715E+00,1.3493988E-01
1.309199E-02,-5.1339612E+00,1.5271637E-01
1.309527E-02,-5.1327405E+00,1.6988251E-01
1.309855E-02,-5.1394543E+00,1.8743011E-01
1.310182E-02,-5.1321301E+00,2.0375702E-01
1.310510E-02,-5.1333508E+00,2.2138092E-01
1.310838E-02,-5.1302991E+00,2.3862335E-01
1.311165E-02,-5.1348767E+00,2.5586578E-01
1.311493E-02,-5.1324353E+00,2.7204010E-01
1.311821E-02,-5.1293835E+00,2.8996918E-01
1.312148E-02,-5.1257214E+00,3.0522797E-01
1.312476E-02,-5.1281628E+00,3.2254669E-01
1.312804E-02,-5.1281628E+00,3.3894989E-01
1.313132E-02,-5.1324353E+00,3.5565826E-01
1.313459E-02,-5.1321301E+00,3.7167999E-01
1.313787E-02,-5.1315198E+00,3.8800690E-01
1.314115E-02,-5.1309094E+00,4.0326569E-01
1.314442E-02,-5.1281628E+00,4.1913483E-01
1.314770E-02,-5.1245007E+00,4.3515656E-01
1.315098E-02,-5.1217542E+00,4.5079681E-01
1.315425E-02,-5.1174817E+00,4.6491119E-01
1.315753E-02,-5.1196179E+00,4.8055145E-01
1.316081E-02,-5.1177869E+00,4.9481842E-01
1.316408E-02,-5.1129041E+00,5.1030609E-01
1.316736E-02,-5.1196179E+00,5.2396271E-01
1.317064E-02,-5.1229749E+00,5.3830597E-01
1.317391E-02,-5.1190076E+00,5.5211517E-01
1.317719E-02,-5.1202283E+00,5.6539032E-01
1.318047E-02,-5.1168713E+00,5.7858917E-01
1.318374E-02,-5.1177869E+00,5.9148285E-01
1.318702E-02,-5.1205334E+00,6.0422394E-01
1.319030E-02,-5.1190076E+00,6.1704132E-01
1.319357E-02,-5.1141248E+00,6.2886688E-01
1.319685E-02,-5.1187024E+00,6.4176056E-01
1.320013E-02,-5.1208386E+00,6.5305206E-01
1.320340E-02,-5.1226697E+00,6.6419098E-01
1.320668E-02,-5.1235852E+00,6.7670319E-01
1.320996E-02,-5.1205334E+00,6.8738434E-01
1.321324E-02,-5.1174817E+00,6.9829437E-01
1.321651E-02,-5.1217542E+00,7.0867035E-01
1.321979E-02,-5.1202283E+00,7.1935150E-01
1.322307E-02,-5.1223645E+00,7.2835419E-01
1.322634E-02,-5.1241956E+00,7.3842499E-01
1.322962E-02,-5.1257214E+00,7.4803802E-01
1.323290E-02,-5.1220593E+00,7.5658295E-01
1.323617E-02,-5.1199231E+00,7.6528046E-01
1.323945E-02,-5.1165662E+00,7.7382538E-01
1.324273E-02,-5.1116833E+00,7.8237030E-01
1.324600E-02,-5.1068005E+00,7.9030487E-01
1.324928E-02,-5.1061902E+00,7.9770538E-01
1.325256E-02,-5.0958142E+00,8.0502960E-01
1.325583E-02,-5.0991711E+00,8.1166718E-01
1.325911E-02,-5.0985608E+00,8.1876251E-01
1.326239E-02,-5.0994763E+00,8.2517120E-01
1.326566E-02,-5.1013074E+00,8.3058807E-01
1.326894E-02,-5.1019177E+00,8.3608124E-01
1.327222E-02,-5.1129041E+00,8.4165070E-01
1.327549E-02,-5.1199231E+00,8.4569427E-01
1.327877E-02,-5.1232800E+00,8.5072968E-01
1.328205E-02,-5.1254163E+00,8.5378143E-01
1.328532E-02,-5.1275525E+00,8.5881683E-01
1.328860E-02,-5.1339612E+00,8.6141083E-01
1.329188E-02,-5.1299939E+00,8.6537811E-01
1.329516E-02,-5.1345715E+00,8.6728546E-01
1.329843E-02,-5.1376233E+00,8.7018463E-01
1.330171E-02,-5.1348767E+00,8.7110016E-01
1.330499E-02,-5.1333508E+00,8.7377045E-01
1.330826E-02,-5.1287732E+00,8.7399933E-01
1.331154E-02,-5.1251111E+00,8.7644073E-01
1.331482E-02,-5.1241956E+00,8.7689850E-01
1.331809E-02,-5.1214490E+00,8.7850067E-01
1.332137E-02,-5.1229749E+00,8.7743256E-01
1.332465E-02,-5.1238904E+00,8.7720367E-01
1.332792E-02,-5.1269421E+00,8.7560150E-01
1.333120E-02,-5.1278577E+00,8.7483856E-01
1.333448E-02,-5.1309094E+00,8.7300751E-01
1.333775E-02,-5.1321301E+00,8.7148163E-01
1.334103E-02,-5.1278577E+00,8.6850616E-01
1.334431E-02,-5.1354871E+00,8.6759064E-01
1.334758E-02,-5.1364026E+00,8.6347076E-01
1.335086E-02,-5.1299939E+00,8.6171600E-01
1.335414E-02,-5.1339612E+00,8.5622284E-01
1.335741E-02,-5.1299939E+00,8.5401031E-01
1.336069E-02,-5.1364026E+00,8.4790680E-01
1.336397E-02,-5.1348767E+00,8.4500763E-01
1.336724E-02,-5.1290784E+00,8.3798859E-01
1.337052E-02,-5.1327405E+00,8.3501312E-01
1.337380E-02,-5.1306042E+00,8.2654449E-01
1.337708E-02,-5.1302991E+00,8.2250092E-01
1.338035E-02,-5.1266370E+00,8.1433746E-01
1.338363E-02,-5.1232800E+00,8.0975983E-01
1.338691E-02,-5.1220593E+00,8.0098602E-01
1.339018E-02,-5.1199231E+00,7.9541656E-01
1.339346E-02,-5.1217542E+00,7.8656647E-01
1.339674E-02,-5.1162610E+00,7.8008148E-01
1.340001E-02,-5.1205334E+00,7.6993439E-01
1.340329E-02,-5.1165662E+00,7.6352570E-01
1.340657E-02,-5.1144299E+00,7.5215790E-01
1.340984E-02,-5.1162610E+00,7.4582550E-01
1.341312E-02,-5.1171765E+00,7.3476288E-01
1.341640E-02,-5.1278577E+00,7.2614166E-01
1.341967E-02,-5.1357922E+00,7.1385834E-01
1.342295E-02,-5.1507458E+00,7.0554230E-01
1.342623E-02,-5.1565442E+00,6.9211456E-01
1.342950E-02,-5.1599011E+00,6.8273041E-01
1.343278E-02,-5.1629529E+00,6.6976044E-01
1.343606E-02,-5.1620374E+00,6.6075775E-01
1.343933E-02,-5.1626477E+00,6.4641449E-01
1.344261E-02,-5.1574597E+00,6.3619110E-01
1.344589E-02,-5.1611218E+00,6.2283966E-01
1.344916E-02,-5.1519666E+00,6.1215851E-01
1.345244E-02,-5.1522717E+00,5.9766266E-01
1.345572E-02,-5.1486096E+00,5.8682892E-01
1.345900E-02,-5.1498303E+00,5.7149384E-01
1.346227E-02,-5.1486096E+00,5.6058380E-01
1.346555E-02,-5.1425061E+00,5.4486725E-01
1.346883E-02,-5.1449475E+00,5.3304169E-01
1.347210E-02,-5.1415906E+00,5.1663849E-01
1.347538E-02,-5.1458630E+00,5.0450775E-01
1.347866E-02,-5.1400647E+00,4.8856232E-01
1.348193E-02,-5.1330457E+00,4.7528717E-01
1.348521E-02,-5.1266370E+00,4.5941803E-01
1.348849E-02,-5.1202283E+00,4.4606659E-01
1.349176E-02,-5.1162610E+00,4.2966339E-01
1.349504E-02,-5.1098523E+00,4.1554901E-01
1.349832E-02,-5.1074109E+00,3.9960358E-01
1.350159E-02,-5.1129041E+00,3.8381073E-01
1.350487E-02,-5.1107678E+00,3.6633942E-01
1.350815E-02,-5.1171765E+00,3.5199615E-01
1.351142E-02,-5.1101575E+00,3.3483002E-01
1.351470E-02,-5.1177869E+00,3.1827423E-01
1.351798E-02,-5.1266370E+00,3.0095551E-01
1.352125E-02,-5.1278577E+00,2.8539154E-01
1.352453E-02,-5.1318250E+00,2.6799652E-01
1.352781E-02,-5.1275525E+00,2.5144073E-01
1.353108E-02,-5.1290784E+00,2.3320648E-01
1.353436E-02,-5.1312146E+00,2.1710846E-01
1.353764E-02,-5.1397595E+00,1.9872162E-01
1.354092E-02,-5.1434216E+00,1.8277618E-01
1.354419E-02,-5.1498303E+00,1.6431305E-01
1.354747E-02,-5.1473889E+00,1.4821503E-01
1.355075E-02,-5.1522717E+00,1.3013336E-01
1.355402E-02,-5.1522717E+00,1.1380646E-01
1.355730E-02,-5.1492200E+00,9.5267029E-02
1.356058E-02,-5.1495251E+00,7.9169006E-02
1.356385E-02,-5.1452527E+00,6.0858459E-02
1.356713E-02,-5.1461682E+00,4.5218201E-02
1.357041E-02,-5.1409802E+00,2.6449890E-02
1.357368E-02,-5.1437268E+00,1.0122986E-02
1.357696E-02,-5.1479993E+00,-8.5690308E-03
1.358024E-02,-5.1562390E+00,-2.5429993E-02
1.358351E-02,-5.1531873E+00,-4.4045715E-02
1.358679E-02,-5.1507458E+00,-6.0448914E-02
1.359007E-02,-5.1525769E+00,-7.8377991E-02
1.359334E-02,-5.1495251E+00,-9.4552307E-02
1.359662E-02,-5.1544080E+00,-1.1225250E-01
1.359990E-02,-5.1534924E+00,-1.2857941E-01
1.360317E-02,-5.1400647E+00,-1.4681366E-01
1.360645E-02,-5.1446423E+00,-1.6344574E-01
1.360973E-02,-5.1330457E+00,-1.8007782E-01
1.361300E-02,-5.1321301E+00,-1.9564178E-01
1.361628E-02,-5.1275525E+00,-2.1273163E-01
1.361956E-02,-5.1245007E+00,-2.2860077E-01
1.362284E-02,-5.1220593E+00,-2.4530914E-01
1.362611E-02,-5.1214490E+00,-2.6072052E-01
1.362939E-02,-5.1202283E+00,-2.7819183E-01
1.363267E-02,-5.1168713E+00,-2.9329803E-01
1.363594E-02,-5.1125989E+00,-3.1008270E-01
1.363922E-02,-5.1193127E+00,-3.2511261E-01
1.364250E-02,-5.1174817E+00,-3.4128693E-01
1.364577E-02,-5.1254163E+00,-3.5677460E-01
1.364905E-02,-5.1211438E+00,-3.7241486E-01
1.365233E-02,-5.1232800E+00,-3.8652924E-01
1.365560E-02,-5.1269421E+00,-4.0262726E-01
1.365888E-02,-5.1241956E+00,-4.1658905E-01
1.366216E-02,-5.1266370E+00,-4.3215302E-01
1.366543E-02,-5.1214490E+00,-4.4641998E-01
1.366871E-02,-5.1211438E+00,-4.6030548E-01
1.367199E-02,-5.1211438E+00,-4.7457245E-01
1.367526E-02,-5.1196179E+00,-4.8876312E-01
1.367854E-02,-5.1156506E+00,-5.0264862E-01
1.368182E-02,-5.1193127E+00,-5.1622894E-01
1.368509E-02,-5.1168713E+00,-5.2996185E-01
1.368837E-02,-5.1257214E+00,-5.4224518E-01
1.369165E-02,-5.1241956E+00,-5.5460480E-01
1.369492E-02,-5.1324353E+00,-5.6749847E-01
1.369820E-02,-5.1333508E+00,-5.7978180E-01
1.370148E-02,-5.1336560E+00,-5.9137848E-01
1.370476E-02,-5.1318250E+00,-6.0305145E-01
1.370803E-02,-5.1296887E+00,-6.1419037E-01
1.371131E-02,-5.1302991E+00,-6.2525299E-01
1.371459E-02,-5.1348767E+00,-6.3631561E-01
1.371786E-02,-5.1376233E+00,-6.4714935E-01
1.372114E-02,-5.1339612E+00,-6.5660980E-01
1.372442E-02,-5.1299939E+00,-6.6744354E-01
1.372769E-02,-5.1342664E+00,-6.7614105E-01
1.373097E-02,-5.1293835E+00,-6.8613556E-01
1.373425E-02,-5.1312146E+00,-6.9468048E-01
1.373752E-02,-5.1302991E+00,-7.0330170E-01
1.374080E-02,-5.1263318E+00,-7.1169403E-01
1.374408E-02,-5.1214490E+00,-7.2008636E-01
1.374735E-02,-5.1177869E+00,-7.2855499E-01
1.375063E-02,-5.1180920E+00,-7.3610809E-01
1.375391E-02,-5.1162610E+00,-7.4282196E-01
1.375718E-02,-5.1187024E+00,-7.4968842E-01
1.376046E-02,-5.1187024E+00,-7.5563934E-01
1.376374E-02,-5.1159558E+00,-7.6250580E-01
1.376701E-02,-5.1168713E+00,-7.6693085E-01
1.377029E-02,-5.1171765E+00,-7.7295807E-01
1.377357E-02,-5.1171765E+00,-7.7791718E-01
1.377684E-02,-5.1217542E+00,-7.8302887E-01
1.378012E-02,-5.1309094E+00,-7.8745392E-01
1.378340E-02,-5.1333508E+00,-7.9172638E-01
1.378668E-02,-5.1367078E+00,-7.9576996E-01
1.378995E-02,-5.1318250E+00,-7.9981354E-01
1.379323E-02,-5.1364026E+00,-8.0156830E-01
1.379651E-02,-5.1330457E+00,-8.0553558E-01
1.379978E-02,-5.1321301E+00,-8.0721405E-01
1.380306E-02,-5.1327405E+00,-8.1049469E-01
1.380634E-02,-5.1312146E+00,-8.1064728E-01
1.380961E-02,-5.1287732E+00,-8.1232574E-01
1.381289E-02,-5.1278577E+00,-8.1240204E-01
1.381617E-02,-5.1238904E+00,-8.1377533E-01
1.381944E-02,-5.1269421E+00,-8.1270721E-01
1.382272E-02,-5.1278577E+00,-8.1347015E-01
1.382600E-02,-5.1205334E+00,-8.1270721E-01
1.382927E-02,-5.1290784E+00,-8.1316498E-01
1.383255E-02,-5.1232800E+00,-8.1041840E-01
1.383583E-02,-5.1278577E+00,-8.0935028E-01
1.383910E-02,-5.1226697E+00,-8.0645111E-01
1.384238E-02,-5.1193127E+00,-8.0538300E-01
1.384566E-02,-5.1266370E+00,-8.0088165E-01
1.384893E-02,-5.1211438E+00,-8.0004242E-01
1.385221E-02,-5.1217542E+00,-7.9515961E-01
1.385549E-02,-5.1226697E+00,-7.9302338E-01
1.385876E-02,-5.1223645E+00,-7.8753021E-01
1.386204E-02,-5.1226697E+00,-7.8394440E-01
1.386532E-02,-5.1266370E+00,-7.7707794E-01
1.386860E-02,-5.1306042E+00,-7.7433136E-01
1.387187E-02,-5.1302991E+00,-7.6700714E-01
1.387515E-02,-5.1382336E+00,-7.6242950E-01
1.387843E-02,-5.1370129E+00,-7.5502899E-01
1.388170E-02,-5.1403699E+00,-7.4968842E-01
1.388498E-02,-5.1364026E+00,-7.4137238E-01
1.388826E-02,-5.1391492E+00,-7.3610809E-01
1.389153E-02,-5.1275525E+00,-7.2695282E-01
1.389481E-02,-5.1248059E+00,-7.2046783E-01
1.389809E-02,-5.1208386E+00,-7.1016815E-01
1.390136E-02,-5.1223645E+00,-7.0421722E-01
1.390464E-02,-5.1214490E+00,-6.9307831E-01
1.390792E-02,-5.1150403E+00,-6.8628815E-01
1.391119E-02,-5.1187024E+00,-6.7499664E-01
1.391447E-02,-5.1226697E+00,-6.6652802E-01
1.391775E-02,-5.1254163E+00,-6.5538910E-01
1.392102E-02,-5.1275525E+00,-6.4692047E-01
1.392430E-02,-5.1302991E+00,-6.3471344E-01
1.392758E-02,-5.1367078E+00,-6.2548187E-01
1.393085E-02,-5.1434216E+00,-6.1312225E-01
1.393413E-02,-5.1425061E+00,-6.0350922E-01
1.393741E-02,-5.1464734E+00,-5.8939484E-01
1.394068E-02,-5.1510510E+00,-5.7970551E-01
1.394396E-02,-5.1473889E+00,-5.6582001E-01
1.394724E-02,-5.1528821E+00,-5.5513885E-01
1.395052E-02,-5.1531873E+00,-5.4087189E-01
1.395379E-02,-5.1449475E+00,-5.2980927E-01
1.395707E-02,-5.1440320E+00,-5.1523712E-01
1.396035E-02,-5.1364026E+00,-5.0272491E-01
1.396362E-02,-5.1330457E+00,-4.8731354E-01
1.396690E-02,-5.1266370E+00,-4.7594574E-01
1.397018E-02,-5.1238904E+00,-4.6000031E-01
1.397345E-02,-5.1214490E+00,-4.4741180E-01
1.397673E-02,-5.1193127E+00,-4.3077972E-01
1.398001E-02,-5.1177869E+00,-4.1666534E-01
1.398328E-02,-5.1199231E+00,-4.0117767E-01
1.398656E-02,-5.1238904E+00,-3.8645294E-01
1.398984E-02,-5.1217542E+00,-3.6943939E-01
1.399311E-02,-5.1205334E+00,-3.5593536E-01
1.399639E-02,-5.1138196E+00,-3.3907440E-01
1.399967E-02,-5.1177869E+00,-3.2503632E-01
1.400294E-02,-5.1119885E+00,-3.0771759E-01
1.400622E-02,-5.1141248E+00,-2.9192474E-01
1.400950E-02,-5.1147351E+00,-2.7452972E-01
1.401277E-02,-5.1141248E+00,-2.5942352E-01
1.401605E-02,-5.1159558E+00,-2.4141815E-01
1.401933E-02,-5.1193127E+00,-2.2646454E-01
1.402260E-02,-5.1260266E+00,-2.0914581E-01
1.402588E-02,-5.1223645E+00,-1.9320038E-01
1.402916E-02,-5.1275525E+00,-1.7488983E-01
1.403244E-02,-5.1226697E+00,-1.5924957E-01
1.403571E-02,-5.1299939E+00,-1.4170197E-01
1.403899E-02,-5.1263318E+00,-1.2545135E-01
1.404227E-02,-5.1275525E+00,-1.0805634E-01
1.404554E-02,-5.1364026E+00,-9.1958313E-02
1.404882E-02,-5.1357922E+00,-7.3952942E-02
1.405210E-02,-5.1415906E+00,-5.7320862E-02
1.405537E-02,-5.1446423E+00,-3.8781433E-02
1.405865E-02,-5.1483044E+00,-2.2988586E-02
1.406193E-02,-5.1483044E+00,-4.9069214E-03
1.406520E-02,-5.1534924E+00,1.1801453E-02
1.406848E-02,-5.1531873E+00,2.9654236E-02
1.407176E-02,-5.1541028E+00,4.6667786E-02
1.407503E-02,-5.1476941E+00,6.3833923E-02
1.407831E-02,-5.1507458E+00,7.9855652E-02
1.408159E-02,-5.1486096E+00,9.8471375E-02
1.408486E-02,-5.1452527E+00,1.1502716E-01
1.408814E-02,-5.1470837E+00,1.3356659E-01
1.409142E-02,-5.1504407E+00,1.5080902E-01
1.409469E-02,-5.1534924E+00,1.6812775E-01
1.409797E-02,-5.1483044E+00,1.8514130E-01
1.410125E-02,-5.1470837E+00,2.0314667E-01
1.410452E-02,-5.1428113E+00,2.2000763E-01
1.410780E-02,-5.1434216E+00,2.3610565E-01
1.411108E-02,-5.1379285E+00,2.5304291E-01
1.411436E-02,-5.1397595E+00,2.7059052E-01
1.411763E-02,-5.1400647E+00,2.8661224E-01
1.412091E-02,-5.1385388E+00,3.0438873E-01
1.412419E-02,-5.1385388E+00,3.1957123E-01
1.412746E-02,-5.1354871E+00,3.3750031E-01
1.413074E-02,-5.1391492E+00,3.5321686E-01
1.413402E-02,-5.1406750E+00,3.6962006E-01
1.413729E-02,-5.1388440E+00,3.8541290E-01
1.414057E-02,-5.1409802E+00,4.0166351E-01
1.414385E-02,-5.1318250E+00,4.1684601E-01
1.414712E-02,-5.1379285E+00,4.3256256E-01
1.415040E-02,-5.1330457E+00,4.4797394E-01
1.415368E-02,-5.1394543E+00,4.6346161E-01
1.415695E-02,-5.1364026E+00,4.7711823E-01
1.416023E-02,-5.1394543E+00,4.9230072E-01
1.416351E-02,-5.1348767E+00,5.0626251E-01
1.416678E-02,-5.1299939E+00,5.2052948E-01
1.417006E-02,-5.1293835E+00,5.3540680E-01
1.417334E-02,-5.1168713E+00,5.4982635E-01
1.417661E-02,-5.1150403E+00,5.6302521E-01
1.417989E-02,-5.1171765E+00,5.7706329E-01
1.418317E-02,-5.1150403E+00,5.8942291E-01
1.418644E-02,-5.1101575E+00,6.0216400E-01
1.418972E-02,-5.1162610E+00,6.1490509E-01
1.419300E-02,-5.1199231E+00,6.2718842E-01
1.419628E-02,-5.1162610E+00,6.3909027E-01
1.419955E-02,-5.1287732E+00,6.5099213E-01
1.420283E-02,-5.1275525E+00,6.6258881E-01
1.420611E-02,-5.1333508E+00,6.7388031E-01
1.420938E-02,-5.1360974E+00,6.8578217E-01
1.421266E-02,-5.1367078E+00,6.9699738E-01
1.421594E-02,-5.1367078E+00,7.0767853E-01
1.421921E-02,-5.1443372E+00,7.1668121E-01
1.422249E-02,-5.1406750E+00,7.2690460E-01
1.422577E-02,-5.1428113E+00,7.3674652E-01
1.422904E-02,-5.1425061E+00,7.4643585E-01
1.423232E-02,-5.1400647E+00,7.5589630E-01
1.423560E-02,-5.1400647E+00,7.6512787E-01
1.423887E-02,-5.1394543E+00,7.7336761E-01
1.424215E-02,-5.1287732E+00,7.8160736E-01
1.424543E-02,-5.1272473E+00,7.8839752E-01
1.424870E-02,-5.1217542E+00,7.9701874E-01
1.425198E-02,-5.1226697E+00,8.0441925E-01
1.425526E-02,-5.1217542E+00,8.1143829E-01
1.425853E-02,-5.1187024E+00,8.1784698E-01
1.426181E-02,-5.1183972E+00,8.2387421E-01
1.426509E-02,-5.1183972E+00,8.2921478E-01
1.426836E-02,-5.1147351E+00,8.3608124E-01
1.427164E-02,-5.1135144E+00,8.4027740E-01
1.427492E-02,-5.1138196E+00,8.4660980E-01
1.427820E-02,-5.1153455E+00,8.5050079E-01
1.428147E-02,-5.1177869E+00,8.5645172E-01
1.428475E-02,-5.1208386E+00,8.5851166E-01
1.428803E-02,-5.1315198E+00,8.6225006E-01
1.429130E-02,-5.1327405E+00,8.6484406E-01
1.429458E-02,-5.1388440E+00,8.6751434E-01
1.429786E-02,-5.1449475E+00,8.6980316E-01
1.430113E-02,-5.1449475E+00,8.7270233E-01
1.430441E-02,-5.1516614E+00,8.7415192E-01
1.430769E-02,-5.1580701E+00,8.7621185E-01
1.431096E-02,-5.1632581E+00,8.7613556E-01
1.431424E-02,-5.1599011E+00,8.7796661E-01
1.431752E-02,-5.1632581E+00,8.7682220E-01
1.432079E-02,-5.1571545E+00,8.7796661E-01
1.432407E-02,-5.1544080E+00,8.7766144E-01
1.432735E-02,-5.1528821E+00,8.7781403E-01
1.433062E-02,-5.1476941E+00,8.7552521E-01
1.433390E-02,-5.1406750E+00,8.7445709E-01
1.433718E-02,-5.1379285E+00,8.7178680E-01
1.434045E-02,-5.1400647E+00,8.7041351E-01
1.434373E-02,-5.1367078E+00,8.6621735E-01
1.434701E-02,-5.1397595E+00,8.6507294E-01
1.435028E-02,-5.1449475E+00,8.6049530E-01
1.435356E-02,-5.1470837E+00,8.5813019E-01
1.435684E-02,-5.1574597E+00,8.5263702E-01
1.436012E-02,-5.1537976E+00,8.4966156E-01
1.436339E-02,-5.1571545E+00,8.4416840E-01
1.436667E-02,-5.1629529E+00,8.4088776E-01
1.436995E-02,-5.1595959E+00,8.3348724E-01
1.437322E-02,-5.1577649E+00,8.2936737E-01
1.437650E-02,-5.1531873E+00,8.2173798E-01
1.437978E-02,-5.1492200E+00,8.1662628E-01
1.438305E-02,-5.1464734E+00,8.0846283E-01
1.438633E-02,-5.1498303E+00,8.0289337E-01
1.438961E-02,-5.1525769E+00,7.9434845E-01
1.439288E-02,-5.1458630E+00,7.8984711E-01
1.439616E-02,-5.1507458E+00,7.7916595E-01
1.439944E-02,-5.1516614E+00,7.7321503E-01
1.440271E-02,-5.1422009E+00,7.6291534E-01
1.440599E-02,-5.1403699E+00,7.5643036E-01
1.440927E-02,-5.1367078E+00,7.4498627E-01
1.441254E-02,-5.1339612E+00,7.3720428E-01
1.441582E-02,-5.1376233E+00,7.2659943E-01
1.441910E-02,-5.1245007E+00,7.1843597E-01
1.442237E-02,-5.1324353E+00,7.0645782E-01
1.442565E-02,-5.1281628E+00,6.9730255E-01
1.442893E-02,-5.1302991E+00,6.8479034E-01
1.443220E-02,-5.1318250E+00,6.7517731E-01
1.443548E-02,-5.1339612E+00,6.6197845E-01
1.443876E-02,-5.1397595E+00,6.5175507E-01
1.444204E-02,-5.1376233E+00,6.3809845E-01
1.444531E-02,-5.1388440E+00,6.2741730E-01
1.444859E-02,-5.1354871E+00,6.1459991E-01
1.445187E-02,-5.1336560E+00,6.0292694E-01
1.445514E-02,-5.1327405E+00,5.8881256E-01
1.445842E-02,-5.1364026E+00,5.7721588E-01
1.446170E-02,-5.1394543E+00,5.6249115E-01
1.446497E-02,-5.1376233E+00,5.5074188E-01
1.446825E-02,-5.1403699E+00,5.3494904E-01
1.447153E-02,-5.1406750E+00,5.2304718E-01
1.447480E-02,-5.1388440E+00,5.0694916E-01
1.447808E-02,-5.1367078E+00,4.9344513E-01
1.448136E-02,-5.1418958E+00,4.7757599E-01
1.448463E-02,-5.1394543E+00,4.6391937E-01
1.448791E-02,-5.1406750E+00,4.4751617E-01
1.449119E-02,-5.1351819E+00,4.3424103E-01
1.449446E-02,-5.1336560E+00,4.1783783E-01
1.449774E-02,-5.1293835E+00,4.0288422E-01
1.450102E-02,-5.1263318E+00,3.8594696E-01
1.450429E-02,-5.1302991E+00,3.7129852E-01
1.450757E-02,-5.1290784E+00,3.5390350E-01
1.451085E-02,-5.1376233E+00,3.3788177E-01
1.451412E-02,-5.1394543E+00,3.2025787E-01
1.451740E-02,-5.1342664E+00,3.0484650E-01
1.452068E-02,-5.1367078E+00,2.8737518E-01
1.452396E-02,-5.1385388E+00,2.7142975E-01
1.452723E-02,-5.1376233E+00,2.5403473E-01
1.453051E-02,-5.1409802E+00,2.3877594E-01
1.453379E-02,-5.1376233E+00,2.2130463E-01
1.453706E-02,-5.1400647E+00,2.0383331E-01
1.454034E-02,-5.1415906E+00,1.8636200E-01
1.454362E-02,-5.1360974E+00,1.6950104E-01
1.454689E-02,-5.1367078E+00,1.5080902E-01
1.455017E-02,-5.1391492E+00,1.3539764E-01
1.455345E-02,-5.1299939E+00,1.1716339E-01
1.455672E-02,-5.1312146E+00,1.0030243E-01
1.456000E-02,-5.1306042E+00,8.0847473E-02
1.456328E-02,-5.1266370E+00,6.5130920E-02
1.456655E-02,-5.1287732E+00,4.6286316E-02
1.456983E-02,-5.1315198E+00,3.0417175E-02
1.457311E-02,-5.1345715E+00,1.2182922E-02
1.457638E-02,-5.1373181E+00,-4.2202759E-03
1.457966E-02,-5.1354871E+00,-2.2759705E-02
1.458294E-02,-5.1418958E+00,-3.8247375E-02
1.458621E-02,-5.1415906E+00,-5.6863098E-02
1.458949E-02,-5.1428113E+00,-7.3876648E-02
1.459277E-02,-5.1492200E+00,-9.1805725E-02
1.459604E-02,-5.1486096E+00,-1.0866669E-01
1.459932E-02,-5.1501355E+00,-1.2583282E-01
1.460260E-02,-5.1525769E+00,-1.4307526E-01
1.460588E-02,-5.1507458E+00,-1.6031769E-01
1.460915E-02,-5.1565442E+00,-1.7710236E-01
1.461243E-02,-5.1550183E+00,-1.9396332E-01
1.461571E-02,-5.1479993E+00,-2.1036652E-01
1.461898E-02,-5.1513562E+00,-2.2684601E-01
1.462226E-02,-5.1513562E+00,-2.4370697E-01
1.462554E-02,-5.1516614E+00,-2.5949982E-01
1.462881E-02,-5.1577649E+00,-2.7514008E-01
1.463209E-02,-5.1556287E+00,-2.9177216E-01
1.463537E-02,-5.1507458E+00,-3.0695465E-01
1.463864E-02,-5.1479993E+00,-3.2381561E-01
1.464192E-02,-5.1434216E+00,-3.3823517E-01
1.464520E-02,-5.1370129E+00,-3.5471466E-01
1.464847E-02,-5.1428113E+00,-3.6951569E-01
1.465175E-02,-5.1440320E+00,-3.8431671E-01
1.465503E-02,-5.1492200E+00,-4.0018585E-01
1.465830E-02,-5.1550183E+00,-4.1597870E-01
1.466158E-02,-5.1513562E+00,-4.3062714E-01
1.466486E-02,-5.1504407E+00,-4.4519928E-01
1.466813E-02,-5.1519666E+00,-4.5908478E-01
1.467141E-02,-5.1498303E+00,-4.7365692E-01
1.467469E-02,-5.1583752E+00,-4.8708466E-01
1.467796E-02,-5.1504407E+00,-5.0097015E-01
1.468124E-02,-5.1522717E+00,-5.1401642E-01
1.468452E-02,-5.1470837E+00,-5.2713898E-01
1.468780E-02,-5.1431165E+00,-5.3995636E-01
1.469107E-02,-5.1449475E+00,-5.5323151E-01
1.469435E-02,-5.1409802E+00,-5.6589630E-01
1.469763E-02,-5.1534924E+00,-5.7764557E-01
1.470090E-02,-5.1547131E+00,-5.9023407E-01
1.470418E-02,-5.1516614E+00,-6.0137299E-01
1.470746E-02,-5.1525769E+00,-6.1281708E-01
1.471073E-02,-5.1632581E+00,-6.2410858E-01
1.471401E-02,-5.1653943E+00,-6.3494232E-01
1.471729E-02,-5.1687512E+00,-6.4569977E-01
1.472056E-02,-5.1745496E+00,-6.5638092E-01
1.472384E-02,-5.1794324E+00,-6.6637543E-01
1.472712E-02,-5.1776013E+00,-6.7629364E-01
1.473039E-02,-5.1797375E+00,-6.8522003E-01
1.473367E-02,-5.1769910E+00,-6.9460419E-01
1.473695E-02,-5.1705823E+00,-7.0215729E-01
1.474022E-02,-5.1635632E+00,-7.1169403E-01
1.474350E-02,-5.1602063E+00,-7.1917084E-01
1.474678E-02,-5.1507458E+00,-7.2771576E-01
1.475005E-02,-5.1519666E+00,-7.3442963E-01
1.475333E-02,-5.1522717E+00,-7.4259308E-01
1.475661E-02,-5.1449475E+00,-7.4831512E-01
1.475988E-02,-5.1422009E+00,-7.5609711E-01
1.476316E-02,-5.1376233E+00,-7.6120880E-01
1.476644E-02,-5.1354871E+00,-7.6784637E-01
1.476972E-02,-5.1357922E+00,-7.7272919E-01
1.477299E-02,-5.1333508E+00,-7.7784088E-01
1.477627E-02,-5.1367078E+00,-7.8180817E-01
1.477955E-02,-5.1348767E+00,-7.8745392E-01
1.478282E-02,-5.1342664E+00,-7.9157379E-01
1.478610E-02,-5.1302991E+00,-7.9576996E-01
1.478938E-02,-5.1284680E+00,-7.9729584E-01
1.479265E-02,-5.1272473E+00,-8.0149200E-01
1.479593E-02,-5.1315198E+00,-8.0355194E-01
1.479921E-02,-5.1312146E+00,-8.0675629E-01
1.480248E-02,-5.1376233E+00,-8.0805328E-01
1.480576E-02,-5.1403699E+00,-8.1102875E-01
1.480904E-02,-5.1473889E+00,-8.1141022E-01
1.481231E-02,-5.1495251E+00,-8.1369904E-01
1.481559E-02,-5.1513562E+00,-8.1308868E-01
1.481887E-02,-5.1586804E+00,-8.1499603E-01
1.482214E-02,-5.1574597E+00,-8.1278351E-01
1.482542E-02,-5.1562390E+00,-8.1385162E-01
1.482870E-02,-5.1531873E+00,-8.1194427E-01
1.483197E-02,-5.1483044E+00,-8.1141022E-01
1.483525E-02,-5.1476941E+00,-8.0835846E-01
1.483853E-02,-5.1467786E+00,-8.0774811E-01
1.484180E-02,-5.1476941E+00,-8.0416229E-01
1.484508E-02,-5.1483044E+00,-8.0355194E-01
1.484836E-02,-5.1556287E+00,-7.9927948E-01
1.485164E-02,-5.1589856E+00,-7.9729584E-01
1.485491E-02,-5.1608167E+00,-7.9180267E-01
1.485819E-02,-5.1577649E+00,-7.8905609E-01
1.486147E-02,-5.1565442E+00,-7.8363922E-01
1.486474E-02,-5.1589856E+00,-7.8005341E-01
1.486802E-02,-5.1730237E+00,-7.7433136E-01
1.487130E-02,-5.1675305E+00,-7.6975372E-01
1.487457E-02,-5.1718030E+00,-7.6258209E-01
1.487785E-02,-5.1629529E+00,-7.5785187E-01
1.488113E-02,-5.1647839E+00,-7.4953583E-01
1.488440E-02,-5.1669202E+00,-7.4488190E-01
1.488768E-02,-5.1666150E+00,-7.3557404E-01
1.489096E-02,-5.1620374E+00,-7.3038605E-01
1.489423E-02,-5.1577649E+00,-7.2031525E-01
1.489751E-02,-5.1522717E+00,-7.1352509E-01
1.490079E-02,-5.1522717E+00,-7.0292023E-01
1.490406E-02,-5.1428113E+00,-6.9620636E-01
1.490734E-02,-5.1434216E+00,-6.8537262E-01
1.491062E-02,-5.1388440E+00,-6.7728546E-01
1.491389E-02,-5.1348767E+00,-6.6584137E-01
1.491717E-02,-5.1345715E+00,-6.5889862E-01
1.492045E-02,-5.1373181E+00,-6.4638641E-01
1.492372E-02,-5.1376233E+00,-6.3807037E-01
1.492700E-02,-5.1428113E+00,-6.2487152E-01
1.493028E-02,-5.1425061E+00,-6.1563995E-01
1.493356E-02,-5.1476941E+00,-6.0328033E-01
1.493683E-02,-5.1495251E+00,-5.9359100E-01
1.494011E-02,-5.1446423E+00,-5.7970551E-01
1.494339E-02,-5.1486096E+00,-5.6833771E-01
1.494666E-02,-5.1425061E+00,-5.5460480E-01
1.494994E-02,-5.1486096E+00,-5.4377106E-01
1.495322E-02,-5.1428113E+00,-5.2973297E-01
1.495649E-02,-5.1425061E+00,-5.1775482E-01
1.495977E-02,-5.1489148E+00,-5.0226715E-01
1.496305E-02,-5.1455579E+00,-4.8990753E-01
1.496632E-02,-5.1541028E+00,-4.7518280E-01
1.496960E-02,-5.1602063E+00,-4.6251801E-01
1.497288E-02,-5.1556287E+00,-4.4641998E-01
1.497615E-02,-5.1537976E+00,-4.3360260E-01
1.497943E-02,-5.1632581E+00,-4.1803864E-01
1.498271E-02,-5.1553235E+00,-4.0422943E-01
1.498598E-02,-5.1531873E+00,-3.8843658E-01
1.498926E-02,-5.1599011E+00,-3.7325409E-01
1.499254E-02,-5.1516614E+00,-3.5700348E-01
1.499581E-02,-5.1568494E+00,-3.4220245E-01
1.499909E-02,-5.1510510E+00,-3.2656219E-01
1.500237E-02,-5.1589856E+00,-3.1153229E-01
1.500564E-02,-5.1495251E+00,-2.9467133E-01
1.500892E-02,-5.1449475E+00,-2.7933624E-01
1.501220E-02,-5.1388440E+00,-2.6239899E-01
1.501548E-02,-5.1336560E+00,-2.4652985E-01
1.501875E-02,-5.1397595E+00,-2.2966888E-01
1.502203E-02,-5.1357922E+00,-2.1372345E-01
1.502531E-02,-5.1327405E+00,-1.9602325E-01
1.502858E-02,-5.1345715E+00,-1.7969635E-01
1.503186E-02,-5.1373181E+00,-1.6260651E-01
1.503514E-02,-5.1394543E+00,-1.4612701E-01
1.503841E-02,-5.1440320E+00,-1.2865570E-01
1.504169E-02,-5.1516614E+00,-1.1339691E-01
1.504497E-02,-5.1614270E+00,-9.5315247E-02
1.504824E-02,-5.1650891E+00,-7.9064636E-02
1.505152E-02,-5.1653943E+00,-6.0677795E-02
1.505480E-02,-5.1617322E+00,-4.3435364E-02
1.505807E-02,-5.1553235E+00,-2.4895935E-02
1.506135E-02,-5.1434216E+00,-8.6453247E-03
1.506463E-02,-5.1400647E+00,1.0046692E-02
1.506790E-02,-5.1339612E+00,2.7518005E-02
1.507118E-02,-5.1333508E+00,4.5447083E-02
1.507446E-02,-5.1312146E+00,6.1773987E-02
1.507773E-02,-5.1290784E+00,8.0466003E-02
1.508101E-02,-5.1306042E+00,9.6258850E-02
1.508429E-02,-5.1208386E+00,1.1479828E-01
1.508756E-02,-5.1290784E+00,1.3089630E-01
1.509084E-02,-5.1345715E+00,1.4890167E-01
1.509412E-02,-5.1354871E+00,1.6538116E-01
1.509740E-02,-5.1415906E+00,1.8414948E-01
1.510067E-02,-5.1449475E+00,2.0085785E-01
1.510395E-02,-5.1495251E+00,2.1787140E-01
1.510723E-02,-5.1504407E+00,2.3450348E-01
1.511050E-02,-5.1513562E+00,2.5243256E-01
1.511378E-02,-5.1434216E+00,2.6914093E-01
1.511706E-02,-5.1455579E+00,2.8569672E-01
1.512033E-02,-5.1437268E+00,3.0194733E-01
1.512361E-02,-5.1513562E+00,3.1850311E-01
1.512689E-02,-5.1522717E+00,3.3421967E-01
1.513016E-02,-5.1592908E+00,3.5130951E-01
1.513344E-02,-5.1611218E+00,3.6725494E-01
1.513672E-02,-5.1608167E+00,3.8335297E-01
1.513999E-02,-5.1617322E+00,3.9914581E-01
1.514327E-02,-5.1574597E+00,4.1455719E-01
1.514655E-02,-5.1583752E+00,4.2951080E-01
1.514982E-02,-5.1660046E+00,4.4606659E-01
1.515310E-02,-5.1663098E+00,4.6163055E-01
1.515638E-02,-5.1678357E+00,4.7551605E-01
1.515965E-02,-5.1705823E+00,4.8970673E-01
1.516293E-02,-5.1675305E+00,5.0496552E-01
1.516621E-02,-5.1583752E+00,5.1877472E-01
1.516948E-02,-5.1510510E+00,5.3281281E-01
1.517276E-02,-5.1449475E+00,5.4707977E-01
1.517604E-02,-5.1425061E+00,5.6066010E-01
1.517932E-02,-5.1431165E+00,5.7485077E-01
1.518259E-02,-5.1440320E+00,5.8728668E-01
1.518587E-02,-5.1452527E+00,6.0018036E-01
1.518915E-02,-5.1452527E+00,6.1246368E-01
1.519242E-02,-5.1443372E+00,6.2444183E-01
1.519570E-02,-5.1458630E+00,6.3664886E-01
1.519898E-02,-5.1406750E+00,6.4870331E-01
1.520225E-02,-5.1504407E+00,6.5984222E-01
1.520553E-02,-5.1400647E+00,6.7197296E-01
1.520881E-02,-5.1443372E+00,6.8395111E-01
1.521208E-02,-5.1428113E+00,6.9486115E-01
1.521536E-02,-5.1397595E+00,7.0493195E-01
1.521864E-02,-5.1385388E+00,7.1599457E-01
1.522191E-02,-5.1351819E+00,7.2522614E-01
1.522519E-02,-5.1348767E+00,7.3552582E-01
1.522847E-02,-5.1339612E+00,7.4407074E-01
1.523174E-02,-5.1348767E+00,7.5444672E-01
1.523502E-02,-5.1339612E+00,7.6238129E-01
1.523830E-02,-5.1379285E+00,7.7207062E-01
1.524157E-02,-5.1333508E+00,7.7916595E-01
1.524485E-02,-5.1348767E+00,7.8801605E-01
1.524813E-02,-5.1342664E+00,7.9450104E-01
1.525140E-02,-5.1434216E+00,8.0350372E-01
1.525468E-02,-5.1479993E+00,8.1006500E-01
1.525796E-02,-5.1486096E+00,8.1754181E-01
1.526124E-02,-5.1559338E+00,8.2242462E-01
1.526451E-02,-5.1605115E+00,8.3005402E-01
1.526779E-02,-5.1611218E+00,8.3432648E-01
1.527107E-02,-5.1672253E+00,8.4050629E-01
1.527434E-02,-5.1687512E+00,8.4340546E-01
1.527762E-02,-5.1711926E+00,8.4882233E-01
1.528090E-02,-5.1718030E+00,8.5294220E-01
1.528417E-02,-5.1702771E+00,8.5751984E-01
1.528745E-02,-5.1629529E+00,8.5980865E-01
1.529073E-02,-5.1608167E+00,8.6499664E-01
1.529400E-02,-5.1586804E+00,8.6606476E-01
1.529728E-02,-5.1522717E+00,8.6972687E-01
1.530056E-02,-5.1501355E+00,8.7094757E-01
1.530383E-02,-5.1516614E+00,8.7377045E-01
1.530711E-02,-5.1580701E+00,8.7354156E-01
1.531039E-02,-5.1544080E+00,8.7605927E-01
1.531366E-02,-5.1644788E+00,8.7628815E-01
1.531694E-02,-5.1678357E+00,8.7819550E-01
1.532022E-02,-5.1751599E+00,8.7628815E-01
1.532349E-02,-5.1733289E+00,8.7750885E-01
1.532677E-02,-5.1806531E+00,8.7514374E-01
1.533005E-02,-5.1766858E+00,8.7628815E-01
1.533332E-02,-5.1827893E+00,8.7316010E-01
1.533660E-02,-5.1760754E+00,8.7270233E-01
1.533988E-02,-5.1733289E+00,8.6919281E-01
1.534316E-02,-5.1684460E+00,8.6881134E-01
1.534643E-02,-5.1690564E+00,8.6362335E-01
1.534971E-02,-5.1736340E+00,8.6263153E-01
1.535299E-02,-5.1785168E+00,8.5652802E-01
1.535626E-02,-5.1855359E+00,8.5462067E-01
1.535954E-02,-5.1824841E+00,8.4866974E-01
1.536282E-02,-5.1861462E+00,8.4653351E-01
1.536609E-02,-5.1867566E+00,8.3852264E-01
1.536937E-02,-5.1788220E+00,8.3524200E-01
1.537265E-02,-5.1815686E+00,8.2837555E-01
1.537592E-02,-5.1776013E+00,8.2356903E-01
1.537920E-02,-5.1760754E+00,8.1548187E-01
1.538248E-02,-5.1837048E+00,8.1120941E-01
1.538575E-02,-5.1855359E+00,8.0182526E-01
1.538903E-02,-5.1794324E+00,7.9656097E-01
1.539231E-02,-5.1797375E+00,7.8763458E-01
1.539558E-02,-5.1727185E+00,7.8114960E-01
1.539886E-02,-5.1745496E+00,7.7092621E-01
1.540214E-02,-5.1705823E+00,7.6589081E-01
1.540541E-02,-5.1666150E+00,7.5551483E-01
1.540869E-02,-5.1638684E+00,7.4880096E-01
1.541197E-02,-5.1635632E+00,7.3750946E-01
1.541524E-02,-5.1620374E+00,7.2972748E-01
1.541852E-02,-5.1562390E+00,7.1744415E-01
1.542180E-02,-5.1629529E+00,7.0798370E-01
1.542508E-02,-5.1684460E+00,6.9638702E-01
1.542835E-02,-5.1724133E+00,6.8791840E-01
1.543163E-02,-5.1782117E+00,6.7525360E-01
1.543491E-02,-5.1809583E+00,6.6495392E-01
1.543818E-02,-5.1852307E+00,6.5152618E-01
1.544146E-02,-5.1876721E+00,6.4023468E-01
1.544474E-02,-5.1876721E+00,6.2734100E-01
1.544801E-02,-5.1846204E+00,6.1696503E-01
1.545129E-02,-5.1888928E+00,6.0224030E-01
1.545457E-02,-5.1928601E+00,5.9102509E-01
1.545784E-02,-5.1861462E+00,5.7645294E-01
1.546112E-02,-5.1895032E+00,5.6485626E-01
1.546440E-02,-5.1833997E+00,5.5020782E-01
1.546767E-02,-5.1769910E+00,5.3822968E-01
1.547095E-02,-5.1742444E+00,5.2182648E-01
1.547423E-02,-5.1711926E+00,5.0961945E-01
1.547750E-02,-5.1745496E+00,4.9443695E-01
1.548078E-02,-5.1815686E+00,4.8078033E-01
1.548406E-02,-5.1794324E+00,4.6460602E-01
1.548733E-02,-5.1855359E+00,4.5018646E-01
1.549061E-02,-5.1827893E+00,4.3370697E-01
1.549389E-02,-5.1827893E+00,4.1928741E-01
1.549716E-02,-5.1818738E+00,4.0288422E-01
1.550044E-02,-5.1840100E+00,3.8800690E-01
1.550372E-02,-5.1803479E+00,3.7114594E-01
1.550700E-02,-5.1833997E+00,3.5588715E-01
1.551027E-02,-5.1873669E+00,3.3750031E-01
1.551355E-02,-5.1788220E+00,3.2231781E-01
1.551683E-02,-5.1855359E+00,3.0545685E-01
1.552010E-02,-5.1812634E+00,2.8966400E-01
1.552338E-02,-5.1803479E+00,2.7204010E-01
1.552666E-02,-5.1806531E+00,2.5632355E-01
1.552993E-02,-5.1843152E+00,2.3892853E-01
1.553321E-02,-5.1846204E+00,2.2229645E-01
1.553649E-02,-5.1895032E+00,2.0543549E-01
1.553976E-02,-5.1870618E+00,1.8910858E-01
1.554304E-02,-5.1861462E+00,1.7041656E-01
1.554632E-02,-5.1843152E+00,1.5416595E-01
1.554959E-02,-5.1882825E+00,1.3593170E-01
1.555287E-02,-5.1855359E+00,1.1914703E-01
1.555615E-02,-5.1833997E+00,1.0076019E-01
1.555942E-02,-5.1852307E+00,8.3822937E-02
1.556270E-02,-5.1830945E+00,6.6122742E-02
1.556598E-02,-5.1812634E+00,4.9414368E-02
1.556925E-02,-5.1846204E+00,3.2171936E-02
1.557253E-02,-5.1776013E+00,1.5158386E-02
1.557581E-02,-5.1861462E+00,-2.6943970E-03
1.557908E-02,-5.1833997E+00,-2.0470886E-02
1.558236E-02,-5.1833997E+00,-3.7560730E-02
1.558564E-02,-5.1876721E+00,-5.5489807E-02
1.558892E-02,-5.1785168E+00,-7.3266296E-02
1.559219E-02,-5.1827893E+00,-8.9822083E-02
1.559547E-02,-5.1800427E+00,-1.0706451E-01
1.559875E-02,-5.1739392E+00,-1.2354401E-01
1.560202E-02,-5.1653943E+00,-1.4032867E-01
1.560530E-02,-5.1675305E+00,-1.5734222E-01
1.560858E-02,-5.1644788E+00,-1.7435577E-01
1.561185E-02,-5.1669202E+00,-1.9037750E-01
1.561513E-02,-5.1650891E+00,-2.0861176E-01
1.561841E-02,-5.1666150E+00,-2.2432831E-01
1.562168E-02,-5.1635632E+00,-2.4096039E-01
1.562496E-02,-5.1702771E+00,-2.5667694E-01
1.562824E-02,-5.1699719E+00,-2.7315643E-01
1.563151E-02,-5.1681409E+00,-2.8864410E-01
1.563479E-02,-5.1714978E+00,-3.0558136E-01
1.563807E-02,-5.1739392E+00,-3.2145050E-01
1.564134E-02,-5.1718030E+00,-3.3770111E-01
1.564462E-02,-5.1751599E+00,-3.5364655E-01
1.564790E-02,-5.1714978E+00,-3.6875275E-01
1.565117E-02,-5.1672253E+00,-3.8393524E-01
1.565445E-02,-5.1693616E+00,-3.9881256E-01
1.565773E-02,-5.1638684E+00,-4.1422394E-01
1.566100E-02,-5.1653943E+00,-4.2849091E-01
1.566428E-02,-5.1592908E+00,-4.4344452E-01
1.566756E-02,-5.1574597E+00,-4.5733002E-01
1.567084E-02,-5.1589856E+00,-4.7068146E-01
1.567411E-02,-5.1531873E+00,-4.8471954E-01
1.567739E-02,-5.1565442E+00,-4.9807098E-01
1.568067E-02,-5.1702771E+00,-5.1226166E-01
1.568394E-02,-5.1705823E+00,-5.2538422E-01
1.568722E-02,-5.1791272E+00,-5.3865936E-01
1.569050E-02,-5.1806531E+00,-5.5193451E-01
1.569377E-02,-5.1833997E+00,-5.6398895E-01
1.569705E-02,-5.1846204E+00,-5.7627228E-01
1.570033E-02,-5.1873669E+00,-5.8832672E-01
1.570360E-02,-5.1910291E+00,-6.0015228E-01
1.570688E-02,-5.1931653E+00,-6.1129120E-01
1.571016E-02,-5.1980481E+00,-6.2265900E-01
1.571343E-02,-5.2020154E+00,-6.3341644E-01
1.571671E-02,-5.2120862E+00,-6.4440277E-01
1.571999E-02,-5.2102551E+00,-6.5454987E-01
1.572326E-02,-5.2087292E+00,-6.6553619E-01
1.572654E-02,-5.2035413E+00,-6.7423370E-01
1.572982E-02,-5.1919446E+00,-6.8438080E-01
1.573309E-02,-5.1873669E+00,-6.9246796E-01
1.573637E-02,-5.1763806E+00,-7.0139435E-01
1.573965E-02,-5.1721082E+00,-7.0963409E-01
1.574292E-02,-5.1690564E+00,-7.1825531E-01
1.574620E-02,-5.1602063E+00,-7.2588470E-01
1.574948E-02,-5.1562390E+00,-7.3427704E-01
1.575276E-02,-5.1562390E+00,-7.4068573E-01
1.575603E-02,-5.1513562E+00,-7.4846771E-01
1.575931E-02,-5.1556287E+00,-7.5380829E-01
1.576259E-02,-5.1519666E+00,-7.6105621E-01
1.576586E-02,-5.1489148E+00,-7.6571014E-01
1.576914E-02,-5.1440320E+00,-7.7250031E-01
1.577242E-02,-5.1553235E+00,-7.7692535E-01
1.577569E-02,-5.1541028E+00,-7.8310516E-01
1.577897E-02,-5.1693616E+00,-7.8638580E-01
1.578225E-02,-5.1733289E+00,-7.9187897E-01
1.578552E-02,-5.1699719E+00,-7.9371002E-01
1.578880E-02,-5.1818738E+00,-7.9950836E-01
1.579208E-02,-5.1760754E+00,-8.0202606E-01
1.579535E-02,-5.1910291E+00,-8.0523041E-01
1.579863E-02,-5.1870618E+00,-8.0675629E-01
1.580191E-02,-5.1928601E+00,-8.1057098E-01
1.580518E-02,-5.1888928E+00,-8.1057098E-01
1.580846E-02,-5.1882825E+00,-8.1308868E-01
1.581174E-02,-5.1861462E+00,-8.1377533E-01
1.581501E-02,-5.1849255E+00,-8.1514862E-01
1.581829E-02,-5.1751599E+00,-8.1369904E-01
1.582157E-02,-5.1779065E+00,-8.1545380E-01
1.582484E-02,-5.1745496E+00,-8.1293610E-01
1.582812E-02,-5.1766858E+00,-8.1354645E-01
1.583140E-02,-5.1742444E+00,-8.1133392E-01
1.583468E-02,-5.1696667E+00,-8.1072357E-01
1.583795E-02,-5.1635632E+00,-8.0652740E-01
1.584123E-02,-5.1647839E+00,-8.0568817E-01
1.584451E-02,-5.1632581E+00,-8.0126312E-01
1.584778E-02,-5.1620374E+00,-8.0057648E-01
1.585106E-02,-5.1632581E+00,-7.9477814E-01
1.585434E-02,-5.1687512E+00,-7.9416779E-01
1.585761E-02,-5.1638684E+00,-7.8806427E-01
1.586089E-02,-5.1769910E+00,-7.8547028E-01
1.586417E-02,-5.1779065E+00,-7.7951935E-01
1.586744E-02,-5.1754651E+00,-7.7593353E-01
1.587072E-02,-5.1806531E+00,-7.6921967E-01
1.587400E-02,-5.1739392E+00,-7.6563385E-01
1.587727E-02,-5.1806531E+00,-7.5708893E-01
1.588055E-02,-5.1721082E+00,-7.5251129E-01
1.588383E-02,-5.1757703E+00,-7.4396637E-01
1.588710E-02,-5.1711926E+00,-7.3839691E-01
1.589038E-02,-5.1721082E+00,-7.2908905E-01
1.589366E-02,-5.1708875E+00,-7.2351959E-01
1.589693E-02,-5.1760754E+00,-7.1314362E-01
1.590021E-02,-5.1757703E+00,-7.0711639E-01
1.590349E-02,-5.1803479E+00,-6.9574860E-01
1.590676E-02,-5.1794324E+00,-6.8895844E-01
1.591004E-02,-5.1852307E+00,-6.7789581E-01
1.591332E-02,-5.1867566E+00,-6.7019012E-01
1.591660E-02,-5.1852307E+00,-6.5928009E-01
1.591987E-02,-5.1895032E+00,-6.4989594E-01
1.592315E-02,-5.1870618E+00,-6.3875702E-01
1.592643E-02,-5.1873669E+00,-6.2944916E-01
1.592970E-02,-5.1870618E+00,-6.1708954E-01
1.593298E-02,-5.1901135E+00,-6.0663727E-01
1.593626E-02,-5.1812634E+00,-5.9381989E-01
1.593953E-02,-5.1830945E+00,-5.8352020E-01
1.594281E-02,-5.1864514E+00,-5.7001617E-01
1.594609E-02,-5.1879773E+00,-5.5918243E-01
1.594936E-02,-5.1837048E+00,-5.4461029E-01
1.595264E-02,-5.1830945E+00,-5.3316620E-01
1.595592E-02,-5.1870618E+00,-5.1966217E-01
1.595919E-02,-5.1833997E+00,-5.0753143E-01
1.596247E-02,-5.1785168E+00,-4.9250153E-01
1.596575E-02,-5.1852307E+00,-4.8014191E-01
1.596902E-02,-5.1821790E+00,-4.6488312E-01
1.597230E-02,-5.1785168E+00,-4.5153168E-01
1.597558E-02,-5.1766858E+00,-4.3604401E-01
1.597885E-02,-5.1766858E+00,-4.2177704E-01
1.598213E-02,-5.1779065E+00,-4.0613678E-01
1.598541E-02,-5.1754651E+00,-3.9202240E-01
1.598868E-02,-5.1769910E+00,-3.7584808E-01
1.599196E-02,-5.1763806E+00,-3.6150482E-01
1.599524E-02,-5.1800427E+00,-3.4433868E-01
1.599852E-02,-5.1760754E+00,-3.2953766E-01
1.600179E-02,-5.1718030E+00,-3.1290558E-01
1.600507E-02,-5.1711926E+00,-2.9764679E-01
1.600835E-02,-5.1690564E+00,-2.7994659E-01
1.601162E-02,-5.1660046E+00,-2.6461151E-01
1.601490E-02,-5.1660046E+00,-2.4805573E-01
1.601818E-02,-5.1641736E+00,-2.3310211E-01
1.602145E-02,-5.1602063E+00,-2.1570709E-01
1.602473E-02,-5.1583752E+00,-2.0067719E-01
1.602801E-02,-5.1525769E+00,-1.8221405E-01
1.603128E-02,-5.1519666E+00,-1.6535309E-01
1.603456E-02,-5.1504407E+00,-1.4772919E-01
1.603784E-02,-5.1498303E+00,-1.3147858E-01
1.604111E-02,-5.1510510E+00,-1.1454132E-01
1.604439E-02,-5.1455579E+00,-9.8061829E-02
1.604767E-02,-5.1476941E+00,-8.0437927E-02
1.605094E-02,-5.1599011E+00,-6.3271790E-02
1.605422E-02,-5.1586804E+00,-4.6105652E-02
1.605750E-02,-5.1589856E+00,-2.9168396E-02
1.606077E-02,-5.1605115E+00,-1.1239319E-02
1.606405E-02,-5.1632581E+00,5.0112915E-03
1.606733E-02,-5.1714978E+00,2.3092957E-02
1.607060E-02,-5.1714978E+00,3.9877625E-02
1.607388E-02,-5.1788220E+00,5.8493347E-02
1.607716E-02,-5.1782117E+00,7.4743958E-02
1.608044E-02,-5.1754651E+00,9.2291565E-02
1.608371E-02,-5.1782117E+00,1.0953400E-01
1.608699E-02,-5.1760754E+00,1.2807343E-01
1.609027E-02,-5.1757703E+00,1.4363739E-01
1.609354E-02,-5.1809583E+00,1.6217682E-01
1.609682E-02,-5.1837048E+00,1.7865631E-01
1.610010E-02,-5.1824841E+00,1.9704315E-01
1.610337E-02,-5.1772961E+00,2.1352264E-01
1.610665E-02,-5.1772961E+00,2.3030731E-01
1.610993E-02,-5.1733289E+00,2.4678680E-01
1.611320E-02,-5.1751599E+00,2.6471588E-01
1.611648E-02,-5.1714978E+00,2.8073761E-01
1.611976E-02,-5.1714978E+00,2.9729340E-01
1.612303E-02,-5.1656995E+00,3.1491730E-01
1.612631E-02,-5.1702771E+00,3.3109161E-01
1.612959E-02,-5.1711926E+00,3.4680817E-01
1.613286E-02,-5.1745496E+00,3.6336395E-01
1.613614E-02,-5.1788220E+00,3.7984344E-01
1.613942E-02,-5.1791272E+00,3.9510223E-01
1.614269E-02,-5.1867566E+00,4.1081879E-01
1.614597E-02,-5.1928601E+00,4.2638275E-01
1.614925E-02,-5.1974377E+00,4.4103119E-01
1.615252E-02,-5.2047620E+00,4.5644257E-01
1.615580E-02,-5.2142224E+00,4.7208282E-01
1.615908E-02,-5.2139172E+00,4.8642609E-01
1.616236E-02,-5.2203259E+00,5.0145599E-01
1.616563E-02,-5.2181897E+00,5.1511261E-01
1.616891E-02,-5.2188000E+00,5.2953217E-01
1.617219E-02,-5.2221570E+00,5.4303619E-01
1.617546E-02,-5.2163586E+00,5.5753204E-01
1.617874E-02,-5.2181897E+00,5.7157013E-01
1.618202E-02,-5.2133069E+00,5.8347198E-01
1.618529E-02,-5.2114758E+00,5.9636566E-01
1.618857E-02,-5.2035413E+00,6.0956451E-01
1.619185E-02,-5.1977429E+00,6.2169525E-01
1.619512E-02,-5.2014050E+00,6.3382599E-01
1.619840E-02,-5.1953015E+00,6.4618561E-01
1.620168E-02,-5.1977429E+00,6.5831635E-01
1.620495E-02,-5.1937756E+00,6.6945526E-01
1.620823E-02,-5.1907239E+00,6.8128082E-01
1.621151E-02,-5.1937756E+00,6.9318268E-01
1.621478E-02,-5.1922498E+00,7.0371124E-01
1.621806E-02,-5.1956067E+00,7.1385834E-01
1.622134E-02,-5.1968274E+00,7.2423431E-01
1.622461E-02,-5.2029309E+00,7.3300812E-01
1.622789E-02,-5.2148328E+00,7.4384186E-01
1.623117E-02,-5.2142224E+00,7.5131866E-01
1.623444E-02,-5.2160535E+00,7.6146576E-01
1.623772E-02,-5.2157483E+00,7.6917145E-01
1.624100E-02,-5.2136121E+00,7.7855560E-01
1.624428E-02,-5.2065930E+00,7.8526947E-01
1.624755E-02,-5.2032361E+00,7.9373810E-01
1.625083E-02,-5.2004895E+00,8.0037567E-01
1.625411E-02,-5.1925549E+00,8.0914948E-01
1.625738E-02,-5.1800427E+00,8.1532928E-01
1.626066E-02,-5.1812634E+00,8.2166168E-01
1.626394E-02,-5.1791272E+00,8.2753632E-01
1.626721E-02,-5.1788220E+00,8.3447906E-01
1.627049E-02,-5.1718030E+00,8.3852264E-01
1.627377E-02,-5.1699719E+00,8.4439728E-01
1.627704E-02,-5.1617322E+00,8.4836456E-01
1.628032E-02,-5.1599011E+00,8.5477325E-01
1.628360E-02,-5.1635632E+00,8.5721466E-01
1.628687E-02,-5.1632581E+00,8.6163971E-01
1.629015E-02,-5.1721082E+00,8.6377594E-01
1.629343E-02,-5.1653943E+00,8.6797211E-01
1.629670E-02,-5.1733289E+00,8.6934540E-01
1.629998E-02,-5.1721082E+00,8.7247345E-01
1.630326E-02,-5.1766858E+00,8.7254974E-01
1.630653E-02,-5.1760754E+00,8.7552521E-01
1.630981E-02,-5.1727185E+00,8.7552521E-01
1.631309E-02,-5.1711926E+00,8.7758514E-01
1.631636E-02,-5.1693616E+00,8.7651703E-01
1.631964E-02,-5.1617322E+00,8.7903473E-01
1.632292E-02,-5.1583752E+00,8.7743256E-01
1.632620E-02,-5.1608167E+00,8.7918732E-01
1.632947E-02,-5.1574597E+00,8.7651703E-01
1.633275E-02,-5.1602063E+00,8.7644073E-01
1.633603E-02,-5.1623425E+00,8.7293121E-01
1.633930E-02,-5.1647839E+00,8.7239716E-01
1.634258E-02,-5.1638684E+00,8.6842987E-01
1.634586E-02,-5.1714978E+00,8.6698029E-01
1.634913E-02,-5.1718030E+00,8.6225006E-01
1.635241E-02,-5.1772961E+00,8.6064789E-01
1.635569E-02,-5.1757703E+00,8.5500214E-01
1.635896E-02,-5.1718030E+00,8.5240814E-01
1.636224E-02,-5.1772961E+00,8.4584686E-01
1.636552E-02,-5.1772961E+00,8.4363434E-01
1.636879E-02,-5.1769910E+00,8.3585236E-01
1.637207E-02,-5.1769910E+00,8.3295319E-01
1.637535E-02,-5.1815686E+00,8.2402679E-01
1.637862E-02,-5.1788220E+00,8.1967804E-01
1.638190E-02,-5.1766858E+00,8.1151459E-01
1.638518E-02,-5.1797375E+00,8.0670807E-01
1.638845E-02,-5.1785168E+00,7.9755280E-01
1.639173E-02,-5.1748547E+00,7.9122040E-01
1.639501E-02,-5.1760754E+00,7.8221771E-01
1.639828E-02,-5.1809583E+00,7.7641937E-01
1.640156E-02,-5.1809583E+00,7.6619598E-01
1.640484E-02,-5.1904187E+00,7.5963470E-01
1.640812E-02,-5.1846204E+00,7.4895355E-01
1.641139E-02,-5.1919446E+00,7.4124786E-01
1.641467E-02,-5.1937756E+00,7.3010895E-01
1.641795E-02,-5.1849255E+00,7.2026703E-01
1.642122E-02,-5.1879773E+00,7.0928070E-01
1.642450E-02,-5.1882825E+00,7.0020172E-01
1.642778E-02,-5.1815686E+00,6.8799469E-01
1.643105E-02,-5.1815686E+00,6.7853424E-01
1.643433E-02,-5.1794324E+00,6.6487762E-01
1.643761E-02,-5.1806531E+00,6.5534088E-01
1.644088E-02,-5.1821790E+00,6.4244720E-01
1.644416E-02,-5.1718030E+00,6.3184235E-01
1.644744E-02,-5.1785168E+00,6.1978790E-01
1.645071E-02,-5.1714978E+00,6.0773346E-01
1.645399E-02,-5.1803479E+00,5.9255096E-01
1.645727E-02,-5.1742444E+00,5.8087799E-01
1.646054E-02,-5.1763806E+00,5.6661102E-01
1.646382E-02,-5.1742444E+00,5.5470917E-01
1.646710E-02,-5.1687512E+00,5.3998444E-01
1.647037E-02,-5.1742444E+00,5.2724335E-01
1.647365E-02,-5.1733289E+00,5.1137421E-01
1.647693E-02,-5.1708875E+00,4.9779388E-01
1.648020E-02,-5.1748547E+00,4.8200104E-01
1.648348E-02,-5.1708875E+00,4.6826813E-01
1.648676E-02,-5.1763806E+00,4.5255157E-01
1.649004E-02,-5.1724133E+00,4.3797943E-01
1.649331E-02,-5.1763806E+00,4.2165253E-01
1.649659E-02,-5.1754651E+00,4.0776703E-01
1.649987E-02,-5.1748547E+00,3.9067719E-01
1.650314E-02,-5.1693616E+00,3.7549469E-01
1.650642E-02,-5.1647839E+00,3.5886261E-01
1.650970E-02,-5.1562390E+00,3.4223053E-01
1.651297E-02,-5.1571545E+00,3.2567474E-01
1.651625E-02,-5.1599011E+00,3.0965302E-01
1.651953E-02,-5.1635632E+00,2.9271576E-01
1.652280E-02,-5.1620374E+00,2.7577850E-01
1.652608E-02,-5.1708875E+00,2.5891754E-01
1.652936E-02,-5.1751599E+00,2.4297211E-01
1.653263E-02,-5.1821790E+00,2.2550079E-01
1.653591E-02,-5.1858411E+00,2.0863983E-01
1.653919E-02,-5.1959119E+00,1.9116852E-01
1.654246E-02,-5.1919446E+00,1.7507050E-01
1.654574E-02,-5.1977429E+00,1.5698883E-01
1.654902E-02,-5.2014050E+00,1.4020416E-01
1.655229E-02,-5.1937756E+00,1.2204620E-01
1.655557E-02,-5.1998792E+00,1.0549042E-01
1.655885E-02,-5.1965222E+00,8.7179871E-02
1.656212E-02,-5.1931653E+00,7.0242615E-02
1.656540E-02,-5.1965222E+00,5.2466125E-02
1.656868E-02,-5.1953015E+00,3.6291809E-02
1.657196E-02,-5.1943860E+00,1.8515320E-02
1.657523E-02,-5.1940808E+00,2.1121216E-03
1.657851E-02,-5.1983533E+00,-1.5969543E-02
1.658179E-02,-5.2017102E+00,-3.3974915E-02
1.658506E-02,-5.1998792E+00,-5.2056580E-02
1.658834E-02,-5.1949963E+00,-6.8993835E-02
1.659162E-02,-5.1916394E+00,-8.7228088E-02
1.659489E-02,-5.1864514E+00,-1.0370758E-01
1.659817E-02,-5.1870618E+00,-1.2087372E-01
1.660145E-02,-5.1895032E+00,-1.3697174E-01
1.660472E-02,-5.1873669E+00,-1.5421417E-01
1.660800E-02,-5.1934705E+00,-1.7115143E-01
1.661128E-02,-5.1904187E+00,-1.8824127E-01
1.661455E-02,-5.1864514E+00,-2.0479706E-01
1.661783E-02,-5.1959119E+00,-2.2127655E-01
1.662111E-02,-5.1919446E+00,-2.3813751E-01
1.662438E-02,-5.1992688E+00,-2.5408295E-01
1.662766E-02,-5.1971326E+00,-2.7002838E-01
1.663094E-02,-5.1995740E+00,-2.8681305E-01
1.663421E-02,-5.2081189E+00,-3.0306366E-01
1.663749E-02,-5.2072034E+00,-3.1908539E-01
1.664077E-02,-5.2117810E+00,-3.3434418E-01
1.664404E-02,-5.2093396E+00,-3.4975555E-01
1.664732E-02,-5.2029309E+00,-3.6425140E-01
1.665060E-02,-5.2014050E+00,-3.7973907E-01
1.665388E-02,-5.1983533E+00,-3.9522675E-01
1.665715E-02,-5.1962170E+00,-4.0987518E-01
1.666043E-02,-5.1928601E+00,-4.2505768E-01
1.666371E-02,-5.1946912E+00,-4.3940094E-01
1.666698E-02,-5.2004895E+00,-4.5504120E-01
1.667026E-02,-5.2041516E+00,-4.6824005E-01
1.667354E-02,-5.1937756E+00,-4.8296478E-01
1.667681E-02,-5.1974377E+00,-4.9601105E-01
1.668009E-02,-5.1916394E+00,-5.1012543E-01
1.668337E-02,-5.1873669E+00,-5.2248505E-01
1.668664E-02,-5.1940808E+00,-5.3667572E-01
1.668992E-02,-5.1849255E+00,-5.4934052E-01
1.669320E-02,-5.1971326E+00,-5.6223419E-01
1.669647E-02,-5.1974377E+00,-5.7405975E-01
1.669975E-02,-5.1995740E+00,-5.8626678E-01
1.670303E-02,-5.2068982E+00,-5.9755829E-01
1.670630E-02,-5.2075085E+00,-6.0991791E-01
1.670958E-02,-5.2111707E+00,-6.2090424E-01
1.671286E-02,-5.2111707E+00,-6.3280609E-01
1.671613E-02,-5.2145276E+00,-6.4287689E-01
1.671941E-02,-5.2157483E+00,-6.5416840E-01
1.672269E-02,-5.2090344E+00,-6.6370514E-01
1.672596E-02,-5.2096448E+00,-6.7415741E-01
1.672924E-02,-5.2108655E+00,-6.8209198E-01
1.673252E-02,-5.2072034E+00,-6.9147614E-01
1.673580E-02,-5.2023206E+00,-6.9956329E-01
1.673907E-02,-5.2029309E+00,-7.0902374E-01
1.674235E-02,-5.2007947E+00,-7.1619537E-01
1.674563E-02,-5.2014050E+00,-7.2535065E-01
1.674890E-02,-5.1995740E+00,-7.3236969E-01
1.675218E-02,-5.2001843E+00,-7.4053314E-01
1.675546E-02,-5.1885876E+00,-7.4656036E-01
1.675873E-02,-5.1943860E+00,-7.5487640E-01
1.676201E-02,-5.1852307E+00,-7.5953033E-01
1.676529E-02,-5.1870618E+00,-7.6693085E-01
1.676856E-02,-5.1794324E+00,-7.7135590E-01
1.677184E-02,-5.1803479E+00,-7.7677277E-01
1.677512E-02,-5.1794324E+00,-7.8005341E-01
1.677839E-02,-5.1757703E+00,-7.8669098E-01
1.678167E-02,-5.1772961E+00,-7.8966644E-01
1.678495E-02,-5.1782117E+00,-7.9470184E-01
1.678822E-02,-5.1812634E+00,-7.9645660E-01
1.679150E-02,-5.1745496E+00,-8.0149200E-01
1.679478E-02,-5.1727185E+00,-8.0332306E-01
1.679805E-02,-5.1714978E+00,-8.0698517E-01
1.680133E-02,-5.1751599E+00,-8.0759552E-01
1.680461E-02,-5.1708875E+00,-8.1156281E-01
1.680788E-02,-5.1714978E+00,-8.1095245E-01
1.681116E-02,-5.1714978E+00,-8.1446198E-01
1.681444E-02,-5.1797375E+00,-8.1324127E-01
1.681772E-02,-5.1730237E+00,-8.1545380E-01
1.682099E-02,-5.1727185E+00,-8.1316498E-01
1.682427E-02,-5.1766858E+00,-8.1400421E-01
1.682755E-02,-5.1724133E+00,-8.1209686E-01
1.683082E-02,-5.1760754E+00,-8.1285980E-01
1.683410E-02,-5.1736340E+00,-8.0973175E-01
1.683738E-02,-5.1751599E+00,-8.0942657E-01
1.684065E-02,-5.1736340E+00,-8.0538300E-01
1.684393E-02,-5.1714978E+00,-8.0500153E-01
1.684721E-02,-5.1754651E+00,-8.0011871E-01
1.685048E-02,-5.1748547E+00,-7.9844025E-01
1.685376E-02,-5.1776013E+00,-7.9340485E-01
1.685704E-02,-5.1779065E+00,-7.9081085E-01
1.686031E-02,-5.1812634E+00,-7.8424957E-01
1.686359E-02,-5.1788220E+00,-7.8295258E-01
1.686687E-02,-5.1858411E+00,-7.7524689E-01
1.687014E-02,-5.1861462E+00,-7.7211884E-01
1.687342E-02,-5.1925549E+00,-7.6448944E-01
1.687670E-02,-5.1855359E+00,-7.5945404E-01
1.687997E-02,-5.1791272E+00,-7.5228241E-01
1.688325E-02,-5.1827893E+00,-7.4778107E-01
1.688653E-02,-5.1797375E+00,-7.3786285E-01
1.688980E-02,-5.1763806E+00,-7.3320892E-01
1.689308E-02,-5.1724133E+00,-7.2306183E-01
1.689636E-02,-5.1699719E+00,-7.1634796E-01
1.689964E-02,-5.1724133E+00,-7.0704010E-01
1.690291E-02,-5.1714978E+00,-6.9979218E-01
1.690619E-02,-5.1742444E+00,-6.8956879E-01
1.690947E-02,-5.1733289E+00,-6.8132904E-01
1.691274E-02,-5.1754651E+00,-6.7049530E-01
1.691602E-02,-5.1760754E+00,-6.6202667E-01
1.691930E-02,-5.1776013E+00,-6.5050629E-01
1.692257E-02,-5.1788220E+00,-6.4150360E-01
1.692585E-02,-5.1861462E+00,-6.2960175E-01
1.692913E-02,-5.1818738E+00,-6.2021759E-01
1.693240E-02,-5.1885876E+00,-6.0747650E-01
1.693568E-02,-5.1864514E+00,-5.9710052E-01
1.693896E-02,-5.1910291E+00,-5.8397797E-01
1.694223E-02,-5.1962170E+00,-5.7375458E-01
1.694551E-02,-5.1843152E+00,-5.6040314E-01
1.694879E-02,-5.1916394E+00,-5.4888275E-01
1.695206E-02,-5.1922498E+00,-5.3537872E-01
1.695534E-02,-5.1916394E+00,-5.2355316E-01
1.695862E-02,-5.1888928E+00,-5.0905731E-01
1.696189E-02,-5.1815686E+00,-4.9623993E-01
1.696517E-02,-5.1772961E+00,-4.8182037E-01
1.696845E-02,-5.1788220E+00,-4.6846893E-01
1.697172E-02,-5.1760754E+00,-4.5336273E-01
1.697500E-02,-5.1855359E+00,-4.4016388E-01
1.697828E-02,-5.1794324E+00,-4.2421844E-01
1.698156E-02,-5.1803479E+00,-4.1094330E-01
1.698483E-02,-5.1760754E+00,-3.9438751E-01
1.698811E-02,-5.1714978E+00,-3.7966278E-01
1.699139E-02,-5.1696667E+00,-3.6364105E-01
1.699466E-02,-5.1666150E+00,-3.4800079E-01
1.699794E-02,-5.1666150E+00,-3.3228424E-01
1.700122E-02,-5.1656995E+00,-3.1702545E-01
1.700449E-02,-5.1644788E+00,-3.0046967E-01
1.700777E-02,-5.1647839E+00,-2.8444794E-01
1.701105E-02,-5.1708875E+00,-2.6766327E-01
1.701432E-02,-5.1721082E+00,-2.5225189E-01
1.701760E-02,-5.1705823E+00,-2.3561981E-01
1.702088E-02,-5.1742444E+00,-2.1990326E-01
1.702415E-02,-5.1739392E+00,-2.0319489E-01
1.702743E-02,-5.1708875E+00,-1.8641022E-01
1.703071E-02,-5.1745496E+00,-1.6832855E-01
1.703398E-02,-5.1772961E+00,-1.5131500E-01
1.703726E-02,-5.1742444E+00,-1.3384369E-01
1.704054E-02,-5.1772961E+00,-1.1789825E-01
1.704381E-02,-5.1727185E+00,-1.0157135E-01
1.704709E-02,-5.1714978E+00,-8.4328918E-02
1.705037E-02,-5.1751599E+00,-6.6552429E-02
1.705364E-02,-5.1812634E+00,-4.9309998E-02
1.705692E-02,-5.1803479E+00,-3.1380920E-02
1.706020E-02,-5.1855359E+00,-1.4825134E-02
1.706348E-02,-5.1818738E+00,3.1039429E-03
1.706675E-02,-5.1776013E+00,2.0804138E-02
1.707003E-02,-5.1769910E+00,3.8962097E-02
1.707331E-02,-5.1779065E+00,5.4754944E-02
1.707658E-02,-5.1739392E+00,7.2836609E-02
1.707986E-02,-5.1772961E+00,8.9621277E-02
1.708314E-02,-5.1757703E+00,1.0816071E-01
1.708641E-02,-5.1751599E+00,1.2532684E-01
1.708969E-02,-5.1821790E+00,1.4325592E-01
1.709297E-02,-5.1849255E+00,1.5981171E-01
1.709624E-02,-5.1824841E+00,1.7728302E-01
1.709952E-02,-5.1785168E+00,1.9475433E-01
1.710280E-02,-5.1760754E+00,2.1176788E-01
1.710607E-02,-5.1742444E+00,2.2855255E-01
1.710935E-02,-5.1678357E+00,2.4571869E-01
1.711263E-02,-5.1711926E+00,2.6265594E-01
1.711590E-02,-5.1705823E+00,2.7898285E-01
1.711918E-02,-5.1693616E+00,2.9584381E-01
1.712246E-02,-5.1699719E+00,3.1217072E-01
1.712573E-02,-5.1693616E+00,3.2834503E-01
1.712901E-02,-5.1727185E+00,3.4474823E-01
1.713229E-02,-5.1733289E+00,3.6199066E-01
1.713556E-02,-5.1751599E+00,3.7747833E-01
1.713884E-02,-5.1806531E+00,3.9334747E-01
1.714212E-02,-5.1849255E+00,4.0944550E-01
1.714540E-02,-5.1818738E+00,4.2508575E-01
1.714867E-02,-5.1873669E+00,4.3958160E-01
1.715195E-02,-5.1846204E+00,4.5491669E-01
1.715523E-02,-5.1818738E+00,4.7002289E-01
1.715850E-02,-5.1809583E+00,4.8596832E-01
1.716178E-02,-5.1754651E+00,5.0023529E-01
1.716506E-02,-5.1812634E+00,5.1434967E-01
1.716833E-02,-5.1730237E+00,5.2915070E-01
1.717161E-02,-5.1821790E+00,5.4341766E-01
1.717489E-02,-5.1870618E+00,5.5570099E-01
1.717816E-02,-5.1858411E+00,5.6951019E-01
1.718144E-02,-5.1974377E+00,5.8278534E-01
1.718472E-02,-5.1940808E+00,5.9545013E-01
1.718799E-02,-5.1949963E+00,6.0689423E-01
1.719127E-02,-5.1983533E+00,6.2032196E-01
1.719455E-02,-5.1983533E+00,6.3245270E-01
1.719782E-02,-5.1928601E+00,6.4496490E-01
1.720110E-02,-5.1965222E+00,6.5625641E-01
1.720438E-02,-5.1815686E+00,6.6884491E-01
1.720765E-02,-5.1821790E+00,6.7990753E-01
1.721093E-02,-5.1797375E+00,6.9226715E-01
1.721421E-02,-5.1766858E+00,7.0188019E-01
1.721748E-02,-5.1791272E+00,7.1370575E-01
1.722076E-02,-5.1800427E+00,7.2293732E-01
1.722404E-02,-5.1794324E+00,7.3422882E-01
1.722732E-02,-5.1779065E+00,7.4223969E-01
1.723059E-02,-5.1760754E+00,7.5177643E-01
1.723387E-02,-5.1788220E+00,7.5986359E-01
1.723715E-02,-5.1766858E+00,7.6886627E-01
1.724042E-02,-5.1782117E+00,7.7603790E-01
1.724370E-02,-5.1809583E+00,7.8572723E-01
1.724698E-02,-5.1812634E+00,7.9213593E-01
1.725025E-02,-5.1779065E+00,8.0090973E-01
1.725353E-02,-5.1794324E+00,8.0708954E-01
1.725681E-02,-5.1733289E+00,8.1502411E-01
1.726008E-02,-5.1711926E+00,8.2036469E-01
1.726336E-02,-5.1711926E+00,8.2807037E-01
1.726664E-02,-5.1699719E+00,8.3318207E-01
1.726991E-02,-5.1681409E+00,8.3913300E-01
1.727319E-02,-5.1763806E+00,8.4264252E-01
1.727647E-02,-5.1678357E+00,8.4943268E-01
1.727974E-02,-5.1757703E+00,8.5256073E-01
1.728302E-02,-5.1763806E+00,8.5751984E-01
1.728630E-02,-5.1815686E+00,8.6026642E-01
1.728957E-02,-5.1928601E+00,8.6362335E-01
1.729285E-02,-5.1922498E+00,8.6507294E-01
1.729613E-02,-5.1968274E+00,8.6957428E-01
1.729940E-02,-5.1946912E+00,8.7056610E-01
1.730268E-02,-5.1934705E+00,8.7407562E-01
1.730596E-02,-5.1977429E+00,8.7499115E-01
1.730924E-02,-5.1858411E+00,8.7735626E-01
1.731251E-02,-5.1922498E+00,8.7621185E-01
1.731579E-02,-5.1873669E+00,8.7888214E-01
1.731907E-02,-5.1934705E+00,8.7659332E-01
1.732234E-02,-5.1931653E+00,8.7834808E-01
1.732562E-02,-5.1980481E+00,8.7651703E-01
1.732890E-02,-5.1943860E+00,8.7727997E-01
1.733217E-02,-5.1992688E+00,8.7453339E-01
1.733545E-02,-5.1922498E+00,8.7544891E-01
1.733873E-02,-5.1931653E+00,8.7117645E-01
1.734200E-02,-5.1937756E+00,8.7110016E-01
1.734528E-02,-5.1916394E+00,8.6621735E-01
1.734856E-02,-5.1931653E+00,8.6583588E-01
1.735183E-02,-5.1904187E+00,8.5980865E-01
1.735511E-02,-5.1879773E+00,8.5813019E-01
1.735839E-02,-5.1916394E+00,8.5286591E-01
1.736166E-02,-5.1959119E+00,8.4973785E-01
1.736494E-02,-5.1989636E+00,8.4325287E-01
1.736822E-02,-5.1974377E+00,8.3936188E-01
1.737149E-02,-5.2035413E+00,8.3241913E-01
1.737477E-02,-5.2062878E+00,8.2837555E-01
1.737805E-02,-5.2084241E+00,8.1944916E-01
1.738132E-02,-5.2175793E+00,8.1479523E-01
1.738460E-02,-5.2136121E+00,8.0655548E-01
1.738788E-02,-5.2163586E+00,8.0174896E-01
1.739116E-02,-5.2221570E+00,7.9175446E-01
1.739443E-02,-5.2227673E+00,7.8603241E-01
1.739771E-02,-5.2252087E+00,7.7558014E-01
1.740099E-02,-5.2288708E+00,7.6878998E-01
1.740426E-02,-5.2322278E+00,7.5902435E-01
1.740754E-02,-5.2273450E+00,7.5124237E-01
1.741082E-02,-5.2319226E+00,7.4040863E-01
1.741409E-02,-5.2410779E+00,7.3216888E-01
1.741737E-02,-5.2343640E+00,7.2141144E-01
1.742065E-02,-5.2355847E+00,7.1271393E-01
1.742392E-02,-5.2328381E+00,7.0096466E-01
1.742720E-02,-5.2297864E+00,6.9081757E-01
1.743048E-02,-5.2361951E+00,6.7815277E-01
1.743375E-02,-5.2349744E+00,6.6853973E-01
1.743703E-02,-5.2340588E+00,6.5579865E-01
1.744031E-02,-5.2279553E+00,6.4481232E-01
1.744358E-02,-5.2242932E+00,6.3252899E-01
1.744686E-02,-5.2203259E+00,6.2116119E-01
1.745014E-02,-5.2172742E+00,6.0864899E-01
1.745341E-02,-5.2184949E+00,5.9598419E-01
1.745669E-02,-5.2276501E+00,5.8217499E-01
1.745997E-02,-5.2322278E+00,5.6951019E-01
1.746324E-02,-5.2300916E+00,5.5539581E-01
1.746652E-02,-5.2300916E+00,5.4295990E-01
1.746980E-02,-5.2224622E+00,5.2823517E-01
1.747308E-02,-5.2172742E+00,5.1465485E-01
1.747635E-02,-5.2068982E+00,4.9939606E-01
1.747963E-02,-5.2047620E+00,4.8650238E-01
1.748291E-02,-5.2044568E+00,4.7032806E-01
1.748618E-02,-5.2105603E+00,4.5667145E-01
1.748946E-02,-5.2130017E+00,4.4064972E-01
1.749274E-02,-5.2209363E+00,4.2569611E-01
1.749601E-02,-5.2221570E+00,4.0975067E-01
1.749929E-02,-5.2270398E+00,3.9456818E-01
1.750257E-02,-5.2325330E+00,3.7770721E-01
1.750584E-02,-5.2273450E+00,3.6160919E-01
1.750912E-02,-5.2282605E+00,3.4497711E-01
1.751240E-02,-5.2270398E+00,3.2933685E-01
1.751567E-02,-5.2273450E+00,3.1201813E-01
1.751895E-02,-5.2224622E+00,2.9614899E-01
1.752223E-02,-5.2236829E+00,2.7913544E-01
1.752550E-02,-5.2285657E+00,2.6303741E-01
1.752878E-02,-5.2276501E+00,2.4564240E-01
1.753206E-02,-5.2325330E+00,2.2839996E-01
1.753533E-02,-5.2325330E+00,2.1161530E-01
1.753861E-02,-5.2429089E+00,1.9521210E-01
1.754189E-02,-5.2447400E+00,1.7774078E-01
1.754516E-02,-5.2508435E+00,1.6011688E-01
1.754844E-02,-5.2468762E+00,1.4249298E-01
1.755172E-02,-5.2484021E+00,1.2586090E-01
1.755500E-02,-5.2401624E+00,1.0846588E-01
1.755827E-02,-5.2383313E+00,9.0918274E-02
1.756155E-02,-5.2361951E+00,7.3446960E-02
1.756483E-02,-5.2343640E+00,5.6967468E-02
1.756810E-02,-5.2239880E+00,3.9419861E-02
1.757138E-02,-5.2212415E+00,2.2101135E-02
1.757466E-02,-5.2157483E+00,4.4009399E-03
1.757793E-02,-5.2062878E+00,-1.2154846E-02
1.758121E-02,-5.1953015E+00,-2.9320984E-02
1.758449E-02,-5.1885876E+00,-4.6944885E-02
1.758776E-02,-5.1925549E+00,-6.4034729E-02
1.759104E-02,-5.1946912E+00,-8.1429749E-02
1.759432E-02,-5.1986584E+00,-9.8595886E-02
1.759759E-02,-5.1995740E+00,-1.1553314E-01
1.760087E-02,-5.2035413E+00,-1.3292816E-01
1.760415E-02,-5.2108655E+00,-1.4986542E-01
1.760742E-02,-5.2090344E+00,-1.6665009E-01
1.761070E-02,-5.2117810E+00,-1.8404510E-01
1.761398E-02,-5.2139172E+00,-2.0075348E-01
1.761725E-02,-5.2145276E+00,-2.1669891E-01
1.762053E-02,-5.2184949E+00,-2.3355988E-01
1.762381E-02,-5.2181897E+00,-2.4996307E-01
1.762708E-02,-5.2224622E+00,-2.6598480E-01
1.763036E-02,-5.2184949E+00,-2.8307465E-01
1.763364E-02,-5.2221570E+00,-2.9902008E-01
1.763692E-02,-5.2197156E+00,-3.1542328E-01
1.764019E-02,-5.2191052E+00,-3.3129242E-01
1.764347E-02,-5.2261243E+00,-3.4693268E-01
1.764675E-02,-5.2245984E+00,-3.6226776E-01
1.765002E-02,-5.2316174E+00,-3.7783173E-01
1.765330E-02,-5.2337537E+00,-3.9171722E-01
1.765658E-02,-5.2307019E+00,-4.0796783E-01
1.765985E-02,-5.2371106E+00,-4.2231110E-01
1.766313E-02,-5.2331433E+00,-4.3795135E-01
1.766641E-02,-5.2371106E+00,-4.5221832E-01
1.766968E-02,-5.2389417E+00,-4.6679047E-01
1.767296E-02,-5.2383313E+00,-4.7998932E-01
1.767624E-02,-5.2380261E+00,-4.9433258E-01
1.767951E-02,-5.2322278E+00,-5.0745514E-01
1.768279E-02,-5.2297864E+00,-5.2202728E-01
1.768607E-02,-5.2261243E+00,-5.3377655E-01
1.768934E-02,-5.2294812E+00,-5.4720428E-01
1.769262E-02,-5.2328381E+00,-5.5910614E-01
1.769590E-02,-5.2316174E+00,-5.7230499E-01
1.769917E-02,-5.2316174E+00,-5.8298615E-01
1.770245E-02,-5.2303967E+00,-5.9595612E-01
1.770573E-02,-5.2307019E+00,-6.0625580E-01
1.770900E-02,-5.2261243E+00,-6.1853912E-01
1.771228E-02,-5.2233777E+00,-6.2784698E-01
1.771556E-02,-5.2227673E+00,-6.3974884E-01
1.771884E-02,-5.2212415E+00,-6.4898041E-01
1.772211E-02,-5.2191052E+00,-6.6034821E-01
1.772539E-02,-5.2178845E+00,-6.6919830E-01
1.772867E-02,-5.2276501E+00,-6.8048981E-01
1.773194E-02,-5.2291760E+00,-6.8857697E-01
1.773522E-02,-5.2380261E+00,-6.9872406E-01
1.773850E-02,-5.2316174E+00,-7.0627716E-01
1.774177E-02,-5.2282605E+00,-7.1558502E-01
1.774505E-02,-5.2279553E+00,-7.2161224E-01
1.774833E-02,-5.2245984E+00,-7.3092010E-01
1.775160E-02,-5.2203259E+00,-7.3717621E-01
1.775488E-02,-5.2252087E+00,-7.4633148E-01
1.775816E-02,-5.2212415E+00,-7.5090912E-01
1.776143E-02,-5.2249036E+00,-7.5869110E-01
1.776471E-02,-5.2249036E+00,-7.6311615E-01
1.776799E-02,-5.2288708E+00,-7.7143219E-01
1.777126E-02,-5.2334485E+00,-7.7425507E-01
1.777454E-02,-5.2291760E+00,-7.8081635E-01
1.777782E-02,-5.2313123E+00,-7.8356293E-01
1.778109E-02,-5.2358899E+00,-7.8966644E-01
1.778437E-02,-5.2374158E+00,-7.9165009E-01
1.778765E-02,-5.2398572E+00,-7.9775360E-01
1.779092E-02,-5.2365002E+00,-7.9996613E-01
1.779420E-02,-5.2413831E+00,-8.0317047E-01
1.779748E-02,-5.2300916E+00,-8.0454376E-01
1.780076E-02,-5.2368054E+00,-8.0835846E-01
1.780403E-02,-5.2325330E+00,-8.0851105E-01
1.780731E-02,-5.2279553E+00,-8.1186798E-01
1.781059E-02,-5.2273450E+00,-8.1087616E-01
1.781386E-02,-5.2218518E+00,-8.1308868E-01
1.781714E-02,-5.2224622E+00,-8.1133392E-01
1.782042E-02,-5.2203259E+00,-8.1430939E-01
1.782369E-02,-5.2197156E+00,-8.1156281E-01
1.782697E-02,-5.2215466E+00,-8.1324127E-01
1.783025E-02,-5.2126965E+00,-8.1011322E-01
1.783352E-02,-5.2191052E+00,-8.1041840E-01
1.783680E-02,-5.2136121E+00,-8.0751923E-01
1.784008E-02,-5.2224622E+00,-8.0690887E-01
1.784335E-02,-5.2172742E+00,-8.0263641E-01
1.784663E-02,-5.2239880E+00,-8.0225494E-01
1.784991E-02,-5.2227673E+00,-7.9630402E-01
1.785318E-02,-5.2294812E+00,-7.9470184E-01
1.785646E-02,-5.2294812E+00,-7.8928497E-01
1.785974E-02,-5.2288708E+00,-7.8653839E-01
1.786301E-02,-5.2331433E+00,-7.8066376E-01
1.786629E-02,-5.2328381E+00,-7.7723053E-01
1.786957E-02,-5.2325330E+00,-7.7013519E-01
1.787284E-02,-5.2337537E+00,-7.6586273E-01
1.787612E-02,-5.2322278E+00,-7.5930145E-01
1.787940E-02,-5.2343640E+00,-7.5396088E-01
1.788268E-02,-5.2377209E+00,-7.4617889E-01
1.788595E-02,-5.2419934E+00,-7.4045685E-01
1.788923E-02,-5.2426038E+00,-7.3183563E-01
1.789251E-02,-5.2474866E+00,-7.2596100E-01
1.789578E-02,-5.2426038E+00,-7.1657684E-01
1.789906E-02,-5.2496228E+00,-7.1009186E-01
1.790234E-02,-5.2532849E+00,-6.9971588E-01
1.790561E-02,-5.2569470E+00,-6.9193390E-01
1.790889E-02,-5.2624402E+00,-6.8163422E-01
1.791217E-02,-5.2545056E+00,-6.7324188E-01
1.791544E-02,-5.2468762E+00,-6.6248444E-01
1.791872E-02,-5.2514539E+00,-6.5386322E-01
1.792200E-02,-5.2422986E+00,-6.4226654E-01
1.792527E-02,-5.2471814E+00,-6.3234833E-01
1.792855E-02,-5.2416882E+00,-6.2090424E-01
1.793183E-02,-5.2462659E+00,-6.0976532E-01
1.793510E-02,-5.2426038E+00,-5.9740570E-01
1.793838E-02,-5.2435193E+00,-5.8657196E-01
1.794166E-02,-5.2441296E+00,-5.7322052E-01
1.794493E-02,-5.2459607E+00,-5.6292084E-01
1.794821E-02,-5.2419934E+00,-5.4979828E-01
1.795149E-02,-5.2450452E+00,-5.3720978E-01
1.795476E-02,-5.2389417E+00,-5.2340057E-01
1.795804E-02,-5.2358899E+00,-5.1081207E-01
1.796132E-02,-5.2313123E+00,-4.9707916E-01
1.796460E-02,-5.2279553E+00,-4.8357513E-01
1.796787E-02,-5.2325330E+00,-4.6877411E-01
1.797115E-02,-5.2282605E+00,-4.5572784E-01
1.797443E-02,-5.2334485E+00,-4.4092682E-01
1.797770E-02,-5.2316174E+00,-4.2673615E-01
1.798098E-02,-5.2270398E+00,-4.1063812E-01
1.798426E-02,-5.2310071E+00,-3.9598969E-01
1.798753E-02,-5.2258191E+00,-3.7958649E-01
1.799081E-02,-5.2261243E+00,-3.6577728E-01
1.799409E-02,-5.2291760E+00,-3.4952667E-01
1.799736E-02,-5.2310071E+00,-3.3472565E-01
1.800064E-02,-5.2325330E+00,-3.1870392E-01
1.800392E-02,-5.2337537E+00,-3.0336884E-01
1.800719E-02,-5.2429089E+00,-2.8597382E-01
1.801047E-02,-5.2368054E+00,-2.7002838E-01
1.801375E-02,-5.2435193E+00,-2.5370148E-01
1.801702E-02,-5.2392468E+00,-2.3829010E-01
1.802030E-02,-5.2453503E+00,-2.2173431E-01
1.802358E-02,-5.2517590E+00,-2.0647552E-01
1.802685E-02,-5.2575574E+00,-1.8847015E-01
1.803013E-02,-5.2578625E+00,-1.7214325E-01
1.803341E-02,-5.2584729E+00,-1.5436676E-01
1.803668E-02,-5.2603040E+00,-1.3811615E-01
1.803996E-02,-5.2566418E+00,-1.2056854E-01
1.804324E-02,-5.2609143E+00,-1.0454681E-01
1.804652E-02,-5.2520642E+00,-8.7151794E-02
1.804979E-02,-5.2511487E+00,-6.9985657E-02
1.805307E-02,-5.2444348E+00,-5.2361755E-02
1.805635E-02,-5.2380261E+00,-3.4661560E-02
1.805962E-02,-5.2392468E+00,-1.7037659E-02
1.806290E-02,-5.2365002E+00,6.6253662E-04
1.806618E-02,-5.2438245E+00,1.8210144E-02
1.806945E-02,-5.2419934E+00,3.5986633E-02
1.807273E-02,-5.2410779E+00,5.2771301E-02
1.807601E-02,-5.2361951E+00,6.9403381E-02
1.807928E-02,-5.2441296E+00,8.7866516E-02
1.808256E-02,-5.2377209E+00,1.0472748E-01
1.808584E-02,-5.2453503E+00,1.2242767E-01
1.808911E-02,-5.2426038E+00,1.3989899E-01
1.809239E-02,-5.2450452E+00,1.5737030E-01
1.809567E-02,-5.2474866E+00,1.7453644E-01
1.809894E-02,-5.2429089E+00,1.9154999E-01
1.810222E-02,-5.2392468E+00,2.0818207E-01
1.810550E-02,-5.2383313E+00,2.2603485E-01
1.810877E-02,-5.2285657E+00,2.4274323E-01
1.811205E-02,-5.2349744E+00,2.5884125E-01
1.811533E-02,-5.2358899E+00,2.7539703E-01
1.811860E-02,-5.2374158E+00,2.9210541E-01
1.812188E-02,-5.2389417E+00,3.0843231E-01
1.812516E-02,-5.2392468E+00,3.2521698E-01
1.812844E-02,-5.2404675E+00,3.4108612E-01
1.813171E-02,-5.2468762E+00,3.5703156E-01
1.813499E-02,-5.2471814E+00,3.7358734E-01
1.813827E-02,-5.2502332E+00,3.8968536E-01
1.814154E-02,-5.2575574E+00,4.0601227E-01
1.814482E-02,-5.2490125E+00,4.2111847E-01
1.814810E-02,-5.2450452E+00,4.3660614E-01
1.815137E-02,-5.2419934E+00,4.5133087E-01
1.815465E-02,-5.2413831E+00,4.6773407E-01
1.815793E-02,-5.2480969E+00,4.8200104E-01
1.816120E-02,-5.2499280E+00,4.9725983E-01
1.816448E-02,-5.2621350E+00,5.1061127E-01
1.816776E-02,-5.2609143E+00,5.2602264E-01
1.817103E-02,-5.2676282E+00,5.3914520E-01
1.817431E-02,-5.2636609E+00,5.5333588E-01
1.817759E-02,-5.2654919E+00,5.6569550E-01
1.818086E-02,-5.2642712E+00,5.8019135E-01
1.818414E-02,-5.2661023E+00,5.9262726E-01
1.818742E-02,-5.2639661E+00,6.0536835E-01
1.819069E-02,-5.2551160E+00,6.1749908E-01
1.819397E-02,-5.2618298E+00,6.3046906E-01
1.819725E-02,-5.2667126E+00,6.4191315E-01
1.820052E-02,-5.2667126E+00,6.5465424E-01
1.820380E-02,-5.2636609E+00,6.6518280E-01
1.820708E-02,-5.2618298E+00,6.7738983E-01
1.821036E-02,-5.2682385E+00,6.8799469E-01
1.821363E-02,-5.2621350E+00,6.9989655E-01
1.821691E-02,-5.2593884E+00,7.0981476E-01
1.822019E-02,-5.2551160E+00,7.2102997E-01
1.822346E-02,-5.2590833E+00,7.3003265E-01
1.822674E-02,-5.2593884E+00,7.3979828E-01
1.823002E-02,-5.2596936E+00,7.4780914E-01
1.823329E-02,-5.2633557E+00,7.5810883E-01
1.823657E-02,-5.2630505E+00,7.6650116E-01
1.823985E-02,-5.2685437E+00,7.7527496E-01
1.824312E-02,-5.2636609E+00,7.8244659E-01
1.824640E-02,-5.2603040E+00,7.9198334E-01
1.824968E-02,-5.2590833E+00,7.9823944E-01
1.825295E-02,-5.2624402E+00,8.0594513E-01
1.825623E-02,-5.2664075E+00,8.1174347E-01
1.825951E-02,-5.2645764E+00,8.1883881E-01
1.826278E-02,-5.2618298E+00,8.2410309E-01
1.826606E-02,-5.2523694E+00,8.3219025E-01
1.826934E-02,-5.2499280E+00,8.3631012E-01
1.827261E-02,-5.2456555E+00,8.4233734E-01
1.827589E-02,-5.2520642E+00,8.4577057E-01
1.827917E-02,-5.2383313E+00,8.5156891E-01
1.828244E-02,-5.2490125E+00,8.5362885E-01
1.828572E-02,-5.2517590E+00,8.5980865E-01
1.828900E-02,-5.2529797E+00,8.6133453E-01
1.829228E-02,-5.2532849E+00,8.6614105E-01
1.829555E-02,-5.2535901E+00,8.6667511E-01
1.829883E-02,-5.2520642E+00,8.7102386E-01
1.830211E-02,-5.2606091E+00,8.7163422E-01
1.830538E-02,-5.2575574E+00,8.7483856E-01
1.830866E-02,-5.2636609E+00,8.7544891E-01
1.831194E-02,-5.2569470E+00,8.7857697E-01
1.831521E-02,-5.2633557E+00,8.7666962E-01
1.831849E-02,-5.2596936E+00,8.7811920E-01
1.832177E-02,-5.2624402E+00,8.7666962E-01
1.832504E-02,-5.2627454E+00,8.7727997E-01
1.832832E-02,-5.2633557E+00,8.7499115E-01
1.833160E-02,-5.2636609E+00,8.7552521E-01
1.833487E-02,-5.2566418E+00,8.7171051E-01
1.833815E-02,-5.2535901E+00,8.7224457E-01
1.834143E-02,-5.2584729E+00,8.6827728E-01
1.834470E-02,-5.2505383E+00,8.6667511E-01
1.834798E-02,-5.2557263E+00,8.6217377E-01
1.835126E-02,-5.2493176E+00,8.6102936E-01
1.835453E-02,-5.2542004E+00,8.5607025E-01
1.835781E-02,-5.2520642E+00,8.5393402E-01
1.836109E-02,-5.2508435E+00,8.4752533E-01
1.836436E-02,-5.2480969E+00,8.4439728E-01
1.836764E-02,-5.2505383E+00,8.3760712E-01
1.837092E-02,-5.2426038E+00,8.3386871E-01
1.837420E-02,-5.2447400E+00,8.2692596E-01
1.837747E-02,-5.2395520E+00,8.2166168E-01
1.838075E-02,-5.2453503E+00,8.1426117E-01
1.838403E-02,-5.2404675E+00,8.0869171E-01
1.838730E-02,-5.2365002E+00,7.9968903E-01
1.839058E-02,-5.2426038E+00,7.9419586E-01
1.839386E-02,-5.2450452E+00,7.8572723E-01
1.839713E-02,-5.2422986E+00,7.7855560E-01
1.840041E-02,-5.2426038E+00,7.6856110E-01
1.840369E-02,-5.2386365E+00,7.6192352E-01
1.840696E-02,-5.2392468E+00,7.5208160E-01
1.841024E-02,-5.2368054E+00,7.4536774E-01
1.841352E-02,-5.2322278E+00,7.3445770E-01
1.841679E-02,-5.2264294E+00,7.2530243E-01
1.842007E-02,-5.2273450E+00,7.1378204E-01
1.842335E-02,-5.2188000E+00,7.0477936E-01
1.842662E-02,-5.2181897E+00,6.9272491E-01
1.842990E-02,-5.2181897E+00,6.8280670E-01
1.843318E-02,-5.2200208E+00,6.7006561E-01
1.843645E-02,-5.2136121E+00,6.5930817E-01
1.843973E-02,-5.2120862E+00,6.4733002E-01
1.844301E-02,-5.2142224E+00,6.3649628E-01
1.844628E-02,-5.2166638E+00,6.2268707E-01
1.844956E-02,-5.2218518E+00,6.1162445E-01
1.845284E-02,-5.2258191E+00,5.9781525E-01
1.845612E-02,-5.2282605E+00,5.8545563E-01
1.845939E-02,-5.2310071E+00,5.7164642E-01
1.846267E-02,-5.2291760E+00,5.5928680E-01
1.846595E-02,-5.2285657E+00,5.4418060E-01
1.846922E-02,-5.2319226E+00,5.3136322E-01
1.847250E-02,-5.2294812E+00,5.1648590E-01
1.847578E-02,-5.2267346E+00,5.0298187E-01
1.847905E-02,-5.2273450E+00,4.8734161E-01
1.848233E-02,-5.2297864E+00,4.7307465E-01
1.848561E-02,-5.2264294E+00,4.5743439E-01
1.848888E-02,-5.2349744E+00,4.4301483E-01
1.849216E-02,-5.2355847E+00,4.2630646E-01
1.849544E-02,-5.2426038E+00,4.1257355E-01
1.849871E-02,-5.2447400E+00,3.9578888E-01
1.850199E-02,-5.2444348E+00,3.8060638E-01
1.850527E-02,-5.2410779E+00,3.6344025E-01
1.850854E-02,-5.2386365E+00,3.4810516E-01
1.851182E-02,-5.2410779E+00,3.3086273E-01
1.851510E-02,-5.2383313E+00,3.1461212E-01
1.851837E-02,-5.2361951E+00,2.9775116E-01
1.852165E-02,-5.2398572E+00,2.8203461E-01
1.852493E-02,-5.2365002E+00,2.6433441E-01
1.852820E-02,-5.2407727E+00,2.4800751E-01
1.853148E-02,-5.2404675E+00,2.3061249E-01
1.853476E-02,-5.2389417E+00,2.1459076E-01
1.853804E-02,-5.2316174E+00,1.9666168E-01
1.854131E-02,-5.2365002E+00,1.7980072E-01
1.854459E-02,-5.2416882E+00,1.6248199E-01
1.854787E-02,-5.2422986E+00,1.4539215E-01
1.855114E-02,-5.2456555E+00,1.2876007E-01
1.855442E-02,-5.2511487E+00,1.1212799E-01
1.855770E-02,-5.2545056E+00,9.4122620E-02
1.856097E-02,-5.2560315E+00,7.6727600E-02
1.856425E-02,-5.2606091E+00,5.8798523E-02
1.856753E-02,-5.2657971E+00,4.1937561E-02
1.857080E-02,-5.2654919E+00,2.4161072E-02
1.857408E-02,-5.2606091E+00,7.8341675E-03
1.857736E-02,-5.2563367E+00,-9.4845581E-03
1.858063E-02,-5.2529797E+00,-2.6803284E-02
1.858391E-02,-5.2517590E+00,-4.4274597E-02
1.858719E-02,-5.2511487E+00,-6.2127380E-02
1.859046E-02,-5.2471814E+00,-7.9369812E-02
1.859374E-02,-5.2487073E+00,-9.6764832E-02
1.859702E-02,-5.2447400E+00,-1.1385468E-01
1.860029E-02,-5.2450452E+00,-1.3071564E-01
1.860357E-02,-5.2487073E+00,-1.4704254E-01
1.860685E-02,-5.2462659E+00,-1.6420868E-01
1.861012E-02,-5.2422986E+00,-1.8129852E-01
1.861340E-02,-5.2422986E+00,-1.9838837E-01
1.861668E-02,-5.2413831E+00,-2.1494415E-01
1.861996E-02,-5.2419934E+00,-2.3180511E-01
1.862323E-02,-5.2419934E+00,-2.4790314E-01
1.862651E-02,-5.2410779E+00,-2.6278046E-01
1.862979E-02,-5.2444348E+00,-2.7956512E-01
1.863306E-02,-5.2432141E+00,-2.9650238E-01
1.863634E-02,-5.2374158E+00,-3.1221893E-01
1.863962E-02,-5.2355847E+00,-3.2816437E-01
1.864289E-02,-5.2365002E+00,-3.4342316E-01
1.864617E-02,-5.2374158E+00,-3.5868195E-01
1.864945E-02,-5.2416882E+00,-3.7424591E-01
1.865272E-02,-5.2447400E+00,-3.9011505E-01
1.865600E-02,-5.2487073E+00,-4.0445831E-01
1.865928E-02,-5.2502332E+00,-4.2017487E-01
1.866255E-02,-5.2526746E+00,-4.3451813E-01
1.866583E-02,-5.2532849E+00,-4.5031097E-01
1.866911E-02,-5.2575574E+00,-4.6305206E-01
1.867238E-02,-5.2563367E+00,-4.7869232E-01
1.867566E-02,-5.2566418E+00,-4.9204376E-01
1.867894E-02,-5.2535901E+00,-5.0570038E-01
1.868221E-02,-5.2487073E+00,-5.1813629E-01
1.868549E-02,-5.2538953E+00,-5.3179291E-01
1.868877E-02,-5.2499280E+00,-5.4392365E-01
1.869204E-02,-5.2526746E+00,-5.5788544E-01
1.869532E-02,-5.2590833E+00,-5.6917694E-01
1.869860E-02,-5.2542004E+00,-5.8237579E-01
1.870188E-02,-5.2572522E+00,-5.9252289E-01
1.870515E-02,-5.2566418E+00,-6.0564545E-01
1.870843E-02,-5.2578625E+00,-6.1586884E-01
