in s,C1 in V,C2 in V
7.880018E-02,-4.6989441E-02,-9.8601532E-01
7.880346E-02,-4.6531677E-02,-9.5198822E-01
7.880673E-02,-4.6302795E-02,-9.1635895E-01
7.881001E-02,-4.6684265E-02,-8.8011932E-01
7.881329E-02,-4.5845032E-02,-8.4479523E-01
7.881656E-02,-4.5768738E-02,-8.0802155E-01
7.881984E-02,-4.5997620E-02,-7.7017975E-01
7.882312E-02,-4.6073914E-02,-7.3294830E-01
7.882639E-02,-4.6073914E-02,-6.9472504E-01
7.882967E-02,-4.5158386E-02,-6.5612030E-01
7.883295E-02,-4.5463562E-02,-6.1621857E-01
7.883622E-02,-4.5768738E-02,-5.7616425E-01
7.883950E-02,-4.4929504E-02,-5.3618622E-01
7.884278E-02,-4.5387268E-02,-4.9491119E-01
7.884605E-02,-4.4929504E-02,-4.5378876E-01
7.884933E-02,-4.4853210E-02,-4.1228485E-01
7.885261E-02,-4.3861389E-02,-3.7139130E-01
7.885588E-02,-4.4166565E-02,-3.2889557E-01
7.885916E-02,-4.4853210E-02,-2.8716278E-01
7.886244E-02,-4.3479919E-02,-2.4520111E-01
7.886572E-02,-4.3022156E-02,-2.0209503E-01
7.886899E-02,-4.3022156E-02,-1.5891266E-01
7.887227E-02,-4.2564392E-02,-1.1573029E-01
7.887555E-02,-4.3022156E-02,-7.2853088E-02
7.887882E-02,-4.3022156E-02,-2.8526306E-02
7.888210E-02,-4.2793274E-02,1.5647888E-02
7.888538E-02,-4.3174744E-02,5.9364319E-02
7.888865E-02,-4.2716980E-02,1.0460663E-01
7.889193E-02,-4.2716980E-02,1.4923859E-01
7.889521E-02,-4.2640686E-02,1.9356537E-01
7.889848E-02,-4.3556213E-02,2.3834991E-01
7.890176E-02,-4.3403625E-02,2.8290558E-01
7.890504E-02,-4.3022156E-02,3.2875824E-01
7.890831E-02,-4.3098450E-02,3.7255096E-01
7.891159E-02,-4.3556213E-02,4.1825104E-01
7.891487E-02,-4.4624329E-02,4.6311188E-01
7.891814E-02,-4.4853210E-02,5.0812531E-01
7.892142E-02,-4.5997620E-02,5.5092621E-01
7.892470E-02,-4.6226501E-02,5.9563446E-01
7.892797E-02,-4.6531677E-02,6.4080048E-01
7.893125E-02,-4.6455383E-02,6.8558502E-01
7.893453E-02,-4.6607971E-02,7.2899628E-01
7.893780E-02,-4.7370911E-02,7.7393341E-01
7.894108E-02,-4.7752380E-02,8.1848907E-01
7.894436E-02,-4.8973083E-02,8.6350250E-01
7.894764E-02,-4.8439026E-02,9.0699005E-01
7.895091E-02,-4.9507141E-02,9.5276642E-01
7.895419E-02,-5.0575256E-02,9.9602509E-01
7.895747E-02,-5.1872253E-02,1.0398941E+00
7.896074E-02,-5.2177429E-02,1.0828476E+00
7.896402E-02,-5.3321838E-02,1.1258011E+00
7.896730E-02,-5.4771423E-02,1.1673813E+00
7.897057E-02,-5.5458069E-02,1.2102585E+00
7.897385E-02,-5.6526184E-02,1.2518387E+00
7.897713E-02,-5.7518005E-02,1.2940292E+00
7.898040E-02,-5.8433533E-02,1.3350754E+00
7.898368E-02,-5.9272766E-02,1.3763504E+00
7.898696E-02,-6.0874939E-02,1.4171677E+00
7.899023E-02,-6.1714172E-02,1.4572983E+00
7.899351E-02,-6.3087463E-02,1.4964371E+00
7.899679E-02,-6.4002991E-02,1.5349655E+00
7.900006E-02,-6.5147400E-02,1.5741806E+00
7.900334E-02,-6.7893982E-02,1.6124039E+00
7.900662E-02,-6.8809509E-02,1.6498642E+00
7.900989E-02,-7.0793152E-02,1.6876297E+00
7.901317E-02,-7.2853088E-02,1.7241745E+00
7.901645E-02,-7.4150085E-02,1.7611008E+00
7.901972E-02,-7.5752258E-02,1.7968826E+00
7.902300E-02,-7.8575134E-02,1.8325119E+00
7.902628E-02,-7.9719543E-02,1.8676834E+00
7.902956E-02,-8.1779480E-02,1.9014816E+00
7.903283E-02,-8.4526062E-02,1.9347458E+00
7.903611E-02,-8.5823059E-02,1.9673996E+00
7.903939E-02,-8.8417053E-02,2.0000534E+00
7.904266E-02,-9.0324402E-02,2.0326309E+00
7.904594E-02,-9.2765808E-02,2.0640640E+00
7.904922E-02,-9.4673157E-02,2.0949631E+00
7.905249E-02,-9.6961975E-02,2.1236496E+00
7.905577E-02,-9.9479675E-02,2.1525650E+00
7.905905E-02,-1.0276031E-01,2.1804123E+00
7.906232E-02,-1.0543060E-01,2.2081070E+00
7.906560E-02,-1.0787201E-01,2.2344284E+00
7.906888E-02,-1.1000824E-01,2.2605209E+00
7.907215E-02,-1.1283112E-01,2.2857742E+00
7.907543E-02,-1.1504364E-01,2.3104172E+00
7.907871E-02,-1.1771393E-01,2.3333054E+00
7.908198E-02,-1.2107086E-01,2.3555069E+00
7.908526E-02,-1.2351227E-01,2.3776321E+00
7.908854E-02,-1.2610626E-01,2.3992996E+00
7.909181E-02,-1.2839508E-01,2.4204330E+00
7.909509E-02,-1.3167572E-01,2.4401169E+00
7.909837E-02,-1.3396454E-01,2.4584274E+00
7.910164E-02,-1.3770294E-01,2.4764328E+00
7.910492E-02,-1.4075470E-01,2.4933701E+00
7.910820E-02,-1.4281464E-01,2.5097733E+00
7.911148E-02,-1.4617157E-01,2.5244980E+00
7.911475E-02,-1.4937592E-01,2.5393753E+00
7.911803E-02,-1.5235138E-01,2.5529556E+00
7.912131E-02,-1.5471649E-01,2.5647812E+00
7.912458E-02,-1.5807343E-01,2.5767593E+00
7.912786E-02,-1.6074371E-01,2.5880508E+00
7.913114E-02,-1.6349030E-01,2.5983505E+00
7.913441E-02,-1.6661835E-01,2.6076584E+00
7.913769E-02,-1.6852570E-01,2.6164322E+00
7.914097E-02,-1.7195892E-01,2.6223831E+00
7.914424E-02,-1.7546844E-01,2.6292496E+00
7.914752E-02,-1.7760468E-01,2.6352005E+00
7.915080E-02,-1.8119049E-01,2.6399307E+00
7.915407E-02,-1.8370819E-01,2.6438980E+00
7.915735E-02,-1.8660736E-01,2.6462631E+00
7.916063E-02,-1.8965912E-01,2.6474838E+00
7.916390E-02,-1.9217682E-01,2.6483231E+00
7.916718E-02,-1.9591522E-01,2.6493149E+00
7.917046E-02,-1.9820404E-01,2.6476364E+00
7.917373E-02,-2.0163727E-01,2.6473312E+00
7.917701E-02,-2.0400238E-01,2.6438217E+00
7.918029E-02,-2.0720673E-01,2.6397781E+00
7.918356E-02,-2.1010590E-01,2.6348953E+00
7.918684E-02,-2.1186066E-01,2.6299362E+00
7.919012E-02,-2.1544647E-01,2.6232224E+00
7.919340E-02,-2.1788788E-01,2.6168137E+00
7.919667E-02,-2.2093964E-01,2.6088028E+00
7.919995E-02,-2.2383881E-01,2.5988846E+00
7.920323E-02,-2.2605133E-01,2.5888138E+00
7.920650E-02,-2.2872162E-01,2.5779800E+00
7.920978E-02,-2.3162079E-01,2.5662308E+00
7.921306E-02,-2.3291779E-01,2.5541763E+00
7.921633E-02,-2.3566437E-01,2.5395279E+00
7.921961E-02,-2.3764801E-01,2.5251846E+00
7.922289E-02,-2.3940277E-01,2.5100021E+00
7.922616E-02,-2.4176788E-01,2.4945908E+00
7.922944E-02,-2.4443817E-01,2.4776535E+00
7.923272E-02,-2.4604034E-01,2.4600296E+00
7.923599E-02,-2.4825287E-01,2.4416428E+00
7.923927E-02,-2.5000763E-01,2.4221878E+00
7.924255E-02,-2.5183868E-01,2.4008255E+00
7.924582E-02,-2.5359344E-01,2.3803024E+00
7.924910E-02,-2.5481415E-01,2.3579483E+00
7.925238E-02,-2.5649261E-01,2.3342209E+00
7.925565E-02,-2.5786591E-01,2.3116379E+00
7.925893E-02,-2.6023102E-01,2.2867661E+00
7.926221E-02,-2.6091766E-01,2.2627335E+00
7.926548E-02,-2.6290131E-01,2.2357254E+00
7.926876E-02,-2.6412201E-01,2.2106247E+00
7.927204E-02,-2.6541901E-01,2.1832352E+00
7.927532E-02,-2.6694489E-01,2.1550064E+00
7.927859E-02,-2.6793671E-01,2.1263962E+00
7.928187E-02,-2.6847076E-01,2.0967941E+00
7.928515E-02,-2.6976776E-01,2.0665817E+00
7.928842E-02,-2.7068329E-01,2.0351486E+00
7.929170E-02,-2.7121735E-01,2.0036392E+00
7.929498E-02,-2.7236176E-01,1.9715195E+00
7.929825E-02,-2.7381134E-01,1.9390182E+00
7.930153E-02,-2.7457428E-01,1.9051437E+00
7.930481E-02,-2.7533722E-01,1.8718033E+00
7.930808E-02,-2.7579498E-01,1.8361740E+00
7.931136E-02,-2.7556610E-01,1.8012314E+00
7.931464E-02,-2.7610016E-01,1.7656021E+00
7.931791E-02,-2.7640533E-01,1.7289047E+00
7.932119E-02,-2.7770233E-01,1.6923599E+00
7.932447E-02,-2.7709198E-01,1.6548996E+00
7.932774E-02,-2.7808380E-01,1.6171341E+00
7.933102E-02,-2.7747345E-01,1.5786057E+00
7.933430E-02,-2.7831268E-01,1.5403061E+00
7.933757E-02,-2.7793121E-01,1.5020065E+00
7.934085E-02,-2.7800751E-01,1.4634018E+00
7.934413E-02,-2.7884674E-01,1.4222794E+00
7.934740E-02,-2.7816010E-01,1.3824539E+00
7.935068E-02,-2.7877045E-01,1.3408737E+00
7.935396E-02,-2.7770233E-01,1.2989120E+00
7.935724E-02,-2.7869415E-01,1.2570267E+00
7.936051E-02,-2.7793121E-01,1.2152939E+00
7.936379E-02,-2.7754974E-01,1.1737137E+00
7.936707E-02,-2.7709198E-01,1.1312180E+00
7.937034E-02,-2.7678680E-01,1.0882645E+00
7.937362E-02,-2.7632904E-01,1.0456161E+00
7.937690E-02,-2.7610016E-01,1.0016708E+00
7.938017E-02,-2.7564240E-01,9.5864105E-01
7.938345E-02,-2.7526093E-01,9.1423798E-01
7.938673E-02,-2.7587128E-01,8.7014008E-01
7.939000E-02,-2.7518463E-01,8.2512665E-01
7.939328E-02,-2.7396393E-01,7.8072357E-01
7.939656E-02,-2.7320099E-01,7.3601532E-01
7.939983E-02,-2.7251434E-01,6.9145966E-01
7.940311E-02,-2.7243805E-01,6.4728546E-01
7.940639E-02,-2.7198029E-01,6.0211945E-01
7.940966E-02,-2.7136993E-01,5.5794525E-01
7.941294E-02,-2.7045441E-01,5.1422882E-01
7.941622E-02,-2.7068329E-01,4.6967316E-01
7.941949E-02,-2.6976776E-01,4.2488861E-01
7.942277E-02,-2.6877594E-01,3.8018036E-01
7.942605E-02,-2.6824188E-01,3.3615875E-01
7.942932E-02,-2.6793671E-01,2.9053497E-01
7.943260E-02,-2.6702118E-01,2.4643707E-01
7.943588E-02,-2.6625824E-01,2.0172882E-01
7.943916E-02,-2.6625824E-01,1.5656281E-01
7.944243E-02,-2.6519012E-01,1.1162567E-01
7.944571E-02,-2.6450348E-01,6.7451477E-02
7.944899E-02,-2.6374054E-01,2.2666931E-02
7.945226E-02,-2.6290131E-01,-2.1049500E-02
7.945554E-02,-2.6221466E-01,-6.5147400E-02
7.945882E-02,-2.6175690E-01,-1.0878754E-01
7.946209E-02,-2.6053619E-01,-1.5235138E-01
7.946537E-02,-2.6045990E-01,-1.9538116E-01
7.946865E-02,-2.5984955E-01,-2.3848724E-01
7.947192E-02,-2.5946808E-01,-2.8090668E-01
7.947520E-02,-2.5870514E-01,-3.2279205E-01
7.947848E-02,-2.5817108E-01,-3.6444855E-01
7.948175E-02,-2.5801849E-01,-4.0633392E-01
7.948503E-02,-2.5756073E-01,-4.4707489E-01
7.948831E-02,-2.5710297E-01,-4.8842621E-01
7.949158E-02,-2.5649261E-01,-5.2870941E-01
7.949486E-02,-2.5580597E-01,-5.6822968E-01
7.949814E-02,-2.5580597E-01,-6.0843658E-01
7.950141E-02,-2.5458527E-01,-6.4765167E-01
7.950469E-02,-2.5519562E-01,-6.8709564E-01
7.950797E-02,-2.5428009E-01,-7.2524261E-01
7.951124E-02,-2.5321198E-01,-7.6331329E-01
7.951452E-02,-2.5328827E-01,-8.0084991E-01
7.951780E-02,-2.5290680E-01,-8.3731842E-01
7.952108E-02,-2.5267792E-01,-8.7325287E-01
7.952435E-02,-2.5191498E-01,-9.0956879E-01
7.952763E-02,-2.5138092E-01,-9.4489288E-01
7.953091E-02,-2.5107574E-01,-9.7968292E-01
7.953418E-02,-2.5145721E-01,-1.0136337E+00
7.953746E-02,-2.5153351E-01,-1.0472031E+00
7.954074E-02,-2.5130463E-01,-1.0795517E+00
7.954401E-02,-2.5168610E-01,-1.1116714E+00
7.954729E-02,-2.5145721E-01,-1.1424942E+00
7.955057E-02,-2.5061798E-01,-1.1731644E+00
7.955384E-02,-2.5038910E-01,-1.2038345E+00
7.955712E-02,-2.5008392E-01,-1.2329025E+00
7.956040E-02,-2.5008392E-01,-1.2620468E+00
7.956367E-02,-2.4985504E-01,-1.2903519E+00
7.956695E-02,-2.5031281E-01,-1.3172073E+00
7.957023E-02,-2.4985504E-01,-1.3423080E+00
7.957350E-02,-2.5077057E-01,-1.3686295E+00
7.957678E-02,-2.5077057E-01,-1.3935013E+00
7.958006E-02,-2.5145721E-01,-1.4169235E+00
7.958333E-02,-2.5160980E-01,-1.4404984E+00
7.958661E-02,-2.5168610E-01,-1.4626236E+00
7.958989E-02,-2.5183868E-01,-1.4836044E+00
7.959316E-02,-2.5153351E-01,-1.5045090E+00
7.959644E-02,-2.5153351E-01,-1.5244217E+00
7.959972E-02,-2.5229645E-01,-1.5431900E+00
7.960300E-02,-2.5199127E-01,-1.5601273E+00
7.960627E-02,-2.5229645E-01,-1.5773697E+00
7.960955E-02,-2.5260162E-01,-1.5928574E+00
7.961283E-02,-2.5237274E-01,-1.6086502E+00
7.961610E-02,-2.5298309E-01,-1.6235275E+00
7.961938E-02,-2.5366974E-01,-1.6373367E+00
7.962266E-02,-2.5252533E-01,-1.6497726E+00
7.962593E-02,-2.5313568E-01,-1.6620560E+00
7.962921E-02,-2.5397491E-01,-1.6725845E+00
7.963249E-02,-2.5389862E-01,-1.6828842E+00
7.963576E-02,-2.5435638E-01,-1.6920395E+00
7.963904E-02,-2.5458527E-01,-1.7002029E+00
7.964232E-02,-2.5496674E-01,-1.7063065E+00
7.964559E-02,-2.5519562E-01,-1.7122574E+00
7.964887E-02,-2.5572968E-01,-1.7179031E+00
7.965215E-02,-2.5550079E-01,-1.7223282E+00
7.965542E-02,-2.5664520E-01,-1.7253036E+00
7.965870E-02,-2.5618744E-01,-1.7280502E+00
7.966198E-02,-2.5672150E-01,-1.7291183E+00
7.966525E-02,-2.5664520E-01,-1.7301102E+00
7.966853E-02,-2.5672150E-01,-1.7292709E+00
7.967181E-02,-2.5656891E-01,-1.7282791E+00
7.967508E-02,-2.5695038E-01,-1.7266006E+00
7.967836E-02,-2.5763702E-01,-1.7230911E+00
7.968164E-02,-2.5832367E-01,-1.7182846E+00
7.968492E-02,-2.5862885E-01,-1.7137833E+00
7.968819E-02,-2.5809479E-01,-1.7085953E+00
7.969147E-02,-2.5878143E-01,-1.7024918E+00
7.969475E-02,-2.5908661E-01,-1.6951675E+00
7.969802E-02,-2.5901031E-01,-1.6854019E+00
7.970130E-02,-2.6007843E-01,-1.6762466E+00
7.970458E-02,-2.6007843E-01,-1.6652603E+00
7.970785E-02,-2.5954437E-01,-1.6545792E+00
7.971113E-02,-2.5939178E-01,-1.6413040E+00
7.971441E-02,-2.5984955E-01,-1.6282578E+00
7.971768E-02,-2.6000214E-01,-1.6140671E+00
7.972096E-02,-2.6038361E-01,-1.5985794E+00
7.972424E-02,-2.6053619E-01,-1.5827103E+00
7.972751E-02,-2.6068878E-01,-1.5666122E+00
7.973079E-02,-2.6045990E-01,-1.5491409E+00
7.973407E-02,-2.6053619E-01,-1.5311356E+00
7.973734E-02,-2.6099396E-01,-1.5114517E+00
7.974062E-02,-2.6068878E-01,-1.4919205E+00
7.974390E-02,-2.6038361E-01,-1.4708633E+00
7.974717E-02,-2.6145172E-01,-1.4483566E+00
7.975045E-02,-2.6099396E-01,-1.4266891E+00
7.975373E-02,-2.6137543E-01,-1.4021988E+00
7.975700E-02,-2.6129913E-01,-1.3790817E+00
7.976028E-02,-2.6160431E-01,-1.3535995E+00
7.976356E-02,-2.6206207E-01,-1.3280411E+00
7.976684E-02,-2.6152802E-01,-1.3009567E+00
7.977011E-02,-2.6145172E-01,-1.2739487E+00
7.977339E-02,-2.6175690E-01,-1.2446518E+00
7.977667E-02,-2.6229095E-01,-1.2164993E+00
7.977994E-02,-2.6168060E-01,-1.1868973E+00
7.978322E-02,-2.6129913E-01,-1.1558456E+00
7.978650E-02,-2.6206207E-01,-1.1244888E+00
7.978977E-02,-2.6190948E-01,-1.0917587E+00
7.979305E-02,-2.6206207E-01,-1.0590286E+00
7.979633E-02,-2.6091766E-01,-1.0269852E+00
7.979960E-02,-2.6076508E-01,-9.9303436E-01
7.980288E-02,-2.6045990E-01,-9.5778656E-01
7.980616E-02,-2.6061249E-01,-9.2238617E-01
7.980943E-02,-2.6137543E-01,-8.8721466E-01
7.981271E-02,-2.6099396E-01,-8.5089874E-01
7.981599E-02,-2.6137543E-01,-8.1359100E-01
7.981926E-02,-2.6152802E-01,-7.7727509E-01
7.982254E-02,-2.6137543E-01,-7.3996735E-01
7.982582E-02,-2.6160431E-01,-7.0159149E-01
7.982909E-02,-2.6129913E-01,-6.6252899E-01
7.983237E-02,-2.6168060E-01,-6.2346649E-01
7.983565E-02,-2.6190948E-01,-5.8280182E-01
7.983892E-02,-2.6190948E-01,-5.4290009E-01
7.984220E-02,-2.6160431E-01,-5.0246429E-01
7.984548E-02,-2.6114655E-01,-4.6195221E-01
7.984876E-02,-2.6183319E-01,-4.2037201E-01
7.985203E-02,-2.6236725E-01,-3.7871552E-01
7.985531E-02,-2.6229095E-01,-3.3690643E-01
7.985859E-02,-2.6244354E-01,-2.9540253E-01
7.986186E-02,-2.6313019E-01,-2.5351715E-01
7.986514E-02,-2.6412201E-01,-2.1018219E-01
7.986842E-02,-2.6473236E-01,-1.6661835E-01
7.987169E-02,-2.6427460E-01,-1.2320709E-01
7.987497E-02,-2.6496124E-01,-8.0101013E-02
7.987825E-02,-2.6587677E-01,-3.6537170E-02
7.988152E-02,-2.6610565E-01,8.0184937E-03
7.988480E-02,-2.6610565E-01,5.1811218E-02
7.988808E-02,-2.6648712E-01,9.6824646E-02
7.989135E-02,-2.6816559E-01,1.4229584E-01
7.989463E-02,-2.6824188E-01,1.8715668E-01
7.989791E-02,-2.6953888E-01,2.3094940E-01
7.990118E-02,-2.7045441E-01,2.7542877E-01
7.990446E-02,-2.7068329E-01,3.2112885E-01
7.990774E-02,-2.7152252E-01,3.6591339E-01
7.991101E-02,-2.7274323E-01,4.1001129E-01
7.991429E-02,-2.7358246E-01,4.5548248E-01
7.991757E-02,-2.7419281E-01,5.0003815E-01
7.992084E-02,-2.7571869E-01,5.4344940E-01
7.992412E-02,-2.7640533E-01,5.8716583E-01
7.992740E-02,-2.7808380E-01,6.3141632E-01
7.993068E-02,-2.7938080E-01,6.7711639E-01
7.993395E-02,-2.7983856E-01,7.2098541E-01
7.993723E-02,-2.8075409E-01,7.6569366E-01
7.994051E-02,-2.8212738E-01,8.1024933E-01
7.994378E-02,-2.8327179E-01,8.5587311E-01
7.994706E-02,-2.8441620E-01,8.9936066E-01
7.995034E-02,-2.8662872E-01,9.4445038E-01
7.995361E-02,-2.8853607E-01,9.8839569E-01
7.995689E-02,-2.9044342E-01,1.0322647E+00
7.996017E-02,-2.9235077E-01,1.0740738E+00
7.996344E-02,-2.9418182E-01,1.1173325E+00
7.996672E-02,-2.9570770E-01,1.1600571E+00
7.997000E-02,-2.9730988E-01,1.2030869E+00
7.997327E-02,-2.9875946E-01,1.2445908E+00
7.997655E-02,-3.0036163E-01,1.2856369E+00
7.997983E-02,-3.0219269E-01,1.3263779E+00
7.998310E-02,-3.0448151E-01,1.3680344E+00
7.998638E-02,-3.0638885E-01,1.4097672E+00
7.998966E-02,-3.0837250E-01,1.4498215E+00
7.999293E-02,-3.1012726E-01,1.4889603E+00
7.999621E-02,-3.1256866E-01,1.5279465E+00
7.999949E-02,-3.1439972E-01,1.5661697E+00
8.000276E-02,-3.1630707E-01,1.6054611E+00
8.000604E-02,-3.1890106E-01,1.6437607E+00
8.000932E-02,-3.2141876E-01,1.6806107E+00
8.001260E-02,-3.2302094E-01,1.7180710E+00
8.001587E-02,-3.2454681E-01,1.7547684E+00
8.001915E-02,-3.2744598E-01,1.7907791E+00
8.002243E-02,-3.2981110E-01,1.8251877E+00
8.002570E-02,-3.3209991E-01,1.8607407E+00
8.002898E-02,-3.3370209E-01,1.8954544E+00
8.003226E-02,-3.3667755E-01,1.9287949E+00
8.003553E-02,-3.3911896E-01,1.9616013E+00
8.003881E-02,-3.4133148E-01,1.9941025E+00
8.004209E-02,-3.4362030E-01,2.0268326E+00
8.004536E-02,-3.4682465E-01,2.0586472E+00
8.004864E-02,-3.4987640E-01,2.0893936E+00
8.005192E-02,-3.5178375E-01,2.1190720E+00
8.005519E-02,-3.5445404E-01,2.1482925E+00
8.005847E-02,-3.5773468E-01,2.1760635E+00
8.006175E-02,-3.5926056E-01,2.2026138E+00
8.006502E-02,-3.6254120E-01,2.2300034E+00
8.006830E-02,-3.6483002E-01,2.2562485E+00
8.007158E-02,-3.6811066E-01,2.2813492E+00
8.007485E-02,-3.7024689E-01,2.3059158E+00
8.007813E-02,-3.7261200E-01,2.3287277E+00
8.008141E-02,-3.7581635E-01,2.3520737E+00
8.008468E-02,-3.7856293E-01,2.3746567E+00
8.008796E-02,-3.8092804E-01,2.3954086E+00
8.009124E-02,-3.8413239E-01,2.4158554E+00
8.009452E-02,-3.8634491E-01,2.4357681E+00
8.009779E-02,-3.8901520E-01,2.4548416E+00
8.010107E-02,-3.9107513E-01,2.4729233E+00
8.010435E-02,-3.9305878E-01,2.4910812E+00
8.010762E-02,-3.9557648E-01,2.5073318E+00
8.011090E-02,-3.9847565E-01,2.5227432E+00
8.011418E-02,-4.0106964E-01,2.5376968E+00
8.011745E-02,-4.0267181E-01,2.5509720E+00
8.012073E-02,-4.0534210E-01,2.5637131E+00
8.012401E-02,-4.0755463E-01,2.5757675E+00
8.012728E-02,-4.0991974E-01,2.5863724E+00
8.013056E-02,-4.1228485E-01,2.5966721E+00
8.013384E-02,-4.1464996E-01,2.6063614E+00
8.013711E-02,-4.1564178E-01,2.6147537E+00
8.014039E-02,-4.1800690E-01,2.6210098E+00
8.014367E-02,-4.1968536E-01,2.6280289E+00
8.014694E-02,-4.2212677E-01,2.6340561E+00
8.015022E-02,-4.2365265E-01,2.6387100E+00
8.015350E-02,-4.2601776E-01,2.6430588E+00
8.015677E-02,-4.2739105E-01,2.6463394E+00
8.016005E-02,-4.2899323E-01,2.6486282E+00
8.016333E-02,-4.3044281E-01,2.6492386E+00
8.016660E-02,-4.3334198E-01,2.6495438E+00
8.016988E-02,-4.3509674E-01,2.6483231E+00
8.017316E-02,-4.3669891E-01,2.6463394E+00
8.017644E-02,-4.3860626E-01,2.6442795E+00
8.017971E-02,-4.3982697E-01,2.6406174E+00
8.018299E-02,-4.4120026E-01,2.6356583E+00
8.018627E-02,-4.4188690E-01,2.6301651E+00
8.018954E-02,-4.4280243E-01,2.6244431E+00
8.019282E-02,-4.4470978E-01,2.6184921E+00
8.019610E-02,-4.4501495E-01,2.6104813E+00
8.019937E-02,-4.4669342E-01,2.6020889E+00
8.020265E-02,-4.4776154E-01,2.5917130E+00
8.020593E-02,-4.4860077E-01,2.5804214E+00
8.020920E-02,-4.4921112E-01,2.5682907E+00
8.021248E-02,-4.5073700E-01,2.5573807E+00
8.021576E-02,-4.5134735E-01,2.5442581E+00
8.021903E-02,-4.5172882E-01,2.5283890E+00
8.022231E-02,-4.5249176E-01,2.5133591E+00
8.022559E-02,-4.5256805E-01,2.4981766E+00
8.022886E-02,-4.5378876E-01,2.4805527E+00
8.023214E-02,-4.5394135E-01,2.4632339E+00
8.023542E-02,-4.5439911E-01,2.4452286E+00
8.023869E-02,-4.5485687E-01,2.4246292E+00
8.024197E-02,-4.5485687E-01,2.4047165E+00
8.024525E-02,-4.5470428E-01,2.3842697E+00
8.024852E-02,-4.5561981E-01,2.3622208E+00
8.025180E-02,-4.5600128E-01,2.3392563E+00
8.025508E-02,-4.5523834E-01,2.3161392E+00
8.025836E-02,-4.5523834E-01,2.2930222E+00
8.026163E-02,-4.5447540E-01,2.2679214E+00
8.026491E-02,-4.5417023E-01,2.2411423E+00
8.026819E-02,-4.5394135E-01,2.2145157E+00
8.027146E-02,-4.5439911E-01,2.1882706E+00
8.027474E-02,-4.5355988E-01,2.1605759E+00
8.027802E-02,-4.5203400E-01,2.1317368E+00
8.028129E-02,-4.5233917E-01,2.1028976E+00
8.028457E-02,-4.5088959E-01,2.0728378E+00
8.028785E-02,-4.5096588E-01,2.0417862E+00
8.029112E-02,-4.5096588E-01,2.0101242E+00
8.029440E-02,-4.4974518E-01,1.9770126E+00
8.029768E-02,-4.4867706E-01,1.9448929E+00
8.030095E-02,-4.4776154E-01,1.9103317E+00
8.030423E-02,-4.4669342E-01,1.8775253E+00
8.030751E-02,-4.4623566E-01,1.8435745E+00
8.031078E-02,-4.4577789E-01,1.8083267E+00
8.031406E-02,-4.4493866E-01,1.7736130E+00
8.031734E-02,-4.4356537E-01,1.7363815E+00
8.032061E-02,-4.4333649E-01,1.6993790E+00
8.032389E-02,-4.4287872E-01,1.6625290E+00
8.032717E-02,-4.4043732E-01,1.6252975E+00
8.033044E-02,-4.3868256E-01,1.5865402E+00
8.033372E-02,-4.3799591E-01,1.5477829E+00
8.033700E-02,-4.3669891E-01,1.5094070E+00
8.034028E-02,-4.3524933E-01,1.4708023E+00
8.034355E-02,-4.3395233E-01,1.4304428E+00
8.034683E-02,-4.3273163E-01,1.3900070E+00
8.035011E-02,-4.3112946E-01,1.3483505E+00
8.035338E-02,-4.3074799E-01,1.3066940E+00
8.035666E-02,-4.2967987E-01,1.2652664E+00
8.035994E-02,-4.2830658E-01,1.2230759E+00
8.036321E-02,-4.2739105E-01,1.1808090E+00
8.036649E-02,-4.2540741E-01,1.1380844E+00
8.036977E-02,-4.2395782E-01,1.0956650E+00
8.037304E-02,-4.2243195E-01,1.0527115E+00
8.037632E-02,-4.2128754E-01,1.0093765E+00
8.037960E-02,-4.2021942E-01,9.6527863E-01
8.038287E-02,-4.1861725E-01,9.2125702E-01
8.038615E-02,-4.1747284E-01,8.7731171E-01
8.038943E-02,-4.1640472E-01,8.3252716E-01
8.039270E-02,-4.1495514E-01,7.8873444E-01
8.039598E-02,-4.1350555E-01,7.4349213E-01
8.039926E-02,-4.1243744E-01,6.9962311E-01
8.040253E-02,-4.0984344E-01,6.5453339E-01
8.040581E-02,-4.0900421E-01,6.0944366E-01
8.040909E-02,-4.0763092E-01,5.6618500E-01
8.041236E-02,-4.0633392E-01,5.2307892E-01
8.041564E-02,-4.0503693E-01,4.7791290E-01
8.041892E-02,-4.0427399E-01,4.3404388E-01
8.042220E-02,-4.0267181E-01,3.8918304E-01
8.042547E-02,-4.0160370E-01,3.4500885E-01
8.042875E-02,-4.0106964E-01,2.9938507E-01
8.043203E-02,-3.9969635E-01,2.5490570E-01
8.043530E-02,-3.9809418E-01,2.1035004E-01
8.043858E-02,-3.9710236E-01,1.6609955E-01
8.044186E-02,-3.9511871E-01,1.2085724E-01
8.044513E-02,-3.9389801E-01,7.6911926E-02
8.044841E-02,-3.9366913E-01,3.2051086E-02
8.045169E-02,-3.9305878E-01,-1.1894226E-02
8.045496E-02,-3.9153290E-01,-5.5763245E-02
8.045824E-02,-3.9130402E-01,-9.9784851E-02
8.046152E-02,-3.9115143E-01,-1.4289093E-01
8.046479E-02,-3.8993073E-01,-1.8737030E-01
8.046807E-02,-3.8901520E-01,-2.3001862E-01
8.047135E-02,-3.8802338E-01,-2.7259064E-01
8.047462E-02,-3.8779449E-01,-3.1417084E-01
8.047790E-02,-3.8626862E-01,-3.5651398E-01
8.048118E-02,-3.8596344E-01,-3.9763641E-01
8.048445E-02,-3.8466644E-01,-4.3944550E-01
8.048773E-02,-3.8489532E-01,-4.8041534E-01
8.049101E-02,-3.8436127E-01,-5.2108002E-01
8.049428E-02,-3.8314056E-01,-5.6159210E-01
8.049756E-02,-3.8298798E-01,-6.0202789E-01
8.050084E-02,-3.8230133E-01,-6.4276886E-01
8.050412E-02,-3.8253021E-01,-6.8122101E-01
8.050739E-02,-3.8161469E-01,-7.2005463E-01
8.051067E-02,-3.8169098E-01,-7.5782013E-01
8.051395E-02,-3.8115692E-01,-7.9459381E-01
8.051722E-02,-3.8176727E-01,-8.3205414E-01
8.052050E-02,-3.8077545E-01,-8.6852264E-01
8.052378E-02,-3.8024139E-01,-9.0506744E-01
8.052705E-02,-3.7955475E-01,-9.3985748E-01
8.053033E-02,-3.7917328E-01,-9.7396088E-01
8.053361E-02,-3.7963104E-01,-1.0091324E+00
8.053688E-02,-3.7978363E-01,-1.0423203E+00
8.054016E-02,-3.7940216E-01,-1.0749741E+00
8.054344E-02,-3.7902069E-01,-1.1077042E+00
8.054671E-02,-3.7902069E-01,-1.1379166E+00
8.054999E-02,-3.7825775E-01,-1.1682053E+00
8.055327E-02,-3.7802887E-01,-1.1997910E+00
8.055654E-02,-3.7779999E-01,-1.2295456E+00
8.055982E-02,-3.7802887E-01,-1.2586899E+00
8.056310E-02,-3.7863922E-01,-1.2869949E+00
8.056637E-02,-3.7841034E-01,-1.3132401E+00
8.056965E-02,-3.7795258E-01,-1.3397141E+00
8.057293E-02,-3.7787628E-01,-1.3657303E+00
8.057620E-02,-3.7818146E-01,-1.3904495E+00
8.057948E-02,-3.7825775E-01,-1.4143295E+00
8.058276E-02,-3.7848663E-01,-1.4375992E+00
8.058604E-02,-3.7902069E-01,-1.4601059E+00
8.058931E-02,-3.7772369E-01,-1.4810104E+00
8.059259E-02,-3.7810516E-01,-1.5017624E+00
8.059587E-02,-3.7787628E-01,-1.5209885E+00
8.059914E-02,-3.7848663E-01,-1.5402145E+00
8.060242E-02,-3.7924957E-01,-1.5586014E+00
8.060570E-02,-3.7879181E-01,-1.5754623E+00
8.060897E-02,-3.7924957E-01,-1.5914078E+00
8.061225E-02,-3.7917328E-01,-1.6065903E+00
8.061553E-02,-3.7985992E-01,-1.6216965E+00
8.061880E-02,-3.7917328E-01,-1.6350479E+00
8.062208E-02,-3.7963104E-01,-1.6490860E+00
8.062536E-02,-3.8039398E-01,-1.6599960E+00
8.062863E-02,-3.8085175E-01,-1.6722031E+00
8.063191E-02,-3.7978363E-01,-1.6812057E+00
8.063519E-02,-3.8085175E-01,-1.6910477E+00
8.063846E-02,-3.8062286E-01,-1.6992874E+00
8.064174E-02,-3.8047028E-01,-1.7062302E+00
8.064502E-02,-3.8169098E-01,-1.7127914E+00
8.064829E-02,-3.8153839E-01,-1.7175217E+00
8.065157E-02,-3.8085175E-01,-1.7219467E+00
8.065485E-02,-3.8039398E-01,-1.7256851E+00
8.065812E-02,-3.8130951E-01,-1.7281265E+00
8.066140E-02,-3.8176727E-01,-1.7304153E+00
8.066468E-02,-3.8184357E-01,-1.7317886E+00
8.066796E-02,-3.8108063E-01,-1.7307968E+00
8.067123E-02,-3.8184357E-01,-1.7294998E+00
8.067451E-02,-3.8176727E-01,-1.7276688E+00
8.067779E-02,-3.8146210E-01,-1.7254562E+00
8.068106E-02,-3.8146210E-01,-1.7219467E+00
8.068434E-02,-3.8184357E-01,-1.7166061E+00
8.068762E-02,-3.8169098E-01,-1.7108078E+00
8.069089E-02,-3.8222504E-01,-1.7036362E+00
8.069417E-02,-3.8222504E-01,-1.6963120E+00
8.069745E-02,-3.8123322E-01,-1.6881485E+00
8.070072E-02,-3.8207245E-01,-1.6786880E+00
8.070400E-02,-3.8207245E-01,-1.6677780E+00
8.070728E-02,-3.8230133E-01,-1.6570969E+00
8.071055E-02,-3.8253021E-01,-1.6461868E+00
8.071383E-02,-3.8268280E-01,-1.6330643E+00
8.071711E-02,-3.8260651E-01,-1.6181107E+00
8.072038E-02,-3.8253021E-01,-1.6030807E+00
8.072366E-02,-3.8237762E-01,-1.5879745E+00
8.072694E-02,-3.8237762E-01,-1.5716476E+00
8.073021E-02,-3.8230133E-01,-1.5540237E+00
8.073349E-02,-3.8199615E-01,-1.5351791E+00
8.073677E-02,-3.8275909E-01,-1.5161057E+00
8.074004E-02,-3.8199615E-01,-1.4952774E+00
8.074332E-02,-3.8191986E-01,-1.4746780E+00
8.074660E-02,-3.8169098E-01,-1.4538498E+00
8.074988E-02,-3.8153839E-01,-1.4313431E+00
8.075315E-02,-3.8092804E-01,-1.4072342E+00
8.075643E-02,-3.8191986E-01,-1.3838120E+00
8.075971E-02,-3.8092804E-01,-1.3583298E+00
8.076298E-02,-3.8176727E-01,-1.3325424E+00
8.076626E-02,-3.8153839E-01,-1.3064499E+00
8.076954E-02,-3.8115692E-01,-1.2797470E+00
8.077281E-02,-3.8153839E-01,-1.2503738E+00
8.077609E-02,-3.8123322E-01,-1.2216110E+00
8.077937E-02,-3.8169098E-01,-1.1925430E+00
8.078264E-02,-3.8146210E-01,-1.1622543E+00
8.078592E-02,-3.8169098E-01,-1.1307449E+00
8.078920E-02,-3.8176727E-01,-1.0991592E+00
8.079247E-02,-3.8260651E-01,-1.0660477E+00
8.079575E-02,-3.8275909E-01,-1.0335464E+00
8.079903E-02,-3.8237762E-01,-1.0005875E+00
8.080230E-02,-3.8245392E-01,-9.6572113E-01
8.080558E-02,-3.8260651E-01,-9.3062592E-01
8.080886E-02,-3.8230133E-01,-8.9537811E-01
8.081213E-02,-3.8268280E-01,-8.5890961E-01
8.081541E-02,-3.8260651E-01,-8.2198334E-01
8.081869E-02,-3.8375092E-01,-7.8551483E-01
8.082196E-02,-3.8352203E-01,-7.4813080E-01
8.082524E-02,-3.8336945E-01,-7.0952606E-01
8.082852E-02,-3.8352203E-01,-6.7046356E-01
8.083180E-02,-3.8436127E-01,-6.3208771E-01
8.083507E-02,-3.8497162E-01,-5.9249115E-01
8.083835E-02,-3.8558197E-01,-5.5297089E-01
8.084163E-02,-3.8542938E-01,-5.1169586E-01
8.084490E-02,-3.8642120E-01,-4.7110748E-01
8.084818E-02,-3.8619232E-01,-4.2967987E-01
8.085146E-02,-3.8642120E-01,-3.8756561E-01
8.085473E-02,-3.8710785E-01,-3.4659576E-01
8.085801E-02,-3.8771820E-01,-3.0455780E-01
8.086129E-02,-3.8840485E-01,-2.6221466E-01
8.086456E-02,-3.8886261E-01,-2.1880341E-01
8.086784E-02,-3.8924408E-01,-1.7546844E-01
8.087112E-02,-3.8993073E-01,-1.3251495E-01
8.087439E-02,-3.9199066E-01,-8.9179993E-02
8.087767E-02,-3.9199066E-01,-4.4776917E-02
8.088095E-02,-3.9321136E-01,-4.5013428E-04
8.088422E-02,-3.9344025E-01,4.3495178E-02
8.088750E-02,-3.9496613E-01,8.8279724E-02
8.089078E-02,-3.9550018E-01,1.3291168E-01
8.089405E-02,-3.9633942E-01,1.7769623E-01
8.089733E-02,-3.9717865E-01,2.2301483E-01
8.090061E-02,-3.9824677E-01,2.6772308E-01
8.090388E-02,-3.9954376E-01,3.1334686E-01
8.090716E-02,-4.0114594E-01,3.5813141E-01
8.091044E-02,-4.0251923E-01,4.0291595E-01
8.091372E-02,-4.0335846E-01,4.4770050E-01
8.091699E-02,-4.0480804E-01,4.9286652E-01
8.092027E-02,-4.0633392E-01,5.3643036E-01
8.092355E-02,-4.0702057E-01,5.7961273E-01
8.092682E-02,-4.0877533E-01,6.2454987E-01
8.093010E-02,-4.0961456E-01,6.6918182E-01
8.093338E-02,-4.1114044E-01,7.1450043E-01
8.093665E-02,-4.1289520E-01,7.5791168E-01
8.093993E-02,-4.1419220E-01,8.0300140E-01
8.094321E-02,-4.1556549E-01,8.4816742E-01
8.094648E-02,-4.1747284E-01,8.9234161E-01
8.094976E-02,-4.1953278E-01,9.3621063E-01
8.095304E-02,-4.2052460E-01,9.8030853E-01
8.095631E-02,-4.2266083E-01,1.0244827E+00
8.095959E-02,-4.2456818E-01,1.0669022E+00
8.096287E-02,-4.2624664E-01,1.1103897E+00
8.096614E-02,-4.2823029E-01,1.1526566E+00
8.096942E-02,-4.2929840E-01,1.1949997E+00
8.097270E-02,-4.3097687E-01,1.2369614E+00
8.097597E-02,-4.3326569E-01,1.2784653E+00
8.097925E-02,-4.3517303E-01,1.3204269E+00
8.098253E-02,-4.3700409E-01,1.3617020E+00
8.098580E-02,-4.3822479E-01,1.4030533E+00
8.098908E-02,-4.4051361E-01,1.4441757E+00
8.099236E-02,-4.4226837E-01,1.4840012E+00
8.099564E-02,-4.4356537E-01,1.5224533E+00
8.099891E-02,-4.4539642E-01,1.5611343E+00
8.100219E-02,-4.4776154E-01,1.5995865E+00
8.100547E-02,-4.4959259E-01,1.6374283E+00
8.100874E-02,-4.5081329E-01,1.6749649E+00
8.101202E-02,-4.5333099E-01,1.7123489E+00
8.101530E-02,-4.5439911E-01,1.7488937E+00
8.101857E-02,-4.5676422E-01,1.7849045E+00
8.102185E-02,-4.5943451E-01,1.8207626E+00
8.102513E-02,-4.6073151E-01,1.8554001E+00
8.102840E-02,-4.6279144E-01,1.8895035E+00
8.103168E-02,-4.6424103E-01,1.9235306E+00
8.103496E-02,-4.6683502E-01,1.9570236E+00
8.103823E-02,-4.6851349E-01,1.9883804E+00
8.104151E-02,-4.7034454E-01,2.0205002E+00
8.104479E-02,-4.7217560E-01,2.0517807E+00
8.104806E-02,-4.7377777E-01,2.0838242E+00
8.105134E-02,-4.7545624E-01,2.1134262E+00
8.105462E-02,-4.7713470E-01,2.1421890E+00
8.105789E-02,-4.7881317E-01,2.1704941E+00
8.106117E-02,-4.8133087E-01,2.1971970E+00
8.106445E-02,-4.8346710E-01,2.2242813E+00
8.106772E-02,-4.8461151E-01,2.2499161E+00
8.107100E-02,-4.8651886E-01,2.2757797E+00
8.107428E-02,-4.8743439E-01,2.3011856E+00
8.107756E-02,-4.8873138E-01,2.3248367E+00
8.108083E-02,-4.9010468E-01,2.3472672E+00
8.108411E-02,-4.9208832E-01,2.3694687E+00
8.108739E-02,-4.9407196E-01,2.3916702E+00
8.109066E-02,-4.9597931E-01,2.4121170E+00
8.109394E-02,-4.9666595E-01,2.4329453E+00
8.109722E-02,-4.9674225E-01,2.4519424E+00
8.110049E-02,-4.9857330E-01,2.4692612E+00
8.110377E-02,-4.9956512E-01,2.4869614E+00
8.110705E-02,-5.0116730E-01,2.5025253E+00
8.111032E-02,-5.0139618E-01,2.5174789E+00
8.111360E-02,-5.0276947E-01,2.5328903E+00
8.111688E-02,-5.0345612E-01,2.5473862E+00
8.112015E-02,-5.0421906E-01,2.5605850E+00
8.112343E-02,-5.0505829E-01,2.5724869E+00
8.112671E-02,-5.0521088E-01,2.5840836E+00
8.112998E-02,-5.0582123E-01,2.5944595E+00
8.113326E-02,-5.0795746E-01,2.6026993E+00
8.113654E-02,-5.0864410E-01,2.6110916E+00
8.113981E-02,-5.0833893E-01,2.6191788E+00
8.114309E-02,-5.0955963E-01,2.6246719E+00
8.114637E-02,-5.0910187E-01,2.6307755E+00
8.114964E-02,-5.0994110E-01,2.6359634E+00
8.115292E-02,-5.0978851E-01,2.6397781E+00
8.115620E-02,-5.0978851E-01,2.6438217E+00
8.115948E-02,-5.0948334E-01,2.6449661E+00
8.116275E-02,-5.0948334E-01,2.6468735E+00
8.116603E-02,-5.0902557E-01,2.6472549E+00
8.116931E-02,-5.0994110E-01,2.6466446E+00
8.117258E-02,-5.0933075E-01,2.6455002E+00
8.117586E-02,-5.0902557E-01,2.6430588E+00
8.117914E-02,-5.0902557E-01,2.6394730E+00
8.118241E-02,-5.0826263E-01,2.6354294E+00
8.118569E-02,-5.0719452E-01,2.6305466E+00
8.118897E-02,-5.0643158E-01,2.6250534E+00
8.119224E-02,-5.0605011E-01,2.6176529E+00
8.119552E-02,-5.0528717E-01,2.6110153E+00
8.119880E-02,-5.0612640E-01,2.6020126E+00
8.120207E-02,-5.0513458E-01,2.5918655E+00
8.120535E-02,-5.0376129E-01,2.5811844E+00
8.120863E-02,-5.0292206E-01,2.5689774E+00
8.121190E-02,-5.0215912E-01,2.5568466E+00
8.121518E-02,-5.0170135E-01,2.5446396E+00
8.121846E-02,-4.9948883E-01,2.5299149E+00
8.122173E-02,-4.9857330E-01,2.5152664E+00
8.122501E-02,-4.9712372E-01,2.5003128E+00
8.122829E-02,-4.9681854E-01,2.4840622E+00
8.123156E-02,-4.9475861E-01,2.4664383E+00
8.123484E-02,-4.9323273E-01,2.4475937E+00
8.123812E-02,-4.9155426E-01,2.4286728E+00
8.124140E-02,-4.8995209E-01,2.4076920E+00
8.124467E-02,-4.8850250E-01,2.3875504E+00
8.124795E-02,-4.8682404E-01,2.3645859E+00
8.125123E-02,-4.8468781E-01,2.3421555E+00
8.125450E-02,-4.8300934E-01,2.3188095E+00
8.125778E-02,-4.8133087E-01,2.2956161E+00
8.126106E-02,-4.8049164E-01,2.2702103E+00
8.126433E-02,-4.7881317E-01,2.2440414E+00
8.126761E-02,-4.7675323E-01,2.2176437E+00
8.127089E-02,-4.7515106E-01,2.1918564E+00
8.127416E-02,-4.7332001E-01,2.1638565E+00
8.127744E-02,-4.7164154E-01,2.1353226E+00
8.128072E-02,-4.6973419E-01,2.1060257E+00
8.128399E-02,-4.6767426E-01,2.0765762E+00
8.128727E-02,-4.6591949E-01,2.0463638E+00
8.129055E-02,-4.6355438E-01,2.0140152E+00
8.129382E-02,-4.6179962E-01,1.9822006E+00
8.129710E-02,-4.5966339E-01,1.9485550E+00
8.130038E-02,-4.5684052E-01,1.9159012E+00
8.130365E-02,-4.5561981E-01,1.8829422E+00
8.130693E-02,-4.5279694E-01,1.8483047E+00
8.131021E-02,-4.5058441E-01,1.8135147E+00
8.131348E-02,-4.4821930E-01,1.7777328E+00
8.131676E-02,-4.4730377E-01,1.7416458E+00
8.132004E-02,-4.4532013E-01,1.7047195E+00
8.132332E-02,-4.4318390E-01,1.6680984E+00
8.132659E-02,-4.4181061E-01,1.6294174E+00
8.132987E-02,-4.3929291E-01,1.5905075E+00
8.133315E-02,-4.3708038E-01,1.5524368E+00
8.133642E-02,-4.3486786E-01,1.5139847E+00
8.133970E-02,-4.3303680E-01,1.4751511E+00
8.134298E-02,-4.3128204E-01,1.4350204E+00
8.134625E-02,-4.2876434E-01,1.3942795E+00
8.134953E-02,-4.2845917E-01,1.3537674E+00
8.135281E-02,-4.2578888E-01,1.3131790E+00
8.135608E-02,-4.2403412E-01,1.2713699E+00
8.135936E-02,-4.2258453E-01,1.2294846E+00
8.136264E-02,-4.2067719E-01,1.1872940E+00
8.136591E-02,-4.1953278E-01,1.1438828E+00
8.136919E-02,-4.1678619E-01,1.1020737E+00
8.137247E-02,-4.1503143E-01,1.0587387E+00
8.137574E-02,-4.1388702E-01,1.0151749E+00
8.137902E-02,-4.1152191E-01,9.7191620E-01
8.138230E-02,-4.1030121E-01,9.2781830E-01
8.138557E-02,-4.0801239E-01,8.8341522E-01
8.138885E-02,-4.0641022E-01,8.3931732E-01
8.139213E-02,-4.0534210E-01,7.9483795E-01
8.139540E-02,-4.0335846E-01,7.4997711E-01
8.139868E-02,-4.0160370E-01,7.0610809E-01
8.140196E-02,-4.0015411E-01,6.6231537E-01
8.140524E-02,-3.9809418E-01,6.1760712E-01
8.140851E-02,-3.9672089E-01,5.7305145E-01
8.141179E-02,-3.9504242E-01,5.2895355E-01
8.141507E-02,-3.9374542E-01,4.8546600E-01
8.141834E-02,-3.9260101E-01,4.4113922E-01
8.142162E-02,-3.9092255E-01,3.9620209E-01
8.142490E-02,-3.8985443E-01,3.5149384E-01
8.142817E-02,-3.8817596E-01,3.0632782E-01
8.143145E-02,-3.8657379E-01,2.6108551E-01
8.143473E-02,-3.8527679E-01,2.1599579E-01
8.143800E-02,-3.8390350E-01,1.7174530E-01
8.144128E-02,-3.8321686E-01,1.2619781E-01
8.144456E-02,-3.8214874E-01,8.1489563E-02
8.144783E-02,-3.8146210E-01,3.7086487E-02
8.145111E-02,-3.8100433E-01,-7.3928833E-03
8.145439E-02,-3.8047028E-01,-5.0956726E-02
8.145766E-02,-3.7947845E-01,-9.4367981E-02
8.146094E-02,-3.7879181E-01,-1.3747406E-01
8.146422E-02,-3.7825775E-01,-1.8180084E-01
8.146749E-02,-3.7726593E-01,-2.2422028E-01
8.147077E-02,-3.7657928E-01,-2.6595306E-01
8.147405E-02,-3.7589264E-01,-3.0883026E-01
8.147732E-02,-3.7619781E-01,-3.5155487E-01
8.148060E-02,-3.7520599E-01,-3.9267731E-01
8.148388E-02,-3.7421417E-01,-4.3341827E-01
8.148716E-02,-3.7429047E-01,-4.7560883E-01
8.149043E-02,-3.7299347E-01,-5.1619720E-01
8.149371E-02,-3.7322235E-01,-5.5579376E-01
8.149699E-02,-3.7215424E-01,-5.9645844E-01
8.150026E-02,-3.7245941E-01,-6.3636017E-01
8.150354E-02,-3.7261200E-01,-6.7504120E-01
8.150682E-02,-3.7062836E-01,-7.1356964E-01
8.151009E-02,-3.7108612E-01,-7.5110626E-01
8.151337E-02,-3.7024689E-01,-7.8787994E-01
8.151665E-02,-3.7024689E-01,-8.2602692E-01
8.151992E-02,-3.7062836E-01,-8.6341095E-01
8.152320E-02,-3.6978912E-01,-8.9904022E-01
8.152648E-02,-3.6978912E-01,-9.3459320E-01
8.152975E-02,-3.6971283E-01,-9.6945953E-01
8.153303E-02,-3.6940765E-01,-1.0037918E+00
8.153631E-02,-3.6948395E-01,-1.0375900E+00
8.153958E-02,-3.6956024E-01,-1.0700912E+00
8.154286E-02,-3.6940765E-01,-1.1022873E+00
8.154614E-02,-3.6879730E-01,-1.1337204E+00
8.154941E-02,-3.6872101E-01,-1.1642380E+00
8.155269E-02,-3.6872101E-01,-1.1948318E+00
8.155597E-02,-3.6902618E-01,-1.2248917E+00
8.155924E-02,-3.6879730E-01,-1.2535019E+00
8.156252E-02,-3.6887360E-01,-1.2818832E+00
8.156580E-02,-3.6917877E-01,-1.3097305E+00
8.156908E-02,-3.6864471E-01,-1.3367386E+00
8.157235E-02,-3.6856842E-01,-1.3626022E+00
8.157563E-02,-3.6849213E-01,-1.3878555E+00
8.157891E-02,-3.6864471E-01,-1.4114304E+00
8.158218E-02,-3.6917877E-01,-1.4350052E+00
8.158546E-02,-3.6971283E-01,-1.4579697E+00
8.158874E-02,-3.6887360E-01,-1.4786453E+00
8.159201E-02,-3.6864471E-01,-1.4995499E+00
8.159529E-02,-3.6872101E-01,-1.5201492E+00
8.159857E-02,-3.6940765E-01,-1.5397568E+00
8.160184E-02,-3.6986542E-01,-1.5569992E+00
8.160512E-02,-3.6971283E-01,-1.5737076E+00
8.160840E-02,-3.6971283E-01,-1.5893478E+00
8.161167E-02,-3.6917877E-01,-1.6043777E+00
8.161495E-02,-3.6910248E-01,-1.6203232E+00
8.161823E-02,-3.6956024E-01,-1.6342850E+00
8.162150E-02,-3.7001801E-01,-1.6472549E+00
8.162478E-02,-3.6956024E-01,-1.6591568E+00
8.162806E-02,-3.6864471E-01,-1.6707535E+00
8.163133E-02,-3.6879730E-01,-1.6802139E+00
8.163461E-02,-3.6811066E-01,-1.6897507E+00
8.163789E-02,-3.6772919E-01,-1.6991348E+00
8.164116E-02,-3.6833954E-01,-1.7067642E+00
8.164444E-02,-3.6788177E-01,-1.7126389E+00
8.164772E-02,-3.6864471E-01,-1.7186661E+00
8.165100E-02,-3.6841583E-01,-1.7237015E+00
8.165427E-02,-3.6811066E-01,-1.7278976E+00
8.165755E-02,-3.6856842E-01,-1.7301865E+00
8.166083E-02,-3.6803436E-01,-1.7317886E+00
8.166410E-02,-3.6826324E-01,-1.7324753E+00
8.166738E-02,-3.6780548E-01,-1.7320175E+00
8.167066E-02,-3.6765289E-01,-1.7316360E+00
8.167393E-02,-3.6765289E-01,-1.7291946E+00
8.167721E-02,-3.6750031E-01,-1.7266769E+00
8.168049E-02,-3.6757660E-01,-1.7235489E+00
8.168376E-02,-3.6750031E-01,-1.7198868E+00
8.168704E-02,-3.6681366E-01,-1.7140121E+00
8.169032E-02,-3.6742401E-01,-1.7074509E+00
8.169359E-02,-3.6635590E-01,-1.6998215E+00
8.169687E-02,-3.6589813E-01,-1.6918869E+00
8.170015E-02,-3.6627960E-01,-1.6832657E+00
8.170342E-02,-3.6620331E-01,-1.6732712E+00
8.170670E-02,-3.6574554E-01,-1.6615982E+00
8.170998E-02,-3.6559296E-01,-1.6503830E+00
8.171325E-02,-3.6559296E-01,-1.6374893E+00
8.171653E-02,-3.6505890E-01,-1.6230698E+00
8.171981E-02,-3.6475372E-01,-1.6064377E+00
8.172308E-02,-3.6383820E-01,-1.5910263E+00
8.172636E-02,-3.6399078E-01,-1.5740128E+00
8.172964E-02,-3.6429596E-01,-1.5578384E+00
8.173292E-02,-3.6353302E-01,-1.5397568E+00
8.173619E-02,-3.6322784E-01,-1.5205307E+00
8.173947E-02,-3.6307526E-01,-1.5009995E+00
8.174275E-02,-3.6345673E-01,-1.4792557E+00
8.174602E-02,-3.6338043E-01,-1.4583511E+00
8.174930E-02,-3.6322784E-01,-1.4359207E+00
8.175258E-02,-3.6315155E-01,-1.4127274E+00
8.175585E-02,-3.6315155E-01,-1.3891525E+00
8.175913E-02,-3.6307526E-01,-1.3637466E+00
8.176241E-02,-3.6353302E-01,-1.3372726E+00
8.176568E-02,-3.6307526E-01,-1.3112564E+00
8.176896E-02,-3.6269379E-01,-1.2845535E+00
8.177224E-02,-3.6284637E-01,-1.2564011E+00
8.177551E-02,-3.6208344E-01,-1.2271042E+00
8.177879E-02,-3.6277008E-01,-1.1978073E+00
8.178207E-02,-3.6299896E-01,-1.1675949E+00
8.178534E-02,-3.6322784E-01,-1.1364670E+00
8.178862E-02,-3.6307526E-01,-1.1057205E+00
8.179190E-02,-3.6254120E-01,-1.0726089E+00
8.179517E-02,-3.6185455E-01,-1.0401077E+00
8.179845E-02,-3.6261749E-01,-1.0066147E+00
8.180173E-02,-3.6345673E-01,-9.7228241E-01
8.180500E-02,-3.6368561E-01,-9.3764496E-01
8.180828E-02,-3.6376190E-01,-9.0186310E-01
8.181156E-02,-3.6406708E-01,-8.6516571E-01
8.181484E-02,-3.6460114E-01,-8.2816315E-01
8.181811E-02,-3.6391449E-01,-7.9146576E-01
8.182139E-02,-3.6505890E-01,-7.5415802E-01
8.182467E-02,-3.6498260E-01,-7.1700287E-01
8.182794E-02,-3.6582184E-01,-6.7710114E-01
8.183122E-02,-3.6605072E-01,-6.3849640E-01
8.183450E-02,-3.6658478E-01,-5.9859467E-01
8.183777E-02,-3.6681366E-01,-5.5915070E-01
8.184105E-02,-3.6780548E-01,-5.1863861E-01
8.184433E-02,-3.6872101E-01,-4.7743988E-01
8.184760E-02,-3.6894989E-01,-4.3669891E-01
8.185088E-02,-3.6994171E-01,-3.9557648E-01
8.185416E-02,-3.6978912E-01,-3.5369110E-01
8.185743E-02,-3.7032318E-01,-3.1165314E-01
8.186071E-02,-3.7108612E-01,-2.6923370E-01
8.186399E-02,-3.7177277E-01,-2.2605133E-01
8.186726E-02,-3.7238312E-01,-1.8317413E-01
8.187054E-02,-3.7322235E-01,-1.3945770E-01
8.187382E-02,-3.7383270E-01,-9.6504211E-02
8.187709E-02,-3.7574005E-01,-5.3092957E-02
8.188037E-02,-3.7650299E-01,-9.6054077E-03
8.188365E-02,-3.7726593E-01,3.4873962E-02
8.188692E-02,-3.7947845E-01,7.8590393E-02
8.189020E-02,-3.8039398E-01,1.2345123E-01
8.189348E-02,-3.8169098E-01,1.6938019E-01
8.189676E-02,-3.8237762E-01,2.1385956E-01
8.190003E-02,-3.8298798E-01,2.5818634E-01
8.190331E-02,-3.8336945E-01,3.0350494E-01
8.190659E-02,-3.8504791E-01,3.4943390E-01
8.190986E-02,-3.8535309E-01,3.9337921E-01
8.191314E-02,-3.8565826E-01,4.3877411E-01
8.191642E-02,-3.8764191E-01,4.8386383E-01
8.191969E-02,-3.8901520E-01,5.2719879E-01
8.192297E-02,-3.9023590E-01,5.7122040E-01
8.192625E-02,-3.9168549E-01,6.1592865E-01
8.192952E-02,-3.9305878E-01,6.6101837E-01
8.193280E-02,-3.9420319E-01,7.0519257E-01
8.193608E-02,-3.9504242E-01,7.4951935E-01
8.193935E-02,-3.9618683E-01,7.9460907E-01
8.194263E-02,-3.9733124E-01,8.3855438E-01
8.194591E-02,-3.9870453E-01,8.8219452E-01
8.194918E-02,-3.9908600E-01,9.2720795E-01
8.195246E-02,-3.9946747E-01,9.7145844E-01
8.195574E-02,-4.0190887E-01,1.0152512E+00
8.195901E-02,-4.0381622E-01,1.0587387E+00
8.196229E-02,-4.0442657E-01,1.1011581E+00
8.196557E-02,-4.0564728E-01,1.1441116E+00
8.196884E-02,-4.0686798E-01,1.1867599E+00
8.197212E-02,-4.0770721E-01,1.2288742E+00
8.197540E-02,-4.0938568E-01,1.2703018E+00
8.197868E-02,-4.0969086E-01,1.3124924E+00
8.198195E-02,-4.1091156E-01,1.3536911E+00
8.198523E-02,-4.1266632E-01,1.3940506E+00
8.198851E-02,-4.1358185E-01,1.4352493E+00
8.199178E-02,-4.1533661E-01,1.4748459E+00
8.199506E-02,-4.1579437E-01,1.5139847E+00
8.199834E-02,-4.1709137E-01,1.5523605E+00
8.200161E-02,-4.1793060E-01,1.5919571E+00
8.200489E-02,-4.1861725E-01,1.6285019E+00
8.200817E-02,-4.1968536E-01,1.6670303E+00
8.201144E-02,-4.2151642E-01,1.7044907E+00
8.201472E-02,-4.2197418E-01,1.7411118E+00
8.201800E-02,-4.2281342E-01,1.7775040E+00
8.202127E-02,-4.2250824E-01,1.8133621E+00
8.202455E-02,-4.2327118E-01,1.8474655E+00
8.202783E-02,-4.2441559E-01,1.8824081E+00
8.203110E-02,-4.2502594E-01,1.9163589E+00
8.203438E-02,-4.2556000E-01,1.9488602E+00
8.203766E-02,-4.2655182E-01,1.9817429E+00
8.204093E-02,-4.2769623E-01,2.0139389E+00
8.204421E-02,-4.2777252E-01,2.0459061E+00
8.204749E-02,-4.2830658E-01,2.0767288E+00
8.205076E-02,-4.2876434E-01,2.1063309E+00
8.205404E-02,-4.2975616E-01,2.1353226E+00
8.205732E-02,-4.2983246E-01,2.1633224E+00
8.206060E-02,-4.2967987E-01,2.1913986E+00
8.206387E-02,-4.2990875E-01,2.2175674E+00
8.206715E-02,-4.2899323E-01,2.2448044E+00
8.207043E-02,-4.2906952E-01,2.2708206E+00
8.207370E-02,-4.2960358E-01,2.2955399E+00
8.207698E-02,-4.2937469E-01,2.3188095E+00
8.208026E-02,-4.2937469E-01,2.3421555E+00
8.208353E-02,-4.2868805E-01,2.3648911E+00
8.208681E-02,-4.2754364E-01,2.3866348E+00
8.209009E-02,-4.2777252E-01,2.4068527E+00
8.209336E-02,-4.2639923E-01,2.4280624E+00
8.209664E-02,-4.2594147E-01,2.4481277E+00
8.209992E-02,-4.2586517E-01,2.4658279E+00
8.210319E-02,-4.2502594E-01,2.4836044E+00
8.210647E-02,-4.2472076E-01,2.4998550E+00
8.210975E-02,-4.2365265E-01,2.5152664E+00
8.211302E-02,-4.2243195E-01,2.5303726E+00
8.211630E-02,-4.2166901E-01,2.5455551E+00
8.211958E-02,-4.2098236E-01,2.5579910E+00
8.212285E-02,-4.1983795E-01,2.5695877E+00
8.212613E-02,-4.1922760E-01,2.5814896E+00
8.212941E-02,-4.1709137E-01,2.5913315E+00
8.213268E-02,-4.1655731E-01,2.6014786E+00
8.213596E-02,-4.1495514E-01,2.6103287E+00
8.213924E-02,-4.1434479E-01,2.6176529E+00
8.214252E-02,-4.1266632E-01,2.6244431E+00
8.214579E-02,-4.1114044E-01,2.6303940E+00
8.214907E-02,-4.0938568E-01,2.6361160E+00
8.215235E-02,-4.0816498E-01,2.6405411E+00
8.215562E-02,-4.0595245E-01,2.6432877E+00
8.215890E-02,-4.0473175E-01,2.6455765E+00
8.216218E-02,-4.0312958E-01,2.6458817E+00
8.216545E-02,-4.0099335E-01,2.6467972E+00
8.216873E-02,-3.9939117E-01,2.6458054E+00
8.217201E-02,-3.9679718E-01,2.6451187E+00
8.217528E-02,-3.9565277E-01,2.6430588E+00
8.217856E-02,-3.9374542E-01,2.6389389E+00
8.218184E-02,-3.9176178E-01,2.6354294E+00
8.218511E-02,-3.9000702E-01,2.6295547E+00
8.218839E-02,-3.8748932E-01,2.6236801E+00
8.219167E-02,-3.8520050E-01,2.6171951E+00
8.219494E-02,-3.8275909E-01,2.6096420E+00
8.219822E-02,-3.8054657E-01,2.6020126E+00
8.220150E-02,-3.7886810E-01,2.5924759E+00
8.220477E-02,-3.7612152E-01,2.5815659E+00
8.220805E-02,-3.7352753E-01,2.5699692E+00
8.221133E-02,-3.7078094E-01,2.5589066E+00
8.221460E-02,-3.6856842E-01,2.5460892E+00
8.221788E-02,-3.6597443E-01,2.5322800E+00
8.222116E-02,-3.6360931E-01,2.5180893E+00
8.222444E-02,-3.6055756E-01,2.5020676E+00
8.222771E-02,-3.5773468E-01,2.4857407E+00
8.223099E-02,-3.5597992E-01,2.4678879E+00
8.223427E-02,-3.5323334E-01,2.4511795E+00
8.223754E-02,-3.5025787E-01,2.4314194E+00
8.224082E-02,-3.4705353E-01,2.4111252E+00
8.224410E-02,-3.4598541E-01,2.3898392E+00
8.224737E-02,-3.4278107E-01,2.3681717E+00
8.225065E-02,-3.4011078E-01,2.3460464E+00
8.225393E-02,-3.3713531E-01,2.3218613E+00
8.225720E-02,-3.3515167E-01,2.2989731E+00
8.226048E-02,-3.3225250E-01,2.2736435E+00
8.226376E-02,-3.2904816E-01,2.2473984E+00
8.226703E-02,-3.2660675E-01,2.2217636E+00
8.227031E-02,-3.2447052E-01,2.1949081E+00
8.227359E-02,-3.2172394E-01,2.1666794E+00
8.227686E-02,-3.1935883E-01,2.1386795E+00
8.228014E-02,-3.1577301E-01,2.1099930E+00
8.228342E-02,-3.1363678E-01,2.0799332E+00
8.228669E-02,-3.1111908E-01,2.0491867E+00
8.228997E-02,-3.0837250E-01,2.0174484E+00
8.229325E-02,-3.0532074E-01,1.9854050E+00
8.229652E-02,-3.0303192E-01,1.9533615E+00
8.229980E-02,-3.0066681E-01,1.9200211E+00
8.230308E-02,-2.9807281E-01,1.8863754E+00
8.230636E-02,-2.9532623E-01,1.8517380E+00
8.230963E-02,-2.9219818E-01,1.8165665E+00
8.231291E-02,-2.9006195E-01,1.7811661E+00
8.231619E-02,-2.8784943E-01,1.7457657E+00
8.231946E-02,-2.8563690E-01,1.7086105E+00
8.232274E-02,-2.8243256E-01,1.6717606E+00
8.232602E-02,-2.8144073E-01,1.6343002E+00
8.232929E-02,-2.7938080E-01,1.5964584E+00
8.233257E-02,-2.7724457E-01,1.5574722E+00
8.233585E-02,-2.7510834E-01,1.5194016E+00
8.233912E-02,-2.7198029E-01,1.4807968E+00
8.234240E-02,-2.7053070E-01,1.4411240E+00
8.234568E-02,-2.6839447E-01,1.4014511E+00
8.234895E-02,-2.6610565E-01,1.3604050E+00
8.235223E-02,-2.6366425E-01,1.3193588E+00
8.235551E-02,-2.6129913E-01,1.2777023E+00
8.235878E-02,-2.5939178E-01,1.2366562E+00
8.236206E-02,-2.5786591E-01,1.1947708E+00
8.236534E-02,-2.5557709E-01,1.1512833E+00
8.236861E-02,-2.5489044E-01,1.1089401E+00
8.237189E-02,-2.5344086E-01,1.0658340E+00
8.237517E-02,-2.5153351E-01,1.0232620E+00
8.237844E-02,-2.5038910E-01,9.7946930E-01
8.238172E-02,-2.4878693E-01,9.3544769E-01
8.238500E-02,-2.4756622E-01,8.9058685E-01
8.238828E-02,-2.4619293E-01,8.4610748E-01
8.239155E-02,-2.4436188E-01,8.0246735E-01
8.239483E-02,-2.4352264E-01,7.5722504E-01
8.239811E-02,-2.4253082E-01,7.1274567E-01
8.240138E-02,-2.4207306E-01,6.6841888E-01
8.240466E-02,-2.4108124E-01,6.2363434E-01
8.240794E-02,-2.3932648E-01,5.7938385E-01
8.241121E-02,-2.3802948E-01,5.3582001E-01
8.241449E-02,-2.3772430E-01,4.9134064E-01
8.241777E-02,-2.3650360E-01,4.4678497E-01
8.242104E-02,-2.3513031E-01,4.0261078E-01
8.242432E-02,-2.3444366E-01,3.5767365E-01
8.242760E-02,-2.3436737E-01,3.1250763E-01
8.243087E-02,-2.3352814E-01,2.6711273E-01
8.243415E-02,-2.3238373E-01,2.2255707E-01
8.243743E-02,-2.3162079E-01,1.7800140E-01
8.244070E-02,-2.3085785E-01,1.3283539E-01
8.244398E-02,-2.3024750E-01,8.7898254E-02
8.244726E-02,-2.2994232E-01,4.3724060E-02
8.245053E-02,-2.2933197E-01,3.1280518E-04
8.245381E-02,-2.2902679E-01,-4.4242859E-02
8.245709E-02,-2.2841644E-01,-8.7806702E-02
8.246036E-02,-2.2910309E-01,-1.3098907E-01
8.246364E-02,-2.2772980E-01,-1.7539215E-01
8.246692E-02,-2.2856903E-01,-2.1834564E-01
8.247020E-02,-2.2841644E-01,-2.6114655E-01
8.247347E-02,-2.2765350E-01,-3.0295563E-01
8.247675E-02,-2.2719574E-01,-3.4537506E-01
8.248003E-02,-2.2689056E-01,-3.8665009E-01
8.248330E-02,-2.2605133E-01,-4.2853546E-01
8.248658E-02,-2.2635651E-01,-4.7019196E-01
8.248986E-02,-2.2620392E-01,-5.1070404E-01
8.249313E-02,-2.2681427E-01,-5.5121613E-01
8.249641E-02,-2.2544098E-01,-5.9119415E-01
8.249969E-02,-2.2574615E-01,-6.3056183E-01
8.250296E-02,-2.2551727E-01,-6.6870880E-01
8.250624E-02,-2.2574615E-01,-7.0868683E-01
8.250952E-02,-2.2528839E-01,-7.4629974E-01
8.251279E-02,-2.2597504E-01,-7.8398895E-01
8.251607E-02,-2.2589874E-01,-8.2030487E-01
8.251935E-02,-2.2559357E-01,-8.5768890E-01
8.252262E-02,-2.2551727E-01,-8.9453888E-01
8.252590E-02,-2.2467804E-01,-9.2955780E-01
8.252918E-02,-2.2437286E-01,-9.6488190E-01
8.253245E-02,-2.2559357E-01,-9.9852753E-01
8.253573E-02,-2.2589874E-01,-1.0320969E+00
8.253901E-02,-2.2551727E-01,-1.0651321E+00
8.254228E-02,-2.2566986E-01,-1.0977097E+00
8.254556E-02,-2.2559357E-01,-1.1287613E+00
8.254884E-02,-2.2628021E-01,-1.1595078E+00
8.255212E-02,-2.2551727E-01,-1.1903305E+00
8.255539E-02,-2.2521210E-01,-1.2203903E+00
8.255867E-02,-2.2559357E-01,-1.2490768E+00
8.256195E-02,-2.2536469E-01,-1.2770004E+00
8.256522E-02,-2.2544098E-01,-1.3056107E+00
8.256850E-02,-2.2544098E-01,-1.3320847E+00
8.257178E-02,-2.2513580E-01,-1.3581772E+00
8.257505E-02,-2.2452545E-01,-1.3833542E+00
8.257833E-02,-2.2490692E-01,-1.4076920E+00
8.258161E-02,-2.2505951E-01,-1.4310379E+00
8.258488E-02,-2.2605133E-01,-1.4533920E+00
8.258816E-02,-2.2498322E-01,-1.4752884E+00
8.259144E-02,-2.2559357E-01,-1.4961929E+00
8.259471E-02,-2.2505951E-01,-1.5162582E+00
8.259799E-02,-2.2582245E-01,-1.5355606E+00
8.260127E-02,-2.2483063E-01,-1.5525742E+00
8.260454E-02,-2.2460175E-01,-1.5705032E+00
8.260782E-02,-2.2444916E-01,-1.5869064E+00
8.261110E-02,-2.2467804E-01,-1.6030045E+00
8.261437E-02,-2.2437286E-01,-1.6183395E+00
8.261765E-02,-2.2498322E-01,-1.6329117E+00
8.262093E-02,-2.2460175E-01,-1.6458817E+00
8.262420E-02,-2.2429657E-01,-1.6584702E+00
8.262748E-02,-2.2391510E-01,-1.6699905E+00
8.263076E-02,-2.2330475E-01,-1.6796036E+00
8.263404E-02,-2.2299957E-01,-1.6889114E+00
8.263731E-02,-2.2238922E-01,-1.6975327E+00
8.264059E-02,-2.2322845E-01,-1.7056198E+00
8.264387E-02,-2.2231293E-01,-1.7117233E+00
8.264714E-02,-2.2078705E-01,-1.7173691E+00
8.265042E-02,-2.2093964E-01,-1.7222519E+00
8.265370E-02,-2.2071075E-01,-1.7256851E+00
8.265697E-02,-2.2086334E-01,-1.7286606E+00
8.266025E-02,-2.2101593E-01,-1.7312546E+00
8.266353E-02,-2.2078705E-01,-1.7321701E+00
8.266680E-02,-2.1987152E-01,-1.7321701E+00
8.267008E-02,-2.1903229E-01,-1.7310257E+00
8.267336E-02,-2.1933746E-01,-1.7301102E+00
8.267663E-02,-2.1933746E-01,-1.7277451E+00
8.267991E-02,-2.1880341E-01,-1.7240067E+00
8.268319E-02,-2.1842194E-01,-1.7198868E+00
8.268646E-02,-2.1804047E-01,-1.7147751E+00
8.268974E-02,-2.1826935E-01,-1.7085190E+00
8.269302E-02,-2.1743011E-01,-1.7013474E+00
8.269629E-02,-2.1773529E-01,-1.6933365E+00
8.269957E-02,-2.1750641E-01,-1.6849442E+00
8.270285E-02,-2.1697235E-01,-1.6744919E+00
8.270612E-02,-2.1697235E-01,-1.6637344E+00
8.270940E-02,-2.1559906E-01,-1.6516037E+00
8.271268E-02,-2.1514130E-01,-1.6382523E+00
8.271596E-02,-2.1521759E-01,-1.6245956E+00
8.271923E-02,-2.1468353E-01,-1.6091843E+00
8.272251E-02,-2.1384430E-01,-1.5946121E+00
8.272579E-02,-2.1483612E-01,-1.5795822E+00
8.272906E-02,-2.1376801E-01,-1.5630264E+00
8.273234E-02,-2.1369171E-01,-1.5449448E+00
8.273562E-02,-2.1430206E-01,-1.5268631E+00
8.273889E-02,-2.1414948E-01,-1.5061111E+00
8.274217E-02,-2.1346283E-01,-1.4851303E+00
8.274545E-02,-2.1300507E-01,-1.4636154E+00
8.274872E-02,-2.1384430E-01,-1.4405746E+00
8.275200E-02,-2.1323395E-01,-1.4177628E+00
8.275528E-02,-2.1285248E-01,-1.3945694E+00
8.275855E-02,-2.1315765E-01,-1.3708420E+00
8.276183E-02,-2.1285248E-01,-1.3439102E+00
8.276511E-02,-2.1247101E-01,-1.3167496E+00
8.276838E-02,-2.1224213E-01,-1.2905045E+00
8.277166E-02,-2.1239471E-01,-1.2625046E+00
8.277494E-02,-2.1292877E-01,-1.2333603E+00
8.277821E-02,-2.1231842E-01,-1.2045975E+00
8.278149E-02,-2.1247101E-01,-1.1746902E+00
8.278477E-02,-2.1224213E-01,-1.1437912E+00
8.278804E-02,-2.1277618E-01,-1.1122818E+00
8.279132E-02,-2.1208954E-01,-1.0807724E+00
8.279460E-02,-2.1262360E-01,-1.0475845E+00
8.279788E-02,-2.1269989E-01,-1.0134811E+00
8.280115E-02,-2.1231842E-01,-9.8052216E-01
8.280443E-02,-2.1300507E-01,-9.4458771E-01
8.280771E-02,-2.1300507E-01,-9.0949249E-01
8.281098E-02,-2.1407318E-01,-8.7310028E-01
8.281426E-02,-2.1399689E-01,-8.3716583E-01
8.281754E-02,-2.1414948E-01,-7.9947662E-01
8.282081E-02,-2.1430206E-01,-7.6140594E-01
8.282409E-02,-2.1491241E-01,-7.2379303E-01
8.282737E-02,-2.1559906E-01,-6.8480682E-01
8.283064E-02,-2.1552277E-01,-6.4612579E-01
8.283392E-02,-2.1590424E-01,-6.0607147E-01
8.283720E-02,-2.1521759E-01,-5.6647491E-01
8.284047E-02,-2.1674347E-01,-5.2573395E-01
8.284375E-02,-2.1659088E-01,-4.8506927E-01
8.284703E-02,-2.1659088E-01,-4.4310760E-01
8.285030E-02,-2.1758270E-01,-4.0282440E-01
8.285358E-02,-2.1773529E-01,-3.6078644E-01
8.285686E-02,-2.1819305E-01,-3.1935883E-01
8.286013E-02,-2.1941376E-01,-2.7793121E-01
8.286341E-02,-2.1941376E-01,-2.3566437E-01
8.286669E-02,-2.1979523E-01,-1.9232941E-01
8.286996E-02,-2.2147369E-01,-1.4922333E-01
8.287324E-02,-2.2185516E-01,-1.0581207E-01
8.287652E-02,-2.2284698E-01,-6.1790466E-02
8.287980E-02,-2.2299957E-01,-1.7921448E-02
8.288307E-02,-2.2437286E-01,2.5947571E-02
8.288635E-02,-2.2528839E-01,7.0426941E-02
8.288963E-02,-2.2513580E-01,1.1483002E-01
8.289290E-02,-2.2605133E-01,1.5930939E-01
8.289618E-02,-2.2620392E-01,2.0508575E-01
8.289946E-02,-2.2681427E-01,2.5009918E-01
8.290273E-02,-2.2780609E-01,2.9465485E-01
8.290601E-02,-2.2795868E-01,3.4043121E-01
8.290929E-02,-2.2841644E-01,3.8536835E-01
8.291256E-02,-2.2902679E-01,4.2992401E-01
8.291584E-02,-2.2879791E-01,4.7531891E-01
8.291912E-02,-2.2940826E-01,5.1911163E-01
8.292239E-02,-2.3078156E-01,5.6259918E-01
8.292567E-02,-2.3139191E-01,6.0684967E-01
8.292895E-02,-2.3123932E-01,6.5186310E-01
8.293222E-02,-2.3268890E-01,6.9542694E-01
8.293550E-02,-2.3276520E-01,7.3998260E-01
8.293878E-02,-2.3322296E-01,7.8491974E-01
8.294205E-02,-2.3383331E-01,8.2939911E-01
8.294533E-02,-2.3352814E-01,8.7349701E-01
8.294861E-02,-2.3406219E-01,9.1728973E-01
8.295188E-02,-2.3551178E-01,9.6260834E-01
8.295516E-02,-2.3520660E-01,1.0065536E+00
8.295844E-02,-2.3581696E-01,1.0501938E+00
8.296172E-02,-2.3574066E-01,1.0935287E+00
8.296499E-02,-2.3596954E-01,1.1359482E+00
8.296827E-02,-2.3581696E-01,1.1787491E+00
8.297155E-02,-2.3589325E-01,1.2209396E+00
8.297482E-02,-2.3627472E-01,1.2629776E+00
8.297810E-02,-2.3635101E-01,1.3044815E+00
8.298138E-02,-2.3612213E-01,1.3452988E+00
8.298465E-02,-2.3688507E-01,1.3861923E+00
8.298793E-02,-2.3619843E-01,1.4257126E+00
8.299121E-02,-2.3581696E-01,1.4668350E+00
8.299448E-02,-2.3627472E-01,1.5059738E+00
8.299776E-02,-2.3528290E-01,1.5443497E+00
8.300104E-02,-2.3467255E-01,1.5838699E+00
8.300431E-02,-2.3459625E-01,1.6226273E+00
8.300759E-02,-2.3451996E-01,1.6598587E+00
8.301087E-02,-2.3345184E-01,1.6966324E+00
8.301414E-02,-2.3253632E-01,1.7331009E+00
8.301742E-02,-2.3291779E-01,1.7697983E+00
8.302070E-02,-2.3268890E-01,1.8052750E+00
8.302397E-02,-2.3162079E-01,1.8407516E+00
8.302725E-02,-2.3062897E-01,1.8755417E+00
8.303053E-02,-2.2986603E-01,1.9085770E+00
8.303380E-02,-2.2887421E-01,1.9426041E+00
8.303708E-02,-2.2811127E-01,1.9758682E+00
8.304036E-02,-2.2727203E-01,2.0072250E+00
8.304364E-02,-2.2528839E-01,2.0392685E+00
8.304691E-02,-2.2475433E-01,2.0692520E+00
8.305019E-02,-2.2383881E-01,2.0999222E+00
8.305347E-02,-2.2200775E-01,2.1296768E+00
8.305674E-02,-2.2055817E-01,2.1582108E+00
8.306002E-02,-2.1872711E-01,2.1869736E+00
8.306330E-02,-2.1819305E-01,2.2134476E+00
8.306657E-02,-2.1636200E-01,2.2400742E+00
8.306985E-02,-2.1475983E-01,2.2658615E+00
8.307313E-02,-2.1323395E-01,2.2914200E+00
8.307640E-02,-2.1155548E-01,2.3153000E+00
8.307968E-02,-2.1033478E-01,2.3379593E+00
8.308296E-02,-2.0827484E-01,2.3613052E+00
8.308623E-02,-2.0613861E-01,2.3832016E+00
8.308951E-02,-2.0476532E-01,2.4031143E+00
8.309279E-02,-2.0232391E-01,2.4239426E+00
8.309606E-02,-2.0087433E-01,2.4437790E+00
8.309934E-02,-1.9766998E-01,2.4620895E+00
8.310262E-02,-1.9629669E-01,2.4791031E+00
8.310589E-02,-1.9461823E-01,2.4957352E+00
8.310917E-02,-1.9217682E-01,2.5112228E+00
8.311245E-02,-1.8950653E-01,2.5263290E+00
8.311572E-02,-1.8706512E-01,2.5404434E+00
8.311900E-02,-1.8523407E-01,2.5539474E+00
8.312228E-02,-1.8325043E-01,2.5659256E+00
8.312556E-02,-1.8012238E-01,2.5770645E+00
8.312883E-02,-1.7707062E-01,2.5882034E+00
8.313211E-02,-1.7455292E-01,2.5991135E+00
8.313539E-02,-1.7142487E-01,2.6064377E+00
8.313866E-02,-1.6875458E-01,2.6152115E+00
8.314194E-02,-1.6631317E-01,2.6219254E+00
8.314522E-02,-1.6326141E-01,2.6282578E+00
8.314849E-02,-1.6051483E-01,2.6335983E+00
8.315177E-02,-1.5807343E-01,2.6373367E+00
8.315505E-02,-1.5532684E-01,2.6407700E+00
8.315832E-02,-1.5196991E-01,2.6440506E+00
8.316160E-02,-1.4952850E-01,2.6449661E+00
8.316488E-02,-1.4640045E-01,2.6456528E+00
8.316815E-02,-1.4441681E-01,2.6449661E+00
8.317143E-02,-1.4083099E-01,2.6438217E+00
8.317471E-02,-1.3823700E-01,2.6416092E+00
8.317798E-02,-1.3465118E-01,2.6396255E+00
8.318126E-02,-1.3152313E-01,2.6354294E+00
8.318454E-02,-1.2915802E-01,2.6307755E+00
8.318781E-02,-1.2618256E-01,2.6245956E+00
8.319109E-02,-1.2351227E-01,2.6184921E+00
8.319437E-02,-1.2038422E-01,2.6107101E+00
8.319764E-02,-1.1717987E-01,2.6026230E+00
8.320092E-02,-1.1389923E-01,2.5934677E+00
8.320420E-02,-1.1046600E-01,2.5836258E+00
8.320748E-02,-1.0787201E-01,2.5721817E+00
8.321075E-02,-1.0459137E-01,2.5605850E+00
8.321403E-02,-1.0161591E-01,2.5476151E+00
8.321731E-02,-9.8564148E-02,2.5335007E+00
8.322058E-02,-9.5054626E-02,2.5189285E+00
8.322386E-02,-9.2231750E-02,2.5032883E+00
8.322714E-02,-8.9408875E-02,2.4867325E+00
8.323041E-02,-8.6509705E-02,2.4700241E+00
8.323369E-02,-8.4526062E-02,2.4517136E+00
8.323697E-02,-8.2237244E-02,2.4330978E+00
8.324024E-02,-7.9109192E-02,2.4130325E+00
8.324352E-02,-7.5675964E-02,2.3917465E+00
8.324680E-02,-7.2929382E-02,2.3703842E+00
8.325007E-02,-7.1022034E-02,2.3477249E+00
8.325335E-02,-6.8275452E-02,2.3244553E+00
8.325663E-02,-6.6291809E-02,2.3014145E+00
8.325990E-02,-6.3697815E-02,2.2771530E+00
8.326318E-02,-6.0874939E-02,2.2518234E+00
8.326646E-02,-5.7365417E-02,2.2256546E+00
8.326973E-02,-5.5000305E-02,2.1989517E+00
8.327301E-02,-5.2787781E-02,2.1711807E+00
8.327629E-02,-5.0422668E-02,2.1437912E+00
8.327956E-02,-4.7828674E-02,2.1147232E+00
8.328284E-02,-4.5997620E-02,2.0851212E+00
8.328612E-02,-4.4319153E-02,2.0542984E+00
8.328940E-02,-4.1725159E-02,2.0233994E+00
8.329267E-02,-3.9588928E-02,1.9911270E+00
8.329595E-02,-3.7223816E-02,1.9585495E+00
8.329923E-02,-3.5850525E-02,1.9252853E+00
8.330250E-02,-3.4095764E-02,1.8918686E+00
8.330578E-02,-3.2264709E-02,1.8579178E+00
8.330906E-02,-3.0052185E-02,1.8227463E+00
8.331233E-02,-2.8678894E-02,1.7877274E+00
8.331561E-02,-2.7000427E-02,1.7528610E+00
8.331889E-02,-2.4559021E-02,1.7157059E+00
8.332216E-02,-2.2422791E-02,1.6791611E+00
8.332544E-02,-2.0896912E-02,1.6420822E+00
8.332872E-02,-1.8760681E-02,1.6033249E+00
8.333199E-02,-1.7234802E-02,1.5652542E+00
8.333527E-02,-1.5937805E-02,1.5267258E+00
8.333855E-02,-1.5022278E-02,1.4873581E+00
8.334182E-02,-1.3648987E-02,1.4477615E+00
8.334510E-02,-1.2657166E-02,1.4078598E+00
8.334838E-02,-1.2123108E-02,1.3669662E+00
8.335165E-02,-1.0826111E-02,1.3259964E+00
8.335493E-02,-9.5291138E-03,1.2843399E+00
8.335821E-02,-8.2321167E-03,1.2425308E+00
8.336148E-02,-7.3928833E-03,1.2014847E+00
8.336476E-02,-6.3247681E-03,1.1587601E+00
8.336804E-02,-5.4855347E-03,1.1167984E+00
8.337132E-02,-4.1122437E-03,1.0738449E+00
8.337459E-02,-3.1967163E-03,1.0308151E+00
8.337787E-02,-2.6626587E-03,9.8694611E-01
8.338115E-02,-1.9760132E-03,9.4330597E-01
8.338442E-02,-1.5182495E-03,8.9905548E-01
8.338770E-02,-1.5182495E-03,8.5533905E-01
8.339098E-02,-5.2642822E-04,8.1063080E-01
8.339425E-02,5.4168701E-04,7.6531219E-01
8.339753E-02,7.7056885E-04,7.2129059E-01
8.340081E-02,3.8909912E-04,6.7704010E-01
8.340408E-02,2.3651123E-04,6.3256073E-01
8.340736E-02,1.1520386E-03,5.8716583E-01
8.341064E-02,1.5335083E-03,5.4367828E-01
8.341391E-02,2.0675659E-03,5.0003815E-01
8.341719E-02,2.4490356E-03,4.5578766E-01
8.342047E-02,2.8305054E-03,4.1062164E-01
8.342374E-02,1.9912720E-03,3.6629486E-01
8.342702E-02,1.5335083E-03,3.2212067E-01
8.343030E-02,2.8305054E-03,2.7725983E-01
8.343357E-02,2.5253296E-03,2.3209381E-01
8.343685E-02,1.9149780E-03,1.8654633E-01
8.344013E-02,2.4490356E-03,1.4252472E-01
8.344340E-02,2.1438599E-03,9.6366882E-02
8.344668E-02,2.2201538E-03,5.2803040E-02
8.344996E-02,2.2964478E-03,8.5525513E-03
8.345324E-02,2.3727417E-03,-3.4858704E-02
8.345651E-02,1.5335083E-03,-7.9490662E-02
8.345979E-02,1.8386841E-03,-1.2244415E-01
8.346307E-02,1.0757446E-03,-1.6555023E-01
8.346634E-02,1.3046265E-03,-2.0896149E-01
8.346962E-02,1.0757446E-03,-2.5107574E-01
8.347290E-02,1.0757446E-03,-2.9402924E-01
8.347617E-02,5.4168701E-04,-3.3507538E-01
8.347945E-02,6.9427490E-04,-3.7741852E-01
8.348273E-02,8.4686279E-04,-4.1945648E-01
8.348600E-02,-2.2125244E-04,-4.6096039E-01
8.348928E-02,-8.3160400E-04,-5.0208282E-01
8.349256E-02,-1.4495850E-04,-5.4244232E-01
8.349583E-02,-4.5013428E-04,-5.8264923E-01
8.349911E-02,-9.8419189E-04,-6.2293243E-01
8.350239E-02,-8.3160400E-04,-6.6207123E-01
8.350566E-02,-2.1286011E-03,-7.0136261E-01
8.350894E-02,-2.2048950E-03,-7.4004364E-01
8.351222E-02,-2.4337769E-03,-7.7719879E-01
8.351549E-02,-2.4337769E-03,-8.1435394E-01
8.351877E-02,-2.6626587E-03,-8.5066986E-01
8.352205E-02,-2.4337769E-03,-8.8698578E-01
8.352532E-02,-3.4255981E-03,-9.2322540E-01
8.352860E-02,-3.2730103E-03,-9.5816803E-01
8.353188E-02,-3.0441284E-03,-9.9349213E-01
8.353516E-02,-3.5781860E-03,-1.0278244E+00
8.353843E-02,-4.3411255E-03,-1.0600967E+00
8.354171E-02,-4.3411255E-03,-1.0929794E+00
8.354499E-02,-4.8751831E-03,-1.1253281E+00
8.354826E-02,-4.6463013E-03,-1.1559982E+00
8.355154E-02,-5.1803589E-03,-1.1859818E+00
8.355482E-02,-4.7988892E-03,-1.2157364E+00
8.355809E-02,-4.8751831E-03,-1.2452621E+00
8.356137E-02,-5.1040649E-03,-1.2730331E+00
8.356465E-02,-4.2648315E-03,-1.3015671E+00
8.356792E-02,-4.0359497E-03,-1.3281174E+00
8.357120E-02,-3.2730103E-03,-1.3537521E+00
8.357448E-02,-3.5018921E-03,-1.3793106E+00
8.357775E-02,-4.1885376E-03,-1.4034958E+00
8.358103E-02,-3.4255981E-03,-1.4275284E+00
8.358431E-02,-3.3493042E-03,-1.4504929E+00
8.358758E-02,-2.7389526E-03,-1.4723892E+00
8.359086E-02,-3.2730103E-03,-1.4932938E+00
8.359414E-02,-3.0441284E-03,-1.5135117E+00
8.359741E-02,-2.7389526E-03,-1.5326614E+00
8.360069E-02,-2.3574829E-03,-1.5508194E+00
8.360397E-02,-2.3574829E-03,-1.5680618E+00
8.360724E-02,-1.5945435E-03,-1.5843124E+00
8.361052E-02,-7.5531006E-04,-1.5996475E+00
8.361380E-02,-5.2642822E-04,-1.6147537E+00
8.361708E-02,-5.2642822E-04,-1.6296310E+00
8.362035E-02,-8.3160400E-04,-1.6429825E+00
8.362363E-02,-5.2642822E-04,-1.6541977E+00
8.362691E-02,-6.0272217E-04,-1.6662521E+00
8.363018E-02,6.1798096E-04,-1.6769333E+00
8.363346E-02,8.4686279E-04,-1.6873093E+00
8.363674E-02,1.3809204E-03,-1.6950912E+00
8.364001E-02,1.2283325E-03,-1.7037125E+00
8.364329E-02,1.8386841E-03,-1.7102737E+00
8.364657E-02,1.8386841E-03,-1.7159195E+00
8.364984E-02,1.9912720E-03,-1.7217178E+00
8.365312E-02,2.6779175E-03,-1.7255325E+00
8.365640E-02,3.0593872E-03,-1.7285843E+00
8.365967E-02,2.6779175E-03,-1.7311020E+00
8.366295E-02,3.6697388E-03,-1.7325516E+00
8.366623E-02,3.6697388E-03,-1.7330093E+00
8.366950E-02,3.8986206E-03,-1.7327042E+00
8.367278E-02,3.8223267E-03,-1.7314072E+00
8.367606E-02,3.5934448E-03,-1.7290421E+00
8.367933E-02,3.9749146E-03,-1.7244644E+00
8.368261E-02,4.2037964E-03,-1.7211075E+00
8.368589E-02,4.6615601E-03,-1.7163773E+00
8.368916E-02,5.0430298E-03,-1.7102737E+00
8.369244E-02,5.7296753E-03,-1.7037125E+00
8.369572E-02,6.6452026E-03,-1.6950150E+00
8.369900E-02,6.4926147E-03,-1.6861649E+00
8.370227E-02,8.0184937E-03,-1.6766281E+00
8.370555E-02,7.7896118E-03,-1.6661758E+00
8.370883E-02,8.7051392E-03,-1.6539688E+00
8.371210E-02,9.3154907E-03,-1.6413803E+00
8.371538E-02,8.8577271E-03,-1.6274185E+00
8.371866E-02,9.0103149E-03,-1.6133041E+00
8.372193E-02,8.6288452E-03,-1.5985794E+00
8.372521E-02,9.2391968E-03,-1.5831680E+00
8.372849E-02,9.1629028E-03,-1.5665359E+00
8.373176E-02,9.7732544E-03,-1.5483017E+00
8.373504E-02,1.0002136E-02,-1.5299149E+00
8.373832E-02,1.0536194E-02,-1.5096970E+00
8.374159E-02,9.9258423E-03,-1.4897079E+00
8.374487E-02,9.7732544E-03,-1.4681931E+00
8.374815E-02,1.0536194E-02,-1.4466019E+00
8.375142E-02,1.0688782E-02,-1.4226456E+00
8.375470E-02,1.0841370E-02,-1.3988419E+00
8.375798E-02,1.0536194E-02,-1.3746567E+00
8.376125E-02,1.1375427E-02,-1.3487930E+00
8.376453E-02,1.1146545E-02,-1.3217850E+00
8.376781E-02,1.0841370E-02,-1.2955399E+00
8.377108E-02,1.1375427E-02,-1.2688370E+00
8.377436E-02,1.1375427E-02,-1.2393875E+00
8.377764E-02,1.0993958E-02,-1.2099380E+00
8.378092E-02,1.1528015E-02,-1.1800308E+00
8.378419E-02,1.1756897E-02,-1.1487503E+00
8.378747E-02,1.2290955E-02,-1.1171646E+00
8.379075E-02,1.1146545E-02,-1.0862656E+00
8.379402E-02,1.1375427E-02,-1.0523911E+00
8.379730E-02,1.1070251E-02,-1.0193558E+00
8.380058E-02,1.0688782E-02,-9.8532867E-01
8.380385E-02,1.1070251E-02,-9.5046234E-01
8.380713E-02,1.1680603E-02,-9.1437531E-01
8.381041E-02,1.0841370E-02,-8.7897491E-01
8.381368E-02,1.0459900E-02,-8.4288788E-01
8.381696E-02,9.9258423E-03,-8.0619049E-01
8.382024E-02,9.5443726E-03,-7.6911163E-01
8.382351E-02,9.3154907E-03,-7.3050690E-01
8.382679E-02,9.8495483E-03,-6.9167328E-01
8.383007E-02,9.7732544E-03,-6.5383148E-01
8.383334E-02,9.6206665E-03,-6.1476898E-01
8.383662E-02,9.1629028E-03,-5.7517242E-01
8.383990E-02,8.7814331E-03,-5.3481293E-01
8.384317E-02,8.0184937E-03,-4.9300385E-01
8.384645E-02,7.8659058E-03,-4.5272064E-01
8.384973E-02,8.3236694E-03,-4.1083527E-01
8.385300E-02,8.0184937E-03,-3.7017059E-01
8.385628E-02,8.3236694E-03,-3.2752228E-01
8.385956E-02,8.6288452E-03,-2.8571320E-01
8.386284E-02,7.7133179E-03,-2.4367523E-01
8.386611E-02,7.9421997E-03,-2.0034027E-01
8.386939E-02,7.7133179E-03,-1.5700531E-01
8.387267E-02,7.4081421E-03,-1.1336517E-01
8.387594E-02,8.0184937E-03,-7.0030212E-02
8.387922E-02,7.8659058E-03,-2.6161194E-02
8.388250E-02,7.6370239E-03,1.7707825E-02
8.388577E-02,6.8740845E-03,6.2492371E-02
8.388905E-02,6.8740845E-03,1.0697174E-01
8.389233E-02,7.3318481E-03,1.5229034E-01
8.389560E-02,6.6452026E-03,1.9707489E-01
8.389888E-02,7.5607300E-03,2.4208832E-01
8.390216E-02,7.1029663E-03,2.8687286E-01
8.390543E-02,7.8659058E-03,3.3257294E-01
8.390871E-02,7.2555542E-03,3.7697601E-01
8.391199E-02,7.8659058E-03,4.2160797E-01
8.391526E-02,8.1710815E-03,4.6646881E-01
8.391854E-02,8.2473755E-03,5.1033783E-01
8.392182E-02,8.2473755E-03,5.5405426E-01
8.392509E-02,9.0866089E-03,5.9822845E-01
8.392837E-02,9.5443726E-03,6.4316559E-01
8.393165E-02,9.8495483E-03,6.8810272E-01
8.393492E-02,1.0383606E-02,7.3128510E-01
8.393820E-02,1.1222839E-02,7.7858734E-01
8.394148E-02,1.1680603E-02,8.2207489E-01
8.394476E-02,1.1985779E-02,8.6724091E-01
8.394803E-02,1.2519836E-02,9.1065216E-01
8.395131E-02,1.3282776E-02,9.5574188E-01
8.395459E-02,1.3816833E-02,9.9930573E-01
8.395786E-02,1.5647888E-02,1.0435562E+00
8.396114E-02,1.6487122E-02,1.0860519E+00
8.396442E-02,1.6563416E-02,1.1290817E+00
8.396769E-02,1.7784119E-02,1.1718063E+00
8.397097E-02,1.9004822E-02,1.2141495E+00
8.397425E-02,2.0683289E-02,1.2558823E+00
8.397752E-02,2.1446228E-02,1.2979202E+00
8.398080E-02,2.2209167E-02,1.3386612E+00
8.398408E-02,2.3124695E-02,1.3797836E+00
8.398735E-02,2.4040222E-02,1.4205246E+00
8.399063E-02,2.5871277E-02,1.4613419E+00
8.399391E-02,2.7549744E-02,1.4998703E+00
8.399718E-02,2.8999329E-02,1.5384750E+00
8.400046E-02,3.0372620E-02,1.5767746E+00
8.400374E-02,3.1669617E-02,1.6150742E+00
8.400701E-02,3.3119202E-02,1.6538315E+00
8.401029E-02,3.5636902E-02,1.6901474E+00
8.401357E-02,3.7162781E-02,1.7272263E+00
8.401684E-02,3.8764954E-02,1.7641525E+00
8.402012E-02,4.0748596E-02,1.7994003E+00
8.402340E-02,4.2655945E-02,1.8348770E+00
8.402668E-02,4.4715881E-02,1.8695908E+00
8.402995E-02,4.6470642E-02,1.9034653E+00
8.403323E-02,4.8377991E-02,1.9369583E+00
8.403651E-02,5.0590515E-02,1.9686966E+00
8.403978E-02,5.2116394E-02,2.0010452E+00
8.404306E-02,5.4634094E-02,2.0333176E+00
8.404634E-02,5.6846619E-02,2.0654373E+00
8.404961E-02,5.9135437E-02,2.0954208E+00
8.405289E-02,6.1271667E-02,2.1246414E+00
8.405617E-02,6.3560486E-02,2.1527939E+00
8.405944E-02,6.6230774E-02,2.1805649E+00
8.406272E-02,6.9282532E-02,2.2069626E+00
8.406600E-02,7.1189880E-02,2.2336655E+00
8.406927E-02,7.4394226E-02,2.2598343E+00
8.407255E-02,7.7064514E-02,2.2861557E+00
8.407583E-02,8.0574036E-02,2.3103409E+00
8.407910E-02,8.2710266E-02,2.3332291E+00
8.408238E-02,8.5533142E-02,2.3563461E+00
8.408566E-02,8.8661194E-02,2.3790817E+00
8.408893E-02,9.0721130E-02,2.3996048E+00
8.409221E-02,9.3544006E-02,2.4200516E+00
8.409549E-02,9.6519470E-02,2.4401169E+00
8.409876E-02,9.9418640E-02,2.4588089E+00
8.410204E-02,1.0124969E-01,2.4766617E+00
8.410532E-02,1.0475922E-01,2.4934464E+00
8.410860E-02,1.0735321E-01,2.5094681E+00
8.411187E-02,1.0979462E-01,2.5249557E+00
8.411515E-02,1.1299896E-01,2.5397568E+00
8.411843E-02,1.1658478E-01,2.5533371E+00
8.412170E-02,1.2017059E-01,2.5658493E+00
8.412498E-02,1.2253571E-01,2.5765305E+00
8.412826E-02,1.2543488E-01,2.5876694E+00
8.413153E-02,1.2848663E-01,2.5970535E+00
8.413481E-02,1.3062286E-01,2.6066666E+00
8.413809E-02,1.3359833E-01,2.6155930E+00
8.414136E-02,1.3695526E-01,2.6220779E+00
8.414464E-02,1.3954926E-01,2.6282578E+00
8.414792E-02,1.4267731E-01,2.6332932E+00
8.415119E-02,1.4588165E-01,2.6385574E+00
8.415447E-02,1.4885712E-01,2.6410751E+00
8.415775E-02,1.5122223E-01,2.6444321E+00
8.416102E-02,1.5427399E-01,2.6454239E+00
8.416430E-02,1.5755463E-01,2.6468735E+00
8.416758E-02,1.6129303E-01,2.6473312E+00
8.417085E-02,1.6373444E-01,2.6459579E+00
8.417413E-02,1.6655731E-01,2.6442795E+00
8.417741E-02,1.6945648E-01,2.6412277E+00
8.418068E-02,1.7266083E-01,2.6371078E+00
8.418396E-02,1.7525482E-01,2.6321487E+00
8.418724E-02,1.7830658E-01,2.6268845E+00
8.419052E-02,1.8029022E-01,2.6207047E+00
8.419379E-02,1.8235016E-01,2.6133804E+00
8.419707E-02,1.8509674E-01,2.6050644E+00
8.420035E-02,1.8860626E-01,2.5962143E+00
8.420362E-02,1.9020844E-01,2.5851517E+00
8.420690E-02,1.9234467E-01,2.5737076E+00
8.421018E-02,1.9509125E-01,2.5627975E+00
8.421345E-02,1.9676971E-01,2.5507431E+00
8.421673E-02,1.9928741E-01,2.5360947E+00
8.422001E-02,2.0172882E-01,2.5213699E+00
8.422328E-02,2.0340729E-01,2.5063400E+00
8.422656E-02,2.0623016E-01,2.4906235E+00
8.422984E-02,2.0737457E-01,2.4732285E+00
8.423311E-02,2.1019745E-01,2.4546127E+00
8.423639E-02,2.1111298E-01,2.4357681E+00
8.423967E-02,2.1317291E-01,2.4153976E+00
8.424294E-02,2.1553802E-01,2.3951035E+00
8.424622E-02,2.1805573E-01,2.3745041E+00
8.424950E-02,2.1973419E-01,2.3522263E+00
8.425277E-02,2.2103119E-01,2.3291092E+00
8.425605E-02,2.2286224E-01,2.3062210E+00
8.425933E-02,2.2454071E-01,2.2821884E+00
8.426260E-02,2.2568512E-01,2.2571640E+00
8.426588E-02,2.2721100E-01,2.2302322E+00
8.426916E-02,2.2881317E-01,2.2040634E+00
8.427244E-02,2.2927094E-01,2.1769028E+00
8.427571E-02,2.2972870E-01,2.1489029E+00
8.427899E-02,2.3072052E-01,2.1192245E+00
8.428227E-02,2.3247528E-01,2.0904617E+00
8.428554E-02,2.3369598E-01,2.0590286E+00
8.428882E-02,2.3484039E-01,2.0284348E+00
8.429210E-02,2.3590851E-01,1.9963150E+00
8.429537E-02,2.3598480E-01,1.9645767E+00
8.429865E-02,2.3697662E-01,1.9316177E+00
8.430193E-02,2.3819733E-01,1.8977432E+00
8.430520E-02,2.3819733E-01,1.8634109E+00
8.430848E-02,2.3850250E-01,1.8288498E+00
8.431176E-02,2.3865509E-01,1.7936020E+00
8.431503E-02,2.3888397E-01,1.7582016E+00
8.431831E-02,2.4018097E-01,1.7220383E+00
8.432159E-02,2.4086761E-01,1.6851883E+00
8.432486E-02,2.4178314E-01,1.6478806E+00
8.432814E-02,2.4147797E-01,1.6090469E+00
8.433142E-02,2.4147797E-01,1.5712051E+00
8.433469E-02,2.4231720E-01,1.5326004E+00
8.433797E-02,2.4246979E-01,1.4936905E+00
8.434125E-02,2.4285126E-01,1.4548569E+00
8.434452E-02,2.4224091E-01,1.4133530E+00
8.434780E-02,2.4300385E-01,1.3728409E+00
8.435108E-02,2.4384308E-01,1.3319473E+00
8.435436E-02,2.4254608E-01,1.2906723E+00
8.435763E-02,2.4224091E-01,1.2493973E+00
8.436091E-02,2.4201202E-01,1.2072830E+00
8.436419E-02,2.4262238E-01,1.1656265E+00
8.436746E-02,2.4163055E-01,1.1222916E+00
8.437074E-02,2.4094391E-01,1.0797958E+00
8.437402E-02,2.4040985E-01,1.0366135E+00
8.437729E-02,2.3987579E-01,9.9282074E-01
8.438057E-02,2.4018097E-01,9.4887543E-01
8.438385E-02,2.3941803E-01,9.0523529E-01
8.438712E-02,2.3804474E-01,8.6106110E-01
8.439040E-02,2.3781586E-01,8.1688690E-01
8.439368E-02,2.3743439E-01,7.7210236E-01
8.439695E-02,2.3628998E-01,7.2678375E-01
8.440023E-02,2.3613739E-01,6.8337250E-01
8.440351E-02,2.3522186E-01,6.3851166E-01
8.440678E-02,2.3506927E-01,5.9449005E-01
8.441006E-02,2.3384857E-01,5.4962921E-01
8.441334E-02,2.3331451E-01,5.0583649E-01
8.441661E-02,2.3331451E-01,4.6105194E-01
8.441989E-02,2.3209381E-01,4.1588593E-01
8.442317E-02,2.3117828E-01,3.7186432E-01
8.442644E-02,2.3079681E-01,3.2746124E-01
8.442972E-02,2.3011017E-01,2.8183746E-01
8.443300E-02,2.2881317E-01,2.3674774E-01
8.443628E-02,2.2812653E-01,1.9257355E-01
8.443955E-02,2.2827911E-01,1.4717865E-01
8.444283E-02,2.2713470E-01,1.0254669E-01
8.444611E-02,2.2637177E-01,5.8677673E-02
8.444938E-02,2.2583771E-01,1.3893127E-02
8.445266E-02,2.2545624E-01,-3.0815125E-02
8.445594E-02,2.2469330E-01,-7.4302673E-02
8.445921E-02,2.2377777E-01,-1.1794281E-01
8.446249E-02,2.2354889E-01,-1.6135406E-01
8.446577E-02,2.2278595E-01,-2.0484161E-01
8.446904E-02,2.2248077E-01,-2.4672699E-01
8.447232E-02,2.2118378E-01,-2.8937531E-01
8.447560E-02,2.2057343E-01,-3.3095551E-01
8.447887E-02,2.2118378E-01,-3.7322235E-01
8.448215E-02,2.2019196E-01,-4.1518402E-01
8.448543E-02,2.1927643E-01,-4.5638275E-01
8.448870E-02,2.1927643E-01,-4.9689484E-01
8.449198E-02,2.1858978E-01,-5.3755951E-01
8.449526E-02,2.1805573E-01,-5.7730865E-01
8.449853E-02,2.1775055E-01,-6.1797333E-01
8.450181E-02,2.1714020E-01,-6.5680695E-01
8.450509E-02,2.1683502E-01,-6.9564056E-01
8.450836E-02,2.1553802E-01,-7.3416901E-01
8.451164E-02,2.1637726E-01,-7.7124786E-01
8.451492E-02,2.1530914E-01,-8.0886078E-01
8.451820E-02,2.1462250E-01,-8.4670258E-01
8.452147E-02,2.1462250E-01,-8.8408661E-01
8.452475E-02,2.1424103E-01,-9.1971588E-01
8.452803E-02,2.1424103E-01,-9.5427704E-01
8.453130E-02,2.1370697E-01,-9.8807526E-01
8.453458E-02,2.1355438E-01,-1.0228653E+00
8.453786E-02,2.1332550E-01,-1.0552902E+00
8.454113E-02,2.1286774E-01,-1.0882492E+00
8.454441E-02,2.1302032E-01,-1.1204453E+00
8.454769E-02,2.1286774E-01,-1.1510391E+00
8.455096E-02,2.1363068E-01,-1.1817856E+00
8.455424E-02,2.1279144E-01,-1.2111588E+00
8.455752E-02,2.1263885E-01,-1.2412949E+00
8.456079E-02,2.1294403E-01,-1.2699051E+00
8.456407E-02,2.1286774E-01,-1.2979050E+00
8.456735E-02,2.1263885E-01,-1.3242264E+00
8.457062E-02,2.1240997E-01,-1.3511581E+00
8.457390E-02,2.1271515E-01,-1.3758774E+00
8.457718E-02,2.1271515E-01,-1.4001389E+00
8.458045E-02,2.1240997E-01,-1.4250870E+00
8.458373E-02,2.1256256E-01,-1.4478989E+00
8.458701E-02,2.1286774E-01,-1.4689560E+00
8.459028E-02,2.1401215E-01,-1.4906998E+00
8.459356E-02,2.1324921E-01,-1.5112228E+00
8.459684E-02,2.1401215E-01,-1.5300674E+00
8.460012E-02,2.1439362E-01,-1.5486832E+00
8.460339E-02,2.1462250E-01,-1.5669174E+00
8.460667E-02,2.1515656E-01,-1.5826340E+00
8.460995E-02,2.1500397E-01,-1.5988083E+00
8.461322E-02,2.1523285E-01,-1.6134567E+00
8.461650E-02,2.1591949E-01,-1.6279526E+00
8.461978E-02,2.1584320E-01,-1.6426773E+00
8.462305E-02,2.1630096E-01,-1.6545792E+00
8.462633E-02,2.1668243E-01,-1.6663284E+00
8.462961E-02,2.1782684E-01,-1.6777725E+00
8.463288E-02,2.1721649E-01,-1.6881485E+00
8.463616E-02,2.1714020E-01,-1.6962357E+00
8.463944E-02,2.1767426E-01,-1.7042465E+00
8.464271E-02,2.1866608E-01,-1.7101974E+00
8.464599E-02,2.1881866E-01,-1.7166824E+00
8.464927E-02,2.1897125E-01,-1.7220993E+00
8.465254E-02,2.1912384E-01,-1.7272110E+00
8.465582E-02,2.1927643E-01,-1.7307968E+00
8.465910E-02,2.1942902E-01,-1.7326279E+00
8.466237E-02,2.2042084E-01,-1.7336960E+00
8.466565E-02,2.2042084E-01,-1.7345352E+00
8.466893E-02,2.2003937E-01,-1.7343063E+00
8.467220E-02,2.1996307E-01,-1.7325516E+00
8.467548E-02,2.2156525E-01,-1.7308731E+00
8.467876E-02,2.2148895E-01,-1.7274399E+00
8.468204E-02,2.2187042E-01,-1.7233963E+00
8.468531E-02,2.2202301E-01,-1.7179031E+00
8.468859E-02,2.2255707E-01,-1.7123337E+00
8.469187E-02,2.2187042E-01,-1.7053146E+00
8.469514E-02,2.2286224E-01,-1.6973038E+00
8.469842E-02,2.2332001E-01,-1.6886063E+00
8.470170E-02,2.2354889E-01,-1.6786118E+00
8.470497E-02,2.2461700E-01,-1.6683121E+00
8.470825E-02,2.2438812E-01,-1.6568680E+00
8.471153E-02,2.2499847E-01,-1.6438980E+00
8.471480E-02,2.2545624E-01,-1.6310043E+00
8.471808E-02,2.2545624E-01,-1.6153641E+00
8.472136E-02,2.2583771E-01,-1.6004868E+00
8.472463E-02,2.2560883E-01,-1.5851517E+00
8.472791E-02,2.2614288E-01,-1.5698929E+00
8.473119E-02,2.2560883E-01,-1.5514297E+00
8.473446E-02,2.2576141E-01,-1.5331192E+00
8.473774E-02,2.2461700E-01,-1.5145035E+00
8.474102E-02,2.2530365E-01,-1.4932938E+00
8.474429E-02,2.2507477E-01,-1.4715500E+00
8.474757E-02,2.2454071E-01,-1.4507217E+00
8.475085E-02,2.2537994E-01,-1.4281387E+00
8.475412E-02,2.2431183E-01,-1.4036484E+00
8.475740E-02,2.2423553E-01,-1.3802261E+00
8.476068E-02,2.2461700E-01,-1.3543625E+00
8.476396E-02,2.2423553E-01,-1.3294907E+00
8.476723E-02,2.2408295E-01,-1.3013382E+00
8.477051E-02,2.2408295E-01,-1.2739487E+00
8.477379E-02,2.2377777E-01,-1.2450333E+00
8.477706E-02,2.2530365E-01,-1.2148972E+00
8.478034E-02,2.2560883E-01,-1.1859055E+00
8.478362E-02,2.2492218E-01,-1.1556931E+00
8.478689E-02,2.2515106E-01,-1.1247177E+00
8.479017E-02,2.2492218E-01,-1.0931320E+00
8.479345E-02,2.2461700E-01,-1.0595627E+00
8.479672E-02,2.2469330E-01,-1.0266037E+00
8.480000E-02,2.2568512E-01,-9.9234772E-01
8.480328E-02,2.2469330E-01,-9.5763397E-01
8.480655E-02,2.2522736E-01,-9.2292023E-01
8.480983E-02,2.2553253E-01,-8.8759613E-01
8.481311E-02,2.2576141E-01,-8.5051727E-01
8.481638E-02,2.2599030E-01,-8.1397247E-01
8.481966E-02,2.2568512E-01,-7.7643585E-01
8.482294E-02,2.2515106E-01,-7.3935699E-01
8.482621E-02,2.2606659E-01,-7.0029449E-01
8.482949E-02,2.2583771E-01,-6.6100311E-01
8.483277E-02,2.2560883E-01,-6.2247467E-01
8.483604E-02,2.2484589E-01,-5.8325958E-01
8.483932E-02,2.2545624E-01,-5.4366302E-01
8.484260E-02,2.2553253E-01,-5.0269318E-01
8.484588E-02,2.2591400E-01,-4.6149445E-01
8.484915E-02,2.2606659E-01,-4.1983795E-01
8.485243E-02,2.2599030E-01,-3.7787628E-01
8.485571E-02,2.2698212E-01,-3.3667755E-01
8.485898E-02,2.2713470E-01,-2.9456329E-01
8.486226E-02,2.2797394E-01,-2.5260162E-01
8.486554E-02,2.2805023E-01,-2.0949554E-01
8.486881E-02,2.2843170E-01,-1.6585541E-01
8.487209E-02,2.2866058E-01,-1.2290192E-01
8.487537E-02,2.2850800E-01,-7.9261780E-02
8.487864E-02,2.2858429E-01,-3.4706116E-02
8.488192E-02,2.2927094E-01,9.1629028E-03
8.488520E-02,2.3064423E-01,5.2955627E-02
8.488847E-02,2.3102570E-01,9.7816467E-02
8.489175E-02,2.3201752E-01,1.4244843E-01
8.489503E-02,2.3323822E-01,1.8753815E-01
8.489830E-02,2.3361969E-01,2.3293304E-01
8.490158E-02,2.3491669E-01,2.7771759E-01
8.490486E-02,2.3453522E-01,3.2341766E-01
8.490813E-02,2.3506927E-01,3.6804962E-01
8.491141E-02,2.3674774E-01,4.1283417E-01
8.491469E-02,2.3766327E-01,4.5838165E-01
8.491796E-02,2.3834991E-01,5.0293732E-01
8.492124E-02,2.3857880E-01,5.4566193E-01
8.492452E-02,2.3964691E-01,5.8968353E-01
8.492780E-02,2.4170685E-01,6.3439178E-01
8.493107E-02,2.4292755E-01,6.7925262E-01
8.493435E-02,2.4422455E-01,7.2342682E-01
8.493763E-02,2.4521637E-01,7.6798248E-01
8.494090E-02,2.4597931E-01,8.1177521E-01
8.494418E-02,2.4880219E-01,8.5633087E-01
8.494746E-02,2.4910736E-01,9.0065765E-01
8.495073E-02,2.5032806E-01,9.4582367E-01
8.495401E-02,2.5185394E-01,9.9022675E-01
8.495729E-02,2.5353241E-01,1.0340195E+00
8.496056E-02,2.5559235E-01,1.0764389E+00
8.496384E-02,2.5719452E-01,1.1197739E+00
8.496712E-02,2.5849152E-01,1.1624222E+00
8.497039E-02,2.6001740E-01,1.2049942E+00
8.497367E-02,2.6200104E-01,1.2475662E+00
8.497695E-02,2.6398468E-01,1.2892990E+00
8.498022E-02,2.6642609E-01,1.3307266E+00
8.498350E-02,2.6802826E-01,1.3713150E+00
8.498678E-02,2.7016449E-01,1.4124374E+00
8.499005E-02,2.7222443E-01,1.4531021E+00
8.499333E-02,2.7428436E-01,1.4919357E+00
8.499661E-02,2.7611542E-01,1.5302353E+00
8.499988E-02,2.7794647E-01,1.5689163E+00
8.500316E-02,2.7993011E-01,1.6076736E+00
8.500644E-02,2.8206635E-01,1.6452866E+00
8.500972E-02,2.8450775E-01,1.6828232E+00
8.501299E-02,2.8603363E-01,1.7190628E+00
8.501627E-02,2.8931427E-01,1.7549973E+00
8.501955E-02,2.9114532E-01,1.7913132E+00
8.502282E-02,2.9389191E-01,1.8270187E+00
8.502610E-02,2.9640961E-01,1.8613510E+00
8.502938E-02,2.9862213E-01,1.8962936E+00
8.503265E-02,3.0106354E-01,1.9295578E+00
8.503593E-02,3.0297089E-01,1.9620590E+00
8.503921E-02,3.0518341E-01,1.9952469E+00
8.504248E-02,3.0815887E-01,2.0271378E+00
8.504576E-02,3.1044769E-01,2.0584183E+00
8.504904E-02,3.1327057E-01,2.0893173E+00
8.505231E-02,3.1548309E-01,2.1188431E+00
8.505559E-02,3.1754303E-01,2.1475296E+00
8.505887E-02,3.2051849E-01,2.1753006E+00
8.506214E-02,3.2280731E-01,2.2030716E+00
8.506542E-02,3.2601166E-01,2.2289352E+00
8.506870E-02,3.2799530E-01,2.2561722E+00
8.507197E-02,3.2921600E-01,2.2815781E+00
8.507525E-02,3.3188629E-01,2.3062973E+00
8.507853E-02,3.3341217E-01,2.3286514E+00
8.508180E-02,3.3432770E-01,2.3516922E+00
8.508508E-02,3.3539581E-01,2.3730545E+00
8.508836E-02,3.3646393E-01,2.3951035E+00
8.509164E-02,3.3860016E-01,2.4160843E+00
8.509491E-02,3.3997345E-01,2.4355392E+00
8.509819E-02,3.4195709E-01,2.4545364E+00
8.510147E-02,3.4378815E-01,2.4722366E+00
8.510474E-02,3.4508514E-01,2.4900894E+00
8.510802E-02,3.4851837E-01,2.5057297E+00
8.511130E-02,3.5034943E-01,2.5216751E+00
8.511457E-02,3.5324860E-01,2.5356369E+00
8.511785E-02,3.5507965E-01,2.5500565E+00
8.512113E-02,3.5843658E-01,2.5619583E+00
8.512440E-02,3.6133575E-01,2.5737839E+00
8.512768E-02,3.6438751E-01,2.5851517E+00
8.513096E-02,3.6766815E-01,2.5952988E+00
8.513423E-02,3.7003326E-01,2.6045303E+00
8.513751E-02,3.7369537E-01,2.6135330E+00
8.514079E-02,3.7773895E-01,2.6196365E+00
8.514406E-02,3.8109589E-01,2.6257401E+00
8.514734E-02,3.8513947E-01,2.6301651E+00
8.515062E-02,3.8910675E-01,2.6356583E+00
8.515389E-02,3.9292145E-01,2.6396255E+00
8.515717E-02,3.9765167E-01,2.6431351E+00
8.516045E-02,4.0085602E-01,2.6446609E+00
8.516372E-02,4.0016937E-01,2.6448898E+00
8.516700E-02,3.9597321E-01,2.6449661E+00
8.517028E-02,3.9772797E-01,2.6442795E+00
8.517356E-02,3.9955902E-01,2.6432114E+00
8.517683E-02,4.0093231E-01,2.6400833E+00
8.518011E-02,4.0230560E-01,2.6360397E+00
8.518339E-02,4.0367889E-01,2.6306992E+00
8.518666E-02,4.0497589E-01,2.6254349E+00
8.518994E-02,4.0711212E-01,2.6207809E+00
8.519322E-02,4.0787506E-01,2.6128464E+00
8.519649E-02,4.0924835E-01,2.6052170E+00
8.519977E-02,4.1016388E-01,2.5962143E+00
8.520305E-02,4.1100311E-01,2.5864487E+00
8.520632E-02,4.1168976E-01,2.5745468E+00
8.520960E-02,4.1245270E-01,2.5630264E+00
8.521288E-02,4.1390228E-01,2.5509720E+00
8.521615E-02,4.1420746E-01,2.5380783E+00
8.521943E-02,4.1481781E-01,2.5236588E+00
8.522271E-02,4.1558075E-01,2.5083237E+00
8.522598E-02,4.1619110E-01,2.4923782E+00
8.522926E-02,4.1603851E-01,2.4754410E+00
8.523254E-02,4.1710663E-01,2.4576645E+00
8.523581E-02,4.1771698E-01,2.4391251E+00
8.523909E-02,4.1764069E-01,2.4195175E+00
8.524237E-02,4.1802216E-01,2.3992233E+00
8.524564E-02,4.1741180E-01,2.3784714E+00
8.524892E-02,4.1794586E-01,2.3557358E+00
8.525220E-02,4.1809845E-01,2.3333054E+00
8.525548E-02,4.1825104E-01,2.3098068E+00
8.525875E-02,4.1840363E-01,2.2871475E+00
8.526203E-02,4.1802216E-01,2.2618179E+00
8.526531E-02,4.1825104E-01,2.2351151E+00
8.526858E-02,4.1809845E-01,2.2090988E+00
8.527186E-02,4.1771698E-01,2.1821671E+00
8.527514E-02,4.1794586E-01,2.1535568E+00
8.527841E-02,4.1649628E-01,2.1247177E+00
8.528169E-02,4.1542816E-01,2.0954208E+00
8.528497E-02,4.1558075E-01,2.0648270E+00
8.528824E-02,4.1489410E-01,2.0343857E+00
8.529152E-02,4.1428375E-01,2.0022659E+00
8.529480E-02,4.1306305E-01,1.9687729E+00
8.529807E-02,4.1153717E-01,1.9365768E+00
8.530135E-02,4.1138458E-01,1.9031601E+00
8.530463E-02,4.1031647E-01,1.8695145E+00
8.530790E-02,4.0924835E-01,1.8338852E+00
8.531118E-02,4.0863800E-01,1.7984848E+00
8.531446E-02,4.0787506E-01,1.7641525E+00
8.531773E-02,4.0619659E-01,1.7276077E+00
8.532101E-02,4.0535736E-01,1.6910629E+00
8.532429E-02,4.0436554E-01,1.6539078E+00
8.532756E-02,4.0299225E-01,1.6154556E+00
8.533084E-02,4.0154266E-01,1.5772324E+00
8.533412E-02,4.0062714E-01,1.5383987E+00
8.533740E-02,3.9933014E-01,1.5002518E+00
8.534067E-02,3.9826202E-01,1.4610367E+00
8.534395E-02,3.9643097E-01,1.4209061E+00
8.534723E-02,3.9597321E-01,1.3808517E+00
8.535050E-02,3.9467621E-01,1.3404160E+00
8.535378E-02,3.9337921E-01,1.2985306E+00
8.535706E-02,3.9185333E-01,1.2564926E+00
8.536033E-02,3.9109039E-01,1.2146835E+00
8.536361E-02,3.8979340E-01,1.1733322E+00
8.536689E-02,3.8811493E-01,1.1300735E+00
8.537016E-02,3.8643646E-01,1.0875015E+00
8.537344E-02,3.8513947E-01,1.0438614E+00
8.537672E-02,3.8391876E-01,1.0005264E+00
8.537999E-02,3.8239288E-01,9.5703888E-01
8.538327E-02,3.8140106E-01,9.1278839E-01
8.538655E-02,3.7979889E-01,8.6792755E-01
8.538982E-02,3.7903595E-01,8.2398224E-01
8.539310E-02,3.7712860E-01,7.7957916E-01
8.539638E-02,3.7659454E-01,7.3441315E-01
8.539965E-02,3.7514496E-01,6.9046783E-01
8.540293E-02,3.7293243E-01,6.4568329E-01
8.540621E-02,3.7224579E-01,6.0150909E-01
8.540948E-02,3.7110138E-01,5.5664825E-01
8.541276E-02,3.6896515E-01,5.1308441E-01
8.541604E-02,3.6766815E-01,4.6883392E-01
8.541932E-02,3.6637115E-01,4.2450714E-01
8.542259E-02,3.6454010E-01,3.8002777E-01
8.542587E-02,3.6446381E-01,3.3493805E-01
8.542915E-02,3.6286163E-01,2.8984833E-01
8.543242E-02,3.6202240E-01,2.4460602E-01
8.543570E-02,3.6057281E-01,2.0050812E-01
8.543898E-02,3.5919952E-01,1.5557098E-01
8.544225E-02,3.5797882E-01,1.1055756E-01
8.544553E-02,3.5706329E-01,6.6612244E-02
8.544881E-02,3.5645294E-01,2.1751404E-02
8.545208E-02,3.5599518E-01,-2.1965027E-02
8.545536E-02,3.5469818E-01,-6.6139221E-02
8.545864E-02,3.5347748E-01,-1.0932159E-01
8.546191E-02,3.5248566E-01,-1.5250397E-01
8.546519E-02,3.5111237E-01,-1.9614410E-01
8.546847E-02,3.5065460E-01,-2.3917389E-01
8.547174E-02,3.4981537E-01,-2.8189850E-01
8.547502E-02,3.4951019E-01,-3.2317352E-01
8.547830E-02,3.4859467E-01,-3.6566925E-01
8.548157E-02,3.4844208E-01,-4.0717316E-01
8.548485E-02,3.4806061E-01,-4.4898224E-01
8.548813E-02,3.4737396E-01,-4.8964691E-01
8.549140E-02,3.4630585E-01,-5.3038788E-01
8.549468E-02,3.4645844E-01,-5.7013702E-01
8.549796E-02,3.4539032E-01,-6.1080170E-01
8.550124E-02,3.4485626E-01,-6.5009308E-01
8.550451E-02,3.4348297E-01,-6.8907928E-01
8.550779E-02,3.4355927E-01,-7.2791290E-01
8.551107E-02,3.4272003E-01,-7.6560211E-01
8.551434E-02,3.4210968E-01,-8.0352020E-01
8.551762E-02,3.4180450E-01,-8.3998871E-01
8.552090E-02,3.4218597E-01,-8.7722015E-01
8.552417E-02,3.4218597E-01,-9.1307831E-01
8.552745E-02,3.4157562E-01,-9.4824982E-01
8.553073E-02,3.4073639E-01,-9.8189545E-01
8.553400E-02,3.4027863E-01,-1.0163040E+00
8.553728E-02,3.4066010E-01,-1.0496445E+00
8.554056E-02,3.3997345E-01,-1.0835190E+00
8.554383E-02,3.4073639E-01,-1.1144943E+00
8.554711E-02,3.4066010E-01,-1.1459274E+00
8.555039E-02,3.4020233E-01,-1.1760635E+00
8.555366E-02,3.4066010E-01,-1.2068863E+00
8.555694E-02,3.4073639E-01,-1.2366409E+00
8.556022E-02,3.4027863E-01,-1.2652512E+00
8.556349E-02,3.4088898E-01,-1.2934036E+00
8.556677E-02,3.4058380E-01,-1.3206406E+00
8.557005E-02,3.4203339E-01,-1.3465042E+00
8.557332E-02,3.4180450E-01,-1.3728256E+00
8.557660E-02,3.4096527E-01,-1.3965530E+00
8.557988E-02,3.4111786E-01,-1.4210434E+00
8.558316E-02,3.4149933E-01,-1.4443893E+00
8.558643E-02,3.4088898E-01,-1.4659805E+00
8.558971E-02,3.4142303E-01,-1.4869614E+00
8.559299E-02,3.4157562E-01,-1.5079422E+00
8.559626E-02,3.4149933E-01,-1.5273209E+00
8.559954E-02,3.4241486E-01,-1.5463943E+00
8.560282E-02,3.4241486E-01,-1.5640945E+00
8.560609E-02,3.4119415E-01,-1.5807266E+00
8.560937E-02,3.4249115E-01,-1.5962906E+00
8.561265E-02,3.4180450E-01,-1.6118546E+00
8.561592E-02,3.4264374E-01,-1.6274185E+00
8.561920E-02,3.4371185E-01,-1.6406937E+00
8.562248E-02,3.4272003E-01,-1.6529770E+00
8.562575E-02,3.4294891E-01,-1.6657181E+00
8.562903E-02,3.4264374E-01,-1.6761703E+00
8.563231E-02,3.4333038E-01,-1.6864700E+00
8.563558E-02,3.4294891E-01,-1.6956253E+00
8.563886E-02,3.4294891E-01,-1.7031784E+00
8.564214E-02,3.4279633E-01,-1.7100449E+00
8.564541E-02,3.4355927E-01,-1.7168350E+00
8.564869E-02,3.4294891E-01,-1.7215652E+00
8.565197E-02,3.4355927E-01,-1.7271347E+00
8.565524E-02,3.4401703E-01,-1.7298050E+00
8.565852E-02,3.4432220E-01,-1.7317123E+00
8.566180E-02,3.4378815E-01,-1.7337723E+00
8.566508E-02,3.4485626E-01,-1.7349167E+00
8.566835E-02,3.4302521E-01,-1.7344589E+00
8.567163E-02,3.4416962E-01,-1.7334671E+00
8.567491E-02,3.4508514E-01,-1.7310257E+00
8.567818E-02,3.4447479E-01,-1.7286606E+00
8.568146E-02,3.4477997E-01,-1.7246170E+00
8.568474E-02,3.4477997E-01,-1.7194290E+00
8.568801E-02,3.4485626E-01,-1.7137070E+00
8.569129E-02,3.4516144E-01,-1.7069168E+00
8.569457E-02,3.4485626E-01,-1.7001266E+00
8.569784E-02,3.4470367E-01,-1.6912003E+00
8.570112E-02,3.4584808E-01,-1.6818161E+00
8.570440E-02,3.4569550E-01,-1.6716690E+00
8.570767E-02,3.4554291E-01,-1.6592331E+00
8.571095E-02,3.4493256E-01,-1.6464920E+00
8.571423E-02,3.4500885E-01,-1.6349716E+00
8.571750E-02,3.4462738E-01,-1.6206284E+00
8.572078E-02,3.4424591E-01,-1.6047592E+00
8.572406E-02,3.4462738E-01,-1.5891953E+00
8.572733E-02,3.4439850E-01,-1.5727921E+00
8.573061E-02,3.4432220E-01,-1.5557785E+00
8.573389E-02,3.4485626E-01,-1.5371628E+00
8.573716E-02,3.4539032E-01,-1.5181656E+00
8.574044E-02,3.4569550E-01,-1.4975662E+00
8.574372E-02,3.4531403E-01,-1.4758987E+00
8.574700E-02,3.4516144E-01,-1.4555283E+00
8.575027E-02,3.4523773E-01,-1.4325638E+00
8.575355E-02,3.4508514E-01,-1.4096756E+00
8.575683E-02,3.4569550E-01,-1.3850327E+00
8.576010E-02,3.4409332E-01,-1.3605423E+00
8.576338E-02,3.4424591E-01,-1.3330765E+00
8.576666E-02,3.4401703E-01,-1.3068314E+00
8.576993E-02,3.4424591E-01,-1.2793655E+00
8.577321E-02,3.4424591E-01,-1.2507553E+00
8.577649E-02,3.4409332E-01,-1.2229080E+00
8.577976E-02,3.4409332E-01,-1.1923904E+00
8.578304E-02,3.4409332E-01,-1.1623306E+00
8.578632E-02,3.4401703E-01,-1.1308212E+00
8.578959E-02,3.4424591E-01,-1.0992355E+00
8.579287E-02,3.4470367E-01,-1.0665817E+00
8.579615E-02,3.4485626E-01,-1.0339279E+00
8.579942E-02,3.4508514E-01,-9.9929047E-01
8.580270E-02,3.4485626E-01,-9.6511078E-01
8.580598E-02,3.4577179E-01,-9.2993927E-01
8.580925E-02,3.4462738E-01,-8.9385223E-01
8.581253E-02,3.4523773E-01,-8.5715485E-01
8.581581E-02,3.4554291E-01,-8.1969452E-01
8.581908E-02,3.4600067E-01,-7.8307343E-01
8.582236E-02,3.4653473E-01,-7.4523163E-01
8.582564E-02,3.4676361E-01,-7.0838165E-01
8.582892E-02,3.4722137E-01,-6.6909027E-01
8.583219E-02,3.4760284E-01,-6.2957001E-01
8.583547E-02,3.4790802E-01,-5.8959198E-01
8.583875E-02,3.4783173E-01,-5.4953766E-01
8.584202E-02,3.4874725E-01,-5.0925446E-01
8.584530E-02,3.4851837E-01,-4.6874237E-01
8.584858E-02,3.4973907E-01,-4.2617035E-01
8.585185E-02,3.4958649E-01,-3.8504791E-01
8.585513E-02,3.5027313E-01,-3.4331512E-01
8.585841E-02,3.5095978E-01,-3.0226898E-01
8.586168E-02,3.5134125E-01,-2.5977325E-01
8.586496E-02,3.5187531E-01,-2.1758270E-01
8.586824E-02,3.5248566E-01,-1.7440033E-01
8.587151E-02,3.5263824E-01,-1.3114166E-01
8.587479E-02,3.5408783E-01,-8.7120056E-02
8.587807E-02,3.5439301E-01,-4.3174744E-02
8.588134E-02,3.5553741E-01,1.2283325E-03
8.588462E-02,3.5660553E-01,4.5631409E-02
8.588790E-02,3.5706329E-01,9.0110779E-02
8.589117E-02,3.5790253E-01,1.3428497E-01
8.589445E-02,3.5965729E-01,1.7983246E-01
8.589773E-02,3.6019135E-01,2.2377777E-01
8.590100E-02,3.6118317E-01,2.6894379E-01
8.590428E-02,3.6248016E-01,3.1464386E-01
8.590756E-02,3.6293793E-01,3.5919952E-01
8.591084E-02,3.6454010E-01,4.0345001E-01
8.591411E-02,3.6583710E-01,4.4922638E-01
8.591739E-02,3.6705780E-01,4.9431610E-01
8.592067E-02,3.6957550E-01,5.3765106E-01
8.592394E-02,3.7056732E-01,5.8197784E-01
8.592722E-02,3.7163544E-01,6.2538910E-01
8.593050E-02,3.7224579E-01,6.7078400E-01
8.593377E-02,3.7377167E-01,7.1465302E-01
8.593705E-02,3.7567902E-01,7.5981903E-01
8.594033E-02,3.7766266E-01,8.0406952E-01
8.594360E-02,3.7895966E-01,8.4870148E-01
8.594688E-02,3.8071442E-01,8.9325714E-01
8.595016E-02,3.8185883E-01,9.3811798E-01
8.595343E-02,3.8338470E-01,9.8229218E-01
8.595671E-02,3.8506317E-01,1.0256271E+00
8.595999E-02,3.8643646E-01,1.0688858E+00
8.596326E-02,3.8895416E-01,1.1119919E+00
8.596654E-02,3.9040375E-01,1.1540298E+00
8.596982E-02,3.9253998E-01,1.1966019E+00
8.597309E-02,3.9345551E-01,1.2394028E+00
8.597637E-02,3.9467621E-01,1.2806015E+00
8.597965E-02,3.9505768E-01,1.3220291E+00
8.598292E-02,3.9429474E-01,1.3639145E+00
8.598620E-02,3.9368439E-01,1.4048843E+00
8.598948E-02,3.9322662E-01,1.4456253E+00
8.599276E-02,3.9276886E-01,1.4841537E+00
8.599603E-02,3.9284515E-01,1.5226059E+00
8.599931E-02,3.9284515E-01,1.5612106E+00
8.600259E-02,3.9292145E-01,1.6004257E+00
8.600586E-02,3.9337921E-01,1.6384964E+00
8.600914E-02,3.9391327E-01,1.6764145E+00
8.601242E-02,3.9444733E-01,1.7125015E+00
8.601569E-02,3.9528656E-01,1.7485123E+00
8.601897E-02,3.9643097E-01,1.7851334E+00
8.602225E-02,3.9818573E-01,1.8208389E+00
8.602552E-02,3.9971161E-01,1.8554001E+00
8.602880E-02,3.9948273E-01,1.8898087E+00
8.603208E-02,4.0222931E-01,1.9236069E+00
8.603535E-02,4.0283966E-01,1.9566422E+00
8.603863E-02,4.0505219E-01,1.9892960E+00
8.604191E-02,4.0688324E-01,2.0214920E+00
8.604518E-02,4.0818024E-01,2.0531540E+00
8.604846E-02,4.1054535E-01,2.0839767E+00
8.605174E-02,4.1344452E-01,2.1131210E+00
8.605501E-02,4.1596222E-01,2.1422653E+00
8.605829E-02,4.1786957E-01,2.1701889E+00
8.606157E-02,4.2092133E-01,2.1983414E+00
8.606484E-02,4.2343903E-01,2.2250443E+00
8.606812E-02,4.2755890E-01,2.2514420E+00
8.607140E-02,4.2992401E-01,2.2775345E+00
8.607468E-02,4.3381500E-01,2.3015671E+00
8.607795E-02,4.3701935E-01,2.3255997E+00
8.608123E-02,4.4113922E-01,2.3487167E+00
8.608451E-02,4.4434357E-01,2.3705368E+00
8.608778E-02,4.4823456E-01,2.3924332E+00
8.609106E-02,4.5273590E-01,2.4120407E+00
8.609434E-02,4.5647430E-01,2.4323349E+00
8.609761E-02,4.6082306E-01,2.4515610E+00
8.610089E-02,4.6509552E-01,2.4691849E+00
8.610417E-02,4.6913910E-01,2.4866562E+00
8.610744E-02,4.7371674E-01,2.5029831E+00
8.611072E-02,4.7119904E-01,2.5182419E+00
8.611400E-02,4.6631622E-01,2.5335007E+00
8.611727E-02,4.6501923E-01,2.5472336E+00
8.612055E-02,4.6692657E-01,2.5602798E+00
8.612383E-02,4.6807098E-01,2.5708847E+00
8.612710E-02,4.6860504E-01,2.5826340E+00
8.613038E-02,4.6929169E-01,2.5931625E+00
8.613366E-02,4.6891022E-01,2.6030045E+00
8.613693E-02,4.6929169E-01,2.6110153E+00
8.614021E-02,4.6944427E-01,2.6187973E+00
8.614349E-02,4.7104645E-01,2.6249008E+00
8.614676E-02,4.7158051E-01,2.6314621E+00
8.615004E-02,4.7127533E-01,2.6353531E+00
8.615332E-02,4.7188568E-01,2.6393204E+00
8.615660E-02,4.7142792E-01,2.6429062E+00
8.615987E-02,4.7158051E-01,2.6446609E+00
8.616315E-02,4.7203827E-01,2.6455765E+00
8.616643E-02,4.7127533E-01,2.6449661E+00
8.616970E-02,4.7165680E-01,2.6448135E+00
8.617298E-02,4.7196198E-01,2.6426773E+00
8.617626E-02,4.7158051E-01,2.6401596E+00
8.617953E-02,4.7081757E-01,2.6366501E+00
8.618281E-02,4.7119904E-01,2.6323013E+00
8.618609E-02,4.7028351E-01,2.6275711E+00
8.618936E-02,4.6929169E-01,2.6216202E+00
8.619264E-02,4.6921539E-01,2.6155930E+00
8.619592E-02,4.6807098E-01,2.6068954E+00
8.619919E-02,4.6822357E-01,2.5980453E+00
8.620247E-02,4.6669769E-01,2.5884323E+00
8.620575E-02,4.6570587E-01,2.5785141E+00
8.620902E-02,4.6463776E-01,2.5665359E+00
8.621230E-02,4.6395111E-01,2.5546341E+00
8.621558E-02,4.6288300E-01,2.5415878E+00
8.621885E-02,4.6158600E-01,2.5274734E+00
8.622213E-02,4.6097565E-01,2.5122147E+00
8.622541E-02,4.6028900E-01,2.4961929E+00
8.622868E-02,4.5777130E-01,2.4799423E+00
8.623196E-02,4.5670319E-01,2.4626999E+00
8.623524E-02,4.5540619E-01,2.4445419E+00
8.623852E-02,4.5395660E-01,2.4242477E+00
8.624179E-02,4.5166779E-01,2.4028091E+00
8.624507E-02,4.5021820E-01,2.3828964E+00
8.624835E-02,4.4899750E-01,2.3613815E+00
8.625162E-02,4.4693756E-01,2.3381119E+00
8.625490E-02,4.4441986E-01,2.3138504E+00
8.625818E-02,4.4235992E-01,2.2896652E+00
8.626145E-02,4.4075775E-01,2.2647934E+00
8.626473E-02,4.3976593E-01,2.2374039E+00
8.626801E-02,4.3801117E-01,2.2118454E+00
8.627128E-02,4.3610382E-01,2.1852951E+00
8.627456E-02,4.3434906E-01,2.1572952E+00
8.627784E-02,4.3228912E-01,2.1289139E+00
8.628111E-02,4.3038177E-01,2.0991592E+00
8.628439E-02,4.2885590E-01,2.0691757E+00
8.628767E-02,4.2664337E-01,2.0390396E+00
8.629094E-02,4.2404938E-01,2.0076828E+00
8.629422E-02,4.2176056E-01,1.9749527E+00
8.629750E-02,4.2107391E-01,1.9425278E+00
8.630077E-02,4.1832733E-01,1.9089584E+00
8.630405E-02,4.1603851E-01,1.8749313E+00
8.630733E-02,4.1428375E-01,1.8402176E+00
8.631060E-02,4.1184235E-01,1.8055038E+00
8.631388E-02,4.1031647E-01,1.7701035E+00
8.631716E-02,4.0840912E-01,1.7331772E+00
8.632044E-02,4.0612030E-01,1.6962509E+00
8.632371E-02,4.0421295E-01,1.6594772E+00
8.632699E-02,4.0207672E-01,1.6220932E+00
8.633027E-02,4.0062714E-01,1.5840988E+00
8.633354E-02,3.9765167E-01,1.5451126E+00
8.633682E-02,3.9559174E-01,1.5069656E+00
8.634010E-02,3.9376068E-01,1.4680557E+00
8.634337E-02,3.9147186E-01,1.4283066E+00
8.634665E-02,3.8964081E-01,1.3868790E+00
8.634993E-02,3.8651276E-01,1.3456039E+00
8.635320E-02,3.8483429E-01,1.3047104E+00
8.635648E-02,3.8399506E-01,1.2622910E+00
8.635976E-02,3.8117218E-01,1.2207870E+00
8.636303E-02,3.7934113E-01,1.1799698E+00
8.636631E-02,3.7712860E-01,1.1370926E+00
8.636959E-02,3.7628937E-01,1.0945969E+00
8.637286E-02,3.7445831E-01,1.0514908E+00
8.637614E-02,3.7293243E-01,1.0085373E+00
8.637942E-02,3.7102509E-01,9.6398163E-01
8.638269E-02,3.6934662E-01,9.1934967E-01
8.638597E-02,3.6774445E-01,8.7509918E-01
8.638925E-02,3.6522675E-01,8.3107758E-01
8.639252E-02,3.6392975E-01,7.8675079E-01
8.639580E-02,3.6232758E-01,7.4219513E-01
8.639908E-02,3.5980988E-01,6.9824982E-01
8.640236E-02,3.5935211E-01,6.5354156E-01
8.640563E-02,3.5797882E-01,6.0883331E-01
8.640891E-02,3.5569000E-01,5.6443024E-01
8.641219E-02,3.5454559E-01,5.2056122E-01
8.641546E-02,3.5340118E-01,4.7638702E-01
8.641874E-02,3.5233307E-01,4.3213654E-01
8.642202E-02,3.5080719E-01,3.8697052E-01
8.642529E-02,3.5004425E-01,3.4279633E-01
8.642857E-02,3.4859467E-01,2.9801178E-01
8.643185E-02,3.4798431E-01,2.5269318E-01
8.643512E-02,3.4691620E-01,2.0790863E-01
8.643840E-02,3.4561920E-01,1.6274261E-01
8.644168E-02,3.4462738E-01,1.1795807E-01
8.644495E-02,3.4294891E-01,7.3783875E-02
8.644823E-02,3.4210968E-01,2.8465271E-02
8.645151E-02,3.4111786E-01,-1.5480042E-02
8.645478E-02,3.3974457E-01,-6.0112000E-02
8.645806E-02,3.3997345E-01,-1.0329437E-01
8.646134E-02,3.3913422E-01,-1.4762115E-01
8.646461E-02,3.3783722E-01,-1.9042206E-01
8.646789E-02,3.3715057E-01,-2.3268890E-01
8.647117E-02,3.3638763E-01,-2.7632904E-01
8.647444E-02,3.3577728E-01,-3.1775665E-01
8.647772E-02,3.3524323E-01,-3.6063385E-01
8.648100E-02,3.3501434E-01,-4.0183258E-01
8.648428E-02,3.3493805E-01,-4.4234467E-01
8.648755E-02,3.3455658E-01,-4.8323822E-01
8.649083E-02,3.3310699E-01,-5.2413177E-01
8.649411E-02,3.3287811E-01,-5.6456757E-01
8.649738E-02,3.3249664E-01,-6.0477448E-01
8.650066E-02,3.3173370E-01,-6.4459991E-01
8.650394E-02,3.3119965E-01,-6.8350983E-01
8.650721E-02,3.3074188E-01,-7.2295380E-01
8.651049E-02,3.3066559E-01,-7.5980377E-01
8.651377E-02,3.3013153E-01,-7.9634857E-01
8.651704E-02,3.2959747E-01,-8.3396149E-01
8.652032E-02,3.2975006E-01,-8.7058258E-01
8.652360E-02,3.2898712E-01,-9.0659332E-01
8.652687E-02,3.2921600E-01,-9.4336700E-01
8.653015E-02,3.2883453E-01,-9.7747040E-01
8.653343E-02,3.2898712E-01,-1.0127182E+00
8.653670E-02,3.2906342E-01,-1.0462112E+00
8.653998E-02,3.2860565E-01,-1.0784836E+00
8.654326E-02,3.2845306E-01,-1.1106033E+00
8.654653E-02,3.2883453E-01,-1.1420364E+00
8.654981E-02,3.2868195E-01,-1.1727829E+00
8.655309E-02,3.2913971E-01,-1.2023849E+00
8.655636E-02,3.2845306E-01,-1.2329025E+00
8.655964E-02,3.2845306E-01,-1.2615891E+00
8.656292E-02,3.2906342E-01,-1.2885971E+00
8.656620E-02,3.2860565E-01,-1.3152237E+00
8.656947E-02,3.2883453E-01,-1.3425369E+00
8.657275E-02,3.2898712E-01,-1.3680191E+00
8.657603E-02,3.2952118E-01,-1.3929672E+00
8.657930E-02,3.2967377E-01,-1.4172287E+00
8.658258E-02,3.2891083E-01,-1.4417953E+00
8.658586E-02,3.2906342E-01,-1.4632339E+00
8.658913E-02,3.2929230E-01,-1.4845963E+00
8.659241E-02,3.2898712E-01,-1.5056534E+00
8.659569E-02,3.2906342E-01,-1.5259476E+00
8.659896E-02,3.2852936E-01,-1.5448685E+00
8.660224E-02,3.2883453E-01,-1.5613480E+00
8.660552E-02,3.2952118E-01,-1.5785141E+00
8.660879E-02,3.2906342E-01,-1.5959091E+00
8.661207E-02,3.2929230E-01,-1.6117020E+00
8.661535E-02,3.2921600E-01,-1.6263504E+00
8.661862E-02,3.2944489E-01,-1.6397781E+00
8.662190E-02,3.2898712E-01,-1.6531296E+00
8.662518E-02,3.2967377E-01,-1.6654129E+00
8.662845E-02,3.2959747E-01,-1.6756363E+00
8.663173E-02,3.2921600E-01,-1.6855545E+00
8.663501E-02,3.2845306E-01,-1.6950912E+00
8.663828E-02,3.2929230E-01,-1.7031784E+00
8.664156E-02,3.2936859E-01,-1.7101974E+00
8.664484E-02,3.2921600E-01,-1.7169113E+00
8.664812E-02,3.2929230E-01,-1.7219467E+00
8.665139E-02,3.2883453E-01,-1.7264481E+00
8.665467E-02,3.2929230E-01,-1.7308731E+00
8.665795E-02,3.2852936E-01,-1.7323227E+00
8.666122E-02,3.2929230E-01,-1.7342300E+00
8.666450E-02,3.2875824E-01,-1.7355270E+00
8.666778E-02,3.2822418E-01,-1.7362900E+00
8.667105E-02,3.2822418E-01,-1.7344589E+00
8.667433E-02,3.2898712E-01,-1.7320938E+00
8.667761E-02,3.2761383E-01,-1.7294235E+00
8.668088E-02,3.2791901E-01,-1.7256088E+00
8.668416E-02,3.2791901E-01,-1.7213364E+00
8.668744E-02,3.2784271E-01,-1.7161484E+00
8.669071E-02,3.2761383E-01,-1.7095108E+00
8.669399E-02,3.2692719E-01,-1.7021103E+00
8.669727E-02,3.2692719E-01,-1.6934891E+00
8.670054E-02,3.2677460E-01,-1.6841049E+00
8.670382E-02,3.2624054E-01,-1.6740341E+00
8.670710E-02,3.2601166E-01,-1.6628189E+00
8.671037E-02,3.2624054E-01,-1.6509933E+00
8.671365E-02,3.2593536E-01,-1.6380234E+00
8.671693E-02,3.2624054E-01,-1.6245193E+00
8.672020E-02,3.2555389E-01,-1.6088028E+00
8.672348E-02,3.2563019E-01,-1.5928574E+00
8.672676E-02,3.2501984E-01,-1.5775986E+00
8.673004E-02,3.2585907E-01,-1.5601273E+00
8.673331E-02,3.2486725E-01,-1.5423508E+00
8.673659E-02,3.2463837E-01,-1.5236588E+00
8.673987E-02,3.2524872E-01,-1.5029831E+00
8.674314E-02,3.2418060E-01,-1.4810867E+00
8.674642E-02,3.2471466E-01,-1.4598007E+00
8.674970E-02,3.2479095E-01,-1.4380569E+00
8.675297E-02,3.2471466E-01,-1.4139481E+00
8.675625E-02,3.2433319E-01,-1.3896866E+00
8.675953E-02,3.2402802E-01,-1.3646622E+00
8.676280E-02,3.2410431E-01,-1.3383408E+00
8.676608E-02,3.2372284E-01,-1.3118668E+00
8.676936E-02,3.2418060E-01,-1.2844772E+00
8.677263E-02,3.2433319E-01,-1.2567825E+00
8.677591E-02,3.2372284E-01,-1.2277908E+00
8.677919E-02,3.2395172E-01,-1.1983414E+00
8.678246E-02,3.2448578E-01,-1.1679001E+00
8.678574E-02,3.2402802E-01,-1.1362381E+00
8.678902E-02,3.2273102E-01,-1.1051102E+00
8.679229E-02,3.2341766E-01,-1.0726089E+00
8.679557E-02,3.2326508E-01,-1.0388870E+00
8.679885E-02,3.2379913E-01,-1.0056229E+00
8.680212E-02,3.2326508E-01,-9.7190094E-01
8.680540E-02,3.2410431E-01,-9.3680573E-01
8.680868E-02,3.2341766E-01,-9.0110016E-01
8.681196E-02,3.2410431E-01,-8.6440277E-01
8.681523E-02,3.2494354E-01,-8.2846832E-01
8.681851E-02,3.2540131E-01,-7.9169464E-01
8.682179E-02,3.2593536E-01,-7.5385284E-01
8.682506E-02,3.2639313E-01,-7.1616364E-01
8.682834E-02,3.2601166E-01,-6.7656708E-01
8.683162E-02,3.2639313E-01,-6.3880157E-01
8.683489E-02,3.2715607E-01,-5.9889984E-01
8.683817E-02,3.2761383E-01,-5.5907440E-01
8.684145E-02,3.2738495E-01,-5.1833344E-01
8.684472E-02,3.2845306E-01,-4.7736359E-01
8.684800E-02,3.2891083E-01,-4.3647003E-01
8.685128E-02,3.2936859E-01,-3.9443207E-01
8.685455E-02,3.3066559E-01,-3.5277557E-01
8.685783E-02,3.3112335E-01,-3.1058502E-01
8.686111E-02,3.3142853E-01,-2.6900482E-01
8.686438E-02,3.3341217E-01,-2.2475433E-01
8.686766E-02,3.3348846E-01,-1.8225861E-01
8.687094E-02,3.3470917E-01,-1.3846588E-01
8.687421E-02,3.3516693E-01,-9.5436096E-02
8.687749E-02,3.3638763E-01,-5.1109314E-02
8.688077E-02,3.3753204E-01,-7.0877075E-03
8.688404E-02,3.3852386E-01,3.7010193E-02
8.688732E-02,3.3905792E-01,8.1184387E-02
8.689060E-02,3.4104156E-01,1.2612152E-01
8.689388E-02,3.4172821E-01,1.7060089E-01
8.689715E-02,3.4157562E-01,2.1561432E-01
8.690043E-02,3.4294891E-01,2.6070404E-01
8.690371E-02,3.4416962E-01,3.0510712E-01
8.690698E-02,3.4516144E-01,3.4912872E-01
8.691026E-02,3.4638214E-01,3.9475250E-01
8.691354E-02,3.4729767E-01,4.4068146E-01
8.691681E-02,3.4790802E-01,4.8592377E-01
8.692009E-02,3.4966278E-01,5.2857208E-01
8.692337E-02,3.5111237E-01,5.7282257E-01
8.692664E-02,3.5317230E-01,6.1806488E-01
8.692992E-02,3.5385895E-01,6.6269684E-01
8.693320E-02,3.5492706E-01,7.0687103E-01
8.693647E-02,3.5607147E-01,7.5096893E-01
8.693975E-02,3.5767365E-01,7.9582977E-01
8.694303E-02,3.5858917E-01,8.4114838E-01
8.694630E-02,3.6003876E-01,8.8448334E-01
8.694958E-02,3.6133575E-01,9.2987823E-01
8.695286E-02,3.6248016E-01,9.7382355E-01
8.695613E-02,3.6339569E-01,1.0173874E+00
8.695941E-02,3.6431122E-01,1.0604935E+00
8.696269E-02,3.6484528E-01,1.1034470E+00
8.696596E-02,3.6675262E-01,1.1456375E+00
8.696924E-02,3.6743927E-01,1.1885910E+00
8.697252E-02,3.6812592E-01,1.2305527E+00
8.697580E-02,3.6904144E-01,1.2720566E+00
8.697907E-02,3.7056732E-01,1.3136368E+00
8.698235E-02,3.7140656E-01,1.3544540E+00
8.698563E-02,3.7300873E-01,1.3959579E+00
8.698890E-02,3.7445831E-01,1.4357834E+00
8.699218E-02,3.7514496E-01,1.4764481E+00
8.699546E-02,3.7606049E-01,1.5156631E+00
8.699873E-02,3.7735748E-01,1.5526657E+00
8.700201E-02,3.7834930E-01,1.5921860E+00
8.700529E-02,3.7934113E-01,1.6310196E+00
8.700856E-02,3.8040924E-01,1.6686325E+00
8.701184E-02,3.8170624E-01,1.7053299E+00
8.701512E-02,3.8262177E-01,1.7424850E+00
8.701839E-02,3.8338470E-01,1.7778091E+00
8.702167E-02,3.8368988E-01,1.8137436E+00
8.702495E-02,3.8498688E-01,1.8486862E+00
8.702822E-02,3.8536835E-01,1.8835526E+00
8.703150E-02,3.8590240E-01,1.9165878E+00
8.703478E-02,3.8658905E-01,1.9506149E+00
8.703805E-02,3.8727570E-01,1.9831161E+00
8.704133E-02,3.8796234E-01,2.0148544E+00
8.704461E-02,3.8842010E-01,2.0461349E+00
8.704788E-02,3.8834381E-01,2.0771866E+00
8.705116E-02,3.8903046E-01,2.1084671E+00
8.705444E-02,3.8933563E-01,2.1368484E+00
8.705772E-02,3.9002228E-01,2.1643906E+00
8.706099E-02,3.9032745E-01,2.1933823E+00
8.706427E-02,3.8956451E-01,2.2200089E+00
8.706755E-02,3.9002228E-01,2.2458725E+00
8.707082E-02,3.9032745E-01,2.2721939E+00
8.707410E-02,3.9017487E-01,2.2962265E+00
8.707738E-02,3.8971710E-01,2.3197250E+00
8.708065E-02,3.9040375E-01,2.3435287E+00
8.708393E-02,3.8971710E-01,2.3658066E+00
8.708721E-02,3.8948822E-01,2.3875504E+00
8.709048E-02,3.8887787E-01,2.4079971E+00
8.709376E-02,3.8849640E-01,2.4285965E+00
8.709704E-02,3.8727570E-01,2.4485092E+00
8.710031E-02,3.8803864E-01,2.4662857E+00
8.710359E-02,3.8712311E-01,2.4832230E+00
8.710687E-02,3.8666534E-01,2.4998550E+00
8.711014E-02,3.8590240E-01,2.5155716E+00
8.711342E-02,3.8506317E-01,2.5302200E+00
8.711670E-02,3.8361359E-01,2.5444107E+00
8.711997E-02,3.8269806E-01,2.5568466E+00
8.712325E-02,3.8170624E-01,2.5689011E+00
8.712653E-02,3.8033295E-01,2.5801926E+00
8.712980E-02,3.7987518E-01,2.5901108E+00
8.713308E-02,3.7812042E-01,2.5998001E+00
8.713636E-02,3.7636566E-01,2.6084976E+00
8.713964E-02,3.7575531E-01,2.6149826E+00
8.714291E-02,3.7468719E-01,2.6228409E+00
8.714619E-02,3.7285614E-01,2.6283340E+00
8.714947E-02,3.7125397E-01,2.6338272E+00
8.715274E-02,3.7033844E-01,2.6373367E+00
8.715602E-02,3.6835480E-01,2.6398544E+00
8.715930E-02,3.6736298E-01,2.6425247E+00
8.716257E-02,3.6461639E-01,2.6446609E+00
8.716585E-02,3.6293793E-01,2.6444321E+00
8.716913E-02,3.6103058E-01,2.6435928E+00
8.717240E-02,3.5912323E-01,2.6427536E+00
8.717568E-02,3.5668182E-01,2.6405411E+00
8.717896E-02,3.5515594E-01,2.6370316E+00
8.718223E-02,3.5317230E-01,2.6334457E+00
8.718551E-02,3.5118866E-01,2.6272659E+00
8.718879E-02,3.4867096E-01,2.6224594E+00
8.719206E-02,3.4676361E-01,2.6156693E+00
8.719534E-02,3.4386444E-01,2.6072769E+00
8.719862E-02,3.4172821E-01,2.5985794E+00
8.720189E-02,3.3997345E-01,2.5887375E+00
8.720517E-02,3.3730316E-01,2.5777512E+00
8.720845E-02,3.3493805E-01,2.5670700E+00
8.721172E-02,3.3196259E-01,2.5547867E+00
8.721500E-02,3.2891083E-01,2.5416641E+00
8.721828E-02,3.2654572E-01,2.5272446E+00
8.722156E-02,3.2425690E-01,2.5119095E+00
8.722483E-02,3.2189178E-01,2.4968033E+00
8.722811E-02,3.1876373E-01,2.4809341E+00
8.723139E-02,3.1662750E-01,2.4639206E+00
8.723466E-02,3.1388092E-01,2.4461441E+00
8.723794E-02,3.1159210E-01,2.4256973E+00
8.724122E-02,3.0884552E-01,2.4054794E+00
8.724449E-02,3.0670929E-01,2.3847275E+00
8.724777E-02,3.0396271E-01,2.3625259E+00
8.725105E-02,3.0182648E-01,2.3407059E+00
8.725432E-02,2.9907990E-01,2.3167496E+00
8.725760E-02,2.9526520E-01,2.2927170E+00
8.726088E-02,2.9290009E-01,2.2682266E+00
8.726415E-02,2.9145050E-01,2.2411423E+00
8.726743E-02,2.8847504E-01,2.2158890E+00
8.727071E-02,2.8656769E-01,2.1894150E+00
8.727398E-02,2.8267670E-01,2.1613388E+00
8.727726E-02,2.7962494E-01,2.1333389E+00
8.728054E-02,2.7756500E-01,2.1038895E+00
8.728381E-02,2.7474213E-01,2.0734482E+00
8.728709E-02,2.7191925E-01,2.0430069E+00
8.729037E-02,2.6955414E-01,2.0115738E+00
8.729364E-02,2.6612091E-01,1.9793777E+00
8.729692E-02,2.6390839E-01,1.9467239E+00
8.730020E-02,2.6146698E-01,1.9133072E+00
8.730348E-02,2.5948334E-01,1.8801956E+00
8.730675E-02,2.5597382E-01,1.8454056E+00
8.731003E-02,2.5368500E-01,1.8107681E+00
8.731331E-02,2.5215912E-01,1.7751389E+00
8.731658E-02,2.4971771E-01,1.7388229E+00
8.731986E-02,2.4765778E-01,1.7016678E+00
8.732314E-02,2.4452972E-01,1.6650467E+00
8.732641E-02,2.4216461E-01,1.6263657E+00
8.732969E-02,2.3987579E-01,1.5887527E+00
8.733297E-02,2.3819733E-01,1.5498428E+00
8.733624E-02,2.3560333E-01,1.5113907E+00
8.733952E-02,2.3400116E-01,1.4731674E+00
8.734280E-02,2.3171234E-01,1.4325790E+00
8.734607E-02,2.3056793E-01,1.3928299E+00
8.734935E-02,2.2736359E-01,1.3514023E+00
8.735263E-02,2.2492218E-01,1.3118057E+00
8.735590E-02,2.2446442E-01,1.2693100E+00
8.735918E-02,2.2202301E-01,1.2275009E+00
8.736246E-02,2.2057343E-01,1.1853104E+00
8.736573E-02,2.1881866E-01,1.1426620E+00
8.736901E-02,2.1698761E-01,1.1003189E+00
8.737229E-02,2.1515656E-01,1.0576706E+00
8.737556E-02,2.1355438E-01,1.0147171E+00
8.737884E-02,2.1149445E-01,9.7061920E-01
8.738212E-02,2.1035004E-01,9.2644501E-01
8.738540E-02,2.0935822E-01,8.8219452E-01
8.738867E-02,2.0745087E-01,8.3718109E-01
8.739195E-02,2.0577240E-01,7.9369354E-01
8.739523E-02,2.0516205E-01,7.4791718E-01
8.739850E-02,2.0378876E-01,7.0359039E-01
8.740178E-02,2.0233917E-01,6.5972137E-01
8.740506E-02,2.0111847E-01,6.1501312E-01
8.740833E-02,1.9989777E-01,5.7061005E-01
8.741161E-02,1.9944000E-01,5.2696991E-01
8.741489E-02,1.9829559E-01,4.8264313E-01
8.741816E-02,1.9646454E-01,4.3885040E-01
8.742144E-02,1.9661713E-01,3.9360809E-01
8.742472E-02,1.9593048E-01,3.4882355E-01
8.742799E-02,1.9440460E-01,3.0373383E-01
8.743127E-02,1.9417572E-01,2.5864410E-01
8.743455E-02,1.9371796E-01,2.1332550E-01
8.743782E-02,1.9310760E-01,1.6808319E-01
8.744110E-02,1.9272614E-01,1.2375641E-01
8.744438E-02,1.9188690E-01,7.8819275E-02
8.744765E-02,1.9181061E-01,3.5026550E-02
8.745093E-02,1.9104767E-01,-9.6817017E-03
8.745421E-02,1.9142914E-01,-5.3245544E-02
8.745748E-02,1.9074249E-01,-9.7572327E-02
8.746076E-02,1.9028473E-01,-1.4052582E-01
8.746404E-02,1.8952179E-01,-1.8363190E-01
8.746732E-02,1.8967438E-01,-2.2681427E-01
8.747059E-02,1.8868256E-01,-2.6976776E-01
8.747387E-02,1.8791962E-01,-3.1172943E-01
8.747715E-02,1.8753815E-01,-3.5437775E-01
8.748042E-02,1.8791962E-01,-3.9527130E-01
8.748370E-02,1.8784332E-01,-4.3616486E-01
8.748698E-02,1.8769073E-01,-4.7743988E-01
8.749025E-02,1.8753815E-01,-5.1795197E-01
8.749353E-02,1.8746185E-01,-5.5831146E-01
8.749681E-02,1.8738556E-01,-5.9920502E-01
8.750008E-02,1.8685150E-01,-6.3948822E-01
8.750336E-02,1.8608856E-01,-6.7748260E-01
8.750664E-02,1.8715668E-01,-7.1585846E-01
8.750991E-02,1.8662262E-01,-7.5415802E-01
8.751319E-02,1.8669891E-01,-7.9169464E-01
8.751647E-02,1.8708038E-01,-8.2831573E-01
8.751974E-02,1.8753815E-01,-8.6554718E-01
8.752302E-02,1.8616486E-01,-9.0201569E-01
8.752630E-02,1.8685150E-01,-9.3741608E-01
8.752957E-02,1.8631744E-01,-9.7281647E-01
8.753285E-02,1.8677521E-01,-1.0074539E+00
8.753613E-02,1.8647003E-01,-1.0395737E+00
8.753940E-02,1.8624115E-01,-1.0724564E+00
8.754268E-02,1.8631744E-01,-1.1060257E+00
8.754596E-02,1.8601227E-01,-1.1374588E+00
8.754924E-02,1.8631744E-01,-1.1671371E+00
8.755251E-02,1.8616486E-01,-1.1981125E+00
8.755579E-02,1.8639374E-01,-1.2282486E+00
8.755907E-02,1.8647003E-01,-1.2572403E+00
8.756234E-02,1.8616486E-01,-1.2851639E+00
8.756562E-02,1.8662262E-01,-1.3125534E+00
8.756890E-02,1.8616486E-01,-1.3403244E+00
8.757217E-02,1.8624115E-01,-1.3655777E+00
8.757545E-02,1.8624115E-01,-1.3905258E+00
8.757873E-02,1.8647003E-01,-1.4141006E+00
8.758200E-02,1.8685150E-01,-1.4377518E+00
8.758528E-02,1.8662262E-01,-1.4601822E+00
8.758856E-02,1.8639374E-01,-1.4810867E+00
8.759183E-02,1.8639374E-01,-1.5021439E+00
8.759511E-02,1.8616486E-01,-1.5216751E+00
8.759839E-02,1.8563080E-01,-1.5408249E+00
8.760166E-02,1.8647003E-01,-1.5589066E+00
8.760494E-02,1.8608856E-01,-1.5759201E+00
8.760822E-02,1.8624115E-01,-1.5925522E+00
8.761149E-02,1.8509674E-01,-1.6081924E+00
8.761477E-02,1.8563080E-01,-1.6239090E+00
8.761805E-02,1.8479156E-01,-1.6369553E+00
8.762132E-02,1.8441010E-01,-1.6506119E+00
8.762460E-02,1.8479156E-01,-1.6633530E+00
8.762788E-02,1.8441010E-01,-1.6747971E+00
8.763116E-02,1.8387604E-01,-1.6852493E+00
8.763443E-02,1.8341827E-01,-1.6952438E+00
8.763771E-02,1.8341827E-01,-1.7041702E+00
8.764099E-02,1.8334198E-01,-1.7106552E+00
8.764426E-02,1.8357086E-01,-1.7166824E+00
8.764754E-02,1.8318939E-01,-1.7223282E+00
8.765082E-02,1.8326569E-01,-1.7268295E+00
8.765409E-02,1.8296051E-01,-1.7302628E+00
8.765737E-02,1.8242645E-01,-1.7333908E+00
8.766065E-02,1.8181610E-01,-1.7350693E+00
8.766392E-02,1.8181610E-01,-1.7359085E+00
8.766720E-02,1.8166351E-01,-1.7362900E+00
8.767048E-02,1.8166351E-01,-1.7351456E+00
8.767375E-02,1.8067169E-01,-1.7325516E+00
8.767703E-02,1.8128204E-01,-1.7301865E+00
8.768031E-02,1.7983246E-01,-1.7260666E+00
8.768358E-02,1.8029022E-01,-1.7226334E+00
8.768686E-02,1.7906952E-01,-1.7169876E+00
8.769014E-02,1.7952728E-01,-1.7108841E+00
8.769341E-02,1.7891693E-01,-1.7043228E+00
8.769669E-02,1.7891693E-01,-1.6960068E+00
8.769997E-02,1.7777252E-01,-1.6871567E+00
8.770324E-02,1.7761993E-01,-1.6763992E+00
8.770652E-02,1.7731476E-01,-1.6651840E+00
8.770980E-02,1.7708588E-01,-1.6531296E+00
8.771308E-02,1.7624664E-01,-1.6393967E+00
8.771635E-02,1.7693329E-01,-1.6255875E+00
8.771963E-02,1.7693329E-01,-1.6105576E+00
8.772291E-02,1.7601776E-01,-1.5944595E+00
8.772618E-02,1.7639923E-01,-1.5803452E+00
8.772946E-02,1.7578888E-01,-1.5624924E+00
8.773274E-02,1.7510223E-01,-1.5452499E+00
8.773601E-02,1.7548370E-01,-1.5256424E+00
8.773929E-02,1.7502594E-01,-1.5060349E+00
8.774257E-02,1.7472076E-01,-1.4850540E+00
8.774584E-02,1.7433929E-01,-1.4637680E+00
8.774912E-02,1.7433929E-01,-1.4411087E+00
8.775240E-02,1.7441559E-01,-1.4184494E+00
8.775567E-02,1.7380524E-01,-1.3944931E+00
8.775895E-02,1.7319489E-01,-1.3705368E+00
8.776223E-02,1.7342377E-01,-1.3439102E+00
8.776550E-02,1.7350006E-01,-1.3179703E+00
8.776878E-02,1.7319489E-01,-1.2909622E+00
8.777206E-02,1.7350006E-01,-1.2630386E+00
8.777533E-02,1.7449188E-01,-1.2336655E+00
8.777861E-02,1.7342377E-01,-1.2042923E+00
8.778189E-02,1.7380524E-01,-1.1736984E+00
8.778516E-02,1.7365265E-01,-1.1431808E+00
8.778844E-02,1.7411041E-01,-1.1109848E+00
8.779172E-02,1.7403412E-01,-1.0791702E+00
8.779500E-02,1.7372894E-01,-1.0452957E+00
8.779827E-02,1.7388153E-01,-1.0131760E+00
8.780155E-02,1.7502594E-01,-9.7830963E-01
8.780483E-02,1.7556000E-01,-9.4351959E-01
8.780810E-02,1.7533112E-01,-9.0827179E-01
8.781138E-02,1.7441559E-01,-8.7264252E-01
8.781466E-02,1.7510223E-01,-8.3533478E-01
8.781793E-02,1.7441559E-01,-7.9894257E-01
8.782121E-02,1.7578888E-01,-7.6117706E-01
8.782449E-02,1.7655182E-01,-7.2333527E-01
8.782776E-02,1.7655182E-01,-6.8419647E-01
8.783104E-02,1.7716217E-01,-6.4513397E-01
8.783432E-02,1.7807770E-01,-6.0546112E-01
8.783759E-02,1.7777252E-01,-5.6601715E-01
8.784087E-02,1.7838287E-01,-5.2519989E-01
8.784415E-02,1.7868805E-01,-4.8354340E-01
8.784742E-02,1.7891693E-01,-4.4257355E-01
8.785070E-02,1.7914581E-01,-4.0152740E-01
8.785398E-02,1.7990875E-01,-3.5948944E-01
8.785725E-02,1.8021393E-01,-3.1775665E-01
8.786053E-02,1.8173981E-01,-2.7541351E-01
8.786381E-02,1.8196869E-01,-2.3261261E-01
8.786708E-02,1.8280792E-01,-1.9072723E-01
8.787036E-02,1.8296051E-01,-1.4708710E-01
8.787364E-02,1.8341827E-01,-1.0359955E-01
8.787692E-02,1.8402863E-01,-6.0340881E-02
8.788019E-02,1.8456268E-01,-1.5480042E-02
8.788347E-02,1.8494415E-01,2.9075623E-02
8.788675E-02,1.8570709E-01,7.3249817E-02
8.789002E-02,1.8669891E-01,1.1772919E-01
8.789330E-02,1.8692780E-01,1.6327667E-01
8.789658E-02,1.8708038E-01,2.0844269E-01
8.789985E-02,1.8730927E-01,2.5292206E-01
8.790313E-02,1.8837738E-01,2.9717255E-01
8.790641E-02,1.8921661E-01,3.4287262E-01
8.790968E-02,1.8906403E-01,3.8643646E-01
8.791296E-02,1.8990326E-01,4.3274689E-01
8.791624E-02,1.9028473E-01,4.7730255E-01
8.791951E-02,1.9158173E-01,5.2162933E-01
8.792279E-02,1.9234467E-01,5.6435394E-01
8.792607E-02,1.9234467E-01,6.0913849E-01
8.792934E-02,1.9257355E-01,6.5361786E-01
8.793262E-02,1.9394684E-01,6.9824982E-01
8.793590E-02,1.9463348E-01,7.4204254E-01
8.793917E-02,1.9486237E-01,7.8804779E-01
8.794245E-02,1.9524384E-01,8.3184052E-01
8.794573E-02,1.9638824E-01,8.7654877E-01
8.794900E-02,1.9608307E-01,9.2095184E-01
8.795228E-02,1.9646454E-01,9.6596527E-01
8.795556E-02,1.9699860E-01,1.0094528E+00
8.795884E-02,1.9753265E-01,1.0526352E+00
8.796211E-02,1.9821930E-01,1.0959702E+00
8.796539E-02,1.9699860E-01,1.1381607E+00
8.796867E-02,1.9707489E-01,1.1809616E+00
8.797194E-02,1.9753265E-01,1.2229233E+00
8.797522E-02,1.9783783E-01,1.2641983E+00
8.797850E-02,1.9722748E-01,1.3069992E+00
8.798177E-02,1.9745636E-01,1.3481216E+00
8.798505E-02,1.9760895E-01,1.3890915E+00
8.798833E-02,1.9730377E-01,1.4293747E+00
8.799160E-02,1.9745636E-01,1.4704208E+00
8.799488E-02,1.9684601E-01,1.5081100E+00
8.799816E-02,1.9615936E-01,1.5460281E+00
8.800143E-02,1.9623566E-01,1.5851669E+00
8.800471E-02,1.9547272E-01,1.6235428E+00
8.800799E-02,1.9539642E-01,1.6607742E+00
8.801126E-02,1.9486237E-01,1.6973953E+00
8.801454E-02,1.9486237E-01,1.7345505E+00
8.801782E-02,1.9394684E-01,1.7714005E+00
8.802109E-02,1.9264984E-01,1.8065720E+00
8.802437E-02,1.9181061E-01,1.8422012E+00
8.802765E-02,1.9165802E-01,1.8775253E+00
8.803092E-02,1.9005585E-01,1.9104080E+00
8.803420E-02,1.8959808E-01,1.9437485E+00
8.803748E-02,1.8929291E-01,1.9762497E+00
8.804076E-02,1.8875885E-01,2.0084457E+00
8.804403E-02,1.8715668E-01,2.0401840E+00
8.804731E-02,1.8601227E-01,2.0719223E+00
8.805059E-02,1.8524933E-01,2.1012955E+00
8.805386E-02,1.8326569E-01,2.1303635E+00
8.805714E-02,1.8235016E-01,2.1584396E+00
8.806042E-02,1.8059540E-01,2.1862869E+00
8.806369E-02,1.7945099E-01,2.2136765E+00
8.806697E-02,1.7800140E-01,2.2394638E+00
8.807025E-02,1.7601776E-01,2.2656326E+00
8.807352E-02,1.7426300E-01,2.2906570E+00
8.807680E-02,1.7212677E-01,2.3146896E+00
8.808008E-02,1.7060089E-01,2.3378830E+00
8.808335E-02,1.6876984E-01,2.3610001E+00
8.808663E-02,1.6709137E-01,2.3829727E+00
8.808991E-02,1.6487885E-01,2.4040298E+00
8.809318E-02,1.6350555E-01,2.4246292E+00
8.809646E-02,1.6144562E-01,2.4439316E+00
8.809974E-02,1.5908051E-01,2.4619370E+00
8.810301E-02,1.5656281E-01,2.4796371E+00
8.810629E-02,1.5457916E-01,2.4955063E+00
8.810957E-02,1.5198517E-01,2.5115280E+00
8.811284E-02,1.5000153E-01,2.5256424E+00
8.811612E-02,1.4824677E-01,2.5399857E+00
8.811940E-02,1.4641571E-01,2.5528793E+00
8.812268E-02,1.4328766E-01,2.5658493E+00
8.812595E-02,1.4138031E-01,2.5768356E+00
8.812923E-02,1.3855743E-01,2.5879745E+00
8.813251E-02,1.3626862E-01,2.5977402E+00
8.813578E-02,1.3314056E-01,2.6068954E+00
8.813906E-02,1.3008881E-01,2.6139145E+00
8.814234E-02,1.2734222E-01,2.6210861E+00
8.814561E-02,1.2497711E-01,2.6276474E+00
8.814889E-02,1.2184906E-01,2.6326828E+00
8.815217E-02,1.1872101E-01,2.6374893E+00
8.815544E-02,1.1620331E-01,2.6400070E+00
8.815872E-02,1.1345673E-01,2.6424484E+00
8.816200E-02,1.1071014E-01,2.6438980E+00
8.816527E-02,1.0826874E-01,2.6451950E+00
8.816855E-02,1.0468292E-01,2.6445847E+00
8.817183E-02,1.0163116E-01,2.6432877E+00
8.817510E-02,9.8274231E-02,2.6412277E+00
8.817838E-02,9.5069885E-02,2.6387863E+00
8.818166E-02,9.1636658E-02,2.6341324E+00
8.818493E-02,8.9424133E-02,2.6280289E+00
8.818821E-02,8.6143494E-02,2.6226120E+00
8.819149E-02,8.3091736E-02,2.6159744E+00
8.819476E-02,8.0345154E-02,2.6087265E+00
8.819804E-02,7.7598572E-02,2.6009445E+00
8.820132E-02,7.3783875E-02,2.5913315E+00
8.820460E-02,7.1037292E-02,2.5804977E+00
8.820787E-02,6.7756653E-02,2.5690536E+00
8.821115E-02,6.5162659E-02,2.5572281E+00
8.821443E-02,6.2263489E-02,2.5446396E+00
8.821770E-02,5.9211731E-02,2.5309067E+00
8.822098E-02,5.6312561E-02,2.5158768E+00
8.822426E-02,5.2574158E-02,2.5002365E+00
8.822753E-02,4.9827576E-02,2.4844437E+00
8.823081E-02,4.6394348E-02,2.4675827E+00
8.823409E-02,4.4868469E-02,2.4493484E+00
8.823736E-02,4.1435242E-02,2.4298172E+00
8.824064E-02,3.8917542E-02,2.4089127E+00
8.824392E-02,3.6247253E-02,2.3885422E+00
8.824719E-02,3.4111023E-02,2.3669510E+00
8.825047E-02,3.0677795E-02,2.3443680E+00
8.825375E-02,2.7854919E-02,2.3206406E+00
8.825702E-02,2.5184631E-02,2.2965317E+00
8.826030E-02,2.2209167E-02,2.2728806E+00
8.826358E-02,1.9386292E-02,2.2463303E+00
8.826685E-02,1.7097473E-02,2.2209244E+00
8.827013E-02,1.4732361E-02,2.1946030E+00
8.827341E-02,1.3053894E-02,2.1669846E+00
8.827668E-02,9.7732544E-03,2.1389847E+00
8.827996E-02,7.7133179E-03,2.1092300E+00
8.828324E-02,4.8141479E-03,2.0792465E+00
8.828652E-02,3.1356812E-03,2.0489578E+00
8.828979E-02,9.2315674E-04,2.0170670E+00
8.829307E-02,-1.0604858E-03,1.9852524E+00
8.829635E-02,-2.4337769E-03,1.9526749E+00
8.829962E-02,-5.0277710E-03,1.9185715E+00
8.830290E-02,-7.3165894E-03,1.8852310E+00
8.830618E-02,-9.1476440E-03,1.8518143E+00
8.830945E-02,-1.0520935E-02,1.8168716E+00
8.831273E-02,-1.2657166E-02,1.7810898E+00
8.831601E-02,-1.4411926E-02,1.7450027E+00
8.831928E-02,-1.6242981E-02,1.7082291E+00
8.832256E-02,-1.8455505E-02,1.6718369E+00
8.832584E-02,-1.9981384E-02,1.6343002E+00
8.832911E-02,-2.1125793E-02,1.5958481E+00
8.833239E-02,-2.1430969E-02,1.5564804E+00
8.833567E-02,-2.4177551E-02,1.5180283E+00
8.833894E-02,-2.4940491E-02,1.4798813E+00
8.834222E-02,-2.5550842E-02,1.4405136E+00
8.834550E-02,-2.7000427E-02,1.4000778E+00
8.834877E-02,-2.8450012E-02,1.3600998E+00
8.835205E-02,-2.9594421E-02,1.3185959E+00
8.835533E-02,-3.0433655E-02,1.2773972E+00
8.835860E-02,-3.1349182E-02,1.2361221E+00
8.836188E-02,-3.2493591E-02,1.1930923E+00
8.836516E-02,-3.3561707E-02,1.1499100E+00
8.836844E-02,-3.5163879E-02,1.1075668E+00
8.837171E-02,-3.5316467E-02,1.0644608E+00
8.837499E-02,-3.5850525E-02,1.0212021E+00
8.837827E-02,-3.6766052E-02,9.7794342E-01
8.838154E-02,-3.7681580E-02,9.3338776E-01
8.838482E-02,-3.7681580E-02,8.8928986E-01
8.838810E-02,-3.8291931E-02,8.4465790E-01
8.839137E-02,-3.9436340E-02,8.0109406E-01
8.839465E-02,-3.9512634E-02,7.5623322E-01
8.839793E-02,-3.9817810E-02,7.1152496E-01
8.840120E-02,-4.0657043E-02,6.6841888E-01
8.840448E-02,-4.0428162E-02,6.2287140E-01
8.840776E-02,-4.0504456E-02,5.7900238E-01
8.841103E-02,-4.1114807E-02,5.3421783E-01
8.841431E-02,-4.0885925E-02,4.9080658E-01
8.841759E-02,-4.2182922E-02,4.4594574E-01
8.842086E-02,-4.1725159E-02,4.0108490E-01
8.842414E-02,-4.1496277E-02,3.5675812E-01
8.842742E-02,-4.1954041E-02,3.1220245E-01
8.843069E-02,-4.2411804E-02,2.6749420E-01
8.843397E-02,-4.1877747E-02,2.2202301E-01
8.843725E-02,-4.1572571E-02,1.7792511E-01
8.844052E-02,-4.2259216E-02,1.3253021E-01
8.844380E-02,-4.1267395E-02,8.7135315E-02
8.844708E-02,-4.2030334E-02,4.3418884E-02
8.845036E-02,-4.1801453E-02,-1.4419556E-03
8.845363E-02,-4.1114807E-02,-4.5539856E-02
8.845691E-02,-4.1343689E-02,-8.9027405E-02
8.846019E-02,-4.1343689E-02,-1.3114166E-01
8.846346E-02,-4.1114807E-02,-1.7600250E-01
8.846674E-02,-4.0809631E-02,-2.1865082E-01
8.847002E-02,-4.0809631E-02,-2.6198578E-01
8.847329E-02,-4.0122986E-02,-3.0394745E-01
8.847657E-02,-4.0809631E-02,-3.4568024E-01
8.847985E-02,-3.9970398E-02,-3.8756561E-01
8.848312E-02,-4.0504456E-02,-4.2914581E-01
8.848640E-02,-4.0504456E-02,-4.7049713E-01
8.848968E-02,-3.9360046E-02,-5.1108551E-01
8.849295E-02,-3.9436340E-02,-5.5167389E-01
8.849623E-02,-3.9360046E-02,-5.9111786E-01
8.849951E-02,-3.8902283E-02,-6.3185883E-01
8.850278E-02,-3.8444519E-02,-6.7053986E-01
8.850606E-02,-3.8444519E-02,-7.0975494E-01
8.850934E-02,-3.8902283E-02,-7.4813080E-01
8.851261E-02,-3.8291931E-02,-7.8505707E-01
8.851589E-02,-3.7452698E-02,-8.2137299E-01
8.851917E-02,-3.7452698E-02,-8.5890961E-01
8.852244E-02,-3.6766052E-02,-8.9537811E-01
8.852572E-02,-3.6689758E-02,-9.3115997E-01
8.852900E-02,-3.6689758E-02,-9.6640778E-01
8.853228E-02,-3.7147522E-02,-1.0006638E+00
8.853555E-02,-3.7452698E-02,-1.0349960E+00
8.853883E-02,-3.6537170E-02,-1.0678024E+00
8.854211E-02,-3.7071228E-02,-1.1010666E+00
8.854538E-02,-3.6689758E-02,-1.1325760E+00
8.854866E-02,-3.7071228E-02,-1.1636276E+00
8.855194E-02,-3.6155701E-02,-1.1941452E+00
8.855521E-02,-3.6842346E-02,-1.2233658E+00
8.855849E-02,-3.6384583E-02,-1.2528915E+00
8.856177E-02,-3.6689758E-02,-1.2814255E+00
8.856504E-02,-3.6918640E-02,-1.3088150E+00
8.856832E-02,-3.6308289E-02,-1.3345261E+00
8.857160E-02,-3.6918640E-02,-1.3616104E+00
8.857487E-02,-3.6842346E-02,-1.3870926E+00
8.857815E-02,-3.6689758E-02,-1.4103622E+00
8.858143E-02,-3.6994934E-02,-1.4350815E+00
8.858470E-02,-3.6613464E-02,-1.4570541E+00
8.858798E-02,-3.7223816E-02,-1.4789505E+00
8.859126E-02,-3.7147522E-02,-1.5000076E+00
8.859453E-02,-3.7757874E-02,-1.5202255E+00
8.859781E-02,-3.7605286E-02,-1.5398331E+00
8.860109E-02,-3.7986755E-02,-1.5576096E+00
8.860436E-02,-3.7757874E-02,-1.5745468E+00
8.860764E-02,-3.8215637E-02,-1.5912552E+00
8.861092E-02,-3.9283752E-02,-1.6064377E+00
8.861420E-02,-3.8825989E-02,-1.6218491E+00
8.861747E-02,-3.9741516E-02,-1.6362686E+00
8.862075E-02,-3.9894104E-02,-1.6490860E+00
8.862403E-02,-4.0351868E-02,-1.6622849E+00
8.862730E-02,-4.0275574E-02,-1.6731186E+00
8.863058E-02,-3.9894104E-02,-1.6838760E+00
8.863386E-02,-4.0657043E-02,-1.6931839E+00
8.863713E-02,-4.0657043E-02,-1.7018814E+00
8.864041E-02,-4.0885925E-02,-1.7096634E+00
8.864369E-02,-4.0962219E-02,-1.7159958E+00
8.864696E-02,-4.1114807E-02,-1.7218704E+00
8.865024E-02,-4.2793274E-02,-1.7264481E+00
8.865352E-02,-4.2335510E-02,-1.7308731E+00
8.865679E-02,-4.3556213E-02,-1.7332382E+00
8.866007E-02,-4.3174744E-02,-1.7352219E+00
8.866335E-02,-4.4700623E-02,-1.7368240E+00
8.866662E-02,-4.4929504E-02,-1.7372818E+00
8.866990E-02,-4.4548035E-02,-1.7372818E+00
8.867318E-02,-4.4471741E-02,-1.7352982E+00
8.867645E-02,-4.5845032E-02,-1.7319412E+00
8.867973E-02,-4.4776917E-02,-1.7291946E+00
8.868301E-02,-4.6073914E-02,-1.7241592E+00
8.868628E-02,-4.5997620E-02,-1.7188950E+00
8.868956E-02,-4.6150208E-02,-1.7124863E+00
8.869284E-02,-4.6531677E-02,-1.7063065E+00
8.869612E-02,-4.6531677E-02,-1.6986771E+00
8.869939E-02,-4.7447205E-02,-1.6898270E+00
8.870267E-02,-4.7828674E-02,-1.6791458E+00
8.870595E-02,-4.8591614E-02,-1.6686935E+00
8.870922E-02,-4.9278259E-02,-1.6562576E+00
8.871250E-02,-4.9583435E-02,-1.6445847E+00
8.871578E-02,-4.8286438E-02,-1.6309280E+00
8.871905E-02,-4.9583435E-02,-1.6152878E+00
8.872233E-02,-4.9964905E-02,-1.5995712E+00
8.872561E-02,-5.0727844E-02,-1.5844650E+00
8.872888E-02,-5.0498962E-02,-1.5676041E+00
8.873216E-02,-5.0651550E-02,-1.5502853E+00
8.873544E-02,-5.1338196E-02,-1.5314407E+00
8.873871E-02,-5.0880432E-02,-1.5111465E+00
8.874199E-02,-5.1261902E-02,-1.4907761E+00
8.874527E-02,-5.1719666E-02,-1.4698715E+00
8.874854E-02,-5.1261902E-02,-1.4476700E+00
8.875182E-02,-5.2101135E-02,-1.4256210E+00
8.875510E-02,-5.1719666E-02,-1.4006729E+00
8.875837E-02,-5.1948547E-02,-1.3755722E+00
8.876165E-02,-5.1872253E-02,-1.3497849E+00
8.876493E-02,-5.2024841E-02,-1.3236923E+00
8.876820E-02,-5.1567078E-02,-1.2961502E+00
8.877148E-02,-5.1033020E-02,-1.2680740E+00
8.877476E-02,-5.1567078E-02,-1.2393112E+00
8.877804E-02,-5.1643372E-02,-1.2103195E+00
8.878131E-02,-5.1261902E-02,-1.1798019E+00
8.878459E-02,-5.1261902E-02,-1.1488266E+00
8.878787E-02,-5.1490784E-02,-1.1182327E+00
8.879114E-02,-5.1490784E-02,-1.0862656E+00
8.879442E-02,-5.1338196E-02,-1.0534592E+00
8.879770E-02,-5.1795959E-02,-1.0200424E+00
8.880097E-02,-5.0956726E-02,-9.8563385E-01
8.880425E-02,-5.1643372E-02,-9.5122528E-01
8.880753E-02,-5.1338196E-02,-9.1605377E-01
8.881080E-02,-5.0956726E-02,-8.7920380E-01
8.881408E-02,-5.0651550E-02,-8.4281158E-01
8.881736E-02,-5.0956726E-02,-8.0558014E-01
8.882063E-02,-5.1338196E-02,-7.6834869E-01
8.882391E-02,-5.0651550E-02,-7.2997284E-01
8.882719E-02,-4.9888611E-02,-6.9205475E-01
8.883046E-02,-5.0422668E-02,-6.5253448E-01
8.883374E-02,-4.9964905E-02,-6.1324310E-01
8.883702E-02,-5.0041199E-02,-5.7288361E-01
8.884029E-02,-4.9278259E-02,-5.3313446E-01
8.884357E-02,-4.9125671E-02,-4.9285126E-01
8.884685E-02,-4.9736023E-02,-4.5157623E-01
8.885012E-02,-4.9507141E-02,-4.0946198E-01
8.885340E-02,-4.8515320E-02,-3.6833954E-01
8.885668E-02,-4.8744202E-02,-3.2569122E-01
8.885996E-02,-4.8133850E-02,-2.8479767E-01
8.886323E-02,-4.8133850E-02,-2.4161530E-01
8.886651E-02,-4.8515320E-02,-1.9843292E-01
8.886979E-02,-4.8362732E-02,-1.5586090E-01
8.887306E-02,-4.8133850E-02,-1.1161041E-01
8.887634E-02,-4.8591614E-02,-6.8428040E-02
8.887962E-02,-4.7294617E-02,-2.4253845E-02
8.888289E-02,-4.7981262E-02,1.9767761E-02
8.888617E-02,-4.8667908E-02,6.4476013E-02
8.888945E-02,-4.8591614E-02,1.0887909E-01
8.889272E-02,-4.9125671E-02,1.5373993E-01
8.889600E-02,-4.9201965E-02,1.9852448E-01
8.889928E-02,-4.8667908E-02,2.4292755E-01
8.890255E-02,-4.8667908E-02,2.8801727E-01
8.890583E-02,-4.9049377E-02,3.3478546E-01
8.890911E-02,-4.9125671E-02,3.7857819E-01
8.891238E-02,-4.9201965E-02,4.2374420E-01
8.891566E-02,-4.9354553E-02,4.6906281E-01
8.891894E-02,-5.0041199E-02,5.1300812E-01
8.892221E-02,-4.9888611E-02,5.5596161E-01
8.892549E-02,-4.9278259E-02,6.0082245E-01
8.892877E-02,-4.9888611E-02,6.4453888E-01
8.893204E-02,-5.0346375E-02,6.9054413E-01
8.893532E-02,-5.1567078E-02,7.3403168E-01
8.893860E-02,-5.1490784E-02,7.7935028E-01
8.894188E-02,-5.2253723E-02,8.2390594E-01
8.894515E-02,-5.2940369E-02,8.6853790E-01
8.894843E-02,-5.2940369E-02,9.1225433E-01
8.895171E-02,-5.4084778E-02,9.5749664E-01
8.895498E-02,-5.4313660E-02,1.0008316E+00
8.895826E-02,-5.5839539E-02,1.0440903E+00
8.896154E-02,-5.5992126E-02,1.0877304E+00
8.896481E-02,-5.7136536E-02,1.1300735E+00
8.896809E-02,-5.7670593E-02,1.1732559E+00
8.897137E-02,-6.0188293E-02,1.2149887E+00
8.897464E-02,-6.1027527E-02,1.2564163E+00
8.897792E-02,-6.2248230E-02,1.2980728E+00
8.898120E-02,-6.2248230E-02,1.3391190E+00
8.898447E-02,-6.3392639E-02,1.3805466E+00
8.898775E-02,-6.5299988E-02,1.4207535E+00
8.899103E-02,-6.6215515E-02,1.4618759E+00
8.899430E-02,-6.8275452E-02,1.5009384E+00
8.899758E-02,-6.9114685E-02,1.5397720E+00
8.900086E-02,-7.0335388E-02,1.5777664E+00
8.900413E-02,-7.2242737E-02,1.6163712E+00
8.900741E-02,-7.3921204E-02,1.6542892E+00
8.901069E-02,-7.5447083E-02,1.6914444E+00
8.901396E-02,-7.7049255E-02,1.7287521E+00
8.901724E-02,-7.8804016E-02,1.7646866E+00
8.902052E-02,-8.0940247E-02,1.8003922E+00
8.902380E-02,-8.2618713E-02,1.8357162E+00
8.902707E-02,-8.4373474E-02,1.8702774E+00
8.903035E-02,-8.6433411E-02,1.9033127E+00
8.903363E-02,-8.8340759E-02,1.9374161E+00
8.903690E-02,-9.0248108E-02,1.9704514E+00
8.904018E-02,-9.2689514E-02,2.0025711E+00
8.904346E-02,-9.4291687E-02,2.0343094E+00
8.904673E-02,-9.7038269E-02,2.0654373E+00
8.905001E-02,-9.9861145E-02,2.0964890E+00
8.905329E-02,-1.0184479E-01,2.1249466E+00
8.905656E-02,-1.0474396E-01,2.1537857E+00
8.905984E-02,-1.0703278E-01,2.1817856E+00
8.906312E-02,-1.0924530E-01,2.2085648E+00
8.906639E-02,-1.1161041E-01,2.2346573E+00
8.906967E-02,-1.1435699E-01,2.2615891E+00
8.907295E-02,-1.1702728E-01,2.2859268E+00
8.907622E-02,-1.1977386E-01,2.3099594E+00
8.907950E-02,-1.2259674E-01,2.3330765E+00
8.908278E-02,-1.2511444E-01,2.3558884E+00
8.908605E-02,-1.2770844E-01,2.3783188E+00
8.908933E-02,-1.3098907E-01,2.3992996E+00
8.909261E-02,-1.3304901E-01,2.4198227E+00
8.909588E-02,-1.3510895E-01,2.4397354E+00
8.909916E-02,-1.3823700E-01,2.4583511E+00
8.910244E-02,-1.4159393E-01,2.4755173E+00
8.910572E-02,-1.4342499E-01,2.4924545E+00
8.910899E-02,-1.4693451E-01,2.5074844E+00
8.911227E-02,-1.4952850E-01,2.5225906E+00
8.911555E-02,-1.5250397E-01,2.5380020E+00
8.911882E-02,-1.5578461E-01,2.5512009E+00
8.912210E-02,-1.5776825E-01,2.5631790E+00
8.912538E-02,-1.6188812E-01,2.5730972E+00
8.912865E-02,-1.6402435E-01,2.5843887E+00
8.913193E-02,-1.6806793E-01,2.5941544E+00
8.913521E-02,-1.7035675E-01,2.6037674E+00
8.913848E-02,-1.7409515E-01,2.6118546E+00
8.914176E-02,-1.7615509E-01,2.6175003E+00
8.914504E-02,-1.7966461E-01,2.6242142E+00
8.914831E-02,-1.8241119E-01,2.6300125E+00
8.915159E-02,-1.8508148E-01,2.6348190E+00
8.915487E-02,-1.8828583E-01,2.6379471E+00
8.915814E-02,-1.9164276E-01,2.6400833E+00
8.916142E-02,-1.9377899E-01,2.6412277E+00
8.916470E-02,-1.9736481E-01,2.6421432E+00
8.916797E-02,-1.9965363E-01,2.6414566E+00
8.917125E-02,-2.0194244E-01,2.6414566E+00
8.917453E-02,-2.0415497E-01,2.6387100E+00
8.917780E-02,-2.0812225E-01,2.6355820E+00
8.918108E-02,-2.1041107E-01,2.6321487E+00
8.918436E-02,-2.1361542E-01,2.6276474E+00
8.918764E-02,-2.1567535E-01,2.6219254E+00
8.919091E-02,-2.1941376E-01,2.6154404E+00
8.919419E-02,-2.2170258E-01,2.6088028E+00
8.919747E-02,-2.2383881E-01,2.5999527E+00
8.920074E-02,-2.2658539E-01,2.5903397E+00
8.920402E-02,-2.2818756E-01,2.5799637E+00
8.920730E-02,-2.3154449E-01,2.5683670E+00
8.921057E-02,-2.3459625E-01,2.5570755E+00
8.921385E-02,-2.3642731E-01,2.5444870E+00
8.921713E-02,-2.3863983E-01,2.5302963E+00
8.922040E-02,-2.4047089E-01,2.5158005E+00
8.922368E-02,-2.4207306E-01,2.4999313E+00
8.922696E-02,-2.4481964E-01,2.4845200E+00
8.923023E-02,-2.4741364E-01,2.4681931E+00
8.923351E-02,-2.4893951E-01,2.4503403E+00
8.923679E-02,-2.5099945E-01,2.4314957E+00
8.924006E-02,-2.5267792E-01,2.4115829E+00
8.924334E-02,-2.5527191E-01,2.3903732E+00
8.924662E-02,-2.5626373E-01,2.3683243E+00
8.924989E-02,-2.5771332E-01,2.3476486E+00
8.925317E-02,-2.5992584E-01,2.3240738E+00
8.925645E-02,-2.6198578E-01,2.2999649E+00
8.925972E-02,-2.6282501E-01,2.2756271E+00
8.926300E-02,-2.6404572E-01,2.2506027E+00
8.926628E-02,-2.6534271E-01,2.2229080E+00
8.926956E-02,-2.6740265E-01,2.1980362E+00
8.927283E-02,-2.6808929E-01,2.1696548E+00
8.927611E-02,-2.6885223E-01,2.1410446E+00
8.927939E-02,-2.7068329E-01,2.1128159E+00
8.928266E-02,-2.7167511E-01,2.0829849E+00
8.928594E-02,-2.7259064E-01,2.0523911E+00
8.928922E-02,-2.7449799E-01,2.0207291E+00
8.929249E-02,-2.7526093E-01,1.9892197E+00
8.929577E-02,-2.7724457E-01,1.9569473E+00
8.929905E-02,-2.7777863E-01,1.9233780E+00
8.930232E-02,-2.7823639E-01,1.8902664E+00
8.930560E-02,-2.7861786E-01,1.8558578E+00
8.930888E-02,-2.7945709E-01,1.8202286E+00
8.931215E-02,-2.7976227E-01,1.7860489E+00
8.931543E-02,-2.7983856E-01,1.7507248E+00
8.931871E-02,-2.8128815E-01,1.7126541E+00
8.932198E-02,-2.8128815E-01,1.6772537E+00
8.932526E-02,-2.8136444E-01,1.6392593E+00
8.932854E-02,-2.8197479E-01,1.6012650E+00
8.933181E-02,-2.8189850E-01,1.5622025E+00
8.933509E-02,-2.8182220E-01,1.5246658E+00
8.933837E-02,-2.8258514E-01,1.4857559E+00
8.934164E-02,-2.8151703E-01,1.4469223E+00
8.934492E-02,-2.8182220E-01,1.4060287E+00
8.934820E-02,-2.8159332E-01,1.3648300E+00
8.935148E-02,-2.8144073E-01,1.3250046E+00
8.935475E-02,-2.8128815E-01,1.2837296E+00
8.935803E-02,-2.8136444E-01,1.2417679E+00
8.936131E-02,-2.8105927E-01,1.2005692E+00
8.936458E-02,-2.8037262E-01,1.1575394E+00
8.936786E-02,-2.7991486E-01,1.1155014E+00
8.937114E-02,-2.7983856E-01,1.0718613E+00
8.937441E-02,-2.7945709E-01,1.0286026E+00
8.937769E-02,-2.7877045E-01,9.8397064E-01
8.938097E-02,-2.7945709E-01,9.4086456E-01
8.938424E-02,-2.7907562E-01,8.9638519E-01
8.938752E-02,-2.7892303E-01,8.5205841E-01
8.939080E-02,-2.7823639E-01,8.0811310E-01
8.939407E-02,-2.7800751E-01,7.6371002E-01
8.939735E-02,-2.7693939E-01,7.1854401E-01
8.940063E-02,-2.7625275E-01,6.7528534E-01
8.940390E-02,-2.7564240E-01,6.2928009E-01
8.940718E-02,-2.7602386E-01,5.8586884E-01
8.941046E-02,-2.7365875E-01,5.4146576E-01
8.941373E-02,-2.7388763E-01,4.9759674E-01
8.941701E-02,-2.7327728E-01,4.5220184E-01
8.942029E-02,-2.7236176E-01,4.0856171E-01
8.942356E-02,-2.7136993E-01,3.6347198E-01
8.942684E-02,-2.7098846E-01,3.1884003E-01
8.943012E-02,-2.7075958E-01,2.7344513E-01
8.943340E-02,-2.6931000E-01,2.2881317E-01
8.943667E-02,-2.6946259E-01,1.8448639E-01
8.943995E-02,-2.6793671E-01,1.3985443E-01
8.944323E-02,-2.6686859E-01,9.4459534E-02
8.944650E-02,-2.6663971E-01,5.0666809E-02
8.944978E-02,-2.6602936E-01,6.1874390E-03
8.945306E-02,-2.6526642E-01,-3.8368225E-02
8.945633E-02,-2.6404572E-01,-8.2313538E-02
8.945961E-02,-2.6404572E-01,-1.2602997E-01
8.946289E-02,-2.6313019E-01,-1.6936493E-01
8.946616E-02,-2.6282501E-01,-2.1201324E-01
8.946944E-02,-2.6206207E-01,-2.5504303E-01
8.947272E-02,-2.6145172E-01,-2.9753876E-01
8.947599E-02,-2.6122284E-01,-3.3896637E-01
8.947927E-02,-2.6076508E-01,-3.8047028E-01
8.948255E-02,-2.5946808E-01,-4.2205048E-01
8.948582E-02,-2.5839996E-01,-4.6424103E-01
8.948910E-02,-2.5786591E-01,-5.0490570E-01
8.949238E-02,-2.5710297E-01,-5.4503632E-01
8.949565E-02,-2.5664520E-01,-5.8486176E-01
8.949893E-02,-2.5656891E-01,-6.2522125E-01
8.950221E-02,-2.5618744E-01,-6.6344452E-01
8.950548E-02,-2.5595856E-01,-7.0388031E-01
8.950876E-02,-2.5603485E-01,-7.4134064E-01
8.951204E-02,-2.5511932E-01,-7.7956390E-01
8.951532E-02,-2.5428009E-01,-8.1763458E-01
8.951859E-02,-2.5443268E-01,-8.5364532E-01
8.952187E-02,-2.5420380E-01,-8.9087677E-01
8.952515E-02,-2.5428009E-01,-9.2627716E-01
8.952842E-02,-2.5435638E-01,-9.6106720E-01
8.953170E-02,-2.5351715E-01,-9.9517059E-01
8.953498E-02,-2.5366974E-01,-1.0289688E+00
8.953825E-02,-2.5374603E-01,-1.0625381E+00
8.954153E-02,-2.5313568E-01,-1.0961838E+00
8.954481E-02,-2.5260162E-01,-1.1270828E+00
8.954808E-02,-2.5214386E-01,-1.1580582E+00
8.955136E-02,-2.5191498E-01,-1.1889572E+00
8.955464E-02,-2.5199127E-01,-1.2187119E+00
8.955791E-02,-2.5244904E-01,-1.2482376E+00
8.956119E-02,-2.5229645E-01,-1.2774582E+00
8.956447E-02,-2.5229645E-01,-1.3044662E+00
8.956774E-02,-2.5229645E-01,-1.3310165E+00
8.957102E-02,-2.5222015E-01,-1.3568039E+00
8.957430E-02,-2.5260162E-01,-1.3831253E+00
8.957757E-02,-2.5206757E-01,-1.4064713E+00
8.958085E-02,-2.5305939E-01,-1.4303513E+00
8.958413E-02,-2.5183868E-01,-1.4532394E+00
8.958740E-02,-2.5206757E-01,-1.4747543E+00
8.959068E-02,-2.5252533E-01,-1.4968796E+00
8.959396E-02,-2.5260162E-01,-1.5167923E+00
8.959724E-02,-2.5298309E-01,-1.5356369E+00
8.960051E-02,-2.5344086E-01,-1.5543289E+00
8.960379E-02,-2.5267792E-01,-1.5725632E+00
8.960707E-02,-2.5382233E-01,-1.5888138E+00
8.961034E-02,-2.5389862E-01,-1.6048355E+00
8.961362E-02,-2.5450897E-01,-1.6204758E+00
8.961690E-02,-2.5572968E-01,-1.6348953E+00
8.962017E-02,-2.5504303E-01,-1.6479416E+00
8.962345E-02,-2.5527191E-01,-1.6597672E+00
8.962673E-02,-2.5565338E-01,-1.6719742E+00
8.963000E-02,-2.5572968E-01,-1.6821213E+00
8.963328E-02,-2.5649261E-01,-1.6913528E+00
8.963656E-02,-2.5725555E-01,-1.7007370E+00
8.963983E-02,-2.5756073E-01,-1.7090530E+00
8.964311E-02,-2.5809479E-01,-1.7156143E+00
8.964639E-02,-2.5809479E-01,-1.7221756E+00
8.964966E-02,-2.5855255E-01,-1.7274399E+00
8.965294E-02,-2.5923920E-01,-1.7314835E+00
8.965622E-02,-2.5923920E-01,-1.7341537E+00
8.965949E-02,-2.5931549E-01,-1.7375107E+00
8.966277E-02,-2.5939178E-01,-1.7383499E+00
8.966605E-02,-2.5962067E-01,-1.7381210E+00
8.966932E-02,-2.6045990E-01,-1.7381210E+00
8.967260E-02,-2.6061249E-01,-1.7364426E+00
8.967588E-02,-2.6053619E-01,-1.7336197E+00
8.967916E-02,-2.6091766E-01,-1.7305679E+00
8.968243E-02,-2.6114655E-01,-1.7262955E+00
8.968571E-02,-2.6061249E-01,-1.7206497E+00
8.968899E-02,-2.6129913E-01,-1.7148514E+00
8.969226E-02,-2.6152802E-01,-1.7079849E+00
8.969554E-02,-2.6206207E-01,-1.6994400E+00
8.969882E-02,-2.6221466E-01,-1.6917343E+00
8.970209E-02,-2.6206207E-01,-1.6816635E+00
8.970537E-02,-2.6290131E-01,-1.6709824E+00
8.970865E-02,-2.6267242E-01,-1.6591568E+00
8.971192E-02,-2.6267242E-01,-1.6467209E+00
8.971520E-02,-2.6282501E-01,-1.6337509E+00
8.971848E-02,-2.6320648E-01,-1.6194077E+00
8.972175E-02,-2.6274872E-01,-1.6023941E+00
8.972503E-02,-2.6320648E-01,-1.5876694E+00
8.972831E-02,-2.6381683E-01,-1.5715714E+00
8.973158E-02,-2.6381683E-01,-1.5530319E+00
8.973486E-02,-2.6412201E-01,-1.5348740E+00
8.973814E-02,-2.6305389E-01,-1.5152664E+00
8.974141E-02,-2.6381683E-01,-1.4947433E+00
8.974469E-02,-2.6450348E-01,-1.4731522E+00
8.974797E-02,-2.6473236E-01,-1.4518661E+00
8.975124E-02,-2.6427460E-01,-1.4283676E+00
8.975452E-02,-2.6389313E-01,-1.4042587E+00
8.975780E-02,-2.6374054E-01,-1.3802261E+00
8.976108E-02,-2.6396942E-01,-1.3536758E+00
8.976435E-02,-2.6396942E-01,-1.3284225E+00
8.976763E-02,-2.6412201E-01,-1.3012619E+00
8.977091E-02,-2.6374054E-01,-1.2736435E+00
8.977418E-02,-2.6480865E-01,-1.2450333E+00
8.977746E-02,-2.6374054E-01,-1.2145157E+00
8.978074E-02,-2.6404572E-01,-1.1856003E+00
8.978401E-02,-2.6427460E-01,-1.1548538E+00
8.978729E-02,-2.6412201E-01,-1.1235733E+00
8.979057E-02,-2.6404572E-01,-1.0913773E+00
8.979384E-02,-2.6427460E-01,-1.0584183E+00
8.979712E-02,-2.6381683E-01,-1.0256119E+00
8.980040E-02,-2.6381683E-01,-9.9143219E-01
8.980367E-02,-2.6358795E-01,-9.5648956E-01
8.980695E-02,-2.6335907E-01,-9.2177582E-01
8.981023E-02,-2.6328278E-01,-8.8568878E-01
8.981350E-02,-2.6290131E-01,-8.4975433E-01
8.981678E-02,-2.6366425E-01,-8.1282806E-01
8.982006E-02,-2.6320648E-01,-7.7544403E-01
8.982333E-02,-2.6259613E-01,-7.3767853E-01
8.982661E-02,-2.6328278E-01,-6.9998932E-01
8.982989E-02,-2.6343536E-01,-6.6092682E-01
8.983316E-02,-2.6335907E-01,-6.2209320E-01
8.983644E-02,-2.6381683E-01,-5.8074188E-01
8.983972E-02,-2.6412201E-01,-5.4084015E-01
8.984300E-02,-2.6457977E-01,-5.0032806E-01
8.984627E-02,-2.6457977E-01,-4.5905304E-01
8.984955E-02,-2.6511383E-01,-4.1724396E-01
8.985283E-02,-2.6534271E-01,-3.7657928E-01
8.985610E-02,-2.6526642E-01,-3.3408356E-01
8.985938E-02,-2.6496124E-01,-2.9296112E-01
8.986266E-02,-2.6549530E-01,-2.5046539E-01
8.986593E-02,-2.6587677E-01,-2.0774078E-01
8.986921E-02,-2.6648712E-01,-1.6356659E-01
8.987249E-02,-2.6747894E-01,-1.2053680E-01
8.987576E-02,-2.6763153E-01,-7.6667786E-02
8.987904E-02,-2.6885223E-01,-3.2417297E-02
8.988232E-02,-2.6961517E-01,1.2138367E-02
8.988559E-02,-2.6877594E-01,5.5091858E-02
8.988887E-02,-2.6938629E-01,1.0002899E-01
8.989215E-02,-2.7045441E-01,1.4542389E-01
8.989542E-02,-2.7060699E-01,1.8982697E-01
8.989870E-02,-2.7259064E-01,2.3476410E-01
8.990198E-02,-2.7335358E-01,2.7901459E-01
8.990525E-02,-2.7411652E-01,3.2532501E-01
8.990853E-02,-2.7495575E-01,3.6965179E-01
8.991181E-02,-2.7533722E-01,4.1397858E-01
8.991508E-02,-2.7663422E-01,4.5830536E-01
8.991836E-02,-2.7701569E-01,5.0331879E-01
8.992164E-02,-2.7877045E-01,5.4673004E-01
8.992492E-02,-2.7854156E-01,5.9166718E-01
8.992819E-02,-2.8029633E-01,6.3607025E-01
8.993147E-02,-2.8144073E-01,6.8077850E-01
8.993475E-02,-2.8289032E-01,7.2472382E-01
8.993802E-02,-2.8327179E-01,7.6966095E-01
8.994130E-02,-2.8479767E-01,8.1436920E-01
8.994458E-02,-2.8632355E-01,8.5984039E-01
8.994785E-02,-2.8739166E-01,9.0271759E-01
8.995113E-02,-2.8945160E-01,9.4780731E-01
8.995441E-02,-2.9105377E-01,9.9121857E-01
8.995768E-02,-2.9227448E-01,1.0356979E+00
8.996096E-02,-2.9357147E-01,1.0788040E+00
8.996424E-02,-2.9547882E-01,1.1217575E+00
8.996751E-02,-2.9746246E-01,1.1631851E+00
8.997079E-02,-2.9822540E-01,1.2065201E+00
8.997407E-02,-3.0074310E-01,1.2483292E+00
8.997734E-02,-3.0249786E-01,1.2899857E+00
8.998062E-02,-3.0387115E-01,1.3308792E+00
8.998390E-02,-3.0593109E-01,1.3732986E+00
8.998717E-02,-3.0799103E-01,1.4132004E+00
8.999045E-02,-3.0982208E-01,1.4537888E+00
8.999373E-02,-3.1218719E-01,1.4930801E+00
8.999700E-02,-3.1516266E-01,1.5313034E+00
9.000028E-02,-3.1745148E-01,1.5696793E+00
9.000356E-02,-3.1897736E-01,1.6090469E+00
9.000684E-02,-3.2080841E-01,1.6468887E+00
9.001011E-02,-3.2408905E-01,1.6843491E+00
9.001339E-02,-3.2683563E-01,1.7209702E+00
9.001667E-02,-3.2836151E-01,1.7573624E+00
9.001994E-02,-3.2958221E-01,1.7932205E+00
9.002322E-02,-3.3263397E-01,1.8293076E+00
9.002650E-02,-3.3492279E-01,1.8632584E+00
9.002977E-02,-3.3805084E-01,1.8973618E+00
9.003305E-02,-3.3950043E-01,1.9310837E+00
9.003633E-02,-3.4270477E-01,1.9641953E+00
9.003960E-02,-3.4537506E-01,1.9968491E+00
9.004288E-02,-3.4789276E-01,2.0291214E+00
9.004616E-02,-3.5056305E-01,2.0596390E+00
9.004943E-02,-3.5285187E-01,2.0904617E+00
9.005271E-02,-3.5529327E-01,2.1194534E+00
9.005599E-02,-3.5742950E-01,2.1486740E+00
9.005926E-02,-3.6009979E-01,2.1766739E+00
9.006254E-02,-3.6269379E-01,2.2039108E+00
9.006582E-02,-3.6589813E-01,2.2300797E+00
9.006909E-02,-3.6833954E-01,2.2561722E+00
9.007237E-02,-3.7131500E-01,2.2821121E+00
9.007565E-02,-3.7451935E-01,2.3056870E+00
9.007892E-02,-3.7673187E-01,2.3290329E+00
9.008220E-02,-3.7894440E-01,2.3520737E+00
9.008548E-02,-3.8062286E-01,2.3737411E+00
9.008876E-02,-3.8275909E-01,2.3952560E+00
9.009203E-02,-3.8558197E-01,2.4150162E+00
9.009531E-02,-3.8848114E-01,2.4340897E+00
9.009859E-02,-3.9153290E-01,2.4536209E+00
9.010186E-02,-3.9351654E-01,2.4716263E+00
9.010514E-02,-3.9542389E-01,2.4887924E+00
9.010842E-02,-3.9778900E-01,2.5053482E+00
9.011169E-02,-3.9992523E-01,2.5207596E+00
9.011497E-02,-4.0229034E-01,2.5351028E+00
9.011825E-02,-4.0503693E-01,2.5489883E+00
9.012152E-02,-4.0763092E-01,2.5607376E+00
9.012480E-02,-4.0877533E-01,2.5721054E+00
9.012808E-02,-4.1167450E-01,2.5825577E+00
9.013135E-02,-4.1396332E-01,2.5933914E+00
9.013463E-02,-4.1579437E-01,2.6024704E+00
9.013791E-02,-4.1777802E-01,2.6105576E+00
9.014118E-02,-4.1983795E-01,2.6171951E+00
9.014446E-02,-4.2281342E-01,2.6229172E+00
9.014774E-02,-4.2502594E-01,2.6279526E+00
9.015101E-02,-4.2655182E-01,2.6329880E+00
9.015429E-02,-4.2853546E-01,2.6373367E+00
9.015757E-02,-4.3097687E-01,2.6396255E+00
9.016084E-02,-4.3296051E-01,2.6419144E+00
9.016412E-02,-4.3418121E-01,2.6423721E+00
9.016740E-02,-4.3509674E-01,2.6426773E+00
9.017068E-02,-4.3692780E-01,2.6411514E+00
9.017395E-02,-4.3944550E-01,2.6382523E+00
9.017723E-02,-4.4020844E-01,2.6365738E+00
9.018051E-02,-4.4135284E-01,2.6327591E+00
9.018378E-02,-4.4234467E-01,2.6282578E+00
9.018706E-02,-4.4425201E-01,2.6223068E+00
9.019034E-02,-4.4539642E-01,2.6164322E+00
9.019361E-02,-4.4669342E-01,2.6088028E+00
9.019689E-02,-4.4806671E-01,2.6007919E+00
9.020017E-02,-4.4959259E-01,2.5918655E+00
9.020344E-02,-4.5012665E-01,2.5814896E+00
9.020672E-02,-4.5119476E-01,2.5711136E+00
9.021000E-02,-4.5249176E-01,2.5592117E+00
9.021327E-02,-4.5264435E-01,2.5473862E+00
9.021655E-02,-4.5340729E-01,2.5330429E+00
9.021983E-02,-4.5371246E-01,2.5189285E+00
9.022310E-02,-4.5424652E-01,2.5039749E+00
9.022638E-02,-4.5455170E-01,2.4881058E+00
9.022966E-02,-4.5485687E-01,2.4710922E+00
9.023293E-02,-4.5607758E-01,2.4528580E+00
9.023621E-02,-4.5661163E-01,2.4348526E+00
9.023949E-02,-4.5684052E-01,2.4145584E+00
9.024276E-02,-4.5714569E-01,2.3938065E+00
9.024604E-02,-4.5653534E-01,2.3728256E+00
9.024932E-02,-4.5745087E-01,2.3507767E+00
9.025260E-02,-4.5760345E-01,2.3274307E+00
9.025587E-02,-4.5760345E-01,2.3055344E+00
9.025915E-02,-4.5767975E-01,2.2809677E+00
9.026243E-02,-4.5699310E-01,2.2554855E+00
9.026570E-02,-4.5623016E-01,2.2277145E+00
9.026898E-02,-4.5691681E-01,2.2024612E+00
9.027226E-02,-4.5623016E-01,2.1751480E+00
9.027553E-02,-4.5539093E-01,2.1466904E+00
9.027881E-02,-4.5645905E-01,2.1176987E+00
9.028209E-02,-4.5516205E-01,2.0888596E+00
9.028536E-02,-4.5470428E-01,2.0586472E+00
9.028864E-02,-4.5386505E-01,2.0275192E+00
9.029192E-02,-4.5378876E-01,1.9944077E+00
9.029519E-02,-4.5355988E-01,1.9623642E+00
9.029847E-02,-4.5310211E-01,1.9298630E+00
9.030175E-02,-4.5134735E-01,1.8954544E+00
9.030502E-02,-4.5050812E-01,1.8623428E+00
9.030830E-02,-4.4867706E-01,1.8267899E+00
9.031158E-02,-4.4852448E-01,1.7919235E+00
9.031485E-02,-4.4753265E-01,1.7563705E+00
9.031813E-02,-4.4646454E-01,1.7203598E+00
9.032141E-02,-4.4585419E-01,1.6833572E+00
9.032468E-02,-4.4440460E-01,1.6458969E+00
9.032796E-02,-4.4341278E-01,1.6076736E+00
9.033124E-02,-4.4257355E-01,1.5694504E+00
9.033452E-02,-4.4142914E-01,1.5315323E+00
9.033779E-02,-4.3975067E-01,1.4923935E+00
9.034107E-02,-4.3891144E-01,1.4534073E+00
9.034435E-02,-4.3685150E-01,1.4122849E+00
9.034762E-02,-4.3631744E-01,1.3720779E+00
9.035090E-02,-4.3502045E-01,1.3304977E+00
9.035418E-02,-4.3372345E-01,1.2895279E+00
9.035745E-02,-4.3288422E-01,1.2481003E+00
9.036073E-02,-4.3158722E-01,1.2062912E+00
9.036401E-02,-4.3044281E-01,1.1637192E+00
9.036728E-02,-4.2884064E-01,1.1213760E+00
9.037056E-02,-4.2693329E-01,1.0784225E+00
9.037384E-02,-4.2594147E-01,1.0350876E+00
9.037711E-02,-4.2411041E-01,9.9137115E-01
9.038039E-02,-4.2327118E-01,9.4773102E-01
9.038367E-02,-4.2235565E-01,9.0271759E-01
9.038694E-02,-4.2006683E-01,8.5915375E-01
9.039022E-02,-4.1884613E-01,8.1482697E-01
9.039350E-02,-4.1754913E-01,7.6988983E-01
9.039677E-02,-4.1648102E-01,7.2548676E-01
9.040005E-02,-4.1541290E-01,6.8215179E-01
9.040333E-02,-4.1365814E-01,6.3751984E-01
9.040660E-02,-4.1205597E-01,5.9326935E-01
9.040988E-02,-4.1030121E-01,5.4848480E-01
9.041316E-02,-4.0946198E-01,5.0537872E-01
9.041644E-02,-4.0824127E-01,4.6021271E-01
9.041971E-02,-4.0648651E-01,4.1619110E-01
9.042299E-02,-4.0457916E-01,3.7133026E-01
9.042627E-02,-4.0366364E-01,3.2692719E-01
9.042954E-02,-4.0305328E-01,2.8099823E-01
9.043282E-02,-4.0167999E-01,2.3621368E-01
9.043610E-02,-4.0045929E-01,1.9181061E-01
9.043937E-02,-3.9946747E-01,1.4672089E-01
9.044265E-02,-3.9900970E-01,1.0170746E-01
9.044593E-02,-3.9763641E-01,5.7151794E-02
9.044920E-02,-3.9633942E-01,1.2977600E-02
9.045248E-02,-3.9595795E-01,-3.0815125E-02
9.045576E-02,-3.9458466E-01,-7.4989319E-02
9.045903E-02,-3.9328766E-01,-1.1840057E-01
9.046231E-02,-3.9290619E-01,-1.6181183E-01
9.046559E-02,-3.9183807E-01,-2.0552826E-01
9.046886E-02,-3.9176178E-01,-2.4787140E-01
9.047214E-02,-3.9107513E-01,-2.9128265E-01
9.047542E-02,-3.8962555E-01,-3.3309174E-01
9.047869E-02,-3.8932037E-01,-3.7535858E-01
9.048197E-02,-3.8863373E-01,-4.1609955E-01
9.048525E-02,-3.8794708E-01,-4.5851898E-01
9.048852E-02,-3.8779449E-01,-4.9933624E-01
9.049180E-02,-3.8718414E-01,-5.4099274E-01
9.049508E-02,-3.8626862E-01,-5.7975006E-01
9.049836E-02,-3.8558197E-01,-6.2033844E-01
9.050163E-02,-3.8542938E-01,-6.5848541E-01
9.050491E-02,-3.8466644E-01,-6.9770050E-01
9.050819E-02,-3.8489532E-01,-7.3645782E-01
9.051146E-02,-3.8405609E-01,-7.7414703E-01
9.051474E-02,-3.8336945E-01,-8.1114960E-01
9.051802E-02,-3.8245392E-01,-8.4883881E-01
9.052129E-02,-3.8245392E-01,-8.8523102E-01
9.052457E-02,-3.8222504E-01,-9.2086029E-01
9.052785E-02,-3.8214874E-01,-9.5549774E-01
9.053112E-02,-3.8176727E-01,-9.9066925E-01
9.053440E-02,-3.8146210E-01,-1.0247726E+00
9.053768E-02,-3.8100433E-01,-1.0576553E+00
9.054095E-02,-3.8077545E-01,-1.0899277E+00
9.054423E-02,-3.8047028E-01,-1.1226578E+00
9.054751E-02,-3.8062286E-01,-1.1536331E+00
9.055078E-02,-3.8077545E-01,-1.1848373E+00
9.055406E-02,-3.8024139E-01,-1.2150497E+00
9.055734E-02,-3.8047028E-01,-1.2448807E+00
9.056061E-02,-3.8047028E-01,-1.2726517E+00
9.056389E-02,-3.8039398E-01,-1.3001175E+00
9.056717E-02,-3.8100433E-01,-1.3272781E+00
9.057044E-02,-3.8062286E-01,-1.3534470E+00
9.057372E-02,-3.8024139E-01,-1.3801498E+00
9.057700E-02,-3.8016510E-01,-1.4044876E+00
9.058028E-02,-3.8115692E-01,-1.4282150E+00
9.058355E-02,-3.8100433E-01,-1.4511795E+00
9.058683E-02,-3.8161469E-01,-1.4728470E+00
9.059011E-02,-3.8161469E-01,-1.4939041E+00
9.059338E-02,-3.8230133E-01,-1.5142746E+00
9.059666E-02,-3.8222504E-01,-1.5342636E+00
9.059994E-02,-3.8199615E-01,-1.5530319E+00
9.060321E-02,-3.8237762E-01,-1.5701981E+00
9.060649E-02,-3.8260651E-01,-1.5865250E+00
9.060977E-02,-3.8283539E-01,-1.6026230E+00
9.061304E-02,-3.8298798E-01,-1.6180344E+00
9.061632E-02,-3.8275909E-01,-1.6323776E+00
9.061960E-02,-3.8275909E-01,-1.6457291E+00
9.062287E-02,-3.8306427E-01,-1.6586990E+00
9.062615E-02,-3.8314056E-01,-1.6706009E+00
9.062943E-02,-3.8260651E-01,-1.6818924E+00
9.063270E-02,-3.8367462E-01,-1.6908188E+00
9.063598E-02,-3.8420868E-01,-1.7002029E+00
9.063926E-02,-3.8359833E-01,-1.7085953E+00
9.064253E-02,-3.8390350E-01,-1.7157669E+00
9.064581E-02,-3.8481903E-01,-1.7214890E+00
9.064909E-02,-3.8489532E-01,-1.7272110E+00
9.065236E-02,-3.8504791E-01,-1.7317886E+00
9.065564E-02,-3.8512421E-01,-1.7357559E+00
9.065892E-02,-3.8466644E-01,-1.7375870E+00
9.066220E-02,-3.8489532E-01,-1.7391129E+00
9.066547E-02,-3.8535309E-01,-1.7394180E+00
9.066875E-02,-3.8565826E-01,-1.7394943E+00
9.067203E-02,-3.8558197E-01,-1.7371292E+00
9.067530E-02,-3.8588715E-01,-1.7343063E+00
9.067858E-02,-3.8481903E-01,-1.7313309E+00
9.068186E-02,-3.8489532E-01,-1.7279739E+00
9.068513E-02,-3.8497162E-01,-1.7227097E+00
9.068841E-02,-3.8558197E-01,-1.7176743E+00
9.069169E-02,-3.8550568E-01,-1.7105026E+00
9.069496E-02,-3.8558197E-01,-1.7031784E+00
9.069824E-02,-3.8603973E-01,-1.6941757E+00
9.070152E-02,-3.8581085E-01,-1.6847153E+00
9.070479E-02,-3.8603973E-01,-1.6737289E+00
9.070807E-02,-3.8626862E-01,-1.6623611E+00
9.071135E-02,-3.8603973E-01,-1.6496964E+00
9.071462E-02,-3.8634491E-01,-1.6375656E+00
9.071790E-02,-3.8634491E-01,-1.6219254E+00
9.072118E-02,-3.8634491E-01,-1.6066666E+00
9.072445E-02,-3.8573456E-01,-1.5911026E+00
9.072773E-02,-3.8672638E-01,-1.5749283E+00
9.073101E-02,-3.8626862E-01,-1.5573807E+00
9.073428E-02,-3.8665009E-01,-1.5393753E+00
9.073756E-02,-3.8710785E-01,-1.5196915E+00
9.074084E-02,-3.8657379E-01,-1.4984055E+00
9.074412E-02,-3.8588715E-01,-1.4771194E+00
9.074739E-02,-3.8520050E-01,-1.4555283E+00
9.075067E-02,-3.8596344E-01,-1.4332504E+00
9.075395E-02,-3.8550568E-01,-1.4096756E+00
9.075722E-02,-3.8481903E-01,-1.3862534E+00
9.076050E-02,-3.8535309E-01,-1.3597031E+00
9.076378E-02,-3.8565826E-01,-1.3339920E+00
9.076705E-02,-3.8466644E-01,-1.3071365E+00
9.077033E-02,-3.8390350E-01,-1.2789841E+00
9.077361E-02,-3.8420868E-01,-1.2503738E+00
9.077688E-02,-3.8466644E-01,-1.2215347E+00
9.078016E-02,-3.8382721E-01,-1.1911697E+00
9.078344E-02,-3.8497162E-01,-1.1609573E+00
9.078671E-02,-3.8451385E-01,-1.1302109E+00
9.078999E-02,-3.8428497E-01,-1.0979385E+00
9.079327E-02,-3.8504791E-01,-1.0647507E+00
9.079654E-02,-3.8451385E-01,-1.0319443E+00
9.079982E-02,-3.8474274E-01,-9.9784088E-01
9.080310E-02,-3.8512421E-01,-9.6381378E-01
