in s,C1 in V,C2 in V
7.921939E-02,2.5260925E-02,1.9867783E+00
7.922267E-02,2.3582458E-02,1.9700699E+00
7.922594E-02,2.1369934E-02,1.9532852E+00
7.922922E-02,2.0072937E-02,1.9357376E+00
7.923250E-02,1.7784119E-02,1.9182663E+00
7.923577E-02,1.5571594E-02,1.9000320E+00
7.923905E-02,1.3587952E-02,1.8805771E+00
7.924233E-02,1.0993958E-02,1.8597488E+00
7.924560E-02,8.8577271E-03,1.8395309E+00
7.924888E-02,7.7133179E-03,1.8180161E+00
7.925216E-02,5.0430298E-03,1.7959671E+00
7.925543E-02,3.5171509E-03,1.7749100E+00
7.925871E-02,2.3727417E-03,1.7521744E+00
7.926199E-02,7.6293945E-06,1.7283707E+00
7.926526E-02,-1.8997192E-03,1.7042618E+00
7.926854E-02,-3.8833618E-03,1.6793137E+00
7.927182E-02,-5.0277710E-03,1.6546707E+00
7.927509E-02,-6.2484741E-03,1.6291885E+00
7.927837E-02,-8.2321167E-03,1.6029434E+00
7.928165E-02,-1.0139465E-02,1.5763168E+00
7.928492E-02,-1.1207581E-02,1.5483170E+00
7.928820E-02,-1.2809753E-02,1.5210800E+00
7.929148E-02,-1.4183044E-02,1.4937668E+00
7.929476E-02,-1.5937805E-02,1.4659958E+00
7.929803E-02,-1.7616272E-02,1.4370041E+00
7.930131E-02,-1.8608093E-02,1.4075546E+00
7.930459E-02,-1.9447327E-02,1.3779526E+00
7.930786E-02,-2.0439148E-02,1.3485031E+00
7.931114E-02,-2.1659851E-02,1.3184433E+00
7.931442E-02,-2.3185730E-02,1.2877731E+00
7.931769E-02,-2.4711609E-02,1.2565689E+00
7.932097E-02,-2.5321960E-02,1.2240677E+00
7.932425E-02,-2.6618958E-02,1.1929398E+00
7.932752E-02,-2.7763367E-02,1.1599045E+00
7.933080E-02,-2.8602600E-02,1.1287003E+00
7.933408E-02,-2.9518127E-02,1.0945969E+00
7.933735E-02,-2.9975891E-02,1.0614090E+00
7.934063E-02,-3.1044006E-02,1.0278397E+00
7.934391E-02,-3.2264709E-02,9.9343109E-01
7.934718E-02,-3.2264709E-02,9.5948029E-01
7.935046E-02,-3.3027649E-02,9.2491913E-01
7.935374E-02,-3.4400940E-02,8.9066315E-01
7.935701E-02,-3.5240173E-02,8.5617828E-01
7.936029E-02,-3.6384583E-02,8.2001495E-01
7.936357E-02,-3.6384583E-02,7.8583527E-01
7.936684E-02,-3.7834167E-02,7.5035858E-01
7.937012E-02,-3.8978577E-02,7.1450043E-01
7.937340E-02,-3.7834167E-02,6.7948151E-01
7.937668E-02,-3.8291931E-02,6.4461517E-01
7.937995E-02,-3.8978577E-02,6.0921478E-01
7.938323E-02,-3.8139343E-02,5.7709503E-01
7.938651E-02,-3.8749695E-02,5.4215240E-01
7.938978E-02,-3.9360046E-02,5.0606537E-01
7.939306E-02,-4.0275574E-02,4.7043610E-01
7.939634E-02,-3.9894104E-02,4.3526459E-01
7.939961E-02,-3.9741516E-02,3.9856720E-01
7.940289E-02,-4.0046692E-02,3.6293793E-01
7.940617E-02,-4.0199280E-02,3.2753754E-01
7.940944E-02,-4.0733337E-02,2.9251862E-01
7.941272E-02,-4.1114807E-02,2.5528717E-01
7.941600E-02,-4.1725159E-02,2.1958160E-01
7.941927E-02,-4.1877747E-02,1.8441010E-01
7.942255E-02,-4.1267395E-02,1.4801788E-01
7.942583E-02,-4.1343689E-02,1.1292267E-01
7.942910E-02,-4.1419983E-02,7.6301575E-02
7.943238E-02,-4.2259216E-02,4.0290833E-02
7.943566E-02,-4.1725159E-02,6.1874390E-03
7.943893E-02,-4.1038513E-02,-3.0052185E-02
7.944221E-02,-4.1648865E-02,-6.4231873E-02
7.944549E-02,-4.1648865E-02,-9.8487854E-02
7.944876E-02,-4.1648865E-02,-1.3343048E-01
7.945204E-02,-4.0885925E-02,-1.6852570E-01
7.945532E-02,-4.0657043E-02,-2.0217133E-01
7.945860E-02,-4.0275574E-02,-2.3535919E-01
7.946187E-02,-4.0122986E-02,-2.6900482E-01
7.946515E-02,-4.0504456E-02,-3.0287933E-01
7.946843E-02,-4.0046692E-02,-3.3515167E-01
7.947170E-02,-3.9817810E-02,-3.6803436E-01
7.947498E-02,-3.9970398E-02,-4.0015411E-01
7.947826E-02,-3.9588928E-02,-4.3242645E-01
7.948153E-02,-3.8978577E-02,-4.6363068E-01
7.948481E-02,-3.8902283E-02,-4.9491119E-01
7.948809E-02,-3.8520813E-02,-5.2466583E-01
7.949136E-02,-3.8825989E-02,-5.5464935E-01
7.949464E-02,-3.8368225E-02,-5.8524323E-01
7.949792E-02,-3.8291931E-02,-6.1507416E-01
7.950119E-02,-3.7681580E-02,-6.4337921E-01
7.950447E-02,-3.7834167E-02,-6.7259979E-01
7.950775E-02,-3.7910461E-02,-7.0105743E-01
7.951102E-02,-3.7605286E-02,-7.2737885E-01
7.951430E-02,-3.6460876E-02,-7.5514984E-01
7.951758E-02,-3.6155701E-02,-7.8276825E-01
7.952085E-02,-3.5774231E-02,-8.0939484E-01
7.952413E-02,-3.6460876E-02,-8.3609772E-01
7.952741E-02,-3.5545349E-02,-8.6051178E-01
7.953068E-02,-3.6003113E-02,-8.8622284E-01
7.953396E-02,-3.5697937E-02,-9.1048431E-01
7.953724E-02,-3.5392761E-02,-9.3444061E-01
7.954052E-02,-3.5697937E-02,-9.5748138E-01
7.954379E-02,-3.5011292E-02,-9.8014069E-01
7.954707E-02,-3.5469055E-02,-1.0025711E+00
7.955035E-02,-3.5087585E-02,-1.0238571E+00
7.955362E-02,-3.5316467E-02,-1.0439987E+00
7.955690E-02,-3.5011292E-02,-1.0638351E+00
7.956018E-02,-3.4248352E-02,-1.0819168E+00
7.956345E-02,-3.4477234E-02,-1.1022873E+00
7.956673E-02,-3.5316467E-02,-1.1196823E+00
7.957001E-02,-3.4095764E-02,-1.1374588E+00
7.957328E-02,-3.4172058E-02,-1.1534805E+00
7.957656E-02,-3.3943176E-02,-1.1689682E+00
7.957984E-02,-3.4400940E-02,-1.1852188E+00
7.958311E-02,-3.4477234E-02,-1.1995621E+00
7.958639E-02,-3.4095764E-02,-1.2140579E+00
7.958967E-02,-3.3409119E-02,-1.2276382E+00
7.959294E-02,-3.4172058E-02,-1.2405319E+00
7.959622E-02,-3.3866882E-02,-1.2525864E+00
7.959950E-02,-3.3866882E-02,-1.2637253E+00
7.960277E-02,-3.3638000E-02,-1.2741013E+00
7.960605E-02,-3.4172058E-02,-1.2846298E+00
7.960933E-02,-3.3714294E-02,-1.2926407E+00
7.961260E-02,-3.4400940E-02,-1.3008804E+00
7.961588E-02,-3.3790588E-02,-1.3080521E+00
7.961916E-02,-3.3790588E-02,-1.3153000E+00
7.962244E-02,-3.4095764E-02,-1.3210983E+00
7.962571E-02,-3.4248352E-02,-1.3276596E+00
7.962899E-02,-3.3714294E-02,-1.3324661E+00
7.963227E-02,-3.3866882E-02,-1.3364334E+00
7.963554E-02,-3.4172058E-02,-1.3393326E+00
7.963882E-02,-3.4934998E-02,-1.3419266E+00
7.964210E-02,-3.4553528E-02,-1.3431473E+00
7.964537E-02,-3.4400940E-02,-1.3434525E+00
7.964865E-02,-3.4324646E-02,-1.3450546E+00
7.965193E-02,-3.4629822E-02,-1.3432999E+00
7.965520E-02,-3.4172058E-02,-1.3421555E+00
7.965848E-02,-3.4706116E-02,-1.3410873E+00
7.966176E-02,-3.4782410E-02,-1.3371201E+00
7.966503E-02,-3.4248352E-02,-1.3336868E+00
7.966831E-02,-3.4782410E-02,-1.3302536E+00
7.967159E-02,-3.4553528E-02,-1.3243790E+00
7.967486E-02,-3.4248352E-02,-1.3191910E+00
7.967814E-02,-3.4477234E-02,-1.3124008E+00
7.968142E-02,-3.4858704E-02,-1.3053818E+00
7.968469E-02,-3.3790588E-02,-1.2968369E+00
7.968797E-02,-3.4248352E-02,-1.2877579E+00
7.969125E-02,-3.5392761E-02,-1.2780685E+00
7.969452E-02,-3.4782410E-02,-1.2679977E+00
7.969780E-02,-3.4324646E-02,-1.2568588E+00
7.970108E-02,-3.4248352E-02,-1.2448807E+00
7.970436E-02,-3.4095764E-02,-1.2332077E+00
7.970763E-02,-3.4477234E-02,-1.2195511E+00
7.971091E-02,-3.3866882E-02,-1.2050552E+00
7.971419E-02,-3.4019470E-02,-1.1907120E+00
7.971746E-02,-3.3332825E-02,-1.1753769E+00
7.972074E-02,-3.4172058E-02,-1.1591263E+00
7.972402E-02,-3.3638000E-02,-1.1424942E+00
7.972729E-02,-3.3180237E-02,-1.1250992E+00
7.973057E-02,-3.3027649E-02,-1.1077042E+00
7.973385E-02,-3.3256531E-02,-1.0877914E+00
7.973712E-02,-3.3027649E-02,-1.0687943E+00
7.974040E-02,-3.2417297E-02,-1.0490341E+00
7.974368E-02,-3.2264709E-02,-1.0292740E+00
7.974695E-02,-3.2417297E-02,-1.0076065E+00
7.975023E-02,-3.1883240E-02,-9.8639679E-01
7.975351E-02,-3.1730652E-02,-9.6274567E-01
7.975678E-02,-3.2035828E-02,-9.3978119E-01
7.976006E-02,-3.2188416E-02,-9.1658783E-01
7.976334E-02,-3.2798767E-02,-8.9225006E-01
7.976661E-02,-3.2188416E-02,-8.6730194E-01
7.976989E-02,-3.1730652E-02,-8.4189606E-01
7.977317E-02,-3.1578064E-02,-8.1748199E-01
7.977644E-02,-3.1730652E-02,-7.9123688E-01
7.977972E-02,-3.1349182E-02,-7.6361847E-01
7.978300E-02,-3.0433655E-02,-7.3622894E-01
7.978628E-02,-3.0357361E-02,-7.0792389E-01
7.978955E-02,-3.0281067E-02,-6.8007660E-01
7.979283E-02,-3.0128479E-02,-6.5200043E-01
7.979611E-02,-2.9212952E-02,-6.2285614E-01
7.979938E-02,-2.9670715E-02,-5.9256744E-01
7.980266E-02,-2.8984070E-02,-5.6281281E-01
7.980594E-02,-2.8297424E-02,-5.3282928E-01
7.980921E-02,-2.7992249E-02,-5.0162506E-01
7.981249E-02,-2.7992249E-02,-4.7011566E-01
7.981577E-02,-2.7305603E-02,-4.3799591E-01
7.981904E-02,-2.7381897E-02,-4.0679169E-01
7.982232E-02,-2.6771545E-02,-3.7474823E-01
7.982560E-02,-2.7305603E-02,-3.4232330E-01
7.982887E-02,-2.6695251E-02,-3.1050873E-01
7.983215E-02,-2.6771545E-02,-2.7678680E-01
7.983543E-02,-2.6313782E-02,-2.4344635E-01
7.983870E-02,-2.5779724E-02,-2.0980072E-01
7.984198E-02,-2.6161194E-02,-1.7470551E-01
7.984526E-02,-2.5856018E-02,-1.4075470E-01
7.984853E-02,-2.5856018E-02,-1.0688019E-01
7.985181E-02,-2.5856018E-02,-7.2319031E-02
7.985509E-02,-2.5321960E-02,-3.7757874E-02
7.985836E-02,-2.5321960E-02,-2.2811890E-03
7.986164E-02,-2.5016785E-02,3.2585144E-02
7.986492E-02,-2.4787903E-02,6.8595886E-02
7.986820E-02,-2.5093079E-02,1.0391998E-01
7.987147E-02,-2.5703430E-02,1.4069366E-01
7.987475E-02,-2.4482727E-02,1.7685699E-01
7.987803E-02,-2.4787903E-02,2.1294403E-01
7.988130E-02,-2.4177551E-02,2.4864960E-01
7.988458E-02,-2.5321960E-02,2.8542328E-01
7.988786E-02,-2.4177551E-02,3.2044220E-01
7.989113E-02,-2.5093079E-02,3.5599518E-01
7.989441E-02,-2.5245667E-02,3.9162445E-01
7.989769E-02,-2.4635315E-02,4.2870331E-01
7.990096E-02,-2.5321960E-02,4.6318817E-01
7.990424E-02,-2.6313782E-02,4.9843597E-01
7.990752E-02,-2.6161194E-02,5.3429413E-01
7.991079E-02,-2.6618958E-02,5.6946564E-01
7.991407E-02,-2.6847839E-02,6.0219574E-01
7.991735E-02,-2.6924133E-02,6.3713837E-01
7.992062E-02,-2.7153015E-02,6.7246246E-01
7.992390E-02,-2.7000427E-02,7.0748138E-01
7.992718E-02,-2.7915955E-02,7.4272919E-01
7.993045E-02,-2.8221130E-02,7.7812958E-01
7.993373E-02,-2.8450012E-02,8.1299591E-01
7.993701E-02,-2.9899597E-02,8.4809113E-01
7.994028E-02,-3.0128479E-02,8.8372040E-01
7.994356E-02,-2.9594421E-02,9.1728973E-01
7.994684E-02,-3.0815125E-02,9.5200348E-01
7.995012E-02,-3.1120300E-02,9.8595428E-01
7.995339E-02,-3.2035828E-02,1.0203629E+00
7.995667E-02,-3.2188416E-02,1.0541611E+00
7.995995E-02,-3.3561707E-02,1.0871964E+00
7.996322E-02,-3.4095764E-02,1.1209946E+00
7.996650E-02,-3.4400940E-02,1.1533432E+00
7.996978E-02,-3.5316467E-02,1.1846237E+00
7.997305E-02,-3.6155701E-02,1.2168198E+00
7.997633E-02,-3.7681580E-02,1.2490921E+00
7.997961E-02,-3.8215637E-02,1.2811356E+00
7.998288E-02,-3.9512634E-02,1.3122635E+00
7.998616E-02,-4.0733337E-02,1.3418655E+00
7.998944E-02,-4.1267395E-02,1.3736801E+00
7.999271E-02,-4.2106628E-02,1.4027481E+00
7.999599E-02,-4.2945862E-02,1.4321213E+00
7.999927E-02,-4.4242859E-02,1.4611893E+00
8.000254E-02,-4.6073914E-02,1.4896469E+00
8.000582E-02,-4.7294617E-02,1.5171127E+00
8.000910E-02,-4.9125671E-02,1.5443497E+00
8.001237E-02,-5.0498962E-02,1.5707474E+00
8.001565E-02,-5.1261902E-02,1.5982895E+00
8.001893E-02,-5.3016663E-02,1.6258316E+00
8.002220E-02,-5.4084778E-02,1.6516190E+00
8.002548E-02,-5.5992126E-02,1.6761093E+00
8.002876E-02,-5.7060242E-02,1.7007523E+00
8.003204E-02,-5.8509827E-02,1.7245560E+00
8.003531E-02,-6.0340881E-02,1.7488937E+00
8.003859E-02,-6.2019348E-02,1.7707138E+00
8.004187E-02,-6.3240051E-02,1.7924576E+00
8.004514E-02,-6.5071106E-02,1.8140488E+00
8.004842E-02,-6.7359924E-02,1.8349533E+00
8.005170E-02,-6.9267273E-02,1.8557816E+00
8.005497E-02,-7.1174622E-02,1.8751602E+00
8.005825E-02,-7.2929382E-02,1.8950729E+00
8.006153E-02,-7.4455261E-02,1.9146042E+00
8.006480E-02,-7.6057434E-02,1.9326096E+00
8.006808E-02,-7.8269958E-02,1.9500809E+00
8.007136E-02,-8.0558777E-02,1.9670181E+00
8.007463E-02,-8.2237244E-02,1.9833450E+00
8.007791E-02,-8.3839417E-02,1.9994431E+00
8.008119E-02,-8.5899353E-02,2.0148544E+00
8.008446E-02,-8.7348938E-02,2.0280533E+00
8.008774E-02,-8.9714050E-02,2.0420914E+00
8.009102E-02,-9.1697693E-02,2.0536880E+00
8.009429E-02,-9.4215393E-02,2.0656662E+00
8.009757E-02,-9.6504211E-02,2.0772629E+00
8.010085E-02,-9.9250793E-02,2.0878677E+00
8.010412E-02,-1.0054779E-01,2.0980148E+00
8.010740E-02,-1.0359955E-01,2.1073990E+00
8.011068E-02,-1.0527802E-01,2.1164780E+00
8.011396E-02,-1.0726166E-01,2.1241837E+00
8.011723E-02,-1.0878754E-01,2.1304398E+00
8.012051E-02,-1.1176300E-01,2.1360855E+00
8.012379E-02,-1.1336517E-01,2.1419601E+00
8.012706E-02,-1.1565399E-01,2.1466904E+00
8.013034E-02,-1.1809540E-01,2.1511917E+00
8.013362E-02,-1.1985016E-01,2.1546249E+00
8.013689E-02,-1.2252045E-01,2.1575241E+00
8.014017E-02,-1.2503815E-01,2.1595078E+00
8.014345E-02,-1.2656403E-01,2.1607285E+00
8.014672E-02,-1.2847137E-01,2.1605759E+00
8.015000E-02,-1.3121796E-01,2.1604996E+00
8.015328E-02,-1.3320160E-01,2.1593552E+00
8.015655E-02,-1.3526154E-01,2.1579819E+00
8.015983E-02,-1.3701630E-01,2.1547775E+00
8.016311E-02,-1.3899994E-01,2.1513443E+00
8.016638E-02,-1.4067841E-01,2.1479111E+00
8.016966E-02,-1.4334869E-01,2.1434860E+00
8.017294E-02,-1.4609528E-01,2.1382217E+00
8.017621E-02,-1.4754486E-01,2.1316605E+00
8.017949E-02,-1.4830780E-01,2.1258621E+00
8.018277E-02,-1.5059662E-01,2.1180038E+00
8.018604E-02,-1.5196991E-01,2.1103745E+00
8.018932E-02,-1.5364838E-01,2.1002274E+00
8.019260E-02,-1.5555573E-01,2.0911484E+00
8.019588E-02,-1.5677643E-01,2.0804672E+00
8.019915E-02,-1.5906525E-01,2.0690994E+00
8.020243E-02,-1.6059113E-01,2.0575790E+00
8.020571E-02,-1.6356659E-01,2.0448380E+00
8.020898E-02,-1.6463470E-01,2.0326309E+00
8.021226E-02,-1.6638947E-01,2.0179825E+00
8.021554E-02,-1.6776276E-01,2.0040970E+00
8.021881E-02,-1.6913605E-01,1.9880753E+00
8.022209E-02,-1.7081451E-01,1.9717484E+00
8.022537E-02,-1.7249298E-01,1.9546585E+00
8.022864E-02,-1.7409515E-01,1.9378738E+00
8.023192E-02,-1.7562103E-01,1.9204025E+00
8.023520E-02,-1.7623138E-01,1.9019394E+00
8.023847E-02,-1.7722321E-01,1.8817215E+00
8.024175E-02,-1.7928314E-01,1.8624954E+00
8.024503E-02,-1.8096161E-01,1.8424301E+00
8.024830E-02,-1.8164825E-01,1.8208389E+00
8.025158E-02,-1.8347931E-01,1.7988663E+00
8.025486E-02,-1.8378448E-01,1.7772751E+00
8.025813E-02,-1.8531036E-01,1.7543869E+00
8.026141E-02,-1.8584442E-01,1.7320328E+00
8.026469E-02,-1.8645477E-01,1.7078476E+00
8.026796E-02,-1.8737030E-01,1.6835098E+00
8.027124E-02,-1.8820953E-01,1.6584854E+00
8.027452E-02,-1.8897247E-01,1.6333084E+00
8.027780E-02,-1.9034576E-01,1.6069870E+00
8.028107E-02,-1.9034576E-01,1.5791397E+00
8.028435E-02,-1.9103241E-01,1.5526657E+00
8.028763E-02,-1.9171906E-01,1.5265732E+00
8.029090E-02,-1.9240570E-01,1.4992599E+00
8.029418E-02,-1.9248199E-01,1.4712601E+00
8.029746E-02,-1.9332123E-01,1.4421158E+00
8.030073E-02,-1.9492340E-01,1.4127426E+00
8.030401E-02,-1.9484711E-01,1.3832932E+00
8.030729E-02,-1.9507599E-01,1.3532333E+00
8.031056E-02,-1.9477081E-01,1.3233261E+00
8.031384E-02,-1.9499969E-01,1.2928085E+00
8.031712E-02,-1.9576263E-01,1.2619858E+00
8.032039E-02,-1.9568634E-01,1.2297134E+00
8.032367E-02,-1.9599152E-01,1.1970596E+00
8.032695E-02,-1.9637299E-01,1.1650925E+00
8.033022E-02,-1.9568634E-01,1.1336594E+00
8.033350E-02,-1.9622040E-01,1.1007004E+00
8.033678E-02,-1.9690704E-01,1.0674362E+00
8.034005E-02,-1.9683075E-01,1.0338669E+00
8.034333E-02,-1.9683075E-01,1.0001450E+00
8.034661E-02,-1.9652557E-01,9.6543121E-01
8.034988E-02,-1.9667816E-01,9.3079376E-01
8.035316E-02,-1.9644928E-01,8.9669037E-01
8.035644E-02,-1.9644928E-01,8.6228180E-01
8.035972E-02,-1.9690704E-01,8.2672882E-01
8.036299E-02,-1.9591522E-01,7.9155731E-01
8.036627E-02,-1.9561005E-01,7.5669098E-01
8.036955E-02,-1.9530487E-01,7.2090912E-01
8.037282E-02,-1.9522858E-01,6.8482208E-01
8.037610E-02,-1.9393158E-01,6.4987946E-01
8.037938E-02,-1.9446564E-01,6.1508942E-01
8.038265E-02,-1.9339752E-01,5.8190155E-01
8.038593E-02,-1.9332123E-01,5.4848480E-01
8.038921E-02,-1.9301605E-01,5.1308441E-01
8.039248E-02,-1.9232941E-01,4.7783661E-01
8.039576E-02,-1.9278717E-01,4.4083405E-01
8.039904E-02,-1.9187164E-01,4.0619659E-01
8.040231E-02,-1.9187164E-01,3.6904144E-01
8.040559E-02,-1.9065094E-01,3.3394623E-01
8.040887E-02,-1.9004059E-01,2.9816437E-01
8.041214E-02,-1.8950653E-01,2.6200104E-01
8.041542E-02,-1.9034576E-01,2.2629547E-01
8.041870E-02,-1.8874359E-01,1.9036102E-01
8.042197E-02,-1.8851471E-01,1.5442657E-01
8.042525E-02,-1.8691254E-01,1.1818695E-01
8.042853E-02,-1.8622589E-01,8.2557678E-02
8.043180E-02,-1.8576813E-01,4.7386169E-02
8.043508E-02,-1.8561554E-01,1.2062073E-02
8.043836E-02,-1.8538666E-01,-2.2270203E-02
8.044164E-02,-1.8531036E-01,-5.7060242E-02
8.044491E-02,-1.8386078E-01,-9.1697693E-02
8.044819E-02,-1.8370819E-01,-1.2664032E-01
8.045147E-02,-1.8317413E-01,-1.6127777E-01
8.045474E-02,-1.8325043E-01,-1.9652557E-01
8.045802E-02,-1.8286896E-01,-2.3055267E-01
8.046130E-02,-1.8256378E-01,-2.6450348E-01
8.046457E-02,-1.8225861E-01,-2.9799652E-01
8.046785E-02,-1.8080902E-01,-3.3026886E-01
8.047113E-02,-1.8058014E-01,-3.6345673E-01
8.047440E-02,-1.8012238E-01,-3.9527130E-01
8.047768E-02,-1.7935944E-01,-4.2784882E-01
8.048096E-02,-1.7935944E-01,-4.5836639E-01
8.048423E-02,-1.7905426E-01,-4.8880768E-01
8.048751E-02,-1.7890167E-01,-5.2039337E-01
8.049079E-02,-1.7821503E-01,-5.5052948E-01
8.049406E-02,-1.7783356E-01,-5.8104706E-01
8.049734E-02,-1.7737579E-01,-6.1095428E-01
8.050062E-02,-1.7684174E-01,-6.3956451E-01
8.050389E-02,-1.7668915E-01,-6.6931915E-01
8.050717E-02,-1.7630768E-01,-6.9670868E-01
8.051045E-02,-1.7577362E-01,-7.2447968E-01
8.051372E-02,-1.7508698E-01,-7.5240326E-01
8.051700E-02,-1.7493439E-01,-7.7925873E-01
8.052028E-02,-1.7508698E-01,-8.0596161E-01
8.052356E-02,-1.7447662E-01,-8.3243561E-01
8.052683E-02,-1.7432404E-01,-8.5738373E-01
8.053011E-02,-1.7394257E-01,-8.8347626E-01
8.053339E-02,-1.7363739E-01,-9.0834808E-01
8.053666E-02,-1.7371368E-01,-9.3077850E-01
8.053994E-02,-1.7333221E-01,-9.5359039E-01
8.054322E-02,-1.7333221E-01,-9.7609711E-01
8.054649E-02,-1.7340851E-01,-9.9898529E-01
8.054977E-02,-1.7157745E-01,-1.0211105E+00
8.055305E-02,-1.7142487E-01,-1.0415573E+00
8.055632E-02,-1.7203522E-01,-1.0617752E+00
8.055960E-02,-1.7195892E-01,-1.0811539E+00
8.056288E-02,-1.7180634E-01,-1.1004562E+00
8.056615E-02,-1.7127228E-01,-1.1193008E+00
8.056943E-02,-1.7127228E-01,-1.1362381E+00
8.057271E-02,-1.7119598E-01,-1.1536331E+00
8.057598E-02,-1.7028046E-01,-1.1688919E+00
8.057926E-02,-1.7096710E-01,-1.1845322E+00
8.058254E-02,-1.7035675E-01,-1.1993332E+00
8.058581E-02,-1.7005157E-01,-1.2140579E+00
8.058909E-02,-1.7035675E-01,-1.2267990E+00
8.059237E-02,-1.7005157E-01,-1.2401505E+00
8.059564E-02,-1.7050934E-01,-1.2517471E+00
8.059892E-02,-1.7012787E-01,-1.2631149E+00
8.060220E-02,-1.7028046E-01,-1.2732620E+00
8.060548E-02,-1.7028046E-01,-1.2840195E+00
8.060875E-02,-1.7035675E-01,-1.2926407E+00
8.061203E-02,-1.6898346E-01,-1.3014145E+00
8.061531E-02,-1.7020416E-01,-1.3098831E+00
8.061858E-02,-1.6997528E-01,-1.3164444E+00
8.062186E-02,-1.7043304E-01,-1.3225479E+00
8.062514E-02,-1.7073822E-01,-1.3278885E+00
8.062841E-02,-1.6974640E-01,-1.3336105E+00
8.063169E-02,-1.7043304E-01,-1.3368149E+00
8.063497E-02,-1.6982269E-01,-1.3402481E+00
8.063824E-02,-1.6989899E-01,-1.3432999E+00
8.064152E-02,-1.6989899E-01,-1.3447495E+00
8.064480E-02,-1.6989899E-01,-1.3461990E+00
8.064807E-02,-1.6936493E-01,-1.3461227E+00
8.065135E-02,-1.6951752E-01,-1.3451309E+00
8.065463E-02,-1.6989899E-01,-1.3434525E+00
8.065790E-02,-1.7005157E-01,-1.3417740E+00
8.066118E-02,-1.6997528E-01,-1.3384171E+00
8.066446E-02,-1.7028046E-01,-1.3348312E+00
8.066773E-02,-1.7012787E-01,-1.3302536E+00
8.067101E-02,-1.6997528E-01,-1.3253708E+00
8.067429E-02,-1.6921234E-01,-1.3198776E+00
8.067756E-02,-1.7020416E-01,-1.3130112E+00
8.068084E-02,-1.6997528E-01,-1.3051529E+00
8.068412E-02,-1.7005157E-01,-1.2969894E+00
8.068740E-02,-1.6989899E-01,-1.2892838E+00
8.069067E-02,-1.7035675E-01,-1.2802048E+00
8.069395E-02,-1.7028046E-01,-1.2699814E+00
8.069723E-02,-1.7028046E-01,-1.2583847E+00
8.070050E-02,-1.7081451E-01,-1.2468643E+00
8.070378E-02,-1.7058563E-01,-1.2341995E+00
8.070706E-02,-1.6967010E-01,-1.2212296E+00
8.071033E-02,-1.7028046E-01,-1.2079544E+00
8.071361E-02,-1.7066193E-01,-1.1930771E+00
8.071689E-02,-1.7012787E-01,-1.1780472E+00
8.072016E-02,-1.7020416E-01,-1.1626358E+00
8.072344E-02,-1.6967010E-01,-1.1467667E+00
8.072672E-02,-1.6944122E-01,-1.1295242E+00
8.072999E-02,-1.6967010E-01,-1.1116714E+00
8.073327E-02,-1.6967010E-01,-1.0921402E+00
8.073655E-02,-1.6913605E-01,-1.0719223E+00
8.073982E-02,-1.6944122E-01,-1.0525436E+00
8.074310E-02,-1.6921234E-01,-1.0319443E+00
8.074638E-02,-1.6921234E-01,-1.0114212E+00
8.074965E-02,-1.6951752E-01,-9.8921967E-01
8.075293E-02,-1.6898346E-01,-9.6717072E-01
8.075621E-02,-1.6936493E-01,-9.4443512E-01
8.075948E-02,-1.6860199E-01,-9.2154694E-01
8.076276E-02,-1.6913605E-01,-8.9820099E-01
8.076604E-02,-1.6875458E-01,-8.7279510E-01
8.076932E-02,-1.6829681E-01,-8.4746552E-01
8.077259E-02,-1.6883087E-01,-8.2175446E-01
8.077587E-02,-1.6791534E-01,-7.9581451E-01
8.077915E-02,-1.6761017E-01,-7.6842499E-01
8.078242E-02,-1.6822052E-01,-7.4088287E-01
8.078570E-02,-1.6928864E-01,-7.1326447E-01
8.078898E-02,-1.6883087E-01,-6.8526459E-01
8.079225E-02,-1.6806793E-01,-6.5711212E-01
8.079553E-02,-1.6867828E-01,-6.2789154E-01
8.079881E-02,-1.6814423E-01,-5.9867096E-01
8.080208E-02,-1.6967010E-01,-5.6884003E-01
8.080536E-02,-1.6905975E-01,-5.3885651E-01
8.080864E-02,-1.6860199E-01,-5.0833893E-01
8.081191E-02,-1.6936493E-01,-4.7675323E-01
8.081519E-02,-1.6951752E-01,-4.4532013E-01
8.081847E-02,-1.6967010E-01,-4.1464996E-01
8.082174E-02,-1.7020416E-01,-3.8222504E-01
8.082502E-02,-1.7005157E-01,-3.4972382E-01
8.082830E-02,-1.6974640E-01,-3.1684113E-01
8.083157E-02,-1.6967010E-01,-2.8395844E-01
8.083485E-02,-1.6944122E-01,-2.5023651E-01
8.083813E-02,-1.6982269E-01,-2.1712494E-01
8.084140E-02,-1.6959381E-01,-1.8325043E-01
8.084468E-02,-1.7005157E-01,-1.4838409E-01
8.084796E-02,-1.7043304E-01,-1.1389923E-01
8.085124E-02,-1.7089081E-01,-7.9719543E-02
8.085451E-02,-1.7127228E-01,-4.5692444E-02
8.085779E-02,-1.7188263E-01,-9.4528198E-03
8.086107E-02,-1.7180634E-01,2.5108337E-02
8.086434E-02,-1.7188263E-01,6.1424255E-02
8.086762E-02,-1.7249298E-01,9.6900940E-02
8.087090E-02,-1.7295074E-01,1.3352203E-01
8.087417E-02,-1.7371368E-01,1.6945648E-01
8.087745E-02,-1.7462921E-01,2.0508575E-01
8.088073E-02,-1.7478180E-01,2.4094391E-01
8.088400E-02,-1.7516327E-01,2.7672577E-01
8.088728E-02,-1.7600250E-01,3.1204987E-01
8.089056E-02,-1.7668915E-01,3.4783173E-01
8.089383E-02,-1.7646027E-01,3.8422394E-01
8.089711E-02,-1.7737579E-01,4.2137909E-01
8.090039E-02,-1.7745209E-01,4.5632172E-01
8.090366E-02,-1.7897797E-01,4.9187469E-01
8.090694E-02,-1.7974091E-01,5.2696991E-01
8.091022E-02,-1.8035126E-01,5.6275177E-01
8.091349E-02,-1.8210602E-01,5.9601593E-01
8.091677E-02,-1.8256378E-01,6.3134003E-01
8.092005E-02,-1.8347931E-01,6.6628265E-01
8.092332E-02,-1.8500519E-01,7.0076752E-01
8.092660E-02,-1.8546295E-01,7.3647308E-01
8.092988E-02,-1.8691254E-01,7.7210236E-01
8.093316E-02,-1.8859100E-01,8.0704498E-01
8.093643E-02,-1.8881989E-01,8.4145355E-01
8.093971E-02,-1.8988800E-01,8.7685394E-01
8.094299E-02,-1.9049835E-01,9.1194916E-01
8.094626E-02,-1.9156647E-01,9.4643402E-01
8.094954E-02,-1.9316864E-01,9.8122406E-01
8.095282E-02,-1.9408417E-01,1.0152512E+00
8.095609E-02,-1.9553375E-01,1.0488205E+00
8.095937E-02,-1.9690704E-01,1.0814743E+00
8.096265E-02,-1.9858551E-01,1.1148911E+00
8.096592E-02,-2.0003510E-01,1.1477737E+00
8.096920E-02,-2.0209503E-01,1.1798172E+00
8.097248E-02,-2.0354462E-01,1.2117081E+00
8.097575E-02,-2.0468903E-01,1.2446671E+00
8.097903E-02,-2.0583344E-01,1.2753372E+00
8.098231E-02,-2.0735931E-01,1.3059311E+00
8.098558E-02,-2.0972443E-01,1.3361435E+00
8.098886E-02,-2.1132660E-01,1.3673477E+00
8.099214E-02,-2.1262360E-01,1.3966446E+00
8.099541E-02,-2.1468353E-01,1.4257889E+00
8.099869E-02,-2.1620941E-01,1.4553909E+00
8.100197E-02,-2.1796417E-01,1.4839249E+00
8.100524E-02,-2.1987152E-01,1.5107040E+00
8.100852E-02,-2.2170258E-01,1.5380936E+00
8.101180E-02,-2.2391510E-01,1.5660172E+00
8.101508E-02,-2.2505951E-01,1.5933304E+00
8.101835E-02,-2.2673798E-01,1.6201096E+00
8.102163E-02,-2.2803497E-01,1.6467361E+00
8.102491E-02,-2.3040009E-01,1.6722183E+00
8.102818E-02,-2.3123932E-01,1.6968613E+00
8.103146E-02,-2.3352814E-01,1.7198257E+00
8.103474E-02,-2.3513031E-01,1.7435532E+00
8.103801E-02,-2.3726654E-01,1.7664413E+00
8.104129E-02,-2.3947906E-01,1.7880325E+00
8.104457E-02,-2.4085236E-01,1.8114548E+00
8.104784E-02,-2.4344635E-01,1.8320541E+00
8.105112E-02,-2.4489594E-01,1.8526535E+00
8.105440E-02,-2.4672699E-01,1.8728714E+00
8.105767E-02,-2.4855804E-01,1.8928604E+00
8.106095E-02,-2.5122833E-01,1.9116287E+00
8.106423E-02,-2.5298309E-01,1.9298630E+00
8.106750E-02,-2.5397491E-01,1.9466476E+00
8.107078E-02,-2.5557709E-01,1.9637375E+00
8.107406E-02,-2.5756073E-01,1.9806747E+00
8.107733E-02,-2.5984955E-01,1.9970016E+00
8.108061E-02,-2.6183319E-01,2.0113449E+00
8.108389E-02,-2.6389313E-01,2.0263748E+00
8.108716E-02,-2.6625824E-01,2.0394211E+00
8.109044E-02,-2.6732635E-01,2.0514755E+00
8.109372E-02,-2.6961517E-01,2.0633011E+00
8.109700E-02,-2.7220917E-01,2.0743637E+00
8.110027E-02,-2.7289581E-01,2.0849686E+00
8.110355E-02,-2.7510834E-01,2.0960312E+00
8.110683E-02,-2.7701569E-01,2.1055679E+00
8.111010E-02,-2.7808380E-01,2.1142654E+00
8.111338E-02,-2.8044891E-01,2.1220474E+00
8.111666E-02,-2.8227997E-01,2.1289139E+00
8.111993E-02,-2.8433990E-01,2.1357803E+00
8.112321E-02,-2.8563690E-01,2.1407394E+00
8.112649E-02,-2.8716278E-01,2.1459274E+00
8.112976E-02,-2.8845978E-01,2.1501236E+00
8.113304E-02,-2.9067230E-01,2.1537094E+00
8.113632E-02,-2.9181671E-01,2.1566086E+00
8.113959E-02,-2.9273224E-01,2.1586685E+00
8.114287E-02,-2.9357147E-01,2.1599655E+00
8.114615E-02,-2.9517365E-01,2.1608810E+00
8.114942E-02,-2.9677582E-01,2.1604996E+00
8.115270E-02,-2.9875946E-01,2.1603470E+00
8.115598E-02,-3.0043793E-01,2.1593552E+00
8.115925E-02,-3.0142975E-01,2.1566849E+00
8.116253E-02,-3.0242157E-01,2.1530228E+00
8.116581E-02,-3.0280304E-01,2.1490555E+00
8.116908E-02,-3.0448151E-01,2.1440964E+00
8.117236E-02,-3.0532074E-01,2.1390610E+00
8.117564E-02,-3.0646515E-01,2.1337967E+00
8.117892E-02,-3.0699921E-01,2.1269302E+00
8.118219E-02,-3.0753326E-01,2.1200638E+00
8.118547E-02,-3.0928802E-01,2.1114426E+00
8.118875E-02,-3.0974579E-01,2.1023636E+00
8.119202E-02,-3.1073761E-01,2.0922165E+00
8.119530E-02,-3.1096649E-01,2.0827560E+00
8.119858E-02,-3.1195831E-01,2.0713882E+00
8.120185E-02,-3.1348419E-01,2.0594864E+00
8.120513E-02,-3.1363678E-01,2.0475845E+00
8.120841E-02,-3.1432343E-01,2.0354538E+00
8.121168E-02,-3.1462860E-01,2.0208817E+00
8.121496E-02,-3.1501007E-01,2.0068436E+00
8.121824E-02,-3.1562042E-01,1.9912033E+00
8.122151E-02,-3.1577301E-01,1.9741135E+00
8.122479E-02,-3.1668854E-01,1.9577866E+00
8.122807E-02,-3.1607819E-01,1.9406204E+00
8.123134E-02,-3.1699371E-01,1.9229965E+00
8.123462E-02,-3.1745148E-01,1.9049149E+00
8.123790E-02,-3.1783295E-01,1.8859177E+00
8.124117E-02,-3.1768036E-01,1.8661575E+00
8.124445E-02,-3.1760406E-01,1.8444901E+00
8.124773E-02,-3.1752777E-01,1.8242722E+00
8.125100E-02,-3.1783295E-01,1.8025284E+00
8.125428E-02,-3.1699371E-01,1.7802505E+00
8.125756E-02,-3.1729889E-01,1.7584305E+00
8.126084E-02,-3.1699371E-01,1.7355423E+00
8.126411E-02,-3.1623077E-01,1.7110519E+00
8.126739E-02,-3.1516266E-01,1.6867905E+00
8.127067E-02,-3.1531525E-01,1.6619949E+00
8.127394E-02,-3.1516266E-01,1.6372757E+00
8.127722E-02,-3.1516266E-01,1.6112595E+00
8.128050E-02,-3.1401825E-01,1.5835648E+00
8.128377E-02,-3.1401825E-01,1.5556412E+00
8.128705E-02,-3.1302643E-01,1.5295486E+00
8.129033E-02,-3.1256866E-01,1.5026169E+00
8.129360E-02,-3.1150055E-01,1.4745407E+00
8.129688E-02,-3.1142426E-01,1.4455490E+00
8.130016E-02,-3.1081390E-01,1.4159470E+00
8.130343E-02,-3.1027985E-01,1.3872604E+00
8.130671E-02,-3.0966949E-01,1.3579636E+00
8.130999E-02,-3.0951691E-01,1.3280563E+00
8.131326E-02,-3.0837250E-01,1.2979202E+00
8.131654E-02,-3.0791473E-01,1.2667160E+00
8.131982E-02,-3.0631256E-01,1.2346725E+00
8.132309E-02,-3.0539703E-01,1.2024765E+00
8.132637E-02,-3.0509186E-01,1.1701279E+00
8.132965E-02,-3.0394745E-01,1.1382370E+00
8.133292E-02,-3.0303192E-01,1.1048965E+00
8.133620E-02,-3.0226898E-01,1.0715561E+00
8.133948E-02,-3.0142975E-01,1.0378342E+00
8.134276E-02,-3.0028534E-01,1.0041885E+00
8.134603E-02,-2.9944611E-01,9.7039032E-01
8.134931E-02,-2.9784393E-01,9.3628693E-01
8.135259E-02,-2.9715729E-01,9.0157318E-01
8.135586E-02,-2.9677582E-01,8.6678314E-01
8.135914E-02,-2.9509735E-01,8.3237457E-01
8.136242E-02,-2.9441071E-01,7.9712677E-01
8.136569E-02,-2.9433441E-01,7.6271820E-01
8.136897E-02,-2.9273224E-01,7.2655487E-01
8.137225E-02,-2.9143524E-01,6.9184113E-01
8.137552E-02,-2.9013824E-01,6.5666962E-01
8.137880E-02,-2.8960419E-01,6.2195587E-01
8.138208E-02,-2.8838348E-01,5.8762360E-01
8.138535E-02,-2.8708649E-01,5.5474091E-01
8.138863E-02,-2.8655243E-01,5.1941681E-01
8.139191E-02,-2.8586578E-01,4.8363495E-01
8.139518E-02,-2.8380585E-01,4.4716644E-01
8.139846E-02,-2.8327179E-01,4.1207123E-01
8.140174E-02,-2.8281403E-01,3.7583160E-01
8.140501E-02,-2.8205109E-01,3.4066010E-01
8.140829E-02,-2.8166962E-01,3.0457306E-01
8.141157E-02,-2.7983856E-01,2.6863861E-01
8.141484E-02,-2.7930450E-01,2.3194122E-01
8.141812E-02,-2.7831268E-01,1.9585419E-01
8.142140E-02,-2.7800751E-01,1.5953827E-01
8.142468E-02,-2.7739716E-01,1.2474823E-01
8.142795E-02,-2.7579498E-01,8.8356018E-02
8.143123E-02,-2.7541351E-01,5.3871155E-02
8.143451E-02,-2.7449799E-01,1.7631531E-02
8.143778E-02,-2.7327728E-01,-1.7311096E-02
8.144106E-02,-2.7266693E-01,-5.2177429E-02
8.144434E-02,-2.7167511E-01,-8.7196350E-02
8.144761E-02,-2.7114105E-01,-1.2213898E-01
8.145089E-02,-2.7045441E-01,-1.5586090E-01
8.145417E-02,-2.6976776E-01,-1.9057465E-01
8.145744E-02,-2.6915741E-01,-2.2505951E-01
8.146072E-02,-2.6953888E-01,-2.5901031E-01
8.146400E-02,-2.6915741E-01,-2.9235077E-01
8.146727E-02,-2.6877594E-01,-3.2508087E-01
8.147055E-02,-2.6747894E-01,-3.5811615E-01
8.147383E-02,-2.6694489E-01,-3.9031219E-01
8.147710E-02,-2.6610565E-01,-4.2273712E-01
8.148038E-02,-2.6580048E-01,-4.5348358E-01
8.148366E-02,-2.6564789E-01,-4.8415375E-01
8.148693E-02,-2.6457977E-01,-5.1566315E-01
8.149021E-02,-2.6396942E-01,-5.4610443E-01
8.149349E-02,-2.6320648E-01,-5.7692719E-01
8.149676E-02,-2.6297760E-01,-6.0691071E-01
8.150004E-02,-2.6282501E-01,-6.3559723E-01
8.150332E-02,-2.6251984E-01,-6.6443634E-01
8.150660E-02,-2.6229095E-01,-6.9342804E-01
8.150987E-02,-2.6183319E-01,-7.2135162E-01
8.151315E-02,-2.6137543E-01,-7.4889374E-01
8.151643E-02,-2.6122284E-01,-7.7574921E-01
8.151970E-02,-2.6129913E-01,-8.0268097E-01
8.152298E-02,-2.6114655E-01,-8.2907867E-01
8.152626E-02,-2.6038361E-01,-8.5433197E-01
8.152953E-02,-2.6007843E-01,-8.7973785E-01
8.153281E-02,-2.6007843E-01,-9.0361786E-01
8.153609E-02,-2.5916290E-01,-9.2749786E-01
8.153936E-02,-2.5969696E-01,-9.5160675E-01
8.154264E-02,-2.5839996E-01,-9.7357941E-01
8.154592E-02,-2.5946808E-01,-9.9539948E-01
8.154919E-02,-2.5756073E-01,-1.0175247E+00
8.155247E-02,-2.5717926E-01,-1.0375137E+00
8.155575E-02,-2.5733185E-01,-1.0578842E+00
8.155902E-02,-2.5717926E-01,-1.0766525E+00
8.156230E-02,-2.5763702E-01,-1.0962601E+00
8.156558E-02,-2.5679779E-01,-1.1157150E+00
8.156885E-02,-2.5641632E-01,-1.1321945E+00
8.157213E-02,-2.5748444E-01,-1.1497421E+00
8.157541E-02,-2.5733185E-01,-1.1650009E+00
8.157868E-02,-2.5641632E-01,-1.1799545E+00
8.158196E-02,-2.5649261E-01,-1.1955185E+00
8.158524E-02,-2.5634003E-01,-1.2104721E+00
8.158852E-02,-2.5626373E-01,-1.2245865E+00
8.159179E-02,-2.5649261E-01,-1.2375565E+00
8.159507E-02,-2.5702667E-01,-1.2493820E+00
8.159835E-02,-2.5687408E-01,-1.2611313E+00
8.160162E-02,-2.5695038E-01,-1.2721939E+00
8.160490E-02,-2.5641632E-01,-1.2821121E+00
8.160818E-02,-2.5626373E-01,-1.2915726E+00
8.161145E-02,-2.5672150E-01,-1.3001938E+00
8.161473E-02,-2.5664520E-01,-1.3082047E+00
8.161801E-02,-2.5702667E-01,-1.3149948E+00
8.162128E-02,-2.5641632E-01,-1.3212509E+00
8.162456E-02,-2.5641632E-01,-1.3263626E+00
8.162784E-02,-2.5672150E-01,-1.3315506E+00
8.163111E-02,-2.5603485E-01,-1.3360519E+00
8.163439E-02,-2.5626373E-01,-1.3387985E+00
8.163767E-02,-2.5572968E-01,-1.3420792E+00
8.164094E-02,-2.5595856E-01,-1.3429184E+00
8.164422E-02,-2.5542450E-01,-1.3444443E+00
8.164750E-02,-2.5618744E-01,-1.3446732E+00
8.165077E-02,-2.5588226E-01,-1.3447495E+00
8.165405E-02,-2.5611115E-01,-1.3436813E+00
8.165733E-02,-2.5603485E-01,-1.3420029E+00
8.166060E-02,-2.5580597E-01,-1.3396378E+00
8.166388E-02,-2.5542450E-01,-1.3353653E+00
8.166716E-02,-2.5626373E-01,-1.3310928E+00
8.167044E-02,-2.5550079E-01,-1.3256760E+00
8.167371E-02,-2.5603485E-01,-1.3206406E+00
8.167699E-02,-2.5572968E-01,-1.3147659E+00
8.168027E-02,-2.5519562E-01,-1.3075943E+00
8.168354E-02,-2.5557709E-01,-1.2997360E+00
8.168682E-02,-2.5672150E-01,-1.2902756E+00
8.169010E-02,-2.5649261E-01,-1.2810440E+00
8.169337E-02,-2.5672150E-01,-1.2715073E+00
8.169665E-02,-2.5611115E-01,-1.2609787E+00
8.169993E-02,-2.5603485E-01,-1.2496872E+00
8.170320E-02,-2.5580597E-01,-1.2369461E+00
8.170648E-02,-2.5595856E-01,-1.2242813E+00
8.170976E-02,-2.5611115E-01,-1.2100906E+00
8.171303E-02,-2.5603485E-01,-1.1959000E+00
8.171631E-02,-2.5649261E-01,-1.1804123E+00
8.171959E-02,-2.5634003E-01,-1.1653824E+00
8.172286E-02,-2.5572968E-01,-1.1490555E+00
8.172614E-02,-2.5580597E-01,-1.1318893E+00
8.172942E-02,-2.5603485E-01,-1.1136551E+00
8.173269E-02,-2.5580597E-01,-1.0951920E+00
8.173597E-02,-2.5534821E-01,-1.0754318E+00
8.173925E-02,-2.5595856E-01,-1.0557480E+00
8.174252E-02,-2.5603485E-01,-1.0363693E+00
8.174580E-02,-2.5550079E-01,-1.0159988E+00
8.174908E-02,-2.5588226E-01,-9.9417877E-01
8.175236E-02,-2.5572968E-01,-9.7174835E-01
8.175563E-02,-2.5656891E-01,-9.4886017E-01
8.175891E-02,-2.5618744E-01,-9.2566681E-01
8.176219E-02,-2.5649261E-01,-9.0155792E-01
8.176546E-02,-2.5626373E-01,-8.7645721E-01
8.176874E-02,-2.5664520E-01,-8.5112762E-01
8.177202E-02,-2.5695038E-01,-8.2740021E-01
8.177529E-02,-2.5771332E-01,-8.0023956E-01
8.177857E-02,-2.5672150E-01,-7.7445221E-01
8.178185E-02,-2.5710297E-01,-7.4599457E-01
8.178512E-02,-2.5763702E-01,-7.1891022E-01
8.178840E-02,-2.5725555E-01,-6.9052887E-01
8.179168E-02,-2.5717926E-01,-6.6245270E-01
8.179495E-02,-2.5832367E-01,-6.3399506E-01
8.179823E-02,-2.5931549E-01,-6.0431671E-01
8.180151E-02,-2.5939178E-01,-5.7395172E-01
8.180478E-02,-2.5908661E-01,-5.4434967E-01
8.180806E-02,-2.6091766E-01,-5.1352692E-01
8.181134E-02,-2.6007843E-01,-4.8255157E-01
8.181461E-02,-2.6076508E-01,-4.5119476E-01
8.181789E-02,-2.6076508E-01,-4.2014313E-01
8.182117E-02,-2.6145172E-01,-3.8825226E-01
8.182444E-02,-2.6183319E-01,-3.5468292E-01
8.182772E-02,-2.6282501E-01,-3.2202911E-01
8.183100E-02,-2.6313019E-01,-2.8990936E-01
8.183428E-02,-2.6305389E-01,-2.5649261E-01
8.183755E-02,-2.6412201E-01,-2.2246552E-01
8.184083E-02,-2.6427460E-01,-1.8889618E-01
8.184411E-02,-2.6457977E-01,-1.5425873E-01
8.184738E-02,-2.6549530E-01,-1.2030792E-01
8.185066E-02,-2.6618195E-01,-8.6128235E-02
8.185394E-02,-2.6694489E-01,-5.2024841E-02
8.185721E-02,-2.6808929E-01,-1.6242981E-02
8.186049E-02,-2.6831818E-01,1.9309998E-02
8.186377E-02,-2.6892853E-01,5.4557800E-02
8.186704E-02,-2.6969147E-01,9.0415955E-02
8.187032E-02,-2.6999664E-01,1.2703705E-01
8.187360E-02,-2.7198029E-01,1.6297150E-01
8.187687E-02,-2.7220917E-01,1.9837189E-01
8.188015E-02,-2.7236176E-01,2.3361969E-01
8.188343E-02,-2.7358246E-01,2.7100372E-01
8.188670E-02,-2.7434540E-01,3.0625153E-01
8.188998E-02,-2.7571869E-01,3.4249115E-01
8.189326E-02,-2.7686310E-01,3.7789154E-01
8.189653E-02,-2.7762604E-01,4.1436005E-01
8.189981E-02,-2.7793121E-01,4.5075226E-01
8.190309E-02,-2.7869415E-01,4.8538971E-01
8.190636E-02,-2.8037262E-01,5.2147675E-01
8.190964E-02,-2.8159332E-01,5.5657196E-01
8.191292E-02,-2.8281403E-01,5.8960724E-01
8.191620E-02,-2.8380585E-01,6.2470245E-01
8.191947E-02,-2.8556061E-01,6.6033173E-01
8.192275E-02,-2.8678131E-01,6.9519806E-01
8.192603E-02,-2.8838348E-01,7.3067474E-01
8.192930E-02,-2.8960419E-01,7.6584625E-01
8.193258E-02,-2.9059601E-01,8.0002594E-01
8.193586E-02,-2.9273224E-01,8.3519745E-01
8.193913E-02,-2.9418182E-01,8.7090302E-01
8.194241E-02,-2.9517365E-01,9.0554047E-01
8.194569E-02,-2.9593658E-01,9.4002533E-01
8.194896E-02,-2.9761505E-01,9.7389984E-01
8.195224E-02,-2.9952240E-01,1.0074692E+00
8.195552E-02,-3.0089569E-01,1.0423355E+00
8.195879E-02,-3.0219269E-01,1.0749130E+00
8.196207E-02,-3.0341339E-01,1.1078720E+00
8.196535E-02,-3.0463409E-01,1.1407547E+00
8.196862E-02,-3.0677032E-01,1.1732559E+00
8.197190E-02,-3.0821991E-01,1.2050705E+00
8.197518E-02,-3.0913544E-01,1.2373428E+00
8.197845E-02,-3.1058502E-01,1.2688522E+00
8.198173E-02,-3.1249237E-01,1.3011246E+00
8.198501E-02,-3.1439972E-01,1.3308792E+00
8.198828E-02,-3.1546783E-01,1.3612442E+00
8.199156E-02,-3.1729889E-01,1.3912277E+00
8.199484E-02,-3.1867218E-01,1.4213638E+00
8.199812E-02,-3.2035065E-01,1.4497452E+00
8.200139E-02,-3.2195282E-01,1.4782028E+00
8.200467E-02,-3.2332611E-01,1.5053635E+00
8.200795E-02,-3.2485199E-01,1.5330582E+00
8.201122E-02,-3.2592010E-01,1.5602951E+00
8.201450E-02,-3.2775116E-01,1.5866928E+00
8.201778E-02,-3.2859039E-01,1.6139297E+00
8.202105E-02,-3.3087921E-01,1.6399460E+00
8.202433E-02,-3.3133698E-01,1.6658096E+00
8.202761E-02,-3.3255768E-01,1.6908340E+00
8.203088E-02,-3.3469391E-01,1.7137222E+00
8.203416E-02,-3.3629608E-01,1.7379074E+00
8.203744E-02,-3.3744049E-01,1.7613297E+00
8.204071E-02,-3.3873749E-01,1.7826157E+00
8.204399E-02,-3.3972931E-01,1.8054276E+00
8.204727E-02,-3.4041595E-01,1.8266373E+00
8.205054E-02,-3.4239960E-01,1.8468552E+00
8.205382E-02,-3.4316254E-01,1.8678360E+00
8.205710E-02,-3.4484100E-01,1.8882828E+00
8.206037E-02,-3.4598541E-01,1.9065170E+00
8.206365E-02,-3.4789276E-01,1.9257431E+00
8.206693E-02,-3.4835052E-01,1.9424515E+00
8.207020E-02,-3.4896088E-01,1.9591599E+00
8.207348E-02,-3.5132599E-01,1.9761734E+00
8.207676E-02,-3.5216522E-01,1.9924240E+00
8.208004E-02,-3.5254669E-01,2.0081406E+00
8.208331E-02,-3.5323334E-01,2.0228653E+00
8.208659E-02,-3.5422516E-01,2.0358353E+00
8.208987E-02,-3.5514069E-01,2.0492630E+00
8.209314E-02,-3.5674286E-01,2.0605545E+00
8.209642E-02,-3.5605621E-01,2.0716934E+00
8.209970E-02,-3.5712433E-01,2.0830612E+00
8.210297E-02,-3.5819244E-01,2.0933609E+00
8.210625E-02,-3.5872650E-01,2.1041183E+00
8.210953E-02,-3.5964203E-01,2.1133499E+00
8.211280E-02,-3.5948944E-01,2.1209030E+00
8.211608E-02,-3.6009979E-01,2.1273117E+00
8.211936E-02,-3.6109161E-01,2.1341782E+00
8.212263E-02,-3.6101532E-01,2.1396713E+00
8.212591E-02,-3.6132050E-01,2.1454697E+00
8.212919E-02,-3.6261749E-01,2.1495132E+00
8.213246E-02,-3.6292267E-01,2.1530228E+00
8.213574E-02,-3.6307526E-01,2.1563034E+00
8.213902E-02,-3.6315155E-01,2.1578293E+00
8.214229E-02,-3.6368561E-01,2.1596603E+00
8.214557E-02,-3.6360931E-01,2.1612625E+00
8.214885E-02,-3.6383820E-01,2.1611099E+00
8.215212E-02,-3.6345673E-01,2.1608047E+00
8.215540E-02,-3.6368561E-01,2.1598129E+00
8.215868E-02,-3.6277008E-01,2.1572189E+00
8.216196E-02,-3.6307526E-01,2.1541672E+00
8.216523E-02,-3.6277008E-01,2.1496658E+00
8.216851E-02,-3.6284637E-01,2.1458511E+00
8.217179E-02,-3.6322784E-01,2.1399002E+00
8.217506E-02,-3.6284637E-01,2.1346359E+00
8.217834E-02,-3.6246490E-01,2.1285324E+00
8.218162E-02,-3.6215973E-01,2.1215897E+00
8.218489E-02,-3.6162567E-01,2.1125870E+00
8.218817E-02,-3.6109161E-01,2.1038132E+00
8.219145E-02,-3.6116791E-01,2.0944290E+00
8.219472E-02,-3.6086273E-01,2.0840530E+00
8.219800E-02,-3.6002350E-01,2.0724564E+00
8.220128E-02,-3.5964203E-01,2.0613174E+00
8.220455E-02,-3.5910797E-01,2.0497208E+00
8.220783E-02,-3.5819244E-01,2.0371323E+00
8.221111E-02,-3.5704803E-01,2.0226364E+00
8.221438E-02,-3.5620880E-01,2.0090561E+00
8.221766E-02,-3.5529327E-01,1.9944839E+00
8.222094E-02,-3.5437775E-01,1.9776230E+00
8.222421E-02,-3.5308075E-01,1.9600754E+00
8.222749E-02,-3.5315704E-01,1.9435959E+00
8.223077E-02,-3.5178375E-01,1.9262772E+00
8.223404E-02,-3.5094452E-01,1.9081955E+00
8.223732E-02,-3.4980011E-01,1.8891220E+00
8.224060E-02,-3.4758759E-01,1.8689041E+00
8.224388E-02,-3.4735870E-01,1.8492203E+00
8.224715E-02,-3.4621429E-01,1.8288498E+00
8.225043E-02,-3.4476471E-01,1.8067245E+00
8.225371E-02,-3.4407806E-01,1.7848282E+00
8.225698E-02,-3.4270477E-01,1.7635422E+00
8.226026E-02,-3.4171295E-01,1.7398148E+00
8.226354E-02,-3.4026337E-01,1.7157059E+00
8.226681E-02,-3.3896637E-01,1.6924362E+00
8.227009E-02,-3.3728790E-01,1.6676407E+00
8.227337E-02,-3.3568573E-01,1.6415482E+00
8.227664E-02,-3.3446503E-01,1.6162949E+00
8.227992E-02,-3.3324432E-01,1.5888290E+00
8.228320E-02,-3.3286285E-01,1.5618973E+00
8.228647E-02,-3.3080292E-01,1.5351944E+00
8.228975E-02,-3.2851410E-01,1.5085678E+00
8.229303E-02,-3.2798004E-01,1.4802628E+00
8.229630E-02,-3.2622528E-01,1.4514999E+00
8.229958E-02,-3.2546234E-01,1.4222794E+00
8.230286E-02,-3.2378387E-01,1.3921432E+00
8.230613E-02,-3.2279205E-01,1.3632278E+00
8.230941E-02,-3.2080841E-01,1.3314896E+00
8.231269E-02,-3.1958771E-01,1.3024216E+00
8.231596E-02,-3.1775665E-01,1.2710648E+00
8.231924E-02,-3.1539154E-01,1.2396317E+00
8.232252E-02,-3.1523895E-01,1.2078934E+00
8.232580E-02,-3.1409454E-01,1.1753922E+00
8.232907E-02,-3.1249237E-01,1.1428146E+00
8.233235E-02,-3.1058502E-01,1.1108475E+00
8.233563E-02,-3.0860138E-01,1.0774307E+00
8.233890E-02,-3.0783844E-01,1.0443192E+00
8.234218E-02,-3.0585480E-01,1.0096817E+00
8.234546E-02,-3.0432892E-01,9.7649384E-01
8.234873E-02,-3.0326080E-01,9.4200897E-01
8.235201E-02,-3.0226898E-01,9.0752411E-01
8.235529E-02,-3.0112457E-01,8.7380219E-01
8.235856E-02,-2.9860687E-01,8.3962250E-01
8.236184E-02,-2.9730988E-01,8.0361176E-01
8.236512E-02,-2.9654694E-01,7.6912689E-01
8.236839E-02,-2.9540253E-01,7.3380280E-01
8.237167E-02,-2.9402924E-01,6.9832611E-01
8.237495E-02,-2.9265594E-01,6.6307831E-01
8.237822E-02,-2.9128265E-01,6.2737274E-01
8.238150E-02,-2.8975677E-01,5.9349823E-01
8.238478E-02,-2.8861237E-01,5.6015778E-01
8.238805E-02,-2.8746796E-01,5.2414703E-01
8.239133E-02,-2.8693390E-01,4.8928070E-01
8.239461E-02,-2.8617096E-01,4.5311737E-01
8.239788E-02,-2.8479767E-01,4.1779327E-01
8.240116E-02,-2.8319550E-01,3.8109589E-01
8.240444E-02,-2.8220367E-01,3.4607697E-01
8.240772E-02,-2.8090668E-01,3.1075287E-01
8.241099E-02,-2.8022003E-01,2.7405548E-01
8.241427E-02,-2.7915192E-01,2.3789215E-01
8.241755E-02,-2.7831268E-01,2.0218658E-01
8.242082E-02,-2.7823639E-01,1.6609955E-01
8.242410E-02,-2.7709198E-01,1.3054657E-01
8.242738E-02,-2.7602386E-01,9.5069885E-02
8.243065E-02,-2.7487946E-01,5.8677673E-02
8.243393E-02,-2.7396393E-01,2.3200989E-02
8.243721E-02,-2.7274323E-01,-1.1665344E-02
8.244048E-02,-2.7228546E-01,-4.6913147E-02
8.244376E-02,-2.7152252E-01,-8.1779480E-02
8.244704E-02,-2.7091217E-01,-1.1573029E-01
8.245031E-02,-2.7007294E-01,-1.5067291E-01
8.245359E-02,-2.6885223E-01,-1.8485260E-01
8.245687E-02,-2.6793671E-01,-2.2002411E-01
8.246014E-02,-2.6793671E-01,-2.5344086E-01
8.246342E-02,-2.6702118E-01,-2.8632355E-01
8.246670E-02,-2.6656342E-01,-3.1874847E-01
8.246997E-02,-2.6618195E-01,-3.5132599E-01
8.247325E-02,-2.6587677E-01,-3.8413239E-01
8.247653E-02,-2.6526642E-01,-4.1625214E-01
8.247980E-02,-2.6511383E-01,-4.4776154E-01
8.248308E-02,-2.6496124E-01,-4.7881317E-01
8.248636E-02,-2.6457977E-01,-5.1016998E-01
8.248964E-02,-2.6435089E-01,-5.4099274E-01
8.249291E-02,-2.6358795E-01,-5.7105255E-01
8.249619E-02,-2.6358795E-01,-6.0164642E-01
8.249947E-02,-2.6290131E-01,-6.3094330E-01
8.250274E-02,-2.6335907E-01,-6.5940094E-01
8.250602E-02,-2.6313019E-01,-6.8824005E-01
8.250930E-02,-2.6221466E-01,-7.1585846E-01
8.251257E-02,-2.6175690E-01,-7.4385834E-01
8.251585E-02,-2.6183319E-01,-7.7017975E-01
8.251913E-02,-2.6198578E-01,-7.9825592E-01
8.252240E-02,-2.6282501E-01,-8.2381439E-01
8.252568E-02,-2.6206207E-01,-8.4998322E-01
8.252896E-02,-2.6145172E-01,-8.7470245E-01
8.253223E-02,-2.6183319E-01,-9.0041351E-01
8.253551E-02,-2.6152802E-01,-9.2353058E-01
8.253879E-02,-2.6160431E-01,-9.4763947E-01
8.254206E-02,-2.6122284E-01,-9.6984100E-01
8.254534E-02,-2.6183319E-01,-9.9196625E-01
8.254862E-02,-2.6152802E-01,-1.0139389E+00
8.255189E-02,-2.6160431E-01,-1.0353012E+00
8.255517E-02,-2.6198578E-01,-1.0549088E+00
8.255845E-02,-2.6107025E-01,-1.0747452E+00
8.256172E-02,-2.6084137E-01,-1.0949631E+00
8.256500E-02,-2.6114655E-01,-1.1135025E+00
8.256828E-02,-2.6030731E-01,-1.1318130E+00
8.257156E-02,-2.6122284E-01,-1.1476059E+00
8.257483E-02,-2.6045990E-01,-1.1631699E+00
8.257811E-02,-2.6030731E-01,-1.1791153E+00
8.258139E-02,-2.6045990E-01,-1.1941452E+00
8.258466E-02,-2.6023102E-01,-1.2084122E+00
8.258794E-02,-2.6000214E-01,-1.2220688E+00
8.259122E-02,-2.6038361E-01,-1.2355728E+00
8.259449E-02,-2.6068878E-01,-1.2479324E+00
8.259777E-02,-2.6023102E-01,-1.2590714E+00
8.260105E-02,-2.5984955E-01,-1.2700577E+00
8.260432E-02,-2.6007843E-01,-1.2807388E+00
8.260760E-02,-2.5992584E-01,-1.2899704E+00
8.261088E-02,-2.6045990E-01,-1.2979050E+00
8.261415E-02,-2.6015472E-01,-1.3069077E+00
8.261743E-02,-2.6045990E-01,-1.3147659E+00
8.262071E-02,-2.6000214E-01,-1.3206406E+00
8.262398E-02,-2.5969696E-01,-1.3265915E+00
8.262726E-02,-2.6030731E-01,-1.3315506E+00
8.263054E-02,-2.6030731E-01,-1.3361282E+00
8.263381E-02,-2.6015472E-01,-1.3400192E+00
8.263709E-02,-2.6030731E-01,-1.3420029E+00
8.264037E-02,-2.6053619E-01,-1.3447495E+00
8.264364E-02,-2.5984955E-01,-1.3460464E+00
8.264692E-02,-2.6030731E-01,-1.3457413E+00
8.265020E-02,-2.6091766E-01,-1.3451309E+00
8.265348E-02,-2.6007843E-01,-1.3451309E+00
8.265675E-02,-2.6015472E-01,-1.3425369E+00
8.266003E-02,-2.6038361E-01,-1.3407822E+00
8.266331E-02,-2.5939178E-01,-1.3365097E+00
8.266658E-02,-2.5946808E-01,-1.3330002E+00
8.266986E-02,-2.5962067E-01,-1.3272781E+00
8.267314E-02,-2.5939178E-01,-1.3228531E+00
8.267641E-02,-2.5908661E-01,-1.3166733E+00
8.267969E-02,-2.5962067E-01,-1.3098068E+00
8.268297E-02,-2.5969696E-01,-1.3025589E+00
8.268624E-02,-2.6007843E-01,-1.2937851E+00
8.268952E-02,-2.6045990E-01,-1.2844009E+00
8.269280E-02,-2.5969696E-01,-1.2742538E+00
8.269607E-02,-2.5954437E-01,-1.2632675E+00
8.269935E-02,-2.5969696E-01,-1.2525864E+00
8.270263E-02,-2.5977325E-01,-1.2404556E+00
8.270590E-02,-2.5923920E-01,-1.2280197E+00
8.270918E-02,-2.5977325E-01,-1.2136765E+00
8.271246E-02,-2.6068878E-01,-1.1993332E+00
8.271573E-02,-2.5939178E-01,-1.1846085E+00
8.271901E-02,-2.5946808E-01,-1.1682816E+00
8.272229E-02,-2.5977325E-01,-1.1530991E+00
8.272556E-02,-2.5984955E-01,-1.1353989E+00
8.272884E-02,-2.5992584E-01,-1.1188431E+00
8.273212E-02,-2.5992584E-01,-1.0997696E+00
8.273540E-02,-2.5969696E-01,-1.0793228E+00
8.273867E-02,-2.5939178E-01,-1.0598679E+00
8.274195E-02,-2.5939178E-01,-1.0403366E+00
8.274523E-02,-2.5962067E-01,-1.0196609E+00
8.274850E-02,-2.6084137E-01,-9.9753571E-01
8.275178E-02,-2.6091766E-01,-9.7686005E-01
8.275506E-02,-2.6030731E-01,-9.5320892E-01
8.275833E-02,-2.6061249E-01,-9.3024445E-01
8.276161E-02,-2.6137543E-01,-9.0697479E-01
8.276489E-02,-2.6137543E-01,-8.8195038E-01
8.276816E-02,-2.6099396E-01,-8.5639191E-01
8.277144E-02,-2.6168060E-01,-8.3144379E-01
8.277472E-02,-2.6137543E-01,-8.0481720E-01
8.277799E-02,-2.6213837E-01,-7.7834320E-01
8.278127E-02,-2.6282501E-01,-7.5102997E-01
8.278455E-02,-2.6313019E-01,-7.2470856E-01
8.278782E-02,-2.6251984E-01,-6.9701385E-01
8.279110E-02,-2.6389313E-01,-6.6847992E-01
8.279438E-02,-2.6419830E-01,-6.3933563E-01
8.279765E-02,-2.6480865E-01,-6.1064911E-01
8.280093E-02,-2.6526642E-01,-5.8005524E-01
8.280421E-02,-2.6549530E-01,-5.4953766E-01
8.280748E-02,-2.6580048E-01,-5.1863861E-01
8.281076E-02,-2.6587677E-01,-4.8728180E-01
8.281404E-02,-2.6671600E-01,-4.5653534E-01
8.281732E-02,-2.6747894E-01,-4.2487335E-01
8.282059E-02,-2.6770782E-01,-3.9221954E-01
8.282387E-02,-2.6755524E-01,-3.6017609E-01
8.282715E-02,-2.6847076E-01,-3.2752228E-01
8.283042E-02,-2.6786041E-01,-2.9555511E-01
8.283370E-02,-2.6877594E-01,-2.6183319E-01
8.283698E-02,-2.6938629E-01,-2.2803497E-01
8.284025E-02,-2.7030182E-01,-1.9454193E-01
8.284353E-02,-2.7075958E-01,-1.5952301E-01
8.284681E-02,-2.7106476E-01,-1.2511444E-01
8.285008E-02,-2.7175140E-01,-9.1087341E-02
8.285336E-02,-2.7251434E-01,-5.6068420E-02
8.285664E-02,-2.7365875E-01,-2.0515442E-02
8.285991E-02,-2.7449799E-01,1.4884949E-02
8.286319E-02,-2.7602386E-01,4.9674988E-02
8.286647E-02,-2.7594757E-01,8.5533142E-02
8.286974E-02,-2.7709198E-01,1.2093353E-01
8.287302E-02,-2.7808380E-01,1.5702057E-01
8.287630E-02,-2.7907562E-01,1.9341278E-01
8.287957E-02,-2.7983856E-01,2.2911835E-01
8.288285E-02,-2.8060150E-01,2.6467133E-01
8.288613E-02,-2.8227997E-01,3.0113983E-01
8.288940E-02,-2.8319550E-01,3.3669281E-01
8.289268E-02,-2.8365326E-01,3.7216949E-01
8.289596E-02,-2.8502655E-01,4.0879059E-01
8.289924E-02,-2.8586578E-01,4.4525909E-01
8.290251E-02,-2.8723907E-01,4.8012543E-01
8.290579E-02,-2.8723907E-01,5.1537323E-01
8.290907E-02,-2.8830719E-01,5.5153656E-01
8.291234E-02,-2.8937531E-01,5.8533478E-01
8.291562E-02,-2.9044342E-01,6.1913300E-01
8.291890E-02,-2.9189301E-01,6.5499115E-01
8.292217E-02,-2.9250336E-01,6.8978119E-01
8.292545E-02,-2.9357147E-01,7.2533417E-01
8.292873E-02,-2.9578400E-01,7.6012421E-01
8.293200E-02,-2.9662323E-01,7.9476166E-01
8.293528E-02,-2.9792023E-01,8.2970428E-01
8.293856E-02,-2.9837799E-01,8.6479950E-01
8.294183E-02,-2.9944611E-01,8.9875031E-01
8.294511E-02,-2.9998016E-01,9.3338776E-01
8.294839E-02,-3.0242157E-01,9.6749115E-01
8.295166E-02,-3.0318451E-01,1.0008316E+00
8.295494E-02,-3.0387115E-01,1.0345535E+00
8.295822E-02,-3.0509186E-01,1.0688858E+00
8.296149E-02,-3.0577850E-01,1.1022263E+00
8.296477E-02,-3.0654144E-01,1.1357193E+00
8.296805E-02,-3.0753326E-01,1.1676865E+00
8.297132E-02,-3.0890656E-01,1.1998825E+00
8.297460E-02,-3.1005096E-01,1.2316208E+00
8.297788E-02,-3.1058502E-01,1.2641983E+00
8.298116E-02,-3.1188202E-01,1.2954025E+00
8.298443E-02,-3.1310272E-01,1.3255386E+00
8.298771E-02,-3.1310272E-01,1.3553696E+00
8.299099E-02,-3.1432343E-01,1.3853531E+00
8.299426E-02,-3.1462860E-01,1.4149551E+00
8.299754E-02,-3.1485748E-01,1.4441757E+00
8.300082E-02,-3.1623077E-01,1.4724808E+00
8.300409E-02,-3.1714630E-01,1.5007858E+00
8.300737E-02,-3.1798553E-01,1.5279465E+00
8.301065E-02,-3.1836700E-01,1.5556412E+00
8.301392E-02,-3.1821442E-01,1.5824966E+00
8.301720E-02,-3.1974030E-01,1.6095047E+00
8.302048E-02,-3.2057953E-01,1.6356735E+00
8.302375E-02,-3.2111359E-01,1.6613083E+00
8.302703E-02,-3.2157135E-01,1.6865616E+00
8.303031E-02,-3.2202911E-01,1.7104416E+00
8.303358E-02,-3.2279205E-01,1.7344742E+00
8.303686E-02,-3.2294464E-01,1.7578964E+00
8.304014E-02,-3.2248688E-01,1.7806320E+00
8.304341E-02,-3.2286835E-01,1.8026047E+00
8.304669E-02,-3.2302094E-01,1.8238907E+00
8.304997E-02,-3.2263947E-01,1.8450241E+00
8.305324E-02,-3.2256317E-01,1.8654709E+00
8.305652E-02,-3.2332611E-01,1.8853836E+00
8.305980E-02,-3.2332611E-01,1.9038467E+00
8.306308E-02,-3.2393646E-01,1.9228439E+00
8.306635E-02,-3.2340240E-01,1.9398575E+00
8.306963E-02,-3.2378387E-01,1.9564896E+00
8.307291E-02,-3.2324982E-01,1.9733505E+00
8.307618E-02,-3.2248688E-01,1.9898300E+00
8.307946E-02,-3.2263947E-01,2.0056992E+00
8.308274E-02,-3.2195282E-01,2.0198135E+00
8.308601E-02,-3.2218170E-01,2.0343094E+00
8.308929E-02,-3.2172394E-01,2.0472031E+00
8.309257E-02,-3.2157135E-01,2.0587234E+00
8.309584E-02,-3.2080841E-01,2.0697098E+00
8.309912E-02,-3.2035065E-01,2.0816116E+00
8.310240E-02,-3.1920624E-01,2.0922165E+00
8.310567E-02,-3.1905365E-01,2.1014481E+00
8.310895E-02,-3.1851959E-01,2.1109848E+00
8.311223E-02,-3.1867218E-01,2.1193771E+00
8.311550E-02,-3.1691742E-01,2.1266251E+00
8.311878E-02,-3.1645966E-01,2.1331100E+00
8.312206E-02,-3.1447601E-01,2.1392899E+00
8.312533E-02,-3.1409454E-01,2.1443253E+00
8.312861E-02,-3.1295013E-01,2.1489029E+00
8.313189E-02,-3.1203461E-01,2.1512680E+00
8.313516E-02,-3.1188202E-01,2.1547775E+00
8.313844E-02,-3.1066132E-01,2.1576004E+00
8.314172E-02,-3.0875397E-01,2.1589737E+00
8.314500E-02,-3.0783844E-01,2.1605759E+00
8.314827E-02,-3.0692291E-01,2.1601181E+00
8.315155E-02,-3.0638885E-01,2.1593552E+00
8.315483E-02,-3.0440521E-01,2.1592026E+00
8.315810E-02,-3.0348969E-01,2.1559982E+00
8.316138E-02,-3.0219269E-01,2.1526413E+00
8.316466E-02,-3.0051422E-01,2.1493607E+00
8.316793E-02,-2.9936981E-01,2.1450119E+00
8.317121E-02,-2.9746246E-01,2.1394424E+00
8.317449E-02,-2.9570770E-01,2.1342545E+00
8.317776E-02,-2.9425812E-01,2.1282272E+00
8.318104E-02,-2.9265594E-01,2.1212845E+00
8.318432E-02,-2.9128265E-01,2.1134262E+00
8.318759E-02,-2.8929901E-01,2.1041183E+00
8.319087E-02,-2.8731537E-01,2.0944290E+00
8.319415E-02,-2.8578949E-01,2.0843582E+00
8.319742E-02,-2.8395844E-01,2.0736771E+00
8.320070E-02,-2.8311920E-01,2.0633011E+00
8.320398E-02,-2.8121185E-01,2.0518570E+00
8.320725E-02,-2.7938080E-01,2.0388870E+00
8.321053E-02,-2.7754974E-01,2.0246964E+00
8.321381E-02,-2.7594757E-01,2.0111160E+00
8.321708E-02,-2.7472687E-01,1.9963150E+00
8.322036E-02,-2.7251434E-01,1.9800644E+00
8.322364E-02,-2.7152252E-01,1.9631271E+00
8.322692E-02,-2.6946259E-01,1.9461899E+00
8.323019E-02,-2.6679230E-01,1.9290237E+00
8.323347E-02,-2.6519012E-01,1.9112473E+00
8.323675E-02,-2.6313019E-01,1.8915634E+00
8.324002E-02,-2.6221466E-01,1.8726425E+00
8.324330E-02,-2.6023102E-01,1.8531876E+00
8.324658E-02,-2.5855255E-01,1.8320541E+00
8.324985E-02,-2.5595856E-01,1.8100815E+00
8.325313E-02,-2.5405121E-01,1.7879562E+00
8.325641E-02,-2.5168610E-01,1.7661362E+00
8.325968E-02,-2.4970245E-01,1.7434769E+00
8.326296E-02,-2.4810028E-01,1.7194443E+00
8.326624E-02,-2.4672699E-01,1.6961746E+00
8.326951E-02,-2.4466705E-01,1.6709213E+00
8.327279E-02,-2.4283600E-01,1.6459732E+00
8.327607E-02,-2.4153900E-01,1.6199570E+00
8.327934E-02,-2.3993683E-01,1.5935593E+00
8.328262E-02,-2.3810577E-01,1.5658646E+00
8.328590E-02,-2.3619843E-01,1.5390854E+00
8.328917E-02,-2.3436737E-01,1.5119247E+00
8.329245E-02,-2.3238373E-01,1.4849167E+00
8.329573E-02,-2.3017120E-01,1.4565353E+00
8.329900E-02,-2.2887421E-01,1.4269333E+00
8.330228E-02,-2.2666168E-01,1.3972549E+00
8.330556E-02,-2.2475433E-01,1.3686447E+00
8.330884E-02,-2.2315216E-01,1.3372879E+00
8.331211E-02,-2.2162628E-01,1.3079910E+00
8.331539E-02,-2.1994781E-01,1.2774734E+00
8.331867E-02,-2.1910858E-01,1.2455826E+00
8.332194E-02,-2.1727753E-01,1.2136917E+00
8.332522E-02,-2.1613312E-01,1.1813431E+00
8.332850E-02,-2.1407318E-01,1.1493759E+00
8.333177E-02,-2.1201324E-01,1.1174088E+00
8.333505E-02,-2.1079254E-01,1.0839920E+00
8.333833E-02,-2.0919037E-01,1.0501175E+00
8.334160E-02,-2.0812225E-01,1.0160141E+00
8.334488E-02,-2.0568085E-01,9.8259735E-01
8.334816E-02,-2.0499420E-01,9.4818878E-01
8.335143E-02,-2.0362091E-01,9.1347504E-01
8.335471E-02,-2.0270538E-01,8.8036346E-01
8.335799E-02,-2.0201874E-01,8.4481049E-01
8.336126E-02,-2.0072174E-01,8.1009674E-01
8.336454E-02,-1.9904327E-01,7.7469635E-01
8.336782E-02,-1.9858551E-01,7.3960114E-01
8.337109E-02,-1.9766998E-01,7.0404816E-01
8.337437E-02,-1.9576263E-01,6.6864777E-01
8.337765E-02,-1.9461823E-01,6.3324738E-01
8.338092E-02,-1.9377899E-01,5.9899139E-01
8.338420E-02,-1.9324493E-01,5.6626129E-01
8.338748E-02,-1.9210052E-01,5.3063202E-01
8.339076E-02,-1.9026947E-01,4.9492645E-01
8.339403E-02,-1.9011688E-01,4.5975494E-01
8.339731E-02,-1.8912506E-01,4.2420197E-01
8.340059E-02,-1.8790436E-01,3.8780975E-01
8.340386E-02,-1.8721771E-01,3.5248566E-01
8.340714E-02,-1.8584442E-01,3.1632233E-01
8.341042E-02,-1.8584442E-01,2.8069305E-01
8.341369E-02,-1.8531036E-01,2.4414825E-01
8.341697E-02,-1.8454742E-01,2.0890045E-01
8.342025E-02,-1.8401337E-01,1.7311859E-01
8.342352E-02,-1.8286896E-01,1.3710785E-01
8.342680E-02,-1.8195343E-01,1.0117340E-01
8.343008E-02,-1.8202972E-01,6.5925598E-02
8.343335E-02,-1.8149567E-01,2.9228210E-02
8.343663E-02,-1.8172455E-01,-4.7988892E-03
8.343991E-02,-1.8065643E-01,-4.0657043E-02
8.344318E-02,-1.8103790E-01,-7.5065613E-02
8.344646E-02,-1.8050385E-01,-1.1016083E-01
8.344974E-02,-1.8058014E-01,-1.4418793E-01
8.345301E-02,-1.8004608E-01,-1.7829132E-01
8.345629E-02,-1.7920685E-01,-2.1292877E-01
8.345957E-02,-1.7913055E-01,-2.4718475E-01
8.346284E-02,-1.7897797E-01,-2.7991486E-01
8.346612E-02,-1.7806244E-01,-3.1317902E-01
8.346940E-02,-1.7760468E-01,-3.4506989E-01
8.347268E-02,-1.7806244E-01,-3.7764740E-01
8.347595E-02,-1.7760468E-01,-4.0991974E-01
8.347923E-02,-1.7768097E-01,-4.4203949E-01
8.348251E-02,-1.7684174E-01,-4.7232819E-01
8.348578E-02,-1.7646027E-01,-5.0414276E-01
8.348906E-02,-1.7638397E-01,-5.3412628E-01
8.349234E-02,-1.7653656E-01,-5.6548309E-01
8.349561E-02,-1.7539215E-01,-5.9607697E-01
8.349889E-02,-1.7577362E-01,-6.2552643E-01
8.350217E-02,-1.7630768E-01,-6.5406036E-01
8.350544E-02,-1.7584991E-01,-6.8282318E-01
8.350872E-02,-1.7592621E-01,-7.1021271E-01
8.351200E-02,-1.7607880E-01,-7.3851776E-01
8.351527E-02,-1.7592621E-01,-7.6476288E-01
8.351855E-02,-1.7546844E-01,-7.9184723E-01
8.352183E-02,-1.7646027E-01,-8.1824493E-01
8.352510E-02,-1.7668915E-01,-8.4418488E-01
8.352838E-02,-1.7592621E-01,-8.6905670E-01
8.353166E-02,-1.7691803E-01,-8.9446259E-01
8.353493E-02,-1.7653656E-01,-9.1902924E-01
8.353821E-02,-1.7630768E-01,-9.4145966E-01
8.354149E-02,-1.7623138E-01,-9.6495819E-01
8.354476E-02,-1.7737579E-01,-9.8830414E-01
8.354804E-02,-1.7760468E-01,-1.0102005E+00
8.355132E-02,-1.7775726E-01,-1.0306473E+00
8.355460E-02,-1.7729950E-01,-1.0507126E+00
8.355787E-02,-1.7752838E-01,-1.0699387E+00
8.356115E-02,-1.7775726E-01,-1.0909195E+00
8.356443E-02,-1.7745209E-01,-1.1098404E+00
8.356770E-02,-1.7729950E-01,-1.1270828E+00
8.357098E-02,-1.7668915E-01,-1.1437149E+00
8.357426E-02,-1.7661285E-01,-1.1604233E+00
8.357753E-02,-1.7676544E-01,-1.1769028E+00
8.358081E-02,-1.7661285E-01,-1.1909409E+00
8.358409E-02,-1.7623138E-01,-1.2052841E+00
8.358736E-02,-1.7661285E-01,-1.2190933E+00
8.359064E-02,-1.7707062E-01,-1.2331314E+00
8.359392E-02,-1.7684174E-01,-1.2448807E+00
8.359719E-02,-1.7638397E-01,-1.2566299E+00
8.360047E-02,-1.7691803E-01,-1.2674637E+00
8.360375E-02,-1.7722321E-01,-1.2780685E+00
8.360702E-02,-1.7668915E-01,-1.2870712E+00
8.361030E-02,-1.7691803E-01,-1.2965317E+00
8.361358E-02,-1.7768097E-01,-1.3046188E+00
8.361685E-02,-1.7806244E-01,-1.3124771E+00
8.362013E-02,-1.7729950E-01,-1.3187332E+00
8.362341E-02,-1.7737579E-01,-1.3246078E+00
8.362668E-02,-1.7836761E-01,-1.3302536E+00
8.362996E-02,-1.7676544E-01,-1.3337631E+00
8.363324E-02,-1.7676544E-01,-1.3375015E+00
8.363652E-02,-1.7737579E-01,-1.3401718E+00
8.363979E-02,-1.7752838E-01,-1.3414688E+00
8.364307E-02,-1.7676544E-01,-1.3439102E+00
8.364635E-02,-1.7699432E-01,-1.3449783E+00
8.364962E-02,-1.7745209E-01,-1.3446732E+00
8.365290E-02,-1.7691803E-01,-1.3442154E+00
8.365618E-02,-1.7783356E-01,-1.3424606E+00
8.365945E-02,-1.7829132E-01,-1.3400192E+00
8.366273E-02,-1.7760468E-01,-1.3372726E+00
8.366601E-02,-1.7844391E-01,-1.3332291E+00
8.366928E-02,-1.7768097E-01,-1.3277359E+00
8.367256E-02,-1.7798615E-01,-1.3225479E+00
8.367584E-02,-1.7798615E-01,-1.3172073E+00
8.367911E-02,-1.7745209E-01,-1.3101883E+00
8.368239E-02,-1.7790985E-01,-1.3027115E+00
8.368567E-02,-1.7821503E-01,-1.2943954E+00
8.368894E-02,-1.7760468E-01,-1.2840958E+00
8.369222E-02,-1.7707062E-01,-1.2749405E+00
8.369550E-02,-1.7729950E-01,-1.2647934E+00
8.369877E-02,-1.7729950E-01,-1.2530441E+00
8.370205E-02,-1.7707062E-01,-1.2415237E+00
8.370533E-02,-1.7729950E-01,-1.2292404E+00
8.370860E-02,-1.7783356E-01,-1.2158890E+00
8.371188E-02,-1.7829132E-01,-1.2014694E+00
8.371516E-02,-1.7768097E-01,-1.1867447E+00
8.371844E-02,-1.7783356E-01,-1.1713333E+00
8.372171E-02,-1.7783356E-01,-1.1546249E+00
8.372499E-02,-1.7821503E-01,-1.1376114E+00
8.372827E-02,-1.7760468E-01,-1.1199875E+00
8.373154E-02,-1.7844391E-01,-1.1031265E+00
8.373482E-02,-1.7852020E-01,-1.0819931E+00
8.373810E-02,-1.7813873E-01,-1.0629959E+00
8.374137E-02,-1.7813873E-01,-1.0434647E+00
8.374465E-02,-1.7844391E-01,-1.0239334E+00
8.374793E-02,-1.7874908E-01,-1.0019608E+00
8.375120E-02,-1.7844391E-01,-9.7937775E-01
8.375448E-02,-1.8004608E-01,-9.5786285E-01
8.375776E-02,-1.8004608E-01,-9.3444061E-01
8.376103E-02,-1.8035126E-01,-9.1040802E-01
8.376431E-02,-1.8050385E-01,-8.8706207E-01
8.376759E-02,-1.8134308E-01,-8.6188507E-01
8.377086E-02,-1.8088531E-01,-8.3647919E-01
8.377414E-02,-1.8180084E-01,-8.1092072E-01
8.377742E-02,-1.8172455E-01,-7.8360748E-01
8.378069E-02,-1.8187714E-01,-7.5553131E-01
8.378397E-02,-1.8134308E-01,-7.2890472E-01
8.378725E-02,-1.8248749E-01,-7.0121002E-01
8.379052E-02,-1.8340302E-01,-6.7298126E-01
8.379380E-02,-1.8317413E-01,-6.4421844E-01
8.379708E-02,-1.8347931E-01,-6.1507416E-01
8.380036E-02,-1.8408966E-01,-5.8547211E-01
8.380363E-02,-1.8431854E-01,-5.5503082E-01
8.380691E-02,-1.8485260E-01,-5.2481842E-01
8.381019E-02,-1.8561554E-01,-4.9437714E-01
8.381346E-02,-1.8485260E-01,-4.6294403E-01
8.381674E-02,-1.8546295E-01,-4.3074799E-01
8.382002E-02,-1.8553925E-01,-3.9946747E-01
8.382329E-02,-1.8614960E-01,-3.6719513E-01
8.382657E-02,-1.8737030E-01,-3.3423615E-01
8.382985E-02,-1.8744659E-01,-3.0226898E-01
8.383312E-02,-1.8843842E-01,-2.6900482E-01
8.383640E-02,-1.8866730E-01,-2.3467255E-01
8.383968E-02,-1.8859100E-01,-2.0056915E-01
8.384295E-02,-1.8881989E-01,-1.6600800E-01
8.384623E-02,-1.8981171E-01,-1.3091278E-01
8.384951E-02,-1.9057465E-01,-9.7572327E-02
8.385278E-02,-1.9072723E-01,-6.2400818E-02
8.385606E-02,-1.9156647E-01,-2.7687073E-02
8.385934E-02,-1.9141388E-01,7.6370239E-03
8.386261E-02,-1.9225311E-01,4.2961121E-02
8.386589E-02,-1.9362640E-01,7.8285217E-02
8.386917E-02,-1.9461823E-01,1.1467743E-01
8.387244E-02,-1.9507599E-01,1.5091705E-01
8.387572E-02,-1.9553375E-01,1.8616486E-01
8.387900E-02,-1.9591522E-01,2.2179413E-01
8.388228E-02,-1.9698334E-01,2.5818634E-01
8.388555E-02,-1.9721222E-01,2.9427338E-01
8.388883E-02,-1.9843292E-01,3.2891083E-01
8.389211E-02,-1.9858551E-01,3.6530304E-01
8.389538E-02,-1.9896698E-01,4.0253448E-01
8.389866E-02,-1.9919586E-01,4.3869781E-01
8.390194E-02,-2.0095062E-01,4.7364044E-01
8.390521E-02,-2.0095062E-01,5.0865936E-01
8.390849E-02,-2.0171356E-01,5.4482269E-01
8.391177E-02,-2.0293427E-01,5.7869720E-01
8.391504E-02,-2.0201874E-01,6.1127472E-01
8.391832E-02,-2.0278168E-01,6.4636993E-01
8.392160E-02,-2.0308685E-01,6.8276215E-01
8.392487E-02,-2.0415497E-01,7.1778107E-01
8.392815E-02,-2.0468903E-01,7.5318146E-01
8.393143E-02,-2.0529938E-01,7.8789520E-01
8.393470E-02,-2.0522308E-01,8.2291412E-01
8.393798E-02,-2.0529938E-01,8.5861969E-01
8.394126E-02,-2.0529938E-01,8.9386749E-01
8.394453E-02,-2.0552826E-01,9.2804718E-01
8.394781E-02,-2.0606232E-01,9.6276093E-01
8.395109E-02,-2.0507050E-01,9.9655914E-01
8.395436E-02,-2.0568085E-01,1.0312729E+00
8.395764E-02,-2.0613861E-01,1.0649948E+00
8.396092E-02,-2.0606232E-01,1.0984116E+00
8.396420E-02,-2.0697784E-01,1.1321335E+00
8.396747E-02,-2.0743561E-01,1.1632614E+00
8.397075E-02,-2.0629120E-01,1.1949997E+00
8.397403E-02,-2.0606232E-01,1.2268143E+00
8.397730E-02,-2.0659637E-01,1.2586288E+00
8.398058E-02,-2.0659637E-01,1.2907486E+00
8.398386E-02,-2.0667267E-01,1.3208847E+00
8.398713E-02,-2.0629120E-01,1.3504105E+00
8.399041E-02,-2.0667267E-01,1.3806992E+00
8.399369E-02,-2.0629120E-01,1.4099960E+00
8.399696E-02,-2.0652008E-01,1.4389114E+00
8.400024E-02,-2.0659637E-01,1.4677505E+00
8.400352E-02,-2.0552826E-01,1.4962082E+00
8.400679E-02,-2.0453644E-01,1.5235977E+00
8.401007E-02,-2.0430756E-01,1.5508347E+00
8.401335E-02,-2.0308685E-01,1.5782242E+00
8.401662E-02,-2.0240021E-01,1.6051559E+00
8.401990E-02,-2.0201874E-01,1.6317062E+00
8.402318E-02,-2.0209503E-01,1.6562729E+00
8.402645E-02,-2.0072174E-01,1.6818314E+00
8.402973E-02,-2.0056915E-01,1.7061691E+00
8.403301E-02,-1.9850922E-01,1.7295151E+00
8.403628E-02,-1.9774628E-01,1.7535477E+00
8.403956E-02,-1.9774628E-01,1.7760544E+00
8.404284E-02,-1.9606781E-01,1.7977219E+00
8.404612E-02,-1.9583893E-01,1.8206863E+00
8.404939E-02,-1.9423676E-01,1.8407516E+00
8.405267E-02,-1.9324493E-01,1.8616562E+00
8.405595E-02,-1.9232941E-01,1.8818741E+00
8.405922E-02,-1.9072723E-01,1.9007187E+00
8.406250E-02,-1.9042206E-01,1.9193344E+00
8.406578E-02,-1.8904877E-01,1.9369583E+00
8.406905E-02,-1.8752289E-01,1.9534378E+00
8.407233E-02,-1.8576813E-01,1.9706802E+00
8.407561E-02,-1.8515778E-01,1.9873123E+00
8.407888E-02,-1.8347931E-01,2.0034103E+00
8.408216E-02,-1.8248749E-01,2.0180588E+00
8.408544E-02,-1.8042755E-01,2.0320969E+00
8.408871E-02,-1.7913055E-01,2.0452957E+00
8.409199E-02,-1.7798615E-01,2.0569687E+00
8.409527E-02,-1.7615509E-01,2.0696335E+00
8.409854E-02,-1.7432404E-01,2.0800095E+00
8.410182E-02,-1.7287445E-01,2.0903854E+00
8.410510E-02,-1.7234039E-01,2.1003799E+00
8.410837E-02,-1.6989899E-01,2.1100693E+00
8.411165E-02,-1.6791534E-01,2.1176987E+00
8.411493E-02,-1.6661835E-01,2.1257095E+00
8.411820E-02,-1.6463470E-01,2.1317368E+00
8.412148E-02,-1.6280365E-01,2.1377640E+00
8.412476E-02,-1.6074371E-01,2.1432571E+00
8.412804E-02,-1.5937042E-01,2.1473770E+00
8.413131E-02,-1.5731049E-01,2.1521835E+00
8.413459E-02,-1.5586090E-01,2.1554642E+00
8.413787E-02,-1.5380096E-01,2.1583633E+00
8.414114E-02,-1.5151215E-01,2.1593552E+00
8.414442E-02,-1.5021515E-01,2.1600418E+00
8.414770E-02,-1.4769745E-01,2.1605759E+00
8.415097E-02,-1.4571381E-01,2.1598129E+00
8.415425E-02,-1.4342499E-01,2.1592789E+00
8.415753E-02,-1.4174652E-01,2.1566849E+00
8.416080E-02,-1.3976288E-01,2.1537857E+00
8.416408E-02,-1.3739777E-01,2.1507339E+00
8.416736E-02,-1.3518524E-01,2.1474533E+00
8.417063E-02,-1.3282013E-01,2.1428757E+00
8.417391E-02,-1.3037872E-01,2.1373062E+00
8.417719E-02,-1.2900543E-01,2.1308975E+00
8.418046E-02,-1.2580109E-01,2.1240311E+00
8.418374E-02,-1.2366486E-01,2.1157150E+00
8.418702E-02,-1.2213898E-01,2.1067886E+00
8.419029E-02,-1.1916351E-01,2.0977097E+00
8.419357E-02,-1.1786652E-01,2.0876389E+00
8.419685E-02,-1.1611176E-01,2.0771103E+00
8.420012E-02,-1.1397552E-01,2.0658188E+00
8.420340E-02,-1.1199188E-01,2.0542984E+00
8.420668E-02,-1.0916901E-01,2.0420914E+00
8.420996E-02,-1.0741425E-01,2.0277481E+00
8.421323E-02,-1.0497284E-01,2.0140152E+00
8.421651E-02,-1.0382843E-01,1.9987564E+00
8.421979E-02,-1.0153961E-01,1.9830399E+00
8.422306E-02,-9.9555969E-02,1.9656448E+00
8.422634E-02,-9.7496033E-02,1.9493179E+00
8.422962E-02,-9.5817566E-02,1.9323807E+00
8.423289E-02,-9.3681335E-02,1.9138412E+00
8.423617E-02,-9.2231750E-02,1.8947678E+00
8.423945E-02,-8.9942932E-02,1.8749313E+00
8.424272E-02,-8.8264465E-02,1.8557816E+00
8.424600E-02,-8.6051941E-02,1.8345718E+00
8.424928E-02,-8.3839417E-02,1.8148880E+00
8.425255E-02,-8.2313538E-02,1.7921524E+00
8.425583E-02,-8.1016541E-02,1.7703323E+00
8.425911E-02,-7.8193665E-02,1.7484360E+00
8.426238E-02,-7.6744080E-02,1.7247849E+00
8.426566E-02,-7.4684143E-02,1.7005997E+00
8.426894E-02,-7.3463440E-02,1.6764145E+00
8.427221E-02,-7.1479797E-02,1.6511612E+00
8.427549E-02,-7.0030212E-02,1.6249161E+00
8.427877E-02,-6.8122864E-02,1.5984421E+00
8.428204E-02,-6.6978455E-02,1.5713577E+00
8.428532E-02,-6.4918518E-02,1.5448074E+00
8.428860E-02,-6.3392639E-02,1.5174179E+00
8.429188E-02,-6.1790466E-02,1.4901810E+00
8.429515E-02,-6.0340881E-02,1.4620285E+00
8.429843E-02,-5.8891296E-02,1.4322739E+00
8.430171E-02,-5.7899475E-02,1.4034348E+00
8.430498E-02,-5.6221008E-02,1.3744431E+00
8.430826E-02,-5.4847717E-02,1.3438492E+00
8.431154E-02,-5.3398132E-02,1.3133316E+00
8.431481E-02,-5.3092957E-02,1.2831955E+00
8.431809E-02,-5.2253723E-02,1.2520676E+00
8.432137E-02,-5.1338196E-02,1.2201004E+00
8.432464E-02,-4.9507141E-02,1.1876755E+00
8.432792E-02,-4.8210144E-02,1.1553268E+00
8.433120E-02,-4.7370911E-02,1.1241989E+00
8.433447E-02,-4.6684265E-02,1.0899429E+00
8.433775E-02,-4.5616150E-02,1.0571365E+00
8.434103E-02,-4.5463562E-02,1.0237198E+00
8.434430E-02,-4.4929504E-02,9.8961639E-01
8.434758E-02,-4.4395447E-02,9.5459747E-01
8.435086E-02,-4.3174744E-02,9.1996002E-01
8.435413E-02,-4.3327332E-02,8.8578033E-01
8.435741E-02,-4.2259216E-02,8.5083771E-01
8.436069E-02,-4.0885925E-02,8.1581879E-01
8.436396E-02,-4.0122986E-02,7.8079987E-01
8.436724E-02,-4.0351868E-02,7.4517059E-01
8.437052E-02,-4.0351868E-02,7.0946503E-01
8.437380E-02,-3.9741516E-02,6.7429352E-01
8.437707E-02,-3.8978577E-02,6.3935089E-01
8.438035E-02,-3.8597107E-02,6.0433197E-01
8.438363E-02,-3.7300110E-02,5.7167816E-01
8.438690E-02,-3.7452698E-02,5.3643036E-01
8.439018E-02,-3.7986755E-02,5.0080109E-01
8.439346E-02,-3.8139343E-02,4.6585846E-01
8.439673E-02,-3.7910461E-02,4.2977142E-01
8.440001E-02,-3.7681580E-02,3.9322662E-01
8.440329E-02,-3.7147522E-02,3.5851288E-01
8.440656E-02,-3.6460876E-02,3.2250214E-01
8.440984E-02,-3.6308289E-02,2.8740692E-01
8.441312E-02,-3.6613464E-02,2.5116730E-01
8.441639E-02,-3.6613464E-02,2.1530914E-01
8.441967E-02,-3.5697937E-02,1.7967987E-01
8.442295E-02,-3.6079407E-02,1.4328766E-01
8.442622E-02,-3.5240173E-02,1.0750580E-01
8.442950E-02,-3.5392761E-02,7.2257996E-02
8.443278E-02,-3.5163879E-02,3.5942078E-02
8.443605E-02,-3.5392761E-02,1.6860962E-03
8.443933E-02,-3.5469055E-02,-3.4553528E-02
8.444261E-02,-3.5697937E-02,-6.9725037E-02
8.444588E-02,-3.5697937E-02,-1.0443878E-01
8.444916E-02,-3.5545349E-02,-1.3922882E-01
8.445244E-02,-3.5850525E-02,-1.7325592E-01
8.445572E-02,-3.5392761E-02,-2.0713043E-01
8.445899E-02,-3.6384583E-02,-2.4146271E-01
8.446227E-02,-3.5240173E-02,-2.7480316E-01
8.446555E-02,-3.6384583E-02,-3.0814362E-01
8.446882E-02,-3.6384583E-02,-3.4033966E-01
8.447210E-02,-3.6231995E-02,-3.7291718E-01
8.447538E-02,-3.6537170E-02,-4.0511322E-01
8.447865E-02,-3.7071228E-02,-4.3723297E-01
8.448193E-02,-3.6003113E-02,-4.6836090E-01
8.448521E-02,-3.6918640E-02,-4.9903107E-01
8.448848E-02,-3.7147522E-02,-5.2985382E-01
8.449176E-02,-3.7452698E-02,-5.6006622E-01
8.449504E-02,-3.8063049E-02,-5.9096527E-01
8.449831E-02,-3.8215637E-02,-6.2041473E-01
8.450159E-02,-3.8520813E-02,-6.4871979E-01
8.450487E-02,-3.9588928E-02,-6.7847443E-01
8.450814E-02,-3.9817810E-02,-7.0548248E-01
8.451142E-02,-3.9436340E-02,-7.3317719E-01
8.451470E-02,-3.9360046E-02,-7.6041412E-01
8.451797E-02,-3.9741516E-02,-7.8803253E-01
8.452125E-02,-3.9207458E-02,-8.1435394E-01
8.452453E-02,-3.9665222E-02,-8.4059906E-01
8.452780E-02,-3.9360046E-02,-8.6569977E-01
8.453108E-02,-4.0046692E-02,-8.9080048E-01
8.453436E-02,-4.0275574E-02,-9.1506195E-01
8.453764E-02,-4.0580750E-02,-9.3871307E-01
8.454091E-02,-4.0657043E-02,-9.6144867E-01
8.454419E-02,-4.0504456E-02,-9.8418427E-01
8.454747E-02,-4.0962219E-02,-1.0059280E+00
8.455074E-02,-4.1419983E-02,-1.0280533E+00
8.455402E-02,-4.1801453E-02,-1.0472794E+00
8.455730E-02,-4.0885925E-02,-1.0670395E+00
8.456057E-02,-4.0885925E-02,-1.0878677E+00
8.456385E-02,-4.1572571E-02,-1.1076279E+00
8.456713E-02,-4.2106628E-02,-1.1250229E+00
8.457040E-02,-4.1725159E-02,-1.1427994E+00
8.457368E-02,-4.2335510E-02,-1.1590500E+00
8.457696E-02,-4.2411804E-02,-1.1748428E+00
8.458023E-02,-4.2564392E-02,-1.1902542E+00
8.458351E-02,-4.1877747E-02,-1.2051315E+00
8.458679E-02,-4.2869568E-02,-1.2192459E+00
8.459006E-02,-4.2793274E-02,-1.2329025E+00
8.459334E-02,-4.2564392E-02,-1.2449570E+00
8.459662E-02,-4.2869568E-02,-1.2559433E+00
8.459989E-02,-4.2716980E-02,-1.2676163E+00
8.460317E-02,-4.3022156E-02,-1.2778397E+00
8.460645E-02,-4.2716980E-02,-1.2878342E+00
8.460972E-02,-4.3861389E-02,-1.2965317E+00
8.461300E-02,-4.3251038E-02,-1.3055344E+00
8.461628E-02,-4.2793274E-02,-1.3130112E+00
8.461956E-02,-4.3174744E-02,-1.3194962E+00
8.462283E-02,-4.3479919E-02,-1.3259048E+00
8.462611E-02,-4.3098450E-02,-1.3313217E+00
8.462939E-02,-4.2488098E-02,-1.3353653E+00
8.463266E-02,-4.2411804E-02,-1.3387222E+00
8.463594E-02,-4.2716980E-02,-1.3416214E+00
8.463922E-02,-4.2564392E-02,-1.3434525E+00
8.464249E-02,-4.2869568E-02,-1.3452835E+00
8.464577E-02,-4.2945862E-02,-1.3464279E+00
8.464905E-02,-4.2793274E-02,-1.3461227E+00
8.465232E-02,-4.2716980E-02,-1.3454361E+00
8.465560E-02,-4.2030334E-02,-1.3437576E+00
8.465888E-02,-4.3098450E-02,-1.3422318E+00
8.466215E-02,-4.2411804E-02,-1.3394089E+00
8.466543E-02,-4.2869568E-02,-1.3353653E+00
8.466871E-02,-4.2793274E-02,-1.3312454E+00
8.467198E-02,-4.2869568E-02,-1.3258286E+00
8.467526E-02,-4.1877747E-02,-1.3200302E+00
8.467854E-02,-4.2640686E-02,-1.3134689E+00
8.468181E-02,-4.2716980E-02,-1.3059921E+00
8.468509E-02,-4.3174744E-02,-1.2975235E+00
8.468837E-02,-4.3022156E-02,-1.2869949E+00
8.469164E-02,-4.2640686E-02,-1.2777634E+00
8.469492E-02,-4.1954041E-02,-1.2675400E+00
8.469820E-02,-4.1114807E-02,-1.2565536E+00
8.470148E-02,-4.1343689E-02,-1.2444229E+00
8.470475E-02,-4.1496277E-02,-1.2319107E+00
8.470803E-02,-4.2106628E-02,-1.2187119E+00
8.471131E-02,-4.2030334E-02,-1.2037582E+00
8.471458E-02,-4.1725159E-02,-1.1894913E+00
8.471786E-02,-4.1419983E-02,-1.1747665E+00
8.472114E-02,-4.2411804E-02,-1.1591263E+00
8.472441E-02,-4.2030334E-02,-1.1415787E+00
8.472769E-02,-4.3479919E-02,-1.1252518E+00
8.473097E-02,-4.2869568E-02,-1.1070175E+00
8.473424E-02,-4.2716980E-02,-1.0874100E+00
8.473752E-02,-4.2564392E-02,-1.0671921E+00
8.474080E-02,-4.3403625E-02,-1.0475082E+00
8.474407E-02,-4.3785095E-02,-1.0275192E+00
8.474735E-02,-4.3327332E-02,-1.0060043E+00
8.475063E-02,-4.3556213E-02,-9.8372650E-01
8.475390E-02,-4.4166565E-02,-9.6144867E-01
8.475718E-02,-4.3632507E-02,-9.3772125E-01
8.476046E-02,-4.4624329E-02,-9.1551971E-01
8.476373E-02,-4.4700623E-02,-8.9102936E-01
8.476701E-02,-4.5310974E-02,-8.6653900E-01
8.477029E-02,-4.6226501E-02,-8.4128571E-01
8.477356E-02,-4.5997620E-02,-8.1603241E-01
8.477684E-02,-4.5463562E-02,-7.8986359E-01
8.478012E-02,-4.6302795E-02,-7.6201630E-01
8.478340E-02,-4.5768738E-02,-7.3508453E-01
8.478667E-02,-4.6379089E-02,-7.0677948E-01
8.478995E-02,-4.6607971E-02,-6.7908478E-01
8.479323E-02,-4.6302795E-02,-6.4986420E-01
8.479650E-02,-4.7065735E-02,-6.2148285E-01
8.479978E-02,-4.7142029E-02,-5.9111786E-01
8.480306E-02,-4.7142029E-02,-5.6121063E-01
8.480633E-02,-4.7370911E-02,-5.3023529E-01
8.480961E-02,-4.8133850E-02,-4.9948883E-01
8.481289E-02,-4.8210144E-02,-4.6889496E-01
8.481616E-02,-4.6836853E-02,-4.3738556E-01
8.481944E-02,-4.7904968E-02,-4.0549469E-01
8.482272E-02,-4.8057556E-02,-3.7284088E-01
8.482599E-02,-4.9354553E-02,-3.3995819E-01
8.482927E-02,-4.8439026E-02,-3.0783844E-01
8.483255E-02,-4.9736023E-02,-2.7442169E-01
8.483582E-02,-4.9812317E-02,-2.4100494E-01
8.483910E-02,-4.9659729E-02,-2.0682526E-01
8.484238E-02,-4.9812317E-02,-1.7325592E-01
8.484565E-02,-4.9964905E-02,-1.3869476E-01
8.484893E-02,-5.0270081E-02,-1.0459137E-01
8.485221E-02,-5.0956726E-02,-6.9953918E-02
8.485548E-02,-5.0575256E-02,-3.5316467E-02
8.485876E-02,-5.1261902E-02,6.9427490E-04
8.486204E-02,-5.0575256E-02,3.6018372E-02
8.486532E-02,-5.0727844E-02,7.2181702E-02
8.486859E-02,-5.0575256E-02,1.0720062E-01
8.487187E-02,-5.1033020E-02,1.4382172E-01
8.487515E-02,-5.0575256E-02,1.7945099E-01
8.487842E-02,-5.0651550E-02,2.1523285E-01
8.488170E-02,-5.0498962E-02,2.5116730E-01
8.488498E-02,-5.0498962E-02,2.8710175E-01
8.488825E-02,-5.0804138E-02,3.2234955E-01
8.489153E-02,-5.1414490E-02,3.5858917E-01
8.489481E-02,-5.1795959E-02,3.9437103E-01
8.489808E-02,-5.0651550E-02,4.3122101E-01
8.490136E-02,-5.0117493E-02,4.6646881E-01
8.490464E-02,-5.0346375E-02,5.0202179E-01
8.490791E-02,-4.9964905E-02,5.3742218E-01
8.491119E-02,-4.9583435E-02,5.7198334E-01
8.491447E-02,-4.9354553E-02,6.0570526E-01
8.491774E-02,-4.9125671E-02,6.4141083E-01
8.492102E-02,-4.9049377E-02,6.7650604E-01
8.492430E-02,-4.8439026E-02,7.1076202E-01
8.492757E-02,-4.8362732E-02,7.4669647E-01
8.493085E-02,-4.7752380E-02,7.8217316E-01
8.493413E-02,-4.7370911E-02,8.1711578E-01
8.493740E-02,-4.7676086E-02,8.5297394E-01
8.494068E-02,-4.7599792E-02,8.8707733E-01
8.494396E-02,-4.6531677E-02,9.2118073E-01
8.494724E-02,-4.5768738E-02,9.5612335E-01
8.495051E-02,-4.5539856E-02,9.9114227E-01
8.495379E-02,-4.4395447E-02,1.0245590E+00
8.495707E-02,-4.4090271E-02,1.0577469E+00
8.496034E-02,-4.3174744E-02,1.0920792E+00
8.496362E-02,-4.3098450E-02,1.1254196E+00
8.496690E-02,-4.2106628E-02,1.1567764E+00
8.497017E-02,-4.0809631E-02,1.1888199E+00
8.497345E-02,-3.9741516E-02,1.2204056E+00
8.497673E-02,-3.8444519E-02,1.2539749E+00
8.498000E-02,-3.8444519E-02,1.2851791E+00
8.498328E-02,-3.6918640E-02,1.3158493E+00
8.498656E-02,-3.5469055E-02,1.3456039E+00
8.498983E-02,-3.3943176E-02,1.3769608E+00
8.499311E-02,-3.3103943E-02,1.4054947E+00
8.499639E-02,-3.1883240E-02,1.4346390E+00
8.499966E-02,-3.1349182E-02,1.4637833E+00
8.500294E-02,-2.9441833E-02,1.4915543E+00
8.500622E-02,-2.8602600E-02,1.5194016E+00
8.500949E-02,-2.7610779E-02,1.5465622E+00
8.501277E-02,-2.5703430E-02,1.5739517E+00
8.501605E-02,-2.4101257E-02,1.6009598E+00
8.501932E-02,-2.3185730E-02,1.6272049E+00
8.502260E-02,-2.1888733E-02,1.6526871E+00
8.502588E-02,-1.9828796E-02,1.6790848E+00
8.502916E-02,-1.7539978E-02,1.7034988E+00
8.503243E-02,-1.6166687E-02,1.7277603E+00
8.503571E-02,-1.4640808E-02,1.7504959E+00
8.503899E-02,-1.3114929E-02,1.7727737E+00
8.504226E-02,-1.2199402E-02,1.7952805E+00
8.504554E-02,-1.0292053E-02,1.8166428E+00
8.504882E-02,-8.6135864E-03,1.8384628E+00
8.505209E-02,-6.4773560E-03,1.8582230E+00
8.505537E-02,-4.8751831E-03,1.8775253E+00
8.505865E-02,-2.3574829E-03,1.8968277E+00
8.506192E-02,-1.2130737E-03,1.9160538E+00
8.506520E-02,6.9427490E-04,1.9335251E+00
8.506848E-02,2.6016235E-03,1.9502335E+00
8.507175E-02,4.5089722E-03,1.9667130E+00
8.507503E-02,6.8740845E-03,1.9834213E+00
8.507831E-02,8.1710815E-03,2.0002060E+00
8.508158E-02,1.0231018E-02,2.0144730E+00
8.508486E-02,1.2290955E-02,2.0287399E+00
8.508814E-02,1.5266418E-02,2.0419388E+00
8.509141E-02,1.6868591E-02,2.0539169E+00
8.509469E-02,1.8775940E-02,2.0654373E+00
8.509797E-02,2.1675110E-02,2.0762711E+00
8.510124E-02,2.3735046E-02,2.0871811E+00
8.510452E-02,2.5947571E-02,2.0982437E+00
8.510780E-02,2.8083801E-02,2.1076279E+00
8.511108E-02,3.0143738E-02,2.1162491E+00
8.511435E-02,3.2966614E-02,2.1235733E+00
8.511763E-02,3.5179138E-02,2.1305161E+00
8.512091E-02,3.7162781E-02,2.1370773E+00
8.512418E-02,3.8917542E-02,2.1425705E+00
8.512746E-02,4.2045593E-02,2.1470718E+00
8.513074E-02,4.3342590E-02,2.1513443E+00
8.513401E-02,4.5936584E-02,2.1541672E+00
8.513729E-02,4.8149109E-02,2.1562271E+00
8.514057E-02,5.0209045E-02,2.1585159E+00
8.514384E-02,5.2574158E-02,2.1600418E+00
8.514712E-02,5.4023743E-02,2.1606522E+00
8.515040E-02,5.6236267E-02,2.1602707E+00
8.515367E-02,5.8753967E-02,2.1584396E+00
8.515695E-02,6.0432434E-02,2.1571426E+00
8.516023E-02,6.2110901E-02,2.1544724E+00
8.516350E-02,6.3941956E-02,2.1509628E+00
8.516678E-02,6.5925598E-02,2.1465378E+00
8.517006E-02,6.8672180E-02,2.1425705E+00
8.517333E-02,7.0655823E-02,2.1371536E+00
8.517661E-02,7.2181702E-02,2.1320419E+00
8.517989E-02,7.3707581E-02,2.1254044E+00
8.518316E-02,7.5691223E-02,2.1173935E+00
8.518644E-02,7.8361511E-02,2.1096115E+00
8.518972E-02,7.9353333E-02,2.1008377E+00
8.519300E-02,8.1260681E-02,2.0902328E+00
8.519627E-02,8.3091736E-02,2.0792465E+00
8.519955E-02,8.4693909E-02,2.0681076E+00
8.520283E-02,8.6372375E-02,2.0575027E+00
8.520610E-02,8.8127136E-02,2.0449142E+00
8.520938E-02,8.9500427E-02,2.0312576E+00
8.521266E-02,9.1102600E-02,2.0176010E+00
8.521593E-02,9.2781067E-02,2.0031815E+00
8.521921E-02,9.4459534E-02,1.9865494E+00
8.522249E-02,9.6443176E-02,1.9701462E+00
8.522576E-02,9.7206116E-02,1.9525223E+00
8.522904E-02,9.8960876E-02,1.9353561E+00
8.523232E-02,9.9418640E-02,1.9181137E+00
8.523559E-02,1.0140228E-01,1.8993454E+00
8.523887E-02,1.0239410E-01,1.8799667E+00
8.524215E-02,1.0445404E-01,1.8613510E+00
8.524542E-02,1.0483551E-01,1.8406754E+00
8.524870E-02,1.0605621E-01,1.8193130E+00
8.525198E-02,1.0727692E-01,1.7981796E+00
8.525525E-02,1.0918427E-01,1.7752151E+00
8.525853E-02,1.0987091E-01,1.7530136E+00
8.526181E-02,1.1040497E-01,1.7286758E+00
8.526508E-02,1.1124420E-01,1.7055588E+00
8.526836E-02,1.1254120E-01,1.6808395E+00
8.527164E-02,1.1338043E-01,1.6563492E+00
8.527492E-02,1.1368561E-01,1.6307144E+00
8.527819E-02,1.1460114E-01,1.6042404E+00
8.528147E-02,1.1544037E-01,1.5772324E+00
8.528475E-02,1.1635590E-01,1.5505295E+00
8.528802E-02,1.1635590E-01,1.5231400E+00
8.529130E-02,1.1818695E-01,1.4954453E+00
8.529458E-02,1.1727142E-01,1.4672928E+00
8.529785E-02,1.1879730E-01,1.4393692E+00
8.530113E-02,1.1948395E-01,1.4085464E+00
8.530441E-02,1.1833954E-01,1.3803940E+00
8.530768E-02,1.1956024E-01,1.3498001E+00
8.531096E-02,1.1963654E-01,1.3191299E+00
8.531424E-02,1.1925507E-01,1.2882309E+00
8.531751E-02,1.1956024E-01,1.2570267E+00
8.532079E-02,1.1872101E-01,1.2250595E+00
8.532407E-02,1.1902618E-01,1.1933212E+00
8.532734E-02,1.1902618E-01,1.1608963E+00
8.533062E-02,1.2047577E-01,1.1289291E+00
8.533390E-02,1.2062836E-01,1.0955887E+00
8.533717E-02,1.1917877E-01,1.0624008E+00
8.534045E-02,1.1933136E-01,1.0280685E+00
8.534373E-02,1.1933136E-01,9.9480438E-01
8.534700E-02,1.1963654E-01,9.6070099E-01
8.535028E-02,1.1963654E-01,9.2560577E-01
8.535356E-02,1.1879730E-01,8.9150238E-01
8.535684E-02,1.1925507E-01,8.5755157E-01
8.536011E-02,1.1841583E-01,8.2184601E-01
8.536339E-02,1.1772919E-01,7.8652191E-01
8.536667E-02,1.1765289E-01,7.5180817E-01
8.536994E-02,1.1711884E-01,7.1633148E-01
8.537322E-02,1.1734772E-01,6.8108368E-01
8.537650E-02,1.1666107E-01,6.4636993E-01
8.537977E-02,1.1696625E-01,6.1074066E-01
8.538305E-02,1.1688995E-01,5.7854462E-01
8.538633E-02,1.1635590E-01,5.4383087E-01
8.538960E-02,1.1589813E-01,5.0820160E-01
8.539288E-02,1.1528778E-01,4.7272491E-01
8.539616E-02,1.1544037E-01,4.3648529E-01
8.539943E-02,1.1414337E-01,4.0047455E-01
8.540271E-02,1.1383820E-01,3.6507416E-01
8.540599E-02,1.1421967E-01,3.2913971E-01
8.540926E-02,1.1338043E-01,2.9274750E-01
8.541254E-02,1.1277008E-01,2.5688934E-01
8.541582E-02,1.1177826E-01,2.2103119E-01
8.541909E-02,1.1147308E-01,1.8502045E-01
8.542237E-02,1.1177826E-01,1.4946747E-01
8.542565E-02,1.1132050E-01,1.1299896E-01
8.542892E-02,1.1093903E-01,7.7522278E-02
8.543220E-02,1.1009979E-01,4.1206360E-02
8.543548E-02,1.0933685E-01,6.4163208E-03
8.543876E-02,1.0895538E-01,-2.9136658E-02
8.544203E-02,1.0872650E-01,-6.3621521E-02
8.544531E-02,1.0811615E-01,-9.8716736E-02
8.544859E-02,1.0712433E-01,-1.3236237E-01
8.545186E-02,1.0735321E-01,-1.6661835E-01
8.545514E-02,1.0613251E-01,-2.0079803E-01
8.545842E-02,1.0666656E-01,-2.3444366E-01
8.546169E-02,1.0597992E-01,-2.6847076E-01
8.546497E-02,1.0582733E-01,-3.0204010E-01
8.546825E-02,1.0521698E-01,-3.3446503E-01
8.547152E-02,1.0430145E-01,-3.6742401E-01
8.547480E-02,1.0361481E-01,-3.9931488E-01
8.547808E-02,1.0330963E-01,-4.3158722E-01
8.548135E-02,1.0292816E-01,-4.6401215E-01
8.548463E-02,1.0163116E-01,-4.9498749E-01
8.548791E-02,1.0163116E-01,-5.2512360E-01
8.549118E-02,1.0109711E-01,-5.5541229E-01
8.549446E-02,1.0056305E-01,-5.8615875E-01
8.549774E-02,1.0010529E-01,-6.1644745E-01
8.550101E-02,9.9418640E-02,-6.4406586E-01
8.550429E-02,9.9189758E-02,-6.7336273E-01
8.550757E-02,9.8731995E-02,-7.0220184E-01
8.551084E-02,9.9342346E-02,-7.3012543E-01
8.551412E-02,9.8197937E-02,-7.5637054E-01
8.551740E-02,9.8274231E-02,-7.8406525E-01
8.552068E-02,9.8197937E-02,-8.1107330E-01
8.552395E-02,9.6748352E-02,-8.3701324E-01
8.552723E-02,9.6366882E-02,-8.6203766E-01
8.553051E-02,9.6443176E-02,-8.8721466E-01
8.553378E-02,9.6214294E-02,-9.1277313E-01
8.553706E-02,9.5527649E-02,-9.3535614E-01
8.554034E-02,9.5146179E-02,-9.5839691E-01
8.554361E-02,9.5985413E-02,-9.8113251E-01
8.554689E-02,9.4993591E-02,-1.0032578E+00
8.555017E-02,9.4459534E-02,-1.0250015E+00
8.555344E-02,9.4535828E-02,-1.0450668E+00
8.555672E-02,9.4688416E-02,-1.0645981E+00
8.556000E-02,9.4535828E-02,-1.0842819E+00
8.556327E-02,9.4230652E-02,-1.1037369E+00
8.556655E-02,9.4764709E-02,-1.1228867E+00
8.556983E-02,9.4688416E-02,-1.1397476E+00
8.557310E-02,9.4383240E-02,-1.1566086E+00
8.557638E-02,9.4154358E-02,-1.1727066E+00
8.557966E-02,9.4612122E-02,-1.1868210E+00
8.558293E-02,9.3696594E-02,-1.2023087E+00
8.558621E-02,9.3696594E-02,-1.2160416E+00
8.558949E-02,9.3544006E-02,-1.2303085E+00
8.559276E-02,9.4230652E-02,-1.2426682E+00
8.559604E-02,9.4154358E-02,-1.2543411E+00
8.559932E-02,9.4535828E-02,-1.2660141E+00
8.560260E-02,9.3925476E-02,-1.2763138E+00
8.560587E-02,9.3849182E-02,-1.2863846E+00
8.560915E-02,9.4535828E-02,-1.2945480E+00
8.561243E-02,9.3849182E-02,-1.3027115E+00
8.561570E-02,9.4306946E-02,-1.3111038E+00
8.561898E-02,9.4306946E-02,-1.3181992E+00
8.562226E-02,9.3467712E-02,-1.3245316E+00
8.562553E-02,9.2781067E-02,-1.3294907E+00
8.562881E-02,9.3162537E-02,-1.3339920E+00
8.563209E-02,9.3925476E-02,-1.3382645E+00
8.563536E-02,9.3009949E-02,-1.3410873E+00
8.563864E-02,9.3086243E-02,-1.3445969E+00
8.564192E-02,9.3391418E-02,-1.3455124E+00
8.564519E-02,9.3315125E-02,-1.3471909E+00
8.564847E-02,9.3162537E-02,-1.3471146E+00
8.565175E-02,9.2781067E-02,-1.3461990E+00
8.565502E-02,9.3162537E-02,-1.3453598E+00
8.565830E-02,9.3086243E-02,-1.3431473E+00
8.566158E-02,9.3391418E-02,-1.3395615E+00
8.566485E-02,9.2933655E-02,-1.3367386E+00
8.566813E-02,9.3696594E-02,-1.3317032E+00
8.567141E-02,9.3772888E-02,-1.3267441E+00
8.567468E-02,9.3696594E-02,-1.3210983E+00
8.567796E-02,9.2857361E-02,-1.3146133E+00
8.568124E-02,9.3849182E-02,-1.3076706E+00
8.568452E-02,9.4001770E-02,-1.2995071E+00
8.568779E-02,9.3467712E-02,-1.2911148E+00
8.569107E-02,9.3849182E-02,-1.2812729E+00
8.569435E-02,9.2475891E-02,-1.2702866E+00
8.569762E-02,9.3620300E-02,-1.2593002E+00
8.570090E-02,9.2704773E-02,-1.2480850E+00
8.570418E-02,9.3162537E-02,-1.2358780E+00
8.570745E-02,9.2781067E-02,-1.2233658E+00
8.571073E-02,9.2704773E-02,-1.2096329E+00
8.571401E-02,9.2475891E-02,-1.1939163E+00
8.571728E-02,9.2475891E-02,-1.1788864E+00
8.572056E-02,9.2399597E-02,-1.1627884E+00
8.572384E-02,9.2094421E-02,-1.1464615E+00
8.572711E-02,9.3162537E-02,-1.1288376E+00
8.573039E-02,9.2781067E-02,-1.1113663E+00
8.573367E-02,9.3544006E-02,-1.0919113E+00
8.573694E-02,9.2781067E-02,-1.0723801E+00
8.574022E-02,9.3162537E-02,-1.0530014E+00
8.574350E-02,9.2704773E-02,-1.0325546E+00
8.574677E-02,9.2170715E-02,-1.0115738E+00
8.575005E-02,9.2552185E-02,-9.8952484E-01
8.575333E-02,9.2628479E-02,-9.6724701E-01
8.575660E-02,9.1636658E-02,-9.4420624E-01
8.575988E-02,9.2323303E-02,-9.2139435E-01
8.576316E-02,9.2704773E-02,-8.9743805E-01
8.576644E-02,9.1636658E-02,-8.7203217E-01
8.576971E-02,9.2018127E-02,-8.4693146E-01
8.577299E-02,9.2094421E-02,-8.2144928E-01
8.577627E-02,9.1712952E-02,-7.9528046E-01
8.577954E-02,9.2018127E-02,-7.6773834E-01
8.578282E-02,9.2475891E-02,-7.4080658E-01
8.578610E-02,9.1941833E-02,-7.1219635E-01
8.578937E-02,9.1865540E-02,-6.8434906E-01
8.579265E-02,9.2018127E-02,-6.5665436E-01
8.579593E-02,9.3238831E-02,-6.2689972E-01
8.579920E-02,9.2399597E-02,-5.9775543E-01
8.580248E-02,9.2857361E-02,-5.6693268E-01
8.580576E-02,9.2475891E-02,-5.3717804E-01
8.580903E-02,9.1636658E-02,-5.0650787E-01
8.581231E-02,9.2247009E-02,-4.7553253E-01
8.581559E-02,9.2018127E-02,-4.4318390E-01
8.581886E-02,9.2094421E-02,-4.1251373E-01
8.582214E-02,9.2094421E-02,-3.7970734E-01
8.582542E-02,9.2399597E-02,-3.4690094E-01
8.582869E-02,9.2399597E-02,-3.1485748E-01
8.583197E-02,9.2704773E-02,-2.8189850E-01
8.583525E-02,9.3315125E-02,-2.4810028E-01
8.583852E-02,9.3086243E-02,-2.1430206E-01
8.584180E-02,9.2933655E-02,-1.8027496E-01
8.584508E-02,9.3391418E-02,-1.4594269E-01
8.584836E-02,9.4001770E-02,-1.1176300E-01
8.585163E-02,9.4383240E-02,-7.6667786E-02
8.585491E-02,9.4688416E-02,-4.2411804E-02
8.585819E-02,9.4306946E-02,-6.5536499E-03
8.586146E-02,9.5451355E-02,2.7854919E-02
8.586474E-02,9.4688416E-02,6.4323425E-02
8.586802E-02,9.5375061E-02,1.0071564E-01
8.587129E-02,9.6443176E-02,1.3588715E-01
8.587457E-02,9.6519470E-02,1.7182159E-01
8.587785E-02,9.7282410E-02,2.0722198E-01
8.588112E-02,9.8503113E-02,2.4292755E-01
8.588440E-02,9.8731995E-02,2.7970123E-01
8.588768E-02,9.8426819E-02,3.1502533E-01
8.589095E-02,9.8808289E-02,3.5073090E-01
8.589423E-02,9.9800110E-02,3.8620758E-01
8.589751E-02,1.0010529E-01,4.2328644E-01
8.590078E-02,1.0163116E-01,4.5853424E-01
8.590406E-02,1.0308075E-01,4.9408722E-01
8.590734E-02,1.0292816E-01,5.3009796E-01
8.591061E-02,1.0445404E-01,5.6504059E-01
8.591389E-02,1.0491180E-01,5.9777069E-01
8.591717E-02,1.0597992E-01,6.3286591E-01
8.592044E-02,1.0758209E-01,6.6765594E-01
8.592372E-02,1.0849762E-01,7.0336151E-01
8.592700E-02,1.0910797E-01,7.3975372E-01
8.593028E-02,1.0994720E-01,7.7454376E-01
8.593355E-02,1.1193085E-01,8.0971527E-01
8.593683E-02,1.1345673E-01,8.4503937E-01
8.594011E-02,1.1429596E-01,8.8028717E-01
8.594338E-02,1.1536407E-01,9.1393280E-01
8.594666E-02,1.1643219E-01,9.4811249E-01
8.594994E-02,1.1788177E-01,9.8236847E-01
8.595321E-02,1.1887360E-01,1.0167770E+00
8.595649E-02,1.2055206E-01,1.0503464E+00
8.595977E-02,1.2177277E-01,1.0840683E+00
8.596304E-02,1.2375641E-01,1.1176376E+00
8.596632E-02,1.2429047E-01,1.1499863E+00
8.596960E-02,1.2589264E-01,1.1818771E+00
8.597287E-02,1.2734222E-01,1.2142258E+00
8.597615E-02,1.2833405E-01,1.2468033E+00
8.597943E-02,1.3031769E-01,1.2779312E+00
8.598270E-02,1.3222504E-01,1.3082962E+00
8.598598E-02,1.3352203E-01,1.3388901E+00
8.598926E-02,1.3413239E-01,1.3689499E+00
8.599253E-02,1.3596344E-01,1.3982468E+00
8.599581E-02,1.3840485E-01,1.4273148E+00
8.599909E-02,1.3909149E-01,1.4571457E+00
8.600236E-02,1.4138031E-01,1.4856033E+00
8.600564E-02,1.4267731E-01,1.5129166E+00
8.600892E-02,1.4473724E-01,1.5404587E+00
8.601220E-02,1.4679718E-01,1.5675430E+00
8.601547E-02,1.4801788E-01,1.5938644E+00
8.601875E-02,1.4962006E-01,1.6211014E+00
8.602203E-02,1.5175629E-01,1.6459732E+00
8.602530E-02,1.5358734E-01,1.6713791E+00
8.602858E-02,1.5549469E-01,1.6969376E+00
8.603186E-02,1.5717316E-01,1.7200546E+00
8.603513E-02,1.5892792E-01,1.7440872E+00
8.603841E-02,1.6030121E-01,1.7668228E+00
8.604169E-02,1.6274261E-01,1.7881088E+00
8.604496E-02,1.6442108E-01,1.8104630E+00
8.604824E-02,1.6625214E-01,1.8324356E+00
8.605152E-02,1.6800690E-01,1.8530350E+00
8.605479E-02,1.7052460E-01,1.8730240E+00
8.605807E-02,1.7281342E-01,1.8925552E+00
8.606135E-02,1.7433929E-01,1.9110947E+00
8.606462E-02,1.7617035E-01,1.9290237E+00
8.606790E-02,1.7739105E-01,1.9460373E+00
8.607118E-02,1.7891693E-01,1.9632797E+00
8.607445E-02,1.8219757E-01,1.9799118E+00
8.607773E-02,1.8364716E-01,1.9964676E+00
8.608101E-02,1.8563080E-01,2.0108109E+00
8.608428E-02,1.8799591E-01,2.0256882E+00
8.608756E-02,1.8982697E-01,2.0387344E+00
8.609084E-02,1.9142914E-01,2.0518570E+00
8.609412E-02,1.9364166E-01,2.0631485E+00
8.609739E-02,1.9570160E-01,2.0749741E+00
8.610067E-02,1.9799042E-01,2.0861130E+00
8.610395E-02,1.9966888E-01,2.0960312E+00
8.610722E-02,2.0203400E-01,2.1056442E+00
8.611050E-02,2.0287323E-01,2.1144943E+00
8.611378E-02,2.0516205E-01,2.1218185E+00
8.611705E-02,2.0684052E-01,2.1288376E+00
8.612033E-02,2.0790863E-01,2.1350937E+00
8.612361E-02,2.0973969E-01,2.1405106E+00
8.612688E-02,2.1126556E-01,2.1449356E+00
8.613016E-02,2.1332550E-01,2.1494370E+00
8.613344E-02,2.1576691E-01,2.1534805E+00
8.613671E-02,2.1652985E-01,2.1566086E+00
8.613999E-02,2.1790314E-01,2.1589737E+00
8.614327E-02,2.1920013E-01,2.1599655E+00
8.614654E-02,2.2087860E-01,2.1605759E+00
8.614982E-02,2.2270966E-01,2.1599655E+00
8.615310E-02,2.2347260E-01,2.1588974E+00
8.615637E-02,2.2446442E-01,2.1559982E+00
8.615965E-02,2.2621918E-01,2.1545486E+00
8.616293E-02,2.2721100E-01,2.1512680E+00
8.616620E-02,2.2866058E-01,2.1477585E+00
8.616948E-02,2.3003387E-01,2.1430283E+00
8.617276E-02,2.3102570E-01,2.1371536E+00
8.617604E-02,2.3148346E-01,2.1320419E+00
8.617931E-02,2.3186493E-01,2.1254044E+00
8.618259E-02,2.3300934E-01,2.1173172E+00
8.618587E-02,2.3361969E-01,2.1092300E+00
8.618914E-02,2.3423004E-01,2.1000748E+00
8.619242E-02,2.3476410E-01,2.0898514E+00
8.619570E-02,2.3575592E-01,2.0793228E+00
8.619897E-02,2.3659515E-01,2.0690994E+00
8.620225E-02,2.3751068E-01,2.0573502E+00
8.620553E-02,2.3751068E-01,2.0445328E+00
8.620880E-02,2.3804474E-01,2.0311813E+00
8.621208E-02,2.3834991E-01,2.0179825E+00
8.621536E-02,2.3865509E-01,2.0033340E+00
8.621863E-02,2.3896027E-01,1.9879227E+00
8.622191E-02,2.4040985E-01,1.9705276E+00
8.622519E-02,2.4063873E-01,1.9531326E+00
8.622846E-02,2.4102020E-01,1.9374161E+00
8.623174E-02,2.4079132E-01,1.9201736E+00
8.623502E-02,2.4018097E-01,1.9012527E+00
8.623829E-02,2.4048615E-01,1.8819504E+00
8.624157E-02,2.4063873E-01,1.8615799E+00
8.624485E-02,2.4086761E-01,1.8409805E+00
8.624812E-02,2.4048615E-01,1.8202286E+00
8.625140E-02,2.4117279E-01,1.7982559E+00
8.625468E-02,2.4109650E-01,1.7769699E+00
8.625796E-02,2.3987579E-01,1.7546158E+00
8.626123E-02,2.4040985E-01,1.7306595E+00
8.626451E-02,2.3972321E-01,1.7065506E+00
8.626779E-02,2.3964691E-01,1.6825180E+00
8.627106E-02,2.3888397E-01,1.6572647E+00
8.627434E-02,2.3880768E-01,1.6325455E+00
8.627762E-02,2.3880768E-01,1.6061478E+00
8.628089E-02,2.3827362E-01,1.5795975E+00
8.628417E-02,2.3812103E-01,1.5524368E+00
8.628745E-02,2.3781586E-01,1.5250473E+00
8.629072E-02,2.3636627E-01,1.4975052E+00
8.629400E-02,2.3606110E-01,1.4698868E+00
8.629728E-02,2.3583221E-01,1.4414291E+00
8.630055E-02,2.3506927E-01,1.4122849E+00
8.630383E-02,2.3423004E-01,1.3827591E+00
8.630711E-02,2.3308563E-01,1.3520889E+00
8.631038E-02,2.3262787E-01,1.3224106E+00
8.631366E-02,2.3171234E-01,1.2920456E+00
8.631694E-02,2.3087311E-01,1.2602310E+00
8.632021E-02,2.3033905E-01,1.2291794E+00
8.632349E-02,2.2942352E-01,1.1971359E+00
8.632677E-02,2.2812653E-01,1.1646347E+00
8.633004E-02,2.2728729E-01,1.1333542E+00
8.633332E-02,2.2698212E-01,1.1003952E+00
8.633660E-02,2.2553253E-01,1.0674362E+00
8.633988E-02,2.2515106E-01,1.0337906E+00
8.634315E-02,2.2431183E-01,9.9938202E-01
8.634643E-02,2.2385406E-01,9.6497345E-01
8.634971E-02,2.2393036E-01,9.2995453E-01
8.635298E-02,2.2133636E-01,8.9615631E-01
8.635626E-02,2.2042084E-01,8.6182404E-01
8.635954E-02,2.1927643E-01,8.2657623E-01
8.636281E-02,2.1851349E-01,7.9140472E-01
8.636609E-02,2.1736908E-01,7.5707245E-01
8.636937E-02,2.1660614E-01,7.2113800E-01
8.637264E-02,2.1500397E-01,6.8535614E-01
8.637592E-02,2.1385956E-01,6.5026093E-01
8.637920E-02,2.1279144E-01,6.1463165E-01
8.638247E-02,2.1195221E-01,5.8190155E-01
8.638575E-02,2.1134186E-01,5.4817963E-01
8.638903E-02,2.0973969E-01,5.1277924E-01
8.639230E-02,2.0981598E-01,4.7631073E-01
8.639558E-02,2.0890045E-01,4.4129181E-01
8.639886E-02,2.0729828E-01,4.0520477E-01
8.640213E-02,2.0645905E-01,3.6972809E-01
8.640541E-02,2.0569611E-01,3.3348846E-01
8.640869E-02,2.0470428E-01,2.9862213E-01
8.641196E-02,2.0371246E-01,2.6184845E-01
8.641524E-02,2.0279694E-01,2.2606659E-01
8.641852E-02,2.0142365E-01,1.9104767E-01
8.642180E-02,2.0058441E-01,1.5496063E-01
8.642507E-02,1.9974518E-01,1.1872101E-01
8.642835E-02,1.9905853E-01,8.3396912E-02
8.643163E-02,1.9806671E-01,4.7309875E-02
8.643490E-02,1.9722748E-01,1.2138367E-02
8.643818E-02,1.9615936E-01,-2.3033142E-02
8.644146E-02,1.9509125E-01,-5.8433533E-02
8.644473E-02,1.9516754E-01,-9.1850281E-02
8.644801E-02,1.9387054E-01,-1.2725067E-01
8.645129E-02,1.9348907E-01,-1.6165924E-01
8.645456E-02,1.9295502E-01,-1.9545746E-01
8.645784E-02,1.9257355E-01,-2.2986603E-01
8.646112E-02,1.9150543E-01,-2.6366425E-01
8.646439E-02,1.9074249E-01,-2.9677582E-01
8.646767E-02,1.8929291E-01,-3.2912445E-01
8.647095E-02,1.8990326E-01,-3.6139679E-01
8.647422E-02,1.8891144E-01,-3.9420319E-01
8.647750E-02,1.8746185E-01,-4.2624664E-01
8.648078E-02,1.8708038E-01,-4.5798492E-01
8.648405E-02,1.8601227E-01,-4.8911285E-01
8.648733E-02,1.8601227E-01,-5.2046967E-01
8.649061E-02,1.8547821E-01,-5.5091095E-01
8.649388E-02,1.8463898E-01,-5.8158112E-01
8.649716E-02,1.8441010E-01,-6.1186981E-01
8.650044E-02,1.8379974E-01,-6.4109039E-01
8.650372E-02,1.8379974E-01,-6.6962433E-01
8.650699E-02,1.8349457E-01,-6.9739532E-01
8.651027E-02,1.8318939E-01,-7.2592926E-01
8.651355E-02,1.8273163E-01,-7.5400543E-01
8.651682E-02,1.8166351E-01,-7.8063202E-01
8.652010E-02,1.8204498E-01,-8.0710602E-01
8.652338E-02,1.8204498E-01,-8.3319855E-01
8.652665E-02,1.8112946E-01,-8.5799408E-01
8.652993E-02,1.8074799E-01,-8.8446808E-01
8.653321E-02,1.8120575E-01,-9.0827179E-01
8.653648E-02,1.8105316E-01,-9.3131256E-01
8.653976E-02,1.8059540E-01,-9.5442963E-01
8.654304E-02,1.8006134E-01,-9.7777557E-01
8.654631E-02,1.7929840E-01,-1.0005875E+00
8.654959E-02,1.7998505E-01,-1.0225601E+00
8.655287E-02,1.7975616E-01,-1.0420151E+00
8.655614E-02,1.7998505E-01,-1.0620804E+00
8.655942E-02,1.7998505E-01,-1.0819931E+00
8.656270E-02,1.7990875E-01,-1.1019821E+00
8.656597E-02,1.7998505E-01,-1.1197586E+00
8.656925E-02,1.7990875E-01,-1.1381454E+00
8.657253E-02,1.7975616E-01,-1.1545486E+00
8.657580E-02,1.7952728E-01,-1.1697311E+00
8.657908E-02,1.7906952E-01,-1.1846848E+00
8.658236E-02,1.7922211E-01,-1.1993332E+00
8.658564E-02,1.8006134E-01,-1.2134476E+00
8.658891E-02,1.7868805E-01,-1.2280960E+00
8.659219E-02,1.7998505E-01,-1.2399979E+00
8.659547E-02,1.7990875E-01,-1.2525864E+00
8.659874E-02,1.7945099E-01,-1.2638016E+00
8.660202E-02,1.8006134E-01,-1.2741776E+00
8.660530E-02,1.7983246E-01,-1.2847061E+00
8.660857E-02,1.7990875E-01,-1.2940140E+00
8.661185E-02,1.7952728E-01,-1.3027115E+00
8.661513E-02,1.7990875E-01,-1.3108749E+00
8.661840E-02,1.7945099E-01,-1.3184280E+00
8.662168E-02,1.7960358E-01,-1.3239975E+00
8.662496E-02,1.7838287E-01,-1.3304825E+00
8.662823E-02,1.7914581E-01,-1.3359756E+00
8.663151E-02,1.7937469E-01,-1.3394852E+00
8.663479E-02,1.7952728E-01,-1.3425369E+00
8.663806E-02,1.7945099E-01,-1.3454361E+00
8.664134E-02,1.7906952E-01,-1.3462753E+00
8.664462E-02,1.8029022E-01,-1.3479538E+00
8.664789E-02,1.7960358E-01,-1.3478012E+00
8.665117E-02,1.7975616E-01,-1.3474960E+00
8.665445E-02,1.7967987E-01,-1.3461990E+00
8.665772E-02,1.8006134E-01,-1.3440628E+00
8.666100E-02,1.7998505E-01,-1.3413925E+00
8.666428E-02,1.7929840E-01,-1.3370438E+00
8.666756E-02,1.7937469E-01,-1.3333054E+00
8.667083E-02,1.7937469E-01,-1.3281174E+00
8.667411E-02,1.7937469E-01,-1.3227005E+00
8.667739E-02,1.8044281E-01,-1.3175888E+00
8.668066E-02,1.7929840E-01,-1.3096542E+00
8.668394E-02,1.7929840E-01,-1.3017197E+00
8.668722E-02,1.7975616E-01,-1.2936325E+00
8.669049E-02,1.7998505E-01,-1.2834091E+00
8.669377E-02,1.7929840E-01,-1.2727280E+00
8.669705E-02,1.7983246E-01,-1.2618179E+00
8.670032E-02,1.8006134E-01,-1.2501450E+00
8.670360E-02,1.7998505E-01,-1.2374039E+00
8.670688E-02,1.8051910E-01,-1.2245865E+00
8.671015E-02,1.8029022E-01,-1.2101669E+00
8.671343E-02,1.8006134E-01,-1.1955185E+00
8.671671E-02,1.8029022E-01,-1.1805649E+00
8.671998E-02,1.8013763E-01,-1.1647720E+00
8.672326E-02,1.8029022E-01,-1.1487503E+00
8.672654E-02,1.7990875E-01,-1.1315842E+00
8.672981E-02,1.7960358E-01,-1.1138840E+00
8.673309E-02,1.7960358E-01,-1.0947342E+00
8.673637E-02,1.8051910E-01,-1.0751266E+00
8.673964E-02,1.7998505E-01,-1.0549088E+00
8.674292E-02,1.8059540E-01,-1.0346909E+00
8.674620E-02,1.8036652E-01,-1.0137863E+00
8.674948E-02,1.7967987E-01,-9.9227142E-01
8.675275E-02,1.8021393E-01,-9.6961212E-01
8.675603E-02,1.8051910E-01,-9.4680023E-01
8.675931E-02,1.7990875E-01,-9.2368317E-01
8.676258E-02,1.7998505E-01,-9.0026093E-01
8.676586E-02,1.8082428E-01,-8.7577057E-01
8.676914E-02,1.8128204E-01,-8.5044098E-01
8.677241E-02,1.8128204E-01,-8.2480621E-01
8.677569E-02,1.8219757E-01,-7.9772186E-01
8.677897E-02,1.8257904E-01,-7.7124786E-01
8.678224E-02,1.8219757E-01,-7.4370575E-01
8.678552E-02,1.8173981E-01,-7.1654510E-01
8.678880E-02,1.8288422E-01,-6.8824005E-01
8.679207E-02,1.8318939E-01,-6.6077423E-01
8.679535E-02,1.8280792E-01,-6.3079071E-01
8.679863E-02,1.8303680E-01,-6.0263824E-01
8.680190E-02,1.8296051E-01,-5.7196808E-01
8.680518E-02,1.8303680E-01,-5.4160309E-01
8.680846E-02,1.8372345E-01,-5.1154327E-01
8.681173E-02,1.8349457E-01,-4.8026276E-01
8.681501E-02,1.8456268E-01,-4.4921112E-01
8.681829E-02,1.8471527E-01,-4.1701508E-01
8.682156E-02,1.8494415E-01,-3.8512421E-01
8.682484E-02,1.8486786E-01,-3.5315704E-01
8.682812E-02,1.8463898E-01,-3.2065582E-01
8.683140E-02,1.8563080E-01,-2.8807831E-01
8.683467E-02,1.8593597E-01,-2.5466156E-01
8.683795E-02,1.8654633E-01,-2.2040558E-01
8.684123E-02,1.8715668E-01,-1.8630219E-01
8.684450E-02,1.8730927E-01,-1.5196991E-01
8.684778E-02,1.8746185E-01,-1.1748505E-01
8.685106E-02,1.8799591E-01,-8.2695007E-02
8.685433E-02,1.8898773E-01,-4.8667908E-02
8.685761E-02,1.8967438E-01,-1.3648987E-02
8.686089E-02,1.9020844E-01,2.1369934E-02
8.686416E-02,1.9158173E-01,5.8219910E-02
8.686744E-02,1.9173431E-01,9.3696594E-02
8.687072E-02,1.9310760E-01,1.2978363E-01
8.687399E-02,1.9486237E-01,1.6609955E-01
8.687727E-02,1.9524384E-01,2.0180511E-01
8.688055E-02,1.9600677E-01,2.3812103E-01
8.688382E-02,1.9753265E-01,2.7497101E-01
8.688710E-02,1.9753265E-01,3.1037140E-01
8.689038E-02,1.9882965E-01,3.4561920E-01
8.689365E-02,1.9959259E-01,3.8132477E-01
8.689693E-02,2.0005035E-01,4.1840363E-01
8.690021E-02,2.0165253E-01,4.5288849E-01
8.690348E-02,2.0287323E-01,4.8928070E-01
8.690676E-02,2.0417023E-01,5.2429962E-01
8.691004E-02,2.0493317E-01,5.6053925E-01
8.691332E-02,2.0607758E-01,5.9395599E-01
8.691659E-02,2.0722198E-01,6.2798309E-01
8.691987E-02,2.0813751E-01,6.6368866E-01
8.692315E-02,2.0882416E-01,6.9687653E-01
8.692642E-02,2.1027374E-01,7.3441315E-01
8.692970E-02,2.1187592E-01,7.6889801E-01
8.693298E-02,2.1332550E-01,8.0429840E-01
8.693625E-02,2.1462250E-01,8.3977509E-01
8.693953E-02,2.1591949E-01,8.7502289E-01
8.694281E-02,2.1714020E-01,9.0859222E-01
8.694608E-02,2.1866608E-01,9.4292450E-01
8.694936E-02,2.1950531E-01,9.7718048E-01
8.695264E-02,2.2179413E-01,1.0115891E+00
8.695591E-02,2.2248077E-01,1.0450821E+00
8.695919E-02,2.2332001E-01,1.0783463E+00
8.696247E-02,2.2499847E-01,1.1116867E+00
8.696574E-02,2.2560883E-01,1.1451797E+00
8.696902E-02,2.2599030E-01,1.1769943E+00
8.697230E-02,2.2629547E-01,1.2091904E+00
8.697557E-02,2.2591400E-01,1.2418442E+00
8.697885E-02,2.2599030E-01,1.2732773E+00
8.698213E-02,2.2553253E-01,1.3044052E+00
8.698540E-02,2.2545624E-01,1.3340073E+00
8.698868E-02,2.2629547E-01,1.3643723E+00
8.699196E-02,2.2698212E-01,1.3936691E+00
8.699524E-02,2.2728729E-01,1.4234238E+00
8.699851E-02,2.2690582E-01,1.4527206E+00
8.700179E-02,2.2789764E-01,1.4803391E+00
8.700507E-02,2.2866058E-01,1.5078812E+00
8.700834E-02,2.2888947E-01,1.5357285E+00
8.701162E-02,2.3102570E-01,1.5627365E+00
8.701490E-02,2.3125458E-01,1.5896683E+00
8.701817E-02,2.3270416E-01,1.6169815E+00
8.702145E-02,2.3392487E-01,1.6419296E+00
8.702473E-02,2.3575592E-01,1.6674881E+00
8.702800E-02,2.3712921E-01,1.6920547E+00
8.703128E-02,2.3796844E-01,1.7159348E+00
8.703456E-02,2.3987579E-01,1.7397385E+00
8.703783E-02,2.4170685E-01,1.7633133E+00
8.704111E-02,2.4399567E-01,1.7860489E+00
8.704439E-02,2.4575043E-01,1.8078690E+00
8.704766E-02,2.4735260E-01,1.8286972E+00
8.705094E-02,2.5025177E-01,1.8498306E+00
8.705422E-02,2.5200653E-01,1.8698959E+00
8.705749E-02,2.5521088E-01,1.8898849E+00
8.706077E-02,2.5688934E-01,1.9081955E+00
8.706405E-02,2.5963593E-01,1.9271164E+00
8.706732E-02,2.6207733E-01,1.9439011E+00
8.707060E-02,2.6566315E-01,1.9608383E+00
8.707388E-02,2.6764679E-01,1.9777756E+00
8.707716E-02,2.6993561E-01,1.9941025E+00
8.708043E-02,2.7245331E-01,2.0092850E+00
8.708371E-02,2.7634430E-01,2.0240860E+00
8.708699E-02,2.8023529E-01,2.0369797E+00
8.709026E-02,2.8359222E-01,2.0494919E+00
8.709354E-02,2.8664398E-01,2.0620041E+00
8.709682E-02,2.8519440E-01,2.0734482E+00
8.710009E-02,2.7924347E-01,2.0848923E+00
8.710337E-02,2.8015900E-01,2.0944290E+00
8.710665E-02,2.8122711E-01,2.1044235E+00
8.710992E-02,2.8183746E-01,2.1120529E+00
8.711320E-02,2.8244781E-01,2.1202164E+00
8.711648E-02,2.8252411E-01,2.1276169E+00
8.711975E-02,2.8321075E-01,2.1338730E+00
8.712303E-02,2.8351593E-01,2.1388321E+00
8.712631E-02,2.8397369E-01,2.1443253E+00
8.712958E-02,2.8534698E-01,2.1480637E+00
8.713286E-02,2.8565216E-01,2.1521072E+00
8.713614E-02,2.8519440E-01,2.1553116E+00
8.713941E-02,2.8527069E-01,2.1576004E+00
8.714269E-02,2.8565216E-01,2.1585159E+00
8.714597E-02,2.8511810E-01,2.1594315E+00
8.714924E-02,2.8610992E-01,2.1589737E+00
8.715252E-02,2.8626251E-01,2.1589737E+00
8.715580E-02,2.8618622E-01,2.1580582E+00
8.715908E-02,2.8649139E-01,2.1548538E+00
8.716235E-02,2.8595734E-01,2.1520309E+00
8.716563E-02,2.8610992E-01,2.1480637E+00
8.716891E-02,2.8511810E-01,2.1434860E+00
8.717218E-02,2.8511810E-01,2.1381454E+00
8.717546E-02,2.8435516E-01,2.1316605E+00
8.717874E-02,2.8435516E-01,2.1257095E+00
8.718201E-02,2.8397369E-01,2.1186142E+00
8.718529E-02,2.8359222E-01,2.1092300E+00
8.718857E-02,2.8351593E-01,2.1007614E+00
8.719184E-02,2.8244781E-01,2.0916061E+00
8.719512E-02,2.8298187E-01,2.0814590E+00
8.719840E-02,2.8191376E-01,2.0702438E+00
8.720167E-02,2.8153229E-01,2.0585709E+00
8.720495E-02,2.7962494E-01,2.0466690E+00
8.720823E-02,2.7939606E-01,2.0330887E+00
8.721150E-02,2.7886200E-01,2.0200424E+00
8.721478E-02,2.7832794E-01,2.0063095E+00
8.721806E-02,2.7771759E-01,1.9899826E+00
8.722133E-02,2.7680206E-01,1.9736557E+00
8.722461E-02,2.7611542E-01,1.9576340E+00
8.722789E-02,2.7489471E-01,1.9403152E+00
8.723116E-02,2.7283478E-01,1.9239883E+00
8.723444E-02,2.7222443E-01,1.9048386E+00
8.723772E-02,2.7108002E-01,1.8851547E+00
8.724100E-02,2.6985931E-01,1.8648605E+00
8.724427E-02,2.6932526E-01,1.8452530E+00
8.724755E-02,2.6795197E-01,1.8252640E+00
8.725083E-02,2.6688385E-01,1.8034439E+00
8.725410E-02,2.6497650E-01,1.7813950E+00
8.725738E-02,2.6444244E-01,1.7582779E+00
8.726066E-02,2.6276398E-01,1.7359238E+00
8.726393E-02,2.6161957E-01,1.7118149E+00
8.726721E-02,2.6039886E-01,1.6878586E+00
8.727049E-02,2.5933075E-01,1.6633682E+00
8.727376E-02,2.5780487E-01,1.6387253E+00
8.727704E-02,2.5597382E-01,1.6123276E+00
8.728032E-02,2.5521088E-01,1.5846329E+00
8.728359E-02,2.5353241E-01,1.5576248E+00
8.728687E-02,2.5246429E-01,1.5308456E+00
8.729015E-02,2.5109100E-01,1.5033035E+00
8.729342E-02,2.4971771E-01,1.4757614E+00
8.729670E-02,2.4781036E-01,1.4473038E+00
8.729998E-02,2.4597931E-01,1.4179306E+00
8.730325E-02,2.4452972E-01,1.3888626E+00
8.730653E-02,2.4285126E-01,1.3588791E+00
8.730981E-02,2.4063873E-01,1.3285904E+00
8.731308E-02,2.3979950E-01,1.2980728E+00
8.731636E-02,2.3827362E-01,1.2666397E+00
8.731964E-02,2.3682404E-01,1.2349014E+00
8.732292E-02,2.3567963E-01,1.2028580E+00
8.732619E-02,2.3354340E-01,1.1705856E+00
8.732947E-02,2.3300934E-01,1.1383133E+00
8.733275E-02,2.3155975E-01,1.1050491E+00
8.733602E-02,2.3033905E-01,1.0723953E+00
8.733930E-02,2.2843170E-01,1.0384445E+00
8.734258E-02,2.2728729E-01,1.0053329E+00
8.734585E-02,2.2560883E-01,9.7077179E-01
8.734913E-02,2.2431183E-01,9.3674469E-01
8.735241E-02,2.2316742E-01,9.0119171E-01
8.735568E-02,2.2171783E-01,8.6785126E-01
8.735896E-02,2.2049713E-01,8.3306122E-01
8.736224E-02,2.1935272E-01,7.9773712E-01
8.736551E-02,2.1836090E-01,7.6302338E-01
8.736879E-02,2.1698761E-01,7.2739410E-01
8.737207E-02,2.1515656E-01,6.9168854E-01
8.737534E-02,2.1401215E-01,6.5705109E-01
8.737862E-02,2.1347809E-01,6.2142181E-01
8.738190E-02,2.1202850E-01,5.8838654E-01
8.738517E-02,2.1035004E-01,5.5458832E-01
8.738845E-02,2.0958710E-01,5.1934052E-01
8.739173E-02,2.0821381E-01,4.8416901E-01
8.739500E-02,2.0752716E-01,4.4853973E-01
8.739828E-02,2.0630646E-01,4.1237640E-01
8.740156E-02,2.0500946E-01,3.7560272E-01
8.740484E-02,2.0409393E-01,3.4081268E-01
8.740811E-02,2.0333099E-01,3.0426788E-01
8.741139E-02,2.0180511E-01,2.6879120E-01
8.741467E-02,2.0081329E-01,2.3232269E-01
8.741794E-02,2.0050812E-01,1.9715118E-01
8.742122E-02,1.9936371E-01,1.6091156E-01
8.742450E-02,1.9799042E-01,1.2406158E-01
8.742777E-02,1.9730377E-01,8.8890076E-02
8.743105E-02,1.9669342E-01,5.3413391E-02
8.743433E-02,1.9547272E-01,1.8165588E-02
8.743760E-02,1.9432831E-01,-1.7005920E-02
8.744088E-02,1.9455719E-01,-5.2177429E-02
8.744416E-02,1.9371796E-01,-8.6204529E-02
8.744743E-02,1.9257355E-01,-1.2091827E-01
8.745071E-02,1.9127655E-01,-1.5532684E-01
8.745399E-02,1.9120026E-01,-1.8927765E-01
8.745726E-02,1.9066620E-01,-2.2391510E-01
8.746054E-02,1.9013214E-01,-2.5870514E-01
8.746382E-02,1.8997955E-01,-2.9135895E-01
8.746709E-02,1.8868256E-01,-3.2408905E-01
8.747037E-02,1.8784332E-01,-3.5674286E-01
8.747365E-02,1.8715668E-01,-3.8939667E-01
8.747692E-02,1.8715668E-01,-4.2136383E-01
8.748020E-02,1.8677521E-01,-4.5325470E-01
8.748348E-02,1.8563080E-01,-4.8453522E-01
8.748676E-02,1.8486786E-01,-5.1573944E-01
8.749003E-02,1.8654633E-01,-5.4602814E-01
8.749331E-02,1.8608856E-01,-5.7608795E-01
8.749659E-02,1.8540192E-01,-6.0599518E-01
8.749986E-02,1.8502045E-01,-6.3567352E-01
8.750314E-02,1.8524933E-01,-6.6336823E-01
8.750642E-02,1.8532562E-01,-6.9190216E-01
8.750969E-02,1.8555450E-01,-7.1997833E-01
8.751297E-02,1.8456268E-01,-7.4813080E-01
8.751625E-02,1.8395233E-01,-7.7552032E-01
8.751952E-02,1.8364716E-01,-8.0107880E-01
8.752280E-02,1.8341827E-01,-8.2816315E-01
8.752608E-02,1.8257904E-01,-8.5288239E-01
8.752935E-02,1.8318939E-01,-8.7790680E-01
8.753263E-02,1.8326569E-01,-9.0338898E-01
8.753591E-02,1.8265533E-01,-9.2765045E-01
8.753918E-02,1.8257904E-01,-9.5061493E-01
8.754246E-02,1.8265533E-01,-9.7296906E-01
8.754574E-02,1.8311310E-01,-9.9593353E-01
8.754901E-02,1.8242645E-01,-1.0179062E+00
8.755229E-02,1.8196869E-01,-1.0385056E+00
8.755557E-02,1.8166351E-01,-1.0575790E+00
8.755884E-02,1.8158722E-01,-1.0780258E+00
8.756212E-02,1.8204498E-01,-1.0977859E+00
8.756540E-02,1.8212128E-01,-1.1158676E+00
8.756868E-02,1.8273163E-01,-1.1334915E+00
8.757195E-02,1.8227386E-01,-1.1510391E+00
8.757523E-02,1.8196869E-01,-1.1666031E+00
8.757851E-02,1.8181610E-01,-1.1825485E+00
8.758178E-02,1.8166351E-01,-1.1976547E+00
8.758506E-02,1.8143463E-01,-1.2121506E+00
8.758834E-02,1.8105316E-01,-1.2262650E+00
8.759161E-02,1.8151093E-01,-1.2392349E+00
8.759489E-02,1.8143463E-01,-1.2509842E+00
8.759817E-02,1.8120575E-01,-1.2618942E+00
8.760144E-02,1.8097687E-01,-1.2732620E+00
8.760472E-02,1.8074799E-01,-1.2833328E+00
8.760800E-02,1.8112946E-01,-1.2924881E+00
8.761127E-02,1.8158722E-01,-1.3010330E+00
8.761455E-02,1.8143463E-01,-1.3088150E+00
8.761783E-02,1.8090057E-01,-1.3158340E+00
8.762110E-02,1.8082428E-01,-1.3224716E+00
8.762438E-02,1.8120575E-01,-1.3269730E+00
8.762766E-02,1.8151093E-01,-1.3320847E+00
8.763093E-02,1.8219757E-01,-1.3372726E+00
8.763421E-02,1.8120575E-01,-1.3404770E+00
8.763749E-02,1.8181610E-01,-1.3426132E+00
8.764076E-02,1.8212128E-01,-1.3448257E+00
8.764404E-02,1.8181610E-01,-1.3465805E+00
8.764732E-02,1.8196869E-01,-1.3468857E+00
8.765060E-02,1.8280792E-01,-1.3468094E+00
8.765387E-02,1.8181610E-01,-1.3451309E+00
8.765715E-02,1.8227386E-01,-1.3429947E+00
8.766043E-02,1.8189240E-01,-1.3413162E+00
8.766370E-02,1.8173981E-01,-1.3384933E+00
8.766698E-02,1.8173981E-01,-1.3340683E+00
8.767026E-02,1.8235016E-01,-1.3292618E+00
8.767353E-02,1.8173981E-01,-1.3233109E+00
8.767681E-02,1.8120575E-01,-1.3165970E+00
8.768009E-02,1.8196869E-01,-1.3095016E+00
8.768336E-02,1.8120575E-01,-1.3015671E+00
8.768664E-02,1.8067169E-01,-1.2937851E+00
8.768992E-02,1.8135834E-01,-1.2843246E+00
8.769319E-02,1.8105316E-01,-1.2745590E+00
8.769647E-02,1.8173981E-01,-1.2631149E+00
8.769975E-02,1.8181610E-01,-1.2523575E+00
8.770302E-02,1.8158722E-01,-1.2393875E+00
8.770630E-02,1.8181610E-01,-1.2263412E+00
8.770958E-02,1.8265533E-01,-1.2130661E+00
8.771285E-02,1.8173981E-01,-1.1975021E+00
8.771613E-02,1.8212128E-01,-1.1834641E+00
8.771941E-02,1.8250275E-01,-1.1679764E+00
8.772268E-02,1.8204498E-01,-1.1517258E+00
8.772596E-02,1.8250275E-01,-1.1359329E+00
8.772924E-02,1.8166351E-01,-1.1173172E+00
8.773252E-02,1.8196869E-01,-1.0990067E+00
8.773579E-02,1.8219757E-01,-1.0788651E+00
8.773907E-02,1.8212128E-01,-1.0594864E+00
8.774235E-02,1.8219757E-01,-1.0393448E+00
8.774562E-02,1.8280792E-01,-1.0178299E+00
8.774890E-02,1.8250275E-01,-9.9761200E-01
8.775218E-02,1.8273163E-01,-9.7571564E-01
8.775545E-02,1.8326569E-01,-9.5183563E-01
8.775873E-02,1.8257904E-01,-9.2986298E-01
8.776201E-02,1.8265533E-01,-9.0613556E-01
8.776528E-02,1.8326569E-01,-8.8118744E-01
8.776856E-02,1.8357086E-01,-8.5540009E-01
8.777184E-02,1.8372345E-01,-8.3014679E-01
8.777511E-02,1.8410492E-01,-8.0382538E-01
8.777839E-02,1.8463898E-01,-7.7742767E-01
8.778167E-02,1.8410492E-01,-7.5080109E-01
8.778494E-02,1.8494415E-01,-7.2287750E-01
8.778822E-02,1.8547821E-01,-6.9480133E-01
8.779150E-02,1.8570709E-01,-6.6764069E-01
8.779477E-02,1.8563080E-01,-6.3910675E-01
8.779805E-02,1.8654633E-01,-6.0874176E-01
8.780133E-02,1.8708038E-01,-5.7883453E-01
8.780460E-02,1.8708038E-01,-5.4900360E-01
8.780788E-02,1.8791962E-01,-5.1787567E-01
8.781116E-02,1.8860626E-01,-4.8682404E-01
8.781444E-02,1.8891144E-01,-4.5531464E-01
8.781771E-02,1.9020844E-01,-4.2395782E-01
8.782099E-02,1.8997955E-01,-3.9183807E-01
8.782427E-02,1.9066620E-01,-3.5956573E-01
8.782754E-02,1.9097137E-01,-3.2675934E-01
8.783082E-02,1.9165802E-01,-2.9441071E-01
8.783410E-02,1.9257355E-01,-2.6061249E-01
8.783737E-02,1.9356537E-01,-2.2551727E-01
8.784065E-02,1.9394684E-01,-1.9217682E-01
8.784393E-02,1.9470978E-01,-1.5784454E-01
8.784720E-02,1.9486237E-01,-1.2328339E-01
8.785048E-02,1.9570160E-01,-8.8493347E-02
8.785376E-02,1.9684601E-01,-5.3703308E-02
8.785703E-02,1.9699860E-01,-1.8608093E-02
8.786031E-02,1.9882965E-01,1.6639709E-02
8.786359E-02,1.9951630E-01,5.1963806E-02
8.786686E-02,2.0027924E-01,8.7821960E-02
8.787014E-02,2.0073700E-01,1.2223053E-01
8.787342E-02,2.0134735E-01,1.5969086E-01
8.787669E-02,2.0325470E-01,1.9532013E-01
8.787997E-02,2.0424652E-01,2.3041534E-01
8.788325E-02,2.0462799E-01,2.6657867E-01
8.788652E-02,2.0516205E-01,3.0281830E-01
8.788980E-02,2.0661163E-01,3.3776093E-01
8.789308E-02,2.0722198E-01,3.7377167E-01
8.789636E-02,2.0859528E-01,4.1077423E-01
8.789963E-02,2.0928192E-01,4.4663239E-01
8.790291E-02,2.1019745E-01,4.8195648E-01
8.790619E-02,2.1057892E-01,5.1728058E-01
8.790946E-02,2.1157074E-01,5.5321503E-01
8.791274E-02,2.1309662E-01,5.8686066E-01
8.791602E-02,2.1363068E-01,6.2104034E-01
8.791929E-02,2.1469879E-01,6.5651703E-01
8.792257E-02,2.1637726E-01,6.9161224E-01
8.792585E-02,2.1675873E-01,7.2724152E-01
8.792912E-02,2.1736908E-01,7.6302338E-01
8.793240E-02,2.1813202E-01,7.9811859E-01
8.793568E-02,2.1973419E-01,8.3290863E-01
8.793895E-02,2.2126007E-01,8.6853790E-01
8.794223E-02,2.2179413E-01,9.0271759E-01
8.794551E-02,2.2354889E-01,9.3727875E-01
8.794878E-02,2.2385406E-01,9.7168732E-01
8.795206E-02,2.2476959E-01,1.0062485E+00
8.795534E-02,2.2568512E-01,1.0396652E+00
8.795861E-02,2.2721100E-01,1.0726242E+00
8.796189E-02,2.2789764E-01,1.1059647E+00
8.796517E-02,2.2965240E-01,1.1389236E+00
8.796844E-02,2.2995758E-01,1.1705856E+00
8.797172E-02,2.3140717E-01,1.2024765E+00
8.797500E-02,2.3163605E-01,1.2347488E+00
8.797828E-02,2.3186493E-01,1.2662582E+00
8.798155E-02,2.3308563E-01,1.2979965E+00
8.798483E-02,2.3415375E-01,1.3275223E+00
8.798811E-02,2.3506927E-01,1.3588028E+00
8.799138E-02,2.3552704E-01,1.3890152E+00
8.799466E-02,2.3628998E-01,1.4174728E+00
8.799794E-02,2.3766327E-01,1.4468460E+00
8.800121E-02,2.3773956E-01,1.4751511E+00
8.800449E-02,2.3857880E-01,1.5034561E+00
8.800777E-02,2.3934174E-01,1.5305405E+00
8.801104E-02,2.4025726E-01,1.5575485E+00
8.801432E-02,2.4094391E-01,1.5842514E+00
8.801760E-02,2.4124908E-01,1.6114883E+00
8.802087E-02,2.4246979E-01,1.6375046E+00
8.802415E-02,2.4201202E-01,1.6633682E+00
8.802743E-02,2.4346161E-01,1.6882401E+00
8.803070E-02,2.4376678E-01,1.7121964E+00
8.803398E-02,2.4346161E-01,1.7360764E+00
8.803726E-02,2.4422455E-01,1.7588120E+00
8.804053E-02,2.4483490E-01,1.7811661E+00
8.804381E-02,2.4475861E-01,1.8024521E+00
8.804709E-02,2.4452972E-01,1.8243484E+00
8.805036E-02,2.4544525E-01,1.8457108E+00
8.805364E-02,2.4559784E-01,1.8655472E+00
8.805692E-02,2.4582672E-01,1.8849258E+00
8.806020E-02,2.4544525E-01,1.9046860E+00
8.806347E-02,2.4582672E-01,1.9226913E+00
8.806675E-02,2.4590302E-01,1.9408493E+00
8.807003E-02,2.4529266E-01,1.9570236E+00
8.807330E-02,2.4605560E-01,1.9734268E+00
8.807658E-02,2.4514008E-01,1.9897537E+00
8.807986E-02,2.4491119E-01,2.0050888E+00
8.808313E-02,2.4407196E-01,2.0195847E+00
8.808641E-02,2.4384308E-01,2.0330887E+00
8.808969E-02,2.4369049E-01,2.0466690E+00
8.809296E-02,2.4323273E-01,2.0585709E+00
8.809624E-02,2.4277496E-01,2.0699387E+00
8.809952E-02,2.4224091E-01,2.0806198E+00
8.810279E-02,2.4185944E-01,2.0913773E+00
8.810607E-02,2.4071503E-01,2.1011429E+00
8.810935E-02,2.4002838E-01,2.1096115E+00
8.811262E-02,2.3957062E-01,2.1171646E+00
8.811590E-02,2.3903656E-01,2.1247177E+00
8.811918E-02,2.3842621E-01,2.1315842E+00
8.812245E-02,2.3644257E-01,2.1372299E+00
8.812573E-02,2.3651886E-01,2.1421127E+00
8.812901E-02,2.3598480E-01,2.1472244E+00
8.813228E-02,2.3506927E-01,2.1506577E+00
8.813556E-02,2.3423004E-01,2.1540146E+00
8.813884E-02,2.3201752E-01,2.1563797E+00
8.814212E-02,2.3178864E-01,2.1572189E+00
8.814539E-02,2.3026276E-01,2.1583633E+00
8.814867E-02,2.2949982E-01,2.1586685E+00
8.815195E-02,2.2820282E-01,2.1581345E+00
8.815522E-02,2.2621918E-01,2.1559982E+00
8.815850E-02,2.2530365E-01,2.1534042E+00
8.816178E-02,2.2408295E-01,2.1505051E+00
8.816505E-02,2.2225189E-01,2.1482162E+00
8.816833E-02,2.2110748E-01,2.1419601E+00
8.817161E-02,2.1942902E-01,2.1379166E+00
8.817488E-02,2.1858978E-01,2.1322708E+00
8.817816E-02,2.1729279E-01,2.1257095E+00
8.818144E-02,2.1546173E-01,2.1183090E+00
8.818471E-02,2.1401215E-01,2.1098404E+00
8.818799E-02,2.1256256E-01,2.1014481E+00
8.819127E-02,2.1096039E-01,2.0919113E+00
8.819454E-02,2.0920563E-01,2.0816879E+00
8.819782E-02,2.0684052E-01,2.0707779E+00
8.820110E-02,2.0523834E-01,2.0593338E+00
8.820437E-02,2.0371246E-01,2.0484238E+00
8.820765E-02,2.0119476E-01,2.0354538E+00
8.821093E-02,1.9928741E-01,2.0212631E+00
8.821420E-02,1.9707489E-01,2.0073776E+00
8.821748E-02,1.9577789E-01,1.9921951E+00
8.822076E-02,1.9440460E-01,1.9751816E+00
8.822404E-02,1.9234467E-01,1.9587784E+00
8.822731E-02,1.9043732E-01,1.9424515E+00
8.823059E-02,1.8822479E-01,1.9249039E+00
8.823387E-02,1.8700409E-01,1.9060593E+00
8.823714E-02,1.8509674E-01,1.8884354E+00
8.824042E-02,1.8349457E-01,1.8679123E+00
8.824370E-02,1.8097687E-01,1.8478470E+00
8.824697E-02,1.7899323E-01,1.8269424E+00
8.825025E-02,1.7708588E-01,1.8055801E+00
8.825353E-02,1.7571259E-01,1.7832260E+00
8.825680E-02,1.7350006E-01,1.7619400E+00
8.826008E-02,1.7136383E-01,1.7392807E+00
8.826336E-02,1.7006683E-01,1.7154007E+00
8.826663E-02,1.6808319E-01,1.6915970E+00
8.826991E-02,1.6655731E-01,1.6667252E+00
8.827319E-02,1.6472626E-01,1.6413956E+00
8.827646E-02,1.6320038E-01,1.6159897E+00
8.827974E-02,1.6159821E-01,1.5883713E+00
8.828302E-02,1.5953827E-01,1.5622787E+00
8.828629E-02,1.5747833E-01,1.5348892E+00
8.828957E-02,1.5572357E-01,1.5069656E+00
8.829285E-02,1.5320587E-01,1.4798813E+00
8.829612E-02,1.5221405E-01,1.4519577E+00
8.829940E-02,1.5000153E-01,1.4226608E+00
8.830268E-02,1.4832306E-01,1.3938217E+00
8.830596E-02,1.4733124E-01,1.3643723E+00
8.830923E-02,1.4534760E-01,1.3335495E+00
8.831251E-02,1.4389801E-01,1.3037186E+00
8.831579E-02,1.4206696E-01,1.2724380E+00
8.831906E-02,1.4015961E-01,1.2410812E+00
8.832234E-02,1.3848114E-01,1.2090378E+00
8.832562E-02,1.3672638E-01,1.1769180E+00
8.832889E-02,1.3565826E-01,1.1444168E+00
8.833217E-02,1.3397980E-01,1.1115341E+00
8.833545E-02,1.3306427E-01,1.0777359E+00
8.833872E-02,1.3100433E-01,1.0453110E+00
8.834200E-02,1.2932587E-01,1.0112839E+00
8.834528E-02,1.2795258E-01,9.7710419E-01
8.834855E-02,1.2604523E-01,9.4239044E-01
8.835183E-02,1.2497711E-01,9.0752411E-01
8.835511E-02,1.2451935E-01,8.7342072E-01
8.835838E-02,1.2314606E-01,8.3832550E-01
8.836166E-02,1.2200165E-01,8.0323029E-01
8.836494E-02,1.2085724E-01,7.6912689E-01
8.836821E-02,1.2017059E-01,7.3296356E-01
8.837149E-02,1.1864471E-01,6.9786835E-01
8.837477E-02,1.1765289E-01,6.6262054E-01
8.837804E-02,1.1650848E-01,6.2729645E-01
8.838132E-02,1.1605072E-01,5.9304047E-01
8.838460E-02,1.1399078E-01,5.6046295E-01
8.838788E-02,1.1391449E-01,5.2445221E-01
8.839115E-02,1.1277008E-01,4.8836517E-01
8.839443E-02,1.1200714E-01,4.5288849E-01
8.839771E-02,1.1132050E-01,4.1748810E-01
8.840098E-02,1.1040497E-01,3.8193512E-01
8.840426E-02,1.1002350E-01,3.4607697E-01
8.840754E-02,1.0872650E-01,3.0998993E-01
8.841081E-02,1.0720062E-01,2.7397919E-01
8.841409E-02,1.0758209E-01,2.3751068E-01
8.841737E-02,1.0674286E-01,2.0188141E-01
8.842064E-02,1.0575104E-01,1.6648102E-01
8.842392E-02,1.0514069E-01,1.3039398E-01
8.842720E-02,1.0468292E-01,9.4459534E-02
8.843047E-02,1.0437775E-01,5.8601379E-02
8.843375E-02,1.0376740E-01,2.3429871E-02
8.843703E-02,1.0247040E-01,-1.1741638E-02
8.844030E-02,1.0186005E-01,-4.8210144E-02
8.844358E-02,1.0231781E-01,-8.1779480E-02
8.844686E-02,1.0163116E-01,-1.1672211E-01
8.845013E-02,1.0140228E-01,-1.5113068E-01
8.845341E-02,1.0155487E-01,-1.8531036E-01
8.845669E-02,1.0079193E-01,-2.1979523E-01
8.845996E-02,9.9876404E-02,-2.5351715E-01
8.846324E-02,1.0010529E-01,-2.8662872E-01
8.846652E-02,9.9266052E-02,-3.1935883E-01
8.846980E-02,9.9800110E-02,-3.5208893E-01
8.847307E-02,9.9494934E-02,-3.8443756E-01
8.847635E-02,9.8808289E-02,-4.1655731E-01
8.847963E-02,9.8884583E-02,-4.4829559E-01
8.848290E-02,9.8808289E-02,-4.7980499E-01
8.848618E-02,9.9342346E-02,-5.1093292E-01
8.848946E-02,9.9189758E-02,-5.4160309E-01
8.849273E-02,9.8731995E-02,-5.7166290E-01
8.849601E-02,9.8426819E-02,-6.0263824E-01
8.849929E-02,9.8731995E-02,-6.3140106E-01
8.850256E-02,9.8884583E-02,-6.6092682E-01
8.850584E-02,9.9037170E-02,-6.8907928E-01
8.850912E-02,9.8960876E-02,-7.1524811E-01
8.851239E-02,9.9647522E-02,-7.4355316E-01
8.851567E-02,9.9723816E-02,-7.7147675E-01
8.851895E-02,9.9037170E-02,-7.9840851E-01
8.852222E-02,9.9266052E-02,-8.2450104E-01
8.852550E-02,9.9342346E-02,-8.4960175E-01
8.852878E-02,9.9037170E-02,-8.7493134E-01
8.853205E-02,9.9494934E-02,-9.0094757E-01
8.853533E-02,9.9266052E-02,-9.2406464E-01
8.853861E-02,9.9266052E-02,-9.4809723E-01
8.854188E-02,9.9494934E-02,-9.7083282E-01
8.854516E-02,9.9418640E-02,-9.9280548E-01
8.854844E-02,9.9037170E-02,-1.0147781E+00
8.855172E-02,9.9266052E-02,-1.0355301E+00
8.855499E-02,9.8655701E-02,-1.0556717E+00
8.855827E-02,9.8426819E-02,-1.0748215E+00
8.856155E-02,9.9418640E-02,-1.0945816E+00
8.856482E-02,9.8731995E-02,-1.1137314E+00
8.856810E-02,9.9037170E-02,-1.1315842E+00
8.857138E-02,9.9113464E-02,-1.1483688E+00
8.857465E-02,9.9037170E-02,-1.1644669E+00
8.857793E-02,9.9342346E-02,-1.1800308E+00
8.858121E-02,9.9113464E-02,-1.1949081E+00
8.858448E-02,9.9647522E-02,-1.2094803E+00
8.858776E-02,9.9800110E-02,-1.2232895E+00
8.859104E-02,9.9647522E-02,-1.2363358E+00
8.859431E-02,9.9418640E-02,-1.2480087E+00
8.859759E-02,1.0033417E-01,-1.2599106E+00
8.860087E-02,1.0002899E-01,-1.2705154E+00
8.860414E-02,1.0056305E-01,-1.2808914E+00
8.860742E-02,1.0048676E-01,-1.2901993E+00
8.861070E-02,1.0010529E-01,-1.2998886E+00
8.861397E-02,1.0018158E-01,-1.3076706E+00
8.861725E-02,9.9418640E-02,-1.3158340E+00
8.862053E-02,9.9723816E-02,-1.3227005E+00
8.862380E-02,9.9266052E-02,-1.3288803E+00
8.862708E-02,9.9418640E-02,-1.3333817E+00
8.863036E-02,9.8884583E-02,-1.3377304E+00
8.863364E-02,9.8884583E-02,-1.3416214E+00
8.863691E-02,9.8960876E-02,-1.3438339E+00
8.864019E-02,9.8960876E-02,-1.3462753E+00
8.864347E-02,9.9723816E-02,-1.3474960E+00
8.864674E-02,9.9189758E-02,-1.3482590E+00
8.865002E-02,9.9418640E-02,-1.3476486E+00
8.865330E-02,9.8121643E-02,-1.3466568E+00
8.865657E-02,9.8808289E-02,-1.3442917E+00
8.865985E-02,9.8884583E-02,-1.3414688E+00
8.866313E-02,9.8731995E-02,-1.3390274E+00
8.866640E-02,9.8350525E-02,-1.3347549E+00
8.866968E-02,9.9113464E-02,-1.3310165E+00
8.867296E-02,9.9037170E-02,-1.3254471E+00
8.867623E-02,9.8884583E-02,-1.3189621E+00
8.867951E-02,9.8884583E-02,-1.3114090E+00
8.868279E-02,9.9113464E-02,-1.3040085E+00
8.868606E-02,9.8808289E-02,-1.2966080E+00
8.868934E-02,9.8274231E-02,-1.2876816E+00
8.869262E-02,1.0002899E-01,-1.2773056E+00
8.869589E-02,9.9952698E-02,-1.2663193E+00
8.869917E-02,9.9876404E-02,-1.2548752E+00
8.870245E-02,9.9342346E-02,-1.2419052E+00
8.870572E-02,9.9342346E-02,-1.2303848E+00
8.870900E-02,9.9647522E-02,-1.2164230E+00
8.871228E-02,9.9723816E-02,-1.2021561E+00
8.871556E-02,1.0002899E-01,-1.1877365E+00
8.871883E-02,1.0018158E-01,-1.1718674E+00
8.872211E-02,1.0018158E-01,-1.1556168E+00
8.872539E-02,1.0079193E-01,-1.1386795E+00
8.872866E-02,1.0033417E-01,-1.1209030E+00
8.873194E-02,1.0041046E-01,-1.1038895E+00
8.873522E-02,1.0056305E-01,-1.0839767E+00
8.873849E-02,1.0063934E-01,-1.0641403E+00
8.874177E-02,1.0117340E-01,-1.0443039E+00
8.874505E-02,1.0163116E-01,-1.0237808E+00
8.874832E-02,1.0132599E-01,-1.0018845E+00
8.875160E-02,1.0155487E-01,-9.7930145E-01
8.875488E-02,1.0201263E-01,-9.5656586E-01
8.875815E-02,1.0269928E-01,-9.3268585E-01
8.876143E-02,1.0269928E-01,-9.0949249E-01
8.876471E-02,1.0216522E-01,-8.8584137E-01
8.876798E-02,1.0308075E-01,-8.6043549E-01
8.877126E-02,1.0330963E-01,-8.3441925E-01
8.877454E-02,1.0330963E-01,-8.0924225E-01
8.877781E-02,1.0346222E-01,-7.8231049E-01
8.878109E-02,1.0407257E-01,-7.5553131E-01
8.878437E-02,1.0491180E-01,-7.2882843E-01
8.878764E-02,1.0506439E-01,-7.0044708E-01
8.879092E-02,1.0521698E-01,-6.7206573E-01
8.879420E-02,1.0536957E-01,-6.4437103E-01
8.879748E-02,1.0575104E-01,-6.1469269E-01
8.880075E-02,1.0597992E-01,-5.8600616E-01
8.880403E-02,1.0636139E-01,-5.5472565E-01
8.880731E-02,1.0681915E-01,-5.2428436E-01
8.881058E-02,1.0712433E-01,-4.9292755E-01
8.881386E-02,1.0765839E-01,-4.6233368E-01
8.881714E-02,1.0781097E-01,-4.3029022E-01
8.882041E-02,1.0880280E-01,-3.9748383E-01
8.882369E-02,1.0903168E-01,-3.6528778E-01
8.882697E-02,1.0941315E-01,-3.3278656E-01
8.883024E-02,1.0979462E-01,-3.0005646E-01
8.883352E-02,1.1017609E-01,-2.6679230E-01
8.883680E-02,1.1009979E-01,-2.3307037E-01
8.884007E-02,1.1116791E-01,-1.9927216E-01
8.884335E-02,1.1170197E-01,-1.6532135E-01
8.884663E-02,1.1269379E-01,-1.2969208E-01
8.884990E-02,1.1307526E-01,-9.5588684E-02
8.885318E-02,1.1391449E-01,-6.1180115E-02
8.885646E-02,1.1444855E-01,-2.6771545E-02
8.885973E-02,1.1521149E-01,8.7814331E-03
8.886301E-02,1.1582184E-01,4.4487000E-02
8.886629E-02,1.1643219E-01,7.9200745E-02
8.886956E-02,1.1734772E-01,1.1536407E-01
8.887284E-02,1.1818695E-01,1.5183258E-01
8.887612E-02,1.1841583E-01,1.8784332E-01
8.887940E-02,1.1910248E-01,2.2362518E-01
8.888267E-02,1.1910248E-01,2.5894928E-01
8.888595E-02,1.1994171E-01,2.9572296E-01
8.888923E-02,1.2085724E-01,3.3066559E-01
8.889250E-02,1.2116241E-01,3.6652374E-01
8.889578E-02,1.2116241E-01,4.0253448E-01
8.889906E-02,1.2230682E-01,4.3862152E-01
8.890233E-02,1.2261200E-01,4.7409821E-01
8.890561E-02,1.2299347E-01,5.0980377E-01
8.890889E-02,1.2345123E-01,5.4512787E-01
8.891216E-02,1.2406158E-01,5.7968903E-01
8.891544E-02,1.2459564E-01,6.1325836E-01
8.891872E-02,1.2520599E-01,6.4881134E-01
8.892199E-02,1.2642670E-01,6.8352509E-01
8.892527E-02,1.2596893E-01,7.1739960E-01
8.892855E-02,1.2657928E-01,7.5440216E-01
8.893182E-02,1.2673187E-01,7.8926849E-01
8.893510E-02,1.2802887E-01,8.2451630E-01
8.893838E-02,1.2810516E-01,8.5968781E-01
8.894165E-02,1.2863922E-01,8.9447784E-01
8.894493E-02,1.2810516E-01,9.2827606E-01
8.894821E-02,1.2902069E-01,9.6283722E-01
8.895148E-02,1.2940216E-01,9.9755096E-01
8.895476E-02,1.2886810E-01,1.0313492E+00
8.895804E-02,1.2932587E-01,1.0655289E+00
8.896132E-02,1.2909698E-01,1.0975723E+00
8.896459E-02,1.2963104E-01,1.1312943E+00
8.896787E-02,1.2886810E-01,1.1631851E+00
8.897115E-02,1.2818146E-01,1.1955338E+00
8.897442E-02,1.2940216E-01,1.2278061E+00
8.897770E-02,1.2924957E-01,1.2597733E+00
8.898098E-02,1.2810516E-01,1.2915115E+00
8.898425E-02,1.2932587E-01,1.3216476E+00
8.898753E-02,1.2886810E-01,1.3514023E+00
8.899081E-02,1.2802887E-01,1.3817673E+00
8.899408E-02,1.2757111E-01,1.4104538E+00
8.899736E-02,1.2688446E-01,1.4401321E+00
8.900064E-02,1.2741852E-01,1.4685898E+00
8.900391E-02,1.2642670E-01,1.4968948E+00
8.900719E-02,1.2619781E-01,1.5244370E+00
8.901047E-02,1.2528229E-01,1.5519028E+00
8.901374E-02,1.2589264E-01,1.5790634E+00
8.901702E-02,1.2490082E-01,1.6058426E+00
8.902030E-02,1.2406158E-01,1.6330032E+00
8.902357E-02,1.2413788E-01,1.6580276E+00
8.902685E-02,1.2299347E-01,1.6830521E+00
8.903013E-02,1.2184906E-01,1.7080002E+00
8.903340E-02,1.2108612E-01,1.7306595E+00
8.903668E-02,1.1994171E-01,1.7539291E+00
8.903996E-02,1.1956024E-01,1.7759018E+00
8.904324E-02,1.1803436E-01,1.7973404E+00
8.904651E-02,1.1788177E-01,1.8200760E+00
8.904979E-02,1.1704254E-01,1.8409805E+00
8.905307E-02,1.1589813E-01,1.8611221E+00
8.905634E-02,1.1505890E-01,1.8812637E+00
8.905962E-02,1.1353302E-01,1.8994980E+00
8.906290E-02,1.1277008E-01,1.9188766E+00
8.906617E-02,1.1139679E-01,1.9360428E+00
8.906945E-02,1.1063385E-01,1.9534378E+00
8.907273E-02,1.0857391E-01,1.9693069E+00
8.907600E-02,1.0811615E-01,1.9865494E+00
8.907928E-02,1.0590363E-01,2.0020370E+00
8.908256E-02,1.0346222E-01,2.0169144E+00
8.908583E-02,1.0292816E-01,2.0312576E+00
8.908911E-02,1.0170746E-01,2.0438461E+00
8.909239E-02,1.0063934E-01,2.0559769E+00
8.909566E-02,9.9494934E-02,2.0668869E+00
8.909894E-02,9.6595764E-02,2.0784836E+00
8.910222E-02,9.4993591E-02,2.0889359E+00
8.910549E-02,9.2628479E-02,2.0983963E+00
8.910877E-02,9.1636658E-02,2.1083908E+00
8.911205E-02,8.9195251E-02,2.1161728E+00
8.911532E-02,8.8203430E-02,2.1241074E+00
8.911860E-02,8.6219788E-02,2.1306686E+00
8.912188E-02,8.4007263E-02,2.1366196E+00
8.912516E-02,8.2710266E-02,2.1416550E+00
8.912843E-02,8.0879211E-02,2.1463852E+00
8.913171E-02,7.9582214E-02,2.1511917E+00
8.913499E-02,7.6759338E-02,2.1550064E+00
8.913826E-02,7.5614929E-02,2.1571426E+00
8.914154E-02,7.3326111E-02,2.1585922E+00
8.914482E-02,7.1723938E-02,2.1599655E+00
8.914809E-02,6.9969177E-02,2.1595840E+00
8.915137E-02,6.8672180E-02,2.1582870E+00
8.915465E-02,6.5696716E-02,2.1579819E+00
8.915792E-02,6.4094543E-02,2.1547775E+00
8.916120E-02,6.1576843E-02,2.1524124E+00
8.916448E-02,5.8982849E-02,2.1488266E+00
8.916775E-02,5.7838440E-02,2.1449356E+00
8.917103E-02,5.5854797E-02,2.1399765E+00
8.917431E-02,5.3260803E-02,2.1342545E+00
8.917758E-02,5.1200867E-02,2.1281509E+00
8.918086E-02,4.8530579E-02,2.1205978E+00
8.918414E-02,4.7233582E-02,2.1126633E+00
8.918741E-02,4.5097351E-02,2.1038895E+00
8.919069E-02,4.2732239E-02,2.0945053E+00
8.919397E-02,4.0672302E-02,2.0855026E+00
8.919724E-02,3.8307190E-02,2.0736008E+00
8.920052E-02,3.6399841E-02,2.0623093E+00
8.920380E-02,3.4339905E-02,2.0505600E+00
8.920708E-02,3.1593323E-02,2.0385056E+00
8.921035E-02,2.9457092E-02,2.0240097E+00
8.921363E-02,2.7778625E-02,2.0100479E+00
8.921691E-02,2.4955750E-02,1.9949417E+00
8.922018E-02,2.2438049E-02,1.9795303E+00
8.922346E-02,2.0988464E-02,1.9629745E+00
8.922674E-02,1.9309998E-02,1.9458847E+00
8.923001E-02,1.7326355E-02,1.9281845E+00
8.923329E-02,1.5266418E-02,1.9105606E+00
8.923657E-02,1.2977600E-02,1.8913345E+00
8.923984E-02,1.0917664E-02,1.8705826E+00
8.924312E-02,8.8577271E-03,1.8510513E+00
8.924640E-02,6.9503784E-03,1.8307571E+00
8.924967E-02,4.5089722E-03,1.8091660E+00
8.925295E-02,2.8305054E-03,1.7872696E+00
8.925623E-02,1.6860962E-03,1.7652206E+00
8.925950E-02,-2.9754639E-04,1.7422562E+00
8.926278E-02,-2.6626587E-03,1.7184525E+00
8.926606E-02,-4.0359497E-03,1.6951065E+00
8.926933E-02,-5.7907104E-03,1.6697006E+00
8.927261E-02,-7.0877075E-03,1.6454391E+00
8.927589E-02,-8.3847046E-03,1.6190414E+00
8.927916E-02,-1.0368347E-02,1.5929489E+00
8.928244E-02,-1.1283875E-02,1.5665512E+00
8.928572E-02,-1.3191223E-02,1.5388565E+00
8.928900E-02,-1.5022278E-02,1.5119247E+00
8.929227E-02,-1.6166687E-02,1.4849930E+00
8.929555E-02,-1.7387390E-02,1.4558487E+00
8.929883E-02,-1.9294739E-02,1.4267807E+00
8.930210E-02,-2.0057678E-02,1.3968735E+00
8.930538E-02,-2.1812439E-02,1.3676529E+00
8.930866E-02,-2.2804260E-02,1.3370590E+00
8.931193E-02,-2.3948669E-02,1.3069992E+00
8.931521E-02,-2.4940491E-02,1.2761002E+00
8.931849E-02,-2.5856018E-02,1.2447433E+00
8.932176E-02,-2.7534485E-02,1.2121658E+00
8.932504E-02,-2.8450012E-02,1.1805038E+00
8.932832E-02,-2.9747009E-02,1.1489944E+00
8.933159E-02,-3.0662537E-02,1.1160355E+00
8.933487E-02,-3.1501770E-02,1.0823898E+00
8.933815E-02,-3.2569885E-02,1.0492783E+00
8.934142E-02,-3.3561707E-02,1.0147171E+00
8.934470E-02,-3.4324646E-02,9.8145294E-01
8.934798E-02,-3.4629822E-02,9.4651031E-01
8.935125E-02,-3.5697937E-02,9.1294098E-01
8.935453E-02,-3.6613464E-02,8.7845612E-01
8.935781E-02,-3.6231995E-02,8.4397125E-01
8.936108E-02,-3.7300110E-02,8.0773163E-01
8.936436E-02,-3.8215637E-02,7.7393341E-01
8.936764E-02,-3.8291931E-02,7.3799896E-01
8.937092E-02,-3.8749695E-02,7.0183563E-01
8.937419E-02,-3.9665222E-02,6.6704559E-01
8.937747E-02,-3.9131165E-02,6.3210297E-01
8.938075E-02,-3.9817810E-02,5.9792328E-01
8.938402E-02,-4.0657043E-02,5.6580353E-01
8.938730E-02,-4.0733337E-02,5.3025055E-01
8.939058E-02,-4.0657043E-02,4.9416351E-01
8.939385E-02,-4.0809631E-02,4.5853424E-01
8.939713E-02,-4.1114807E-02,4.2351532E-01
8.940041E-02,-4.1038513E-02,3.8582611E-01
8.940368E-02,-4.1954041E-02,3.5080719E-01
8.940696E-02,-4.1954041E-02,3.1555939E-01
8.941024E-02,-4.2564392E-02,2.8008270E-01
8.941351E-02,-4.2564392E-02,2.4292755E-01
8.941679E-02,-4.2793274E-02,2.0752716E-01
8.942007E-02,-4.2335510E-02,1.7105865E-01
8.942334E-02,-4.2640686E-02,1.3520050E-01
8.942662E-02,-4.2945862E-02,9.9342346E-02
8.942990E-02,-4.2716980E-02,6.3331604E-02
8.943317E-02,-4.2488098E-02,2.8388977E-02
8.943645E-02,-4.2411804E-02,-7.4691772E-03
8.943973E-02,-4.3022156E-02,-4.2945862E-02
8.944300E-02,-4.2564392E-02,-7.7278137E-02
8.944628E-02,-4.2945862E-02,-1.1138153E-01
8.944956E-02,-4.2793274E-02,-1.4548492E-01
8.945284E-02,-4.1954041E-02,-1.8004608E-01
8.945611E-02,-4.2182922E-02,-2.1369171E-01
8.945939E-02,-4.1801453E-02,-2.4764252E-01
8.946267E-02,-4.1725159E-02,-2.8128815E-01
8.946594E-02,-4.1419983E-02,-3.1333160E-01
8.946922E-02,-4.0122986E-02,-3.4568024E-01
8.947250E-02,-4.0428162E-02,-3.7863922E-01
8.947577E-02,-3.9970398E-02,-4.1121674E-01
8.947905E-02,-4.0046692E-02,-4.4226837E-01
8.948233E-02,-4.0351868E-02,-4.7377777E-01
8.948560E-02,-3.9817810E-02,-5.0543976E-01
8.948888E-02,-3.9512634E-02,-5.3534698E-01
8.949216E-02,-3.8749695E-02,-5.6632233E-01
8.949543E-02,-3.8825989E-02,-5.9584808E-01
8.949871E-02,-3.8139343E-02,-6.2567902E-01
8.950199E-02,-3.8597107E-02,-6.5428925E-01
8.950526E-02,-3.8139343E-02,-6.8381500E-01
8.950854E-02,-3.8444519E-02,-7.1143341E-01
8.951182E-02,-3.8063049E-02,-7.3889923E-01
8.951509E-02,-3.7605286E-02,-7.6522064E-01
8.951837E-02,-3.6994934E-02,-7.9352570E-01
8.952165E-02,-3.6155701E-02,-8.1954193E-01
8.952492E-02,-3.6613464E-02,-8.4525299E-01
8.952820E-02,-3.6308289E-02,-8.7157440E-01
8.953148E-02,-3.5926819E-02,-8.9698029E-01
8.953476E-02,-3.6231995E-02,-9.1994476E-01
8.953803E-02,-3.6766052E-02,-9.4382477E-01
8.954131E-02,-3.6308289E-02,-9.6724701E-01
8.954459E-02,-3.6308289E-02,-9.8921967E-01
8.954786E-02,-3.5774231E-02,-1.0110397E+00
8.955114E-02,-3.6460876E-02,-1.0320206E+00
8.955442E-02,-3.6613464E-02,-1.0517807E+00
8.955769E-02,-3.6308289E-02,-1.0716171E+00
8.956097E-02,-3.6231995E-02,-1.0922928E+00
8.956425E-02,-3.6308289E-02,-1.1113663E+00
8.956752E-02,-3.5926819E-02,-1.1295242E+00
8.957080E-02,-3.6231995E-02,-1.1464615E+00
8.957408E-02,-3.5316467E-02,-1.1625595E+00
8.957735E-02,-3.4706116E-02,-1.1775894E+00
8.958063E-02,-3.4248352E-02,-1.1935349E+00
8.958391E-02,-3.4553528E-02,-1.2081070E+00
8.958718E-02,-3.3943176E-02,-1.2229080E+00
8.959046E-02,-3.3714294E-02,-1.2356491E+00
8.959374E-02,-3.4172058E-02,-1.2479324E+00
8.959701E-02,-3.5011292E-02,-1.2593002E+00
8.960029E-02,-3.4324646E-02,-1.2707443E+00
8.960357E-02,-3.4629822E-02,-1.2808914E+00
8.960684E-02,-3.3943176E-02,-1.2908096E+00
8.961012E-02,-3.4934998E-02,-1.2992020E+00
8.961340E-02,-3.4782410E-02,-1.3071365E+00
8.961668E-02,-3.5011292E-02,-1.3153000E+00
8.961995E-02,-3.4324646E-02,-1.3218613E+00
8.962323E-02,-3.3714294E-02,-1.3267441E+00
8.962651E-02,-3.4400940E-02,-1.3333817E+00
8.962978E-02,-3.4095764E-02,-1.3377304E+00
8.963306E-02,-3.4477234E-02,-1.3411636E+00
8.963634E-02,-3.4019470E-02,-1.3446732E+00
8.963961E-02,-3.4400940E-02,-1.3465805E+00
8.964289E-02,-3.4172058E-02,-1.3475723E+00
8.964617E-02,-3.4782410E-02,-1.3484116E+00
8.964944E-02,-3.4553528E-02,-1.3487930E+00
8.965272E-02,-3.4324646E-02,-1.3478012E+00
8.965600E-02,-3.3866882E-02,-1.3461227E+00
8.965927E-02,-3.4248352E-02,-1.3436813E+00
8.966255E-02,-3.4553528E-02,-1.3397141E+00
8.966583E-02,-3.4629822E-02,-1.3365860E+00
8.966910E-02,-3.4248352E-02,-1.3313217E+00
8.967238E-02,-3.4629822E-02,-1.3266678E+00
8.967566E-02,-3.4858704E-02,-1.3201065E+00
8.967893E-02,-3.3943176E-02,-1.3138504E+00
8.968221E-02,-3.4782410E-02,-1.3061447E+00
8.968549E-02,-3.4706116E-02,-1.2968369E+00
8.968876E-02,-3.4324646E-02,-1.2889023E+00
8.969204E-02,-3.3943176E-02,-1.2786026E+00
8.969532E-02,-3.4706116E-02,-1.2681503E+00
8.969860E-02,-3.4629822E-02,-1.2569351E+00
8.970187E-02,-3.4095764E-02,-1.2447281E+00
8.970515E-02,-3.3866882E-02,-1.2318344E+00
8.970843E-02,-3.4172058E-02,-1.2193222E+00
8.971170E-02,-3.4019470E-02,-1.2055893E+00
8.971498E-02,-3.3790588E-02,-1.1897202E+00
8.971826E-02,-3.3866882E-02,-1.1743088E+00
8.972153E-02,-3.3866882E-02,-1.1583633E+00
8.972481E-02,-3.4248352E-02,-1.1421127E+00
8.972809E-02,-3.4629822E-02,-1.1243362E+00
8.973136E-02,-3.3638000E-02,-1.1070938E+00
8.973464E-02,-3.3332825E-02,-1.0874863E+00
8.973792E-02,-3.3943176E-02,-1.0676498E+00
8.974119E-02,-3.3638000E-02,-1.0488815E+00
8.974447E-02,-3.3332825E-02,-1.0288162E+00
8.974775E-02,-3.3409119E-02,-1.0064621E+00
8.975102E-02,-3.3332825E-02,-9.8448944E-01
8.975430E-02,-3.3332825E-02,-9.6221161E-01
8.975758E-02,-3.2875061E-02,-9.3901825E-01
8.976085E-02,-3.2417297E-02,-9.1635895E-01
8.976413E-02,-3.1883240E-02,-8.9102936E-01
8.976741E-02,-3.0967712E-02,-8.6562347E-01
8.977068E-02,-3.1196594E-02,-8.3998871E-01
8.977396E-02,-3.1044006E-02,-8.1412506E-01
8.977724E-02,-3.1044006E-02,-7.8749847E-01
8.978052E-02,-3.0281067E-02,-7.5988007E-01
8.978379E-02,-3.0586243E-02,-7.3317719E-01
8.978707E-02,-3.0204773E-02,-7.0578766E-01
8.979035E-02,-2.9899597E-02,-6.7794037E-01
8.979362E-02,-3.0128479E-02,-6.4917755E-01
8.979690E-02,-2.9823303E-02,-6.2049103E-01
8.980018E-02,-2.9518127E-02,-5.9073639E-01
8.980345E-02,-2.9136658E-02,-5.6014252E-01
8.980673E-02,-2.9899597E-02,-5.2970123E-01
8.981001E-02,-2.9289246E-02,-4.9994659E-01
8.981328E-02,-2.9289246E-02,-4.6775055E-01
8.981656E-02,-2.8068542E-02,-4.3692780E-01
8.981984E-02,-2.9136658E-02,-4.0404510E-01
8.982311E-02,-2.8068542E-02,-3.7230682E-01
8.982639E-02,-2.8221130E-02,-3.3934784E-01
8.982967E-02,-2.8526306E-02,-3.0677032E-01
8.983294E-02,-2.7687073E-02,-2.7373505E-01
8.983622E-02,-2.7763367E-02,-2.3978424E-01
8.983950E-02,-2.6847839E-02,-2.0568085E-01
8.984277E-02,-2.6924133E-02,-1.7081451E-01
8.984605E-02,-2.6542664E-02,-1.3648224E-01
8.984933E-02,-2.6237488E-02,-1.0207367E-01
8.985260E-02,-2.6008606E-02,-6.7207336E-02
8.985588E-02,-2.5932312E-02,-3.2875061E-02
8.985916E-02,-2.5932312E-02,2.4490356E-03
8.986244E-02,-2.5550842E-02,3.7773132E-02
8.986571E-02,-2.5321960E-02,7.3707581E-02
8.986899E-02,-2.5398254E-02,1.0880280E-01
8.987227E-02,-2.4864197E-02,1.4473724E-01
8.987554E-02,-2.5474548E-02,1.8128204E-01
8.987882E-02,-2.5474548E-02,2.1744537E-01
8.988210E-02,-2.5779724E-02,2.5284576E-01
8.988537E-02,-2.5321960E-02,2.8908539E-01
8.988865E-02,-2.5703430E-02,3.2509613E-01
8.989193E-02,-2.5245667E-02,3.6034393E-01
8.989520E-02,-2.5474548E-02,3.9734650E-01
8.989848E-02,-2.5779724E-02,4.3366241E-01
8.990176E-02,-2.5932312E-02,4.6906281E-01
8.990503E-02,-2.6161194E-02,5.0453949E-01
8.990831E-02,-2.5932312E-02,5.3993988E-01
8.991159E-02,-2.6313782E-02,5.7434845E-01
8.991486E-02,-2.6313782E-02,6.0761261E-01
8.991814E-02,-2.6847839E-02,6.4293671E-01
8.992142E-02,-2.7687073E-02,6.7894745E-01
8.992469E-02,-2.7229309E-02,7.1396637E-01
8.992797E-02,-2.7992249E-02,7.5005341E-01
8.993125E-02,-2.7610779E-02,7.8392792E-01
8.993452E-02,-2.8755188E-02,8.1909943E-01
8.993780E-02,-2.8755188E-02,8.5457611E-01
8.994108E-02,-3.0052185E-02,8.8944244E-01
8.994436E-02,-3.0204773E-02,9.2339325E-01
8.994763E-02,-3.1196594E-02,9.5757294E-01
8.995091E-02,-3.0967712E-02,9.9198151E-01
8.995419E-02,-3.1883240E-02,1.0257797E+00
8.995746E-02,-3.3638000E-02,1.0601883E+00
8.996074E-02,-3.4324646E-02,1.0916214E+00
8.996402E-02,-3.4553528E-02,1.1264114E+00
8.996729E-02,-3.5163879E-02,1.1583023E+00
8.997057E-02,-3.5545349E-02,1.1901169E+00
8.997385E-02,-3.7223816E-02,1.2221603E+00
8.997712E-02,-3.9131165E-02,1.2535934E+00
8.998040E-02,-3.9054871E-02,1.2860184E+00
8.998368E-02,-4.0199280E-02,1.3166122E+00
8.998695E-02,-4.1572571E-02,1.3472824E+00
8.999023E-02,-4.2564392E-02,1.3774948E+00
8.999351E-02,-4.3327332E-02,1.4063339E+00
8.999678E-02,-4.5310974E-02,1.4366226E+00
9.000006E-02,-4.5692444E-02,1.4647751E+00
9.000334E-02,-4.7142029E-02,1.4934616E+00
9.000661E-02,-4.8515320E-02,1.5203171E+00
9.000989E-02,-4.9430847E-02,1.5472488E+00
9.001317E-02,-5.1033020E-02,1.5747147E+00
9.001644E-02,-5.3016663E-02,1.6014938E+00
9.001972E-02,-5.4924011E-02,1.6281967E+00
9.002300E-02,-5.5381775E-02,1.6542130E+00
9.002628E-02,-5.7441711E-02,1.6781693E+00
9.002955E-02,-5.9806824E-02,1.7030411E+00
9.003283E-02,-6.0874939E-02,1.7267685E+00
9.003611E-02,-6.2019348E-02,1.7502670E+00
9.003938E-02,-6.3621521E-02,1.7728500E+00
9.004266E-02,-6.5605164E-02,1.7948227E+00
9.004594E-02,-6.6596985E-02,1.8171005E+00
9.004921E-02,-6.8122864E-02,1.8380051E+00
9.005249E-02,-7.0335388E-02,1.8579941E+00
9.005577E-02,-7.2166443E-02,1.8780594E+00
9.005904E-02,-7.5218201E-02,1.8972092E+00
9.006232E-02,-7.7354431E-02,1.9160538E+00
9.006560E-02,-7.8422546E-02,1.9339066E+00
9.006887E-02,-8.0406189E-02,1.9507675E+00
9.007215E-02,-8.2542419E-02,1.9674759E+00
9.007543E-02,-8.4220886E-02,1.9840317E+00
9.007870E-02,-8.5670471E-02,2.0002823E+00
9.008198E-02,-8.8188171E-02,2.0145493E+00
9.008526E-02,-9.0248108E-02,2.0293503E+00
9.008853E-02,-9.1850281E-02,2.0420914E+00
9.009181E-02,-9.4902039E-02,2.0540695E+00
9.009509E-02,-9.6580505E-02,2.0655136E+00
9.009836E-02,-9.8335266E-02,2.0766525E+00
9.010164E-02,-1.0085297E-01,2.0873337E+00
9.010492E-02,-1.0314178E-01,2.0973282E+00
9.010820E-02,-1.0482025E-01,2.1067123E+00
9.011147E-02,-1.0741425E-01,2.1153336E+00
9.011475E-02,-1.0916901E-01,2.1228104E+00
9.011803E-02,-1.1237335E-01,2.1291428E+00
9.012130E-02,-1.1443329E-01,2.1351700E+00
9.012458E-02,-1.1634064E-01,2.1395187E+00
9.012786E-02,-1.1817169E-01,2.1445541E+00
9.013113E-02,-1.2084198E-01,2.1493607E+00
9.013441E-02,-1.2343597E-01,2.1524124E+00
9.013769E-02,-1.2488556E-01,2.1553116E+00
9.014096E-02,-1.2618256E-01,2.1562271E+00
9.014424E-02,-1.2946320E-01,2.1578293E+00
9.014752E-02,-1.3159943E-01,2.1579056E+00
9.015079E-02,-1.3381195E-01,2.1566849E+00
9.015407E-02,-1.3625336E-01,2.1563034E+00
9.015735E-02,-1.3755035E-01,2.1547775E+00
9.016062E-02,-1.3907623E-01,2.1512680E+00
9.016390E-02,-1.4113617E-01,2.1481400E+00
9.016718E-02,-1.4334869E-01,2.1435623E+00
9.017045E-02,-1.4487457E-01,2.1392899E+00
9.017373E-02,-1.4662933E-01,2.1344070E+00
9.017701E-02,-1.4884186E-01,2.1276932E+00
9.018028E-02,-1.5082550E-01,2.1211319E+00
9.018356E-02,-1.5364838E-01,2.1128159E+00
9.018684E-02,-1.5509796E-01,2.1038895E+00
9.019012E-02,-1.5700531E-01,2.0949631E+00
9.019339E-02,-1.5906525E-01,2.0835953E+00
9.019667E-02,-1.6059113E-01,2.0730667E+00
9.019995E-02,-1.6181183E-01,2.0621567E+00
9.020322E-02,-1.6356659E-01,2.0504837E+00
9.020650E-02,-1.6570282E-01,2.0387344E+00
9.020978E-02,-1.6753387E-01,2.0256882E+00
9.021305E-02,-1.6921234E-01,2.0114975E+00
9.021633E-02,-1.7081451E-01,1.9970016E+00
9.021961E-02,-1.7180634E-01,1.9808273E+00
9.022288E-02,-1.7302704E-01,1.9638138E+00
9.022616E-02,-1.7501068E-01,1.9474869E+00
9.022944E-02,-1.7638397E-01,1.9310074E+00
9.023271E-02,-1.7699432E-01,1.9130783E+00
9.023599E-02,-1.7829132E-01,1.8939285E+00
9.023927E-02,-1.7989349E-01,1.8743973E+00
9.024254E-02,-1.8080902E-01,1.8542557E+00
9.024582E-02,-1.8195343E-01,1.8341904E+00
9.024910E-02,-1.8378448E-01,1.8123703E+00
9.025237E-02,-1.8462372E-01,1.7913895E+00
9.025565E-02,-1.8584442E-01,1.7697220E+00
9.025893E-02,-1.8752289E-01,1.7469101E+00
9.026220E-02,-1.8775177E-01,1.7236404E+00
9.026548E-02,-1.8866730E-01,1.6985397E+00
9.026876E-02,-1.9019318E-01,1.6750412E+00
9.027204E-02,-1.9049835E-01,1.6497116E+00
9.027531E-02,-1.9187164E-01,1.6240005E+00
9.027859E-02,-1.9194794E-01,1.5966873E+00
9.028187E-02,-1.9232941E-01,1.5704422E+00
9.028514E-02,-1.9332123E-01,1.5447311E+00
9.028842E-02,-1.9400787E-01,1.5166550E+00
9.029170E-02,-1.9446564E-01,1.4883499E+00
9.029497E-02,-1.9538116E-01,1.4603500E+00
9.029825E-02,-1.9530487E-01,1.4310532E+00
9.030153E-02,-1.9614410E-01,1.4021378E+00
9.030480E-02,-1.9736481E-01,1.3718491E+00
9.030808E-02,-1.9744110E-01,1.3422470E+00
9.031136E-02,-1.9797516E-01,1.3118820E+00
9.031463E-02,-1.9866180E-01,1.2806778E+00
9.031791E-02,-1.9858551E-01,1.2493973E+00
9.032119E-02,-1.9881439E-01,1.2168961E+00
9.032446E-02,-1.9919586E-01,1.1843948E+00
9.032774E-02,-1.9919586E-01,1.1518173E+00
9.033102E-02,-1.9972992E-01,1.1200027E+00
9.033429E-02,-1.9965363E-01,1.0870438E+00
9.033757E-02,-1.9927216E-01,1.0547714E+00
9.034085E-02,-1.9965363E-01,1.0206680E+00
9.034412E-02,-1.9904327E-01,9.8709869E-01
9.034740E-02,-1.9858551E-01,9.5291901E-01
9.035068E-02,-1.9782257E-01,9.1767120E-01
9.035396E-02,-1.9774628E-01,8.8410187E-01
9.035723E-02,-1.9774628E-01,8.4915924E-01
9.036051E-02,-1.9751740E-01,8.1452179E-01
9.036379E-02,-1.9751740E-01,7.7973175E-01
9.036706E-02,-1.9606781E-01,7.4562836E-01
9.037034E-02,-1.9675446E-01,7.0938873E-01
9.037362E-02,-1.9591522E-01,6.7406464E-01
9.037689E-02,-1.9599152E-01,6.3866425E-01
9.038017E-02,-1.9568634E-01,6.0341644E-01
9.038345E-02,-1.9477081E-01,5.7122040E-01
9.038672E-02,-1.9408417E-01,5.3604889E-01
9.039000E-02,-1.9416046E-01,5.0026703E-01
9.039328E-02,-1.9355011E-01,4.6433258E-01
9.039655E-02,-1.9309235E-01,4.2954254E-01
9.039983E-02,-1.9271088E-01,3.9284515E-01
9.040311E-02,-1.9194794E-01,3.5782623E-01
9.040638E-02,-1.9149017E-01,3.2219696E-01
9.040966E-02,-1.9042206E-01,2.8664398E-01
9.041294E-02,-1.9087982E-01,2.5002289E-01
9.041621E-02,-1.9042206E-01,2.1408844E-01
9.041949E-02,-1.8927765E-01,1.7845917E-01
9.042277E-02,-1.8897247E-01,1.4176178E-01
9.042604E-02,-1.8851471E-01,1.0620880E-01
9.042932E-02,-1.8866730E-01,7.1113586E-02
9.043260E-02,-1.8706512E-01,3.5560608E-02
9.043588E-02,-1.8630219E-01,4.6539307E-04
9.043915E-02,-1.8622589E-01,-3.5850525E-02
9.044243E-02,-1.8561554E-01,-6.9496155E-02
9.044571E-02,-1.8515778E-01,-1.0428619E-01
9.044898E-02,-1.8470001E-01,-1.3877106E-01
9.045226E-02,-1.8523407E-01,-1.7371368E-01
9.045554E-02,-1.8470001E-01,-2.0751190E-01
9.045881E-02,-1.8355560E-01,-2.4245453E-01
9.046209E-02,-1.8279266E-01,-2.7602386E-01
9.046537E-02,-1.8187714E-01,-3.0875397E-01
9.046864E-02,-1.8202972E-01,-3.4102631E-01
9.047192E-02,-1.8080902E-01,-3.7368011E-01
9.047520E-02,-1.8065643E-01,-4.0686798E-01
9.047847E-02,-1.8103790E-01,-4.3845367E-01
9.048175E-02,-1.8035126E-01,-4.6965790E-01
9.048503E-02,-1.7958832E-01,-5.0055695E-01
9.048830E-02,-1.7958832E-01,-5.3038788E-01
9.049158E-02,-1.7852020E-01,-5.6151581E-01
9.049486E-02,-1.7783356E-01,-5.9180450E-01
9.049813E-02,-1.7729950E-01,-6.2110138E-01
9.050141E-02,-1.7752838E-01,-6.5032196E-01
9.050469E-02,-1.7653656E-01,-6.7931366E-01
9.050796E-02,-1.7607880E-01,-7.0662689E-01
9.051124E-02,-1.7661285E-01,-7.3462677E-01
9.051452E-02,-1.7592621E-01,-7.6171112E-01
9.051780E-02,-1.7592621E-01,-7.8910065E-01
9.052107E-02,-1.7508698E-01,-8.1587982E-01
9.052435E-02,-1.7478180E-01,-8.4014130E-01
9.052763E-02,-1.7539215E-01,-8.6653900E-01
9.053090E-02,-1.7295074E-01,-8.9125824E-01
9.053418E-02,-1.7325592E-01,-9.1582489E-01
9.053746E-02,-1.7333221E-01,-9.3978119E-01
9.054073E-02,-1.7272186E-01,-9.6251678E-01
9.054401E-02,-1.7203522E-01,-9.8479462E-01
9.054729E-02,-1.7188263E-01,-1.0068436E+00
9.055056E-02,-1.7234039E-01,-1.0287399E+00
9.055384E-02,-1.7211151E-01,-1.0495682E+00
9.055712E-02,-1.7180634E-01,-1.0687180E+00
9.056039E-02,-1.7165375E-01,-1.0884781E+00
9.056367E-02,-1.7142487E-01,-1.1086197E+00
9.056695E-02,-1.7188263E-01,-1.1267014E+00
9.057022E-02,-1.7173004E-01,-1.1440964E+00
9.057350E-02,-1.7157745E-01,-1.1601181E+00
9.057678E-02,-1.7081451E-01,-1.1762924E+00
9.058005E-02,-1.7058563E-01,-1.1916275E+00
9.058333E-02,-1.7127228E-01,-1.2061234E+00
9.058661E-02,-1.7089081E-01,-1.2199326E+00
9.058988E-02,-1.7111969E-01,-1.2342758E+00
9.059316E-02,-1.7066193E-01,-1.2463303E+00
9.059644E-02,-1.7058563E-01,-1.2579269E+00
9.059972E-02,-1.7005157E-01,-1.2692184E+00
9.060299E-02,-1.7028046E-01,-1.2801285E+00
9.060627E-02,-1.6982269E-01,-1.2894363E+00
9.060955E-02,-1.7050934E-01,-1.2982864E+00
9.061282E-02,-1.7043304E-01,-1.3066788E+00
9.061610E-02,-1.7005157E-01,-1.3135452E+00
9.061938E-02,-1.7035675E-01,-1.3203354E+00
9.062265E-02,-1.7035675E-01,-1.3263626E+00
9.062593E-02,-1.7096710E-01,-1.3325424E+00
9.062921E-02,-1.7050934E-01,-1.3365860E+00
9.063248E-02,-1.7073822E-01,-1.3400192E+00
9.063576E-02,-1.7081451E-01,-1.3437576E+00
9.063904E-02,-1.7050934E-01,-1.3463516E+00
9.064231E-02,-1.7058563E-01,-1.3485641E+00
9.064559E-02,-1.7012787E-01,-1.3484116E+00
9.064887E-02,-1.7066193E-01,-1.3487930E+00
9.065214E-02,-1.7028046E-01,-1.3479538E+00
9.065542E-02,-1.7150116E-01,-1.3465805E+00
9.065870E-02,-1.7195892E-01,-1.3446732E+00
9.066197E-02,-1.7165375E-01,-1.3419266E+00
9.066525E-02,-1.7180634E-01,-1.3376541E+00
9.066853E-02,-1.7096710E-01,-1.3328476E+00
9.067180E-02,-1.7058563E-01,-1.3275833E+00
9.067508E-02,-1.7104340E-01,-1.3214035E+00
9.067836E-02,-1.7142487E-01,-1.3151474E+00
9.068164E-02,-1.7104340E-01,-1.3077469E+00
9.068491E-02,-1.7104340E-01,-1.2995834E+00
9.068819E-02,-1.7104340E-01,-1.2905045E+00
9.069147E-02,-1.7073822E-01,-1.2808151E+00
9.069474E-02,-1.7111969E-01,-1.2699814E+00
9.069802E-02,-1.7073822E-01,-1.2596817E+00
9.070130E-02,-1.7195892E-01,-1.2477036E+00
9.070457E-02,-1.7142487E-01,-1.2354202E+00
9.070785E-02,-1.7173004E-01,-1.2232895E+00
9.071113E-02,-1.7073822E-01,-1.2083359E+00
9.071440E-02,-1.7066193E-01,-1.1940689E+00
9.071768E-02,-1.7035675E-01,-1.1785049E+00
9.072096E-02,-1.6959381E-01,-1.1626358E+00
9.072423E-02,-1.7043304E-01,-1.1460037E+00
9.072751E-02,-1.7028046E-01,-1.1289902E+00
9.073079E-02,-1.7035675E-01,-1.1112900E+00
9.073406E-02,-1.7020416E-01,-1.0917587E+00
9.073734E-02,-1.6951752E-01,-1.0716171E+00
9.074062E-02,-1.6898346E-01,-1.0511703E+00
9.074389E-02,-1.6928864E-01,-1.0311813E+00
9.074717E-02,-1.6997528E-01,-1.0105057E+00
9.075045E-02,-1.6951752E-01,-9.8845673E-01
9.075372E-02,-1.7012787E-01,-9.6595001E-01
9.075700E-02,-1.6936493E-01,-9.4306183E-01
9.076028E-02,-1.6967010E-01,-9.1948700E-01
9.076356E-02,-1.6982269E-01,-8.9575958E-01
9.076683E-02,-1.6974640E-01,-8.7058258E-01
9.077011E-02,-1.7012787E-01,-8.4548187E-01
9.077339E-02,-1.6967010E-01,-8.2007599E-01
9.077666E-02,-1.6989899E-01,-7.9405975E-01
9.077994E-02,-1.6936493E-01,-7.6651764E-01
9.078322E-02,-1.6944122E-01,-7.3867035E-01
9.078649E-02,-1.6959381E-01,-7.1128082E-01
9.078977E-02,-1.6951752E-01,-6.8381500E-01
9.079305E-02,-1.6944122E-01,-6.5428925E-01
9.079632E-02,-1.6982269E-01,-6.2491608E-01
9.079960E-02,-1.7005157E-01,-5.9577179E-01
9.080288E-02,-1.6951752E-01,-5.6571198E-01
9.080615E-02,-1.6982269E-01,-5.3458405E-01
9.080943E-02,-1.6928864E-01,-5.0399017E-01
9.081271E-02,-1.7012787E-01,-4.7293854E-01
9.081598E-02,-1.7050934E-01,-4.4097137E-01
9.081926E-02,-1.7035675E-01,-4.1007233E-01
9.082254E-02,-1.7012787E-01,-3.7787628E-01
9.082581E-02,-1.7035675E-01,-3.4514618E-01
9.082909E-02,-1.6974640E-01,-3.1218719E-01
9.083237E-02,-1.7058563E-01,-2.7899933E-01
9.083564E-02,-1.7043304E-01,-2.4512482E-01
9.083892E-02,-1.7134857E-01,-2.1208954E-01
9.084220E-02,-1.7058563E-01,-1.7760468E-01
9.084548E-02,-1.7111969E-01,-1.4319611E-01
9.084875E-02,-1.7058563E-01,-1.0878754E-01
9.085203E-02,-1.7180634E-01,-7.4302673E-02
9.085531E-02,-1.7234039E-01,-3.9588928E-02
9.085858E-02,-1.7264557E-01,-3.8070679E-03
9.086186E-02,-1.7287445E-01,3.0677795E-02
9.086514E-02,-1.7264557E-01,6.7146301E-02
9.086841E-02,-1.7363739E-01,1.0292816E-01
9.087169E-02,-1.7470551E-01,1.3871002E-01
9.087497E-02,-1.7508698E-01,1.7525482E-01
9.087824E-02,-1.7508698E-01,2.1088409E-01
9.088152E-02,-1.7569733E-01,2.4666595E-01
9.088480E-02,-1.7584991E-01,2.8366852E-01
9.088807E-02,-1.7691803E-01,3.1891632E-01
9.089135E-02,-1.7722321E-01,3.5492706E-01
9.089463E-02,-1.7745209E-01,3.9040375E-01
9.089790E-02,-1.7905426E-01,4.2664337E-01
9.090118E-02,-1.7981720E-01,4.6158600E-01
9.090446E-02,-1.7935944E-01,4.9759674E-01
9.090773E-02,-1.8126678E-01,5.3284454E-01
9.091101E-02,-1.8172455E-01,5.6786346E-01
9.091429E-02,-1.8248749E-01,6.0089874E-01
9.091756E-02,-1.8302155E-01,6.3637543E-01
9.092084E-02,-1.8408966E-01,6.7147064E-01
9.092412E-02,-1.8569183E-01,7.0534515E-01
9.092740E-02,-1.8637848E-01,7.4227142E-01
9.093067E-02,-1.8775177E-01,7.7736664E-01
9.093395E-02,-1.8859100E-01,8.1223297E-01
9.093723E-02,-1.8973541E-01,8.4679413E-01
9.094050E-02,-1.9042206E-01,8.8326263E-01
9.094378E-02,-1.9187164E-01,9.1667938E-01
9.094706E-02,-1.9232941E-01,9.5078278E-01
9.095033E-02,-1.9492340E-01,9.8549652E-01
9.095361E-02,-1.9538116E-01,1.0187607E+00
9.095689E-02,-1.9736481E-01,1.0531693E+00
9.096016E-02,-1.9889069E-01,1.0858231E+00
9.096344E-02,-1.9988251E-01,1.1190872E+00
9.096672E-02,-2.0247650E-01,1.1514359E+00
9.096999E-02,-2.0369720E-01,1.1839371E+00
9.097327E-02,-2.0552826E-01,1.2154465E+00
9.097655E-02,-2.0652008E-01,1.2474136E+00
9.097982E-02,-2.0774078E-01,1.2792282E+00
9.098310E-02,-2.0919037E-01,1.3106613E+00
9.098638E-02,-2.1178436E-01,1.3396530E+00
9.098965E-02,-2.1262360E-01,1.3713150E+00
9.099293E-02,-2.1521759E-01,1.3992386E+00
9.099621E-02,-2.1674347E-01,1.4289169E+00
9.099948E-02,-2.1796417E-01,1.4581375E+00
9.100276E-02,-2.1941376E-01,1.4862137E+00
9.100604E-02,-2.2071075E-01,1.5140610E+00
9.100932E-02,-2.2399139E-01,1.5418320E+00
9.101259E-02,-2.2460175E-01,1.5686111E+00
9.101587E-02,-2.2696686E-01,1.5955429E+00
9.101915E-02,-2.2803497E-01,1.6223984E+00
9.102242E-02,-2.2994232E-01,1.6480331E+00
9.102570E-02,-2.3192596E-01,1.6728287E+00
9.102898E-02,-2.3352814E-01,1.6979294E+00
9.103225E-02,-2.3551178E-01,1.7219620E+00
9.103553E-02,-2.3802948E-01,1.7457657E+00
9.103881E-02,-2.3932648E-01,1.7685013E+00
9.104208E-02,-2.4131012E-01,1.7900162E+00
9.104536E-02,-2.4298859E-01,1.8121414E+00
9.104864E-02,-2.4520111E-01,1.8329697E+00
9.105191E-02,-2.4710846E-01,1.8547897E+00
9.105519E-02,-2.4954987E-01,1.8733292E+00
9.105847E-02,-2.5153351E-01,1.8932419E+00
9.106174E-02,-2.5298309E-01,1.9121628E+00
9.106502E-02,-2.5496674E-01,1.9295578E+00
9.106830E-02,-2.5702667E-01,1.9467239E+00
9.107157E-02,-2.5939178E-01,1.9638138E+00
9.107485E-02,-2.6129913E-01,1.9803696E+00
9.107813E-02,-2.6251984E-01,1.9967728E+00
9.108140E-02,-2.6496124E-01,2.0117264E+00
9.108468E-02,-2.6709747E-01,2.0253067E+00
9.108796E-02,-2.6824188E-01,2.0391159E+00
9.109124E-02,-2.6961517E-01,2.0512466E+00
9.109451E-02,-2.7175140E-01,2.0625381E+00
9.109779E-02,-2.7365875E-01,2.0745926E+00
9.110107E-02,-2.7503204E-01,2.0849686E+00
9.110434E-02,-2.7785492E-01,2.0948868E+00
9.110762E-02,-2.7938080E-01,2.1044235E+00
9.111090E-02,-2.8067780E-01,2.1139603E+00
9.111417E-02,-2.8220367E-01,2.1208267E+00
9.111745E-02,-2.8372955E-01,2.1273880E+00
9.112073E-02,-2.8609467E-01,2.1337967E+00
9.112400E-02,-2.8815460E-01,2.1392136E+00
9.112728E-02,-2.8983307E-01,2.1430283E+00
9.113056E-02,-2.9135895E-01,2.1474533E+00
9.113383E-02,-2.9235077E-01,2.1509628E+00
9.113711E-02,-2.9463959E-01,2.1532516E+00
9.114039E-02,-2.9509735E-01,2.1548538E+00
9.114366E-02,-2.9662323E-01,2.1563034E+00
9.114694E-02,-2.9898834E-01,2.1578293E+00
9.115022E-02,-3.0013275E-01,2.1573715E+00
9.115349E-02,-2.9998016E-01,2.1559219E+00
9.115677E-02,-3.0234528E-01,2.1547012E+00
9.116005E-02,-3.0272675E-01,2.1519547E+00
9.116332E-02,-3.0478668E-01,2.1477585E+00
9.116660E-02,-3.0554962E-01,2.1446304E+00
9.116988E-02,-3.0730438E-01,2.1392899E+00
9.117316E-02,-3.0753326E-01,2.1347885E+00
9.117643E-02,-3.0867767E-01,2.1286850E+00
9.117971E-02,-3.0905914E-01,2.1218185E+00
9.118299E-02,-3.0982208E-01,2.1145706E+00
9.118626E-02,-3.1096649E-01,2.1064835E+00
9.118954E-02,-3.1157684E-01,2.0974808E+00
9.119282E-02,-3.1218719E-01,2.0867996E+00
9.119609E-02,-3.1302643E-01,2.0768051E+00
9.119937E-02,-3.1386566E-01,2.0653610E+00
9.120265E-02,-3.1478119E-01,2.0549088E+00
9.120592E-02,-3.1523895E-01,2.0421677E+00
9.120920E-02,-3.1592560E-01,2.0285873E+00
9.121248E-02,-3.1600189E-01,2.0140915E+00
9.121575E-02,-3.1684113E-01,1.9996719E+00
9.121903E-02,-3.1722260E-01,1.9838791E+00
9.122231E-02,-3.1752777E-01,1.9668655E+00
9.122558E-02,-3.1813812E-01,1.9504623E+00
9.122886E-02,-3.1851959E-01,1.9335251E+00
9.123214E-02,-3.1905365E-01,1.9151382E+00
9.123541E-02,-3.1951141E-01,1.8964462E+00
9.123869E-02,-3.1897736E-01,1.8774490E+00
9.124197E-02,-3.1867218E-01,1.8579941E+00
9.124524E-02,-3.1890106E-01,1.8381577E+00
9.124852E-02,-3.1890106E-01,1.8166428E+00
9.125180E-02,-3.1867218E-01,1.7942123E+00
9.125508E-02,-3.1874847E-01,1.7730789E+00
9.125835E-02,-3.1829071E-01,1.7498093E+00
9.126163E-02,-3.1821442E-01,1.7253952E+00
9.126491E-02,-3.1920624E-01,1.7022018E+00
9.126818E-02,-3.1821442E-01,1.6792374E+00
9.127146E-02,-3.1783295E-01,1.6534500E+00
9.127474E-02,-3.1790924E-01,1.6279678E+00
9.127801E-02,-3.1668854E-01,1.6018753E+00
9.128129E-02,-3.1707001E-01,1.5750198E+00
9.128457E-02,-3.1623077E-01,1.5477829E+00
9.128784E-02,-3.1569672E-01,1.5206223E+00
9.129112E-02,-3.1546783E-01,1.4931564E+00
9.129440E-02,-3.1493378E-01,1.4649277E+00
9.129767E-02,-3.1432343E-01,1.4364700E+00
9.130095E-02,-3.1333160E-01,1.4071732E+00
9.130423E-02,-3.1272125E-01,1.3779526E+00
9.130750E-02,-3.1211090E-01,1.3482742E+00
9.131078E-02,-3.1104279E-01,1.3174515E+00
9.131406E-02,-3.1027985E-01,1.2872391E+00
9.131733E-02,-3.0867767E-01,1.2549667E+00
9.132061E-02,-3.0860138E-01,1.2223129E+00
9.132389E-02,-3.0799103E-01,1.1905746E+00
9.132716E-02,-3.0715179E-01,1.1582260E+00
9.133044E-02,-3.0654144E-01,1.1271744E+00
9.133372E-02,-3.0577850E-01,1.0941391E+00
9.133700E-02,-3.0410004E-01,1.0614090E+00
9.134027E-02,-3.0318451E-01,1.0271530E+00
9.134355E-02,-3.0204010E-01,9.9327850E-01
9.134683E-02,-3.0173492E-01,9.5909882E-01
9.135010E-02,-3.0066681E-01,9.2484283E-01
9.135338E-02,-2.9998016E-01,8.9104462E-01
9.135666E-02,-2.9898834E-01,8.5633087E-01
9.135993E-02,-2.9792023E-01,8.2100677E-01
9.136321E-02,-2.9700470E-01,7.8606415E-01
9.136649E-02,-2.9631805E-01,7.5173187E-01
9.136976E-02,-2.9517365E-01,7.1518707E-01
9.137304E-02,-2.9456329E-01,6.8024445E-01
9.137632E-02,-2.9311371E-01,6.4461517E-01
9.137959E-02,-2.9280853E-01,6.0967255E-01
9.138287E-02,-2.9113007E-01,5.7747650E-01
9.138615E-02,-2.8990936E-01,5.4306793E-01
9.138942E-02,-2.8884125E-01,5.0789642E-01
9.139270E-02,-2.8815460E-01,4.7158051E-01
9.139598E-02,-2.8754425E-01,4.3579865E-01
9.139925E-02,-2.8632355E-01,4.0001678E-01
9.140253E-02,-2.8525543E-01,3.6431122E-01
9.140581E-02,-2.8441620E-01,3.2868195E-01
9.140908E-02,-2.8281403E-01,2.9282379E-01
9.141236E-02,-2.8174591E-01,2.5742340E-01
9.141564E-02,-2.8113556E-01,2.2110748E-01
9.141892E-02,-2.8029633E-01,1.8517303E-01
9.142219E-02,-2.7922821E-01,1.4939117E-01
9.142547E-02,-2.7838898E-01,1.1307526E-01
9.142875E-02,-2.7800751E-01,7.7064514E-02
9.143202E-02,-2.7777863E-01,4.0901184E-02
9.143530E-02,-2.7610016E-01,6.1111450E-03
9.143858E-02,-2.7594757E-01,-2.9136658E-02
9.144185E-02,-2.7419281E-01,-6.4765930E-02
9.144513E-02,-2.7320099E-01,-9.9174500E-02
9.144841E-02,-2.7289581E-01,-1.3228607E-01
9.145168E-02,-2.7213287E-01,-1.6783905E-01
9.145496E-02,-2.7144623E-01,-2.0209503E-01
9.145824E-02,-2.7007294E-01,-2.3619843E-01
9.146151E-02,-2.7022552E-01,-2.6953888E-01
9.146479E-02,-2.6908112E-01,-3.0280304E-01
9.146807E-02,-2.6900482E-01,-3.3515167E-01
9.147134E-02,-2.6763153E-01,-3.6757660E-01
9.147462E-02,-2.6786041E-01,-4.0015411E-01
9.147790E-02,-2.6656342E-01,-4.3227386E-01
9.148117E-02,-2.6679230E-01,-4.6370697E-01
9.148445E-02,-2.6602936E-01,-4.9491119E-01
9.148773E-02,-2.6511383E-01,-5.2558136E-01
9.149100E-02,-2.6419830E-01,-5.5648041E-01
9.149428E-02,-2.6412201E-01,-5.8692169E-01
9.149756E-02,-2.6358795E-01,-6.1614227E-01
9.150084E-02,-2.6351166E-01,-6.4536285E-01
9.150411E-02,-2.6221466E-01,-6.7443085E-01
9.150739E-02,-2.6198578E-01,-7.0258331E-01
9.151067E-02,-2.6190948E-01,-7.3020172E-01
9.151394E-02,-2.6122284E-01,-7.5652313E-01
9.151722E-02,-2.6137543E-01,-7.8490448E-01
9.152050E-02,-2.6030731E-01,-8.1069183E-01
9.152377E-02,-2.6038361E-01,-8.3640289E-01
9.152705E-02,-2.5946808E-01,-8.6219025E-01
9.153033E-02,-2.5931549E-01,-8.8774872E-01
9.153360E-02,-2.5946808E-01,-9.1208649E-01
9.153688E-02,-2.5908661E-01,-9.3497467E-01
9.154016E-02,-2.5901031E-01,-9.5839691E-01
9.154343E-02,-2.5908661E-01,-9.8113251E-01
9.154671E-02,-2.5870514E-01,-1.0031815E+00
9.154999E-02,-2.5839996E-01,-1.0250015E+00
9.155326E-02,-2.5862885E-01,-1.0448380E+00
9.155654E-02,-2.5878143E-01,-1.0655136E+00
9.155982E-02,-2.5855255E-01,-1.0851974E+00
9.156309E-02,-2.5870514E-01,-1.1055679E+00
9.156637E-02,-2.5839996E-01,-1.1232681E+00
9.156965E-02,-2.5809479E-01,-1.1404343E+00
9.157292E-02,-2.5855255E-01,-1.1569901E+00
9.157620E-02,-2.5870514E-01,-1.1733170E+00
9.157948E-02,-2.5901031E-01,-1.1890335E+00
9.158276E-02,-2.5893402E-01,-1.2042923E+00
9.158603E-02,-2.5885773E-01,-1.2194748E+00
9.158931E-02,-2.5847626E-01,-1.2328262E+00
9.159259E-02,-2.5847626E-01,-1.2456436E+00
9.159586E-02,-2.5901031E-01,-1.2571640E+00
9.159914E-02,-2.5832367E-01,-1.2679214E+00
9.160242E-02,-2.5771332E-01,-1.2776108E+00
9.160569E-02,-2.5855255E-01,-1.2874527E+00
9.160897E-02,-2.5801849E-01,-1.2972946E+00
9.161225E-02,-2.5778961E-01,-1.3054581E+00
9.161552E-02,-2.5778961E-01,-1.3126297E+00
9.161880E-02,-2.5824738E-01,-1.3197250E+00
9.162208E-02,-2.5778961E-01,-1.3265915E+00
9.162535E-02,-2.5695038E-01,-1.3322372E+00
9.162863E-02,-2.5733185E-01,-1.3375015E+00
9.163191E-02,-2.5733185E-01,-1.3412399E+00
9.163518E-02,-2.5778961E-01,-1.3441391E+00
9.163846E-02,-2.5679779E-01,-1.3463516E+00
9.164174E-02,-2.5679779E-01,-1.3484116E+00
9.164501E-02,-2.5717926E-01,-1.3488693E+00
9.164829E-02,-2.5695038E-01,-1.3497086E+00
9.165157E-02,-2.5771332E-01,-1.3492508E+00
9.165484E-02,-2.5763702E-01,-1.3478775E+00
9.165812E-02,-2.5786591E-01,-1.3460464E+00
9.166140E-02,-2.5733185E-01,-1.3428421E+00
9.166468E-02,-2.5771332E-01,-1.3389511E+00
9.166795E-02,-2.5748444E-01,-1.3343735E+00
9.167123E-02,-2.5794220E-01,-1.3291092E+00
9.167451E-02,-2.5733185E-01,-1.3231583E+00
9.167778E-02,-2.5832367E-01,-1.3166733E+00
9.168106E-02,-2.5756073E-01,-1.3094254E+00
9.168434E-02,-2.5786591E-01,-1.3010330E+00
9.168761E-02,-2.5786591E-01,-1.2924118E+00
9.169089E-02,-2.5809479E-01,-1.2828751E+00
9.169417E-02,-2.5817108E-01,-1.2723465E+00
9.169744E-02,-2.5839996E-01,-1.2621994E+00
9.170072E-02,-2.5786591E-01,-1.2499924E+00
9.170400E-02,-2.5801849E-01,-1.2369461E+00
9.170727E-02,-2.5817108E-01,-1.2251968E+00
9.171055E-02,-2.5817108E-01,-1.2114639E+00
9.171383E-02,-2.5809479E-01,-1.1965866E+00
9.171710E-02,-2.5817108E-01,-1.1809464E+00
9.172038E-02,-2.5839996E-01,-1.1656113E+00
9.172366E-02,-2.5794220E-01,-1.1485977E+00
9.172693E-02,-2.5748444E-01,-1.1322708E+00
9.173021E-02,-2.5763702E-01,-1.1141129E+00
9.173349E-02,-2.5763702E-01,-1.0951920E+00
9.173676E-02,-2.5656891E-01,-1.0752029E+00
9.174004E-02,-2.5748444E-01,-1.0549088E+00
9.174332E-02,-2.5717926E-01,-1.0357590E+00
9.174660E-02,-2.5733185E-01,-1.0139389E+00
9.174987E-02,-2.5710297E-01,-9.9227142E-01
9.175315E-02,-2.5733185E-01,-9.6968842E-01
9.175643E-02,-2.5710297E-01,-9.4641876E-01
9.175970E-02,-2.5771332E-01,-9.2337799E-01
9.176298E-02,-2.5763702E-01,-8.9949799E-01
9.176626E-02,-2.5778961E-01,-8.7516022E-01
9.176953E-02,-2.5771332E-01,-8.4944916E-01
9.177281E-02,-2.5756073E-01,-8.2404327E-01
9.177609E-02,-2.5832367E-01,-7.9810333E-01
9.177936E-02,-2.5931549E-01,-7.7063751E-01
9.178264E-02,-2.5885773E-01,-7.4378204E-01
9.178592E-02,-2.5923920E-01,-7.1578217E-01
9.178919E-02,-2.5908661E-01,-6.8770599E-01
9.179247E-02,-2.6000214E-01,-6.6031647E-01
9.179575E-02,-2.6030731E-01,-6.3056183E-01
9.179902E-02,-2.5969696E-01,-6.0210419E-01
9.180230E-02,-2.6068878E-01,-5.7234955E-01
9.180558E-02,-2.6122284E-01,-5.4167938E-01
9.180885E-02,-2.6122284E-01,-5.1032257E-01
9.181213E-02,-2.6160431E-01,-4.7927094E-01
9.181541E-02,-2.6122284E-01,-4.4738007E-01
9.181868E-02,-2.6114655E-01,-4.1670990E-01
9.182196E-02,-2.6198578E-01,-3.8390350E-01
9.182524E-02,-2.6221466E-01,-3.5163116E-01
9.182852E-02,-2.6236725E-01,-3.1920624E-01
9.183179E-02,-2.6396942E-01,-2.8632355E-01
9.183507E-02,-2.6381683E-01,-2.5191498E-01
9.183835E-02,-2.6450348E-01,-2.1903229E-01
9.184162E-02,-2.6511383E-01,-1.8439484E-01
9.184490E-02,-2.6587677E-01,-1.4975739E-01
9.184818E-02,-2.6602936E-01,-1.1550140E-01
9.185145E-02,-2.6702118E-01,-8.1245422E-02
9.185473E-02,-2.6801300E-01,-4.6531677E-02
9.185801E-02,-2.6801300E-01,-1.0826111E-02
9.186128E-02,-2.6854706E-01,2.3963928E-02
9.186456E-02,-2.6862335E-01,5.9516907E-02
9.186784E-02,-2.7037811E-01,9.5527649E-02
9.187111E-02,-2.7159882E-01,1.3161469E-01
9.187439E-02,-2.7335358E-01,1.6808319E-01
9.187767E-02,-2.7327728E-01,2.0378876E-01
9.188094E-02,-2.7396393E-01,2.3926544E-01
9.188422E-02,-2.7411652E-01,2.7535248E-01
9.188750E-02,-2.7533722E-01,3.1182098E-01
9.189077E-02,-2.7617645E-01,3.4760284E-01
9.189405E-02,-2.7678680E-01,3.8323212E-01
9.189733E-02,-2.7892303E-01,4.2008209E-01
9.190060E-02,-2.8029633E-01,4.5555878E-01
9.190388E-02,-2.8098297E-01,4.9057770E-01
9.190716E-02,-2.8189850E-01,5.2613068E-01
9.191044E-02,-2.8243256E-01,5.6168365E-01
9.191371E-02,-2.8464508E-01,5.9403229E-01
9.191699E-02,-2.8586578E-01,6.2866974E-01
9.192027E-02,-2.8769684E-01,6.6292572E-01
9.192354E-02,-2.8899384E-01,6.9878387E-01
9.192682E-02,-2.8914642E-01,7.3479462E-01
9.193010E-02,-2.9067230E-01,7.7072906E-01
9.193337E-02,-2.9189301E-01,8.0445099E-01
9.193665E-02,-2.9341888E-01,8.3946991E-01
9.193993E-02,-2.9486847E-01,8.7456512E-01
9.194320E-02,-2.9639435E-01,9.0912628E-01
9.194648E-02,-2.9792023E-01,9.4300079E-01
9.194976E-02,-2.9921722E-01,9.7801971E-01
9.195303E-02,-2.9982758E-01,1.0117416E+00
9.195631E-02,-3.0188751E-01,1.0461502E+00
9.195959E-02,-3.0402374E-01,1.0783463E+00
9.196286E-02,-3.0486298E-01,1.1119919E+00
9.196614E-02,-3.0577850E-01,1.1447220E+00
9.196942E-02,-3.0745697E-01,1.1780624E+00
9.197269E-02,-3.0959320E-01,1.2095718E+00
9.197597E-02,-3.1058502E-01,1.2416153E+00
9.197925E-02,-3.1256866E-01,1.2737350E+00
9.198252E-02,-3.1371307E-01,1.3039474E+00
9.198580E-02,-3.1493378E-01,1.3349228E+00
9.198908E-02,-3.1684113E-01,1.3657455E+00
9.199236E-02,-3.1829071E-01,1.3942032E+00
9.199563E-02,-3.1966400E-01,1.4241104E+00
9.199891E-02,-3.2118988E-01,1.4531784E+00
9.200219E-02,-3.2286835E-01,1.4820938E+00
9.200546E-02,-3.2424164E-01,1.5095596E+00
9.200874E-02,-3.2530975E-01,1.5371780E+00
9.201202E-02,-3.2668304E-01,1.5632706E+00
9.201529E-02,-3.2843781E-01,1.5903549E+00
9.201857E-02,-3.2973480E-01,1.6172867E+00
9.202185E-02,-3.3141327E-01,1.6442184E+00
9.202512E-02,-3.3225250E-01,1.6689377E+00
9.202840E-02,-3.3377838E-01,1.6937332E+00
9.203168E-02,-3.3538055E-01,1.7180710E+00
9.203495E-02,-3.3553314E-01,1.7417221E+00
9.203823E-02,-3.3744049E-01,1.7643051E+00
9.204151E-02,-3.3896637E-01,1.7861252E+00
9.204478E-02,-3.3995819E-01,1.8084793E+00
9.204806E-02,-3.4186554E-01,1.8293076E+00
9.205134E-02,-3.4247589E-01,1.8495255E+00
9.205461E-02,-3.4392548E-01,1.8695145E+00
9.205789E-02,-3.4438324E-01,1.8893509E+00
9.206117E-02,-3.4636688E-01,1.9087296E+00
9.206444E-02,-3.4705353E-01,1.9268875E+00
9.206772E-02,-3.4758759E-01,1.9435959E+00
9.207100E-02,-3.4926605E-01,1.9601517E+00
9.207428E-02,-3.4987640E-01,1.9772415E+00
9.207755E-02,-3.5140228E-01,1.9936447E+00
9.208083E-02,-3.5239410E-01,2.0076828E+00
9.208411E-02,-3.5315704E-01,2.0218735E+00
9.208738E-02,-3.5445404E-01,2.0361404E+00
9.209066E-02,-3.5506439E-01,2.0491867E+00
9.209394E-02,-3.5597992E-01,2.0604019E+00
9.209721E-02,-3.5720062E-01,2.0714645E+00
9.210049E-02,-3.5781097E-01,2.0822983E+00
9.210377E-02,-3.5796356E-01,2.0932083E+00
9.210704E-02,-3.5857391E-01,2.1022873E+00
9.211032E-02,-3.5956573E-01,2.1110611E+00
9.211360E-02,-3.6025238E-01,2.1184616E+00
9.211687E-02,-3.6071014E-01,2.1254044E+00
9.212015E-02,-3.6093903E-01,2.1318130E+00
9.212343E-02,-3.6185455E-01,2.1369247E+00
9.212670E-02,-3.6200714E-01,2.1421890E+00
9.212998E-02,-3.6193085E-01,2.1462326E+00
9.213326E-02,-3.6284637E-01,2.1495132E+00
9.213653E-02,-3.6307526E-01,2.1531754E+00
9.213981E-02,-3.6345673E-01,2.1542435E+00
9.214309E-02,-3.6414337E-01,2.1559982E+00
9.214636E-02,-3.6376190E-01,2.1563797E+00
9.214964E-02,-3.6383820E-01,2.1559982E+00
9.215292E-02,-3.6399078E-01,2.1553879E+00
9.215620E-02,-3.6452484E-01,2.1543198E+00
9.215947E-02,-3.6444855E-01,2.1514206E+00
9.216275E-02,-3.6406708E-01,2.1473007E+00
9.216603E-02,-3.6437225E-01,2.1431808E+00
9.216930E-02,-3.6452484E-01,2.1389084E+00
9.217258E-02,-3.6399078E-01,2.1341782E+00
9.217586E-02,-3.6368561E-01,2.1283798E+00
9.217913E-02,-3.6299896E-01,2.1218185E+00
9.218241E-02,-3.6254120E-01,2.1142654E+00
9.218569E-02,-3.6269379E-01,2.1060257E+00
9.218896E-02,-3.6170197E-01,2.0969467E+00
9.219224E-02,-3.6208344E-01,2.0873337E+00
9.219552E-02,-3.6124420E-01,2.0761948E+00
9.219879E-02,-3.5971832E-01,2.0659714E+00
9.220207E-02,-3.5887909E-01,2.0549850E+00
9.220535E-02,-3.5773468E-01,2.0424728E+00
9.220862E-02,-3.5781097E-01,2.0290451E+00
9.221190E-02,-3.5712433E-01,2.0162277E+00
9.221518E-02,-3.5620880E-01,2.0018845E+00
9.221845E-02,-3.5506439E-01,1.9862442E+00
9.222173E-02,-3.5391998E-01,1.9690018E+00
9.222501E-02,-3.5300446E-01,1.9525986E+00
9.222828E-02,-3.5262299E-01,1.9359665E+00
9.223156E-02,-3.5071564E-01,1.9188004E+00
9.223484E-02,-3.5025787E-01,1.9005661E+00
9.223812E-02,-3.4857941E-01,1.8806534E+00
9.224139E-02,-3.4812164E-01,1.8606644E+00
9.224467E-02,-3.4743500E-01,1.8404465E+00
9.224795E-02,-3.4621429E-01,1.8193893E+00
9.225122E-02,-3.4522247E-01,1.7971115E+00
9.225450E-02,-3.4400177E-01,1.7762833E+00
9.225778E-02,-3.4255219E-01,1.7537003E+00
9.226105E-02,-3.4095001E-01,1.7299728E+00
9.226433E-02,-3.3988190E-01,1.7067032E+00
9.226761E-02,-3.3827972E-01,1.6825180E+00
9.227088E-02,-3.3690643E-01,1.6569595E+00
9.227416E-02,-3.3583832E-01,1.6322403E+00
9.227744E-02,-3.3438873E-01,1.6056137E+00
9.228071E-02,-3.3324432E-01,1.5789108E+00
9.228399E-02,-3.3225250E-01,1.5519791E+00
9.228727E-02,-3.3087921E-01,1.5246658E+00
9.229054E-02,-3.2881927E-01,1.4975052E+00
9.229382E-02,-3.2813263E-01,1.4695053E+00
9.229710E-02,-3.2645416E-01,1.4415054E+00
9.230037E-02,-3.2538605E-01,1.4119034E+00
9.230365E-02,-3.2431793E-01,1.3828354E+00
9.230693E-02,-3.2233429E-01,1.3529282E+00
9.231020E-02,-3.2088470E-01,1.3221817E+00
9.231348E-02,-3.2035065E-01,1.2920456E+00
9.231676E-02,-3.1836700E-01,1.2606888E+00
9.232004E-02,-3.1707001E-01,1.2288742E+00
9.232331E-02,-3.1562042E-01,1.1963730E+00
9.232659E-02,-3.1386566E-01,1.1644821E+00
9.232987E-02,-3.1111908E-01,1.1331253E+00
9.233314E-02,-3.0974579E-01,1.0993271E+00
9.233642E-02,-3.0959320E-01,1.0661392E+00
9.233970E-02,-3.0753326E-01,1.0322647E+00
9.234297E-02,-3.0745697E-01,9.9831390E-01
9.234625E-02,-3.0516815E-01,9.6398163E-01
9.234953E-02,-3.0356598E-01,9.2980194E-01
9.235280E-02,-3.0226898E-01,8.9646149E-01
9.235608E-02,-3.0127716E-01,8.6243439E-01
9.235936E-02,-3.0020905E-01,8.2611847E-01
9.236263E-02,-2.9952240E-01,7.9109955E-01
9.236591E-02,-2.9792023E-01,7.5730133E-01
9.236919E-02,-2.9647064E-01,7.2083282E-01
9.237246E-02,-2.9532623E-01,6.8543243E-01
9.237574E-02,-2.9425812E-01,6.5041351E-01
9.237902E-02,-2.9235077E-01,6.1524200E-01
9.238229E-02,-2.9113007E-01,5.8251190E-01
9.238557E-02,-2.8998566E-01,5.4856110E-01
9.238885E-02,-2.8861237E-01,5.1338959E-01
9.239212E-02,-2.8708649E-01,4.7692108E-01
9.239540E-02,-2.8525543E-01,4.4113922E-01
9.239868E-02,-2.8418732E-01,4.0482330E-01
9.240196E-02,-2.8296661E-01,3.6888885E-01
9.240523E-02,-2.8197479E-01,3.3371735E-01
9.240851E-02,-2.8151703E-01,2.9862213E-01
9.241179E-02,-2.8014374E-01,2.6200104E-01
9.241506E-02,-2.7983856E-01,2.2530365E-01
9.241834E-02,-2.7793121E-01,1.9020844E-01
9.242162E-02,-2.7724457E-01,1.5404510E-01
9.242489E-02,-2.7625275E-01,1.1864471E-01
9.242817E-02,-2.7564240E-01,8.2481384E-02
9.243145E-02,-2.7526093E-01,4.7080994E-02
9.243472E-02,-2.7426910E-01,1.2138367E-02
9.243800E-02,-2.7350616E-01,-2.3414612E-02
9.244128E-02,-2.7312469E-01,-5.8662415E-02
9.244455E-02,-2.7228546E-01,-9.3452454E-02
9.244783E-02,-2.7175140E-01,-1.2854767E-01
9.245111E-02,-2.7068329E-01,-1.6280365E-01
9.245438E-02,-2.6976776E-01,-1.9728851E-01
9.245766E-02,-2.6908112E-01,-2.3139191E-01
9.246094E-02,-2.6931000E-01,-2.6488495E-01
9.246421E-02,-2.6778412E-01,-2.9868317E-01
9.246749E-02,-2.6740265E-01,-3.3072662E-01
9.247077E-02,-2.6717377E-01,-3.6360931E-01
9.247404E-02,-2.6663971E-01,-3.9626312E-01
9.247732E-02,-2.6641083E-01,-4.2823029E-01
9.248060E-02,-2.6610565E-01,-4.5920563E-01
9.248388E-02,-2.6473236E-01,-4.9056244E-01
9.248715E-02,-2.6488495E-01,-5.2161407E-01
9.249043E-02,-2.6450348E-01,-5.5197906E-01
9.249371E-02,-2.6374054E-01,-5.8219147E-01
9.249698E-02,-2.6358795E-01,-6.1255646E-01
9.250026E-02,-2.6396942E-01,-6.4109039E-01
9.250354E-02,-2.6343536E-01,-6.6985321E-01
9.250681E-02,-2.6358795E-01,-6.9869232E-01
9.251009E-02,-2.6274872E-01,-7.2577667E-01
9.251337E-02,-2.6244354E-01,-7.5270844E-01
9.251664E-02,-2.6183319E-01,-7.8101349E-01
9.251992E-02,-2.6206207E-01,-8.0794525E-01
9.252320E-02,-2.6129913E-01,-8.3403778E-01
9.252647E-02,-2.6145172E-01,-8.5913849E-01
9.252975E-02,-2.6152802E-01,-8.8439178E-01
9.253303E-02,-2.6107025E-01,-9.0941620E-01
9.253630E-02,-2.6076508E-01,-9.3230438E-01
9.253958E-02,-2.6068878E-01,-9.5549774E-01
9.254286E-02,-2.6068878E-01,-9.7808075E-01
9.254613E-02,-2.6015472E-01,-1.0009689E+00
9.254941E-02,-2.6129913E-01,-1.0219498E+00
9.255269E-02,-2.6114655E-01,-1.0423965E+00
9.255596E-02,-2.6160431E-01,-1.0613937E+00
9.255924E-02,-2.6152802E-01,-1.0811539E+00
9.256252E-02,-2.6007843E-01,-1.1014481E+00
9.256580E-02,-2.6099396E-01,-1.1196060E+00
9.256907E-02,-2.6137543E-01,-1.1376877E+00
9.257235E-02,-2.6023102E-01,-1.1539383E+00
9.257563E-02,-2.6015472E-01,-1.1701889E+00
9.257890E-02,-2.6114655E-01,-1.1852951E+00
9.258218E-02,-2.6023102E-01,-1.2010880E+00
9.258546E-02,-2.6061249E-01,-1.2160416E+00
9.258873E-02,-2.6030731E-01,-1.2299271E+00
9.259201E-02,-2.6061249E-01,-1.2432022E+00
9.259529E-02,-2.6015472E-01,-1.2542648E+00
9.259856E-02,-2.6023102E-01,-1.2658615E+00
9.260184E-02,-2.6007843E-01,-1.2766953E+00
9.260512E-02,-2.5946808E-01,-1.2868423E+00
9.260839E-02,-2.5969696E-01,-1.2959213E+00
9.261167E-02,-2.5992584E-01,-1.3050766E+00
9.261495E-02,-2.6000214E-01,-1.3124008E+00
9.261822E-02,-2.6030731E-01,-1.3196487E+00
9.262150E-02,-2.6045990E-01,-1.3262863E+00
9.262478E-02,-2.5977325E-01,-1.3320084E+00
9.262805E-02,-2.5992584E-01,-1.3368149E+00
9.263133E-02,-2.6030731E-01,-1.3410110E+00
9.263461E-02,-2.5984955E-01,-1.3442154E+00
9.263788E-02,-2.5969696E-01,-1.3465805E+00
9.264116E-02,-2.5984955E-01,-1.3484116E+00
9.264444E-02,-2.6053619E-01,-1.3497849E+00
9.264772E-02,-2.6038361E-01,-1.3495560E+00
9.265099E-02,-2.5992584E-01,-1.3492508E+00
9.265427E-02,-2.6061249E-01,-1.3484879E+00
9.265755E-02,-2.6068878E-01,-1.3464279E+00
9.266082E-02,-2.6107025E-01,-1.3436050E+00
9.266410E-02,-2.6045990E-01,-1.3402481E+00
9.266738E-02,-2.5992584E-01,-1.3363571E+00
9.267065E-02,-2.5992584E-01,-1.3307877E+00
9.267393E-02,-2.5969696E-01,-1.3253708E+00
9.267721E-02,-2.6038361E-01,-1.3186569E+00
9.268048E-02,-2.6038361E-01,-1.3114090E+00
9.268376E-02,-2.6068878E-01,-1.3039322E+00
9.268704E-02,-2.6023102E-01,-1.2948532E+00
9.269031E-02,-2.6061249E-01,-1.2857742E+00
9.269359E-02,-2.6068878E-01,-1.2756271E+00
9.269687E-02,-2.6045990E-01,-1.2647171E+00
9.270014E-02,-2.6107025E-01,-1.2529678E+00
9.270342E-02,-2.6015472E-01,-1.2404556E+00
9.270670E-02,-2.6045990E-01,-1.2272568E+00
9.270997E-02,-2.6061249E-01,-1.2142105E+00
9.271325E-02,-2.6114655E-01,-1.1994858E+00
9.271653E-02,-2.6152802E-01,-1.1846085E+00
9.271980E-02,-2.6145172E-01,-1.1688156E+00
9.272308E-02,-2.6137543E-01,-1.1526413E+00
9.272636E-02,-2.6168060E-01,-1.1359329E+00
9.272964E-02,-2.6213837E-01,-1.1176224E+00
9.273291E-02,-2.6168060E-01,-1.0996170E+00
9.273619E-02,-2.6213837E-01,-1.0794754E+00
9.273947E-02,-2.6206207E-01,-1.0594864E+00
9.274274E-02,-2.6168060E-01,-1.0398026E+00
9.274602E-02,-2.6221466E-01,-1.0189743E+00
9.274930E-02,-2.6190948E-01,-9.9753571E-01
9.275257E-02,-2.6114655E-01,-9.7556305E-01
9.275585E-02,-2.6213837E-01,-9.5229340E-01
9.275913E-02,-2.6221466E-01,-9.2910004E-01
9.276240E-02,-2.6305389E-01,-9.0522003E-01
9.276568E-02,-2.6282501E-01,-8.8004303E-01
9.276896E-02,-2.6328278E-01,-8.5471344E-01
9.277223E-02,-2.6404572E-01,-8.2984161E-01
9.277551E-02,-2.6374054E-01,-8.0390167E-01
9.277879E-02,-2.6404572E-01,-7.7742767E-01
9.278206E-02,-2.6404572E-01,-7.4912262E-01
9.278534E-02,-2.6396942E-01,-7.2234344E-01
9.278862E-02,-2.6511383E-01,-6.9380951E-01
9.279189E-02,-2.6457977E-01,-6.6504669E-01
9.279517E-02,-2.6473236E-01,-6.3552094E-01
9.279845E-02,-2.6580048E-01,-6.0736847E-01
9.280172E-02,-2.6663971E-01,-5.7685089E-01
9.280500E-02,-2.6580048E-01,-5.4709625E-01
9.280828E-02,-2.6694489E-01,-5.1596832E-01
9.281156E-02,-2.6747894E-01,-4.8522186E-01
9.281483E-02,-2.6824188E-01,-4.5355988E-01
9.281811E-02,-2.6816559E-01,-4.2189789E-01
9.282139E-02,-2.6931000E-01,-3.8993073E-01
9.282466E-02,-2.6862335E-01,-3.5758209E-01
9.282794E-02,-2.6984406E-01,-3.2469940E-01
9.283122E-02,-2.6984406E-01,-2.9204559E-01
9.283449E-02,-2.7121735E-01,-2.5901031E-01
9.283777E-02,-2.7213287E-01,-2.2467804E-01
9.284105E-02,-2.7281952E-01,-1.9049835E-01
9.284432E-02,-2.7320099E-01,-1.5631866E-01
9.284760E-02,-2.7442169E-01,-1.2114716E-01
9.285088E-02,-2.7472687E-01,-8.6967468E-02
9.285415E-02,-2.7548981E-01,-5.2253723E-02
9.285743E-02,-2.7640533E-01,-1.6624451E-02
9.286071E-02,-2.7709198E-01,1.8241882E-02
9.286398E-02,-2.7762604E-01,5.4176331E-02
9.286726E-02,-2.7816010E-01,8.9271545E-02
9.287054E-02,-2.7907562E-01,1.2512970E-01
9.287381E-02,-2.8060150E-01,1.6114044E-01
9.287709E-02,-2.8166962E-01,1.9669342E-01
9.288037E-02,-2.8258514E-01,2.3201752E-01
9.288364E-02,-2.8380585E-01,2.6932526E-01
9.288692E-02,-2.8433990E-01,3.0564117E-01
9.289020E-02,-2.8464508E-01,3.4142303E-01
9.289348E-02,-2.8464508E-01,3.7720490E-01
9.289675E-02,-2.8708649E-01,4.1359711E-01
9.290003E-02,-2.8754425E-01,4.4892120E-01
9.290331E-02,-2.8876495E-01,4.8485565E-01
9.290658E-02,-2.8968048E-01,5.1972198E-01
9.290986E-02,-2.9051971E-01,5.5558014E-01
9.291314E-02,-2.9181671E-01,5.8922577E-01
9.291641E-02,-2.9227448E-01,6.2226105E-01
9.291969E-02,-2.9387665E-01,6.5827179E-01
9.292297E-02,-2.9479218E-01,6.9268036E-01
9.292624E-02,-2.9570770E-01,7.2869110E-01
9.292952E-02,-2.9708099E-01,7.6424408E-01
9.293280E-02,-2.9769135E-01,7.9911041E-01
9.293607E-02,-2.9853058E-01,8.3435822E-01
9.293935E-02,-2.9975128E-01,8.6968231E-01
9.294263E-02,-3.0013275E-01,9.0393829E-01
9.294590E-02,-3.0204010E-01,9.3811798E-01
9.294918E-02,-3.0295563E-01,9.7229767E-01
9.295246E-02,-3.0448151E-01,1.0070877E+00
9.295573E-02,-3.0516815E-01,1.0411911E+00
9.295901E-02,-3.0562592E-01,1.0743790E+00
9.296229E-02,-3.0684662E-01,1.1074905E+00
9.296556E-02,-3.0783844E-01,1.1405258E+00
9.296884E-02,-3.0913544E-01,1.1728745E+00
9.297212E-02,-3.1081390E-01,1.2040787E+00
9.297540E-02,-3.1134796E-01,1.2365799E+00
9.297867E-02,-3.1226349E-01,1.2690048E+00
9.298195E-02,-3.1302643E-01,1.3002853E+00
9.298523E-02,-3.1455231E-01,1.3304214E+00
9.298850E-02,-3.1470490E-01,1.3603287E+00
9.299178E-02,-3.1607819E-01,1.3895493E+00
9.299506E-02,-3.1699371E-01,1.4188461E+00
9.299833E-02,-3.1783295E-01,1.4479904E+00
9.300161E-02,-3.1836700E-01,1.4770584E+00
9.300489E-02,-3.1874847E-01,1.5048294E+00
9.300816E-02,-3.2027435E-01,1.5315323E+00
9.301144E-02,-3.2057953E-01,1.5583878E+00
9.301472E-02,-3.2134247E-01,1.5851669E+00
9.301799E-02,-3.2195282E-01,1.6127853E+00
9.302127E-02,-3.2187653E-01,1.6393356E+00
9.302455E-02,-3.2294464E-01,1.6644363E+00
9.302782E-02,-3.2324982E-01,1.6893845E+00
9.303110E-02,-3.2370758E-01,1.7128830E+00
9.303438E-02,-3.2347870E-01,1.7364578E+00
9.303765E-02,-3.2401276E-01,1.7597275E+00
9.304093E-02,-3.2416534E-01,1.7816238E+00
9.304421E-02,-3.2393646E-01,1.8039780E+00
9.304748E-02,-3.2515717E-01,1.8260269E+00
9.305076E-02,-3.2500458E-01,1.8466263E+00
9.305404E-02,-3.2431793E-01,1.8666153E+00
9.305732E-02,-3.2424164E-01,1.8858414E+00
9.306059E-02,-3.2469940E-01,1.9055252E+00
9.306387E-02,-3.2439423E-01,1.9241409E+00
9.306715E-02,-3.2576752E-01,1.9408493E+00
9.307042E-02,-3.2538605E-01,1.9581680E+00
9.307370E-02,-3.2538605E-01,1.9744949E+00
9.307698E-02,-3.2431793E-01,1.9912033E+00
9.308025E-02,-3.2485199E-01,2.0066910E+00
9.308353E-02,-3.2462311E-01,2.0211868E+00
9.308681E-02,-3.2469940E-01,2.0342331E+00
9.309008E-02,-3.2347870E-01,2.0468216E+00
9.309336E-02,-3.2347870E-01,2.0591049E+00
9.309664E-02,-3.2286835E-01,2.0703201E+00
9.309991E-02,-3.2248688E-01,2.0813828E+00
9.310319E-02,-3.2149506E-01,2.0909195E+00
9.310647E-02,-3.2080841E-01,2.1006088E+00
9.310974E-02,-3.2088470E-01,2.1100693E+00
9.311302E-02,-3.1996918E-01,2.1174698E+00
9.311630E-02,-3.1951141E-01,2.1250992E+00
9.311957E-02,-3.1836700E-01,2.1320419E+00
9.312285E-02,-3.1722260E-01,2.1374588E+00
9.312613E-02,-3.1630707E-01,2.1424942E+00
9.312940E-02,-3.1523895E-01,2.1472244E+00
9.313268E-02,-3.1478119E-01,2.1505814E+00
9.313596E-02,-3.1417084E-01,2.1532516E+00
