in s,C1 in V,C2 in V
7.940734E-02,2.4650574E-02,4.6196747E-01
7.941062E-02,1.5037537E-02,4.2694855E-01
7.941389E-02,5.1956177E-03,3.9101410E-01
7.941717E-02,-3.1204224E-03,3.5530853E-01
7.942045E-02,-1.1283875E-02,3.1952667E-01
7.942372E-02,-1.9294739E-02,2.8412628E-01
7.942700E-02,-2.7305603E-02,2.4781036E-01
7.943028E-02,-3.4248352E-02,2.1248627E-01
7.943356E-02,-4.3022156E-02,1.7700958E-01
7.943683E-02,-4.7828674E-02,1.4183807E-01
7.944011E-02,-5.3855896E-02,1.0651398E-01
7.944339E-02,-6.1485291E-02,7.1495056E-02
7.944666E-02,-6.7436218E-02,3.5560608E-02
7.944994E-02,-7.2547913E-02,1.6098022E-03
7.945322E-02,-7.8269958E-02,-3.3790588E-02
7.945649E-02,-8.3839417E-02,-6.8122864E-02
7.945977E-02,-8.8035583E-02,-1.0138702E-01
7.946305E-02,-9.2231750E-02,-1.3579559E-01
7.946632E-02,-9.7343445E-02,-1.6997528E-01
7.946960E-02,-9.9555969E-02,-2.0339203E-01
7.947288E-02,-1.0337067E-01,-2.3734283E-01
7.947615E-02,-1.0604095E-01,-2.7060699E-01
7.947943E-02,-1.0840607E-01,-3.0295563E-01
7.948271E-02,-1.1145782E-01,-3.3423615E-01
7.948598E-02,-1.1328888E-01,-3.6627960E-01
7.948926E-02,-1.1710358E-01,-3.9763641E-01
7.949254E-02,-1.1840057E-01,-4.2807770E-01
7.949581E-02,-1.2030792E-01,-4.5783234E-01
7.949909E-02,-1.2046051E-01,-4.8766327E-01
7.950237E-02,-1.2114716E-01,-5.1863861E-01
7.950564E-02,-1.2129974E-01,-5.4732513E-01
7.950892E-02,-1.2335968E-01,-5.7730865E-01
7.951220E-02,-1.2236786E-01,-6.0645294E-01
7.951548E-02,-1.2198639E-01,-6.3361359E-01
7.951875E-02,-1.2252045E-01,-6.6199493E-01
7.952203E-02,-1.2137604E-01,-6.8907928E-01
7.952531E-02,-1.2122345E-01,-7.1578217E-01
7.952858E-02,-1.2122345E-01,-7.4134064E-01
7.953186E-02,-1.1985016E-01,-7.6667023E-01
7.953514E-02,-1.1946869E-01,-7.9253387E-01
7.953841E-02,-1.1786652E-01,-8.1778717E-01
7.954169E-02,-1.1687469E-01,-8.4128571E-01
7.954497E-02,-1.1405182E-01,-8.6379242E-01
7.954824E-02,-1.1244965E-01,-8.8721466E-01
7.955152E-02,-1.1077118E-01,-9.1002655E-01
7.955480E-02,-1.0993195E-01,-9.3169403E-01
7.955807E-02,-1.0794830E-01,-9.5320892E-01
7.956135E-02,-1.0634613E-01,-9.7373199E-01
7.956463E-02,-1.0359955E-01,-9.9341583E-01
7.956790E-02,-1.0138702E-01,-1.0130234E+00
7.957118E-02,-9.9784851E-02,-1.0311813E+00
7.957446E-02,-9.7114563E-02,-1.0493393E+00
7.957773E-02,-9.5893860E-02,-1.0665817E+00
7.958101E-02,-9.3147278E-02,-1.0826797E+00
7.958429E-02,-9.1163635E-02,-1.0999222E+00
7.958756E-02,-8.8493347E-02,-1.1148758E+00
7.959084E-02,-8.6662292E-02,-1.1283798E+00
7.959412E-02,-8.5212708E-02,-1.1432571E+00
7.959740E-02,-8.2847595E-02,-1.1563797E+00
7.960067E-02,-8.2008362E-02,-1.1688919E+00
7.960395E-02,-8.0406189E-02,-1.1808701E+00
7.960723E-02,-7.7125549E-02,-1.1921616E+00
7.961050E-02,-7.6667786E-02,-1.2021561E+00
7.961378E-02,-7.3921204E-02,-1.2113876E+00
7.961706E-02,-7.2090149E-02,-1.2211533E+00
7.962033E-02,-7.2090149E-02,-1.2287064E+00
7.962361E-02,-7.0640564E-02,-1.2364120E+00
7.962689E-02,-6.9648743E-02,-1.2432022E+00
7.963016E-02,-6.7436218E-02,-1.2495346E+00
7.963344E-02,-6.6139221E-02,-1.2545700E+00
7.963672E-02,-6.4994812E-02,-1.2589188E+00
7.963999E-02,-6.5452576E-02,-1.2631149E+00
7.964327E-02,-6.3926697E-02,-1.2661667E+00
7.964655E-02,-6.4384460E-02,-1.2684555E+00
7.964982E-02,-6.2934875E-02,-1.2700577E+00
7.965310E-02,-6.2477112E-02,-1.2710495E+00
7.965638E-02,-6.2477112E-02,-1.2708206E+00
7.965965E-02,-6.3163757E-02,-1.2699051E+00
7.966293E-02,-6.2629700E-02,-1.2678452E+00
7.966621E-02,-6.4079285E-02,-1.2662430E+00
7.966948E-02,-6.5071106E-02,-1.2638779E+00
7.967276E-02,-6.5223694E-02,-1.2604446E+00
7.967604E-02,-6.5910339E-02,-1.2556381E+00
7.967932E-02,-6.6368103E-02,-1.2502975E+00
7.968259E-02,-6.7741394E-02,-1.2431259E+00
7.968587E-02,-6.7893982E-02,-1.2370224E+00
7.968915E-02,-6.9419861E-02,-1.2294693E+00
7.969242E-02,-7.0945740E-02,-1.2216110E+00
7.969570E-02,-7.2547913E-02,-1.2124557E+00
7.969898E-02,-7.3081970E-02,-1.2026138E+00
7.970225E-02,-7.5675964E-02,-1.1927719E+00
7.970553E-02,-7.7125549E-02,-1.1808701E+00
7.970881E-02,-7.8346252E-02,-1.1691208E+00
7.971208E-02,-8.0635071E-02,-1.1573715E+00
7.971536E-02,-8.3000183E-02,-1.1444778E+00
7.971864E-02,-8.5212708E-02,-1.1302109E+00
7.972191E-02,-8.7501526E-02,-1.1157150E+00
7.972519E-02,-8.9103699E-02,-1.1004562E+00
7.972847E-02,-9.2308044E-02,-1.0842056E+00
7.973174E-02,-9.4139099E-02,-1.0670395E+00
7.973502E-02,-9.6961975E-02,-1.0502548E+00
7.973830E-02,-9.9632263E-02,-1.0325546E+00
7.974157E-02,-1.0230255E-01,-1.0140152E+00
7.974485E-02,-1.0367584E-01,-9.9417877E-01
7.974813E-02,-1.0581207E-01,-9.7380829E-01
7.975140E-02,-1.0817719E-01,-9.5351410E-01
7.975468E-02,-1.1031342E-01,-9.3253326E-01
7.975796E-02,-1.1222076E-01,-9.1063690E-01
7.976124E-02,-1.1435699E-01,-8.8851166E-01
7.976451E-02,-1.1565399E-01,-8.6409760E-01
7.976779E-02,-1.1893463E-01,-8.4197235E-01
7.977107E-02,-1.2015533E-01,-8.1801605E-01
7.977434E-02,-1.2191010E-01,-7.9337311E-01
7.977762E-02,-1.2351227E-01,-7.6819611E-01
7.978090E-02,-1.2488556E-01,-7.4210358E-01
7.978417E-02,-1.2648773E-01,-7.1654510E-01
7.978745E-02,-1.2755585E-01,-6.8991852E-01
7.979073E-02,-1.2908173E-01,-6.6352081E-01
7.979400E-02,-1.2839508E-01,-6.3491058E-01
7.979728E-02,-1.3007355E-01,-6.0759735E-01
7.980056E-02,-1.3091278E-01,-5.7776642E-01
7.980383E-02,-1.3129425E-01,-5.4953766E-01
7.980711E-02,-1.3152313E-01,-5.2031708E-01
7.981039E-02,-1.3205719E-01,-4.9010468E-01
7.981366E-02,-1.3159943E-01,-4.6019745E-01
7.981694E-02,-1.3190460E-01,-4.2960358E-01
7.982022E-02,-1.3129425E-01,-3.9847565E-01
7.982349E-02,-1.2938690E-01,-3.6780548E-01
7.982677E-02,-1.2892914E-01,-3.3545685E-01
7.983005E-02,-1.2679291E-01,-3.0371857E-01
7.983332E-02,-1.2557220E-01,-2.7144623E-01
7.983660E-02,-1.2328339E-01,-2.3886871E-01
7.983988E-02,-1.2145233E-01,-2.0598602E-01
7.984316E-02,-1.1962128E-01,-1.7195892E-01
7.984643E-02,-1.1580658E-01,-1.3777924E-01
7.984971E-02,-1.1145782E-01,-1.0390472E-01
7.985299E-02,-1.0825348E-01,-7.0259094E-02
7.985626E-02,-1.0482025E-01,-3.5774231E-02
7.985954E-02,-9.9174500E-02,-1.4495850E-04
7.986282E-02,-9.5207214E-02,3.4645081E-02
7.986609E-02,-9.0019226E-02,6.9511414E-02
7.986937E-02,-8.4831238E-02,1.0498810E-01
7.987265E-02,-7.9566956E-02,1.4023590E-01
7.987592E-02,-7.3005676E-02,1.7609406E-01
7.987920E-02,-6.6596985E-02,2.1240997E-01
7.988248E-02,-6.0951233E-02,2.4742889E-01
7.988575E-02,-5.4542542E-02,2.8328705E-01
7.988903E-02,-4.6455383E-02,3.1891632E-01
7.989231E-02,-4.0199280E-02,3.5340118E-01
7.989558E-02,-3.2493591E-02,3.8971710E-01
7.989886E-02,-2.4101257E-02,4.2534637E-01
7.990214E-02,-1.6548157E-02,4.6150970E-01
7.990541E-02,-6.6299438E-03,4.9698639E-01
7.990869E-02,2.0675659E-03,5.3162384E-01
7.991197E-02,1.0459900E-02,5.6702423E-01
7.991524E-02,2.1141052E-02,5.9960175E-01
7.991852E-02,3.1059265E-02,6.3317108E-01
7.992180E-02,4.0748596E-02,6.6841888E-01
7.992508E-02,5.1506042E-02,7.0343781E-01
7.992835E-02,6.1805725E-02,7.3830414E-01
7.993163E-02,7.4089050E-02,7.7339935E-01
7.993491E-02,8.3625793E-02,8.0895233E-01
7.993818E-02,9.5680237E-02,8.4397125E-01
7.994146E-02,1.0727692E-01,8.7967682E-01
7.994474E-02,1.1948395E-01,9.1332245E-01
7.994801E-02,1.3191986E-01,9.4803619E-01
7.995129E-02,1.4382172E-01,9.8305511E-01
7.995457E-02,1.5541840E-01,1.0176926E+00
7.995784E-02,1.6831207E-01,1.0518723E+00
7.996112E-02,1.8196869E-01,1.0849075E+00
7.996440E-02,1.9402313E-01,1.1195450E+00
7.996767E-02,2.0775604E-01,1.1521225E+00
7.997095E-02,2.2057343E-01,1.1842422E+00
7.997423E-02,2.3308563E-01,1.2169724E+00
7.997750E-02,2.4674225E-01,1.2489395E+00
7.998078E-02,2.5955963E-01,1.2815170E+00
7.998406E-02,2.7275848E-01,1.3133316E+00
7.998733E-02,2.8504181E-01,1.3441544E+00
7.999061E-02,2.9892731E-01,1.3755112E+00
7.999389E-02,3.1296539E-01,1.4049606E+00
7.999716E-02,3.2578278E-01,1.4354782E+00
8.000044E-02,3.3974457E-01,1.4648514E+00
8.000372E-02,3.5309601E-01,1.4929276E+00
8.000700E-02,3.6637115E-01,1.5215378E+00
8.001027E-02,3.7903595E-01,1.5496140E+00
8.001355E-02,3.9162445E-01,1.5770035E+00
8.001683E-02,4.0314484E-01,1.6052322E+00
8.002010E-02,4.1596222E-01,1.6320877E+00
8.002338E-02,4.2870331E-01,1.6592484E+00
8.002666E-02,4.3984222E-01,1.6847305E+00
8.002993E-02,4.5212555E-01,1.7090683E+00
8.003321E-02,4.6417999E-01,1.7356949E+00
8.003649E-02,4.7539520E-01,1.7593460E+00
8.003976E-02,4.8691559E-01,1.7827682E+00
8.004304E-02,4.9691010E-01,1.8064194E+00
8.004632E-02,5.0782013E-01,1.8294601E+00
8.004959E-02,5.1850128E-01,1.8512802E+00
8.005287E-02,5.2857208E-01,1.8718033E+00
8.005615E-02,5.3810883E-01,1.8938522E+00
8.005942E-02,5.4688263E-01,1.9138412E+00
8.006270E-02,5.5725861E-01,1.9339066E+00
8.006598E-02,5.6534576E-01,1.9522934E+00
8.006925E-02,5.7411957E-01,1.9725876E+00
8.007253E-02,5.8152008E-01,1.9906693E+00
8.007581E-02,5.8853912E-01,2.0086746E+00
8.007908E-02,5.9647369E-01,2.0241623E+00
8.008236E-02,6.0379791E-01,2.0409470E+00
8.008564E-02,6.0944366E-01,2.0560532E+00
8.008892E-02,6.1714935E-01,2.0703201E+00
8.009219E-02,6.2248993E-01,2.0833664E+00
8.009547E-02,6.2744904E-01,2.0966415E+00
8.009875E-02,6.3225555E-01,2.1099930E+00
8.010202E-02,6.3607025E-01,2.1222763E+00
8.010530E-02,6.3874054E-01,2.1328812E+00
8.010858E-02,6.4217377E-01,2.1434097E+00
8.011185E-02,6.4514923E-01,2.1527176E+00
8.011513E-02,6.4682770E-01,2.1618729E+00
8.011841E-02,6.4804840E-01,2.1706467E+00
8.012168E-02,6.5026093E-01,2.1783524E+00
8.012496E-02,6.5079498E-01,2.1847610E+00
8.012824E-02,6.5094757E-01,2.1914749E+00
8.013151E-02,6.5102386E-01,2.1975784E+00
8.013479E-02,6.5033722E-01,2.2013168E+00
8.013807E-02,6.4873505E-01,2.2057419E+00
8.014134E-02,6.4713287E-01,2.2097855E+00
8.014462E-02,6.4591217E-01,2.2124557E+00
8.014790E-02,6.4293671E-01,2.2136765E+00
8.015117E-02,6.3980865E-01,2.2152786E+00
8.015445E-02,6.3675690E-01,2.2160416E+00
8.015773E-02,6.3309479E-01,2.2154312E+00
8.016100E-02,6.2828827E-01,2.2140579E+00
8.016428E-02,6.2271881E-01,2.2116928E+00
8.016756E-02,6.1646271E-01,2.2097092E+00
8.017084E-02,6.0967255E-01,2.2058945E+00
8.017411E-02,6.0265350E-01,2.2022324E+00
8.017739E-02,5.9517670E-01,2.1975784E+00
8.018067E-02,5.8815765E-01,2.1926193E+00
8.018394E-02,5.8121490E-01,2.1869736E+00
8.018722E-02,5.7328033E-01,2.1806412E+00
8.019050E-02,5.6412506E-01,2.1730881E+00
8.019377E-02,5.5466461E-01,2.1641617E+00
8.019705E-02,5.4581451E-01,2.1553116E+00
8.020033E-02,5.3604889E-01,2.1452408E+00
8.020360E-02,5.2483368E-01,2.1351700E+00
8.020688E-02,5.1491547E-01,2.1248703E+00
8.021016E-02,5.0392914E-01,2.1134262E+00
8.021343E-02,4.9271393E-01,2.1002274E+00
8.021671E-02,4.8126984E-01,2.0867996E+00
8.021999E-02,4.6807098E-01,2.0726089E+00
8.022326E-02,4.5670319E-01,2.0584946E+00
8.022654E-02,4.4396210E-01,2.0436172E+00
8.022982E-02,4.3175507E-01,2.0277481E+00
8.023309E-02,4.1886139E-01,2.0109634E+00
8.023637E-02,4.0497589E-01,1.9933395E+00
8.023965E-02,3.9170074E-01,1.9748001E+00
8.024292E-02,3.7781525E-01,1.9565659E+00
8.024620E-02,3.6461639E-01,1.9371872E+00
8.024948E-02,3.5080719E-01,1.9186478E+00
8.025276E-02,3.3646393E-01,1.8978958E+00
8.025603E-02,3.2158661E-01,1.8772202E+00
8.025931E-02,3.0670929E-01,1.8553238E+00
8.026259E-02,2.9320526E-01,1.8335800E+00
8.026586E-02,2.7794647E-01,1.8097000E+00
8.026914E-02,2.6375580E-01,1.7862015E+00
8.027242E-02,2.4971771E-01,1.7634659E+00
8.027569E-02,2.3461151E-01,1.7389755E+00
8.027897E-02,2.2011566E-01,1.7139511E+00
8.028225E-02,2.0676422E-01,1.6881638E+00
8.028552E-02,1.9120026E-01,1.6624527E+00
8.028880E-02,1.7632294E-01,1.6355209E+00
8.029208E-02,1.6175079E-01,1.6089706E+00
8.029535E-02,1.4824677E-01,1.5815048E+00
8.029863E-02,1.3367462E-01,1.5539627E+00
8.030191E-02,1.2032318E-01,1.5264206E+00
8.030518E-02,1.0605621E-01,1.4979630E+00
8.030846E-02,9.1407776E-02,1.4702682E+00
8.031174E-02,7.8514099E-02,1.4402847E+00
8.031501E-02,6.5010071E-02,1.4107590E+00
8.031829E-02,5.1658630E-02,1.3816910E+00
8.032157E-02,3.8002014E-02,1.3500290E+00
8.032484E-02,2.5947571E-02,1.3192825E+00
8.032812E-02,1.2901306E-02,1.2880020E+00
8.033140E-02,-5.2642822E-04,1.2558823E+00
8.033468E-02,-1.2428284E-02,1.2234573E+00
8.033795E-02,-2.4330139E-02,1.1908035E+00
8.034123E-02,-3.5392761E-02,1.1584549E+00
8.034451E-02,-4.6913147E-02,1.1261826E+00
8.034778E-02,-5.7365417E-02,1.0925369E+00
8.035106E-02,-6.8199158E-02,1.0595016E+00
8.035434E-02,-7.9719543E-02,1.0250931E+00
8.035761E-02,-8.9179993E-02,9.9106598E-01
8.036089E-02,-9.8411560E-02,9.5635223E-01
8.036417E-02,-1.0825348E-01,9.2156219E-01
8.036744E-02,-1.1756134E-01,8.8791656E-01
8.037072E-02,-1.2618256E-01,8.5274506E-01
8.037400E-02,-1.3449860E-01,8.1719208E-01
8.037727E-02,-1.4342499E-01,7.8202057E-01
8.038055E-02,-1.5120697E-01,7.4692535E-01
8.038383E-02,-1.5876007E-01,7.1068573E-01
8.038710E-02,-1.6555023E-01,6.7581940E-01
8.039038E-02,-1.7134857E-01,6.4080048E-01
8.039366E-02,-1.7844391E-01,6.0662079E-01
8.039693E-02,-1.8370819E-01,5.7373810E-01
8.040021E-02,-1.9019318E-01,5.3963470E-01
8.040349E-02,-1.9423676E-01,5.0431061E-01
8.040676E-02,-1.9965363E-01,4.6959686E-01
8.041004E-02,-2.0362091E-01,4.3335724E-01
8.041332E-02,-2.0804596E-01,3.9749908E-01
8.041660E-02,-2.1178436E-01,3.6202240E-01
8.041987E-02,-2.1537018E-01,3.2692719E-01
8.042315E-02,-2.1704865E-01,2.9091644E-01
8.042643E-02,-2.1941376E-01,2.5498199E-01
8.042970E-02,-2.2216034E-01,2.1950531E-01
8.043298E-02,-2.2376251E-01,1.8410492E-01
8.043626E-02,-2.2589874E-01,1.4817047E-01
8.043953E-02,-2.2605133E-01,1.1330414E-01
8.044281E-02,-2.2811127E-01,7.7522278E-02
8.044609E-02,-2.2841644E-01,4.1816711E-02
8.044936E-02,-2.2795868E-01,6.7977905E-03
8.045264E-02,-2.2841644E-01,-2.8373718E-02
8.045592E-02,-2.2887421E-01,-6.2553406E-02
8.045919E-02,-2.2818756E-01,-9.6199036E-02
8.046247E-02,-2.2803497E-01,-1.2984467E-01
8.046575E-02,-2.2574615E-01,-1.6448212E-01
8.046902E-02,-2.2330475E-01,-1.9843292E-01
8.047230E-02,-2.2238922E-01,-2.3154449E-01
8.047558E-02,-2.2231293E-01,-2.6419830E-01
8.047885E-02,-2.1926117E-01,-2.9654694E-01
8.048213E-02,-2.1727753E-01,-3.2752228E-01
8.048541E-02,-2.1437836E-01,-3.5948944E-01
8.048868E-02,-2.1063995E-01,-3.9130402E-01
8.049196E-02,-2.0804596E-01,-4.2182159E-01
8.049524E-02,-2.0522308E-01,-4.5211029E-01
8.049852E-02,-2.0140839E-01,-4.8201752E-01
8.050179E-02,-1.9751740E-01,-5.1238251E-01
8.050507E-02,-1.9431305E-01,-5.4076385E-01
8.050835E-02,-1.9087982E-01,-5.7036591E-01
8.051162E-02,-1.8698883E-01,-5.9973907E-01
8.051490E-02,-1.8241119E-01,-6.2720490E-01
8.051818E-02,-1.7836761E-01,-6.5482330E-01
8.052145E-02,-1.7569733E-01,-6.8213654E-01
8.052473E-02,-1.7104340E-01,-7.0883942E-01
8.052801E-02,-1.6684723E-01,-7.3500824E-01
8.053128E-02,-1.6295624E-01,-7.6041412E-01
8.053456E-02,-1.5883636E-01,-7.8620148E-01
8.053784E-02,-1.5479279E-01,-8.1191254E-01
8.054111E-02,-1.4990997E-01,-8.3556366E-01
8.054439E-02,-1.4685822E-01,-8.5868073E-01
8.054767E-02,-1.4296722E-01,-8.8248444E-01
8.055094E-02,-1.3877106E-01,-9.0560150E-01
8.055422E-02,-1.3404083E-01,-9.2772675E-01
8.055750E-02,-1.3045502E-01,-9.4824982E-01
8.056077E-02,-1.2595367E-01,-9.6930695E-01
8.056405E-02,-1.2206268E-01,-9.8899078E-01
8.056733E-02,-1.1855316E-01,-1.0089035E+00
8.057060E-02,-1.1473846E-01,-1.0279007E+00
8.057388E-02,-1.1069489E-01,-1.0449142E+00
8.057716E-02,-1.0695648E-01,-1.0623856E+00
8.058044E-02,-1.0283661E-01,-1.0786362E+00
8.058371E-02,-1.0062408E-01,-1.0954971E+00
8.058699E-02,-9.7267151E-02,-1.1112900E+00
8.059027E-02,-9.4291687E-02,-1.1259384E+00
8.059354E-02,-9.1545105E-02,-1.1401291E+00
8.059682E-02,-8.8569641E-02,-1.1533279E+00
8.060010E-02,-8.5670471E-02,-1.1656113E+00
8.060337E-02,-8.2923889E-02,-1.1778946E+00
8.060665E-02,-8.0635071E-02,-1.1881180E+00
8.060993E-02,-7.8117371E-02,-1.1987228E+00
8.061320E-02,-7.6286316E-02,-1.2096329E+00
8.061648E-02,-7.4455261E-02,-1.2184830E+00
8.061976E-02,-7.1479797E-02,-1.2271805E+00
8.062303E-02,-7.0945740E-02,-1.2350388E+00
8.062631E-02,-6.9267273E-02,-1.2422104E+00
8.062959E-02,-6.7131042E-02,-1.2474747E+00
8.063286E-02,-6.6444397E-02,-1.2524338E+00
8.063614E-02,-6.4918518E-02,-1.2574692E+00
8.063942E-02,-6.3545227E-02,-1.2609024E+00
8.064269E-02,-6.3316345E-02,-1.2638779E+00
8.064597E-02,-6.2477112E-02,-1.2661667E+00
8.064925E-02,-6.1714172E-02,-1.2682266E+00
8.065252E-02,-6.0951233E-02,-1.2689133E+00
8.065580E-02,-6.1256409E-02,-1.2694473E+00
8.065908E-02,-6.0798645E-02,-1.2694473E+00
8.066236E-02,-6.1027527E-02,-1.2679214E+00
8.066563E-02,-6.1790466E-02,-1.2664719E+00
8.066891E-02,-6.2858582E-02,-1.2634964E+00
8.067219E-02,-6.1943054E-02,-1.2593765E+00
8.067546E-02,-6.2553406E-02,-1.2552567E+00
8.067874E-02,-6.2629700E-02,-1.2508316E+00
8.068202E-02,-6.3240051E-02,-1.2446518E+00
8.068529E-02,-6.3240051E-02,-1.2377853E+00
8.068857E-02,-6.4155579E-02,-1.2305374E+00
8.069185E-02,-6.5223694E-02,-1.2229843E+00
8.069512E-02,-6.4537048E-02,-1.2140579E+00
8.069840E-02,-6.5681458E-02,-1.2042160E+00
8.070168E-02,-6.6139221E-02,-1.1941452E+00
8.070495E-02,-6.6825867E-02,-1.1817856E+00
8.070823E-02,-6.7588806E-02,-1.1704178E+00
8.071151E-02,-6.7970276E-02,-1.1598129E+00
8.071478E-02,-6.9648743E-02,-1.1463089E+00
8.071806E-02,-7.0640564E-02,-1.1326523E+00
8.072134E-02,-7.0487976E-02,-1.1183090E+00
8.072461E-02,-7.0335388E-02,-1.1041183E+00
8.072789E-02,-7.0869446E-02,-1.0861893E+00
8.073117E-02,-7.2395325E-02,-1.0690231E+00
8.073444E-02,-7.2853088E-02,-1.0517044E+00
8.073772E-02,-7.3158264E-02,-1.0349960E+00
8.074100E-02,-7.3387146E-02,-1.0172195E+00
8.074428E-02,-7.3463440E-02,-9.9738312E-01
8.074755E-02,-7.3539734E-02,-9.7731781E-01
8.075083E-02,-7.3463440E-02,-9.5687103E-01
8.075411E-02,-7.2929382E-02,-9.3527985E-01
8.075738E-02,-7.2166443E-02,-9.1445160E-01
8.076066E-02,-7.0945740E-02,-8.9301300E-01
8.076394E-02,-7.0487976E-02,-8.7058258E-01
8.076721E-02,-6.8962097E-02,-8.4662628E-01
8.077049E-02,-6.7741394E-02,-8.2251740E-01
8.077377E-02,-6.5452576E-02,-7.9787445E-01
8.077704E-02,-6.4689636E-02,-7.7292633E-01
8.078032E-02,-6.2477112E-02,-7.4668121E-01
8.078360E-02,-6.0951233E-02,-7.2074127E-01
8.078687E-02,-5.8662415E-02,-6.9503021E-01
8.079015E-02,-5.5915833E-02,-6.6840363E-01
8.079343E-02,-5.2864075E-02,-6.4055634E-01
8.079670E-02,-5.0651550E-02,-6.1270905E-01
8.079998E-02,-4.6684265E-02,-5.8318329E-01
8.080326E-02,-4.2869568E-02,-5.5480194E-01
8.080653E-02,-3.9817810E-02,-5.2489471E-01
8.080981E-02,-3.4172058E-02,-4.9536896E-01
8.081309E-02,-3.1120300E-02,-4.6469879E-01
8.081636E-02,-2.5779724E-02,-4.3448639E-01
8.081964E-02,-2.1430969E-02,-4.0343475E-01
8.082292E-02,-1.5861511E-02,-3.7245941E-01
8.082620E-02,-1.0597229E-02,-3.4079742E-01
8.082947E-02,-6.6299438E-03,-3.0928802E-01
8.083275E-02,-5.2642822E-04,-2.7678680E-01
8.083603E-02,5.7296753E-03,-2.4420929E-01
8.083930E-02,1.2825012E-02,-2.1140289E-01
8.084258E-02,1.9309998E-02,-1.7745209E-01
8.084586E-02,2.6405334E-02,-1.4350128E-01
8.084913E-02,3.4416199E-02,-1.1008453E-01
8.085241E-02,4.1740417E-02,-7.6210022E-02
8.085569E-02,4.8835754E-02,-4.2182922E-02
8.085896E-02,5.6770325E-02,-7.9269409E-03
8.086224E-02,6.5391541E-02,2.7320862E-02
8.086552E-02,7.4317932E-02,6.1882019E-02
8.086879E-02,8.2023621E-02,9.7587585E-02
8.087207E-02,9.0950012E-02,1.3413239E-01
8.087535E-02,1.0109711E-01,1.6884613E-01
8.087862E-02,1.0987091E-01,2.0523834E-01
8.088190E-02,1.1948395E-01,2.4056244E-01
8.088518E-02,1.2902069E-01,2.7558136E-01
8.088845E-02,1.3924408E-01,3.1105804E-01
8.089173E-02,1.4900970E-01,3.4722137E-01
8.089501E-02,1.5900421E-01,3.8216400E-01
8.089828E-02,1.6938019E-01,4.1825104E-01
8.090156E-02,1.7998505E-01,4.5388031E-01
8.090484E-02,1.9165802E-01,4.9019623E-01
8.090812E-02,2.0188141E-01,5.2437592E-01
8.091139E-02,2.1393585E-01,5.5947113E-01
8.091467E-02,2.2484589E-01,5.9181976E-01
8.091795E-02,2.3590851E-01,6.2615204E-01
8.092122E-02,2.4796295E-01,6.6178131E-01
8.092450E-02,2.5902557E-01,6.9687653E-01
8.092778E-02,2.7077484E-01,7.3235321E-01
8.093105E-02,2.8031158E-01,7.6805878E-01
8.093433E-02,2.9206085E-01,8.0292511E-01
8.093761E-02,3.0304718E-01,8.3763885E-01
8.094088E-02,3.1410980E-01,8.7380219E-01
8.094416E-02,3.2540131E-01,9.0828705E-01
8.094744E-02,3.3707428E-01,9.4254303E-01
8.095071E-02,3.4806061E-01,9.7740936E-01
8.095399E-02,3.5881805E-01,1.0109787E+00
8.095727E-02,3.7033844E-01,1.0456924E+00
8.096054E-02,3.8147736E-01,1.0791092E+00
8.096382E-02,3.9185333E-01,1.1132889E+00
8.096710E-02,4.0276337E-01,1.1454849E+00
8.097037E-02,4.1283417E-01,1.1787491E+00
8.097365E-02,4.2298126E-01,1.2112503E+00
8.097693E-02,4.3274689E-01,1.2438278E+00
8.098020E-02,4.4335175E-01,1.2761765E+00
8.098348E-02,4.5113373E-01,1.3073807E+00
8.098676E-02,4.6143341E-01,1.3382797E+00
8.099004E-02,4.7058868E-01,1.3693314E+00
8.099331E-02,4.7936249E-01,1.3983231E+00
8.099659E-02,4.8836517E-01,1.4290695E+00
8.099987E-02,4.9546051E-01,1.4589767E+00
8.100314E-02,5.0392914E-01,1.4881210E+00
8.100642E-02,5.1140594E-01,1.5162735E+00
8.100970E-02,5.1819611E-01,1.5449600E+00
8.101297E-02,5.2620697E-01,1.5723495E+00
8.101625E-02,5.3246307E-01,1.6000443E+00
8.101953E-02,5.3818512E-01,1.6276627E+00
8.102280E-02,5.4421234E-01,1.6542130E+00
8.102608E-02,5.4909515E-01,1.6800003E+00
8.102936E-02,5.5420685E-01,1.7055588E+00
8.103263E-02,5.5893707E-01,1.7304306E+00
8.103591E-02,5.6374359E-01,1.7553024E+00
8.103919E-02,5.6618500E-01,1.7787247E+00
8.104246E-02,5.6923676E-01,1.8011551E+00
8.104574E-02,5.7129669E-01,1.8239670E+00
8.104902E-02,5.7427216E-01,1.8471603E+00
8.105229E-02,5.7457733E-01,1.8685989E+00
8.105557E-02,5.7694244E-01,1.8899612E+00
8.105885E-02,5.7778168E-01,1.9106369E+00
8.106212E-02,5.7862091E-01,1.9302444E+00
8.106540E-02,5.7892609E-01,1.9487076E+00
8.106868E-02,5.7762909E-01,1.9683151E+00
8.107196E-02,5.7762909E-01,1.9869308E+00
8.107523E-02,5.7617950E-01,2.0050888E+00
8.107851E-02,5.7457733E-01,2.0211868E+00
8.108179E-02,5.7160187E-01,2.0378952E+00
8.108506E-02,5.6885529E-01,2.0533829E+00
8.108834E-02,5.6557465E-01,2.0673447E+00
8.109162E-02,5.6038666E-01,2.0806961E+00
8.109489E-02,5.5672455E-01,2.0949631E+00
8.109817E-02,5.5199432E-01,2.1077805E+00
8.110145E-02,5.4550934E-01,2.1200638E+00
8.110472E-02,5.3963470E-01,2.1316605E+00
8.110800E-02,5.3360748E-01,2.1415787E+00
8.111128E-02,5.2544403E-01,2.1506577E+00
8.111455E-02,5.1941681E-01,2.1601181E+00
8.111783E-02,5.1201630E-01,2.1683578E+00
8.112111E-02,5.0362396E-01,2.1762924E+00
8.112438E-02,4.9553680E-01,2.1827011E+00
8.112766E-02,4.8577118E-01,2.1893387E+00
8.113094E-02,4.7722626E-01,2.1951370E+00
8.113421E-02,4.6761322E-01,2.1998672E+00
8.113749E-02,4.5685577E-01,2.2036819E+00
8.114077E-02,4.4556427E-01,2.2075729E+00
8.114404E-02,4.3556976E-01,2.2107010E+00
8.114732E-02,4.2374420E-01,2.2127609E+00
8.115060E-02,4.1275787E-01,2.2138290E+00
8.115388E-02,3.9986420E-01,2.2150497E+00
8.115715E-02,3.8803864E-01,2.2142105E+00
8.116043E-02,3.7636566E-01,2.2134476E+00
8.116371E-02,3.6309052E-01,2.2121506E+00
8.116698E-02,3.5034943E-01,2.2095566E+00
8.117026E-02,3.3509064E-01,2.2062759E+00
8.117354E-02,3.2189178E-01,2.2016983E+00
8.117681E-02,3.0792999E-01,2.1975784E+00
8.118009E-02,2.9358673E-01,2.1927719E+00
8.118337E-02,2.7825165E-01,2.1876602E+00
8.118664E-02,2.6459503E-01,2.1809464E+00
8.118992E-02,2.4948883E-01,2.1735458E+00
8.119320E-02,2.3445892E-01,2.1653824E+00
8.119647E-02,2.2057343E-01,2.1562271E+00
8.119975E-02,2.0508575E-01,2.1471481E+00
8.120303E-02,1.8906403E-01,2.1351700E+00
8.120630E-02,1.7327118E-01,2.1253281E+00
8.120958E-02,1.5801239E-01,2.1138840E+00
8.121286E-02,1.4237213E-01,2.1022110E+00
8.121613E-02,1.2635040E-01,2.0881729E+00
8.121941E-02,1.1078644E-01,2.0752029E+00
8.122269E-02,9.5069885E-02,2.0611649E+00
8.122596E-02,7.9353333E-02,2.0449905E+00
8.122924E-02,6.5238953E-02,2.0299606E+00
8.123252E-02,4.9217224E-02,2.0134048E+00
8.123580E-02,3.3271790E-02,1.9958572E+00
8.123907E-02,1.6944885E-02,1.9780807E+00
8.124235E-02,1.6860962E-03,1.9596939E+00
8.124563E-02,-1.2657166E-02,1.9408493E+00
8.124890E-02,-2.7763367E-02,1.9213181E+00
8.125218E-02,-4.1114807E-02,1.9010239E+00
8.125546E-02,-5.4847717E-02,1.8811874E+00
8.125873E-02,-7.0182800E-02,1.8592148E+00
8.126201E-02,-8.4526062E-02,1.8370895E+00
8.126529E-02,-9.9708557E-02,1.8148117E+00
8.126856E-02,-1.1260223E-01,1.7903976E+00
8.127184E-02,-1.2580109E-01,1.7678146E+00
8.127512E-02,-1.3991547E-01,1.7428665E+00
8.127839E-02,-1.5242767E-01,1.7182999E+00
8.128167E-02,-1.6524506E-01,1.6937332E+00
8.128495E-02,-1.7798615E-01,1.6666489E+00
8.128822E-02,-1.9004059E-01,1.6416245E+00
8.129150E-02,-2.0117950E-01,1.6140823E+00
8.129478E-02,-2.1224213E-01,1.5853195E+00
8.129805E-02,-2.2315216E-01,1.5580826E+00
8.130133E-02,-2.3467255E-01,1.5305405E+00
8.130461E-02,-2.4420929E-01,1.5027695E+00
8.130788E-02,-2.5519562E-01,1.4733963E+00
8.131116E-02,-2.6442719E-01,1.4443283E+00
8.131444E-02,-2.7358246E-01,1.4145737E+00
8.131772E-02,-2.8105927E-01,1.3855057E+00
8.132099E-02,-2.9051971E-01,1.3536911E+00
8.132427E-02,-2.9837799E-01,1.3237076E+00
8.132755E-02,-3.0585480E-01,1.2928085E+00
8.133082E-02,-3.1417084E-01,1.2616806E+00
8.133410E-02,-3.2157135E-01,1.2287979E+00
8.133738E-02,-3.2752228E-01,1.1963730E+00
8.134065E-02,-3.3301544E-01,1.1633377E+00
8.134393E-02,-3.3896637E-01,1.1313705E+00
8.134721E-02,-3.4354401E-01,1.0974197E+00
8.135048E-02,-3.4880829E-01,1.0633926E+00
8.135376E-02,-3.5269928E-01,1.0299759E+00
8.135704E-02,-3.5666656E-01,9.9594879E-01
8.136031E-02,-3.5918427E-01,9.6131134E-01
8.136359E-02,-3.6124420E-01,9.2697906E-01
8.136687E-02,-3.6391449E-01,8.9180756E-01
8.137014E-02,-3.6605072E-01,8.5732269E-01
8.137342E-02,-3.6711884E-01,8.2238007E-01
8.137670E-02,-3.6910248E-01,7.8743744E-01
8.137997E-02,-3.7116241E-01,7.5279999E-01
8.138325E-02,-3.6963654E-01,7.1793365E-01
8.138653E-02,-3.7047577E-01,6.8177032E-01
8.138980E-02,-3.7085724E-01,6.4667511E-01
8.139308E-02,-3.7047577E-01,6.1104584E-01
8.139636E-02,-3.6978912E-01,5.7923126E-01
8.139964E-02,-3.6849213E-01,5.4367828E-01
8.140291E-02,-3.6727142E-01,5.0988007E-01
8.140619E-02,-3.6551666E-01,4.7470856E-01
8.140947E-02,-3.6315155E-01,4.3892670E-01
8.141274E-02,-3.6109161E-01,4.0253448E-01
8.141602E-02,-3.5834503E-01,3.6721039E-01
8.141930E-02,-3.5491180E-01,3.3181000E-01
8.142257E-02,-3.5086823E-01,2.9686737E-01
8.142585E-02,-3.4789276E-01,2.5994110E-01
8.142913E-02,-3.4453583E-01,2.2476959E-01
8.143240E-02,-3.4018707E-01,1.8944550E-01
8.143568E-02,-3.3530426E-01,1.5488434E-01
8.143896E-02,-3.3118439E-01,1.1788177E-01
8.144223E-02,-3.2691193E-01,8.2481384E-02
8.144551E-02,-3.2096100E-01,4.7538757E-02
8.144879E-02,-3.1607819E-01,1.3282776E-02
8.145206E-02,-3.1104279E-01,-2.2117615E-02
8.145534E-02,-3.0585480E-01,-5.6221008E-02
8.145862E-02,-2.9982758E-01,-9.0324402E-02
8.146189E-02,-2.9395294E-01,-1.2450409E-01
8.146517E-02,-2.8823090E-01,-1.5776825E-01
8.146845E-02,-2.8144073E-01,-1.9156647E-01
8.147172E-02,-2.7602386E-01,-2.2498322E-01
8.147500E-02,-2.6892853E-01,-2.5763702E-01
8.147828E-02,-2.6297760E-01,-2.9013824E-01
8.148156E-02,-2.5733185E-01,-3.2256317E-01
8.148483E-02,-2.5054169E-01,-3.5422516E-01
8.148811E-02,-2.4314117E-01,-3.8588715E-01
8.149139E-02,-2.3764801E-01,-4.1724396E-01
8.149466E-02,-2.3162079E-01,-4.4707489E-01
8.149794E-02,-2.2483063E-01,-4.7721100E-01
8.150122E-02,-2.1849823E-01,-5.0833893E-01
8.150449E-02,-2.1094513E-01,-5.3816986E-01
8.150777E-02,-2.0529938E-01,-5.6678009E-01
8.151105E-02,-1.9972992E-01,-5.9584808E-01
8.151432E-02,-1.9263458E-01,-6.2361908E-01
8.151760E-02,-1.8630219E-01,-6.5123749E-01
8.152088E-02,-1.8058014E-01,-6.7900848E-01
8.152415E-02,-1.7401886E-01,-7.0578766E-01
8.152743E-02,-1.6883087E-01,-7.3233795E-01
8.153071E-02,-1.6165924E-01,-7.5797272E-01
8.153398E-02,-1.5654755E-01,-7.8307343E-01
8.153726E-02,-1.5074921E-01,-8.0855560E-01
8.154054E-02,-1.4540863E-01,-8.3373260E-01
8.154381E-02,-1.3991547E-01,-8.5608673E-01
8.154709E-02,-1.3465118E-01,-8.7897491E-01
8.155037E-02,-1.3045502E-01,-9.0232086E-01
8.155364E-02,-1.2480927E-01,-9.2368317E-01
8.155692E-02,-1.2061310E-01,-9.4504547E-01
8.156020E-02,-1.1580658E-01,-9.6625519E-01
8.156348E-02,-1.1145782E-01,-9.8654938E-01
8.156675E-02,-1.0649872E-01,-1.0061569E+00
8.157003E-02,-1.0260773E-01,-1.0247726E+00
8.157331E-02,-9.8182678E-02,-1.0422440E+00
8.157658E-02,-9.5359802E-02,-1.0594101E+00
8.157986E-02,-9.2613220E-02,-1.0768051E+00
8.158314E-02,-8.8493347E-02,-1.0936661E+00
8.158641E-02,-8.5365295E-02,-1.1094589E+00
8.158969E-02,-8.3381653E-02,-1.1236496E+00
8.159297E-02,-8.0635071E-02,-1.1382980E+00
8.159624E-02,-7.7659607E-02,-1.1516495E+00
8.159952E-02,-7.4684143E-02,-1.1640854E+00
8.160280E-02,-7.3081970E-02,-1.1766739E+00
8.160607E-02,-7.0716858E-02,-1.1872787E+00
8.160935E-02,-6.9038391E-02,-1.1978073E+00
8.161263E-02,-6.7512512E-02,-1.2083359E+00
8.161590E-02,-6.5376282E-02,-1.2181778E+00
8.161918E-02,-6.4384460E-02,-1.2261887E+00
8.162246E-02,-6.2629700E-02,-1.2341995E+00
8.162573E-02,-6.1714172E-02,-1.2411423E+00
8.162901E-02,-6.0798645E-02,-1.2467880E+00
8.163229E-02,-5.9196472E-02,-1.2526627E+00
8.163556E-02,-5.8967590E-02,-1.2581558E+00
8.163884E-02,-5.8815002E-02,-1.2624283E+00
8.164212E-02,-5.8509827E-02,-1.2659378E+00
8.164540E-02,-5.7670593E-02,-1.2686081E+00
8.164867E-02,-5.5763245E-02,-1.2695999E+00
8.165195E-02,-5.6373596E-02,-1.2717361E+00
8.165523E-02,-5.5381775E-02,-1.2712784E+00
8.165850E-02,-5.5381775E-02,-1.2705917E+00
8.166178E-02,-5.4466248E-02,-1.2685318E+00
8.166506E-02,-5.3550720E-02,-1.2667770E+00
8.166833E-02,-5.4237366E-02,-1.2646408E+00
8.167161E-02,-5.3245544E-02,-1.2605209E+00
8.167489E-02,-5.2330017E-02,-1.2567062E+00
8.167816E-02,-5.1795959E-02,-1.2528152E+00
8.168144E-02,-5.2558899E-02,-1.2464828E+00
8.168472E-02,-5.2940369E-02,-1.2406082E+00
8.168799E-02,-5.2635193E-02,-1.2327499E+00
8.169127E-02,-5.2330017E-02,-1.2253494E+00
8.169455E-02,-5.2024841E-02,-1.2170334E+00
8.169782E-02,-5.1338196E-02,-1.2065048E+00
8.170110E-02,-5.0804138E-02,-1.1962814E+00
8.170438E-02,-5.0041199E-02,-1.1863632E+00
8.170765E-02,-5.0270081E-02,-1.1751480E+00
8.171093E-02,-4.8820496E-02,-1.1630936E+00
8.171421E-02,-4.8057556E-02,-1.1501999E+00
8.171748E-02,-4.6379089E-02,-1.1364670E+00
8.172076E-02,-4.5539856E-02,-1.1227341E+00
8.172404E-02,-4.3861389E-02,-1.1080093E+00
8.172732E-02,-4.3708801E-02,-1.0910721E+00
8.173059E-02,-4.1343689E-02,-1.0738297E+00
8.173387E-02,-3.9665222E-02,-1.0566635E+00
8.173715E-02,-3.7757874E-02,-1.0395737E+00
8.174042E-02,-3.4934998E-02,-1.0219498E+00
8.174370E-02,-3.3256531E-02,-1.0036392E+00
8.174698E-02,-3.0509949E-02,-9.8357391E-01
8.175025E-02,-2.8373718E-02,-9.6228790E-01
8.175353E-02,-2.4406433E-02,-9.4161224E-01
8.175681E-02,-2.1812439E-02,-9.2070770E-01
8.176008E-02,-1.9065857E-02,-8.9812469E-01
8.176336E-02,-1.6014099E-02,-8.7523651E-01
8.176664E-02,-1.1436462E-02,-8.5219574E-01
8.176991E-02,-8.2321167E-03,-8.2846832E-01
8.177319E-02,-3.5018921E-03,-8.0390167E-01
8.177647E-02,1.2283325E-03,-7.7796173E-01
8.177974E-02,4.9667358E-03,-7.5133514E-01
8.178302E-02,1.0231018E-02,-7.2608185E-01
8.178630E-02,1.4503479E-02,-6.9930267E-01
8.178957E-02,1.9767761E-02,-6.7259979E-01
8.179285E-02,2.6329041E-02,-6.4444733E-01
8.179613E-02,3.2585144E-02,-6.1698151E-01
8.179940E-02,3.8078308E-02,-5.8898163E-01
8.180268E-02,4.4334412E-02,-5.5861664E-01
8.180596E-02,4.9217224E-02,-5.2931976E-01
8.180924E-02,5.7380676E-02,-5.0025177E-01
8.181251E-02,6.3941956E-02,-4.6965790E-01
8.181579E-02,7.1342468E-02,-4.4028473E-01
8.181907E-02,7.8056335E-02,-4.0961456E-01
8.182234E-02,8.4465027E-02,-3.7863922E-01
8.182562E-02,9.2094421E-02,-3.4575653E-01
8.182890E-02,9.9800110E-02,-3.1493378E-01
8.183217E-02,1.0834503E-01,-2.8212738E-01
8.183545E-02,1.1605072E-01,-2.5038910E-01
8.183873E-02,1.2482452E-01,-2.1796417E-01
8.184200E-02,1.3260651E-01,-1.8477631E-01
8.184528E-02,1.4015961E-01,-1.5029144E-01
8.184856E-02,1.4847565E-01,-1.1634064E-01
8.185183E-02,1.5747833E-01,-8.2313538E-02
8.185511E-02,1.6564178E-01,-4.8667908E-02
8.185839E-02,1.7433929E-01,-1.4640808E-02
8.186166E-02,1.8387604E-01,2.0454407E-02
8.186494E-02,1.9303131E-01,5.6007385E-02
8.186822E-02,2.0203400E-01,9.0644836E-02
8.187149E-02,2.1195221E-01,1.2642670E-01
8.187477E-02,2.1996307E-01,1.6167450E-01
8.187805E-02,2.2919464E-01,1.9753265E-01
8.188132E-02,2.3918915E-01,2.3346710E-01
8.188460E-02,2.4788666E-01,2.6894379E-01
8.188788E-02,2.5704193E-01,3.0464935E-01
8.189116E-02,2.6634979E-01,3.3997345E-01
8.189443E-02,2.7436066E-01,3.7529755E-01
8.189771E-02,2.8298187E-01,4.1191864E-01
8.190099E-02,2.9221344E-01,4.4785309E-01
8.190426E-02,3.0075836E-01,4.8279572E-01
8.190754E-02,3.0960846E-01,5.1735687E-01
8.191082E-02,3.1769562E-01,5.5298615E-01
8.191409E-02,3.2578278E-01,5.8647919E-01
8.191737E-02,3.3501434E-01,6.2012482E-01
8.192065E-02,3.4210968E-01,6.5613556E-01
8.192392E-02,3.5042572E-01,6.9084930E-01
8.192720E-02,3.5866547E-01,7.2670746E-01
8.193048E-02,3.6621857E-01,7.6233673E-01
8.193375E-02,3.7316132E-01,7.9644012E-01
8.193703E-02,3.8010406E-01,8.3222198E-01
8.194031E-02,3.8697052E-01,8.6678314E-01
8.194358E-02,3.9292145E-01,9.0157318E-01
8.194686E-02,3.9833832E-01,9.3575287E-01
8.195014E-02,4.0459442E-01,9.7092438E-01
8.195341E-02,4.0955353E-01,1.0052567E+00
8.195669E-02,4.1565704E-01,1.0391312E+00
8.195997E-02,4.2046356E-01,1.0732346E+00
8.196324E-02,4.2412567E-01,1.1067276E+00
8.196652E-02,4.2816925E-01,1.1397629E+00
8.196980E-02,4.3312836E-01,1.1719589E+00
8.197308E-02,4.3579865E-01,1.2050705E+00
8.197635E-02,4.3930817E-01,1.2374954E+00
8.197963E-02,4.4266510E-01,1.2699203E+00
8.198291E-02,4.4495392E-01,1.3018875E+00
8.198618E-02,4.4686127E-01,1.3320236E+00
8.198946E-02,4.4808197E-01,1.3636093E+00
8.199274E-02,4.4915009E-01,1.3933640E+00
8.199601E-02,4.4976044E-01,1.4229660E+00
8.199929E-02,4.4983673E-01,1.4537888E+00
8.200257E-02,4.4983673E-01,1.4820175E+00
8.200584E-02,4.4869232E-01,1.5107040E+00
8.200912E-02,4.4716644E-01,1.5393906E+00
8.201240E-02,4.4564056E-01,1.5666275E+00
8.201567E-02,4.4365692E-01,1.5942459E+00
8.201895E-02,4.4152069E-01,1.6223984E+00
8.202223E-02,4.3846893E-01,1.6484909E+00
8.202550E-02,4.3556976E-01,1.6738968E+00
8.202878E-02,4.3167877E-01,1.7002945E+00
8.203206E-02,4.2649078E-01,1.7250137E+00
8.203533E-02,4.2176056E-01,1.7507248E+00
8.203861E-02,4.1710663E-01,1.7737656E+00
8.204189E-02,4.1115570E-01,1.7973404E+00
8.204516E-02,4.0421295E-01,1.8209915E+00
8.204844E-02,3.9719391E-01,1.8433456E+00
8.205172E-02,3.9070892E-01,1.8654709E+00
8.205500E-02,3.8262177E-01,1.8862228E+00
8.205827E-02,3.7606049E-01,1.9075851E+00
8.206155E-02,3.6675262E-01,1.9270401E+00
8.206483E-02,3.5797882E-01,1.9464188E+00
8.206810E-02,3.4851837E-01,1.9645004E+00
8.207138E-02,3.3913422E-01,1.9841080E+00
8.207466E-02,3.2807159E-01,2.0017319E+00
8.207793E-02,3.1708527E-01,2.0182114E+00
8.208121E-02,3.0655670E-01,2.0343857E+00
8.208449E-02,2.9602814E-01,2.0499496E+00
8.208776E-02,2.8443146E-01,2.0642929E+00
8.209104E-02,2.7222443E-01,2.0775681E+00
8.209432E-02,2.6001740E-01,2.0920639E+00
8.209759E-02,2.4681854E-01,2.1050339E+00
8.210087E-02,2.3438263E-01,2.1168594E+00
8.210415E-02,2.2164154E-01,2.1286087E+00
8.210742E-02,2.0836639E-01,2.1395950E+00
8.211070E-02,1.9425201E-01,2.1492081E+00
8.211398E-02,1.7990875E-01,2.1588211E+00
8.211725E-02,1.6640472E-01,2.1678238E+00
8.212053E-02,1.5206146E-01,2.1752243E+00
8.212381E-02,1.3756561E-01,2.1825485E+00
8.212708E-02,1.2139130E-01,2.1892624E+00
8.213036E-02,1.0613251E-01,2.1952133E+00
8.213364E-02,9.1407776E-02,2.1994858E+00
8.213692E-02,7.5538635E-02,2.2037582E+00
8.214019E-02,6.0737610E-02,2.2067337E+00
8.214347E-02,4.3952942E-02,2.2099380E+00
8.214675E-02,2.8846741E-02,2.2116928E+00
8.215002E-02,1.2290955E-02,2.2136002E+00
8.215330E-02,-3.7307739E-03,2.2141342E+00
8.215658E-02,-1.9218445E-02,2.2142868E+00
8.215985E-02,-3.4477234E-02,2.2130661E+00
8.216313E-02,-5.0956726E-02,2.2117691E+00
8.216641E-02,-6.6749573E-02,2.2094040E+00
8.216968E-02,-8.2084656E-02,2.2070389E+00
8.217296E-02,-9.9250793E-02,2.2027664E+00
8.217624E-02,-1.1466217E-01,2.1984177E+00
8.217951E-02,-1.3053131E-01,2.1929245E+00
8.218279E-02,-1.4586639E-01,2.1873550E+00
8.218607E-02,-1.6143036E-01,2.1801071E+00
8.218934E-02,-1.7653656E-01,2.1735458E+00
8.219262E-02,-1.9278717E-01,2.1655350E+00
8.219590E-02,-2.0720673E-01,2.1574478E+00
8.219917E-02,-2.2277069E-01,2.1476822E+00
8.220245E-02,-2.3719025E-01,2.1376877E+00
8.220573E-02,-2.5168610E-01,2.1272354E+00
8.220900E-02,-2.6595306E-01,2.1158676E+00
8.221228E-02,-2.8022003E-01,2.1035080E+00
8.221556E-02,-2.9174042E-01,2.0901566E+00
8.221884E-02,-3.0646515E-01,2.0757370E+00
8.222211E-02,-3.2004547E-01,2.0617752E+00
8.222539E-02,-3.3271027E-01,2.0476608E+00
8.222867E-02,-3.4468842E-01,2.0313339E+00
8.223194E-02,-3.5681915E-01,2.0149307E+00
8.223522E-02,-3.6864471E-01,1.9983749E+00
8.223850E-02,-3.8008881E-01,1.9812851E+00
8.224177E-02,-3.8916779E-01,1.9622116E+00
8.224505E-02,-3.9954376E-01,1.9429092E+00
8.224833E-02,-4.0915680E-01,1.9243698E+00
8.225160E-02,-4.1922760E-01,1.9046097E+00
8.225488E-02,-4.2716217E-01,1.8831711E+00
8.225816E-02,-4.3647003E-01,1.8623428E+00
8.226143E-02,-4.4425201E-01,1.8400650E+00
8.226471E-02,-4.5355988E-01,1.8169479E+00
8.226799E-02,-4.6073151E-01,1.7944412E+00
8.227126E-02,-4.6782684E-01,1.7715530E+00
8.227454E-02,-4.7476959E-01,1.7473679E+00
8.227782E-02,-4.8079681E-01,1.7228775E+00
8.228109E-02,-4.8720551E-01,1.6975479E+00
8.228437E-02,-4.9231720E-01,1.6715317E+00
8.228765E-02,-4.9727631E-01,1.6460495E+00
8.229092E-02,-5.0177765E-01,1.6178207E+00
8.229420E-02,-5.0597382E-01,1.5905838E+00
8.229748E-02,-5.1047516E-01,1.5631943E+00
8.230076E-02,-5.1421356E-01,1.5350418E+00
8.230403E-02,-5.1619720E-01,1.5067368E+00
8.230731E-02,-5.1871490E-01,1.4787369E+00
8.231059E-02,-5.2138519E-01,1.4491348E+00
8.231386E-02,-5.2237701E-01,1.4186172E+00
8.231714E-02,-5.2313995E-01,1.3900833E+00
8.232042E-02,-5.2413177E-01,1.3602524E+00
8.232369E-02,-5.2428436E-01,1.3283615E+00
8.232697E-02,-5.2336884E-01,1.2974625E+00
8.233025E-02,-5.2359772E-01,1.2661819E+00
8.233352E-02,-5.2191925E-01,1.2337570E+00
8.233680E-02,-5.2039337E-01,1.2013321E+00
8.234008E-02,-5.1833344E-01,1.1691360E+00
8.234335E-02,-5.1551056E-01,1.1359482E+00
8.234663E-02,-5.1345062E-01,1.1025314E+00
8.234991E-02,-5.0940704E-01,1.0693436E+00
8.235318E-02,-5.0650787E-01,1.0358505E+00
8.235646E-02,-5.0284576E-01,1.0014420E+00
8.235974E-02,-4.9925995E-01,9.6627045E-01
8.236301E-02,-4.9338531E-01,9.3117523E-01
8.236629E-02,-4.8911285E-01,8.9760590E-01
8.236957E-02,-4.8354340E-01,8.6258698E-01
8.237284E-02,-4.7881317E-01,8.2733917E-01
8.237612E-02,-4.7263336E-01,7.9201508E-01
8.237940E-02,-4.6744537E-01,7.5775909E-01
8.238268E-02,-4.5989227E-01,7.2205353E-01
8.238595E-02,-4.5355988E-01,6.8634796E-01
8.238923E-02,-4.4745636E-01,6.5216827E-01
8.239251E-02,-4.4066620E-01,6.1661530E-01
8.239578E-02,-4.3311310E-01,5.8358002E-01
8.239906E-02,-4.2609406E-01,5.5031586E-01
8.240234E-02,-4.1876984E-01,5.1407623E-01
8.240561E-02,-4.1068268E-01,4.7913361E-01
8.240889E-02,-4.0343475E-01,4.4480133E-01
8.241217E-02,-3.9443207E-01,4.0879059E-01
8.241544E-02,-3.8733673E-01,3.7216949E-01
8.241872E-02,-3.7940216E-01,3.3699799E-01
8.242200E-02,-3.7070465E-01,3.0213165E-01
8.242527E-02,-3.6269379E-01,2.6657867E-01
8.242855E-02,-3.5437775E-01,2.3056793E-01
8.243183E-02,-3.4621429E-01,1.9562531E-01
8.243510E-02,-3.3850861E-01,1.5938568E-01
8.243838E-02,-3.2935333E-01,1.2482452E-01
8.244166E-02,-3.2172394E-01,8.8813782E-02
8.244493E-02,-3.1203461E-01,5.3642273E-02
8.244821E-02,-3.0387115E-01,1.9081116E-02
8.245149E-02,-2.9471588E-01,-1.5937805E-02
8.245476E-02,-2.8617096E-01,-5.1033020E-02
8.245804E-02,-2.7709198E-01,-8.5365295E-02
8.246132E-02,-2.6839447E-01,-1.1908722E-01
8.246460E-02,-2.5969696E-01,-1.5265656E-01
8.246787E-02,-2.5107574E-01,-1.8630219E-01
8.247115E-02,-2.4314117E-01,-2.1926117E-01
8.247443E-02,-2.3467255E-01,-2.5244904E-01
8.247770E-02,-2.2612762E-01,-2.8487396E-01
8.248098E-02,-2.1796417E-01,-3.1684113E-01
8.248426E-02,-2.1147919E-01,-3.4796906E-01
8.248753E-02,-2.0308685E-01,-3.7970734E-01
8.249081E-02,-1.9538116E-01,-4.1152191E-01
8.249409E-02,-1.8744659E-01,-4.4127655E-01
8.249736E-02,-1.7958832E-01,-4.7171783E-01
8.250064E-02,-1.7234039E-01,-5.0223541E-01
8.250392E-02,-1.6570282E-01,-5.3176117E-01
8.250719E-02,-1.5937042E-01,-5.6105804E-01
8.251047E-02,-1.5280914E-01,-5.9058380E-01
8.251375E-02,-1.4708710E-01,-6.1927032E-01
8.251702E-02,-1.4136505E-01,-6.4696503E-01
8.252030E-02,-1.3503265E-01,-6.7366791E-01
8.252358E-02,-1.2831879E-01,-7.0105743E-01
8.252685E-02,-1.2267303E-01,-7.2669220E-01
8.253013E-02,-1.1832428E-01,-7.5354767E-01
8.253341E-02,-1.1359406E-01,-7.7849579E-01
8.253668E-02,-1.0802460E-01,-8.0390167E-01
8.253996E-02,-1.0443878E-01,-8.2854462E-01
8.254324E-02,-9.8793030E-02,-8.5204315E-01
8.254652E-02,-9.5970154E-02,-8.7569427E-01
8.254979E-02,-9.1468811E-02,-8.9965057E-01
8.255307E-02,-8.7730408E-02,-9.2192841E-01
8.255635E-02,-8.4373474E-02,-9.4237518E-01
8.255962E-02,-8.0177307E-02,-9.6251678E-01
8.256290E-02,-7.7049255E-02,-9.8235321E-01
8.256618E-02,-7.4531555E-02,-1.0031052E+00
8.256945E-02,-7.1327209E-02,-1.0220261E+00
8.257273E-02,-6.9267273E-02,-1.0398788E+00
8.257601E-02,-6.6749573E-02,-1.0569687E+00
8.257928E-02,-6.4308167E-02,-1.0739059E+00
8.258256E-02,-6.2629700E-02,-1.0906906E+00
8.258584E-02,-6.0493469E-02,-1.1071701E+00
8.258911E-02,-5.8967590E-02,-1.1221237E+00
8.259239E-02,-5.7212830E-02,-1.1363144E+00
8.259567E-02,-5.5610657E-02,-1.1503525E+00
8.259894E-02,-5.4618835E-02,-1.1627884E+00
8.260222E-02,-5.3092957E-02,-1.1739273E+00
8.260550E-02,-5.2711487E-02,-1.1859818E+00
8.260877E-02,-5.2101135E-02,-1.1965103E+00
8.261205E-02,-5.1643372E-02,-1.2065048E+00
8.261533E-02,-4.9736023E-02,-1.2164993E+00
8.261860E-02,-4.8896790E-02,-1.2255783E+00
8.262188E-02,-4.9125671E-02,-1.2336655E+00
8.262516E-02,-4.8286438E-02,-1.2402267E+00
8.262844E-02,-4.8057556E-02,-1.2470169E+00
8.263171E-02,-4.7828674E-02,-1.2525101E+00
8.263499E-02,-4.7676086E-02,-1.2570877E+00
8.263827E-02,-4.7599792E-02,-1.2618179E+00
8.264154E-02,-4.8439026E-02,-1.2653275E+00
8.264482E-02,-4.6913147E-02,-1.2678452E+00
8.264810E-02,-4.6302795E-02,-1.2691422E+00
8.265137E-02,-4.6607971E-02,-1.2711258E+00
8.265465E-02,-4.5234680E-02,-1.2721939E+00
8.265793E-02,-4.5539856E-02,-1.2710495E+00
8.266120E-02,-4.5921326E-02,-1.2694473E+00
8.266448E-02,-4.4395447E-02,-1.2681503E+00
8.266776E-02,-4.3708801E-02,-1.2650223E+00
8.267103E-02,-4.2869568E-02,-1.2620468E+00
8.267431E-02,-4.2411804E-02,-1.2578506E+00
8.267759E-02,-4.2335510E-02,-1.2532730E+00
8.268086E-02,-4.0962219E-02,-1.2477036E+00
8.268414E-02,-3.9817810E-02,-1.2417526E+00
8.268742E-02,-3.9588928E-02,-1.2345047E+00
8.269069E-02,-3.7605286E-02,-1.2272568E+00
8.269397E-02,-3.7681580E-02,-1.2186356E+00
8.269725E-02,-3.6079407E-02,-1.2094040E+00
8.270052E-02,-3.4324646E-02,-1.1988754E+00
8.270380E-02,-3.3180237E-02,-1.1879654E+00
8.270708E-02,-3.1578064E-02,-1.1765213E+00
8.271036E-02,-2.9823303E-02,-1.1646194E+00
8.271363E-02,-2.6390076E-02,-1.1523361E+00
8.271691E-02,-2.4940491E-02,-1.1386795E+00
8.272019E-02,-2.2575378E-02,-1.1247177E+00
8.272346E-02,-2.0896912E-02,-1.1097641E+00
8.272674E-02,-1.7692566E-02,-1.0933609E+00
8.273002E-02,-1.3648987E-02,-1.0756607E+00
8.273329E-02,-1.0215759E-02,-1.0583420E+00
8.273657E-02,-6.0195923E-03,-1.0421677E+00
8.273985E-02,-4.4174194E-03,-1.0241623E+00
8.274312E-02,-1.4495850E-04,-1.0052414E+00
8.274640E-02,4.2800903E-03,-9.8487091E-01
8.274968E-02,8.4762573E-03,-9.6495819E-01
8.275295E-02,1.3282776E-02,-9.4481659E-01
8.275623E-02,1.6944885E-02,-9.2337799E-01
8.275951E-02,2.1446228E-02,-9.0117645E-01
8.276278E-02,2.7168274E-02,-8.7767792E-01
8.276606E-02,3.0601501E-02,-8.5555267E-01
8.276934E-02,3.6323547E-02,-8.3274078E-01
8.277261E-02,4.2503357E-02,-8.0702972E-01
8.277589E-02,4.6470642E-02,-7.8261566E-01
8.277917E-02,5.3031921E-02,-7.5720978E-01
8.278244E-02,5.8448792E-02,-7.3142242E-01
8.278572E-02,6.4704895E-02,-7.0487213E-01
8.278900E-02,6.9740295E-02,-6.7839813E-01
8.279228E-02,7.5996399E-02,-6.5039825E-01
8.279555E-02,8.2176208E-02,-6.2270355E-01
8.279883E-02,8.8966370E-02,-5.9386444E-01
8.280211E-02,9.5298767E-02,-5.6502533E-01
8.280538E-02,1.0224152E-01,-5.3481293E-01
8.280866E-02,1.0964203E-01,-5.0650787E-01
8.281194E-02,1.1643219E-01,-4.7652435E-01
8.281521E-02,1.2146759E-01,-4.4608307E-01
8.281849E-02,1.2963104E-01,-4.1510773E-01
8.282177E-02,1.3565826E-01,-3.8352203E-01
8.282504E-02,1.4168549E-01,-3.5208893E-01
8.282832E-02,1.4916229E-01,-3.2065582E-01
8.283160E-02,1.5457916E-01,-2.8891754E-01
8.283487E-02,1.6159821E-01,-2.5595856E-01
8.283815E-02,1.6846466E-01,-2.2322845E-01
8.284143E-02,1.7586517E-01,-1.8935394E-01
8.284470E-02,1.8265533E-01,-1.5563202E-01
8.284798E-02,1.8921661E-01,-1.2145233E-01
8.285126E-02,1.9547272E-01,-8.6967468E-02
8.285453E-02,2.0142365E-01,-5.3474426E-02
8.285781E-02,2.0790863E-01,-1.8760681E-02
8.286109E-02,2.1393585E-01,1.5571594E-02
8.286436E-02,2.2003937E-01,5.0743103E-02
8.286764E-02,2.2644806E-01,8.5075378E-02
8.287092E-02,2.3178864E-01,1.2039948E-01
8.287420E-02,2.3758698E-01,1.5656281E-01
8.287747E-02,2.4269867E-01,1.9142914E-01
8.288075E-02,2.4842072E-01,2.2682953E-01
8.288403E-02,2.5261688E-01,2.6314545E-01
8.288730E-02,2.5704193E-01,2.9923248E-01
8.289058E-02,2.6268768E-01,3.3409882E-01
8.289386E-02,2.6764679E-01,3.6995697E-01
8.289713E-02,2.7008820E-01,4.0566254E-01
8.290041E-02,2.7397919E-01,4.4144440E-01
8.290369E-02,2.7733612E-01,4.7753143E-01
8.290696E-02,2.8206635E-01,5.1232147E-01
8.291024E-02,2.8382111E-01,5.4772186E-01
8.291352E-02,2.8679657E-01,5.8197784E-01
8.291679E-02,2.8916168E-01,6.1440277E-01
8.292007E-02,2.9084015E-01,6.5041351E-01
8.292335E-02,2.9206085E-01,6.8497467E-01
8.292662E-02,2.9366302E-01,7.2090912E-01
8.292990E-02,2.9404449E-01,7.5676727E-01
8.293318E-02,2.9358673E-01,7.9132843E-01
8.293645E-02,2.9396820E-01,8.2596588E-01
8.293973E-02,2.9381561E-01,8.6190033E-01
8.294301E-02,2.9305267E-01,8.9661407E-01
8.294628E-02,2.9167938E-01,9.3033600E-01
8.294956E-02,2.8992462E-01,9.6482086E-01
8.295284E-02,2.8847504E-01,9.9991608E-01
8.295612E-02,2.8588104E-01,1.0337143E+00
8.295939E-02,2.8321075E-01,1.0681229E+00
8.296267E-02,2.8137970E-01,1.1009293E+00
8.296595E-02,2.7764130E-01,1.1346512E+00
8.296922E-02,2.7283478E-01,1.1669235E+00
8.297250E-02,2.6840973E-01,1.1995773E+00
8.297578E-02,2.6329803E-01,1.2323837E+00
8.297905E-02,2.5887299E-01,1.2651138E+00
8.298233E-02,2.5170135E-01,1.2972336E+00
8.298561E-02,2.4628448E-01,1.3281326E+00
8.298888E-02,2.3949432E-01,1.3591080E+00
8.299216E-02,2.3232269E-01,1.3890915E+00
8.299544E-02,2.2537994E-01,1.4186935E+00
8.299871E-02,2.1744537E-01,1.4482193E+00
8.300199E-02,2.0829010E-01,1.4772110E+00
8.300527E-02,2.0043182E-01,1.5049057E+00
8.300854E-02,1.9020844E-01,1.5337448E+00
8.301182E-02,1.8013763E-01,1.5624313E+00
8.301510E-02,1.7082977E-01,1.5905838E+00
8.301837E-02,1.5999603E-01,1.6182022E+00
8.302165E-02,1.4931488E-01,1.6450577E+00
8.302493E-02,1.3863373E-01,1.6707687E+00
8.302820E-02,1.2635040E-01,1.6970139E+00
8.303148E-02,1.1505890E-01,1.7211990E+00
8.303476E-02,1.0399628E-01,1.7459946E+00
8.303804E-02,9.1026306E-02,1.7697220E+00
8.304131E-02,7.9734802E-02,1.7923050E+00
8.304459E-02,6.7070007E-02,1.8154221E+00
8.304787E-02,5.3718567E-02,1.8378525E+00
8.305114E-02,3.8536072E-02,1.8602066E+00
8.305442E-02,2.4803162E-02,1.8811111E+00
8.305770E-02,1.0841370E-02,1.9020920E+00
8.306097E-02,-3.5781860E-03,1.9229965E+00
8.306425E-02,-1.7692566E-02,1.9419174E+00
8.306753E-02,-3.1501770E-02,1.9601517E+00
8.307080E-02,-4.6607971E-02,1.9802933E+00
8.307408E-02,-6.0112000E-02,1.9988327E+00
8.307736E-02,-7.5752258E-02,2.0151596E+00
8.308063E-02,-9.0171814E-02,2.0304184E+00
8.308391E-02,-1.0680389E-01,2.0467453E+00
8.308719E-02,-1.2152863E-01,2.0614700E+00
8.309046E-02,-1.3739777E-01,2.0748215E+00
8.309374E-02,-1.5265656E-01,2.0889359E+00
8.309702E-02,-1.6692352E-01,2.1028976E+00
8.310029E-02,-1.8386078E-01,2.1152573E+00
8.310357E-02,-1.9942474E-01,2.1271591E+00
8.310685E-02,-2.1483612E-01,2.1382217E+00
8.311012E-02,-2.3032379E-01,2.1476822E+00
8.311340E-02,-2.4626923E-01,2.1576004E+00
8.311668E-02,-2.6183319E-01,2.1669846E+00
8.311996E-02,-2.7671051E-01,2.1746140E+00
8.312323E-02,-2.9242706E-01,2.1815567E+00
8.312651E-02,-3.0814362E-01,2.1880417E+00
8.312979E-02,-3.2347870E-01,2.1939926E+00
8.313306E-02,-3.3835602E-01,2.1991043E+00
8.313634E-02,-3.5269928E-01,2.2036819E+00
8.313962E-02,-3.6727142E-01,2.2079544E+00
8.314289E-02,-3.8054657E-01,2.2103958E+00
8.314617E-02,-3.9405060E-01,2.2124557E+00
8.314945E-02,-4.0633392E-01,2.2146683E+00
8.315272E-02,-4.1915131E-01,2.2153549E+00
8.315600E-02,-4.3242645E-01,2.2153549E+00
8.315928E-02,-4.4532013E-01,2.2149734E+00
8.316255E-02,-4.5729828E-01,2.2138290E+00
8.316583E-02,-4.7072601E-01,2.2119217E+00
8.316911E-02,-4.8323822E-01,2.2088699E+00
8.317238E-02,-4.9521637E-01,2.2051315E+00
8.317566E-02,-5.0704193E-01,2.2000961E+00
8.317894E-02,-5.1825714E-01,2.1952133E+00
8.318221E-02,-5.2886200E-01,2.1894150E+00
8.318549E-02,-5.3954315E-01,2.1823959E+00
8.318877E-02,-5.4854584E-01,2.1749954E+00
8.319204E-02,-5.5831146E-01,2.1672897E+00
8.319532E-02,-5.6784821E-01,2.1582108E+00
8.319860E-02,-5.7700348E-01,2.1501999E+00
8.320188E-02,-5.8547211E-01,2.1394424E+00
8.320515E-02,-5.9401703E-01,2.1295242E+00
8.320843E-02,-6.0149384E-01,2.1179276E+00
8.321171E-02,-6.0881805E-01,2.1062546E+00
8.321498E-02,-6.1591339E-01,2.0927505E+00
8.321826E-02,-6.2232208E-01,2.0787888E+00
8.322154E-02,-6.2728119E-01,2.0640640E+00
8.322481E-02,-6.3285065E-01,2.0503311E+00
8.322809E-02,-6.3735199E-01,2.0346909E+00
8.323137E-02,-6.4192963E-01,2.0188217E+00
8.323464E-02,-6.4551544E-01,2.0013504E+00
8.323792E-02,-6.4894867E-01,1.9843369E+00
8.324120E-02,-6.5184784E-01,1.9648056E+00
8.324447E-02,-6.5444183E-01,1.9465714E+00
8.324775E-02,-6.5634918E-01,1.9274216E+00
8.325103E-02,-6.5764618E-01,1.9068985E+00
8.325430E-02,-6.5848541E-01,1.8866043E+00
8.325758E-02,-6.5779877E-01,1.8652420E+00
8.326086E-02,-6.5848541E-01,1.8428879E+00
8.326413E-02,-6.5795135E-01,1.8209152E+00
8.326741E-02,-6.5673065E-01,1.7978745E+00
8.327069E-02,-6.5467072E-01,1.7744522E+00
8.327396E-02,-6.5253448E-01,1.7505722E+00
8.327724E-02,-6.5093231E-01,1.7259293E+00
8.328052E-02,-6.4833832E-01,1.7009048E+00
8.328380E-02,-6.4391327E-01,1.6761856E+00
8.328707E-02,-6.3971710E-01,1.6498642E+00
8.329035E-02,-6.3590240E-01,1.6236191E+00
8.329363E-02,-6.3063812E-01,1.5957718E+00
8.329690E-02,-6.2621307E-01,1.5696793E+00
8.330018E-02,-6.2003326E-01,1.5408401E+00
8.330346E-02,-6.1423492E-01,1.5122299E+00
8.330673E-02,-6.0836029E-01,1.4839249E+00
8.331001E-02,-6.0149384E-01,1.4550095E+00
8.331329E-02,-5.9493256E-01,1.4259415E+00
8.331656E-02,-5.8768463E-01,1.3961105E+00
8.331984E-02,-5.7906342E-01,1.3665848E+00
8.332312E-02,-5.7181549E-01,1.3352280E+00
8.332639E-02,-5.6342316E-01,1.3047104E+00
8.332967E-02,-5.5480194E-01,1.2724380E+00
8.333295E-02,-5.4648590E-01,1.2402420E+00
8.333622E-02,-5.3740692E-01,1.2075119E+00
8.333950E-02,-5.2809906E-01,1.1745529E+00
8.334278E-02,-5.1947784E-01,1.1420517E+00
8.334605E-02,-5.0963593E-01,1.1091690E+00
8.334933E-02,-5.0017548E-01,1.0758286E+00
8.335261E-02,-4.8941803E-01,1.0418777E+00
8.335588E-02,-4.7835541E-01,1.0080032E+00
8.335916E-02,-4.6897125E-01,9.7306061E-01
8.336244E-02,-4.5935822E-01,9.3804169E-01
8.336572E-02,-4.4760895E-01,9.0439606E-01
8.336899E-02,-4.3753815E-01,8.6991119E-01
8.337227E-02,-4.2731476E-01,8.3489227E-01
8.337555E-02,-4.1785431E-01,7.9926300E-01
8.337882E-02,-4.0625763E-01,7.6439667E-01
8.338210E-02,-3.9603424E-01,7.2853851E-01
8.338538E-02,-3.8611603E-01,6.9321442E-01
8.338865E-02,-3.7543488E-01,6.5758514E-01
8.339193E-02,-3.6589813E-01,6.2226105E-01
8.339521E-02,-3.5506439E-01,5.8846283E-01
8.339848E-02,-3.4438324E-01,5.5565643E-01
8.340176E-02,-3.3370209E-01,5.2025604E-01
8.340504E-02,-3.2256317E-01,4.8538971E-01
8.340831E-02,-3.1279755E-01,4.5021820E-01
8.341159E-02,-3.0112457E-01,4.1527557E-01
8.341487E-02,-2.8945160E-01,3.7857819E-01
8.341814E-02,-2.7945709E-01,3.4226227E-01
8.342142E-02,-2.6961517E-01,3.0770111E-01
8.342470E-02,-2.5962067E-01,2.7230072E-01
8.342797E-02,-2.4970245E-01,2.3598480E-01
8.343125E-02,-2.3795319E-01,2.0058441E-01
8.343453E-02,-2.2902679E-01,1.6518402E-01
8.343780E-02,-2.1926117E-01,1.3008881E-01
8.344108E-02,-2.0934296E-01,9.3925476E-02
8.344436E-02,-2.0072174E-01,5.9135437E-02
8.344764E-02,-1.9179535E-01,2.4345398E-02
8.345091E-02,-1.8286896E-01,-1.0368347E-02
8.345419E-02,-1.7348480E-01,-4.5234680E-02
8.345747E-02,-1.6432953E-01,-7.8956604E-02
8.346074E-02,-1.5677643E-01,-1.1313629E-01
8.346402E-02,-1.4861298E-01,-1.4685822E-01
8.346730E-02,-1.4144135E-01,-1.8073273E-01
8.347057E-02,-1.3404083E-01,-2.1460724E-01
8.347385E-02,-1.2694550E-01,-2.4733734E-01
8.347713E-02,-1.2046051E-01,-2.8006744E-01
8.348040E-02,-1.1344147E-01,-3.1180573E-01
8.348368E-02,-1.0726166E-01,-3.4331512E-01
8.348696E-02,-1.0291290E-01,-3.7589264E-01
8.349023E-02,-9.6656799E-02,-4.0747833E-01
8.349351E-02,-9.0934753E-02,-4.3769073E-01
8.349679E-02,-8.5060120E-02,-4.6851349E-01
8.350006E-02,-7.9872131E-02,-4.9933624E-01
8.350334E-02,-7.4836731E-02,-5.2870941E-01
8.350662E-02,-7.1479797E-02,-5.5808258E-01
8.350989E-02,-6.6978455E-02,-5.8722687E-01
8.351317E-02,-6.2858582E-02,-6.1598969E-01
8.351645E-02,-5.8433533E-02,-6.4368439E-01
8.351972E-02,-5.5992126E-02,-6.7099762E-01
8.352300E-02,-5.2482605E-02,-6.9823456E-01
8.352628E-02,-4.9583435E-02,-7.2348785E-01
8.352956E-02,-4.7676086E-02,-7.4965668E-01
8.353283E-02,-4.4548035E-02,-7.7529144E-01
8.353611E-02,-4.1877747E-02,-8.0184174E-01
8.353939E-02,-4.1267395E-02,-8.2518768E-01
8.354266E-02,-3.9665222E-02,-8.4944916E-01
8.354594E-02,-3.8215637E-02,-8.7287140E-01
8.354922E-02,-3.5926819E-02,-8.9591217E-01
8.355249E-02,-3.4553528E-02,-9.1773224E-01
8.355577E-02,-3.3332825E-02,-9.3909454E-01
8.355905E-02,-3.2722473E-02,-9.6015167E-01
8.356232E-02,-3.1196594E-02,-9.8014069E-01
8.356560E-02,-3.1196594E-02,-1.0000534E+00
8.356888E-02,-3.0738831E-02,-1.0196609E+00
8.357215E-02,-3.0204773E-02,-1.0370560E+00
8.357543E-02,-2.9670715E-02,-1.0543747E+00
8.357871E-02,-3.0738831E-02,-1.0708542E+00
8.358198E-02,-3.0052185E-02,-1.0880203E+00
8.358526E-02,-3.0281067E-02,-1.1041946E+00
8.358854E-02,-3.1425476E-02,-1.1202927E+00
8.359181E-02,-3.0967712E-02,-1.1344070E+00
8.359509E-02,-3.0586243E-02,-1.1480637E+00
8.359837E-02,-3.1272888E-02,-1.1597366E+00
8.360164E-02,-3.1806946E-02,-1.1730118E+00
8.360492E-02,-3.1501770E-02,-1.1840744E+00
8.360820E-02,-3.2569885E-02,-1.1951370E+00
8.361148E-02,-3.3332825E-02,-1.2052078E+00
8.361475E-02,-3.4324646E-02,-1.2152786E+00
8.361803E-02,-3.5240173E-02,-1.2245865E+00
8.362131E-02,-3.4782410E-02,-1.2316818E+00
8.362458E-02,-3.5697937E-02,-1.2382431E+00
8.362786E-02,-3.6308289E-02,-1.2451096E+00
8.363114E-02,-3.7071228E-02,-1.2514420E+00
8.363441E-02,-3.7452698E-02,-1.2573929E+00
8.363769E-02,-3.8291931E-02,-1.2612076E+00
8.364097E-02,-3.8139343E-02,-1.2649460E+00
8.364424E-02,-3.8673401E-02,-1.2681503E+00
8.364752E-02,-3.8978577E-02,-1.2699814E+00
8.365080E-02,-3.9054871E-02,-1.2711258E+00
8.365407E-02,-3.8444519E-02,-1.2717361E+00
8.365735E-02,-3.7528992E-02,-1.2717361E+00
8.366063E-02,-3.8520813E-02,-1.2708206E+00
8.366390E-02,-3.8139343E-02,-1.2689896E+00
8.366718E-02,-3.6460876E-02,-1.2664719E+00
8.367046E-02,-3.6460876E-02,-1.2631912E+00
8.367373E-02,-3.5545349E-02,-1.2596054E+00
8.367701E-02,-3.3714294E-02,-1.2550278E+00
8.368029E-02,-3.3714294E-02,-1.2495346E+00
8.368356E-02,-3.1044006E-02,-1.2436600E+00
8.368684E-02,-2.9823303E-02,-1.2366409E+00
8.369012E-02,-2.8221130E-02,-1.2290115E+00
8.369340E-02,-2.7458191E-02,-1.2208481E+00
8.369667E-02,-2.5932312E-02,-1.2114639E+00
8.369995E-02,-2.3643494E-02,-1.2008591E+00
8.370323E-02,-2.1583557E-02,-1.1900253E+00
8.370650E-02,-2.0744324E-02,-1.1793442E+00
8.370978E-02,-1.7158508E-02,-1.1676712E+00
8.371306E-02,-1.5174866E-02,-1.1549301E+00
8.371633E-02,-1.2199402E-02,-1.1408920E+00
8.371961E-02,-9.0713501E-03,-1.1270828E+00
8.372289E-02,-5.6381226E-03,-1.1125107E+00
8.372616E-02,-2.7389526E-03,-1.0964127E+00
8.372944E-02,3.1280518E-04,-1.0798569E+00
8.373272E-02,3.5171509E-03,-1.0626907E+00
8.373599E-02,5.9585571E-03,-1.0459824E+00
8.373927E-02,9.5443726E-03,-1.0283585E+00
8.374255E-02,1.4350891E-02,-1.0103531E+00
8.374582E-02,1.7173767E-02,-9.9028778E-01
8.374910E-02,2.1293640E-02,-9.7029877E-01
8.375238E-02,2.6786804E-02,-9.4924164E-01
8.375565E-02,3.1059265E-02,-9.2810822E-01
8.375893E-02,3.4645081E-02,-9.0644073E-01
8.376221E-02,3.7849426E-02,-8.8332367E-01
8.376548E-02,4.3724060E-02,-8.6028290E-01
8.376876E-02,4.8606873E-02,-8.3632660E-01
8.377204E-02,5.3031921E-02,-8.1229401E-01
8.377532E-02,5.6846619E-02,-7.8711700E-01
8.377859E-02,6.1042786E-02,-7.6079559E-01
8.378187E-02,6.5544128E-02,-7.3554230E-01
8.378515E-02,6.9740295E-02,-7.0922089E-01
8.378842E-02,7.4012756E-02,-6.8312836E-01
8.379170E-02,7.8971863E-02,-6.5489960E-01
8.379498E-02,8.3320618E-02,-6.2773895E-01
8.379825E-02,8.7593079E-02,-5.9973907E-01
8.380153E-02,9.1865540E-02,-5.7074738E-01
8.380481E-02,9.6595764E-02,-5.4198456E-01
8.380808E-02,1.0063934E-01,-5.1230621E-01
8.381136E-02,1.0491180E-01,-4.8209381E-01
8.381464E-02,1.0872650E-01,-4.5165253E-01
8.381791E-02,1.1200714E-01,-4.2075348E-01
8.382119E-02,1.1620331E-01,-3.8970184E-01
8.382447E-02,1.2070465E-01,-3.5788727E-01
8.382774E-02,1.2383270E-01,-3.2660675E-01
8.383102E-02,1.2741852E-01,-2.9433441E-01
8.383430E-02,1.2924957E-01,-2.6251984E-01
8.383757E-02,1.3321686E-01,-2.2864532E-01
8.384085E-02,1.3542938E-01,-1.9591522E-01
8.384413E-02,1.3764191E-01,-1.6242218E-01
8.384740E-02,1.3954926E-01,-1.2816620E-01
8.385068E-02,1.4084625E-01,-9.4444275E-02
8.385396E-02,1.4244843E-01,-6.0188293E-02
8.385724E-02,1.4366913E-01,-2.7229309E-02
8.386051E-02,1.4527130E-01,8.5525513E-03
8.386379E-02,1.4511871E-01,4.2732239E-02
8.386707E-02,1.4656830E-01,7.6911926E-02
8.387034E-02,1.4740753E-01,1.1307526E-01
8.387362E-02,1.4756012E-01,1.4855194E-01
8.387690E-02,1.4710236E-01,1.8418121E-01
8.388017E-02,1.4656830E-01,2.1935272E-01
8.388345E-02,1.4496613E-01,2.5551605E-01
8.388673E-02,1.4412689E-01,2.9175568E-01
8.389000E-02,1.4237213E-01,3.2784271E-01
8.389328E-02,1.4031219E-01,3.6263275E-01
8.389656E-02,1.3771820E-01,3.9971161E-01
8.389983E-02,1.3481903E-01,4.3534088E-01
8.390311E-02,1.3367462E-01,4.7135162E-01
8.390639E-02,1.2970734E-01,5.0583649E-01
8.390966E-02,1.2505341E-01,5.4100800E-01
8.391294E-02,1.2047577E-01,5.7503510E-01
8.391622E-02,1.1544037E-01,6.0692596E-01
8.391949E-02,1.1048126E-01,6.4232635E-01
8.392277E-02,1.0460663E-01,6.7795563E-01
8.392605E-02,9.9876404E-02,7.1236420E-01
8.392932E-02,9.3620300E-02,7.4852753E-01
8.393260E-02,8.6830139E-02,7.8400421E-01
8.393588E-02,8.1413269E-02,8.1894684E-01
8.393916E-02,7.3326111E-02,8.5503387E-01
8.394243E-02,6.5696716E-02,8.8944244E-01
8.394571E-02,5.6999207E-02,9.2324066E-01
8.394899E-02,4.9522400E-02,9.5810699E-01
8.395226E-02,4.1511536E-02,9.9282074E-01
8.395554E-02,3.1593323E-02,1.0268478E+00
8.395882E-02,2.1980286E-02,1.0611038E+00
8.396209E-02,1.2748718E-02,1.0945969E+00
8.396537E-02,1.6860962E-03,1.1283188E+00
8.396865E-02,-8.0795288E-03,1.1602097E+00
8.397192E-02,-1.8531799E-02,1.1928635E+00
8.397520E-02,-2.9060364E-02,1.2259750E+00
8.397848E-02,-4.0962219E-02,1.2585526E+00
8.398175E-02,-5.2177429E-02,1.2904434E+00
8.398503E-02,-6.4155579E-02,1.3208084E+00
8.398831E-02,-7.5828552E-02,1.3511734E+00
8.399158E-02,-8.8264465E-02,1.3823776E+00
8.399486E-02,-1.0161591E-01,1.4112930E+00
8.399814E-02,-1.1458588E-01,1.4411240E+00
8.400141E-02,-1.2839508E-01,1.4713364E+00
8.400469E-02,-1.4121246E-01,1.4992599E+00
8.400797E-02,-1.5395355E-01,1.5275650E+00
8.401124E-02,-1.6791534E-01,1.5551071E+00
8.401452E-02,-1.8210602E-01,1.5828781E+00
8.401780E-02,-1.9683075E-01,1.6108780E+00
8.402108E-02,-2.1056366E-01,1.6374283E+00
8.402435E-02,-2.2483063E-01,1.6641312E+00
8.402763E-02,-2.3993683E-01,1.6902237E+00
8.403091E-02,-2.5450897E-01,1.7153244E+00
8.403418E-02,-2.6847076E-01,1.7405777E+00
8.403746E-02,-2.8304291E-01,1.7643051E+00
8.404074E-02,-2.9792023E-01,1.7876511E+00
8.404401E-02,-3.1295013E-01,1.8109970E+00
8.404729E-02,-3.2736969E-01,1.8338089E+00
8.405057E-02,-3.4178925E-01,1.8563156E+00
8.405384E-02,-3.5620880E-01,1.8778305E+00
8.405712E-02,-3.6971283E-01,1.8982010E+00
8.406040E-02,-3.8321686E-01,1.9182663E+00
8.406367E-02,-3.9687347E-01,1.9371872E+00
8.406695E-02,-4.1114044E-01,1.9564896E+00
8.407023E-02,-4.2578888E-01,1.9748001E+00
8.407350E-02,-4.3929291E-01,1.9935684E+00
8.407678E-02,-4.5241547E-01,2.0113449E+00
8.408006E-02,-4.6614838E-01,2.0274429E+00
8.408333E-02,-4.8003387E-01,2.0437698E+00
8.408661E-02,-4.9330902E-01,2.0591049E+00
8.408989E-02,-5.0627899E-01,2.0725327E+00
8.409316E-02,-5.1978302E-01,2.0871048E+00
8.409644E-02,-5.3221893E-01,2.1003036E+00
8.409972E-02,-5.4419708E-01,2.1128159E+00
8.410300E-02,-5.5762482E-01,2.1241837E+00
8.410627E-02,-5.6777191E-01,2.1348648E+00
8.410955E-02,-5.8058929E-01,2.1451645E+00
8.411283E-02,-5.9188080E-01,2.1549301E+00
8.411610E-02,-6.0294342E-01,2.1643906E+00
8.411938E-02,-6.1324310E-01,2.1722488E+00
8.412266E-02,-6.2300873E-01,2.1795731E+00
8.412593E-02,-6.3346100E-01,2.1856766E+00
8.412921E-02,-6.4185333E-01,2.1918564E+00
8.413249E-02,-6.5123749E-01,2.1973495E+00
8.413576E-02,-6.5993500E-01,2.2012405E+00
8.413904E-02,-6.6893768E-01,2.2053604E+00
8.414232E-02,-6.7679596E-01,2.2085648E+00
8.414559E-02,-6.8328094E-01,2.2102432E+00
8.414887E-02,-6.9022369E-01,2.2121506E+00
8.415215E-02,-6.9762421E-01,2.2124557E+00
8.415542E-02,-7.0326996E-01,2.2128372E+00
8.415870E-02,-7.0731354E-01,2.2125320E+00
8.416198E-02,-7.1303558E-01,2.2113876E+00
8.416525E-02,-7.1746063E-01,2.2103958E+00
8.416853E-02,-7.2119904E-01,2.2071152E+00
8.417181E-02,-7.2493744E-01,2.2030716E+00
8.417508E-02,-7.2753143E-01,2.1994858E+00
8.417836E-02,-7.2928619E-01,2.1949081E+00
8.418164E-02,-7.3271942E-01,2.1887283E+00
8.418492E-02,-7.3424530E-01,2.1821671E+00
8.418819E-02,-7.3531342E-01,2.1752243E+00
8.419147E-02,-7.3561859E-01,2.1683578E+00
8.419475E-02,-7.3554230E-01,2.1598129E+00
8.419802E-02,-7.3538971E-01,2.1508102E+00
8.420130E-02,-7.3424530E-01,2.1412735E+00
8.420458E-02,-7.3340607E-01,2.1311264E+00
8.420785E-02,-7.3081207E-01,2.1202927E+00
8.421113E-02,-7.2882843E-01,2.1067886E+00
8.421441E-02,-7.2600555E-01,2.0937424E+00
8.421768E-02,-7.2257233E-01,2.0807724E+00
8.422096E-02,-7.1852875E-01,2.0678787E+00
8.422424E-02,-7.1387482E-01,2.0529251E+00
8.422751E-02,-7.0914459E-01,2.0375900E+00
8.423079E-02,-7.0349884E-01,2.0221786E+00
8.423407E-02,-6.9754791E-01,2.0054703E+00
8.423734E-02,-6.9152069E-01,1.9879990E+00
8.424062E-02,-6.8556976E-01,1.9693069E+00
8.424390E-02,-6.7694855E-01,1.9511490E+00
8.424717E-02,-6.7038727E-01,1.9316177E+00
8.425045E-02,-6.6306305E-01,1.9120865E+00
8.425373E-02,-6.5543365E-01,1.8919449E+00
8.425700E-02,-6.4604950E-01,1.8695145E+00
8.426028E-02,-6.3758087E-01,1.8487625E+00
8.426356E-02,-6.2697601E-01,1.8257217E+00
8.426684E-02,-6.1736298E-01,1.8026810E+00
8.427011E-02,-6.0820770E-01,1.7801743E+00
8.427339E-02,-5.9859467E-01,1.7559891E+00
8.427667E-02,-5.8722687E-01,1.7314987E+00
8.427994E-02,-5.7814789E-01,1.7059402E+00
8.428322E-02,-5.6662750E-01,1.6799240E+00
8.428650E-02,-5.5548859E-01,1.6538315E+00
8.428977E-02,-5.4381561E-01,1.6273575E+00
8.429305E-02,-5.3298187E-01,1.6000443E+00
8.429633E-02,-5.2024078E-01,1.5723495E+00
8.429960E-02,-5.0849152E-01,1.5448837E+00
8.430288E-02,-4.9514008E-01,1.5158157E+00
8.430616E-02,-4.8339081E-01,1.4880447E+00
8.430943E-02,-4.7133636E-01,1.4595108E+00
8.431271E-02,-4.5790863E-01,1.4298325E+00
8.431599E-02,-4.4516754E-01,1.3998489E+00
8.431926E-02,-4.3273163E-01,1.3710861E+00
8.432254E-02,-4.2144012E-01,1.3395004E+00
8.432582E-02,-4.0740204E-01,1.3088303E+00
8.432909E-02,-3.9618683E-01,1.2783127E+00
8.433237E-02,-3.8405609E-01,1.2454300E+00
8.433565E-02,-3.7162018E-01,1.2139206E+00
8.433892E-02,-3.5918427E-01,1.1809616E+00
8.434220E-02,-3.4697723E-01,1.1482315E+00
8.434548E-02,-3.3423615E-01,1.1158829E+00
8.434876E-02,-3.2065582E-01,1.0820847E+00
8.435203E-02,-3.0875397E-01,1.0482864E+00
8.435531E-02,-2.9532623E-01,1.0146408E+00
8.435859E-02,-2.8281403E-01,9.7863007E-01
8.436186E-02,-2.7007294E-01,9.4475555E-01
8.436514E-02,-2.5839996E-01,9.0996552E-01
8.436842E-02,-2.4550629E-01,8.7654877E-01
8.437169E-02,-2.3345184E-01,8.4084320E-01
8.437497E-02,-2.2277069E-01,8.0506134E-01
8.437825E-02,-2.1048737E-01,7.7126312E-01
8.438152E-02,-1.9919586E-01,7.3601532E-01
8.438480E-02,-1.8828583E-01,7.0053864E-01
8.438808E-02,-1.7707062E-01,6.6490936E-01
8.439135E-02,-1.6616058E-01,6.2973785E-01
8.439463E-02,-1.5509796E-01,5.9555817E-01
8.439791E-02,-1.4449310E-01,5.6290436E-01
8.440118E-02,-1.3457489E-01,5.2796173E-01
8.440446E-02,-1.2511444E-01,4.9210358E-01
8.440774E-02,-1.1534882E-01,4.5738983E-01
8.441101E-02,-1.0695648E-01,4.2176056E-01
8.441429E-02,-9.7343445E-02,3.8590240E-01
8.441757E-02,-8.9179993E-02,3.5050201E-01
8.442084E-02,-8.0635071E-02,3.1487274E-01
8.442412E-02,-7.2700500E-02,2.7939606E-01
8.442740E-02,-6.4842224E-02,2.4269867E-01
8.443068E-02,-5.6983948E-02,2.0767975E-01
8.443395E-02,-4.9812317E-02,1.7128754E-01
8.443723E-02,-4.3861389E-02,1.3558197E-01
8.444051E-02,-3.7147522E-02,1.0079193E-01
8.444378E-02,-3.1196594E-02,6.5696716E-02
8.444706E-02,-2.5550842E-02,3.0143738E-02
8.445034E-02,-2.0210266E-02,-3.5018921E-03
8.445361E-02,-1.4488220E-02,-3.8444519E-02
8.445689E-02,-1.0444641E-02,-7.2319031E-02
8.446017E-02,-5.7907104E-03,-1.0657501E-01
8.446344E-02,-2.3574829E-03,-1.4044952E-01
8.446672E-02,2.2964478E-03,-1.7424774E-01
8.447000E-02,5.8822632E-03,-2.0804596E-01
8.447327E-02,9.0866089E-03,-2.4161530E-01
8.447655E-02,1.2138367E-02,-2.7411652E-01
8.447983E-02,1.4884949E-02,-3.0669403E-01
8.448310E-02,1.7478943E-02,-3.3873749E-01
8.448638E-02,1.9233704E-02,-3.6948395E-01
8.448966E-02,2.1903992E-02,-4.0106964E-01
8.449293E-02,2.3429871E-02,-4.3128204E-01
8.449621E-02,2.5184631E-02,-4.6210480E-01
8.449949E-02,2.6710510E-02,-4.9224091E-01
8.450276E-02,2.7320862E-02,-5.2207184E-01
8.450604E-02,2.6786804E-02,-5.5144501E-01
8.450932E-02,2.7778625E-02,-5.8089447E-01
8.451260E-02,2.8388977E-02,-6.0965729E-01
8.451587E-02,2.7244568E-02,-6.3765717E-01
8.451915E-02,2.6939392E-02,-6.6519928E-01
8.452243E-02,2.6863098E-02,-6.9266510E-01
8.452570E-02,2.6863098E-02,-7.1929169E-01
8.452898E-02,2.5260925E-02,-7.4500275E-01
8.453226E-02,2.4192810E-02,-7.7048492E-01
8.453553E-02,2.3048401E-02,-7.9596710E-01
8.453881E-02,2.2361755E-02,-8.2038116E-01
8.454209E-02,2.0149231E-02,-8.4326935E-01
8.454536E-02,1.8852234E-02,-8.6768341E-01
8.454864E-02,1.6563416E-02,-8.9095306E-01
8.455192E-02,1.5190125E-02,-9.1445160E-01
8.455519E-02,1.3206482E-02,-9.3505096E-01
8.455847E-02,1.1680603E-02,-9.5557404E-01
8.456175E-02,8.8577271E-03,-9.7640228E-01
8.456502E-02,7.5607300E-03,-9.9570465E-01
8.456830E-02,4.8141479E-03,-1.0150070E+00
8.457158E-02,3.3645630E-03,-1.0340042E+00
8.457485E-02,9.2315674E-04,-1.0517807E+00
8.457813E-02,-1.4495850E-04,-1.0681076E+00
8.458141E-02,-3.1967163E-03,-1.0848160E+00
8.458468E-02,-5.4092407E-03,-1.1015244E+00
8.458796E-02,-7.0877075E-03,-1.1164780E+00
8.459124E-02,-9.5291138E-03,-1.1312027E+00
8.459452E-02,-1.0520935E-02,-1.1455460E+00
8.459779E-02,-1.3038635E-02,-1.1577530E+00
8.460107E-02,-1.5327454E-02,-1.1704178E+00
8.460435E-02,-1.7082214E-02,-1.1823959E+00
8.460762E-02,-1.8302917E-02,-1.1937637E+00
8.461090E-02,-2.1430969E-02,-1.2026138E+00
8.461418E-02,-2.2270203E-02,-1.2132950E+00
8.461745E-02,-2.4177551E-02,-1.2226028E+00
8.462073E-02,-2.6161194E-02,-1.2303085E+00
8.462401E-02,-2.6695251E-02,-1.2378616E+00
8.462728E-02,-2.7305603E-02,-1.2445755E+00
8.463056E-02,-2.8907776E-02,-1.2500687E+00
8.463384E-02,-3.0662537E-02,-1.2551041E+00
8.463711E-02,-3.1120300E-02,-1.2600632E+00
8.464039E-02,-3.2035828E-02,-1.2634964E+00
8.464367E-02,-3.2875061E-02,-1.2656326E+00
8.464694E-02,-3.2341003E-02,-1.2684555E+00
8.465022E-02,-3.2875061E-02,-1.2697525E+00
8.465350E-02,-3.3256531E-02,-1.2705917E+00
8.465677E-02,-3.3256531E-02,-1.2711258E+00
8.466005E-02,-3.3638000E-02,-1.2704391E+00
8.466333E-02,-3.2569885E-02,-1.2687607E+00
8.466660E-02,-3.2188416E-02,-1.2658615E+00
8.466988E-02,-3.1501770E-02,-1.2620468E+00
8.467316E-02,-3.1349182E-02,-1.2586136E+00
8.467644E-02,-3.0357361E-02,-1.2535782E+00
8.467971E-02,-2.9212952E-02,-1.2484665E+00
8.468299E-02,-2.7687073E-02,-1.2430496E+00
8.468627E-02,-2.6695251E-02,-1.2365646E+00
8.468954E-02,-2.4482727E-02,-1.2289352E+00
8.469282E-02,-2.4635315E-02,-1.2205429E+00
8.469610E-02,-2.2651672E-02,-1.2118454E+00
8.469937E-02,-2.1583557E-02,-1.2016220E+00
8.470265E-02,-1.8989563E-02,-1.1915512E+00
8.470593E-02,-1.7387390E-02,-1.1799545E+00
8.470920E-02,-1.5708923E-02,-1.1683578E+00
8.471248E-02,-1.3496399E-02,-1.1551590E+00
8.471576E-02,-1.2351990E-02,-1.1427231E+00
8.471903E-02,-9.6054077E-03,-1.1287613E+00
8.472231E-02,-8.4609985E-03,-1.1144180E+00
8.472559E-02,-6.5536499E-03,-1.0992355E+00
8.472886E-02,-3.8070679E-03,-1.0827560E+00
8.473214E-02,-6.7901611E-04,-1.0653610E+00
8.473542E-02,6.9427490E-04,-1.0481949E+00
8.473869E-02,4.2037964E-03,-1.0311050E+00
8.474197E-02,6.1874390E-03,-1.0131760E+00
8.474525E-02,9.0866089E-03,-9.9326324E-01
8.474852E-02,1.2290955E-02,-9.7327423E-01
8.475180E-02,1.3282776E-02,-9.5236969E-01
8.475508E-02,1.7097473E-02,-9.3161774E-01
8.475836E-02,1.8241882E-02,-9.1002655E-01
8.476163E-02,2.0683289E-02,-8.8668060E-01
8.476491E-02,2.2666931E-02,-8.6341095E-01
8.476819E-02,2.3658752E-02,-8.4090424E-01
8.477146E-02,2.6023865E-02,-8.1710052E-01
8.477474E-02,2.7931213E-02,-7.9230499E-01
8.477802E-02,2.9304504E-02,-7.6628876E-01
8.478129E-02,3.0296326E-02,-7.4034882E-01
8.478457E-02,3.2966614E-02,-7.1433258E-01
8.478785E-02,3.4187317E-02,-6.8755341E-01
8.479112E-02,3.5102844E-02,-6.6077423E-01
8.479440E-02,3.5865784E-02,-6.3269806E-01
8.479768E-02,3.6018372E-02,-6.0515594E-01
8.480095E-02,3.7010193E-02,-5.7570648E-01
8.480423E-02,3.7544250E-02,-5.4625702E-01
8.480751E-02,3.7620544E-02,-5.1741791E-01
8.481078E-02,3.7925720E-02,-4.8690033E-01
8.481406E-02,3.7925720E-02,-4.5691681E-01
8.481734E-02,3.6705017E-02,-4.2670441E-01
8.482061E-02,3.6018372E-02,-3.9603424E-01
8.482389E-02,3.4721375E-02,-3.6345673E-01
8.482717E-02,3.4263611E-02,-3.3263397E-01
8.483044E-02,3.2814026E-02,-3.0127716E-01
8.483372E-02,2.9609680E-02,-2.6854706E-01
8.483700E-02,2.8007507E-02,-2.3612213E-01
8.484028E-02,2.6405334E-02,-2.0201874E-01
8.484355E-02,2.3048401E-02,-1.6852570E-01
8.484683E-02,1.9615173E-02,-1.3365936E-01
8.485011E-02,1.7478943E-02,-1.0054779E-01
8.485338E-02,1.3893127E-02,-6.5757751E-02
8.485666E-02,9.9258423E-03,-3.1730652E-02
8.485994E-02,5.9585571E-03,3.4408569E-03
8.486321E-02,1.1520386E-03,3.8154602E-02
8.486649E-02,-4.2648315E-03,7.2486877E-02
8.486977E-02,-8.3847046E-03,1.0880280E-01
8.487304E-02,-1.4259338E-02,1.4443207E-01
8.487632E-02,-1.9676208E-02,1.7998505E-01
8.487960E-02,-2.6390076E-02,2.1561432E-01
8.488287E-02,-3.2035828E-02,2.5086212E-01
8.488615E-02,-3.9360046E-02,2.8755951E-01
8.488943E-02,-4.5997620E-02,3.2234955E-01
8.489270E-02,-5.3779602E-02,3.5759735E-01
8.489598E-02,-6.1256409E-02,3.9368439E-01
8.489926E-02,-6.9114685E-02,4.2969513E-01
8.490253E-02,-7.7354431E-02,4.6517181E-01
8.490581E-02,-8.5823059E-02,5.0072479E-01
8.490909E-02,-9.6199036E-02,5.3574371E-01
8.491236E-02,-1.0573578E-01,5.7045746E-01
8.491564E-02,-1.1489105E-01,6.0211945E-01
8.491892E-02,-1.2435150E-01,6.3751984E-01
8.492220E-02,-1.3518524E-01,6.7330170E-01
8.492547E-02,-1.4525604E-01,7.0717621E-01
8.492875E-02,-1.5647125E-01,7.4303436E-01
8.493203E-02,-1.6776276E-01,7.7805328E-01
8.493530E-02,-1.7867279E-01,8.1276703E-01
8.493858E-02,-1.8897247E-01,8.4877777E-01
8.494186E-02,-2.0125580E-01,8.8394928E-01
8.494513E-02,-2.1331024E-01,9.1759491E-01
8.494841E-02,-2.2589874E-01,9.5238495E-01
8.495169E-02,-2.3757172E-01,9.8740387E-01
8.495496E-02,-2.5054169E-01,1.0217361E+00
8.495824E-02,-2.6076508E-01,1.0553055E+00
8.496152E-02,-2.7373505E-01,1.0887222E+00
8.496479E-02,-2.8716278E-01,1.1225204E+00
8.496807E-02,-2.9952240E-01,1.1552505E+00
8.497135E-02,-3.1378937E-01,1.1887436E+00
8.497462E-02,-3.2653046E-01,1.2207870E+00
8.497790E-02,-3.4064484E-01,1.2534409E+00
8.498118E-02,-3.5300446E-01,1.2860184E+00
8.498445E-02,-3.6566925E-01,1.3170700E+00
8.498773E-02,-3.7696075E-01,1.3474350E+00
8.499101E-02,-3.8901520E-01,1.3783340E+00
8.499428E-02,-4.0099335E-01,1.4087753E+00
8.499756E-02,-4.1449738E-01,1.4384537E+00
8.500084E-02,-4.2716217E-01,1.4680557E+00
8.500412E-02,-4.4020844E-01,1.4966660E+00
8.500739E-02,-4.5188141E-01,1.5246658E+00
8.501067E-02,-4.6599579E-01,1.5522842E+00
8.501395E-02,-4.7843170E-01,1.5792160E+00
8.501722E-02,-4.9109650E-01,1.6080551E+00
8.502050E-02,-5.0330353E-01,1.6351395E+00
8.502378E-02,-5.1558685E-01,1.6612320E+00
8.502705E-02,-5.2771759E-01,1.6875534E+00
8.503033E-02,-5.4061127E-01,1.7123489E+00
8.503361E-02,-5.5236053E-01,1.7372208E+00
8.503688E-02,-5.6273651E-01,1.7618637E+00
8.504016E-02,-5.7364655E-01,1.7852859E+00
8.504344E-02,-5.8554840E-01,1.8087845E+00
8.504671E-02,-5.9706879E-01,1.8312912E+00
8.504999E-02,-6.0675812E-01,1.8533401E+00
8.505327E-02,-6.1705780E-01,1.8743973E+00
8.505654E-02,-6.2659454E-01,1.8957596E+00
8.505982E-02,-6.3636017E-01,1.9167404E+00
8.506310E-02,-6.4467621E-01,1.9353561E+00
8.506637E-02,-6.5375519E-01,1.9542007E+00
8.506965E-02,-6.6260529E-01,1.9728165E+00
8.507293E-02,-6.7038727E-01,1.9915848E+00
8.507620E-02,-6.7771149E-01,2.0096664E+00
8.507948E-02,-6.8503571E-01,2.0256882E+00
8.508276E-02,-6.9098663E-01,2.0420151E+00
8.508604E-02,-6.9815826E-01,2.0569687E+00
8.508931E-02,-7.0342255E-01,2.0705490E+00
8.509259E-02,-7.0899200E-01,2.0843582E+00
8.509587E-02,-7.1395111E-01,2.0985489E+00
8.509914E-02,-7.1913910E-01,2.1106033E+00
8.510242E-02,-7.2325897E-01,2.1228104E+00
8.510570E-02,-7.2730255E-01,2.1334152E+00
8.510897E-02,-7.3027802E-01,2.1434860E+00
8.511225E-02,-7.3195648E-01,2.1537857E+00
8.511553E-02,-7.3516083E-01,2.1627121E+00
8.511880E-02,-7.3638153E-01,2.1709518E+00
8.512208E-02,-7.3790741E-01,2.1781998E+00
8.512536E-02,-7.3760223E-01,2.1854477E+00
8.512863E-02,-7.3897552E-01,2.1913986E+00
8.513191E-02,-7.3905182E-01,2.1968155E+00
8.513519E-02,-7.3790741E-01,2.2015457E+00
8.513846E-02,-7.3584747E-01,2.2067337E+00
8.514174E-02,-7.3371124E-01,2.2093277E+00
8.514502E-02,-7.3180389E-01,2.2119217E+00
8.514829E-02,-7.2814178E-01,2.2127609E+00
8.515157E-02,-7.2470856E-01,2.2142105E+00
8.515485E-02,-7.2257233E-01,2.2147446E+00
8.515812E-02,-7.1807098E-01,2.2140579E+00
8.516140E-02,-7.1280670E-01,2.2125320E+00
8.516468E-02,-7.0822906E-01,2.2103195E+00
8.516796E-02,-7.0189667E-01,2.2081833E+00
8.517123E-02,-6.9609833E-01,2.2052078E+00
8.517451E-02,-6.8938446E-01,2.2009354E+00
8.517779E-02,-6.8236542E-01,2.1955948E+00
8.518106E-02,-6.7450714E-01,2.1899490E+00
8.518434E-02,-6.6619110E-01,2.1841507E+00
8.518762E-02,-6.5787506E-01,2.1777420E+00
8.519089E-02,-6.5009308E-01,2.1701889E+00
8.519417E-02,-6.4116669E-01,2.1621780E+00
8.519745E-02,-6.3086700E-01,2.1530228E+00
8.520072E-02,-6.2102509E-01,2.1430283E+00
8.520400E-02,-6.1003876E-01,2.1333389E+00
8.520728E-02,-6.0050201E-01,2.1225052E+00
8.521055E-02,-5.8966827E-01,2.1112137E+00
8.521383E-02,-5.7715607E-01,2.0972519E+00
8.521711E-02,-5.6624603E-01,2.0832138E+00
8.522038E-02,-5.5350494E-01,2.0701675E+00
8.522366E-02,-5.4160309E-01,2.0559769E+00
8.522694E-02,-5.2878571E-01,2.0410233E+00
8.523021E-02,-5.1612091E-01,2.0243149E+00
8.523349E-02,-5.0337982E-01,2.0084457E+00
8.523677E-02,-4.8987579E-01,1.9910507E+00
8.524004E-02,-4.7644806E-01,1.9722824E+00
8.524332E-02,-4.6279144E-01,1.9534378E+00
8.524660E-02,-4.4890594E-01,1.9346695E+00
8.524988E-02,-4.3524933E-01,1.9150620E+00
8.525315E-02,-4.2174530E-01,1.8946915E+00
8.525643E-02,-4.0877533E-01,1.8731003E+00
8.525971E-02,-3.9412689E-01,1.8520432E+00
8.526298E-02,-3.8108063E-01,1.8293076E+00
8.526626E-02,-3.6734772E-01,1.8061905E+00
8.526954E-02,-3.5384369E-01,1.7831497E+00
8.527281E-02,-3.3927155E-01,1.7597275E+00
8.527609E-02,-3.2530975E-01,1.7361526E+00
8.527937E-02,-3.1096649E-01,1.7108994E+00
8.528264E-02,-2.9723358E-01,1.6856461E+00
8.528592E-02,-2.8182220E-01,1.6598587E+00
8.528920E-02,-2.6610565E-01,1.6339951E+00
8.529247E-02,-2.5359344E-01,1.6063004E+00
8.529575E-02,-2.3795319E-01,1.5781479E+00
8.529903E-02,-2.2368622E-01,1.5501480E+00
8.530230E-02,-2.1018219E-01,1.5229111E+00
8.530558E-02,-1.9553375E-01,1.4936905E+00
8.530886E-02,-1.8271637E-01,1.4650803E+00
8.531213E-02,-1.6776276E-01,1.4356308E+00
8.531541E-02,-1.5471649E-01,1.4057999E+00
8.531869E-02,-1.4151764E-01,1.3757401E+00
8.532196E-02,-1.2831879E-01,1.3438492E+00
8.532524E-02,-1.1534882E-01,1.3140182E+00
8.532852E-02,-1.0390472E-01,1.2831192E+00
8.533180E-02,-9.0248108E-02,1.2509995E+00
8.533507E-02,-7.8498840E-02,1.2182693E+00
8.533835E-02,-6.5452576E-02,1.1862259E+00
8.534163E-02,-5.3703308E-02,1.1538773E+00
8.534490E-02,-4.4700623E-02,1.1211472E+00
8.534818E-02,-3.3790588E-02,1.0870438E+00
8.535146E-02,-2.2346497E-02,1.0535507E+00
8.535473E-02,-1.2886047E-02,1.0199814E+00
8.535801E-02,-2.5100708E-03,9.8542023E-01
8.536129E-02,6.5689087E-03,9.5032501E-01
8.536456E-02,1.6944885E-02,9.1599274E-01
8.536784E-02,2.5794983E-02,8.8181305E-01
8.537112E-02,3.4721375E-02,8.4694672E-01
8.537439E-02,4.3876648E-02,8.1177521E-01
8.537767E-02,5.1353455E-02,7.7690887E-01
8.538095E-02,5.9059143E-02,7.4211884E-01
8.538422E-02,6.7222595E-02,7.0664215E-01
8.538750E-02,7.3631287E-02,6.7101288E-01
8.539078E-02,7.9582214E-02,6.3538361E-01
8.539405E-02,8.5304260E-02,6.0105133E-01
8.539733E-02,9.0873718E-02,5.6870270E-01
8.540061E-02,9.6672058E-02,5.3406525E-01
8.540388E-02,1.0247040E-01,4.9919891E-01
8.540716E-02,1.0628510E-01,4.6387482E-01
8.541044E-02,1.1124420E-01,4.2809296E-01
8.541372E-02,1.1513519E-01,3.9299774E-01
8.541699E-02,1.1849213E-01,3.5645294E-01
8.542027E-02,1.2116241E-01,3.2151031E-01
8.542355E-02,1.2551117E-01,2.8549957E-01
8.542682E-02,1.2734222E-01,2.4956512E-01
8.543010E-02,1.2833405E-01,2.1416473E-01
8.543338E-02,1.3092804E-01,1.7845917E-01
8.543665E-02,1.3283539E-01,1.4336395E-01
8.543993E-02,1.3359833E-01,1.0727692E-01
8.544321E-02,1.3459015E-01,7.2410583E-02
8.544648E-02,1.3413239E-01,3.8002014E-02
8.544976E-02,1.3489532E-01,3.2119751E-03
8.545304E-02,1.3466644E-01,-3.2722473E-02
8.545631E-02,1.3375092E-01,-6.6139221E-02
8.545959E-02,1.3359833E-01,-1.0054779E-01
8.546287E-02,1.3191986E-01,-1.3434601E-01
8.546614E-02,1.3016510E-01,-1.6875458E-01
8.546942E-02,1.2848663E-01,-2.0171356E-01
8.547270E-02,1.2680817E-01,-2.3650360E-01
8.547597E-02,1.2490082E-01,-2.7014923E-01
8.547925E-02,1.2299347E-01,-3.0188751E-01
8.548253E-02,1.2032318E-01,-3.3286285E-01
8.548580E-02,1.1795807E-01,-3.6490631E-01
8.548908E-02,1.1582184E-01,-3.9664459E-01
8.549236E-02,1.1154938E-01,-4.2800140E-01
8.549564E-02,1.0758209E-01,-4.5859528E-01
8.549891E-02,1.0514069E-01,-4.8781586E-01
8.550219E-02,1.0163116E-01,-5.1825714E-01
8.550547E-02,9.7663879E-02,-5.4763031E-01
8.550874E-02,9.3086243E-02,-5.7578278E-01
8.551202E-02,9.0644836E-02,-6.0622406E-01
8.551530E-02,8.7211609E-02,-6.3384247E-01
8.551857E-02,8.2710266E-02,-6.6168976E-01
8.552185E-02,7.9277039E-02,-6.8862152E-01
8.552513E-02,7.3707581E-02,-7.1463776E-01
8.552840E-02,6.9969177E-02,-7.4065399E-01
8.553168E-02,6.6993713E-02,-7.6644135E-01
8.553496E-02,6.2797546E-02,-7.9199982E-01
8.553823E-02,5.8525085E-02,-8.1649017E-01
8.554151E-02,5.4939270E-02,-8.4098053E-01
8.554479E-02,5.0132751E-02,-8.6493683E-01
8.554806E-02,4.6470642E-02,-8.8751984E-01
8.555134E-02,4.1282654E-02,-9.1017914E-01
8.555462E-02,3.7315369E-02,-9.3199921E-01
8.555789E-02,3.3576965E-02,-9.5290375E-01
8.556117E-02,3.0220032E-02,-9.7274017E-01
8.556445E-02,2.5260925E-02,-9.9333954E-01
8.556772E-02,2.1522522E-02,-1.0126419E+00
8.557100E-02,1.8013000E-02,-1.0317154E+00
8.557428E-02,1.3740540E-02,-1.0491867E+00
8.557756E-02,9.7732544E-03,-1.0663528E+00
8.558083E-02,6.4163208E-03,-1.0841293E+00
8.558411E-02,3.8223267E-03,-1.1003036E+00
8.558739E-02,1.7623901E-03,-1.1161728E+00
8.559066E-02,-1.8997192E-03,-1.1302872E+00
8.559394E-02,-5.1803589E-03,-1.1440964E+00
8.559722E-02,-8.4609985E-03,-1.1586685E+00
8.560049E-02,-1.0902405E-02,-1.1696548E+00
8.560377E-02,-1.3801575E-02,-1.1818619E+00
8.560705E-02,-1.5251160E-02,-1.1933823E+00
8.561032E-02,-1.8150330E-02,-1.2029190E+00
8.561360E-02,-2.0744324E-02,-1.2132187E+00
8.561688E-02,-2.1812439E-02,-1.2215347E+00
8.562015E-02,-2.4024963E-02,-1.2301559E+00
8.562343E-02,-2.6542664E-02,-1.2384720E+00
8.562671E-02,-2.7458191E-02,-1.2445755E+00
8.562998E-02,-2.8831482E-02,-1.2514420E+00
8.563326E-02,-3.1349182E-02,-1.2564011E+00
8.563654E-02,-3.1196594E-02,-1.2602921E+00
8.563981E-02,-3.2646179E-02,-1.2648697E+00
8.564309E-02,-3.3943176E-02,-1.2674637E+00
8.564637E-02,-3.4019470E-02,-1.2695236E+00
8.564964E-02,-3.4019470E-02,-1.2713547E+00
8.565292E-02,-3.4172058E-02,-1.2728806E+00
8.565620E-02,-3.4248352E-02,-1.2731094E+00
8.565948E-02,-3.5163879E-02,-1.2716599E+00
8.566275E-02,-3.4400940E-02,-1.2707443E+00
8.566603E-02,-3.5774231E-02,-1.2678452E+00
8.566931E-02,-3.4858704E-02,-1.2644882E+00
8.567258E-02,-3.4629822E-02,-1.2612076E+00
8.567586E-02,-3.5240173E-02,-1.2564774E+00
8.567914E-02,-3.4324646E-02,-1.2512131E+00
8.568241E-02,-3.4324646E-02,-1.2452621E+00
8.568569E-02,-3.3256531E-02,-1.2387772E+00
8.568897E-02,-3.3180237E-02,-1.2320633E+00
8.569224E-02,-3.2188416E-02,-1.2236710E+00
8.569552E-02,-3.1272888E-02,-1.2153549E+00
8.569880E-02,-3.0586243E-02,-1.2051315E+00
8.570207E-02,-3.0128479E-02,-1.1947556E+00
8.570535E-02,-2.8755188E-02,-1.1835403E+00
8.570863E-02,-2.8221130E-02,-1.1714859E+00
8.571190E-02,-2.8068542E-02,-1.1595840E+00
8.571518E-02,-2.5932312E-02,-1.1469955E+00
8.571846E-02,-2.7076721E-02,-1.1328049E+00
8.572173E-02,-2.6313782E-02,-1.1180801E+00
8.572501E-02,-2.5703430E-02,-1.1031265E+00
8.572829E-02,-2.5932312E-02,-1.0866470E+00
8.573156E-02,-2.4177551E-02,-1.0700912E+00
8.573484E-02,-2.3872375E-02,-1.0536118E+00
8.573812E-02,-2.3643494E-02,-1.0352249E+00
8.574140E-02,-2.2880554E-02,-1.0165329E+00
8.574467E-02,-2.2575378E-02,-9.9692535E-01
8.574795E-02,-2.3262024E-02,-9.7777557E-01
8.575123E-02,-2.3872375E-02,-9.5679474E-01
8.575450E-02,-2.4711609E-02,-9.3543243E-01
8.575778E-02,-2.4787903E-02,-9.1460419E-01
8.576106E-02,-2.6771545E-02,-8.9247894E-01
8.576433E-02,-2.7305603E-02,-8.6951447E-01
8.576761E-02,-2.8984070E-02,-8.4654999E-01
8.577089E-02,-2.9365540E-02,-8.2175446E-01
8.577416E-02,-3.0967712E-02,-7.9741669E-01
8.577744E-02,-3.2646179E-02,-7.7140045E-01
8.578072E-02,-3.3485413E-02,-7.4584198E-01
8.578399E-02,-3.5163879E-02,-7.2035980E-01
8.578727E-02,-3.7834167E-02,-6.9411469E-01
8.579055E-02,-4.1496277E-02,-6.6672516E-01
8.579382E-02,-4.4166565E-02,-6.3941193E-01
8.579710E-02,-4.6073914E-02,-6.1103058E-01
8.580038E-02,-4.9888611E-02,-5.8280182E-01
8.580365E-02,-5.4161072E-02,-5.5319977E-01
8.580693E-02,-5.7060242E-02,-5.2352142E-01
8.581021E-02,-6.1408997E-02,-4.9422455E-01
8.581348E-02,-6.5757751E-02,-4.6393585E-01
8.581676E-02,-7.0259094E-02,-4.3387604E-01
8.582004E-02,-7.5447083E-02,-4.0251923E-01
8.582332E-02,-8.0329895E-02,-3.7070465E-01
8.582659E-02,-8.5060120E-02,-3.3866119E-01
8.582987E-02,-9.0629578E-02,-3.0768585E-01
8.583315E-02,-9.5741272E-02,-2.7465057E-01
8.583642E-02,-1.0176849E-01,-2.4214935E-01
8.583970E-02,-1.0871124E-01,-2.0858002E-01
8.584298E-02,-1.1489105E-01,-1.7569733E-01
8.584625E-02,-1.2236786E-01,-1.4197540E-01
8.584953E-02,-1.2999725E-01,-1.0794830E-01
8.585281E-02,-1.3602448E-01,-7.4531555E-02
8.585608E-02,-1.4517975E-01,-4.0275574E-02
8.585936E-02,-1.5380096E-01,-5.6381226E-03
8.586264E-02,-1.6150665E-01,2.9762268E-02
8.586591E-02,-1.7020416E-01,6.5391541E-02
8.586919E-02,-1.7874908E-01,1.0025787E-01
8.587247E-02,-1.8813324E-01,1.3603973E-01
8.587574E-02,-1.9644928E-01,1.7235565E-01
8.587902E-02,-2.0621490E-01,2.0760345E-01
8.588230E-02,-2.1605682E-01,2.4308014E-01
8.588557E-02,-2.2528839E-01,2.7916718E-01
8.588885E-02,-2.3604584E-01,3.1487274E-01
8.589213E-02,-2.4672699E-01,3.5027313E-01
8.589540E-02,-2.5611115E-01,3.8613129E-01
8.589868E-02,-2.6671600E-01,4.2206573E-01
8.590196E-02,-2.7701569E-01,4.5746613E-01
8.590524E-02,-2.8769684E-01,4.9271393E-01
8.590851E-02,-2.9921722E-01,5.2750397E-01
8.591179E-02,-3.0951691E-01,5.6221771E-01
8.591507E-02,-3.2057953E-01,5.9510040E-01
8.591834E-02,-3.3240509E-01,6.2950897E-01
8.592162E-02,-3.4331512E-01,6.6483307E-01
8.592490E-02,-3.5300446E-01,6.9977570E-01
8.592817E-02,-3.6551666E-01,7.3532867E-01
8.593145E-02,-3.7482452E-01,7.7088165E-01
8.593473E-02,-3.8497162E-01,8.0559540E-01
8.593800E-02,-3.9626312E-01,8.4091949E-01
8.594128E-02,-4.0694427E-01,8.7616730E-01
8.594456E-02,-4.1686249E-01,9.0958405E-01
8.594783E-02,-4.2868805E-01,9.4406891E-01
8.595111E-02,-4.3868256E-01,9.7870636E-01
8.595439E-02,-4.4982147E-01,1.0131912E+00
8.595766E-02,-4.6042633E-01,1.0467606E+00
8.596094E-02,-4.7110748E-01,1.0810165E+00
8.596422E-02,-4.8148346E-01,1.1155014E+00
8.596749E-02,-4.9178314E-01,1.1483841E+00
8.597077E-02,-5.0185394E-01,1.1808853E+00
8.597405E-02,-5.1253510E-01,1.2130814E+00
8.597732E-02,-5.2039337E-01,1.2456589E+00
8.598060E-02,-5.3145599E-01,1.2780075E+00
8.598388E-02,-5.4114532E-01,1.3093643E+00
8.598716E-02,-5.4976654E-01,1.3401871E+00
8.599043E-02,-5.5869293E-01,1.3716202E+00
8.599371E-02,-5.6838226E-01,1.4008408E+00
8.599699E-02,-5.7624054E-01,1.4312820E+00
8.600026E-02,-5.8478546E-01,1.4614944E+00
8.600354E-02,-5.9233856E-01,1.4897995E+00
8.600682E-02,-6.0065460E-01,1.5170364E+00
8.601009E-02,-6.0782623E-01,1.5447311E+00
8.601337E-02,-6.1423492E-01,1.5734177E+00
8.601665E-02,-6.2056732E-01,1.6005783E+00
8.601992E-02,-6.2636566E-01,1.6283493E+00
8.602320E-02,-6.3185883E-01,1.6545944E+00
8.602648E-02,-6.3765717E-01,1.6800766E+00
8.602975E-02,-6.4292145E-01,1.7057114E+00
8.603303E-02,-6.4749908E-01,1.7313461E+00
8.603631E-02,-6.5146637E-01,1.7555313E+00
8.603958E-02,-6.5444183E-01,1.7795639E+00
8.604286E-02,-6.5795135E-01,1.8019943E+00
8.604614E-02,-6.5940094E-01,1.8252640E+00
8.604941E-02,-6.6283417E-01,1.8472366E+00
8.605269E-02,-6.6367340E-01,1.8688278E+00
8.605597E-02,-6.6588593E-01,1.8902664E+00
8.605924E-02,-6.6718292E-01,1.9112473E+00
8.606252E-02,-6.6825104E-01,1.9307785E+00
8.606580E-02,-6.6703033E-01,1.9499283E+00
8.606908E-02,-6.6619110E-01,1.9683914E+00
8.607235E-02,-6.6481781E-01,1.9883804E+00
8.607563E-02,-6.6382599E-01,2.0053177E+00
8.607891E-02,-6.6092682E-01,2.0218735E+00
8.608218E-02,-6.5840912E-01,2.0380478E+00
8.608546E-02,-6.5566254E-01,2.0526962E+00
8.608874E-02,-6.5230560E-01,2.0664291E+00
8.609201E-02,-6.4841461E-01,2.0802383E+00
8.609529E-02,-6.4406586E-01,2.0947342E+00
8.609857E-02,-6.3933563E-01,2.1077042E+00
8.610184E-02,-6.3353729E-01,2.1198349E+00
8.610512E-02,-6.2842560E-01,2.1305161E+00
8.610840E-02,-6.2117767E-01,2.1413498E+00
8.611167E-02,-6.1438751E-01,2.1505051E+00
8.611495E-02,-6.0691071E-01,2.1601944E+00
8.611823E-02,-5.9951019E-01,2.1694260E+00
8.612150E-02,-5.9088898E-01,2.1769791E+00
8.612478E-02,-5.8257294E-01,2.1836166E+00
8.612806E-02,-5.7387543E-01,2.1888809E+00
8.613133E-02,-5.6388092E-01,2.1949844E+00
8.613461E-02,-5.5411530E-01,2.1989517E+00
8.613789E-02,-5.4343414E-01,2.2027664E+00
8.614116E-02,-5.3351593E-01,2.2059708E+00
8.614444E-02,-5.2275848E-01,2.2093277E+00
8.614772E-02,-5.1100922E-01,2.2116928E+00
8.615100E-02,-4.9880219E-01,2.2126083E+00
8.615427E-02,-4.8712921E-01,2.2132950E+00
8.615755E-02,-4.7461700E-01,2.2126083E+00
8.616083E-02,-4.6088409E-01,2.2119217E+00
8.616410E-02,-4.4783783E-01,2.2098618E+00
8.616738E-02,-4.3532562E-01,2.2075729E+00
8.617066E-02,-4.2182159E-01,2.2039108E+00
8.617393E-02,-4.0915680E-01,2.1998672E+00
8.617721E-02,-3.9580536E-01,2.1948318E+00
8.618049E-02,-3.8245392E-01,2.1901016E+00
8.618376E-02,-3.6894989E-01,2.1843033E+00
8.618704E-02,-3.5475922E-01,2.1786575E+00
8.619032E-02,-3.4072113E-01,2.1705704E+00
8.619359E-02,-3.2530975E-01,2.1625595E+00
8.619687E-02,-3.0944061E-01,2.1531754E+00
8.620015E-02,-2.9387665E-01,2.1432571E+00
8.620342E-02,-2.7930450E-01,2.1330338E+00
8.620670E-02,-2.6381683E-01,2.1222763E+00
8.620998E-02,-2.4871063E-01,2.1112137E+00
8.621325E-02,-2.3360443E-01,2.0981674E+00
8.621653E-02,-2.1689606E-01,2.0838242E+00
8.621981E-02,-2.0133209E-01,2.0700912E+00
8.622308E-02,-1.8653107E-01,2.0559769E+00
8.622636E-02,-1.7035675E-01,2.0413284E+00
8.622964E-02,-1.5418243E-01,2.0266037E+00
8.623292E-02,-1.3907623E-01,2.0099716E+00
8.623619E-02,-1.2374115E-01,1.9926529E+00
8.623947E-02,-1.0832977E-01,1.9743423E+00
8.624275E-02,-9.2994690E-02,1.9551926E+00
8.624602E-02,-7.8041077E-02,1.9360428E+00
8.624930E-02,-6.3087463E-02,1.9165115E+00
8.625258E-02,-4.7981262E-02,1.8962173E+00
8.625585E-02,-3.4553528E-02,1.8751602E+00
8.625913E-02,-1.8913269E-02,1.8536453E+00
8.626241E-02,-5.3329468E-03,1.8312149E+00
8.626568E-02,8.0184937E-03,1.8093185E+00
8.626896E-02,2.2895813E-02,1.7856674E+00
8.627224E-02,3.5560608E-02,1.7624741E+00
8.627551E-02,4.9064636E-02,1.7377548E+00
8.627879E-02,6.2416077E-02,1.7133408E+00
8.628207E-02,7.5157166E-02,1.6883926E+00
8.628534E-02,8.6143494E-02,1.6621475E+00
8.628862E-02,9.7892761E-02,1.6351395E+00
8.629190E-02,1.1055756E-01,1.6072922E+00
8.629517E-02,1.2230682E-01,1.5800552E+00
8.629845E-02,1.3291168E-01,1.5527420E+00
8.630173E-02,1.4458466E-01,1.5253525E+00
8.630500E-02,1.5442657E-01,1.4978104E+00
8.630828E-02,1.6434479E-01,1.4692764E+00
8.631156E-02,1.7281342E-01,1.4391403E+00
8.631484E-02,1.8280792E-01,1.4096146E+00
8.631811E-02,1.9089508E-01,1.3801651E+00
8.632139E-02,2.0027924E-01,1.3488846E+00
8.632467E-02,2.0867157E-01,1.3188248E+00
8.632794E-02,2.1576691E-01,1.2875443E+00
8.633122E-02,2.2255707E-01,1.2550430E+00
8.633450E-02,2.2835541E-01,1.2224655E+00
8.633777E-02,2.3484039E-01,1.1900406E+00
8.634105E-02,2.3995209E-01,1.1573868E+00
8.634433E-02,2.4666595E-01,1.1256485E+00
8.634760E-02,2.5101471E-01,1.0913925E+00
8.635088E-02,2.5688934E-01,1.0580521E+00
8.635416E-02,2.5971222E-01,1.0234146E+00
8.635743E-02,2.6421356E-01,9.9037933E-01
8.636071E-02,2.6772308E-01,9.5543671E-01
8.636399E-02,2.6947784E-01,9.2041779E-01
8.636726E-02,2.7321625E-01,8.8646698E-01
8.637054E-02,2.7558136E-01,8.5167694E-01
8.637382E-02,2.7756500E-01,8.1658173E-01
8.637709E-02,2.7924347E-01,7.8133392E-01
8.638037E-02,2.7947235E-01,7.4639130E-01
8.638365E-02,2.7947235E-01,7.1038055E-01
8.638692E-02,2.7893829E-01,6.7581940E-01
8.639020E-02,2.7954865E-01,6.4011383E-01
8.639348E-02,2.7870941E-01,6.0486603E-01
8.639676E-02,2.7710724E-01,5.7221222E-01
8.640003E-02,2.7680206E-01,5.3864288E-01
8.640331E-02,2.7573395E-01,5.0339508E-01
8.640659E-02,2.7397919E-01,4.6822357E-01
8.640986E-02,2.7169037E-01,4.3297577E-01
8.641314E-02,2.6909637E-01,3.9765167E-01
8.641642E-02,2.6627350E-01,3.6164093E-01
8.641969E-02,2.6284027E-01,3.2646942E-01
8.642297E-02,2.5963593E-01,2.9106903E-01
8.642625E-02,2.5543976E-01,2.5482941E-01
8.642952E-02,2.5223541E-01,2.1935272E-01
8.643280E-02,2.4788666E-01,1.8387604E-01
8.643608E-02,2.4315643E-01,1.4885712E-01
8.643935E-02,2.3819733E-01,1.1238861E-01
8.644263E-02,2.3377228E-01,7.7369690E-02
8.644591E-02,2.2850800E-01,4.2121887E-02
8.644918E-02,2.2293854E-01,8.1710815E-03
8.645246E-02,2.1767426E-01,-2.7000427E-02
8.645574E-02,2.1111298E-01,-6.2019348E-02
8.645901E-02,2.0508575E-01,-9.5664978E-02
8.646229E-02,1.9974518E-01,-1.2969208E-01
8.646557E-02,1.9310760E-01,-1.6318512E-01
8.646884E-02,1.8708038E-01,-1.9728851E-01
8.647212E-02,1.8166351E-01,-2.2986603E-01
8.647540E-02,1.7540741E-01,-2.6358795E-01
8.647868E-02,1.6869354E-01,-2.9624176E-01
8.648195E-02,1.6121674E-01,-3.2721710E-01
8.648523E-02,1.5496063E-01,-3.5956573E-01
8.648851E-02,1.4878082E-01,-3.9107513E-01
8.649178E-02,1.4214325E-01,-4.2212677E-01
8.649506E-02,1.3497162E-01,-4.5279694E-01
8.649834E-02,1.2917328E-01,-4.8369598E-01
8.650161E-02,1.2360382E-01,-5.1375580E-01
8.650489E-02,1.1559296E-01,-5.4282379E-01
8.650817E-02,1.0948944E-01,-5.7234955E-01
8.651144E-02,1.0300446E-01,-6.0187531E-01
8.651472E-02,9.6443176E-02,-6.2918854E-01
8.651800E-02,9.0644836E-02,-6.5779877E-01
8.652127E-02,8.4388733E-02,-6.8450165E-01
8.652455E-02,7.8132629E-02,-7.1067047E-01
8.652783E-02,7.2563171E-02,-7.3653412E-01
8.653110E-02,6.6001892E-02,-7.6163483E-01
8.653438E-02,6.1500549E-02,-7.8742218E-01
8.653766E-02,5.6541443E-02,-8.1237030E-01
8.654093E-02,5.0285339E-02,-8.3640289E-01
8.654421E-02,4.4868469E-02,-8.5936737E-01
8.654749E-02,3.9527893E-02,-8.8286591E-01
8.655076E-02,3.4263611E-02,-9.0590668E-01
8.655404E-02,3.0067444E-02,-9.2818451E-01
8.655732E-02,2.5108337E-02,-9.4969940E-01
8.656060E-02,2.0225525E-02,-9.6999359E-01
8.656387E-02,1.6258240E-02,-9.9082184E-01
8.656715E-02,1.0917664E-02,-1.0110397E+00
8.657043E-02,6.5689087E-03,-1.0288162E+00
8.657370E-02,3.6697388E-03,-1.0462875E+00
8.657698E-02,-7.5531006E-04,-1.0629959E+00
8.658026E-02,-3.5018921E-03,-1.0800095E+00
8.658353E-02,-6.6299438E-03,-1.0971756E+00
8.658681E-02,-9.6054077E-03,-1.1123581E+00
8.659009E-02,-1.2123108E-02,-1.1270828E+00
8.659336E-02,-1.5556335E-02,-1.1403580E+00
8.659664E-02,-1.7234802E-02,-1.1537094E+00
8.659992E-02,-2.0057678E-02,-1.1670609E+00
8.660319E-02,-2.3109436E-02,-1.1784286E+00
8.660647E-02,-2.4635315E-02,-1.1895676E+00
8.660975E-02,-2.6847839E-02,-1.2005539E+00
8.661302E-02,-2.8297424E-02,-1.2108536E+00
8.661630E-02,-2.9441833E-02,-1.2200089E+00
8.661958E-02,-3.1883240E-02,-1.2290115E+00
8.662285E-02,-3.2417297E-02,-1.2364120E+00
8.662613E-02,-3.4400940E-02,-1.2428970E+00
8.662941E-02,-3.5011292E-02,-1.2485428E+00
8.663268E-02,-3.6537170E-02,-1.2541122E+00
8.663596E-02,-3.7300110E-02,-1.2595291E+00
8.663924E-02,-3.8215637E-02,-1.2635727E+00
8.664252E-02,-3.8368225E-02,-1.2663956E+00
8.664579E-02,-3.9360046E-02,-1.2691422E+00
8.664907E-02,-3.9665222E-02,-1.2710495E+00
8.665235E-02,-4.0199280E-02,-1.2712021E+00
8.665562E-02,-4.0428162E-02,-1.2712021E+00
8.665890E-02,-4.1343689E-02,-1.2709732E+00
8.666218E-02,-4.1419983E-02,-1.2698288E+00
8.666545E-02,-4.1038513E-02,-1.2676163E+00
8.666873E-02,-4.1343689E-02,-1.2647934E+00
8.667201E-02,-4.1496277E-02,-1.2610550E+00
8.667528E-02,-4.2945862E-02,-1.2573929E+00
8.667856E-02,-4.2640686E-02,-1.2522049E+00
8.668184E-02,-4.3403625E-02,-1.2458725E+00
8.668511E-02,-4.3403625E-02,-1.2398453E+00
8.668839E-02,-4.3861389E-02,-1.2325211E+00
8.669167E-02,-4.3632507E-02,-1.2240524E+00
8.669494E-02,-4.4548035E-02,-1.2156601E+00
8.669822E-02,-4.4471741E-02,-1.2064285E+00
8.670150E-02,-4.4700623E-02,-1.1956711E+00
8.670477E-02,-4.6379089E-02,-1.1845322E+00
8.670805E-02,-4.6607971E-02,-1.1730118E+00
8.671133E-02,-4.6989441E-02,-1.1611099E+00
8.671460E-02,-4.7981262E-02,-1.1486740E+00
8.671788E-02,-4.9507141E-02,-1.1353226E+00
8.672116E-02,-5.0346375E-02,-1.1206741E+00
8.672444E-02,-5.1643372E-02,-1.1057968E+00
8.672771E-02,-5.3321838E-02,-1.0895462E+00
8.673099E-02,-5.4847717E-02,-1.0725327E+00
8.673427E-02,-5.6526184E-02,-1.0555191E+00
8.673754E-02,-5.8280945E-02,-1.0385818E+00
8.674082E-02,-6.1408997E-02,-1.0200424E+00
8.674410E-02,-6.4155579E-02,-1.0009689E+00
8.674737E-02,-6.6673279E-02,-9.8097992E-01
8.675065E-02,-6.8885803E-02,-9.5999908E-01
8.675393E-02,-7.0716858E-02,-9.3901825E-01
8.675720E-02,-7.4302673E-02,-9.1788483E-01
8.676048E-02,-7.6820374E-02,-8.9644623E-01
8.676376E-02,-8.0177307E-02,-8.7226105E-01
8.676703E-02,-8.3992004E-02,-8.4914398E-01
8.677031E-02,-8.7806702E-02,-8.2556915E-01
8.677359E-02,-9.2765808E-02,-8.0008698E-01
8.677686E-02,-9.5741272E-02,-7.7445221E-01
8.678014E-02,-1.0108185E-01,-7.4874115E-01
8.678342E-02,-1.0459137E-01,-7.2425079E-01
8.678669E-02,-1.1008453E-01,-6.9770050E-01
8.678997E-02,-1.1542511E-01,-6.7061615E-01
8.679325E-02,-1.2114716E-01,-6.4322662E-01
8.679652E-02,-1.2717438E-01,-6.1515045E-01
8.679980E-02,-1.3289642E-01,-5.8676910E-01
8.680308E-02,-1.3846588E-01,-5.5770111E-01
8.680636E-02,-1.4502716E-01,-5.2802277E-01
8.680963E-02,-1.5074921E-01,-4.9903107E-01
8.681291E-02,-1.5769196E-01,-4.6851349E-01
8.681619E-02,-1.6455841E-01,-4.3761444E-01
8.681946E-02,-1.7203522E-01,-4.0747833E-01
8.682274E-02,-1.8004608E-01,-3.7604523E-01
8.682602E-02,-1.8691254E-01,-3.4506989E-01
8.682929E-02,-1.9484711E-01,-3.1272125E-01
8.683257E-02,-2.0217133E-01,-2.8151703E-01
8.683585E-02,-2.1094513E-01,-2.4832916E-01
8.683912E-02,-2.2025299E-01,-2.1483612E-01
8.684240E-02,-2.2742462E-01,-1.8073273E-01
8.684568E-02,-2.3551178E-01,-1.4739227E-01
8.684895E-02,-2.4451447E-01,-1.1374664E-01
8.685223E-02,-2.5298309E-01,-7.9948425E-02
8.685551E-02,-2.6221466E-01,-4.5768738E-02
8.685878E-02,-2.7045441E-01,-1.0292053E-02
8.686206E-02,-2.7892303E-01,2.4116516E-02
8.686534E-02,-2.8815460E-01,5.9364319E-02
8.686861E-02,-2.9799652E-01,9.4001770E-02
8.687189E-02,-3.0631256E-01,1.3031769E-01
8.687517E-02,-3.1584930E-01,1.6556549E-01
8.687844E-02,-3.2408905E-01,2.0104218E-01
8.688172E-02,-3.3217621E-01,2.3636627E-01
8.688500E-02,-3.4133148E-01,2.7214813E-01
8.688828E-02,-3.5170746E-01,3.0892181E-01
8.689155E-02,-3.5933685E-01,3.4363556E-01
8.689483E-02,-3.6742401E-01,3.7895966E-01
8.689811E-02,-3.7604523E-01,4.1580963E-01
8.690138E-02,-3.8436127E-01,4.5128632E-01
8.690466E-02,-3.9267731E-01,4.8729706E-01
8.690794E-02,-3.9992523E-01,5.2231598E-01
8.691121E-02,-4.0854645E-01,5.5680084E-01
8.691449E-02,-4.1617584E-01,5.8998871E-01
8.691777E-02,-4.2342377E-01,6.2317657E-01
8.692104E-02,-4.3082428E-01,6.5903473E-01
8.692432E-02,-4.3891144E-01,6.9443512E-01
8.692760E-02,-4.4608307E-01,7.2983551E-01
8.693087E-02,-4.5386505E-01,7.6409149E-01
8.693415E-02,-4.6134186E-01,7.9933929E-01
8.693743E-02,-4.6866608E-01,8.3451080E-01
8.694070E-02,-4.7484589E-01,8.6975861E-01
8.694398E-02,-4.8155975E-01,9.0393829E-01
8.694726E-02,-4.8804474E-01,9.3766022E-01
8.695053E-02,-4.9338531E-01,9.7351837E-01
8.695381E-02,-4.9842072E-01,1.0082321E+00
8.695709E-02,-5.0406647E-01,1.0429459E+00
8.696036E-02,-5.0948334E-01,1.0765915E+00
8.696364E-02,-5.1284027E-01,1.1098557E+00
8.696692E-02,-5.1711273E-01,1.1429672E+00
8.697020E-02,-5.2085114E-01,1.1753922E+00
8.697347E-02,-5.2405548E-01,1.2078171E+00
8.697675E-02,-5.2733612E-01,1.2407761E+00
8.698003E-02,-5.3015900E-01,1.2728195E+00
8.698330E-02,-5.3313446E-01,1.3043289E+00
8.698658E-02,-5.3420258E-01,1.3351517E+00
8.698986E-02,-5.3633881E-01,1.3662796E+00
8.699313E-02,-5.3748322E-01,1.3965683E+00
8.699641E-02,-5.3694916E-01,1.4262466E+00
8.699969E-02,-5.3748322E-01,1.4563828E+00
8.700296E-02,-5.3839874E-01,1.4852219E+00
8.700624E-02,-5.3633881E-01,1.5129929E+00
8.700952E-02,-5.3504181E-01,1.5409927E+00
8.701279E-02,-5.3275299E-01,1.5690689E+00
8.701607E-02,-5.3069305E-01,1.5969162E+00
8.701935E-02,-5.2832794E-01,1.6246872E+00
8.702262E-02,-5.2458954E-01,1.6506271E+00
8.702590E-02,-5.2115631E-01,1.6772537E+00
8.702918E-02,-5.1764679E-01,1.7030411E+00
8.703245E-02,-5.1451874E-01,1.7274551E+00
8.703573E-02,-5.0795746E-01,1.7519455E+00
8.703901E-02,-5.0231171E-01,1.7750626E+00
8.704228E-02,-4.9742889E-01,1.7985611E+00
8.704556E-02,-4.9094391E-01,1.8210678E+00
8.704884E-02,-4.8392487E-01,1.8431931E+00
8.705212E-02,-4.7690582E-01,1.8650894E+00
8.705539E-02,-4.6904755E-01,1.8872147E+00
8.705867E-02,-4.6172333E-01,1.9081955E+00
8.706195E-02,-4.5279694E-01,1.9278030E+00
8.706522E-02,-4.4371796E-01,1.9456558E+00
8.706850E-02,-4.3509674E-01,1.9638138E+00
8.707178E-02,-4.2502594E-01,1.9827347E+00
8.707505E-02,-4.1419220E-01,2.0014267E+00
8.707833E-02,-4.0541840E-01,2.0182114E+00
8.708161E-02,-3.9473724E-01,2.0334702E+00
8.708488E-02,-3.8397980E-01,2.0495682E+00
8.708816E-02,-3.7337494E-01,2.0638351E+00
8.709144E-02,-3.6139679E-01,2.0774155E+00
8.709471E-02,-3.5041046E-01,2.0919113E+00
8.709799E-02,-3.3637238E-01,2.1045761E+00
8.710127E-02,-3.2462311E-01,2.1176224E+00
8.710454E-02,-3.1081390E-01,2.1282272E+00
8.710782E-02,-2.9753876E-01,2.1390610E+00
8.711110E-02,-2.8365326E-01,2.1482925E+00
8.711437E-02,-2.6984406E-01,2.1572952E+00
8.711765E-02,-2.5481415E-01,2.1664505E+00
8.712093E-02,-2.4192047E-01,2.1733170E+00
8.712420E-02,-2.2643280E-01,2.1814804E+00
8.712748E-02,-2.1140289E-01,2.1875076E+00
8.713076E-02,-1.9583893E-01,2.1935349E+00
8.713404E-02,-1.8035126E-01,2.1980362E+00
8.713731E-02,-1.6410065E-01,2.2019272E+00
8.714059E-02,-1.4868927E-01,2.2058182E+00
8.714387E-02,-1.3320160E-01,2.2090988E+00
8.714714E-02,-1.1595917E-01,2.2109299E+00
8.715042E-02,-1.0199738E-01,2.2130661E+00
8.715370E-02,-8.5212708E-02,2.2135239E+00
8.715697E-02,-6.9267273E-02,2.2137527E+00
8.716025E-02,-5.4008484E-02,2.2123795E+00
8.716353E-02,-3.7834167E-02,2.2096329E+00
8.716680E-02,-2.1965027E-02,2.2084122E+00
8.717008E-02,-6.7825317E-03,2.2046738E+00
8.717336E-02,9.3917847E-03,2.2008591E+00
8.717663E-02,2.4269104E-02,2.1959763E+00
8.717991E-02,4.0214539E-02,2.1908646E+00
8.718319E-02,5.6541443E-02,2.1852188E+00
8.718646E-02,7.2181702E-02,2.1784286E+00
8.718974E-02,8.7135315E-02,2.1708755E+00
8.719302E-02,1.0323334E-01,2.1627121E+00
8.719629E-02,1.1788177E-01,2.1539383E+00
8.719957E-02,1.3169098E-01,2.1450882E+00
8.720285E-02,1.4527130E-01,2.1341782E+00
8.720612E-02,1.5961456E-01,2.1235733E+00
8.720940E-02,1.7510223E-01,2.1128159E+00
8.721268E-02,1.8837738E-01,2.0996170E+00
8.721596E-02,2.0348358E-01,2.0867996E+00
8.721923E-02,2.1630096E-01,2.0729904E+00
8.722251E-02,2.2873688E-01,2.0588760E+00
8.722579E-02,2.4292755E-01,2.0440750E+00
8.722906E-02,2.5475311E-01,2.0279770E+00
8.723234E-02,2.6657867E-01,2.0124130E+00
8.723562E-02,2.7916718E-01,1.9952469E+00
8.723889E-02,2.9061127E-01,1.9770126E+00
8.724217E-02,3.0091095E-01,1.9587021E+00
8.724545E-02,3.1151581E-01,1.9403152E+00
8.724872E-02,3.2288361E-01,1.9208603E+00
8.725200E-02,3.3211517E-01,1.9003372E+00
8.725528E-02,3.4180450E-01,1.8794327E+00
8.725855E-02,3.5111237E-01,1.8573837E+00
8.726183E-02,3.6042023E-01,1.8360977E+00
8.726511E-02,3.6827850E-01,1.8128281E+00
8.726838E-02,3.7697601E-01,1.7891769E+00
8.727166E-02,3.8323212E-01,1.7663651E+00
8.727494E-02,3.8918304E-01,1.7418747E+00
8.727821E-02,3.9543915E-01,1.7162399E+00
8.728149E-02,4.0222931E-01,1.6927414E+00
8.728477E-02,4.0741730E-01,1.6664963E+00
8.728804E-02,4.1138458E-01,1.6397171E+00
8.729132E-02,4.1611481E-01,1.6129379E+00
8.729460E-02,4.1985321E-01,1.5845566E+00
8.729788E-02,4.2328644E-01,1.5567856E+00
8.730115E-02,4.2748260E-01,1.5296249E+00
8.730443E-02,4.3061066E-01,1.5013199E+00
8.730771E-02,4.3228912E-01,1.4727859E+00
8.731098E-02,4.3373871E-01,1.4435654E+00
8.731426E-02,4.3457794E-01,1.4140396E+00
8.731754E-02,4.3625641E-01,1.3841324E+00
8.732081E-02,4.3579865E-01,1.3530807E+00
8.732409E-02,4.3610382E-01,1.3232498E+00
8.732737E-02,4.3610382E-01,1.2925797E+00
8.733064E-02,4.3534088E-01,1.2601547E+00
8.733392E-02,4.3282318E-01,1.2275009E+00
8.733720E-02,4.3221283E-01,1.1953049E+00
8.734047E-02,4.2938995E-01,1.1627274E+00
8.734375E-02,4.2694855E-01,1.1304550E+00
8.734703E-02,4.2435455E-01,1.0965805E+00
8.735030E-02,4.2160797E-01,1.0630875E+00
8.735358E-02,4.1771698E-01,1.0290604E+00
8.735686E-02,4.1451263E-01,9.9488068E-01
8.736013E-02,4.0894318E-01,9.6085358E-01
8.736341E-02,4.0406036E-01,9.2583466E-01
8.736669E-02,3.9917755E-01,8.9081573E-01
8.736996E-02,3.9452362E-01,8.5701752E-01
8.737324E-02,3.8895416E-01,8.2100677E-01
8.737652E-02,3.8269806E-01,7.8629303E-01
8.737980E-02,3.7758636E-01,7.5112152E-01
8.738307E-02,3.7056732E-01,7.1549225E-01
8.738635E-02,3.6484528E-01,6.8016815E-01
8.738963E-02,3.5813141E-01,6.4553070E-01
8.739290E-02,3.5019684E-01,6.1066437E-01
8.739618E-02,3.4256744E-01,5.7862091E-01
8.739946E-02,3.3509064E-01,5.4398346E-01
8.740273E-02,3.2738495E-01,5.0934601E-01
8.740601E-02,3.1906891E-01,4.7364044E-01
8.740929E-02,3.1098175E-01,4.3915558E-01
8.741256E-02,3.0365753E-01,4.0283966E-01
8.741584E-02,2.9473114E-01,3.6682892E-01
8.741912E-02,2.8717804E-01,3.3158112E-01
8.742239E-02,2.7840424E-01,2.9618073E-01
8.742567E-02,2.6940155E-01,2.5994110E-01
8.742895E-02,2.6016998E-01,2.2385406E-01
8.743222E-02,2.5276947E-01,1.8860626E-01
8.743550E-02,2.4338531E-01,1.5213776E-01
8.743878E-02,2.3529816E-01,1.1734772E-01
8.744205E-02,2.2606659E-01,8.2023621E-02
8.744533E-02,2.1714020E-01,4.7004700E-02
8.744861E-02,2.0882416E-01,1.2367249E-02
8.745188E-02,1.9936371E-01,-2.2804260E-02
8.745516E-02,1.9013214E-01,-5.8433533E-02
8.745844E-02,1.8189240E-01,-9.1545105E-02
8.746172E-02,1.7266083E-01,-1.2587738E-01
8.746499E-02,1.6434479E-01,-1.5998077E-01
8.746827E-02,1.5572357E-01,-1.9271088E-01
8.747155E-02,1.4771271E-01,-2.2612762E-01
8.747482E-02,1.3939667E-01,-2.5878143E-01
8.747810E-02,1.3176727E-01,-2.9143524E-01
8.748138E-02,1.2360382E-01,-3.2271576E-01
8.748465E-02,1.1528778E-01,-3.5453033E-01
8.748793E-02,1.0750580E-01,-3.8741302E-01
8.749121E-02,1.0033417E-01,-4.1854095E-01
8.749448E-02,9.3238831E-02,-4.4829559E-01
8.749776E-02,8.4388733E-02,-4.7896576E-01
8.750104E-02,7.7369690E-02,-5.1001740E-01
8.750431E-02,7.0808411E-02,-5.3839874E-01
8.750759E-02,6.4399719E-02,-5.6815338E-01
8.751087E-02,5.8448792E-02,-5.9767914E-01
8.751414E-02,5.2192688E-02,-6.2545013E-01
8.751742E-02,4.5555115E-02,-6.5276337E-01
8.752070E-02,3.9909363E-02,-6.7992401E-01
8.752397E-02,3.3653259E-02,-7.0624542E-01
8.752725E-02,2.7091980E-02,-7.3317719E-01
8.753053E-02,2.2438049E-02,-7.5865936E-01
8.753380E-02,1.7478943E-02,-7.8414154E-01
8.753708E-02,1.2672424E-02,-8.0886078E-01
8.754036E-02,7.4081421E-03,-8.3350372E-01
8.754364E-02,2.8305054E-03,-8.5616302E-01
8.754691E-02,-8.3160400E-04,-8.8019562E-01
8.755019E-02,-5.5618286E-03,-9.0300751E-01
8.755347E-02,-9.1476440E-03,-9.2513275E-01
8.755674E-02,-1.2123108E-02,-9.4573212E-01
8.756002E-02,-1.5708923E-02,-9.6595001E-01
8.756330E-02,-1.8836975E-02,-9.8624420E-01
8.756657E-02,-2.1430969E-02,-1.0060043E+00
8.756985E-02,-2.3567200E-02,-1.0249252E+00
8.757313E-02,-2.7076721E-02,-1.0428543E+00
8.757640E-02,-2.9060364E-02,-1.0600967E+00
8.757968E-02,-3.2341003E-02,-1.0777969E+00
8.758296E-02,-3.4248352E-02,-1.0947342E+00
8.758623E-02,-3.5545349E-02,-1.1106796E+00
8.758951E-02,-3.7452698E-02,-1.1248703E+00
8.759279E-02,-3.8978577E-02,-1.1393661E+00
8.759606E-02,-3.9283752E-02,-1.1527939E+00
8.759934E-02,-4.1038513E-02,-1.1656113E+00
8.760262E-02,-4.1419983E-02,-1.1776657E+00
8.760589E-02,-4.3174744E-02,-1.1896439E+00
8.760917E-02,-4.4242859E-02,-1.1999435E+00
8.761245E-02,-4.5692444E-02,-1.2099380E+00
8.761572E-02,-4.6607971E-02,-1.2199326E+00
8.761900E-02,-4.6913147E-02,-1.2287064E+00
8.762228E-02,-4.7981262E-02,-1.2370224E+00
8.762556E-02,-4.7752380E-02,-1.2432785E+00
8.762883E-02,-4.8057556E-02,-1.2497635E+00
8.763211E-02,-4.8744202E-02,-1.2554855E+00
8.763539E-02,-4.9201965E-02,-1.2605209E+00
8.763866E-02,-4.8744202E-02,-1.2642593E+00
8.764194E-02,-4.9125671E-02,-1.2670822E+00
8.764522E-02,-5.0041199E-02,-1.2699814E+00
8.764849E-02,-4.9354553E-02,-1.2716599E+00
8.765177E-02,-4.9201965E-02,-1.2728043E+00
8.765505E-02,-4.9812317E-02,-1.2731857E+00
8.765832E-02,-4.9888611E-02,-1.2728806E+00
8.766160E-02,-5.0422668E-02,-1.2717361E+00
8.766488E-02,-5.1567078E-02,-1.2702103E+00
8.766815E-02,-5.1338196E-02,-1.2668533E+00
8.767143E-02,-5.2482605E-02,-1.2639542E+00
8.767471E-02,-5.2864075E-02,-1.2599106E+00
8.767798E-02,-5.3703308E-02,-1.2544937E+00
8.768126E-02,-5.4313660E-02,-1.2485428E+00
8.768454E-02,-5.4313660E-02,-1.2425156E+00
8.768781E-02,-5.5305481E-02,-1.2356491E+00
8.769109E-02,-5.7746887E-02,-1.2268753E+00
8.769437E-02,-5.8433533E-02,-1.2186356E+00
8.769764E-02,-5.9959412E-02,-1.2093277E+00
8.770092E-02,-6.1943054E-02,-1.1987991E+00
8.770420E-02,-6.3697815E-02,-1.1885757E+00
8.770748E-02,-6.4842224E-02,-1.1762161E+00
8.771075E-02,-6.6520691E-02,-1.1643906E+00
8.771403E-02,-6.8199158E-02,-1.1523361E+00
8.771731E-02,-7.1250916E-02,-1.1387558E+00
8.772058E-02,-7.3463440E-02,-1.1245651E+00
8.772386E-02,-7.5904846E-02,-1.1092300E+00
8.772714E-02,-7.8880310E-02,-1.0929794E+00
8.773041E-02,-8.2695007E-02,-1.0764999E+00
8.773369E-02,-8.4754944E-02,-1.0592575E+00
8.773697E-02,-8.8493347E-02,-1.0414810E+00
8.774024E-02,-9.2231750E-02,-1.0244675E+00
8.774352E-02,-9.5207214E-02,-1.0053177E+00
8.774680E-02,-9.9937439E-02,-9.8540497E-01
8.775007E-02,-1.0359955E-01,-9.6427155E-01
8.775335E-02,-1.0787201E-01,-9.4344330E-01
8.775663E-02,-1.1222076E-01,-9.2246246E-01
8.775990E-02,-1.1626434E-01,-9.0026093E-01
8.776318E-02,-1.2236786E-01,-8.7790680E-01
8.776646E-02,-1.2725067E-01,-8.5341644E-01
8.776973E-02,-1.3220978E-01,-8.2999420E-01
8.777301E-02,-1.3808441E-01,-8.0611420E-01
8.777629E-02,-1.4365387E-01,-7.8147125E-01
8.777956E-02,-1.5044403E-01,-7.5621796E-01
8.778284E-02,-1.5532684E-01,-7.3027802E-01
8.778612E-02,-1.6158295E-01,-7.0388031E-01
8.778940E-02,-1.6707611E-01,-6.7763519E-01
8.779267E-02,-1.7226410E-01,-6.4994049E-01
8.779595E-02,-1.7905426E-01,-6.2201691E-01
8.779923E-02,-1.8462372E-01,-5.9409332E-01
8.780250E-02,-1.9087982E-01,-5.6441498E-01
8.780578E-02,-1.9782257E-01,-5.3412628E-01
8.780906E-02,-2.0369720E-01,-5.0505829E-01
8.781233E-02,-2.1063995E-01,-4.7476959E-01
8.781561E-02,-2.1758270E-01,-4.4371796E-01
8.781889E-02,-2.2368622E-01,-4.1342926E-01
8.782216E-02,-2.3131561E-01,-3.8253021E-01
8.782544E-02,-2.3856354E-01,-3.5094452E-01
8.782872E-02,-2.4481964E-01,-3.1882477E-01
8.783199E-02,-2.5099945E-01,-2.8701019E-01
8.783527E-02,-2.5855255E-01,-2.5420380E-01
8.783855E-02,-2.6419830E-01,-2.2078705E-01
8.784182E-02,-2.7129364E-01,-1.8698883E-01
8.784510E-02,-2.7777863E-01,-1.5357208E-01
8.784838E-02,-2.8365326E-01,-1.2099457E-01
8.785165E-02,-2.9082489E-01,-8.6967468E-02
8.785493E-02,-2.9708099E-01,-5.2787781E-02
8.785821E-02,-3.0371857E-01,-1.7768860E-02
8.786148E-02,-3.0928802E-01,1.6639709E-02
8.786476E-02,-3.1577301E-01,5.2268982E-02
8.786804E-02,-3.2065582E-01,8.7059021E-02
8.787132E-02,-3.2584381E-01,1.2268829E-01
8.787459E-02,-3.3248138E-01,1.5808868E-01
8.787787E-02,-3.3683014E-01,1.9448090E-01
8.788115E-02,-3.4102631E-01,2.2988129E-01
8.788442E-02,-3.4667206E-01,2.6474762E-01
8.788770E-02,-3.5048676E-01,3.0190277E-01
8.789098E-02,-3.5445404E-01,3.3669281E-01
8.789425E-02,-3.6009979E-01,3.7163544E-01
8.789753E-02,-3.6284637E-01,4.0734100E-01
8.790081E-02,-3.6635590E-01,4.4396210E-01
8.790408E-02,-3.6925507E-01,4.7913361E-01
8.790736E-02,-3.7261200E-01,5.1377106E-01
8.791064E-02,-3.7528229E-01,5.4978180E-01
8.791391E-02,-3.7711334E-01,5.8281708E-01
8.791719E-02,-3.7902069E-01,6.1623383E-01
8.792047E-02,-3.8176727E-01,6.5216827E-01
8.792374E-02,-3.8191986E-01,6.8711090E-01
8.792702E-02,-3.8260651E-01,7.2197723E-01
8.793030E-02,-3.8336945E-01,7.5798798E-01
8.793357E-02,-3.8436127E-01,7.9209137E-01
8.793685E-02,-3.8459015E-01,8.2810211E-01
8.794013E-02,-3.8428497E-01,8.6342621E-01
8.794340E-02,-3.8344574E-01,8.9798737E-01
8.794668E-02,-3.8222504E-01,9.3231964E-01
8.794996E-02,-3.8039398E-01,9.6726227E-01
8.795324E-02,-3.7871552E-01,1.0018997E+00
8.795651E-02,-3.7596893E-01,1.0353928E+00
8.795979E-02,-3.7368011E-01,1.0697250E+00
8.796307E-02,-3.7055206E-01,1.1019211E+00
8.796634E-02,-3.6688995E-01,1.1357193E+00
8.796962E-02,-3.6383820E-01,1.1684494E+00
8.797290E-02,-3.5956573E-01,1.2009506E+00
8.797617E-02,-3.5399628E-01,1.2342148E+00
8.797945E-02,-3.4896088E-01,1.2659531E+00
8.798273E-02,-3.4316254E-01,1.2972336E+00
8.798600E-02,-3.3690643E-01,1.3282089E+00
8.798928E-02,-3.3011627E-01,1.3589554E+00
8.799256E-02,-3.2233429E-01,1.3900070E+00
8.799583E-02,-3.1523895E-01,1.4185410E+00
8.799911E-02,-3.0783844E-01,1.4492111E+00
8.800239E-02,-2.9952240E-01,1.4775162E+00
8.800566E-02,-2.9059601E-01,1.5056686E+00
8.800894E-02,-2.8136444E-01,1.5345840E+00
8.801222E-02,-2.7213287E-01,1.5617447E+00
8.801549E-02,-2.6259613E-01,1.5896683E+00
8.801877E-02,-2.5084686E-01,1.6175156E+00
8.802205E-02,-2.4031830E-01,1.6445999E+00
8.802532E-02,-2.3024750E-01,1.6701584E+00
8.802860E-02,-2.1895599E-01,1.6967850E+00
8.803188E-02,-2.0667267E-01,1.7214279E+00
8.803516E-02,-1.9461823E-01,1.7472153E+00
8.803843E-02,-1.8141937E-01,1.7705612E+00
8.804171E-02,-1.6913605E-01,1.7931442E+00
8.804499E-02,-1.5677643E-01,1.8165665E+00
8.804826E-02,-1.4334869E-01,1.8391495E+00
8.805154E-02,-1.3045502E-01,1.8608932E+00
8.805482E-02,-1.1664581E-01,1.8812637E+00
8.805809E-02,-1.0222626E-01,1.9043045E+00
8.806137E-02,-8.8035583E-02,1.9234543E+00
8.806465E-02,-7.3997498E-02,1.9428329E+00
8.806792E-02,-5.9196472E-02,1.9618301E+00
8.807120E-02,-4.5082092E-02,1.9805222E+00
8.807448E-02,-3.0357361E-02,1.9977646E+00
8.807775E-02,-1.5556335E-02,2.0143967E+00
8.808103E-02,-6.8664551E-05,2.0310287E+00
8.808431E-02,1.4427185E-02,2.0458298E+00
8.808758E-02,3.0296326E-02,2.0607071E+00
8.809086E-02,4.6470642E-02,2.0750504E+00
8.809414E-02,6.1805725E-02,2.0883255E+00
8.809741E-02,7.7140808E-02,2.1022110E+00
8.810069E-02,9.3086243E-02,2.1141891E+00
8.810397E-02,1.0895538E-01,2.1249466E+00
8.810724E-02,1.2589264E-01,2.1360855E+00
8.811052E-02,1.4076996E-01,2.1461563E+00
8.811380E-02,1.5633392E-01,2.1563797E+00
8.811708E-02,1.7205048E-01,2.1643906E+00
8.812035E-02,1.8784332E-01,2.1716385E+00
8.812363E-02,2.0340729E-01,2.1784286E+00
8.812691E-02,2.1797943E-01,2.1846085E+00
8.813018E-02,2.3278046E-01,2.1915512E+00
8.813346E-02,2.4727631E-01,2.1959763E+00
8.813674E-02,2.6276398E-01,2.2003250E+00
8.814001E-02,2.7695465E-01,2.2039108E+00
8.814329E-02,2.9076385E-01,2.2068100E+00
8.814657E-02,3.0564117E-01,2.2098618E+00
8.814984E-02,3.1990814E-01,2.2102432E+00
8.815312E-02,3.3379364E-01,2.2111588E+00
8.815640E-02,3.4775543E-01,2.2116165E+00
8.815967E-02,3.6156464E-01,2.2101669E+00
8.816295E-02,3.7400055E-01,2.2084885E+00
8.816623E-02,3.8521576E-01,2.2061234E+00
8.816950E-02,3.9772797E-01,2.2039871E+00
8.817278E-02,4.1031647E-01,2.2003250E+00
8.817606E-02,4.2153168E-01,2.1959763E+00
8.817933E-02,4.3328094E-01,2.1911697E+00
8.818261E-02,4.4297028E-01,2.1853714E+00
8.818589E-02,4.5441437E-01,2.1787338E+00
8.818916E-02,4.6417999E-01,2.1723251E+00
8.819244E-02,4.7371674E-01,2.1642380E+00
8.819572E-02,4.8332977E-01,2.1550064E+00
8.819900E-02,4.9240875E-01,2.1454697E+00
8.820227E-02,5.0011444E-01,2.1360092E+00
8.820555E-02,5.0804901E-01,2.1252518E+00
8.820883E-02,5.1537323E-01,2.1138077E+00
8.821210E-02,5.2246857E-01,2.1009903E+00
8.821538E-02,5.2971649E-01,2.0871048E+00
8.821866E-02,5.3498077E-01,2.0738297E+00
8.822193E-02,5.4001617E-01,2.0606308E+00
8.822521E-02,5.4520416E-01,2.0456772E+00
8.822849E-02,5.4924774E-01,2.0300369E+00
8.823176E-02,5.5496979E-01,2.0137863E+00
8.823504E-02,5.5939484E-01,1.9962387E+00
8.823832E-02,5.6175995E-01,1.9783859E+00
8.824159E-02,5.6381989E-01,1.9601517E+00
8.824487E-02,5.6656647E-01,1.9426041E+00
8.824815E-02,5.6877899E-01,1.9233780E+00
8.825142E-02,5.6969452E-01,1.9027786E+00
8.825470E-02,5.6946564E-01,1.8826370E+00
8.825798E-02,5.6984711E-01,1.8610458E+00
8.826125E-02,5.6946564E-01,1.8390732E+00
8.826453E-02,5.6870270E-01,1.8160324E+00
8.826781E-02,5.6809235E-01,1.7935257E+00
8.827108E-02,5.6725311E-01,1.7704849E+00
8.827436E-02,5.6435394E-01,1.7462997E+00
8.827764E-02,5.6237030E-01,1.7203598E+00
8.828092E-02,5.5863190E-01,1.6959457E+00
8.828419E-02,5.5580902E-01,1.6699295E+00
8.828747E-02,5.5199432E-01,1.6434555E+00
8.829075E-02,5.4764557E-01,1.6167526E+00
8.829402E-02,5.4291534E-01,1.5892868E+00
8.829730E-02,5.3795624E-01,1.5620499E+00
8.830058E-02,5.3223419E-01,1.5341263E+00
8.830385E-02,5.2605438E-01,1.5058975E+00
8.830713E-02,5.1995087E-01,1.4778976E+00
8.831041E-02,5.1407623E-01,1.4482956E+00
8.831368E-02,5.0751495E-01,1.4189224E+00
8.831696E-02,5.0003815E-01,1.3891678E+00
8.832024E-02,4.9217987E-01,1.3587265E+00
8.832351E-02,4.8424530E-01,1.3277512E+00
8.832679E-02,4.7623444E-01,1.2963943E+00
8.833007E-02,4.6791840E-01,1.2656479E+00
8.833334E-02,4.5891571E-01,1.2327652E+00
8.833662E-02,4.5052338E-01,1.2005692E+00
8.833990E-02,4.4091034E-01,1.1679916E+00
8.834317E-02,4.3030548E-01,1.1361771E+00
8.834645E-02,4.2153168E-01,1.1016922E+00
8.834973E-02,4.1107941E-01,1.0688095E+00
8.835300E-02,4.0055084E-01,1.0347824E+00
8.835628E-02,3.9070892E-01,1.0006027E+00
8.835956E-02,3.8086700E-01,9.6634674E-01
8.836284E-02,3.7064362E-01,9.3132782E-01
8.836611E-02,3.6019135E-01,8.9722443E-01
8.836939E-02,3.4821320E-01,8.6251068E-01
8.837267E-02,3.3783722E-01,8.2672882E-01
8.837594E-02,3.2639313E-01,7.9216766E-01
8.837922E-02,3.1548309E-01,7.5745392E-01
8.838250E-02,3.0358124E-01,7.2136688E-01
8.838577E-02,2.9412079E-01,6.8619537E-01
8.838905E-02,2.8137970E-01,6.5079498E-01
8.839233E-02,2.7024078E-01,6.1615753E-01
8.839560E-02,2.6047516E-01,5.8335114E-01
8.839888E-02,2.4880219E-01,5.4947662E-01
8.840216E-02,2.3903656E-01,5.1506805E-01
8.840543E-02,2.2805023E-01,4.7928619E-01
8.840871E-02,2.1691132E-01,4.4449615E-01
8.841199E-02,2.0584869E-01,4.0840912E-01
8.841526E-02,1.9539642E-01,3.7194061E-01
8.841854E-02,1.8456268E-01,3.3623505E-01
8.842182E-02,1.7441559E-01,3.0045319E-01
8.842509E-02,1.6426849E-01,2.6596832E-01
8.842837E-02,1.5351105E-01,2.2896576E-01
8.843165E-02,1.4374542E-01,1.9394684E-01
8.843492E-02,1.3489532E-01,1.5824127E-01
8.843820E-02,1.2360382E-01,1.2200165E-01
8.844148E-02,1.1490631E-01,8.6601257E-02
8.844476E-02,1.0582733E-01,5.2574158E-02
8.844803E-02,9.7129822E-02,1.7555237E-02
8.845131E-02,8.8432312E-02,-1.7539978E-02
8.845459E-02,7.9582214E-02,-5.2101135E-02
8.845786E-02,7.1571350E-02,-8.5517883E-02
8.846114E-02,6.4094543E-02,-1.1916351E-01
8.846442E-02,5.5320740E-02,-1.5265656E-01
8.846769E-02,4.8072815E-02,-1.8691254E-01
8.847097E-02,3.9604187E-02,-2.2055817E-01
8.847425E-02,3.2966614E-02,-2.5489044E-01
8.847752E-02,2.5032043E-02,-2.8739166E-01
8.848080E-02,1.9462585E-02,-3.1890106E-01
8.848408E-02,1.3053894E-02,-3.4995270E-01
8.848735E-02,6.7977905E-03,-3.8237762E-01
8.849063E-02,6.1798096E-04,-4.1320038E-01
8.849391E-02,-5.1040649E-03,-4.4356537E-01
8.849718E-02,-9.7579956E-03,-4.7377777E-01
8.850046E-02,-1.4030457E-02,-5.0414276E-01
8.850374E-02,-1.8455505E-02,-5.3351593E-01
8.850701E-02,-2.3948669E-02,-5.6281281E-01
8.851029E-02,-2.6771545E-02,-5.9203339E-01
8.851357E-02,-3.1120300E-02,-6.2010956E-01
8.851684E-02,-3.5087585E-02,-6.4864349E-01
8.852012E-02,-3.8749695E-02,-6.7557526E-01
8.852340E-02,-4.2106628E-02,-7.0235443E-01
8.852668E-02,-4.5539856E-02,-7.3012543E-01
8.852995E-02,-4.7676086E-02,-7.5492096E-01
8.853323E-02,-4.9812317E-02,-7.8017426E-01
8.853651E-02,-5.3627014E-02,-8.0619049E-01
8.853978E-02,-5.5000305E-02,-8.3052826E-01
8.854306E-02,-5.7212830E-02,-8.5379791E-01
8.854634E-02,-5.8357239E-02,-8.7722015E-01
8.854961E-02,-5.9806824E-02,-9.0041351E-01
8.855289E-02,-6.1256409E-02,-9.2230988E-01
8.855617E-02,-6.1180115E-02,-9.4435883E-01
8.855944E-02,-6.2553406E-02,-9.6427155E-01
8.856272E-02,-6.3163757E-02,-9.8479462E-01
8.856600E-02,-6.4689636E-02,-1.0045547E+00
8.856927E-02,-6.5376282E-02,-1.0233231E+00
8.857255E-02,-6.5757751E-02,-1.0408707E+00
8.857583E-02,-6.5605164E-02,-1.0581131E+00
8.857910E-02,-6.5910339E-02,-1.0761948E+00
8.858238E-02,-6.6062927E-02,-1.0930557E+00
8.858566E-02,-6.5834045E-02,-1.1091537E+00
8.858893E-02,-6.5223694E-02,-1.1241074E+00
8.859221E-02,-6.4689636E-02,-1.1376114E+00
8.859549E-02,-6.3621521E-02,-1.1515732E+00
8.859876E-02,-6.4155579E-02,-1.1640091E+00
8.860204E-02,-6.4155579E-02,-1.1765976E+00
8.860532E-02,-6.2553406E-02,-1.1881943E+00
8.860860E-02,-6.2400818E-02,-1.1988754E+00
8.861187E-02,-6.2095642E-02,-1.2095566E+00
8.861515E-02,-6.2477112E-02,-1.2182541E+00
8.861843E-02,-6.1256409E-02,-1.2277908E+00
8.862170E-02,-6.1485291E-02,-1.2358017E+00
8.862498E-02,-5.9577942E-02,-1.2431259E+00
8.862826E-02,-5.9196472E-02,-1.2486954E+00
8.863153E-02,-5.9730530E-02,-1.2547989E+00
8.863481E-02,-5.9196472E-02,-1.2601395E+00
8.863809E-02,-5.8815002E-02,-1.2640305E+00
8.864136E-02,-5.8128357E-02,-1.2680740E+00
8.864464E-02,-5.9349060E-02,-1.2699051E+00
8.864792E-02,-5.7899475E-02,-1.2718887E+00
8.865119E-02,-5.9120178E-02,-1.2736435E+00
8.865447E-02,-5.8280945E-02,-1.2737961E+00
8.865775E-02,-5.8586121E-02,-1.2736435E+00
8.866102E-02,-5.7899475E-02,-1.2724991E+00
8.866430E-02,-5.8815002E-02,-1.2705154E+00
8.866758E-02,-5.9120178E-02,-1.2677689E+00
8.867085E-02,-5.9959412E-02,-1.2641068E+00
8.867413E-02,-6.1256409E-02,-1.2596817E+00
8.867741E-02,-6.1485291E-02,-1.2554855E+00
8.868068E-02,-6.2705994E-02,-1.2502975E+00
8.868396E-02,-6.3087463E-02,-1.2429733E+00
8.868724E-02,-6.5681458E-02,-1.2358780E+00
8.869052E-02,-6.6825867E-02,-1.2289352E+00
8.869379E-02,-6.8351746E-02,-1.2202377E+00
8.869707E-02,-7.0640564E-02,-1.2099380E+00
8.870035E-02,-7.2395325E-02,-1.2002487E+00
8.870362E-02,-7.4684143E-02,-1.1897964E+00
8.870690E-02,-7.7812195E-02,-1.1782761E+00
8.871018E-02,-7.9032898E-02,-1.1664505E+00
8.871345E-02,-8.1169128E-02,-1.1540909E+00
8.871673E-02,-8.4602356E-02,-1.1411209E+00
8.872001E-02,-8.6433411E-02,-1.1264725E+00
8.872328E-02,-9.0095520E-02,-1.1122818E+00
8.872656E-02,-9.3299866E-02,-1.0959549E+00
8.872984E-02,-9.7267151E-02,-1.0791702E+00
8.873311E-02,-1.0054779E-01,-1.0624619E+00
8.873639E-02,-1.0443878E-01,-1.0462112E+00
8.873967E-02,-1.0695648E-01,-1.0282822E+00
8.874294E-02,-1.1130524E-01,-1.0094376E+00
8.874622E-02,-1.1649323E-01,-9.8967743E-01
8.874950E-02,-1.1916351E-01,-9.6938324E-01
8.875277E-02,-1.2366486E-01,-9.4802094E-01
8.875605E-02,-1.2625885E-01,-9.2726898E-01
8.875933E-02,-1.3106537E-01,-9.0567780E-01
8.876260E-02,-1.3533783E-01,-8.8202667E-01
8.876588E-02,-1.3953400E-01,-8.5883331E-01
8.876916E-02,-1.4373016E-01,-8.3510590E-01
8.877244E-02,-1.4785004E-01,-8.1069183E-01
8.877571E-02,-1.5288544E-01,-7.8582001E-01
8.877899E-02,-1.5708160E-01,-7.6033783E-01
8.878227E-02,-1.6112518E-01,-7.3455048E-01
8.878554E-02,-1.6486359E-01,-7.0868683E-01
8.878882E-02,-1.7089081E-01,-6.8175507E-01
8.879210E-02,-1.7523956E-01,-6.5436554E-01
8.879537E-02,-1.7852020E-01,-6.2697601E-01
8.879865E-02,-1.8408966E-01,-5.9889984E-01
8.880193E-02,-1.8897247E-01,-5.6975555E-01
8.880520E-02,-1.9217682E-01,-5.4076385E-01
8.880848E-02,-1.9637299E-01,-5.1161957E-01
8.881176E-02,-1.9972992E-01,-4.8102570E-01
8.881503E-02,-2.0438385E-01,-4.5073700E-01
8.881831E-02,-2.0858002E-01,-4.1976166E-01
8.882159E-02,-2.1224213E-01,-3.8871002E-01
8.882486E-02,-2.1498871E-01,-3.5659027E-01
8.882814E-02,-2.1880341E-01,-3.2485199E-01
8.883142E-02,-2.2246552E-01,-2.9364777E-01
8.883469E-02,-2.2521210E-01,-2.6122284E-01
8.883797E-02,-2.2795868E-01,-2.2750092E-01
8.884125E-02,-2.2910309E-01,-1.9400787E-01
8.884452E-02,-2.3230743E-01,-1.6051483E-01
8.884780E-02,-2.3337555E-01,-1.2656403E-01
8.885108E-02,-2.3604584E-01,-9.2842102E-02
8.885436E-02,-2.3863983E-01,-5.9349060E-02
8.885763E-02,-2.4085236E-01,-2.4482727E-02
8.886091E-02,-2.4131012E-01,1.0002136E-02
8.886419E-02,-2.4069977E-01,4.5097351E-02
8.886746E-02,-2.4161530E-01,8.0574036E-02
8.887074E-02,-2.4245453E-01,1.1620331E-01
8.887402E-02,-2.4192047E-01,1.5175629E-01
8.887729E-02,-2.4108124E-01,1.8654633E-01
8.888057E-02,-2.3978424E-01,2.2171783E-01
8.888385E-02,-2.3955536E-01,2.5772858E-01
8.888712E-02,-2.3719025E-01,2.9442596E-01
8.889040E-02,-2.3604584E-01,3.2982635E-01
8.889368E-02,-2.3413849E-01,3.6492157E-01
8.889695E-02,-2.3246002E-01,4.0009308E-01
8.890023E-02,-2.2849274E-01,4.3633270E-01
8.890351E-02,-2.2582245E-01,4.7257233E-01
8.890678E-02,-2.2032928E-01,5.0759125E-01
8.891006E-02,-2.1758270E-01,5.4207611E-01
8.891334E-02,-2.1376801E-01,5.7686615E-01
8.891661E-02,-2.0865631E-01,6.0967255E-01
8.891989E-02,-2.0346832E-01,6.4476776E-01
8.892317E-02,-1.9744110E-01,6.7971039E-01
8.892644E-02,-1.9263458E-01,7.1480560E-01
8.892972E-02,-1.8737030E-01,7.5104523E-01
8.893300E-02,-1.7874908E-01,7.8598785E-01
8.893628E-02,-1.7218781E-01,8.2047272E-01
8.893955E-02,-1.6493988E-01,8.5655975E-01
8.894283E-02,-1.5799713E-01,8.9134979E-01
8.894611E-02,-1.4884186E-01,9.2545319E-01
8.894938E-02,-1.4052582E-01,9.6009064E-01
8.895266E-02,-1.3182831E-01,9.9526215E-01
8.895594E-02,-1.2259674E-01,1.0292892E+00
8.895921E-02,-1.1229706E-01,1.0633163E+00
8.896249E-02,-1.0268402E-01,1.0964279E+00
8.896577E-02,-9.2765808E-02,1.1303787E+00
8.896904E-02,-8.3000183E-02,1.1625748E+00
8.897232E-02,-7.1784973E-02,1.1959915E+00
8.897560E-02,-6.0035706E-02,1.2282639E+00
8.897887E-02,-4.9125671E-02,1.2602310E+00
8.898215E-02,-3.7910461E-02,1.2928085E+00
8.898543E-02,-2.6847839E-02,1.3242416E+00
8.898870E-02,-1.4335632E-02,1.3537674E+00
8.899198E-02,-2.3574829E-03,1.3841324E+00
8.899526E-02,1.1680603E-02,1.4138107E+00
8.899853E-02,2.4497986E-02,1.4440231E+00
8.900181E-02,3.6094666E-02,1.4733200E+00
8.900509E-02,4.9827576E-02,1.5013962E+00
8.900836E-02,6.3255310E-02,1.5297775E+00
8.901164E-02,7.6454163E-02,1.5577011E+00
8.901492E-02,9.0950012E-02,1.5847855E+00
8.901820E-02,1.0536957E-01,1.6127853E+00
8.902147E-02,1.2032318E-01,1.6400223E+00
8.902475E-02,1.3489532E-01,1.6658859E+00
8.902803E-02,1.4824677E-01,1.6919785E+00
8.903130E-02,1.6297150E-01,1.7171555E+00
8.903458E-02,1.7853546E-01,1.7420273E+00
8.903786E-02,1.9318390E-01,1.7662888E+00
8.904113E-02,2.0806122E-01,1.7892532E+00
8.904441E-02,2.2293854E-01,1.8121414E+00
8.904769E-02,2.3773956E-01,1.8348007E+00
8.905096E-02,2.5246429E-01,1.8570786E+00
8.905424E-02,2.6665497E-01,1.8784409E+00
8.905752E-02,2.8229523E-01,1.8996506E+00
8.906079E-02,2.9564667E-01,1.9202499E+00
8.906407E-02,3.1082916E-01,1.9391708E+00
8.906735E-02,3.2532501E-01,1.9580917E+00
8.907062E-02,3.3951569E-01,1.9773941E+00
8.907390E-02,3.5424042E-01,1.9950180E+00
8.907718E-02,3.6804962E-01,2.0121841E+00
8.908045E-02,3.8201141E-01,2.0287399E+00
8.908373E-02,3.9414215E-01,2.0437698E+00
8.908701E-02,4.0802765E-01,2.0580368E+00
8.909028E-02,4.2130280E-01,2.0728378E+00
8.909356E-02,4.3404388E-01,2.0855789E+00
8.909684E-02,4.4655609E-01,2.0994644E+00
8.910012E-02,4.5876312E-01,2.1120529E+00
8.910339E-02,4.7035980E-01,2.1237259E+00
8.910667E-02,4.8348236E-01,2.1341782E+00
8.910995E-02,4.9500275E-01,2.1442490E+00
8.911322E-02,5.0659943E-01,2.1534805E+00
8.911650E-02,5.1689911E-01,2.1623306E+00
8.911978E-02,5.2704620E-01,2.1701126E+00
8.912305E-02,5.3635406E-01,2.1779709E+00
8.912633E-02,5.4642487E-01,2.1852951E+00
8.912961E-02,5.5573273E-01,2.1907120E+00
8.913288E-02,5.6572723E-01,2.1950607E+00
8.913616E-02,5.7389069E-01,2.2009354E+00
8.913944E-02,5.8159637E-01,2.2033768E+00
8.914271E-02,5.9021759E-01,2.2078018E+00
8.914599E-02,5.9685516E-01,2.2096329E+00
8.914927E-02,6.0356903E-01,2.2119980E+00
8.915254E-02,6.1104584E-01,2.2129135E+00
8.915582E-02,6.1775970E-01,2.2126846E+00
8.915910E-02,6.2195587E-01,2.2123795E+00
8.916237E-02,6.2760162E-01,2.2107773E+00
8.916565E-02,6.3111115E-01,2.2081070E+00
8.916893E-02,6.3446808E-01,2.2052841E+00
8.917220E-02,6.3874054E-01,2.2020035E+00
8.917548E-02,6.4095306E-01,2.1981125E+00
8.917876E-02,6.4263153E-01,2.1923141E+00
8.918204E-02,6.4446259E-01,2.1869736E+00
8.918531E-02,6.4598846E-01,2.1808701E+00
8.918859E-02,6.4751434E-01,2.1736984E+00
8.919187E-02,6.4804840E-01,2.1665268E+00
8.919514E-02,6.4881134E-01,2.1585922E+00
8.919842E-02,6.4736176E-01,2.1484451E+00
8.920170E-02,6.4644623E-01,2.1390610E+00
8.920497E-02,6.4514923E-01,2.1278458E+00
8.920825E-02,6.4423370E-01,2.1166306E+00
8.921153E-02,6.4133453E-01,2.1041946E+00
8.921480E-02,6.3843536E-01,2.0909958E+00
8.921808E-02,6.3500214E-01,2.0777206E+00
8.922136E-02,6.3103485E-01,2.0634537E+00
8.922463E-02,6.2676239E-01,2.0491104E+00
8.922791E-02,6.2165070E-01,2.0330124E+00
8.923119E-02,6.1585236E-01,2.0172195E+00
8.923446E-02,6.1028290E-01,1.9999771E+00
8.923774E-02,6.0379791E-01,1.9822006E+00
8.924102E-02,5.9647369E-01,1.9631271E+00
8.924429E-02,5.8991241E-01,1.9461899E+00
8.924757E-02,5.8220673E-01,1.9265823E+00
8.925085E-02,5.7572174E-01,1.9070511E+00
8.925412E-02,5.6740570E-01,1.8857651E+00
8.925740E-02,5.5878448E-01,1.8637924E+00
8.926068E-02,5.5069733E-01,1.8426590E+00
8.926396E-02,5.4062653E-01,1.8203812E+00
8.926723E-02,5.3101349E-01,1.7975693E+00
8.927051E-02,5.2079010E-01,1.7739944E+00
8.927379E-02,5.1010895E-01,1.7495804E+00
8.927706E-02,4.9973297E-01,1.7251663E+00
8.928034E-02,4.8874664E-01,1.6998367E+00
8.928362E-02,4.7791290E-01,1.6746597E+00
8.928689E-02,4.6700287E-01,1.6484909E+00
8.929017E-02,4.5464325E-01,1.6214828E+00
8.929345E-02,4.4274139E-01,1.5940933E+00
8.929672E-02,4.3160248E-01,1.5661697E+00
8.930000E-02,4.1909027E-01,1.5377884E+00
8.930328E-02,4.0703583E-01,1.5102463E+00
8.930655E-02,3.9444733E-01,1.4820175E+00
8.930983E-02,3.8262177E-01,1.4529495E+00
8.931311E-02,3.7018585E-01,1.4226608E+00
8.931638E-02,3.5790253E-01,1.3933640E+00
8.931966E-02,3.4493256E-01,1.3639145E+00
8.932294E-02,3.3165741E-01,1.3330917E+00
8.932621E-02,3.1845856E-01,1.3025742E+00
8.932949E-02,3.0419159E-01,1.2709122E+00
8.933277E-02,2.9221344E-01,1.2383347E+00
8.933604E-02,2.7863312E-01,1.2053757E+00
8.933932E-02,2.6467133E-01,1.1734848E+00
8.934260E-02,2.5284576E-01,1.1406021E+00
8.934588E-02,2.4033356E-01,1.1065750E+00
8.934915E-02,2.2682953E-01,1.0732346E+00
8.935243E-02,2.1446991E-01,1.0392075E+00
8.935571E-02,2.0081329E-01,1.0062485E+00
8.935898E-02,1.8830109E-01,9.7176361E-01
8.936226E-02,1.7456818E-01,9.3628693E-01
8.936554E-02,1.6220856E-01,9.0218353E-01
8.936881E-02,1.5076447E-01,8.6808014E-01
8.937209E-02,1.3954926E-01,8.3245087E-01
8.937537E-02,1.2886810E-01,7.9750824E-01
8.937864E-02,1.1513519E-01,7.6294708E-01
8.938192E-02,1.0376740E-01,7.2747040E-01
8.938520E-02,9.2781067E-02,6.9237518E-01
8.938847E-02,8.2710266E-02,6.5758514E-01
8.939175E-02,7.2792053E-02,6.2195587E-01
8.939503E-02,6.1729431E-02,5.8953094E-01
8.939830E-02,5.0819397E-02,5.5641937E-01
8.940158E-02,4.1053772E-02,5.2079010E-01
8.940486E-02,3.0754089E-02,4.8668671E-01
8.940813E-02,2.1217346E-02,4.5136261E-01
8.941141E-02,1.1909485E-02,4.1519928E-01
8.941469E-02,3.7460327E-03,3.7934113E-01
8.941796E-02,-4.6463013E-03,3.4256744E-01
8.942124E-02,-1.2580872E-02,3.0716705E-01
8.942452E-02,-2.1278381E-02,2.7184296E-01
8.942780E-02,-2.8373718E-02,2.3552704E-01
8.943107E-02,-3.5926819E-02,1.9997406E-01
8.943435E-02,-4.3479919E-02,1.6442108E-01
8.943763E-02,-4.9125671E-02,1.2886810E-01
8.944090E-02,-5.5915833E-02,9.3772888E-02
8.944418E-02,-6.2095642E-02,5.8830261E-02
8.944746E-02,-6.8428040E-02,2.4116516E-02
8.945073E-02,-7.3692322E-02,-1.0902405E-02
8.945401E-02,-7.8956604E-02,-4.5616150E-02
8.945729E-02,-8.3763123E-02,-7.9795837E-02
8.946056E-02,-8.9561462E-02,-1.1435699E-01
8.946384E-02,-9.3910217E-02,-1.4830780E-01
8.946712E-02,-9.7724915E-02,-1.8164825E-01
8.947039E-02,-1.0123444E-01,-2.1544647E-01
8.947367E-02,-1.0497284E-01,-2.4871063E-01
8.947695E-02,-1.0749054E-01,-2.8166962E-01
8.948022E-02,-1.0985565E-01,-3.1409454E-01
8.948350E-02,-1.1328888E-01,-3.4445953E-01
8.948678E-02,-1.1573029E-01,-3.7688446E-01
8.949005E-02,-1.1664581E-01,-4.0801239E-01
8.949333E-02,-1.1786652E-01,-4.3883514E-01
8.949661E-02,-1.1923981E-01,-4.6904755E-01
8.949988E-02,-1.2038422E-01,-4.9925995E-01
8.950316E-02,-1.2183380E-01,-5.2924347E-01
8.950644E-02,-1.2236786E-01,-5.5884552E-01
8.950972E-02,-1.2320709E-01,-5.8753204E-01
8.951299E-02,-1.2290192E-01,-6.1606598E-01
8.951627E-02,-1.2282562E-01,-6.4299774E-01
8.951955E-02,-1.2313080E-01,-6.7198944E-01
8.952282E-02,-1.2221527E-01,-6.9770050E-01
8.952610E-02,-1.2221527E-01,-7.2516632E-01
8.952938E-02,-1.2038422E-01,-7.5057220E-01
8.953265E-02,-1.2053680E-01,-7.7635956E-01
8.953593E-02,-1.1878204E-01,-8.0123138E-01
8.953921E-02,-1.1824799E-01,-8.2686615E-01
8.954248E-02,-1.1649323E-01,-8.5013580E-01
8.954576E-02,-1.1565399E-01,-8.7279510E-01
8.954904E-02,-1.1382294E-01,-8.9743805E-01
8.955231E-02,-1.1130524E-01,-9.1834259E-01
8.955559E-02,-1.0894012E-01,-9.3978119E-01
8.955887E-02,-1.0642242E-01,-9.6038055E-01
8.956214E-02,-1.0474396E-01,-9.7930145E-01
8.956542E-02,-1.0260773E-01,-9.9929047E-01
8.956870E-02,-1.0077667E-01,-1.0197372E+00
8.957197E-02,-9.8411560E-02,-1.0375900E+00
8.957525E-02,-9.6504211E-02,-1.0554428E+00
8.957853E-02,-9.4444275E-02,-1.0721512E+00
8.958180E-02,-9.2613220E-02,-1.0897751E+00
8.958508E-02,-9.0629578E-02,-1.1061020E+00
8.958836E-02,-8.8111877E-02,-1.1211319E+00
8.959164E-02,-8.6967468E-02,-1.1356277E+00
8.959491E-02,-8.4831238E-02,-1.1501236E+00
8.959819E-02,-8.2542419E-02,-1.1626358E+00
8.960147E-02,-8.0711365E-02,-1.1746140E+00
8.960474E-02,-7.7735901E-02,-1.1867447E+00
8.960802E-02,-7.7583313E-02,-1.1976547E+00
8.961130E-02,-7.5752258E-02,-1.2081833E+00
8.961457E-02,-7.3539734E-02,-1.2181015E+00
8.961785E-02,-7.1784973E-02,-1.2267990E+00
8.962113E-02,-7.0716858E-02,-1.2354202E+00
8.962440E-02,-6.9648743E-02,-1.2419052E+00
8.962768E-02,-6.8122864E-02,-1.2486954E+00
8.963096E-02,-6.8046570E-02,-1.2540359E+00
8.963423E-02,-6.6139221E-02,-1.2596054E+00
8.963751E-02,-6.5147400E-02,-1.2637253E+00
8.964079E-02,-6.4079285E-02,-1.2676926E+00
8.964406E-02,-6.3774109E-02,-1.2705154E+00
8.964734E-02,-6.3697815E-02,-1.2725754E+00
8.965062E-02,-6.2858582E-02,-1.2744064E+00
8.965389E-02,-6.3621521E-02,-1.2741776E+00
8.965717E-02,-6.1943054E-02,-1.2744827E+00
8.966045E-02,-6.2477112E-02,-1.2736435E+00
8.966372E-02,-6.3240051E-02,-1.2712021E+00
8.966700E-02,-6.3392639E-02,-1.2694473E+00
8.967028E-02,-6.3240051E-02,-1.2657852E+00
8.967356E-02,-6.5071106E-02,-1.2617416E+00
8.967683E-02,-6.6139221E-02,-1.2576981E+00
8.968011E-02,-6.6368103E-02,-1.2519760E+00
8.968339E-02,-6.7054749E-02,-1.2461777E+00
8.968666E-02,-6.9267273E-02,-1.2397690E+00
8.968994E-02,-7.0640564E-02,-1.2318344E+00
8.969322E-02,-7.2013855E-02,-1.2237473E+00
8.969649E-02,-7.3616028E-02,-1.2145920E+00
8.969977E-02,-7.4913025E-02,-1.2042923E+00
8.970305E-02,-7.6210022E-02,-1.1938400E+00
8.970632E-02,-7.8269958E-02,-1.1818619E+00
8.970960E-02,-8.0406189E-02,-1.1705704E+00
8.971288E-02,-8.2237244E-02,-1.1584396E+00
8.971615E-02,-8.3686829E-02,-1.1447830E+00
8.971943E-02,-8.5136414E-02,-1.1313553E+00
8.972271E-02,-8.8340759E-02,-1.1169357E+00
8.972598E-02,-9.0553284E-02,-1.1013718E+00
8.972926E-02,-9.2079163E-02,-1.0839005E+00
8.973254E-02,-9.5588684E-02,-1.0669632E+00
8.973581E-02,-9.8258972E-02,-1.0492630E+00
8.973909E-02,-1.0085297E-01,-1.0321732E+00
8.974237E-02,-1.0161591E-01,-1.0136337E+00
8.974564E-02,-1.0573578E-01,-9.9456024E-01
8.974892E-02,-1.0764313E-01,-9.7396088E-01
8.975220E-02,-1.1023712E-01,-9.5366669E-01
8.975548E-02,-1.1138153E-01,-9.3161774E-01
8.975875E-02,-1.1306000E-01,-9.1033173E-01
8.976203E-02,-1.1481476E-01,-8.8782501E-01
8.976531E-02,-1.1748505E-01,-8.6447906E-01
8.976858E-02,-1.1954498E-01,-8.4090424E-01
8.977186E-02,-1.2137604E-01,-8.1671906E-01
8.977514E-02,-1.2335968E-01,-7.9146576E-01
8.977841E-02,-1.2496185E-01,-7.6636505E-01
8.978169E-02,-1.2541962E-01,-7.4065399E-01
8.978497E-02,-1.2740326E-01,-7.1440887E-01
8.978824E-02,-1.2847137E-01,-6.8740082E-01
8.979152E-02,-1.2976837E-01,-6.5985870E-01
8.979480E-02,-1.3083649E-01,-6.3231659E-01
8.979807E-02,-1.3159943E-01,-6.0439301E-01
8.980135E-02,-1.3129425E-01,-5.7570648E-01
8.980463E-02,-1.3114166E-01,-5.4618073E-01
8.980790E-02,-1.3152313E-01,-5.1665497E-01
8.981118E-02,-1.3220978E-01,-4.8667145E-01
8.981446E-02,-1.3068390E-01,-4.5653534E-01
8.981773E-02,-1.3106537E-01,-4.2556000E-01
8.982101E-02,-1.2999725E-01,-3.9519501E-01
8.982429E-02,-1.2908173E-01,-3.6261749E-01
8.982756E-02,-1.2862396E-01,-3.3103180E-01
8.983084E-02,-1.2717438E-01,-2.9990387E-01
8.983412E-02,-1.2442780E-01,-2.6740265E-01
8.983740E-02,-1.2274933E-01,-2.3421478E-01
8.984067E-02,-1.2038422E-01,-1.9988251E-01
8.984395E-02,-1.1748505E-01,-1.6669464E-01
8.984723E-02,-1.1420441E-01,-1.3320160E-01
8.985050E-02,-1.1061859E-01,-9.8945618E-02
8.985378E-02,-1.0733795E-01,-6.4689636E-02
8.985706E-02,-1.0314178E-01,-3.0586243E-02
8.986033E-02,-9.8411560E-02,4.8904419E-03
8.986361E-02,-9.4062805E-02,3.8841248E-02
8.986689E-02,-8.8645935E-02,7.4699402E-02
8.987016E-02,-8.3000183E-02,1.0979462E-01
8.987344E-02,-7.8269958E-02,1.4611053E-01
8.987672E-02,-7.2471619E-02,1.8097687E-01
8.987999E-02,-6.5757751E-02,2.1714020E-01
8.988327E-02,-5.8738708E-02,2.5131989E-01
8.988655E-02,-5.2101135E-02,2.8816986E-01
8.988982E-02,-4.4471741E-02,3.2341766E-01
8.989310E-02,-3.6994934E-02,3.5858917E-01
8.989638E-02,-3.0052185E-02,3.9475250E-01
8.989965E-02,-2.1888733E-02,4.3038177E-01
8.990293E-02,-1.3191223E-02,4.6623993E-01
8.990621E-02,-4.9514771E-03,5.0148773E-01
8.990948E-02,3.8223267E-03,5.3566742E-01
8.991276E-02,1.3435364E-02,5.7022858E-01
8.991604E-02,2.4116516E-02,6.0280609E-01
8.991932E-02,3.3653259E-02,6.3729095E-01
8.992259E-02,4.3418884E-02,6.7284393E-01
8.992587E-02,5.4862976E-02,7.0816803E-01
8.992915E-02,6.5696716E-02,7.4402618E-01
8.993242E-02,7.5233459E-02,7.7965546E-01
8.993570E-02,8.8127136E-02,8.1436920E-01
8.993898E-02,9.9800110E-02,8.4877777E-01
8.994225E-02,1.1071014E-01,8.8509369E-01
8.994553E-02,1.2329865E-01,9.1881561E-01
8.994881E-02,1.3512421E-01,9.5383453E-01
8.995208E-02,1.4763641E-01,9.8816681E-01
8.995536E-02,1.5953827E-01,1.0224228E+00
8.995864E-02,1.7159271E-01,1.0575943E+00
8.996191E-02,1.8410492E-01,1.0901718E+00
8.996519E-02,1.9684601E-01,1.1241226E+00
8.996847E-02,2.1042633E-01,1.1565475E+00
8.997174E-02,2.2332001E-01,1.1888199E+00
8.997502E-02,2.3621368E-01,1.2204819E+00
8.997830E-02,2.5009918E-01,1.2535934E+00
8.998157E-02,2.6253510E-01,1.2857132E+00
8.998485E-02,2.7634430E-01,1.3163071E+00
8.998813E-02,2.8916168E-01,1.3475113E+00
8.999140E-02,3.0205536E-01,1.3784866E+00
8.999468E-02,3.1609344E-01,1.4081650E+00
8.999796E-02,3.2921600E-01,1.4383011E+00
9.000124E-02,3.4111786E-01,1.4674454E+00
9.000451E-02,3.5492706E-01,1.4961319E+00
9.000779E-02,3.6774445E-01,1.5242844E+00
9.001107E-02,3.7964630E-01,1.5526657E+00
9.001434E-02,3.9307404E-01,1.5810471E+00
9.001762E-02,4.0528107E-01,1.6086655E+00
9.002090E-02,4.1817474E-01,1.6359787E+00
9.002417E-02,4.2984772E-01,1.6611557E+00
9.002745E-02,4.4190216E-01,1.6874771E+00
9.003073E-02,4.5456696E-01,1.7121201E+00
9.003400E-02,4.6616364E-01,1.7366104E+00
9.003728E-02,4.7768402E-01,1.7611771E+00
9.004056E-02,4.8897552E-01,1.7846756E+00
9.004383E-02,4.9996185E-01,1.8082504E+00
9.004711E-02,5.1010895E-01,1.8313675E+00
9.005039E-02,5.2010345E-01,1.8538742E+00
9.005366E-02,5.3078461E-01,1.8741684E+00
9.005694E-02,5.4016876E-01,1.8949966E+00
9.006022E-02,5.4993439E-01,1.9154434E+00
9.006349E-02,5.5817413E-01,1.9346695E+00
9.006677E-02,5.6732941E-01,1.9542770E+00
9.007005E-02,5.7587433E-01,1.9728165E+00
9.007332E-02,5.8289337E-01,1.9911270E+00
9.007660E-02,5.9075165E-01,2.0079117E+00
9.007988E-02,5.9830475E-01,2.0240097E+00
9.008316E-02,6.0395050E-01,2.0401077E+00
9.008643E-02,6.1074066E-01,2.0549850E+00
9.008971E-02,6.1768341E-01,2.0689468E+00
9.009299E-02,6.2355804E-01,2.0822983E+00
9.009626E-02,6.2866974E-01,2.0959549E+00
9.009954E-02,6.3278961E-01,2.1086197E+00
9.010282E-02,6.3675690E-01,2.1209793E+00
9.010609E-02,6.4034271E-01,2.1318893E+00
9.010937E-02,6.4240265E-01,2.1412735E+00
9.011265E-02,6.4476776E-01,2.1517258E+00
9.011592E-02,6.4667511E-01,2.1598892E+00
9.011920E-02,6.4858246E-01,2.1687393E+00
9.012248E-02,6.4942169E-01,2.1754532E+00
9.012575E-02,6.5064240E-01,2.1823959E+00
9.012903E-02,6.5071869E-01,2.1882706E+00
9.013231E-02,6.5041351E-01,2.1943741E+00
9.013558E-02,6.4995575E-01,2.1982651E+00
9.013886E-02,6.4926910E-01,2.2023087E+00
9.014214E-02,6.4698029E-01,2.2052841E+00
9.014541E-02,6.4553070E-01,2.2078018E+00
9.014869E-02,6.4263153E-01,2.2095566E+00
9.015197E-02,6.3950348E-01,2.2101669E+00
9.015524E-02,6.3538361E-01,2.2099380E+00
9.015852E-02,6.3164520E-01,2.2097855E+00
9.016180E-02,6.2729645E-01,2.2081070E+00
9.016508E-02,6.2203217E-01,2.2065811E+00
9.016835E-02,6.1463165E-01,2.2048264E+00
9.017163E-02,6.0829926E-01,2.2015457E+00
9.017491E-02,6.0158539E-01,2.1971207E+00
9.017818E-02,5.9433746E-01,2.1917038E+00
9.018146E-02,5.8823395E-01,2.1868210E+00
9.018474E-02,5.7999420E-01,2.1807175E+00
9.018801E-02,5.7114410E-01,2.1742325E+00
9.019129E-02,5.6282806E-01,2.1665268E+00
9.019457E-02,5.5321503E-01,2.1576767E+00
9.019784E-02,5.4390717E-01,2.1486740E+00
9.020112E-02,5.3253937E-01,2.1389084E+00
9.020440E-02,5.2307892E-01,2.1289139E+00
9.020767E-02,5.1255035E-01,2.1173172E+00
9.021095E-02,5.0133514E-01,2.1046524E+00
9.021423E-02,4.9088287E-01,2.0907669E+00
9.021750E-02,4.7837067E-01,2.0777206E+00
9.022078E-02,4.6669769E-01,2.0645218E+00
9.022406E-02,4.5403290E-01,2.0489578E+00
9.022733E-02,4.4129181E-01,2.0343857E+00
9.023061E-02,4.2839813E-01,2.0192795E+00
9.023389E-02,4.1558075E-01,2.0023422E+00
9.023716E-02,4.0161896E-01,1.9841080E+00
9.024044E-02,3.8887787E-01,1.9653397E+00
9.024372E-02,3.7575531E-01,1.9471054E+00
9.024700E-02,3.6125946E-01,1.9286423E+00
9.025027E-02,3.4737396E-01,1.9086533E+00
9.025355E-02,3.3318329E-01,1.8881302E+00
9.025683E-02,3.1853485E-01,1.8669968E+00
9.026010E-02,3.0373383E-01,1.8446426E+00
9.026338E-02,2.8893280E-01,1.8232040E+00
9.026666E-02,2.7596283E-01,1.8006210E+00
9.026993E-02,2.6131439E-01,1.7777328E+00
9.027321E-02,2.4643707E-01,1.7540817E+00
9.027649E-02,2.3186493E-01,1.7288284E+00
9.027976E-02,2.1767426E-01,1.7037277E+00
9.028304E-02,2.0287323E-01,1.6790085E+00
9.028632E-02,1.8807220E-01,1.6525345E+00
9.028959E-02,1.7296600E-01,1.6270523E+00
9.029287E-02,1.5778351E-01,1.5985947E+00
9.029615E-02,1.4344025E-01,1.5709000E+00
9.029942E-02,1.2947845E-01,1.5435104E+00
9.030270E-02,1.1528778E-01,1.5148239E+00
9.030598E-02,1.0079193E-01,1.4873581E+00
9.030925E-02,8.8584900E-02,1.4585953E+00
9.031253E-02,7.4470520E-02,1.4284592E+00
9.031581E-02,6.1729431E-02,1.3981705E+00
9.031908E-02,4.8454285E-02,1.3691788E+00
9.032236E-02,3.4645081E-02,1.3388901E+00
9.032564E-02,2.2361755E-02,1.3079910E+00
9.032892E-02,9.1629028E-03,1.2767105E+00
9.033219E-02,-3.3493042E-03,1.2455063E+00
9.033547E-02,-1.4793396E-02,1.2126999E+00
9.033875E-02,-2.6542664E-02,1.1792831E+00
9.034202E-02,-3.8063049E-02,1.1464767E+00
9.034530E-02,-4.8439026E-02,1.1142807E+00
9.034858E-02,-5.9806824E-02,1.0800247E+00
9.035185E-02,-7.0945740E-02,1.0466843E+00
9.035513E-02,-8.0940247E-02,1.0131149E+00
9.035841E-02,-9.1011047E-02,9.7855377E-01
9.036168E-02,-1.0047150E-01,9.4445038E-01
9.036496E-02,-1.0916901E-01,9.0927887E-01
9.036824E-02,-1.1840057E-01,8.7502289E-01
9.037151E-02,-1.2770844E-01,8.3954620E-01
9.037479E-02,-1.3632965E-01,8.0422211E-01
9.037807E-02,-1.4373016E-01,7.6973724E-01
9.038134E-02,-1.5158844E-01,7.3487091E-01
9.038462E-02,-1.5837860E-01,6.9924164E-01
9.038790E-02,-1.6509247E-01,6.6407013E-01
9.039117E-02,-1.7317963E-01,6.2874603E-01
9.039445E-02,-1.7882538E-01,5.9410858E-01
9.039773E-02,-1.8439484E-01,5.6191254E-01
9.040100E-02,-1.8981171E-01,5.2605438E-01
9.040428E-02,-1.9515228E-01,4.9088287E-01
9.040756E-02,-1.9988251E-01,4.5510101E-01
9.041084E-02,-2.0407867E-01,4.2046356E-01
9.041411E-02,-2.0827484E-01,3.8452911E-01
9.041739E-02,-2.1117401E-01,3.4851837E-01
9.042067E-02,-2.1437836E-01,3.1342316E-01
9.042394E-02,-2.1743011E-01,2.7771759E-01
9.042722E-02,-2.1994781E-01,2.4155426E-01
9.043050E-02,-2.2246552E-01,2.0653534E-01
9.043377E-02,-2.2437286E-01,1.7128754E-01
9.043705E-02,-2.2597504E-01,1.3535309E-01
9.044033E-02,-2.2605133E-01,9.9647522E-02
9.044360E-02,-2.2811127E-01,6.4323425E-02
9.044688E-02,-2.2719574E-01,2.9075623E-02
9.045016E-02,-2.2788239E-01,-4.9514771E-03
9.045343E-02,-2.2811127E-01,-4.0580750E-02
9.045671E-02,-2.2757721E-01,-7.3997498E-02
9.045999E-02,-2.2620392E-01,-1.0771942E-01
9.046326E-02,-2.2620392E-01,-1.4189911E-01
9.046654E-02,-2.2429657E-01,-1.7501068E-01
9.046982E-02,-2.2315216E-01,-2.0911407E-01
9.047309E-02,-2.2109222E-01,-2.4283600E-01
9.047637E-02,-2.1849823E-01,-2.7548981E-01
9.047965E-02,-2.1697235E-01,-3.0760956E-01
9.048292E-02,-2.1468353E-01,-3.3950043E-01
9.048620E-02,-2.1262360E-01,-3.7154388E-01
9.048948E-02,-2.0957184E-01,-4.0312958E-01
9.049276E-02,-2.0598602E-01,-4.3341827E-01
9.049603E-02,-2.0301056E-01,-4.6355438E-01
9.049931E-02,-1.9980621E-01,-4.9437714E-01
9.050259E-02,-1.9759369E-01,-5.2443695E-01
9.050586E-02,-1.9286346E-01,-5.5327606E-01
9.050914E-02,-1.8897247E-01,-5.8242035E-01
9.051242E-02,-1.8584442E-01,-6.1110687E-01
9.051569E-02,-1.8096161E-01,-6.3834381E-01
9.051897E-02,-1.7783356E-01,-6.6626740E-01
9.052225E-02,-1.7295074E-01,-6.9281769E-01
9.052552E-02,-1.6905975E-01,-7.1974945E-01
9.052880E-02,-1.6432953E-01,-7.4523163E-01
9.053208E-02,-1.6059113E-01,-7.7010345E-01
9.053535E-02,-1.5784454E-01,-7.9596710E-01
9.053863E-02,-1.5357208E-01,-8.2083893E-01
9.054191E-02,-1.4922333E-01,-8.4456635E-01
9.054518E-02,-1.4426422E-01,-8.6837006E-01
9.054846E-02,-1.3945770E-01,-8.9186859E-01
9.055174E-02,-1.3671112E-01,-9.1468048E-01
9.055501E-02,-1.3152313E-01,-9.3535614E-01
9.055829E-02,-1.2801361E-01,-9.5633698E-01
9.056157E-02,-1.2374115E-01,-9.7708893E-01
9.056484E-02,-1.2137604E-01,-9.9738312E-01
9.056812E-02,-1.1702728E-01,-1.0176010E+00
9.057140E-02,-1.1328888E-01,-1.0353012E+00
9.057468E-02,-1.0939789E-01,-1.0531540E+00
9.057795E-02,-1.0558319E-01,-1.0703201E+00
9.058123E-02,-1.0245514E-01,-1.0875626E+00
9.058451E-02,-9.8640442E-02,-1.1042709E+00
9.058778E-02,-9.5588684E-02,-1.1189957E+00
9.059106E-02,-9.2765808E-02,-1.1337967E+00
9.059434E-02,-8.9179993E-02,-1.1466141E+00
9.059761E-02,-8.6585999E-02,-1.1589737E+00
9.060089E-02,-8.3305359E-02,-1.1718674E+00
9.060417E-02,-8.1626892E-02,-1.1839981E+00
9.060744E-02,-7.8727722E-02,-1.1945267E+00
9.061072E-02,-7.6591492E-02,-1.2055130E+00
9.061400E-02,-7.4378967E-02,-1.2150497E+00
9.061727E-02,-7.2242737E-02,-1.2237473E+00
9.062055E-02,-7.0716858E-02,-1.2315292E+00
9.062383E-02,-6.9190979E-02,-1.2390060E+00
9.062710E-02,-6.7512512E-02,-1.2463303E+00
9.063038E-02,-6.6444397E-02,-1.2510605E+00
9.063366E-02,-6.4689636E-02,-1.2568588E+00
9.063693E-02,-6.4231873E-02,-1.2611313E+00
9.064021E-02,-6.3087463E-02,-1.2650223E+00
9.064349E-02,-6.3163757E-02,-1.2682266E+00
9.064676E-02,-6.1943054E-02,-1.2709732E+00
9.065004E-02,-6.1866760E-02,-1.2725754E+00
