in s,C1 in V,C2 in V
-1.008395E-03,-5.1161414E+00,-3.6411835E-01
-1.005118E-03,-5.1094275E+00,-3.4855438E-01
-1.001842E-03,-5.1054602E+00,-3.3306671E-01
-9.985648E-04,-5.1030188E+00,-3.1704498E-01
-9.952880E-04,-5.1103430E+00,-3.0048920E-01
-9.920112E-04,-5.1118689E+00,-2.8431488E-01
-9.887344E-04,-5.1121741E+00,-2.6791168E-01
-9.854576E-04,-5.1112585E+00,-2.5143219E-01
-9.821808E-04,-5.1051550E+00,-2.3541046E-01
-9.789040E-04,-5.1100378E+00,-2.1938873E-01
-9.756272E-04,-5.1060706E+00,-2.0252777E-01
-9.723504E-04,-5.1079016E+00,-1.8597198E-01
-9.690736E-04,-5.1072913E+00,-1.6880585E-01
-9.657968E-04,-5.1109534E+00,-1.5217377E-01
-9.625200E-04,-5.1127844E+00,-1.3508392E-01
-9.592432E-04,-5.1167517E+00,-1.1845184E-01
-9.559664E-04,-5.1231604E+00,-1.0159088E-01
-9.526896E-04,-5.1237708E+00,-8.4195862E-02
-9.494128E-04,-5.1249915E+00,-6.6953430E-02
-9.461360E-04,-5.1225500E+00,-4.9710999E-02
-9.428592E-04,-5.1225500E+00,-3.2926331E-02
-9.395824E-04,-5.1289587E+00,-1.5683899E-02
-9.363056E-04,-5.1234656E+00,1.2533569E-03
-9.330288E-04,-5.1234656E+00,1.8724670E-02
-9.297520E-04,-5.1194983E+00,3.7035217E-02
-9.264752E-04,-5.1188879E+00,5.3896179E-02
-9.231984E-04,-5.1191931E+00,7.1443787E-02
-9.199216E-04,-5.1146155E+00,8.8686218E-02
-9.166448E-04,-5.1167517E+00,1.0600494E-01
-9.133680E-04,-5.1204138E+00,1.2355255E-01
-9.100912E-04,-5.1170569E+00,1.3995575E-01
-9.068144E-04,-5.1207190E+00,1.5681671E-01
-9.035376E-04,-5.1179724E+00,1.7405914E-01
-9.002608E-04,-5.1179724E+00,1.9046234E-01
-8.969840E-04,-5.1170569E+00,2.0755219E-01
-8.937072E-04,-5.1088171E+00,2.2441315E-01
-8.904304E-04,-5.1069861E+00,2.4173187E-01
-8.871536E-04,-5.1030188E+00,2.5790619E-01
-8.838768E-04,-5.1014929E+00,2.7491974E-01
-8.806000E-04,-5.1021033E+00,2.9109406E-01
-8.773232E-04,-5.0981360E+00,3.0787872E-01
-8.740464E-04,-5.1011877E+00,3.2397675E-01
-8.707696E-04,-5.0975256E+00,3.4083771E-01
-8.674928E-04,-5.1036292E+00,3.5640167E-01
-8.642160E-04,-5.1011877E+00,3.7280487E-01
-8.609392E-04,-5.1072913E+00,3.8791107E-01
-8.576624E-04,-5.1036292E+00,4.0370392E-01
-8.543856E-04,-5.1130896E+00,4.1827606E-01
-8.511088E-04,-5.1191931E+00,4.3483185E-01
-8.478320E-04,-5.1149207E+00,4.4948029E-01
-8.445552E-04,-5.1216345E+00,4.6458649E-01
-8.412784E-04,-5.1246863E+00,4.7885345E-01
-8.380016E-04,-5.1240759E+00,4.9319672E-01
-8.347248E-04,-5.1246863E+00,5.0761627E-01
-8.314480E-04,-5.1237708E+00,5.2279877E-01
-8.281712E-04,-5.1256018E+00,5.3653168E-01
-8.248944E-04,-5.1225500E+00,5.5095123E-01
-8.216176E-04,-5.1222449E+00,5.6369232E-01
-8.183408E-04,-5.1259070E+00,5.7795929E-01
-8.150640E-04,-5.1259070E+00,5.9001373E-01
-8.117872E-04,-5.1256018E+00,6.0275482E-01
-8.085104E-04,-5.1310950E+00,6.1541962E-01
-8.052336E-04,-5.1271277E+00,6.2739777E-01
-8.019568E-04,-5.1286536E+00,6.3914703E-01
-7.986800E-04,-5.1286536E+00,6.5127777E-01
-7.954032E-04,-5.1286536E+00,6.6241669E-01
-7.921264E-04,-5.1219397E+00,6.7462372E-01
-7.888496E-04,-5.1201086E+00,6.8492340E-01
-7.855728E-04,-5.1161414E+00,6.9598602E-01
-7.822960E-04,-5.1164465E+00,7.0659088E-01
-7.790192E-04,-5.1127844E+00,7.1742462E-01
-7.757424E-04,-5.1112585E+00,7.2673248E-01
-7.724656E-04,-5.1082068E+00,7.3748993E-01
-7.691888E-04,-5.1039343E+00,7.4542450E-01
-7.659120E-04,-5.1002722E+00,7.5526642E-01
-7.626352E-04,-5.1021033E+00,7.6266693E-01
-7.593584E-04,-5.1048499E+00,7.7197479E-01
-7.560816E-04,-5.1085120E+00,7.7937531E-01
-7.528048E-04,-5.1100378E+00,7.8845428E-01
-7.495280E-04,-5.1042395E+00,7.9501556E-01
-7.462512E-04,-5.1014929E+00,8.0233978E-01
-7.429744E-04,-5.1051550E+00,8.0867218E-01
-7.396976E-04,-5.1094275E+00,8.1561493E-01
-7.364208E-04,-5.1149207E+00,8.2080292E-01
-7.331440E-04,-5.1188879E+00,8.2774567E-01
-7.298672E-04,-5.1158362E+00,8.3194183E-01
-7.265904E-04,-5.1155310E+00,8.3812164E-01
-7.233136E-04,-5.1149207E+00,8.4239410E-01
-7.200368E-04,-5.1033240E+00,8.4796356E-01
-7.167600E-04,-5.1066809E+00,8.4994720E-01
-7.134832E-04,-5.1021033E+00,8.5437225E-01
-7.102064E-04,-5.1045447E+00,8.5727142E-01
-7.069296E-04,-5.1069861E+00,8.6207794E-01
-7.036528E-04,-5.1024084E+00,8.6329865E-01
-7.003760E-04,-5.0990515E+00,8.6657928E-01
-6.970992E-04,-5.0969153E+00,8.6734222E-01
-6.938224E-04,-5.0898962E+00,8.7077545E-01
-6.905456E-04,-5.0978308E+00,8.7031769E-01
-6.872688E-04,-5.0941687E+00,8.7275909E-01
-6.839920E-04,-5.0990515E+00,8.7153839E-01
-6.807152E-04,-5.0993567E+00,8.7329315E-01
-6.774384E-04,-5.0944739E+00,8.7138580E-01
-6.741616E-04,-5.0932532E+00,8.7184357E-01
-6.708848E-04,-5.0932532E+00,8.7047028E-01
-6.676080E-04,-5.0923376E+00,8.6978363E-01
-6.643312E-04,-5.0902014E+00,8.6772369E-01
-6.610544E-04,-5.0944739E+00,8.6650299E-01
-6.577776E-04,-5.0959998E+00,8.6306976E-01
-6.545008E-04,-5.0981360E+00,8.6108612E-01
-6.512240E-04,-5.0963049E+00,8.5719513E-01
-6.479472E-04,-5.0959998E+00,8.5498260E-01
-6.446704E-04,-5.0984412E+00,8.5017609E-01
-6.413936E-04,-5.1002722E+00,8.4712433E-01
-6.381168E-04,-5.1048499E+00,8.4155487E-01
-6.348400E-04,-5.1103430E+00,8.3735870E-01
-6.315632E-04,-5.1033240E+00,8.3163666E-01
-6.282864E-04,-5.1072913E+00,8.2675385E-01
-6.250096E-04,-5.1051550E+00,8.1981110E-01
-6.217328E-04,-5.1085120E+00,8.1492828E-01
-6.184560E-04,-5.1106482E+00,8.0760406E-01
-6.151792E-04,-5.1115637E+00,8.0089020E-01
-6.119024E-04,-5.1179724E+00,7.9348969E-01
-6.086256E-04,-5.1173621E+00,7.8677582E-01
-6.053488E-04,-5.1179724E+00,7.7853607E-01
-6.020720E-04,-5.1176672E+00,7.7037262E-01
-5.987952E-04,-5.1210242E+00,7.6213287E-01
-5.955184E-04,-5.1237708E+00,7.5404572E-01
-5.922416E-04,-5.1292639E+00,7.4405121E-01
-5.889648E-04,-5.1329260E+00,7.3474335E-01
-5.856880E-04,-5.1378088E+00,7.2429108E-01
-5.824112E-04,-5.1429968E+00,7.1536469E-01
-5.791344E-04,-5.1439124E+00,7.0498871E-01
-5.758576E-04,-5.1350623E+00,6.9468903E-01
-5.725808E-04,-5.1356726E+00,6.8347382E-01
-5.693040E-04,-5.1283484E+00,6.7302155E-01
-5.660272E-04,-5.1182776E+00,6.6134857E-01
-5.627504E-04,-5.1133948E+00,6.5082001E-01
-5.594736E-04,-5.1118689E+00,6.3914703E-01
-5.561968E-04,-5.1033240E+00,6.2694000E-01
-5.529200E-04,-5.1045447E+00,6.1427521E-01
-5.496432E-04,-5.0966101E+00,6.0222076E-01
-5.463664E-04,-5.0889807E+00,5.8978485E-01
-5.430896E-04,-5.0908118E+00,5.7719635E-01
-5.398128E-04,-5.0917273E+00,5.6292938E-01
-5.365360E-04,-5.0889807E+00,5.4965424E-01
-5.332592E-04,-5.0929480E+00,5.3584503E-01
-5.299824E-04,-5.0917273E+00,5.2241730E-01
-5.267056E-04,-5.0956946E+00,5.0837921E-01
-5.234288E-04,-5.0947791E+00,4.9373077E-01
-5.201520E-04,-5.0978308E+00,4.7847198E-01
-5.168752E-04,-5.0996619E+00,4.6336578E-01
-5.135984E-04,-5.1042395E+00,4.4795441E-01
-5.103216E-04,-5.1106482E+00,4.3338226E-01
-5.070448E-04,-5.1127844E+00,4.1827606E-01
-5.037680E-04,-5.1152258E+00,4.0278839E-01
-5.004912E-04,-5.1115637E+00,3.8691925E-01
-4.972144E-04,-5.1124792E+00,3.7059235E-01
-4.939376E-04,-5.1152258E+00,3.5518097E-01
-4.906608E-04,-5.1140051E+00,3.3908295E-01
-4.873840E-04,-5.1158362E+00,3.2298492E-01
-4.841072E-04,-5.1130896E+00,3.0681061E-01
-4.808304E-04,-5.1167517E+00,2.8994965E-01
-4.775536E-04,-5.1130896E+00,2.7354645E-01
-4.742768E-04,-5.1130896E+00,2.5691437E-01
-4.710000E-04,-5.1140051E+00,2.3959564E-01
-4.677232E-04,-5.1167517E+00,2.2303986E-01
-4.644464E-04,-5.1176672E+00,2.0602631E-01
-4.611696E-04,-5.1188879E+00,1.8985199E-01
-4.578928E-04,-5.1185828E+00,1.7276215E-01
-4.546160E-04,-5.1234656E+00,1.5582489E-01
-4.513392E-04,-5.1216345E+00,1.3919281E-01
-4.480624E-04,-5.1228552E+00,1.2240814E-01
-4.447856E-04,-5.1201086E+00,1.0501312E-01
-4.415088E-04,-5.1167517E+00,8.7923279E-02
-4.382320E-04,-5.1127844E+00,7.0070496E-02
-4.349552E-04,-5.1079016E+00,5.3133240E-02
-4.316784E-04,-5.1042395E+00,3.6043396E-02
-4.284016E-04,-5.0963049E+00,1.9411316E-02
-4.251248E-04,-5.0990515E+00,1.7874146E-03
-4.218480E-04,-5.0966101E+00,-1.5073547E-02
-4.185712E-04,-5.0975256E+00,-3.2697449E-02
-4.152944E-04,-5.1017981E+00,-4.9710999E-02
-4.120176E-04,-5.1017981E+00,-6.7640076E-02
-4.087408E-04,-5.0999670E+00,-8.4348450E-02
-4.054640E-04,-5.1033240E+00,-1.0174347E-01
-4.021872E-04,-5.1042395E+00,-1.1898590E-01
-3.989104E-04,-5.1054602E+00,-1.3561798E-01
-3.956336E-04,-5.1054602E+00,-1.5293671E-01
-3.923568E-04,-5.1152258E+00,-1.7025543E-01
-3.890800E-04,-5.1063757E+00,-1.8650604E-01
-3.858032E-04,-5.1088171E+00,-2.0321442E-01
-3.825264E-04,-5.1021033E+00,-2.1977020E-01
-3.792496E-04,-5.1069861E+00,-2.3686005E-01
-3.759728E-04,-5.0993567E+00,-2.5333954E-01
-3.726960E-04,-5.0969153E+00,-2.6959015E-01
-3.694192E-04,-5.0947791E+00,-2.8599335E-01
-3.661424E-04,-5.0966101E+00,-3.0186249E-01
-3.628656E-04,-5.0908118E+00,-3.1696869E-01
-3.595888E-04,-5.0926428E+00,-3.3344818E-01
-3.563120E-04,-5.0929480E+00,-3.4855438E-01
-3.530352E-04,-5.0981360E+00,-3.6511017E-01
-3.497584E-04,-5.0990515E+00,-3.8014008E-01
-3.464816E-04,-5.0972205E+00,-3.9532257E-01
-3.432048E-04,-5.1051550E+00,-4.0989471E-01
-3.399280E-04,-5.0969153E+00,-4.2522980E-01
-3.366512E-04,-5.1063757E+00,-4.3858124E-01
-3.333744E-04,-5.0996619E+00,-4.5391632E-01
-3.300976E-04,-5.1042395E+00,-4.6818329E-01
-3.268208E-04,-5.1094275E+00,-4.8267914E-01
-3.235440E-04,-5.1057654E+00,-4.9534393E-01
-3.202672E-04,-5.1124792E+00,-5.1029755E-01
-3.169904E-04,-5.1146155E+00,-5.2342010E-01
-3.137136E-04,-5.1161414E+00,-5.3738190E-01
-3.104368E-04,-5.1167517E+00,-5.4997040E-01
-3.071600E-04,-5.1158362E+00,-5.6332184E-01
-3.038832E-04,-5.1167517E+00,-5.7491852E-01
-3.006064E-04,-5.1170569E+00,-5.8727814E-01
-2.973296E-04,-5.1213293E+00,-5.9841705E-01
-2.940528E-04,-5.1213293E+00,-6.1047150E-01
-2.907760E-04,-5.1292639E+00,-6.2122894E-01
-2.874992E-04,-5.1259070E+00,-6.3328339E-01
-2.842224E-04,-5.1320105E+00,-6.4335419E-01
-2.809456E-04,-5.1283484E+00,-6.5388275E-01
-2.776688E-04,-5.1332312E+00,-6.6380096E-01
-2.743920E-04,-5.1314001E+00,-6.7417694E-01
-2.711152E-04,-5.1228552E+00,-6.8279816E-01
-2.678384E-04,-5.1228552E+00,-6.9218231E-01
-2.645616E-04,-5.1152258E+00,-6.9996429E-01
-2.612848E-04,-5.1124792E+00,-7.0942474E-01
-2.580080E-04,-5.1097327E+00,-7.1690155E-01
-2.547312E-04,-5.1072913E+00,-7.2643829E-01
-2.514544E-04,-5.1054602E+00,-7.3292328E-01
-2.481776E-04,-5.1057654E+00,-7.4108673E-01
-2.449008E-04,-5.1002722E+00,-7.4810577E-01
-2.416240E-04,-5.0975256E+00,-7.5497223E-01
-2.383472E-04,-5.0990515E+00,-7.6061798E-01
-2.350704E-04,-5.0987463E+00,-7.6748444E-01
-2.317936E-04,-5.0996619E+00,-7.7236725E-01
-2.285168E-04,-5.0990515E+00,-7.7824188E-01
-2.252400E-04,-5.1017981E+00,-7.8251434E-01
-2.219632E-04,-5.1005774E+00,-7.8785492E-01
-2.186864E-04,-5.1079016E+00,-7.9197479E-01
-2.154096E-04,-5.1094275E+00,-7.9678131E-01
-2.121328E-04,-5.1179724E+00,-7.9960419E-01
-2.088560E-04,-5.1234656E+00,-8.0364777E-01
-2.055792E-04,-5.1320105E+00,-8.0578400E-01
-2.023024E-04,-5.1365881E+00,-8.0921722E-01
-1.990256E-04,-5.1375037E+00,-8.1104828E-01
-1.957488E-04,-5.1344519E+00,-8.1379486E-01
-1.924720E-04,-5.1350623E+00,-8.1440521E-01
-1.891952E-04,-5.1314001E+00,-8.1577850E-01
-1.859184E-04,-5.1341467E+00,-8.1570221E-01
-1.826416E-04,-5.1280432E+00,-8.1738068E-01
-1.793648E-04,-5.1246863E+00,-8.1615997E-01
-1.760880E-04,-5.1213293E+00,-8.1707550E-01
-1.728112E-04,-5.1219397E+00,-8.1539703E-01
-1.695344E-04,-5.1188879E+00,-8.1509186E-01
-1.662576E-04,-5.1185828E+00,-8.1326080E-01
-1.629808E-04,-5.1164465E+00,-8.1165863E-01
-1.597040E-04,-5.1112585E+00,-8.0830170E-01
-1.564272E-04,-5.1149207E+00,-8.0639435E-01
-1.531504E-04,-5.1161414E+00,-8.0311371E-01
-1.498736E-04,-5.1179724E+00,-8.0105377E-01
-1.465968E-04,-5.1167517E+00,-7.9578949E-01
-1.433200E-04,-5.1167517E+00,-7.9281403E-01
-1.400432E-04,-5.1155310E+00,-7.8800751E-01
-1.367664E-04,-5.1161414E+00,-7.8388763E-01
-1.334896E-04,-5.1222449E+00,-7.7839447E-01
-1.302128E-04,-5.1188879E+00,-7.7366425E-01
-1.269360E-04,-5.1240759E+00,-7.6778961E-01
-1.236592E-04,-5.1243811E+00,-7.6229645E-01
-1.203824E-04,-5.1191931E+00,-7.5527740E-01
-1.171056E-04,-5.1207190E+00,-7.4909760E-01
-1.138288E-04,-5.1204138E+00,-7.4146820E-01
-1.105520E-04,-5.1198035E+00,-7.3452545E-01
-1.072752E-04,-5.1240759E+00,-7.2674347E-01
-1.039984E-04,-5.1252966E+00,-7.1873260E-01
-1.007216E-04,-5.1298743E+00,-7.1003510E-01
-9.744480E-05,-5.1252966E+00,-7.0225311E-01
-9.416800E-05,-5.1277380E+00,-6.9325043E-01
-9.089120E-05,-5.1219397E+00,-6.8401886E-01
-8.761440E-05,-5.1194983E+00,-6.7455841E-01
-8.433760E-05,-5.1167517E+00,-6.6479279E-01
-8.106080E-05,-5.1204138E+00,-6.5411163E-01
-7.778400E-05,-5.1179724E+00,-6.4442230E-01
-7.450720E-05,-5.1210242E+00,-6.3374115E-01
-7.123040E-05,-5.1173621E+00,-6.2306000E-01
-6.795360E-05,-5.1262122E+00,-6.1138702E-01
-6.467680E-05,-5.1213293E+00,-5.9979034E-01
-6.140000E-05,-5.1225500E+00,-5.8826996E-01
-5.812320E-05,-5.1237708E+00,-5.7659698E-01
-5.484640E-05,-5.1216345E+00,-5.6416107E-01
-5.156960E-05,-5.1243811E+00,-5.5149628E-01
-4.829280E-05,-5.1265173E+00,-5.3845001E-01
-4.501600E-05,-5.1194983E+00,-5.2540375E-01
-4.173920E-05,-5.1143103E+00,-5.1205231E-01
-3.846240E-05,-5.1054602E+00,-4.9793793E-01
-3.518560E-05,-5.1094275E+00,-4.8435760E-01
-3.190880E-05,-5.1048499E+00,-4.7092987E-01
-2.863200E-05,-5.1060706E+00,-4.5696808E-01
-2.535520E-05,-5.1045447E+00,-4.4239594E-01
-2.207840E-05,-5.1088171E+00,-4.2790009E-01
-1.880160E-05,-5.1152258E+00,-4.1256500E-01
-1.552480E-05,-5.1118689E+00,-3.9753510E-01
-1.224800E-05,-5.1121741E+00,-3.8265778E-01
-8.971200E-06,-5.1176672E+00,-3.6739899E-01
-5.694400E-06,-5.1167517E+00,-3.5130096E-01
-2.417600E-06,-5.1194983E+00,-3.3558441E-01
8.592000E-07,-5.1115637E+00,-3.1910492E-01
4.136000E-06,-5.1069861E+00,-3.0270172E-01
7.412800E-06,-5.1075964E+00,-2.8767181E-01
1.068960E-05,-5.1024084E+00,-2.7073456E-01
1.396640E-05,-5.0978308E+00,-2.5494171E-01
1.724320E-05,-5.0978308E+00,-2.3853851E-01
2.052000E-05,-5.0941687E+00,-2.2114349E-01
2.379680E-05,-5.0950842E+00,-2.0466400E-01
2.707360E-05,-5.0905066E+00,-1.8841339E-01
3.035040E-05,-5.0895911E+00,-1.7117096E-01
3.362720E-05,-5.0898962E+00,-1.5453888E-01
3.690400E-05,-5.0938635E+00,-1.3760162E-01
4.018080E-05,-5.0923376E+00,-1.2135101E-01
4.345760E-05,-5.0929480E+00,-1.0449005E-01
4.673440E-05,-5.0917273E+00,-8.7323914E-02
5.001120E-05,-5.0956946E+00,-7.0234070E-02
5.328800E-05,-5.0935583E+00,-5.2915344E-02
5.656480E-05,-5.0889807E+00,-3.5978088E-02
5.984160E-05,-5.0902014E+00,-1.7514954E-02
6.311840E-05,-5.0947791E+00,-7.3028564E-04
6.639520E-05,-5.1014929E+00,1.6969910E-02
6.967200E-05,-5.1011877E+00,3.3983459E-02
7.294880E-05,-5.1017981E+00,5.1607361E-02
7.622560E-05,-5.1054602E+00,6.8392029E-02
7.950240E-05,-5.1075964E+00,8.6321106E-02
8.277920E-05,-5.1091223E+00,1.0371613E-01
8.605600E-05,-5.1060706E+00,1.2118744E-01
8.933280E-05,-5.1118689E+00,1.3728546E-01
9.260960E-05,-5.1115637E+00,1.5445160E-01
9.588640E-05,-5.1155310E+00,1.7154144E-01
9.916320E-05,-5.1112585E+00,1.8855499E-01
1.024400E-04,-5.1085120E+00,2.0488190E-01
1.057168E-04,-5.1048499E+00,2.2212433E-01
1.089936E-04,-5.1036292E+00,2.3814606E-01
1.122704E-04,-5.1039343E+00,2.5462555E-01
1.155472E-04,-5.1011877E+00,2.7186798E-01
1.188240E-04,-5.0987463E+00,2.8872894E-01
1.221008E-04,-5.0969153E+00,3.0528473E-01
1.253776E-04,-5.0953894E+00,3.2199310E-01
1.286544E-04,-5.0953894E+00,3.3770966E-01
1.319312E-04,-5.0905066E+00,3.5403656E-01
1.352080E-04,-5.0923376E+00,3.6975311E-01
1.384848E-04,-5.0978308E+00,3.8623260E-01
1.417616E-04,-5.0938635E+00,4.0133881E-01
1.450384E-04,-5.1002722E+00,4.1697906E-01
1.483152E-04,-5.0932532E+00,4.3223785E-01
1.515920E-04,-5.0914221E+00,4.4795441E-01
1.548688E-04,-5.0941687E+00,4.6298431E-01
1.581456E-04,-5.0914221E+00,4.7809052E-01
1.614224E-04,-5.0972205E+00,4.9197601E-01
1.646992E-04,-5.0963049E+00,5.0731110E-01
1.679760E-04,-5.0990515E+00,5.2089142E-01
1.712528E-04,-5.0959998E+00,5.3508209E-01
1.745296E-04,-5.0944739E+00,5.4820465E-01
1.778064E-04,-5.0990515E+00,5.6292938E-01
1.810832E-04,-5.0969153E+00,5.7559418E-01
1.843600E-04,-5.0956946E+00,5.8963226E-01
1.876368E-04,-5.1036292E+00,6.0168671E-01
1.909136E-04,-5.0944739E+00,6.1488556E-01
1.941904E-04,-5.0987463E+00,6.2579559E-01
1.974672E-04,-5.1021033E+00,6.3823151E-01
2.007440E-04,-5.1060706E+00,6.5051483E-01
2.040208E-04,-5.1124792E+00,6.6188263E-01
2.072976E-04,-5.1182776E+00,6.7294525E-01
2.105744E-04,-5.1188879E+00,6.8423676E-01
2.138512E-04,-5.1146155E+00,6.9468903E-01
2.171280E-04,-5.1234656E+00,7.0598053E-01
2.204048E-04,-5.1201086E+00,7.1498322E-01
2.236816E-04,-5.1228552E+00,7.2589325E-01
2.269584E-04,-5.1143103E+00,7.3459076E-01
2.302352E-04,-5.1185828E+00,7.4519562E-01
2.335120E-04,-5.1188879E+00,7.5396942E-01
2.367888E-04,-5.1130896E+00,7.6236176E-01
2.400656E-04,-5.1140051E+00,7.7044891E-01
2.433424E-04,-5.1106482E+00,7.7922272E-01
2.466192E-04,-5.1109534E+00,7.8647064E-01
2.498960E-04,-5.1103430E+00,7.9410004E-01
2.531728E-04,-5.1097327E+00,8.0066132E-01
2.564496E-04,-5.1109534E+00,8.0806183E-01
2.597264E-04,-5.1085120E+00,8.1401276E-01
2.630032E-04,-5.1106482E+00,8.2087921E-01
2.662800E-04,-5.1115637E+00,8.2591461E-01
2.695568E-04,-5.1097327E+00,8.3239960E-01
2.728336E-04,-5.1130896E+00,8.3674835E-01
2.761104E-04,-5.1066809E+00,8.4216522E-01
2.793872E-04,-5.1127844E+00,8.4529327E-01
2.826640E-04,-5.1140051E+00,8.5025238E-01
2.859408E-04,-5.1033240E+00,8.5307526E-01
2.892176E-04,-5.1075964E+00,8.5734772E-01
2.924944E-04,-5.1024084E+00,8.6032318E-01
2.957712E-04,-5.0972205E+00,8.6451935E-01
2.990480E-04,-5.0969153E+00,8.6535858E-01
3.023248E-04,-5.0932532E+00,8.6879181E-01
3.056016E-04,-5.0999670E+00,8.6924957E-01
3.088784E-04,-5.0956946E+00,8.7191986E-01
3.121552E-04,-5.0926428E+00,8.7108063E-01
3.154320E-04,-5.0883704E+00,8.7275909E-01
3.187088E-04,-5.0886755E+00,8.7253021E-01
3.219856E-04,-5.0844031E+00,8.7298798E-01
3.252624E-04,-5.0856238E+00,8.7161469E-01
3.285392E-04,-5.0865393E+00,8.7184357E-01
3.318160E-04,-5.0953894E+00,8.6963104E-01
3.350928E-04,-5.0914221E+00,8.6909698E-01
3.383696E-04,-5.0938635E+00,8.6665558E-01
3.416464E-04,-5.0911169E+00,8.6512970E-01
3.449232E-04,-5.0935583E+00,8.6207794E-01
3.482000E-04,-5.0950842E+00,8.5933136E-01
3.514768E-04,-5.1033240E+00,8.5521149E-01
3.547536E-04,-5.1082068E+00,8.5193085E-01
3.580304E-04,-5.1072913E+00,8.4659027E-01
3.613072E-04,-5.1146155E+00,8.4369110E-01
3.645840E-04,-5.1103430E+00,8.3804535E-01
3.678608E-04,-5.1097327E+00,8.3369659E-01
3.711376E-04,-5.1048499E+00,8.2812714E-01
3.744144E-04,-5.1036292E+00,8.2278656E-01
3.776912E-04,-5.1054602E+00,8.1614899E-01
3.809680E-04,-5.1021033E+00,8.1042694E-01
3.842448E-04,-5.1045447E+00,8.0356049E-01
3.875216E-04,-5.1036292E+00,7.9677032E-01
3.907984E-04,-5.1021033E+00,7.8891205E-01
3.940752E-04,-5.1042395E+00,7.8105377E-01
3.973520E-04,-5.1017981E+00,7.7212738E-01
4.006288E-04,-5.1042395E+00,7.6480316E-01
4.039056E-04,-5.1027136E+00,7.5564789E-01
4.071824E-04,-5.1036292E+00,7.4778961E-01
4.104592E-04,-5.1014929E+00,7.3840546E-01
4.137360E-04,-5.1036292E+00,7.2833466E-01
4.170128E-04,-5.1045447E+00,7.1803497E-01
4.202896E-04,-5.1024084E+00,7.0857452E-01
4.235664E-04,-5.1005774E+00,6.9774078E-01
4.268432E-04,-5.0972205E+00,6.8766998E-01
4.301200E-04,-5.0914221E+00,6.7637848E-01
4.333968E-04,-5.0950842E+00,6.6485809E-01
4.366736E-04,-5.0886755E+00,6.5303253E-01
4.399504E-04,-5.0844031E+00,6.4189362E-01
4.432272E-04,-5.0819617E+00,6.2938141E-01
4.465040E-04,-5.0837927E+00,6.1747955E-01
4.497808E-04,-5.0825720E+00,6.0435699E-01
4.530576E-04,-5.0892859E+00,5.9253143E-01
4.563344E-04,-5.0883704E+00,5.7879852E-01
4.596112E-04,-5.0963049E+00,5.6537079E-01
4.628880E-04,-5.0999670E+00,5.5209564E-01
4.661648E-04,-5.1008826E+00,5.3821014E-01
4.694416E-04,-5.1069861E+00,5.2432465E-01
4.727184E-04,-5.1185828E+00,5.0982880E-01
4.759952E-04,-5.1155310E+00,4.9525665E-01
4.792720E-04,-5.1176672E+00,4.8098969E-01
4.825488E-04,-5.1112585E+00,4.6618866E-01
4.858256E-04,-5.1170569E+00,4.5138763E-01
4.891024E-04,-5.1088171E+00,4.3605255E-01
4.923792E-04,-5.1127844E+00,4.2094635E-01
4.956560E-04,-5.1079016E+00,4.0492462E-01
4.989328E-04,-5.1106482E+00,3.8943695E-01
5.022096E-04,-5.1146155E+00,3.7356781E-01
5.054864E-04,-5.1079016E+00,3.5769867E-01
5.087632E-04,-5.1152258E+00,3.4152435E-01
5.120400E-04,-5.1075964E+00,3.2489227E-01
5.153168E-04,-5.1017981E+00,3.0902313E-01
5.185936E-04,-5.1072913E+00,2.9246735E-01
5.218704E-04,-5.1002722E+00,2.7621674E-01
5.251472E-04,-5.1017981E+00,2.5950836E-01
5.284240E-04,-5.1054602E+00,2.4257111E-01
5.317008E-04,-5.1060706E+00,2.2609161E-01
5.349776E-04,-5.1051550E+00,2.1014618E-01
5.382544E-04,-5.1042395E+00,1.9351410E-01
5.415312E-04,-5.1060706E+00,1.7581390E-01
5.448080E-04,-5.1021033E+00,1.5956329E-01
5.480848E-04,-5.1033240E+00,1.4285492E-01
5.513616E-04,-5.1024084E+00,1.2515472E-01
5.546384E-04,-5.1088171E+00,1.0875153E-01
5.579152E-04,-5.1106482E+00,9.1509094E-02
5.611920E-04,-5.1112585E+00,7.3274841E-02
5.644688E-04,-5.1167517E+00,5.5650940E-02
5.677456E-04,-5.1137000E+00,3.8484802E-02
5.710224E-04,-5.1185828E+00,2.0937195E-02
5.742992E-04,-5.1155310E+00,3.6184692E-03
5.775760E-04,-5.1191931E+00,-1.3852844E-02
5.808528E-04,-5.1094275E+00,-3.0790100E-02
5.841296E-04,-5.1109534E+00,-4.8185120E-02
5.874064E-04,-5.1021033E+00,-6.4512024E-02
5.906832E-04,-5.0966101E+00,-8.1907043E-02
5.939600E-04,-5.0978308E+00,-9.8005066E-02
5.972368E-04,-5.0892859E+00,-1.1562897E-01
6.005136E-04,-5.0953894E+00,-1.3241364E-01
6.037904E-04,-5.0865393E+00,-1.4927460E-01
6.070672E-04,-5.0920325E+00,-1.6613556E-01
6.103440E-04,-5.0880652E+00,-1.8322540E-01
6.136208E-04,-5.0840979E+00,-1.9978119E-01
6.168976E-04,-5.0825720E+00,-2.1755768E-01
6.201744E-04,-5.0880652E+00,-2.3319794E-01
6.234512E-04,-5.0880652E+00,-2.5082184E-01
6.267280E-04,-5.0914221E+00,-2.6676727E-01
6.300048E-04,-5.0898962E+00,-2.8263641E-01
6.332816E-04,-5.0923376E+00,-2.9850555E-01
6.365584E-04,-5.0895911E+00,-3.1452728E-01
6.398352E-04,-5.0914221E+00,-3.2940460E-01
6.431120E-04,-5.0929480E+00,-3.4618927E-01
6.463888E-04,-5.0938635E+00,-3.6175323E-01
6.496656E-04,-5.0963049E+00,-3.7731720E-01
6.529424E-04,-5.0932532E+00,-3.9150787E-01
6.562192E-04,-5.0999670E+00,-4.0745331E-01
6.594960E-04,-5.0941687E+00,-4.2194916E-01
6.627728E-04,-5.0908118E+00,-4.3713165E-01
6.660496E-04,-5.0902014E+00,-4.5094086E-01
6.693264E-04,-5.0859290E+00,-4.6619965E-01
6.726032E-04,-5.0859290E+00,-4.7977997E-01
6.758800E-04,-5.0822668E+00,-4.9313141E-01
6.791568E-04,-5.0847083E+00,-5.0655914E-01
6.824336E-04,-5.0837927E+00,-5.2052094E-01
6.857104E-04,-5.0859290E+00,-5.3341461E-01
6.889872E-04,-5.0911169E+00,-5.4707123E-01
6.922640E-04,-5.0932532E+00,-5.5950714E-01
6.955408E-04,-5.0966101E+00,-5.7278229E-01
6.988176E-04,-5.0950842E+00,-5.8407379E-01
7.020944E-04,-5.0996619E+00,-5.9643341E-01
7.053712E-04,-5.1033240E+00,-6.0741974E-01
7.086480E-04,-5.0987463E+00,-6.1962677E-01
7.119248E-04,-5.1030188E+00,-6.2977386E-01
7.152016E-04,-5.0981360E+00,-6.4076019E-01
7.184784E-04,-5.0938635E+00,-6.5090729E-01
7.217552E-04,-5.0984412E+00,-6.6212250E-01
7.250320E-04,-5.1008826E+00,-6.7158295E-01
7.283088E-04,-5.1005774E+00,-6.8127228E-01
7.315856E-04,-5.0938635E+00,-6.8981720E-01
7.348624E-04,-5.0923376E+00,-6.9950653E-01
7.381392E-04,-5.0966101E+00,-7.0713593E-01
7.414160E-04,-5.0947791E+00,-7.1659637E-01
7.446928E-04,-5.0966101E+00,-7.2491241E-01
7.479696E-04,-5.0956946E+00,-7.3269440E-01
7.512464E-04,-5.0984412E+00,-7.3910309E-01
7.545232E-04,-5.1002722E+00,-7.4741913E-01
7.578000E-04,-5.1005774E+00,-7.5367523E-01
7.610768E-04,-5.0999670E+00,-7.6145721E-01
7.643536E-04,-5.1027136E+00,-7.6641632E-01
7.676304E-04,-5.0999670E+00,-7.7251984E-01
7.709072E-04,-5.1033240E+00,-7.7679230E-01
7.741840E-04,-5.1063757E+00,-7.8335358E-01
7.774608E-04,-5.1027136E+00,-7.8709198E-01
7.807376E-04,-5.1048499E+00,-7.9227997E-01
7.840144E-04,-5.1060706E+00,-7.9540802E-01
7.872912E-04,-5.1027136E+00,-8.0021454E-01
7.905680E-04,-5.1063757E+00,-8.0303741E-01
7.938448E-04,-5.1039343E+00,-8.0669952E-01
7.971216E-04,-5.1033240E+00,-8.0784393E-01
8.003984E-04,-5.1072913E+00,-8.1089569E-01
8.036752E-04,-5.1069861E+00,-8.1196381E-01
8.069520E-04,-5.1051550E+00,-8.1425262E-01
8.102288E-04,-5.1039343E+00,-8.1471039E-01
8.135056E-04,-5.1039343E+00,-8.1623627E-01
8.167824E-04,-5.0959998E+00,-8.1554962E-01
8.200592E-04,-5.0959998E+00,-8.1677032E-01
8.233360E-04,-5.0886755E+00,-8.1547333E-01
8.266128E-04,-5.0908118E+00,-8.1623627E-01
8.298896E-04,-5.0862341E+00,-8.1440521E-01
8.331664E-04,-5.0880652E+00,-8.1402374E-01
8.364432E-04,-5.0944739E+00,-8.1135345E-01
8.397200E-04,-5.0902014E+00,-8.1013275E-01
8.429968E-04,-5.0902014E+00,-8.0715729E-01
8.462736E-04,-5.0978308E+00,-8.0502106E-01
8.495504E-04,-5.0950842E+00,-8.0128265E-01
8.528272E-04,-5.0941687E+00,-7.9784943E-01
8.561040E-04,-5.0917273E+00,-7.9365326E-01
8.593808E-04,-5.0978308E+00,-7.9037262E-01
8.626576E-04,-5.1002722E+00,-7.8533722E-01
8.659344E-04,-5.0990515E+00,-7.8129364E-01
8.692112E-04,-5.1103430E+00,-7.7557159E-01
8.724880E-04,-5.1072913E+00,-7.6984955E-01
8.757648E-04,-5.1088171E+00,-7.6290680E-01
8.790416E-04,-5.1127844E+00,-7.5794769E-01
8.823184E-04,-5.1152258E+00,-7.5016571E-01
8.855952E-04,-5.1182776E+00,-7.4413849E-01
8.888720E-04,-5.1152258E+00,-7.3696686E-01
8.921488E-04,-5.1109534E+00,-7.2918488E-01
8.954256E-04,-5.1097327E+00,-7.2125031E-01
8.987024E-04,-5.1094275E+00,-7.1240021E-01
9.019792E-04,-5.1085120E+00,-7.0393158E-01
9.052560E-04,-5.1106482E+00,-6.9592072E-01
9.085328E-04,-5.1103430E+00,-6.8607880E-01
9.118096E-04,-5.1103430E+00,-6.7692352E-01
9.150864E-04,-5.1079016E+00,-6.6631866E-01
9.183632E-04,-5.1100378E+00,-6.5640045E-01
9.216400E-04,-5.0987463E+00,-6.4556671E-01
9.249168E-04,-5.0996619E+00,-6.3480927E-01
9.281936E-04,-5.0987463E+00,-6.2298370E-01
9.314704E-04,-5.0972205E+00,-6.1276031E-01
9.347472E-04,-5.1002722E+00,-6.0162140E-01
9.380240E-04,-5.1036292E+00,-5.9010101E-01
9.413008E-04,-5.1048499E+00,-5.7789398E-01
9.445776E-04,-5.1017981E+00,-5.6568695E-01
9.478544E-04,-5.1030188E+00,-5.5317474E-01
9.511312E-04,-5.0978308E+00,-5.4012848E-01
9.544080E-04,-5.1017981E+00,-5.2731110E-01
9.576848E-04,-5.1014929E+00,-5.1434113E-01
9.609616E-04,-5.1042395E+00,-5.0045563E-01
9.642384E-04,-5.1057654E+00,-4.8786713E-01
9.675152E-04,-5.1115637E+00,-4.7306610E-01
9.707920E-04,-5.1082068E+00,-4.5956207E-01
9.740688E-04,-5.1118689E+00,-4.4560028E-01
9.773456E-04,-5.1130896E+00,-4.3102814E-01
9.806224E-04,-5.1167517E+00,-4.1607452E-01
9.838992E-04,-5.1176672E+00,-4.0173126E-01
9.871760E-04,-5.1204138E+00,-3.8601471E-01
9.904528E-04,-5.1234656E+00,-3.7029816E-01
9.937296E-04,-5.1225500E+00,-3.5511566E-01
9.970064E-04,-5.1213293E+00,-3.3955170E-01
1.000283E-03,-5.1143103E+00,-3.2291962E-01
1.003560E-03,-5.1115637E+00,-3.0628754E-01
1.006837E-03,-5.1063757E+00,-2.9026581E-01
1.010114E-03,-5.1045447E+00,-2.7432037E-01
1.013390E-03,-5.0972205E+00,-2.5837494E-01
1.016667E-03,-5.0978308E+00,-2.4151398E-01
1.019944E-03,-5.0941687E+00,-2.2526337E-01
1.023221E-03,-5.0966101E+00,-2.0886017E-01
1.026498E-03,-5.0996619E+00,-1.9177032E-01
1.029774E-03,-5.1014929E+00,-1.7437531E-01
1.033051E-03,-5.0966101E+00,-1.5820099E-01
1.036328E-03,-5.0996619E+00,-1.4095856E-01
1.039605E-03,-5.1033240E+00,-1.2409760E-01
1.042882E-03,-5.0963049E+00,-1.0769440E-01
1.046158E-03,-5.0972205E+00,-9.0146790E-02
1.049435E-03,-5.1042395E+00,-7.2599182E-02
1.052712E-03,-5.1075964E+00,-5.6272278E-02
1.055989E-03,-5.1140051E+00,-3.8419495E-02
1.059266E-03,-5.1164465E+00,-2.0948181E-02
1.062542E-03,-5.1179724E+00,-4.2398071E-03
1.065819E-03,-5.1213293E+00,1.3536682E-02
1.069096E-03,-5.1262122E+00,3.0550232E-02
1.072373E-03,-5.1243811E+00,4.7945251E-02
1.075650E-03,-5.1259070E+00,6.5187683E-02
1.078926E-03,-5.1216345E+00,8.2582703E-02
1.082203E-03,-5.1246863E+00,1.0020660E-01
1.085480E-03,-5.1194983E+00,1.1744904E-01
1.088757E-03,-5.1170569E+00,1.3461517E-01
1.092034E-03,-5.1072913E+00,1.5109467E-01
1.095310E-03,-5.1109534E+00,1.6787933E-01
1.098587E-03,-5.1133948E+00,1.8458771E-01
1.101864E-03,-5.1112585E+00,2.0183014E-01
1.105141E-03,-5.1149207E+00,2.1846222E-01
1.108418E-03,-5.1167517E+00,2.3600983E-01
1.111694E-03,-5.1155310E+00,2.5165009E-01
1.114971E-03,-5.1094275E+00,2.6942657E-01
1.118248E-03,-5.1133948E+00,2.8514313E-01
1.121525E-03,-5.1106482E+00,3.0169891E-01
1.124802E-03,-5.1118689E+00,3.1794952E-01
1.128078E-03,-5.1127844E+00,3.3481049E-01
1.131355E-03,-5.1082068E+00,3.5037445E-01
1.134632E-03,-5.1158362E+00,3.6715912E-01
1.137909E-03,-5.1146155E+00,3.8249420E-01
1.141186E-03,-5.1191931E+00,3.9821075E-01
1.144462E-03,-5.1198035E+00,4.1339325E-01
1.147739E-03,-5.1216345E+00,4.2949127E-01
1.151016E-03,-5.1252966E+00,4.4421600E-01
1.154293E-03,-5.1292639E+00,4.6016144E-01
1.157570E-03,-5.1274329E+00,4.7473358E-01
1.160846E-03,-5.1283484E+00,4.8953461E-01
1.164123E-03,-5.1292639E+00,5.0342010E-01
1.167400E-03,-5.1338416E+00,5.1738190E-01
1.170677E-03,-5.1274329E+00,5.3134369E-01
1.173954E-03,-5.1378088E+00,5.4561066E-01
1.177230E-03,-5.1335364E+00,5.5865692E-01
1.180507E-03,-5.1329260E+00,5.7292389E-01
1.183784E-03,-5.1304846E+00,5.8597015E-01
1.187061E-03,-5.1274329E+00,5.9894012E-01
1.190338E-03,-5.1246863E+00,6.1107086E-01
1.193614E-03,-5.1259070E+00,6.2434601E-01
1.196891E-03,-5.1262122E+00,6.3540863E-01
1.200168E-03,-5.1256018E+00,6.4876007E-01
1.203445E-03,-5.1155310E+00,6.5982269E-01
1.206722E-03,-5.1137000E+00,6.7218231E-01
1.209998E-03,-5.1133948E+00,6.8255829E-01
1.213275E-03,-5.1094275E+00,6.9377350E-01
1.216552E-03,-5.1057654E+00,7.0422577E-01
1.219829E-03,-5.1118689E+00,7.1536469E-01
1.223106E-03,-5.1118689E+00,7.2436737E-01
1.226382E-03,-5.1185828E+00,7.3428558E-01
1.229659E-03,-5.1188879E+00,7.4321198E-01
1.232936E-03,-5.1127844E+00,7.5305389E-01
1.236213E-03,-5.1124792E+00,7.6129364E-01
1.239490E-03,-5.1097327E+00,7.7014374E-01
1.242766E-03,-5.1072913E+00,7.7754425E-01
1.246043E-03,-5.1082068E+00,7.8593658E-01
1.249320E-03,-5.1115637E+00,7.9265045E-01
1.252597E-03,-5.1072913E+00,8.0043243E-01
1.255874E-03,-5.1225500E+00,8.0638336E-01
1.259150E-03,-5.1167517E+00,8.1416534E-01
1.262427E-03,-5.1274329E+00,8.1904816E-01
1.265704E-03,-5.1240759E+00,8.2644867E-01
1.268981E-03,-5.1314001E+00,8.3072113E-01
1.272258E-03,-5.1332312E+00,8.3682465E-01
1.275534E-03,-5.1329260E+00,8.4056305E-01
1.278811E-03,-5.1329260E+00,8.4659027E-01
1.282088E-03,-5.1310950E+00,8.4987091E-01
1.285365E-03,-5.1259070E+00,8.5460114E-01
1.288642E-03,-5.1262122E+00,8.5704254E-01
1.291918E-03,-5.1246863E+00,8.6123871E-01
1.295195E-03,-5.1225500E+00,8.6314606E-01
1.298472E-03,-5.1252966E+00,8.6642670E-01
1.301749E-03,-5.1237708E+00,8.6718964E-01
1.305026E-03,-5.1249915E+00,8.7001251E-01
1.308302E-03,-5.1252966E+00,8.7031769E-01
1.311579E-03,-5.1204138E+00,8.7283539E-01
1.314856E-03,-5.1262122E+00,8.7161469E-01
1.318133E-03,-5.1228552E+00,8.7298798E-01
1.321410E-03,-5.1252966E+00,8.7199615E-01
1.324686E-03,-5.1240759E+00,8.7306427E-01
1.327963E-03,-5.1198035E+00,8.7085175E-01
1.331240E-03,-5.1170569E+00,8.7108063E-01
1.334517E-03,-5.1161414E+00,8.6833405E-01
1.337794E-03,-5.1146155E+00,8.6795258E-01
1.341070E-03,-5.1155310E+00,8.6451935E-01
1.344347E-03,-5.1133948E+00,8.6314606E-01
1.347624E-03,-5.1130896E+00,8.5948395E-01
1.350901E-03,-5.1152258E+00,8.5757660E-01
1.354178E-03,-5.1103430E+00,8.5277008E-01
1.357454E-03,-5.1097327E+00,8.4926056E-01
1.360731E-03,-5.1118689E+00,8.4422516E-01
1.364008E-03,-5.1051550E+00,8.4033417E-01
1.367285E-03,-5.1063757E+00,8.3514618E-01
1.370562E-03,-5.1039343E+00,8.3033966E-01
1.373838E-03,-5.1094275E+00,8.2454132E-01
1.377115E-03,-5.1130896E+00,8.1866669E-01
1.380392E-03,-5.1146155E+00,8.1141876E-01
1.383669E-03,-5.1191931E+00,8.0501007E-01
1.386946E-03,-5.1252966E+00,7.9799103E-01
1.390222E-03,-5.1191931E+00,7.9074310E-01
1.393499E-03,-5.1222449E+00,7.8280853E-01
1.396776E-03,-5.1237708E+00,7.7510284E-01
1.400053E-03,-5.1204138E+00,7.6564240E-01
1.403330E-03,-5.1234656E+00,7.5801300E-01
1.406606E-03,-5.1201086E+00,7.4839996E-01
1.409883E-03,-5.1210242E+00,7.4016022E-01
1.413160E-03,-5.1152258E+00,7.2925018E-01
1.416437E-03,-5.1194983E+00,7.2024750E-01
1.419714E-03,-5.1143103E+00,7.1055817E-01
1.422990E-03,-5.1201086E+00,6.9987701E-01
1.426267E-03,-5.1124792E+00,6.8911957E-01
1.429544E-03,-5.1164465E+00,6.7912506E-01
1.432821E-03,-5.1173621E+00,6.6668915E-01
1.436098E-03,-5.1194983E+00,6.5616058E-01
1.439374E-03,-5.1201086E+00,6.4364838E-01
1.442651E-03,-5.1118689E+00,6.3174652E-01
1.445928E-03,-5.1152258E+00,6.2007355E-01
1.449205E-03,-5.1060706E+00,6.0740875E-01
1.452482E-03,-5.1066809E+00,5.9482025E-01
1.455758E-03,-5.1054602E+00,5.8230804E-01
1.459035E-03,-5.1066809E+00,5.6857513E-01
1.462312E-03,-5.1109534E+00,5.5507111E-01
1.465589E-03,-5.1106482E+00,5.4110931E-01
1.468866E-03,-5.1152258E+00,5.2768158E-01
1.472142E-03,-5.1198035E+00,5.1387238E-01
1.475419E-03,-5.1158362E+00,4.9952911E-01
1.478696E-03,-5.1194983E+00,4.8488068E-01
1.481973E-03,-5.1179724E+00,4.6992706E-01
1.485250E-03,-5.1194983E+00,4.5459198E-01
1.488526E-03,-5.1271277E+00,4.3948578E-01
1.491803E-03,-5.1225500E+00,4.2407440E-01
1.495080E-03,-5.1301794E+00,4.0919708E-01
1.498357E-03,-5.1271277E+00,3.9302277E-01
1.501634E-03,-5.1268225E+00,3.7776398E-01
1.504910E-03,-5.1307898E+00,3.6136078E-01
1.508187E-03,-5.1283484E+00,3.4526276E-01
1.511464E-03,-5.1210242E+00,3.2885956E-01
1.514741E-03,-5.1219397E+00,3.1245636E-01
1.518018E-03,-5.1191931E+00,2.9536652E-01
1.521294E-03,-5.1237708E+00,2.7911591E-01
1.524571E-03,-5.1219397E+00,2.6240753E-01
1.527848E-03,-5.1213293E+00,2.4615692E-01
1.531125E-03,-5.1182776E+00,2.2967743E-01
1.534402E-03,-5.1149207E+00,2.1304535E-01
1.537678E-03,-5.1158362E+00,1.9587921E-01
1.540955E-03,-5.1158362E+00,1.7917084E-01
1.544232E-03,-5.1185828E+00,1.6253876E-01
1.547509E-03,-5.1149207E+00,1.4529633E-01
1.550786E-03,-5.1152258E+00,1.2942719E-01
1.554062E-03,-5.1182776E+00,1.1165070E-01
1.557339E-03,-5.1262122E+00,9.3874207E-02
1.560616E-03,-5.1375037E+00,7.6479187E-02
1.563893E-03,-5.1378088E+00,5.8702698E-02
1.567170E-03,-5.1426917E+00,4.1383972E-02
1.570446E-03,-5.1451331E+00,2.4217834E-02
1.573723E-03,-5.1451331E+00,6.4413452E-03
1.577000E-03,-5.1481848E+00,-1.0114441E-02
1.580277E-03,-5.1393347E+00,-2.8119812E-02
1.583554E-03,-5.1411658E+00,-4.5438538E-02
1.586830E-03,-5.1402502E+00,-6.2680969E-02
1.590107E-03,-5.1344519E+00,-8.0075989E-02
1.593384E-03,-5.1362830E+00,-9.6784363E-02
1.596661E-03,-5.1387244E+00,-1.1341644E-01
1.599938E-03,-5.1332312E+00,-1.3035370E-01
1.603214E-03,-5.1362830E+00,-1.4698578E-01
1.606491E-03,-5.1390295E+00,-1.6399933E-01
1.609768E-03,-5.1359778E+00,-1.8086029E-01
1.613045E-03,-5.1433020E+00,-1.9756866E-01
1.616322E-03,-5.1417761E+00,-2.1442963E-01
1.619598E-03,-5.1442175E+00,-2.3190094E-01
1.622875E-03,-5.1399451E+00,-2.4792267E-01
1.626152E-03,-5.1399451E+00,-2.6417328E-01
1.629429E-03,-5.1402502E+00,-2.7996613E-01
1.632706E-03,-5.1411658E+00,-2.9644562E-01
1.635982E-03,-5.1433020E+00,-3.1239105E-01
1.639259E-03,-5.1420813E+00,-3.2757355E-01
1.642536E-03,-5.1439124E+00,-3.4351898E-01
1.645813E-03,-5.1426917E+00,-3.5976959E-01
1.649090E-03,-5.1396399E+00,-3.7487579E-01
1.652366E-03,-5.1344519E+00,-3.9120270E-01
1.655643E-03,-5.1320105E+00,-4.0501190E-01
1.658920E-03,-5.1289587E+00,-4.2011810E-01
1.662197E-03,-5.1317053E+00,-4.3469025E-01
1.665474E-03,-5.1341467E+00,-4.4941498E-01
1.668750E-03,-5.1356726E+00,-4.6299530E-01
1.672027E-03,-5.1326208E+00,-4.7794891E-01
1.675304E-03,-5.1329260E+00,-4.9160553E-01
1.678581E-03,-5.1378088E+00,-5.0594879E-01
1.681858E-03,-5.1378088E+00,-5.1868988E-01
1.685134E-03,-5.1423865E+00,-5.3303314E-01
1.688411E-03,-5.1429968E+00,-5.4478241E-01
1.691688E-03,-5.1466589E+00,-5.5851532E-01
1.694965E-03,-5.1451331E+00,-5.7049347E-01
1.698242E-03,-5.1417761E+00,-5.8308197E-01
1.701518E-03,-5.1390295E+00,-5.9444977E-01
1.704795E-03,-5.1307898E+00,-6.0566498E-01
1.708072E-03,-5.1307898E+00,-6.1626984E-01
1.711349E-03,-5.1243811E+00,-6.2771393E-01
1.714626E-03,-5.1249915E+00,-6.3824249E-01
1.717902E-03,-5.1191931E+00,-6.4945770E-01
1.721179E-03,-5.1167517E+00,-6.5907074E-01
1.724456E-03,-5.1188879E+00,-6.6990448E-01
1.727733E-03,-5.1137000E+00,-6.7905975E-01
1.731010E-03,-5.1185828E+00,-6.8859650E-01
1.734286E-03,-5.1173621E+00,-6.9691254E-01
1.737563E-03,-5.1259070E+00,-7.0629669E-01
1.740840E-03,-5.1249915E+00,-7.1484161E-01
1.744117E-03,-5.1326208E+00,-7.2430206E-01
1.747394E-03,-5.1286536E+00,-7.3147369E-01
1.750670E-03,-5.1344519E+00,-7.3940826E-01
1.753947E-03,-5.1362830E+00,-7.4604584E-01
1.757224E-03,-5.1381140E+00,-7.5367523E-01
1.760501E-03,-5.1417761E+00,-7.5901581E-01
1.763778E-03,-5.1460486E+00,-7.6618744E-01
1.767054E-03,-5.1423865E+00,-7.7107025E-01
1.770331E-03,-5.1420813E+00,-7.7686859E-01
1.773608E-03,-5.1390295E+00,-7.8144623E-01
1.776885E-03,-5.1426917E+00,-7.8693939E-01
1.780162E-03,-5.1445227E+00,-7.9014374E-01
1.783438E-03,-5.1463538E+00,-7.9617096E-01
1.786715E-03,-5.1457434E+00,-7.9891754E-01
1.789992E-03,-5.1368933E+00,-8.0288483E-01
1.793269E-03,-5.1411658E+00,-8.0463959E-01
1.796546E-03,-5.1414709E+00,-8.0891205E-01
1.799822E-03,-5.1466589E+00,-8.0982758E-01
1.803099E-03,-5.1472693E+00,-8.1295563E-01
1.806376E-03,-5.1451331E+00,-8.1364227E-01
1.809653E-03,-5.1433020E+00,-8.1554962E-01
1.812930E-03,-5.1423865E+00,-8.1509186E-01
1.816206E-03,-5.1442175E+00,-8.1707550E-01
1.819483E-03,-5.1411658E+00,-8.1631256E-01
1.822760E-03,-5.1433020E+00,-8.1722809E-01
1.826037E-03,-5.1439124E+00,-8.1562592E-01
1.829314E-03,-5.1414709E+00,-8.1562592E-01
1.832590E-03,-5.1436072E+00,-8.1326080E-01
1.835867E-03,-5.1411658E+00,-8.1257416E-01
1.839144E-03,-5.1341467E+00,-8.0891205E-01
1.842421E-03,-5.1378088E+00,-8.0845428E-01
1.845698E-03,-5.1368933E+00,-8.0402924E-01
1.848974E-03,-5.1344519E+00,-8.0219818E-01
1.852251E-03,-5.1347571E+00,-7.9754425E-01
1.855528E-03,-5.1344519E+00,-7.9441620E-01
1.858805E-03,-5.1295691E+00,-7.8945709E-01
1.862082E-03,-5.1310950E+00,-7.8617645E-01
1.865358E-03,-5.1314001E+00,-7.8106476E-01
1.868635E-03,-5.1307898E+00,-7.7648712E-01
1.871912E-03,-5.1292639E+00,-7.6939178E-01
1.875189E-03,-5.1329260E+00,-7.6466156E-01
1.878466E-03,-5.1292639E+00,-7.5779510E-01
1.881742E-03,-5.1274329E+00,-7.5169159E-01
1.885019E-03,-5.1246863E+00,-7.4398590E-01
1.888296E-03,-5.1210242E+00,-7.3750092E-01
1.891573E-03,-5.1194983E+00,-7.2949005E-01
1.894850E-03,-5.1191931E+00,-7.2247101E-01
1.898126E-03,-5.1231604E+00,-7.1354462E-01
1.901403E-03,-5.1225500E+00,-7.0545746E-01
1.904680E-03,-5.1304846E+00,-6.9599701E-01
1.907957E-03,-5.1344519E+00,-6.8752838E-01
1.911234E-03,-5.1417761E+00,-6.7745758E-01
1.914510E-03,-5.1433020E+00,-6.6853119E-01
1.917787E-03,-5.1487952E+00,-6.5846039E-01
1.921064E-03,-5.1469641E+00,-6.4838959E-01
1.924341E-03,-5.1454382E+00,-6.3747955E-01
1.927618E-03,-5.1457434E+00,-6.2740875E-01
1.930894E-03,-5.1439124E+00,-6.1558319E-01
1.934171E-03,-5.1368933E+00,-6.0459686E-01
1.937448E-03,-5.1381140E+00,-5.9300018E-01
1.940725E-03,-5.1323157E+00,-5.8117462E-01
1.944002E-03,-5.1359778E+00,-5.6850983E-01
1.947278E-03,-5.1365881E+00,-5.5569244E-01
1.950555E-03,-5.1368933E+00,-5.4356171E-01
1.953832E-03,-5.1414709E+00,-5.3097321E-01
1.957109E-03,-5.1411658E+00,-5.1739288E-01
1.960386E-03,-5.1375037E+00,-5.0404144E-01
1.963662E-03,-5.1378088E+00,-4.8977448E-01
1.966939E-03,-5.1381140E+00,-4.7634674E-01
1.970216E-03,-5.1347571E+00,-4.6246124E-01
1.973493E-03,-5.1353674E+00,-4.4773651E-01
1.976770E-03,-5.1317053E+00,-4.3354584E-01
1.980046E-03,-5.1320105E+00,-4.1836334E-01
1.983323E-03,-5.1298743E+00,-4.0409637E-01
1.986600E-03,-5.1301794E+00,-3.8822723E-01
1.989877E-03,-5.1240759E+00,-3.7228180E-01
1.993154E-03,-5.1289587E+00,-3.5679413E-01
1.996430E-03,-5.1271277E+00,-3.4092499E-01
1.999707E-03,-5.1356726E+00,-3.2513214E-01
2.002984E-03,-5.1368933E+00,-3.0903412E-01
2.006261E-03,-5.1381140E+00,-2.9278351E-01
2.009538E-03,-5.1399451E+00,-2.7691437E-01
2.012814E-03,-5.1460486E+00,-2.6089264E-01
2.016091E-03,-5.1466589E+00,-2.4479462E-01
2.019368E-03,-5.1463538E+00,-2.2846771E-01
2.022645E-03,-5.1448279E+00,-2.1191193E-01
2.025922E-03,-5.1442175E+00,-1.9474579E-01
2.029198E-03,-5.1402502E+00,-1.7872406E-01
2.032475E-03,-5.1375037E+00,-1.6071869E-01
2.035752E-03,-5.1417761E+00,-1.4423920E-01
2.039029E-03,-5.1396399E+00,-1.2714935E-01
2.042306E-03,-5.1414709E+00,-1.1097504E-01
2.045582E-03,-5.1399451E+00,-9.3885193E-02
2.048859E-03,-5.1393347E+00,-7.6032410E-02
2.052136E-03,-5.1393347E+00,-5.9476624E-02
2.055413E-03,-5.1317053E+00,-4.1929016E-02
2.058690E-03,-5.1307898E+00,-2.4381409E-02
2.061966E-03,-5.1317053E+00,-6.9863892E-03
2.065243E-03,-5.1231604E+00,1.0713806E-02
2.068520E-03,-5.1274329E+00,2.7727356E-02
2.071797E-03,-5.1249915E+00,4.5122375E-02
2.075074E-03,-5.1277380E+00,6.2059631E-02
2.078350E-03,-5.1335364E+00,7.9530945E-02
2.081627E-03,-5.1320105E+00,9.6620789E-02
2.084904E-03,-5.1347571E+00,1.1401581E-01
2.088181E-03,-5.1356726E+00,1.3102936E-01
2.091458E-03,-5.1408606E+00,1.4773773E-01
2.094734E-03,-5.1436072E+00,1.6452240E-01
2.098011E-03,-5.1445227E+00,1.8145966E-01
2.101288E-03,-5.1442175E+00,1.9786285E-01
2.104565E-03,-5.1353674E+00,2.1563934E-01
2.107842E-03,-5.1423865E+00,2.3234772E-01
2.111118E-03,-5.1350623E+00,2.4905609E-01
2.114395E-03,-5.1375037E+00,2.6492523E-01
2.117672E-03,-5.1396399E+00,2.8315948E-01
2.120949E-03,-5.1384192E+00,2.9849457E-01
2.124226E-03,-5.1405554E+00,3.1566071E-01
2.127502E-03,-5.1411658E+00,3.3214020E-01
2.130779E-03,-5.1387244E+00,3.4884857E-01
2.134056E-03,-5.1396399E+00,3.6418365E-01
2.137333E-03,-5.1414709E+00,3.8020538E-01
2.140610E-03,-5.1402502E+00,3.9538788E-01
2.143886E-03,-5.1399451E+00,4.1163849E-01
2.147163E-03,-5.1399451E+00,4.2712616E-01
2.150440E-03,-5.1335364E+00,4.4238495E-01
2.153717E-03,-5.1393347E+00,4.5695709E-01
2.156994E-03,-5.1375037E+00,4.7313141E-01
2.160270E-03,-5.1417761E+00,4.8747467E-01
2.163547E-03,-5.1466589E+00,5.0273346E-01
2.166824E-03,-5.1433020E+00,5.1593231E-01
2.170101E-03,-5.1478796E+00,5.3065704E-01
2.173378E-03,-5.1536780E+00,5.4431366E-01
2.176654E-03,-5.1542883E+00,5.5789398E-01
2.179931E-03,-5.1564246E+00,5.7055878E-01
2.183208E-03,-5.1567297E+00,5.8413910E-01
2.186485E-03,-5.1561194E+00,5.9573578E-01
2.189762E-03,-5.1585608E+00,6.0962128E-01
2.193038E-03,-5.1585608E+00,6.2175201E-01
2.196315E-03,-5.1603918E+00,6.3441681E-01
2.199592E-03,-5.1585608E+00,6.4601349E-01
2.202869E-03,-5.1603918E+00,6.5822052E-01
2.206146E-03,-5.1603918E+00,6.6859650E-01
2.209422E-03,-5.1616125E+00,6.7988800E-01
2.212699E-03,-5.1698523E+00,6.9034027E-01
2.215976E-03,-5.1658850E+00,7.0163177E-01
2.219253E-03,-5.1646643E+00,7.1170258E-01
2.222530E-03,-5.1631384E+00,7.2184967E-01
2.225806E-03,-5.1603918E+00,7.3069977E-01
2.229083E-03,-5.1640540E+00,7.4176239E-01
2.232360E-03,-5.1652747E+00,7.5076508E-01
2.235637E-03,-5.1585608E+00,7.6045441E-01
2.238914E-03,-5.1582556E+00,7.6754974E-01
2.242190E-03,-5.1552039E+00,7.7624725E-01
2.245467E-03,-5.1530676E+00,7.8380035E-01
2.248744E-03,-5.1466589E+00,7.9165863E-01
2.252021E-03,-5.1463538E+00,7.9837250E-01
2.255298E-03,-5.1475745E+00,8.0615448E-01
2.258574E-03,-5.1436072E+00,8.1187653E-01
2.261851E-03,-5.1475745E+00,8.1912445E-01
2.265128E-03,-5.1445227E+00,8.2431244E-01
2.268405E-03,-5.1558142E+00,8.3064484E-01
2.271682E-03,-5.1548987E+00,8.3514618E-01
2.274958E-03,-5.1536780E+00,8.4071564E-01
2.278235E-03,-5.1530676E+00,8.4498810E-01
2.281512E-03,-5.1542883E+00,8.5002350E-01
2.284789E-03,-5.1582556E+00,8.5254120E-01
2.288066E-03,-5.1582556E+00,8.5742401E-01
2.291342E-03,-5.1548987E+00,8.5956024E-01
2.294619E-03,-5.1512366E+00,8.6345123E-01
2.297896E-03,-5.1463538E+00,8.6551117E-01
2.301173E-03,-5.1390295E+00,8.6871552E-01
2.304450E-03,-5.1472693E+00,8.6894440E-01
2.307726E-03,-5.1387244E+00,8.7184357E-01
2.311003E-03,-5.1429968E+00,8.7222504E-01
2.314280E-03,-5.1460486E+00,8.7367462E-01
2.317557E-03,-5.1487952E+00,8.7207245E-01
2.320834E-03,-5.1433020E+00,8.7344574E-01
2.324110E-03,-5.1484900E+00,8.7222504E-01
2.327387E-03,-5.1475745E+00,8.7275909E-01
2.330664E-03,-5.1475745E+00,8.7092804E-01
2.333941E-03,-5.1466589E+00,8.7024139E-01
2.337218E-03,-5.1539832E+00,8.6734222E-01
2.340494E-03,-5.1472693E+00,8.6551117E-01
2.343771E-03,-5.1500159E+00,8.6207794E-01
2.347048E-03,-5.1460486E+00,8.6039948E-01
2.350325E-03,-5.1481848E+00,8.5696625E-01
2.353602E-03,-5.1457434E+00,8.5368561E-01
2.356878E-03,-5.1390295E+00,8.4941315E-01
2.360155E-03,-5.1469641E+00,8.4605621E-01
2.363432E-03,-5.1457434E+00,8.4033417E-01
2.366709E-03,-5.1436072E+00,8.3590912E-01
2.369986E-03,-5.1484900E+00,8.2942413E-01
2.373262E-03,-5.1481848E+00,8.2446503E-01
2.376539E-03,-5.1475745E+00,8.1767487E-01
2.379816E-03,-5.1518469E+00,8.1241058E-01
2.383093E-03,-5.1515417E+00,8.0569672E-01
2.386370E-03,-5.1542883E+00,7.9928802E-01
2.389646E-03,-5.1506262E+00,7.9089569E-01
2.392923E-03,-5.1500159E+00,7.8425812E-01
2.396200E-03,-5.1457434E+00,7.7578949E-01
2.399477E-03,-5.1460486E+00,7.6816010E-01
2.402754E-03,-5.1375037E+00,7.5953888E-01
2.406030E-03,-5.1429968E+00,7.5137543E-01
2.409307E-03,-5.1341467E+00,7.4168610E-01
2.412584E-03,-5.1365881E+00,7.3230194E-01
2.415861E-03,-5.1390295E+00,7.2284149E-01
2.419138E-03,-5.1295691E+00,7.1284698E-01
2.422414E-03,-5.1301794E+00,7.0216583E-01
2.425691E-03,-5.1271277E+00,6.9209503E-01
2.428968E-03,-5.1310950E+00,6.8072723E-01
2.432245E-03,-5.1262122E+00,6.6974091E-01
2.435522E-03,-5.1262122E+00,6.5822052E-01
2.438798E-03,-5.1228552E+00,6.4647125E-01
2.442075E-03,-5.1191931E+00,6.3395905E-01
2.445352E-03,-5.1173621E+00,6.2236237E-01
2.448629E-03,-5.1127844E+00,6.0962128E-01
2.451906E-03,-5.1106482E+00,5.9726166E-01
2.455182E-03,-5.1094275E+00,5.8429169E-01
2.458459E-03,-5.1121741E+00,5.7162689E-01
2.461736E-03,-5.1158362E+00,5.5804657E-01
2.465013E-03,-5.1161414E+00,5.4477142E-01
2.468290E-03,-5.1191931E+00,5.2974152E-01
2.471566E-03,-5.1198035E+00,5.1654266E-01
2.474843E-03,-5.1271277E+00,5.0189423E-01
2.478120E-03,-5.1234656E+00,4.8770355E-01
2.481397E-03,-5.1323157E+00,4.7267365E-01
2.484674E-03,-5.1323157E+00,4.5764374E-01
2.487950E-03,-5.1381140E+00,4.4253754E-01
2.491227E-03,-5.1436072E+00,4.2674469E-01
2.494504E-03,-5.1356726E+00,4.1140961E-01
2.497781E-03,-5.1390295E+00,3.9500641E-01
2.501058E-03,-5.1408606E+00,3.8066315E-01
2.504334E-03,-5.1402502E+00,3.6456512E-01
2.507611E-03,-5.1454382E+00,3.4823822E-01
2.510888E-03,-5.1396399E+00,3.3252167E-01
2.514165E-03,-5.1368933E+00,3.1657623E-01
2.517442E-03,-5.1335364E+00,2.9971527E-01
2.520718E-03,-5.1347571E+00,2.8323578E-01
2.523995E-03,-5.1283484E+00,2.6599335E-01
2.527272E-03,-5.1326208E+00,2.4974274E-01
2.530549E-03,-5.1326208E+00,2.3288177E-01
2.533826E-03,-5.1317053E+00,2.1586823E-01
2.537102E-03,-5.1347571E+00,1.9931244E-01
2.540379E-03,-5.1280432E+00,1.8260406E-01
2.543656E-03,-5.1274329E+00,1.6581940E-01
2.546933E-03,-5.1262122E+00,1.4842438E-01
2.550210E-03,-5.1310950E+00,1.3194489E-01
2.553486E-03,-5.1323157E+00,1.1561798E-01
2.556763E-03,-5.1262122E+00,9.7765198E-02
2.560040E-03,-5.1243811E+00,8.0599060E-02
2.563317E-03,-5.1194983E+00,6.2822571E-02
2.566594E-03,-5.1140051E+00,4.5046082E-02
2.569870E-03,-5.1103430E+00,2.8414001E-02
2.573147E-03,-5.1097327E+00,1.1934509E-02
2.576424E-03,-5.1146155E+00,-5.9182739E-03
2.579701E-03,-5.1103430E+00,-2.2474060E-02
2.582978E-03,-5.1161414E+00,-4.0021667E-02
2.586254E-03,-5.1176672E+00,-5.7569275E-02
2.589531E-03,-5.1228552E+00,-7.5345764E-02
2.592808E-03,-5.1368933E+00,-9.2130432E-02
2.596085E-03,-5.1408606E+00,-1.1013580E-01
2.599362E-03,-5.1472693E+00,-1.2653900E-01
2.602638E-03,-5.1524573E+00,-1.4393402E-01
2.605915E-03,-5.1509314E+00,-1.6094757E-01
2.609192E-03,-5.1561194E+00,-1.7773224E-01
2.612469E-03,-5.1555090E+00,-1.9535614E-01
2.615746E-03,-5.1564246E+00,-2.1206451E-01
2.619022E-03,-5.1585608E+00,-2.2808624E-01
2.622299E-03,-5.1536780E+00,-2.4509979E-01
2.625576E-03,-5.1542883E+00,-2.6119781E-01
2.628853E-03,-5.1506262E+00,-2.7805878E-01
2.632130E-03,-5.1478796E+00,-2.9308868E-01
2.635406E-03,-5.1487952E+00,-3.1048370E-01
2.638683E-03,-5.1448279E+00,-3.2558990E-01
2.641960E-03,-5.1408606E+00,-3.4206940E-01
2.645237E-03,-5.1368933E+00,-3.5679413E-01
2.648514E-03,-5.1335364E+00,-3.7266327E-01
2.651790E-03,-5.1329260E+00,-3.8670135E-01
2.655067E-03,-5.1283484E+00,-4.0279938E-01
2.658344E-03,-5.1237708E+00,-4.1752411E-01
2.661621E-03,-5.1240759E+00,-4.3278290E-01
2.664898E-03,-5.1249915E+00,-4.4704987E-01
2.668174E-03,-5.1252966E+00,-4.6230865E-01
2.671451E-03,-5.1161414E+00,-4.7497345E-01
2.674728E-03,-5.1158362E+00,-4.8924042E-01
2.678005E-03,-5.1194983E+00,-5.0213409E-01
2.681282E-03,-5.1137000E+00,-5.1594330E-01
2.684558E-03,-5.1243811E+00,-5.2921844E-01
2.687835E-03,-5.1213293E+00,-5.4264618E-01
2.691112E-03,-5.1225500E+00,-5.5515839E-01
2.694389E-03,-5.1268225E+00,-5.6805206E-01
2.697666E-03,-5.1256018E+00,-5.8033539E-01
2.700942E-03,-5.1310950E+00,-5.9223724E-01
2.704219E-03,-5.1350623E+00,-6.0314728E-01
2.707496E-03,-5.1329260E+00,-6.1504913E-01
2.710773E-03,-5.1332312E+00,-6.2565399E-01
2.714050E-03,-5.1332312E+00,-6.3763214E-01
2.717326E-03,-5.1335364E+00,-6.4785553E-01
2.720603E-03,-5.1326208E+00,-6.5891815E-01
2.723880E-03,-5.1396399E+00,-6.6853119E-01
2.727157E-03,-5.1457434E+00,-6.7867828E-01
2.730434E-03,-5.1433020E+00,-6.8790985E-01
2.733710E-03,-5.1484900E+00,-6.9767548E-01
2.736987E-03,-5.1457434E+00,-7.0530487E-01
2.740264E-03,-5.1472693E+00,-7.1446014E-01
2.743541E-03,-5.1521521E+00,-7.2201324E-01
2.746818E-03,-5.1527625E+00,-7.3124481E-01
2.750094E-03,-5.1567297E+00,-7.3795868E-01
2.753371E-03,-5.1527625E+00,-7.4619843E-01
2.756648E-03,-5.1530676E+00,-7.5245453E-01
2.759925E-03,-5.1506262E+00,-7.5970245E-01
2.763202E-03,-5.1545935E+00,-7.6504303E-01
2.766478E-03,-5.1512366E+00,-7.7236725E-01
2.769755E-03,-5.1448279E+00,-7.7625824E-01
2.773032E-03,-5.1487952E+00,-7.8220917E-01
2.776309E-03,-5.1445227E+00,-7.8663422E-01
2.779586E-03,-5.1448279E+00,-7.9189850E-01
2.782862E-03,-5.1411658E+00,-7.9441620E-01
2.786139E-03,-5.1347571E+00,-7.9853607E-01
2.789416E-03,-5.1384192E+00,-8.0135895E-01
2.792693E-03,-5.1393347E+00,-8.0540253E-01
2.795970E-03,-5.1317053E+00,-8.0738617E-01
2.799246E-03,-5.1356726E+00,-8.1097198E-01
2.802523E-03,-5.1356726E+00,-8.1165863E-01
2.805800E-03,-5.1387244E+00,-8.1432892E-01
2.809077E-03,-5.1329260E+00,-8.1455780E-01
2.812354E-03,-5.1350623E+00,-8.1608368E-01
2.815630E-03,-5.1359778E+00,-8.1562592E-01
2.818907E-03,-5.1359778E+00,-8.1715179E-01
2.822184E-03,-5.1408606E+00,-8.1608368E-01
2.825461E-03,-5.1375037E+00,-8.1661774E-01
2.828738E-03,-5.1384192E+00,-8.1432892E-01
2.832014E-03,-5.1344519E+00,-8.1387115E-01
2.835291E-03,-5.1283484E+00,-8.1127716E-01
2.838568E-03,-5.1198035E+00,-8.1043793E-01
2.841845E-03,-5.1231604E+00,-8.0730988E-01
2.845122E-03,-5.1265173E+00,-8.0540253E-01
2.848398E-03,-5.1277380E+00,-8.0166412E-01
2.851675E-03,-5.1368933E+00,-7.9868866E-01
2.854952E-03,-5.1390295E+00,-7.9441620E-01
2.858229E-03,-5.1420813E+00,-7.9220367E-01
2.861506E-03,-5.1512366E+00,-7.8724457E-01
2.864782E-03,-5.1524573E+00,-7.8266693E-01
2.868059E-03,-5.1610022E+00,-7.7732635E-01
2.871336E-03,-5.1610022E+00,-7.7221466E-01
2.874613E-03,-5.1680212E+00,-7.6580597E-01
2.877890E-03,-5.1738196E+00,-7.6046539E-01
2.881166E-03,-5.1695471E+00,-7.5321747E-01
2.884443E-03,-5.1677161E+00,-7.4650360E-01
2.887720E-03,-5.1652747E+00,-7.3895050E-01
2.890997E-03,-5.1619177E+00,-7.3216034E-01
2.894274E-03,-5.1637488E+00,-7.2361542E-01
2.897550E-03,-5.1579504E+00,-7.1560455E-01
2.900827E-03,-5.1567297E+00,-7.0637299E-01
2.904104E-03,-5.1521521E+00,-6.9813324E-01
2.907381E-03,-5.1579504E+00,-6.8935944E-01
2.910658E-03,-5.1564246E+00,-6.8050934E-01
2.913934E-03,-5.1585608E+00,-6.7028595E-01
2.917211E-03,-5.1649695E+00,-6.6036774E-01
2.920488E-03,-5.1649695E+00,-6.4983917E-01
2.923765E-03,-5.1640540E+00,-6.3946320E-01
2.927042E-03,-5.1558142E+00,-6.2847687E-01
2.930318E-03,-5.1518469E+00,-6.1756683E-01
2.933595E-03,-5.1436072E+00,-6.0619904E-01
2.936872E-03,-5.1338416E+00,-5.9460236E-01
2.940149E-03,-5.1323157E+00,-5.8262421E-01
2.943426E-03,-5.1231604E+00,-5.7064606E-01
2.946702E-03,-5.1332312E+00,-5.5775238E-01
2.949979E-03,-5.1365881E+00,-5.4516388E-01
2.953256E-03,-5.1439124E+00,-5.3211761E-01
2.956533E-03,-5.1469641E+00,-5.1960541E-01
2.959810E-03,-5.1481848E+00,-5.0594879E-01
2.963086E-03,-5.1484900E+00,-4.9297882E-01
2.966363E-03,-5.1429968E+00,-4.7871185E-01
2.969640E-03,-5.1451331E+00,-4.6436859E-01
2.972917E-03,-5.1445227E+00,-4.5002533E-01
2.976194E-03,-5.1375037E+00,-4.3514801E-01
2.979470E-03,-5.1329260E+00,-4.2057587E-01
2.982747E-03,-5.1292639E+00,-4.0562225E-01
2.986024E-03,-5.1353674E+00,-3.9043976E-01
2.989301E-03,-5.1350623E+00,-3.7502838E-01
2.992578E-03,-5.1335364E+00,-3.5976959E-01
2.995854E-03,-5.1329260E+00,-3.4374786E-01
2.999131E-03,-5.1304846E+00,-3.2856537E-01
3.002408E-03,-5.1359778E+00,-3.1193329E-01
3.005685E-03,-5.1378088E+00,-2.9575897E-01
3.008962E-03,-5.1399451E+00,-2.7958466E-01
3.012238E-03,-5.1442175E+00,-2.6417328E-01
3.015515E-03,-5.1420813E+00,-2.4799896E-01
3.018792E-03,-5.1347571E+00,-2.3151947E-01
3.022069E-03,-5.1368933E+00,-2.1427704E-01
3.025346E-03,-5.1350623E+00,-1.9764496E-01
3.028622E-03,-5.1393347E+00,-1.8078400E-01
3.031899E-03,-5.1436072E+00,-1.6422821E-01
3.035176E-03,-5.1426917E+00,-1.4721466E-01
3.038453E-03,-5.1484900E+00,-1.3073517E-01
3.041730E-03,-5.1494055E+00,-1.1364532E-01
3.045006E-03,-5.1454382E+00,-9.5716248E-02
3.048283E-03,-5.1469641E+00,-7.9160461E-02
3.051560E-03,-5.1463538E+00,-6.1383972E-02
3.054837E-03,-5.1433020E+00,-4.4217834E-02
3.058114E-03,-5.1442175E+00,-2.6593933E-02
3.061390E-03,-5.1384192E+00,-9.5803833E-03
3.064667E-03,-5.1353674E+00,8.1198120E-03
3.067944E-03,-5.1371985E+00,2.5591125E-02
3.071221E-03,-5.1378088E+00,4.2375793E-02
3.074498E-03,-5.1411658E+00,5.9923401E-02
3.077774E-03,-5.1433020E+00,7.7318420E-02
3.081051E-03,-5.1423865E+00,9.5094910E-02
3.084328E-03,-5.1491003E+00,1.1195587E-01
3.087605E-03,-5.1487952E+00,1.2843536E-01
3.090882E-03,-5.1463538E+00,1.4506744E-01
3.094158E-03,-5.1445227E+00,1.6223358E-01
3.097435E-03,-5.1411658E+00,1.7901825E-01
3.100712E-03,-5.1405554E+00,1.9664215E-01
3.103989E-03,-5.1375037E+00,2.1289276E-01
3.107266E-03,-5.1378088E+00,2.2990631E-01
3.110542E-03,-5.1378088E+00,2.4623322E-01
3.113819E-03,-5.1426917E+00,2.6339935E-01
3.117096E-03,-5.1365881E+00,2.7926849E-01
3.120373E-03,-5.1445227E+00,2.9643463E-01
3.123650E-03,-5.1475745E+00,3.1291412E-01
3.126926E-03,-5.1491003E+00,3.2901215E-01
3.130203E-03,-5.1606970E+00,3.4472870E-01
3.133480E-03,-5.1573401E+00,3.6120819E-01
3.136757E-03,-5.1606970E+00,3.7669586E-01
3.140034E-03,-5.1603918E+00,3.9294647E-01
3.143310E-03,-5.1533728E+00,4.0805267E-01
3.146587E-03,-5.1576453E+00,4.2384552E-01
3.149864E-03,-5.1555090E+00,4.3864655E-01
3.153141E-03,-5.1570349E+00,4.5382904E-01
3.156418E-03,-5.1600867E+00,4.6801971E-01
3.159694E-03,-5.1545935E+00,4.8396515E-01
3.162971E-03,-5.1570349E+00,4.9807953E-01
3.166248E-03,-5.1521521E+00,5.1341461E-01
3.169525E-03,-5.1542883E+00,5.2722382E-01
3.172802E-03,-5.1515417E+00,5.4080414E-01
3.176078E-03,-5.1481848E+00,5.5522369E-01
3.179355E-03,-5.1497107E+00,5.6888031E-01
3.182632E-03,-5.1436072E+00,5.8154510E-01
3.185909E-03,-5.1414709E+00,5.9535431E-01
3.189186E-03,-5.1381140E+00,6.0740875E-01
3.192462E-03,-5.1326208E+00,6.2022614E-01
3.195739E-03,-5.1433020E+00,6.3159393E-01
3.199016E-03,-5.1344519E+00,6.4402985E-01
3.202293E-03,-5.1445227E+00,6.5539764E-01
3.205570E-03,-5.1457434E+00,6.6684174E-01
3.208846E-03,-5.1457434E+00,6.7782806E-01
3.212123E-03,-5.1491003E+00,6.8919586E-01
3.215400E-03,-5.1484900E+00,6.9987701E-01
3.218677E-03,-5.1478796E+00,7.1048187E-01
3.221954E-03,-5.1481848E+00,7.1994232E-01
3.225230E-03,-5.1439124E+00,7.3039459E-01
3.228507E-03,-5.1408606E+00,7.3893951E-01
3.231784E-03,-5.1457434E+00,7.4954437E-01
3.235061E-03,-5.1390295E+00,7.5778412E-01
3.238338E-03,-5.1390295E+00,7.6701569E-01
3.241614E-03,-5.1353674E+00,7.7479767E-01
3.244891E-03,-5.1362830E+00,7.8303741E-01
3.248168E-03,-5.1387244E+00,7.9028534E-01
3.251445E-03,-5.1323157E+00,7.9883026E-01
3.254722E-03,-5.1353674E+00,8.0455231E-01
3.257998E-03,-5.1384192E+00,8.1195282E-01
3.261275E-03,-5.1436072E+00,8.1736969E-01
3.264552E-03,-5.1429968E+00,8.2393097E-01
3.267829E-03,-5.1466589E+00,8.2866119E-01
3.271106E-03,-5.1506262E+00,8.3430695E-01
3.274382E-03,-5.1484900E+00,8.3835052E-01
3.277659E-03,-5.1466589E+00,8.4445404E-01
3.280936E-03,-5.1448279E+00,8.4750580E-01
3.284213E-03,-5.1371985E+00,8.5315155E-01
3.287490E-03,-5.1387244E+00,8.5521149E-01
3.290766E-03,-5.1323157E+00,8.5948395E-01
3.294043E-03,-5.1304846E+00,8.6131500E-01
3.297320E-03,-5.1262122E+00,8.6581635E-01
3.300597E-03,-5.1304846E+00,8.6657928E-01
3.303874E-03,-5.1268225E+00,8.6886810E-01
3.307150E-03,-5.1326208E+00,8.6932587E-01
3.310427E-03,-5.1317053E+00,8.7222504E-01
3.313704E-03,-5.1356726E+00,8.7123322E-01
3.316981E-03,-5.1411658E+00,8.7253021E-01
3.320258E-03,-5.1433020E+00,8.7169098E-01
3.323534E-03,-5.1469641E+00,8.7222504E-01
3.326811E-03,-5.1515417E+00,8.7062286E-01
3.330088E-03,-5.1500159E+00,8.7108063E-01
3.333365E-03,-5.1491003E+00,8.6772369E-01
3.336642E-03,-5.1466589E+00,8.6764740E-01
3.339918E-03,-5.1536780E+00,8.6467194E-01
3.343195E-03,-5.1454382E+00,8.6345123E-01
3.346472E-03,-5.1506262E+00,8.5925507E-01
3.349749E-03,-5.1518469E+00,8.5765289E-01
3.353026E-03,-5.1466589E+00,8.5254120E-01
3.356302E-03,-5.1533728E+00,8.4964203E-01
3.359579E-03,-5.1527625E+00,8.4529327E-01
3.362856E-03,-5.1497107E+00,8.4163116E-01
3.366133E-03,-5.1515417E+00,8.3506989E-01
3.369410E-03,-5.1466589E+00,8.3133148E-01
3.372686E-03,-5.1524573E+00,8.2461761E-01
3.375963E-03,-5.1613074E+00,8.1958221E-01
3.379240E-03,-5.1567297E+00,8.1279205E-01
3.382517E-03,-5.1585608E+00,8.0729889E-01
3.385794E-03,-5.1600867E+00,7.9959320E-01
3.389070E-03,-5.1619177E+00,7.9272675E-01
3.392347E-03,-5.1539832E+00,7.8494476E-01
3.395624E-03,-5.1564246E+00,7.7769684E-01
3.398901E-03,-5.1545935E+00,7.6907562E-01
3.402178E-03,-5.1558142E+00,7.6121735E-01
3.405454E-03,-5.1582556E+00,7.5137543E-01
3.408731E-03,-5.1567297E+00,7.4260162E-01
3.412008E-03,-5.1588660E+00,7.3329376E-01
3.415285E-03,-5.1576453E+00,7.2406219E-01
3.418562E-03,-5.1613074E+00,7.1414398E-01
3.421838E-03,-5.1591711E+00,7.0399689E-01
3.425115E-03,-5.1600867E+00,6.9323944E-01
3.428392E-03,-5.1588660E+00,6.8278717E-01
3.431669E-03,-5.1545935E+00,6.7119049E-01
3.434946E-03,-5.1555090E+00,6.5974640E-01
3.438222E-03,-5.1527625E+00,6.4807343E-01
3.441499E-03,-5.1533728E+00,6.3617157E-01
3.444776E-03,-5.1564246E+00,6.2419342E-01
3.448053E-03,-5.1606970E+00,6.1183380E-01
3.451330E-03,-5.1664954E+00,5.9878754E-01
3.454606E-03,-5.1661902E+00,5.8535980E-01
3.457883E-03,-5.1677161E+00,5.7254242E-01
3.461160E-03,-5.1640540E+00,5.5949615E-01
3.464437E-03,-5.1631384E+00,5.4576324E-01
3.467714E-03,-5.1622229E+00,5.3248810E-01
3.470990E-03,-5.1640540E+00,5.1791595E-01
3.474267E-03,-5.1649695E+00,5.0349640E-01
3.477544E-03,-5.1680212E+00,4.8938202E-01
3.480821E-03,-5.1680212E+00,4.7458099E-01
3.484098E-03,-5.1738196E+00,4.5901703E-01
3.487374E-03,-5.1725989E+00,4.4444489E-01
3.490651E-03,-5.1735144E+00,4.2880463E-01
3.493928E-03,-5.1719885E+00,4.1308807E-01
3.497205E-03,-5.1692419E+00,3.9744781E-01
3.500482E-03,-5.1735144E+00,3.8196014E-01
3.503758E-03,-5.1710730E+00,3.6616730E-01
3.507035E-03,-5.1698523E+00,3.5052704E-01
3.510312E-03,-5.1634436E+00,3.3442902E-01
3.513589E-03,-5.1619177E+00,3.1772064E-01
3.516866E-03,-5.1674109E+00,3.0093597E-01
3.520142E-03,-5.1643591E+00,2.8460907E-01
3.523419E-03,-5.1698523E+00,2.6797699E-01
3.526696E-03,-5.1698523E+00,2.5103973E-01
3.529973E-03,-5.1738196E+00,2.3463654E-01
3.533250E-03,-5.1771765E+00,2.1808075E-01
3.536526E-03,-5.1790076E+00,2.0152496E-01
3.539803E-03,-5.1814490E+00,1.8474030E-01
3.543080E-03,-5.1799231E+00,1.6765045E-01
3.546357E-03,-5.1765662E+00,1.5155243E-01
3.549634E-03,-5.1750403E+00,1.3431000E-01
3.552910E-03,-5.1713782E+00,1.1767792E-01
3.556187E-03,-5.1729041E+00,1.0043549E-01
3.559464E-03,-5.1729041E+00,8.3193054E-02
3.562741E-03,-5.1655798E+00,6.6103210E-02
3.566018E-03,-5.1719885E+00,4.8479309E-02
3.569294E-03,-5.1701575E+00,3.1236877E-02
3.572571E-03,-5.1713782E+00,1.3384094E-02
3.575848E-03,-5.1692419E+00,-3.7820435E-03
3.579125E-03,-5.1692419E+00,-2.1253357E-02
3.582402E-03,-5.1701575E+00,-3.8114319E-02
3.585678E-03,-5.1664954E+00,-5.5814514E-02
3.588955E-03,-5.1671057E+00,-7.2370300E-02
3.592232E-03,-5.1668005E+00,-9.0146790E-02
3.595509E-03,-5.1680212E+00,-1.0769440E-01
3.598786E-03,-5.1671057E+00,-1.2493683E-01
3.602062E-03,-5.1649695E+00,-1.4195038E-01
3.605339E-03,-5.1716833E+00,-1.5865875E-01
3.608616E-03,-5.1701575E+00,-1.7529083E-01
3.611893E-03,-5.1637488E+00,-1.9268585E-01
3.615170E-03,-5.1686316E+00,-2.0893646E-01
3.618446E-03,-5.1555090E+00,-2.2556854E-01
3.621723E-03,-5.1579504E+00,-2.4151398E-01
3.625000E-03,-5.1567297E+00,-2.5890900E-01
3.628277E-03,-5.1548987E+00,-2.7493073E-01
3.631554E-03,-5.1567297E+00,-2.9079987E-01
3.634830E-03,-5.1530676E+00,-3.0644012E-01
3.638107E-03,-5.1512366E+00,-3.2284332E-01
3.641384E-03,-5.1515417E+00,-3.3817841E-01
3.644661E-03,-5.1487952E+00,-3.5412384E-01
3.647938E-03,-5.1506262E+00,-3.6892487E-01
3.651214E-03,-5.1494055E+00,-3.8548065E-01
3.654491E-03,-5.1500159E+00,-3.9990021E-01
3.657768E-03,-5.1472693E+00,-4.1546417E-01
3.661045E-03,-5.1515417E+00,-4.2996002E-01
3.664322E-03,-5.1512366E+00,-4.4521881E-01
3.667598E-03,-5.1445227E+00,-4.5857025E-01
3.670875E-03,-5.1466589E+00,-4.7321869E-01
3.674152E-03,-5.1429968E+00,-4.8641754E-01
3.677429E-03,-5.1402502E+00,-5.0037933E-01
3.680706E-03,-5.1368933E+00,-5.1380707E-01
3.683982E-03,-5.1314001E+00,-5.2700592E-01
3.687259E-03,-5.1317053E+00,-5.3974701E-01
3.690536E-03,-5.1362830E+00,-5.5332733E-01
3.693813E-03,-5.1393347E+00,-5.6583954E-01
3.697090E-03,-5.1362830E+00,-5.7842804E-01
3.700366E-03,-5.1487952E+00,-5.8979584E-01
3.703643E-03,-5.1436072E+00,-6.0192657E-01
3.706920E-03,-5.1512366E+00,-6.1283661E-01
3.710197E-03,-5.1545935E+00,-6.2511993E-01
3.713474E-03,-5.1558142E+00,-6.3496185E-01
3.716750E-03,-5.1582556E+00,-6.4602448E-01
3.720027E-03,-5.1573401E+00,-6.5624786E-01
3.723304E-03,-5.1567297E+00,-6.6700531E-01
3.726581E-03,-5.1567297E+00,-6.7631317E-01
3.729858E-03,-5.1518469E+00,-6.8653656E-01
3.733134E-03,-5.1509314E+00,-6.9447113E-01
3.736411E-03,-5.1509314E+00,-7.0355011E-01
3.739688E-03,-5.1472693E+00,-7.1125580E-01
3.742965E-03,-5.1512366E+00,-7.2033478E-01
3.746242E-03,-5.1503210E+00,-7.2811676E-01
3.749518E-03,-5.1527625E+00,-7.3650909E-01
3.752795E-03,-5.1570349E+00,-7.4261261E-01
3.756072E-03,-5.1570349E+00,-7.5069977E-01
3.759349E-03,-5.1643591E+00,-7.5657440E-01
3.762626E-03,-5.1692419E+00,-7.6412750E-01
3.765902E-03,-5.1704626E+00,-7.6923920E-01
3.769179E-03,-5.1768713E+00,-7.7641083E-01
3.772456E-03,-5.1759558E+00,-7.8022552E-01
3.775733E-03,-5.1790076E+00,-7.8610016E-01
3.779010E-03,-5.1808386E+00,-7.8953339E-01
3.782286E-03,-5.1796179E+00,-7.9517914E-01
3.785563E-03,-5.1793127E+00,-7.9769684E-01
3.788840E-03,-5.1787024E+00,-8.0227448E-01
3.792117E-03,-5.1741248E+00,-8.0456329E-01
3.795394E-03,-5.1722937E+00,-8.0807281E-01
3.798670E-03,-5.1738196E+00,-8.0967499E-01
3.801947E-03,-5.1668005E+00,-8.1257416E-01
3.805224E-03,-5.1680212E+00,-8.1242157E-01
3.808501E-03,-5.1640540E+00,-8.1539703E-01
3.811778E-03,-5.1692419E+00,-8.1486298E-01
3.815054E-03,-5.1631384E+00,-8.1654144E-01
3.818331E-03,-5.1579504E+00,-8.1577850E-01
3.821608E-03,-5.1591711E+00,-8.1661774E-01
3.824885E-03,-5.1503210E+00,-8.1577850E-01
3.828162E-03,-5.1500159E+00,-8.1585480E-01
3.831438E-03,-5.1515417E+00,-8.1272675E-01
3.834715E-03,-5.1524573E+00,-8.1249786E-01
3.837992E-03,-5.1481848E+00,-8.0860687E-01
3.841269E-03,-5.1521521E+00,-8.0814911E-01
3.844546E-03,-5.1484900E+00,-8.0456329E-01
3.847822E-03,-5.1512366E+00,-8.0280853E-01
3.851099E-03,-5.1527625E+00,-7.9807831E-01
3.854376E-03,-5.1567297E+00,-7.9609467E-01
3.857653E-03,-5.1600867E+00,-7.9090668E-01
3.860930E-03,-5.1600867E+00,-7.8693939E-01
3.864206E-03,-5.1640540E+00,-7.8205658E-01
3.867483E-03,-5.1619177E+00,-7.7816559E-01
3.870760E-03,-5.1631384E+00,-7.7137543E-01
3.874037E-03,-5.1668005E+00,-7.6733185E-01
3.877314E-03,-5.1619177E+00,-7.6038910E-01
3.880590E-03,-5.1634436E+00,-7.5413300E-01
3.883867E-03,-5.1649695E+00,-7.4635101E-01
3.887144E-03,-5.1616125E+00,-7.4024750E-01
3.890421E-03,-5.1625281E+00,-7.3246552E-01
3.893698E-03,-5.1628333E+00,-7.2537018E-01
3.896974E-03,-5.1677161E+00,-7.1644379E-01
3.900251E-03,-5.1680212E+00,-7.0820404E-01
3.903528E-03,-5.1713782E+00,-6.9958282E-01
3.906805E-03,-5.1735144E+00,-6.9096161E-01
3.910082E-03,-5.1796179E+00,-6.8142487E-01
3.913358E-03,-5.1759558E+00,-6.7295624E-01
3.916635E-03,-5.1729041E+00,-6.6204620E-01
3.919912E-03,-5.1661902E+00,-6.5205170E-01
3.923189E-03,-5.1649695E+00,-6.4091278E-01
3.926466E-03,-5.1680212E+00,-6.3038422E-01
3.929742E-03,-5.1622229E+00,-6.1909271E-01
3.933019E-03,-5.1622229E+00,-6.0795380E-01
3.936296E-03,-5.1613074E+00,-5.9620453E-01
3.939573E-03,-5.1643591E+00,-5.8476044E-01
3.942850E-03,-5.1582556E+00,-5.7232452E-01
3.946126E-03,-5.1603918E+00,-5.5996490E-01
3.949403E-03,-5.1582556E+00,-5.4684235E-01
3.952680E-03,-5.1536780E+00,-5.3425385E-01
3.955957E-03,-5.1521521E+00,-5.2120758E-01
3.959234E-03,-5.1512366E+00,-5.0716949E-01
3.962510E-03,-5.1469641E+00,-4.9320770E-01
3.965787E-03,-5.1466589E+00,-4.8054291E-01
3.969064E-03,-5.1408606E+00,-4.6635223E-01
3.972341E-03,-5.1454382E+00,-4.5200897E-01
3.975618E-03,-5.1423865E+00,-4.3728424E-01
3.978894E-03,-5.1451331E+00,-4.2286469E-01
3.982171E-03,-5.1454382E+00,-4.0760590E-01
3.985448E-03,-5.1478796E+00,-3.9234711E-01
3.988725E-03,-5.1515417E+00,-3.7708832E-01
3.992002E-03,-5.1460486E+00,-3.6221100E-01
3.995278E-03,-5.1481848E+00,-3.4588409E-01
3.998555E-03,-5.1426917E+00,-3.3024384E-01
4.001832E-03,-5.1472693E+00,-3.1437469E-01
4.005109E-03,-5.1478796E+00,-2.9865814E-01
4.008386E-03,-5.1484900E+00,-2.8263641E-01
4.011662E-03,-5.1548987E+00,-2.6569916E-01
4.014939E-03,-5.1597815E+00,-2.5013519E-01
4.018216E-03,-5.1643591E+00,-2.3335052E-01
4.021493E-03,-5.1686316E+00,-2.1763397E-01
4.024770E-03,-5.1683264E+00,-2.0069672E-01
4.028046E-03,-5.1710730E+00,-1.8398834E-01
4.031323E-03,-5.1664954E+00,-1.6689850E-01
4.034600E-03,-5.1774817E+00,-1.4988495E-01
4.037877E-03,-5.1719885E+00,-1.3363434E-01
4.041154E-03,-5.1713782E+00,-1.1639191E-01
4.044430E-03,-5.1744299E+00,-9.9073181E-02
4.047707E-03,-5.1753455E+00,-8.2212219E-02
4.050984E-03,-5.1826697E+00,-6.5046082E-02
4.054261E-03,-5.1845007E+00,-4.7803650E-02
4.057538E-03,-5.1887732E+00,-3.0179749E-02
4.060814E-03,-5.1857214E+00,-1.3089905E-02
4.064091E-03,-5.1823645E+00,3.8473511E-03
4.067368E-03,-5.1848059E+00,2.1394958E-02
4.070645E-03,-5.1893835E+00,3.8942566E-02
4.073922E-03,-5.1887732E+00,5.5574646E-02
4.077198E-03,-5.1902991E+00,7.3198547E-02
4.080475E-03,-5.1814490E+00,9.0364685E-02
4.083752E-03,-5.1851111E+00,1.0859894E-01
4.087029E-03,-5.1808386E+00,1.2515472E-01
4.090306E-03,-5.1783972E+00,1.4224457E-01
4.093582E-03,-5.1741248E+00,1.5880035E-01
4.096859E-03,-5.1793127E+00,1.7581390E-01
4.100136E-03,-5.1756506E+00,1.9236969E-01
4.103413E-03,-5.1765662E+00,2.0984100E-01
4.106690E-03,-5.1729041E+00,2.2632050E-01
4.109966E-03,-5.1680212E+00,2.4363922E-01
4.113243E-03,-5.1719885E+00,2.6034760E-01
4.116520E-03,-5.1664954E+00,2.7675079E-01
4.119797E-03,-5.1625281E+00,2.9323029E-01
4.123074E-03,-5.1628333E+00,3.1032013E-01
4.126350E-03,-5.1637488E+00,3.2634186E-01
4.129627E-03,-5.1686316E+00,3.4228729E-01
4.132904E-03,-5.1680212E+00,3.5838531E-01
4.136181E-03,-5.1701575E+00,3.7448334E-01
4.139458E-03,-5.1793127E+00,3.8981842E-01
4.142734E-03,-5.1802283E+00,4.0561127E-01
4.146011E-03,-5.1863318E+00,4.2125153E-01
4.149288E-03,-5.1893835E+00,4.3689178E-01
4.152565E-03,-5.1854163E+00,4.5176910E-01
4.155842E-03,-5.1896887E+00,4.6771454E-01
4.159118E-03,-5.1845007E+00,4.8251556E-01
4.162395E-03,-5.1872473E+00,4.9746918E-01
4.165672E-03,-5.1857214E+00,5.1043915E-01
4.168949E-03,-5.1857214E+00,5.2501129E-01
4.172226E-03,-5.1866370E+00,5.3821014E-01
4.175502E-03,-5.1845007E+00,5.5240082E-01
4.178779E-03,-5.1838904E+00,5.6582855E-01
4.182056E-03,-5.1854163E+00,5.7948517E-01
4.185333E-03,-5.1783972E+00,5.9230255E-01
4.188610E-03,-5.1808386E+00,6.0565399E-01
4.191886E-03,-5.1771765E+00,6.1686920E-01
4.195163E-03,-5.1802283E+00,6.2968658E-01
4.198440E-03,-5.1762610E+00,6.4135956E-01
4.201717E-03,-5.1747351E+00,6.5394806E-01
4.204994E-03,-5.1674109E+00,6.6539215E-01
4.208270E-03,-5.1692419E+00,6.7721771E-01
4.211547E-03,-5.1646643E+00,6.8744110E-01
4.214824E-03,-5.1588660E+00,6.9896149E-01
4.218101E-03,-5.1606970E+00,7.0903229E-01
4.221378E-03,-5.1552039E+00,7.1994232E-01
4.224654E-03,-5.1570349E+00,7.2917389E-01
4.227931E-03,-5.1606970E+00,7.3924469E-01
4.231208E-03,-5.1616125E+00,7.4801849E-01
4.234485E-03,-5.1613074E+00,7.5740265E-01
4.237762E-03,-5.1671057E+00,7.6487946E-01
4.241038E-03,-5.1658850E+00,7.7395844E-01
4.244315E-03,-5.1689368E+00,7.8128265E-01
4.247592E-03,-5.1677161E+00,7.8975128E-01
4.250869E-03,-5.1741248E+00,7.9608368E-01
4.254146E-03,-5.1732092E+00,8.0356049E-01
4.257422E-03,-5.1762610E+00,8.0958771E-01
4.260699E-03,-5.1768713E+00,8.1698822E-01
4.263976E-03,-5.1741248E+00,8.2248138E-01
4.267253E-03,-5.1841956E+00,8.2805084E-01
4.270530E-03,-5.1881628E+00,8.3247589E-01
4.273806E-03,-5.1970129E+00,8.3865570E-01
4.277083E-03,-5.2003699E+00,8.4224152E-01
4.280360E-03,-5.2040320E+00,8.4735321E-01
4.283637E-03,-5.2037268E+00,8.5017609E-01
4.286914E-03,-5.2006750E+00,8.5521149E-01
4.290190E-03,-5.2015906E+00,8.5704254E-01
4.293467E-03,-5.2031165E+00,8.6131500E-01
4.296744E-03,-5.1985388E+00,8.6314606E-01
4.300021E-03,-5.1927405E+00,8.6619781E-01
4.303298E-03,-5.1951819E+00,8.6703705E-01
4.306574E-03,-5.1902991E+00,8.7008881E-01
4.309851E-03,-5.1967078E+00,8.6985992E-01
4.313128E-03,-5.1979285E+00,8.7214874E-01
4.316405E-03,-5.1970129E+00,8.7138580E-01
4.319682E-03,-5.1957922E+00,8.7268280E-01
4.322958E-03,-5.1954871E+00,8.7092804E-01
4.326235E-03,-5.1994543E+00,8.7146210E-01
4.329512E-03,-5.1951819E+00,8.6970734E-01
4.332789E-03,-5.1939612E+00,8.6909698E-01
4.336066E-03,-5.1948767E+00,8.6696075E-01
4.339342E-03,-5.1930457E+00,8.6558746E-01
4.342619E-03,-5.1951819E+00,8.6215424E-01
4.345896E-03,-5.1878577E+00,8.6024689E-01
4.349173E-03,-5.1951819E+00,8.5643219E-01
4.352450E-03,-5.1838904E+00,8.5452484E-01
4.355726E-03,-5.1735144E+00,8.5017609E-01
4.359003E-03,-5.1710730E+00,8.4651398E-01
4.362280E-03,-5.1707678E+00,8.4147858E-01
4.365557E-03,-5.1622229E+00,8.3774017E-01
4.368834E-03,-5.1625281E+00,8.3163666E-01
4.372110E-03,-5.1649695E+00,8.2675385E-01
4.375387E-03,-5.1634436E+00,8.2072662E-01
4.378664E-03,-5.1658850E+00,8.1515717E-01
4.381941E-03,-5.1680212E+00,8.0806183E-01
4.385218E-03,-5.1661902E+00,8.0157684E-01
4.388494E-03,-5.1655798E+00,7.9417633E-01
4.391771E-03,-5.1661902E+00,7.8730988E-01
4.395048E-03,-5.1704626E+00,7.7907013E-01
4.398325E-03,-5.1710730E+00,7.7144073E-01
4.401602E-03,-5.1695471E+00,7.6213287E-01
4.404878E-03,-5.1664954E+00,7.5313019E-01
4.408155E-03,-5.1671057E+00,7.4359344E-01
4.411432E-03,-5.1588660E+00,7.3443817E-01
4.414709E-03,-5.1658850E+00,7.2482513E-01
4.417986E-03,-5.1664954E+00,7.1589874E-01
4.421262E-03,-5.1588660E+00,7.0514130E-01
4.424539E-03,-5.1671057E+00,6.9461273E-01
4.427816E-03,-5.1616125E+00,6.8362640E-01
4.431093E-03,-5.1719885E+00,6.7302155E-01
4.434370E-03,-5.1732092E+00,6.6150116E-01
4.437646E-03,-5.1768713E+00,6.5020966E-01
4.440923E-03,-5.1799231E+00,6.3838409E-01
4.444200E-03,-5.1738196E+00,6.2640594E-01
4.447477E-03,-5.1774817E+00,6.1320709E-01
4.450754E-03,-5.1808386E+00,6.0153412E-01
4.454030E-03,-5.1777869E+00,5.8772491E-01
4.457307E-03,-5.1875525E+00,5.7467865E-01
4.460584E-03,-5.1906042E+00,5.6125092E-01
4.463861E-03,-5.1967078E+00,5.4820465E-01
4.467138E-03,-5.1957922E+00,5.3401398E-01
4.470414E-03,-5.1918250E+00,5.2020477E-01
4.473691E-03,-5.1951819E+00,5.0639557E-01
4.476968E-03,-5.1957922E+00,4.9228119E-01
4.480245E-03,-5.1902991E+00,4.7725128E-01
4.483522E-03,-5.1970129E+00,4.6222137E-01
4.486798E-03,-5.1951819E+00,4.4673370E-01
4.490075E-03,-5.1957922E+00,4.3185638E-01
4.493352E-03,-5.2049475E+00,4.1545319E-01
4.496629E-03,-5.1957922E+00,4.0034698E-01
4.499906E-03,-5.1976233E+00,3.8478302E-01
4.503182E-03,-5.1988440E+00,3.6883759E-01
4.506459E-03,-5.1921301E+00,3.5281586E-01
4.509736E-03,-5.1970129E+00,3.3679413E-01
4.513013E-03,-5.1951819E+00,3.2138275E-01
4.516290E-03,-5.1957922E+00,3.0436920E-01
4.519566E-03,-5.1951819E+00,2.8842377E-01
4.522843E-03,-5.1899939E+00,2.7156281E-01
4.526120E-03,-5.1960974E+00,2.5531219E-01
4.529397E-03,-5.1945715E+00,2.3868011E-01
4.532674E-03,-5.1979285E+00,2.2136139E-01
4.535950E-03,-5.2012854E+00,2.0564484E-01
4.539227E-03,-5.1976233E+00,1.8863129E-01
4.542504E-03,-5.1979285E+00,1.7131256E-01
4.545781E-03,-5.1890784E+00,1.5475677E-01
4.549058E-03,-5.1902991E+00,1.3804840E-01
4.552334E-03,-5.1899939E+00,1.2103485E-01
4.555611E-03,-5.1884680E+00,1.0386871E-01
4.558888E-03,-5.1930457E+00,8.6321106E-02
4.562165E-03,-5.1921301E+00,6.8697205E-02
4.565442E-03,-5.1930457E+00,5.1225891E-02
4.568718E-03,-5.1936560E+00,3.3983459E-02
4.571995E-03,-5.1884680E+00,1.7275085E-02
4.575272E-03,-5.1951819E+00,-1.1993408E-04
4.578549E-03,-5.1912146E+00,-1.7362366E-02
4.581826E-03,-5.1960974E+00,-3.5215149E-02
4.585102E-03,-5.1976233E+00,-5.2304993E-02
4.588379E-03,-5.1960974E+00,-7.0234070E-02
4.591656E-03,-5.1976233E+00,-8.6637268E-02
4.594933E-03,-5.2000647E+00,-1.0464264E-01
4.598210E-03,-5.2028113E+00,-1.2112213E-01
4.601486E-03,-5.2061682E+00,-1.3836456E-01
4.604763E-03,-5.2079993E+00,-1.5575958E-01
4.608040E-03,-5.2043372E+00,-1.7254425E-01
4.611317E-03,-5.2018958E+00,-1.8879486E-01
4.614594E-03,-5.1970129E+00,-2.0557953E-01
4.617870E-03,-5.1890784E+00,-2.2160126E-01
4.621147E-03,-5.1939612E+00,-2.3739410E-01
4.624424E-03,-5.1845007E+00,-2.5364471E-01
4.627701E-03,-5.1860266E+00,-2.6943756E-01
4.630978E-03,-5.1808386E+00,-2.8591705E-01
4.634254E-03,-5.1771765E+00,-3.0140472E-01
4.637531E-03,-5.1701575E+00,-3.1788422E-01
4.640808E-03,-5.1765662E+00,-3.3390594E-01
4.644085E-03,-5.1716833E+00,-3.5030914E-01
4.647362E-03,-5.1716833E+00,-3.6617828E-01
4.650638E-03,-5.1725989E+00,-3.8212372E-01
4.653915E-03,-5.1729041E+00,-3.9700104E-01
4.657192E-03,-5.1799231E+00,-4.1271759E-01
4.660469E-03,-5.1854163E+00,-4.2744232E-01
4.663746E-03,-5.1893835E+00,-4.4292999E-01
4.667022E-03,-5.1960974E+00,-4.5734955E-01
4.670299E-03,-5.1951819E+00,-4.7176910E-01
4.673576E-03,-5.2028113E+00,-4.8573090E-01
4.676853E-03,-5.2040320E+00,-4.9976898E-01
4.680130E-03,-5.2040320E+00,-5.1350189E-01
4.683406E-03,-5.2028113E+00,-5.2677704E-01
4.686683E-03,-5.2018958E+00,-5.3982330E-01
4.689960E-03,-5.1948767E+00,-5.5233551E-01
4.693237E-03,-5.1976233E+00,-5.6538177E-01
4.696514E-03,-5.1954871E+00,-5.7705475E-01
4.699790E-03,-5.1997595E+00,-5.8964325E-01
4.703067E-03,-5.1964026E+00,-6.0085846E-01
4.706344E-03,-5.1927405E+00,-6.1260773E-01
4.709621E-03,-5.1954871E+00,-6.2359406E-01
4.712898E-03,-5.1948767E+00,-6.3541962E-01
4.716174E-03,-5.2000647E+00,-6.4556671E-01
4.719451E-03,-5.1991492E+00,-6.5685822E-01
4.722728E-03,-5.2055579E+00,-6.6662384E-01
4.726005E-03,-5.2070837E+00,-6.7738129E-01
4.729282E-03,-5.2076941E+00,-6.8546844E-01
4.732558E-03,-5.2061682E+00,-6.9546295E-01
4.735835E-03,-5.2083044E+00,-7.0355011E-01
4.739112E-03,-5.2055579E+00,-7.1308685E-01
4.742389E-03,-5.2003699E+00,-7.2025848E-01
4.745666E-03,-5.1985388E+00,-7.3017670E-01
4.748942E-03,-5.1933508E+00,-7.3597504E-01
4.752219E-03,-5.2015906E+00,-7.4467255E-01
4.755496E-03,-5.1967078E+00,-7.5054718E-01
4.758773E-03,-5.2076941E+00,-7.5962616E-01
4.762050E-03,-5.2098303E+00,-7.6389862E-01
4.765326E-03,-5.2150183E+00,-7.7259613E-01
4.768603E-03,-5.2055579E+00,-7.7656342E-01
4.771880E-03,-5.2101355E+00,-7.8365875E-01
4.775157E-03,-5.2067786E+00,-7.8556610E-01
4.778434E-03,-5.2104407E+00,-7.9289032E-01
4.781710E-03,-5.2211218E+00,-7.9533173E-01
4.784987E-03,-5.2217322E+00,-8.0189301E-01
4.788264E-03,-5.2183752E+00,-8.0288483E-01
4.791541E-03,-5.2195959E+00,-8.0906464E-01
4.794818E-03,-5.2141028E+00,-8.0860687E-01
4.798094E-03,-5.2171545E+00,-8.1425262E-01
4.801371E-03,-5.2098303E+00,-8.1387115E-01
4.804648E-03,-5.2128821E+00,-8.1776215E-01
4.807925E-03,-5.2086096E+00,-8.1646515E-01
4.811202E-03,-5.2058630E+00,-8.2020355E-01
4.814478E-03,-5.1991492E+00,-8.1829620E-01
4.817755E-03,-5.2067786E+00,-8.2157684E-01
4.821032E-03,-5.2003699E+00,-8.1799103E-01
4.824309E-03,-5.2031165E+00,-8.2142426E-01
4.827586E-03,-5.2028113E+00,-8.1738068E-01
4.830862E-03,-5.2119666E+00,-8.1928802E-01
4.834139E-03,-5.2131873E+00,-8.1455780E-01
4.837416E-03,-5.2159338E+00,-8.1631256E-01
4.840693E-03,-5.2116614E+00,-8.1036163E-01
4.843970E-03,-5.2119666E+00,-8.1158234E-01
4.847246E-03,-5.2122717E+00,-8.0517365E-01
4.850523E-03,-5.2086096E+00,-8.0555511E-01
4.853800E-03,-5.2040320E+00,-7.9861237E-01
4.857077E-03,-5.2064734E+00,-7.9800201E-01
4.860354E-03,-5.2022009E+00,-7.9022003E-01
4.863630E-03,-5.2034216E+00,-7.8854156E-01
4.866907E-03,-5.1945715E+00,-7.8045441E-01
4.870184E-03,-5.1970129E+00,-7.7786041E-01
4.873461E-03,-5.1964026E+00,-7.6969696E-01
4.876738E-03,-5.2009802E+00,-7.6634003E-01
4.880014E-03,-5.1985388E+00,-7.5787140E-01
4.883291E-03,-5.2049475E+00,-7.5329376E-01
4.886568E-03,-5.1951819E+00,-7.4368073E-01
4.889845E-03,-5.1921301E+00,-7.3887421E-01
4.893122E-03,-5.1942664E+00,-7.2880341E-01
4.896398E-03,-5.1899939E+00,-7.2292877E-01
4.899675E-03,-5.1918250E+00,-7.1224762E-01
4.902952E-03,-5.1985388E+00,-7.0561005E-01
4.906229E-03,-5.1912146E+00,-6.9470001E-01
4.909506E-03,-5.1936560E+00,-6.8714691E-01
4.912782E-03,-5.1970129E+00,-6.7570282E-01
4.916059E-03,-5.1982336E+00,-6.6837860E-01
4.919336E-03,-5.1945715E+00,-6.5540863E-01
4.922613E-03,-5.1964026E+00,-6.4724518E-01
4.925890E-03,-5.1936560E+00,-6.3465668E-01
4.929166E-03,-5.1994543E+00,-6.2557770E-01
4.932443E-03,-5.2018958E+00,-6.1222626E-01
4.935720E-03,-5.2070837E+00,-6.0299469E-01
4.938997E-03,-5.2107458E+00,-5.8933807E-01
4.942274E-03,-5.2128821E+00,-5.7873322E-01
4.945550E-03,-5.2211218E+00,-5.6500031E-01
4.948827E-03,-5.2147131E+00,-5.5424286E-01
4.952104E-03,-5.2260046E+00,-5.3928925E-01
4.955381E-03,-5.2153235E+00,-5.2799774E-01
4.958658E-03,-5.2153235E+00,-5.1281525E-01
4.961934E-03,-5.2079993E+00,-5.0053192E-01
4.965211E-03,-5.1985388E+00,-4.8458649E-01
4.968488E-03,-5.1930457E+00,-4.7215057E-01
4.971765E-03,-5.1851111E+00,-4.5704437E-01
4.975042E-03,-5.1854163E+00,-4.4315887E-01
4.978318E-03,-5.1826697E+00,-4.2744232E-01
4.981595E-03,-5.1848059E+00,-4.1370941E-01
4.984872E-03,-5.1884680E+00,-3.9745880E-01
4.988149E-03,-5.1896887E+00,-3.8364960E-01
4.991426E-03,-5.2003699E+00,-3.6709381E-01
4.994702E-03,-5.1997595E+00,-3.5275055E-01
4.997979E-03,-5.2046423E+00,-3.3649994E-01
5.001256E-03,-5.2052527E+00,-3.2078339E-01
5.004533E-03,-5.2067786E+00,-3.0430389E-01
5.007810E-03,-5.2116614E+00,-2.8889252E-01
5.011086E-03,-5.2113562E+00,-2.7203156E-01
5.014363E-03,-5.2144080E+00,-2.5585724E-01
5.017640E-03,-5.2128821E+00,-2.3930145E-01
5.020917E-03,-5.2070837E+00,-2.2289825E-01
5.024194E-03,-5.2061682E+00,-2.0596100E-01
5.027470E-03,-5.2003699E+00,-1.8833710E-01
5.030747E-03,-5.1912146E+00,-1.7109467E-01
5.034024E-03,-5.1899939E+00,-1.5415741E-01
5.037301E-03,-5.1848059E+00,-1.3798309E-01
5.040578E-03,-5.1823645E+00,-1.2051178E-01
5.043854E-03,-5.1848059E+00,-1.0403229E-01
5.047131E-03,-5.1808386E+00,-8.6637268E-02
5.050408E-03,-5.1802283E+00,-6.9623718E-02
5.053685E-03,-5.1780920E+00,-5.1542053E-02
5.056962E-03,-5.1780920E+00,-3.4757385E-02
5.060238E-03,-5.1793127E+00,-1.6065369E-02
5.063515E-03,-5.1793127E+00,4.1412354E-04
5.066792E-03,-5.1838904E+00,1.8724670E-02
5.070069E-03,-5.1829749E+00,3.4670105E-02
5.073346E-03,-5.1814490E+00,5.2599182E-02
5.076622E-03,-5.1878577E+00,6.9689026E-02
5.079899E-03,-5.1793127E+00,8.8075867E-02
5.083176E-03,-5.1869421E+00,1.0516571E-01
5.086453E-03,-5.1884680E+00,1.2324738E-01
5.089730E-03,-5.1875525E+00,1.3873505E-01
5.093006E-03,-5.1896887E+00,1.5696930E-01
5.096283E-03,-5.1884680E+00,1.7215179E-01
5.099560E-03,-5.1826697E+00,1.9038605E-01
5.102837E-03,-5.1811438E+00,2.0572113E-01
5.106114E-03,-5.1780920E+00,2.2448944E-01
5.109390E-03,-5.1826697E+00,2.3990082E-01
5.112667E-03,-5.1799231E+00,2.5798248E-01
5.115944E-03,-5.1866370E+00,2.7278351E-01
5.119221E-03,-5.1814490E+00,2.9155182E-01
5.122498E-03,-5.1872473E+00,3.0627655E-01
5.125774E-03,-5.1884680E+00,3.2519745E-01
5.129051E-03,-5.1899939E+00,3.3885406E-01
5.132328E-03,-5.1896887E+00,3.5762238E-01
5.135605E-03,-5.1841956E+00,3.7127899E-01
5.138882E-03,-5.1774817E+00,3.8928436E-01
5.142158E-03,-5.1716833E+00,4.0271210E-01
5.145435E-03,-5.1698523E+00,4.2109894E-01
5.148712E-03,-5.1664954E+00,4.3406891E-01
5.151989E-03,-5.1567297E+00,4.5207428E-01
5.155266E-03,-5.1603918E+00,4.6451019E-01
5.158542E-03,-5.1603918E+00,4.8228668E-01
5.161819E-03,-5.1674109E+00,4.9449371E-01
5.165096E-03,-5.1719885E+00,5.1089691E-01
5.168373E-03,-5.1741248E+00,5.2173065E-01
5.171650E-03,-5.1820593E+00,5.3927826E-01
5.174926E-03,-5.1802283E+00,5.5011200E-01
5.178203E-03,-5.1793127E+00,5.6674408E-01
5.181480E-03,-5.1884680E+00,5.7673859E-01
5.184757E-03,-5.1808386E+00,5.9352325E-01
5.188034E-03,-5.1915198E+00,6.0252594E-01
5.191310E-03,-5.1829749E+00,6.1862396E-01
5.194587E-03,-5.1866370E+00,6.2701630E-01
5.197864E-03,-5.1906042E+00,6.4265656E-01
5.201141E-03,-5.1909094E+00,6.5089630E-01
5.204418E-03,-5.1878577E+00,6.6600250E-01
5.207694E-03,-5.1869421E+00,6.7393707E-01
5.210971E-03,-5.1899939E+00,6.8812775E-01
5.214248E-03,-5.1887732E+00,6.9507050E-01
5.217525E-03,-5.1939612E+00,7.0910858E-01
5.220802E-03,-5.1988440E+00,7.1666168E-01
5.224078E-03,-5.1985388E+00,7.2917389E-01
5.227355E-03,-5.2061682E+00,7.3596405E-01
5.230632E-03,-5.2009802E+00,7.4794220E-01
5.233909E-03,-5.2092200E+00,7.5404572E-01
5.237186E-03,-5.2028113E+00,7.6564240E-01
5.240462E-03,-5.2040320E+00,7.7083038E-01
5.243739E-03,-5.2046423E+00,7.8204559E-01
5.247016E-03,-5.2101355E+00,7.8730988E-01
5.250293E-03,-5.2046423E+00,7.9715179E-01
5.253570E-03,-5.2147131E+00,8.0119537E-01
5.256846E-03,-5.2076941E+00,8.1126617E-01
5.260123E-03,-5.2116614E+00,8.1454681E-01
5.263400E-03,-5.2031165E+00,8.2286285E-01
5.266677E-03,-5.2000647E+00,8.2667755E-01
5.269954E-03,-5.1985388E+00,8.3476471E-01
5.273230E-03,-5.1899939E+00,8.3728241E-01
5.276507E-03,-5.1869421E+00,8.4475922E-01
5.279784E-03,-5.1921301E+00,8.4651398E-01
5.283061E-03,-5.1927405E+00,8.5330414E-01
5.286338E-03,-5.1927405E+00,8.5414337E-01
5.289614E-03,-5.1991492E+00,8.6085724E-01
5.292891E-03,-5.1954871E+00,8.6123871E-01
5.296168E-03,-5.1896887E+00,8.6627411E-01
5.299445E-03,-5.1945715E+00,8.6619781E-01
5.302722E-03,-5.1915198E+00,8.7016510E-01
5.305998E-03,-5.1918250E+00,8.7039398E-01
5.309275E-03,-5.1954871E+00,8.7321686E-01
5.312552E-03,-5.1896887E+00,8.7260651E-01
5.315829E-03,-5.1924353E+00,8.7466644E-01
5.319106E-03,-5.1948767E+00,8.7314056E-01
5.322382E-03,-5.1899939E+00,8.7443756E-01
5.325659E-03,-5.1976233E+00,8.7245392E-01
5.328936E-03,-5.1912146E+00,8.7260651E-01
5.332213E-03,-5.1887732E+00,8.7039398E-01
5.335490E-03,-5.1915198E+00,8.7024139E-01
5.338766E-03,-5.1906042E+00,8.6711334E-01
5.342043E-03,-5.1954871E+00,8.6574005E-01
5.345320E-03,-5.1902991E+00,8.6215424E-01
5.348597E-03,-5.1936560E+00,8.5986542E-01
5.351874E-03,-5.1985388E+00,8.5605072E-01
5.355150E-03,-5.1970129E+00,8.5292267E-01
5.358427E-03,-5.1939612E+00,8.4834503E-01
5.361704E-03,-5.1979285E+00,8.4414886E-01
5.364981E-03,-5.1951819E+00,8.3918976E-01
5.368258E-03,-5.1979285E+00,8.3407806E-01
5.371534E-03,-5.1921301E+00,8.2827972E-01
5.374811E-03,-5.1912146E+00,8.2263397E-01
5.378088E-03,-5.1848059E+00,8.1675934E-01
5.381365E-03,-5.1896887E+00,8.1065582E-01
5.384642E-03,-5.1948767E+00,8.0401825E-01
5.387918E-03,-5.1997595E+00,7.9692291E-01
5.391195E-03,-5.1951819E+00,7.8959869E-01
5.394472E-03,-5.1994543E+00,7.8166412E-01
5.397749E-03,-5.1967078E+00,7.7403473E-01
5.401026E-03,-5.1964026E+00,7.6617645E-01
5.404302E-03,-5.1948767E+00,7.5725006E-01
5.407579E-03,-5.1954871E+00,7.4740814E-01
5.410856E-03,-5.1936560E+00,7.3840546E-01
5.414133E-03,-5.1945715E+00,7.2795319E-01
5.417410E-03,-5.1970129E+00,7.1856903E-01
5.420686E-03,-5.2000647E+00,7.0750641E-01
5.423963E-03,-5.1954871E+00,6.9735931E-01
5.427240E-03,-5.1994543E+00,6.8583893E-01
5.430517E-03,-5.2031165E+00,6.7653107E-01
5.433794E-03,-5.2052527E+00,6.6325592E-01
5.437070E-03,-5.2055579E+00,6.5333771E-01
5.440347E-03,-5.2031165E+00,6.4052032E-01
5.443624E-03,-5.2003699E+00,6.2991547E-01
5.446901E-03,-5.2070837E+00,6.1641144E-01
5.450178E-03,-5.2061682E+00,6.0511993E-01
5.453454E-03,-5.2089148E+00,5.9085297E-01
5.456731E-03,-5.2104407E+00,5.7910370E-01
5.460008E-03,-5.2122717E+00,5.6353973E-01
5.463285E-03,-5.2037268E+00,5.5270599E-01
5.466562E-03,-5.2076941E+00,5.3676056E-01
5.469838E-03,-5.1979285E+00,5.2546906E-01
5.473115E-03,-5.2067786E+00,5.0914215E-01
5.476392E-03,-5.1979285E+00,4.9693512E-01
5.479669E-03,-5.2015906E+00,4.7999786E-01
5.482946E-03,-5.2052527E+00,4.6718048E-01
5.486222E-03,-5.2040320E+00,4.4925140E-01
5.489499E-03,-5.1979285E+00,4.3681549E-01
5.492776E-03,-5.1954871E+00,4.1911530E-01
5.496053E-03,-5.1945715E+00,4.0538239E-01
5.499330E-03,-5.1930457E+00,3.8775848E-01
5.502606E-03,-5.1860266E+00,3.7455963E-01
5.505883E-03,-5.1854163E+00,3.5571503E-01
5.509160E-03,-5.1823645E+00,3.4259247E-01
5.512437E-03,-5.1893835E+00,3.2329010E-01
5.515714E-03,-5.1933508E+00,3.0986237E-01
5.518990E-03,-5.2012854E+00,2.9071259E-01
5.522267E-03,-5.2003699E+00,2.7675079E-01
5.525544E-03,-5.2076941E+00,2.5660919E-01
5.528821E-03,-5.2067786E+00,2.4318146E-01
5.532098E-03,-5.2128821E+00,2.2326874E-01
5.535374E-03,-5.1976233E+00,2.0961212E-01
5.538651E-03,-5.2018958E+00,1.9008087E-01
5.541928E-03,-5.1936560E+00,1.7733978E-01
5.545205E-03,-5.1985388E+00,1.5712189E-01
5.548482E-03,-5.2009802E+00,1.4323639E-01
5.551758E-03,-5.2018958E+00,1.2347626E-01
5.555035E-03,-5.2028113E+00,1.0875153E-01
5.558312E-03,-5.2012854E+00,8.8228455E-02
5.561589E-03,-5.2009802E+00,7.3503723E-02
5.564866E-03,-5.1988440E+00,5.3056946E-02
5.568142E-03,-5.1875525E+00,3.8637390E-02
5.571419E-03,-5.1951819E+00,1.8648376E-02
5.574696E-03,-5.1854163E+00,4.2288208E-03
5.577973E-03,-5.1942664E+00,-1.5912781E-02
5.581250E-03,-5.1906042E+00,-3.0408630E-02
5.584526E-03,-5.1912146E+00,-5.0245056E-02
5.587803E-03,-5.1887732E+00,-6.4817200E-02
5.591080E-03,-5.1826697E+00,-8.4501038E-02
5.594357E-03,-5.1790076E+00,-9.9149475E-02
5.597634E-03,-5.1811438E+00,-1.1913849E-01
5.600910E-03,-5.1826697E+00,-1.3340546E-01
5.604187E-03,-5.1826697E+00,-1.5263153E-01
5.607464E-03,-5.1851111E+00,-1.6773773E-01
5.610741E-03,-5.1893835E+00,-1.8681122E-01
5.614018E-03,-5.1927405E+00,-2.0107819E-01
5.617294E-03,-5.1918250E+00,-2.2038055E-01
5.620571E-03,-5.1945715E+00,-2.3502899E-01
5.623848E-03,-5.1976233E+00,-2.5394989E-01
5.627125E-03,-5.1973181E+00,-2.6836945E-01
5.630402E-03,-5.2003699E+00,-2.8606964E-01
5.633678E-03,-5.1960974E+00,-3.0003143E-01
5.636955E-03,-5.1957922E+00,-3.1849457E-01
5.640232E-03,-5.1942664E+00,-3.3192230E-01
5.643509E-03,-5.1954871E+00,-3.4962250E-01
5.646786E-03,-5.1924353E+00,-3.6396576E-01
5.650062E-03,-5.1918250E+00,-3.8097931E-01
5.653339E-03,-5.1918250E+00,-3.9478851E-01
5.656616E-03,-5.1887732E+00,-4.1172577E-01
5.659893E-03,-5.1912146E+00,-4.2484833E-01
5.663170E-03,-5.1860266E+00,-4.4140411E-01
5.666446E-03,-5.1887732E+00,-4.5437408E-01
5.669723E-03,-5.1948767E+00,-4.7016693E-01
5.673000E-03,-5.2022009E+00,-4.8283173E-01
5.676277E-03,-5.2043372E+00,-4.9801422E-01
5.679554E-03,-5.2061682E+00,-5.1098419E-01
5.682830E-03,-5.2058630E+00,-5.2532745E-01
5.686107E-03,-5.2092200E+00,-5.3753448E-01
5.689384E-03,-5.2061682E+00,-5.5019928E-01
5.692661E-03,-5.2125769E+00,-5.6248260E-01
5.695938E-03,-5.2095251E+00,-5.7507111E-01
5.699214E-03,-5.2073889E+00,-5.8651520E-01
5.702491E-03,-5.2110510E+00,-5.9917999E-01
5.705768E-03,-5.2061682E+00,-6.1009003E-01
5.709045E-03,-5.1997595E+00,-6.2161041E-01
5.712322E-03,-5.1942664E+00,-6.3229156E-01
5.715598E-03,-5.1915198E+00,-6.4327789E-01
5.718875E-03,-5.1909094E+00,-6.5373016E-01
5.722152E-03,-5.1857214E+00,-6.6464020E-01
5.725429E-03,-5.1872473E+00,-6.7509247E-01
5.728706E-03,-5.1887732E+00,-6.8409515E-01
5.731982E-03,-5.1893835E+00,-6.9378448E-01
5.735259E-03,-5.1881628E+00,-7.0232941E-01
5.738536E-03,-5.1866370E+00,-7.1133209E-01
5.741813E-03,-5.1893835E+00,-7.1972443E-01
5.745090E-03,-5.1927405E+00,-7.2872711E-01
5.748366E-03,-5.1976233E+00,-7.3559357E-01
5.751643E-03,-5.1970129E+00,-7.4291779E-01
5.754920E-03,-5.1945715E+00,-7.4925018E-01
5.758197E-03,-5.1991492E+00,-7.5695587E-01
5.761474E-03,-5.1899939E+00,-7.6267792E-01
5.764750E-03,-5.1957922E+00,-7.7015472E-01
5.768027E-03,-5.1909094E+00,-7.7511383E-01
5.771304E-03,-5.1936560E+00,-7.8098846E-01
5.774581E-03,-5.1936560E+00,-7.8510834E-01
5.777858E-03,-5.1960974E+00,-7.9060150E-01
5.781134E-03,-5.1960974E+00,-7.9449249E-01
5.784411E-03,-5.2015906E+00,-7.9945160E-01
5.787688E-03,-5.1899939E+00,-8.0151154E-01
5.790965E-03,-5.1997595E+00,-8.0578400E-01
5.794242E-03,-5.1951819E+00,-8.0730988E-01
5.797518E-03,-5.1930457E+00,-8.1104828E-01
5.800795E-03,-5.1945715E+00,-8.1204010E-01
5.804072E-03,-5.1988440E+00,-8.1577850E-01
5.807349E-03,-5.1964026E+00,-8.1562592E-01
5.810626E-03,-5.2015906E+00,-8.1837250E-01
5.813902E-03,-5.1970129E+00,-8.1745697E-01
5.817179E-03,-5.2009802E+00,-8.1989838E-01
5.820456E-03,-5.1970129E+00,-8.1821991E-01
5.823733E-03,-5.2018958E+00,-8.2089020E-01
5.827010E-03,-5.1997595E+00,-8.1753326E-01
5.830286E-03,-5.2037268E+00,-8.1883026E-01
5.833563E-03,-5.1982336E+00,-8.1577850E-01
5.836840E-03,-5.2052527E+00,-8.1615997E-01
5.840117E-03,-5.2025061E+00,-8.1188751E-01
5.843394E-03,-5.2031165E+00,-8.1204010E-01
5.846670E-03,-5.2049475E+00,-8.0708099E-01
5.849947E-03,-5.2083044E+00,-8.0654694E-01
5.853224E-03,-5.2049475E+00,-7.9998566E-01
5.856501E-03,-5.2101355E+00,-7.9929901E-01
5.859778E-03,-5.2073889E+00,-7.9189850E-01
5.863054E-03,-5.2131873E+00,-7.9083038E-01
5.866331E-03,-5.2095251E+00,-7.8304840E-01
5.869608E-03,-5.2095251E+00,-7.7969147E-01
5.872885E-03,-5.2073889E+00,-7.7061249E-01
5.876162E-03,-5.2165442E+00,-7.6893402E-01
5.879438E-03,-5.2113562E+00,-7.5893951E-01
5.882715E-03,-5.2180701E+00,-7.5703217E-01
5.885992E-03,-5.2107458E+00,-7.4574066E-01
5.889269E-03,-5.2153235E+00,-7.4154449E-01
5.892546E-03,-5.2122717E+00,-7.3032928E-01
5.895822E-03,-5.2049475E+00,-7.2544647E-01
5.899099E-03,-5.2043372E+00,-7.1415497E-01
5.902376E-03,-5.2052527E+00,-7.0911957E-01
5.905653E-03,-5.1979285E+00,-6.9775177E-01
5.908930E-03,-5.2064734E+00,-6.9065643E-01
5.912206E-03,-5.2003699E+00,-6.7822052E-01
5.915483E-03,-5.2141028E+00,-6.7188812E-01
5.918760E-03,-5.2079993E+00,-6.5891815E-01
5.922037E-03,-5.2083044E+00,-6.5159393E-01
5.925314E-03,-5.2058630E+00,-6.3778473E-01
5.928590E-03,-5.2107458E+00,-6.2977386E-01
5.931867E-03,-5.1994543E+00,-6.1558319E-01
5.935144E-03,-5.2034216E+00,-6.0688568E-01
5.938421E-03,-5.2040320E+00,-5.9277130E-01
5.941698E-03,-5.2015906E+00,-5.8285309E-01
5.944974E-03,-5.2064734E+00,-5.6843353E-01
5.948251E-03,-5.2067786E+00,-5.5798126E-01
5.951528E-03,-5.2086096E+00,-5.4310394E-01
5.954805E-03,-5.2147131E+00,-5.3257538E-01
5.958082E-03,-5.2113562E+00,-5.1693512E-01
5.961358E-03,-5.2168494E+00,-5.0564362E-01
5.964635E-03,-5.2137976E+00,-4.8992706E-01
5.967912E-03,-5.2183752E+00,-4.7779633E-01
5.971189E-03,-5.2122717E+00,-4.6185089E-01
5.974466E-03,-5.2110510E+00,-4.4918610E-01
5.977742E-03,-5.2076941E+00,-4.3285919E-01
5.981019E-03,-5.2083044E+00,-4.2019440E-01
5.984296E-03,-5.1994543E+00,-4.0379120E-01
5.987573E-03,-5.2092200E+00,-3.9005829E-01
5.990850E-03,-5.2031165E+00,-3.7281586E-01
5.994126E-03,-5.2061682E+00,-3.5832001E-01
5.997403E-03,-5.2028113E+00,-3.4107758E-01
6.000680E-03,-5.2000647E+00,-3.2673431E-01
6.003957E-03,-5.2040320E+00,-3.0857635E-01
6.007234E-03,-5.2049475E+00,-2.9469086E-01
6.010510E-03,-5.2025061E+00,-2.7721954E-01
6.013787E-03,-5.2061682E+00,-2.6249481E-01
6.017064E-03,-5.2086096E+00,-2.4464203E-01
6.020341E-03,-5.2119666E+00,-2.2930695E-01
6.023618E-03,-5.2189856E+00,-2.1160675E-01
6.026894E-03,-5.2202063E+00,-1.9650055E-01
6.030171E-03,-5.2247839E+00,-1.7857147E-01
6.033448E-03,-5.2260046E+00,-1.6293121E-01
6.036725E-03,-5.2238684E+00,-1.4599396E-01
6.040002E-03,-5.2214270E+00,-1.2928558E-01
6.043278E-03,-5.2125769E+00,-1.1150909E-01
6.046555E-03,-5.2177649E+00,-9.4495544E-02
6.049832E-03,-5.2104407E+00,-7.6642761E-02
6.053109E-03,-5.2128821E+00,-6.0392151E-02
6.056386E-03,-5.2113562E+00,-4.2768250E-02
6.059662E-03,-5.2116614E+00,-2.6136169E-02
6.062939E-03,-5.2165442E+00,-8.1307983E-03
6.066216E-03,-5.2165442E+00,8.6538696E-03
6.069493E-03,-5.2195959E+00,2.6277771E-02
6.072770E-03,-5.2186804E+00,4.2604675E-02
6.076046E-03,-5.2208167E+00,6.0152283E-02
6.079323E-03,-5.2192908E+00,7.7699890E-02
6.082600E-03,-5.2177649E+00,9.4866028E-02
6.085877E-03,-5.2174597E+00,1.1279510E-01
6.089154E-03,-5.2153235E+00,1.2965607E-01
6.092430E-03,-5.2079993E+00,1.4712738E-01
6.095707E-03,-5.2083044E+00,1.6353058E-01
6.098984E-03,-5.2073889E+00,1.8069672E-01
6.102261E-03,-5.2092200E+00,1.9709991E-01
6.105538E-03,-5.2040320E+00,2.1403717E-01
6.108814E-03,-5.2083044E+00,2.2967743E-01
6.112091E-03,-5.2052527E+00,2.4753021E-01
6.115368E-03,-5.2089148E+00,2.6332306E-01
6.118645E-03,-5.2116614E+00,2.8056549E-01
6.121922E-03,-5.2156287E+00,2.9544281E-01
6.125198E-03,-5.2098303E+00,3.1329559E-01
6.128475E-03,-5.2122717E+00,3.2878326E-01
6.131752E-03,-5.2195959E+00,3.4625458E-01
6.135029E-03,-5.2250891E+00,3.6075043E-01
6.138306E-03,-5.2266150E+00,3.7829803E-01
6.141582E-03,-5.2327185E+00,3.9225983E-01
6.144859E-03,-5.2333289E+00,4.0881561E-01
6.148136E-03,-5.2327185E+00,4.2262482E-01
6.151413E-03,-5.2260046E+00,4.3879913E-01
6.154690E-03,-5.2305823E+00,4.5222687E-01
6.157966E-03,-5.2302771E+00,4.6908783E-01
6.161243E-03,-5.2385168E+00,4.8236298E-01
6.164520E-03,-5.2314978E+00,4.9838470E-01
6.167797E-03,-5.2391272E+00,5.1051544E-01
6.171074E-03,-5.2412634E+00,5.2676605E-01
6.174350E-03,-5.2397375E+00,5.3828644E-01
6.177627E-03,-5.2400427E+00,5.5385040E-01
6.180904E-03,-5.2412634E+00,5.6514191E-01
6.184181E-03,-5.2391272E+00,5.7971405E-01
6.187458E-03,-5.2449255E+00,5.9031891E-01
6.190734E-03,-5.2412634E+00,6.0580658E-01
6.194011E-03,-5.2409583E+00,6.1534332E-01
6.197288E-03,-5.2333289E+00,6.3037323E-01
6.200565E-03,-5.2330237E+00,6.3929962E-01
6.203842E-03,-5.2296667E+00,6.5417694E-01
6.207118E-03,-5.2220374E+00,6.6218781E-01
6.210395E-03,-5.2150183E+00,6.7653107E-01
6.213672E-03,-5.2150183E+00,6.8446564E-01
6.216949E-03,-5.2150183E+00,6.9850372E-01
6.220226E-03,-5.2134924E+00,7.0498871E-01
6.223502E-03,-5.2116614E+00,7.1834015E-01
6.226779E-03,-5.2156287E+00,7.2459625E-01
6.230056E-03,-5.2064734E+00,7.3756622E-01
6.233333E-03,-5.2113562E+00,7.4321198E-01
6.236610E-03,-5.2034216E+00,7.5549530E-01
6.239886E-03,-5.1997595E+00,7.6106476E-01
6.243163E-03,-5.1960974E+00,7.7205109E-01
6.246440E-03,-5.1918250E+00,7.7662872E-01
6.249717E-03,-5.1921301E+00,7.8730988E-01
6.252994E-03,-5.1948767E+00,7.9112457E-01
6.256270E-03,-5.1964026E+00,8.0096649E-01
6.259547E-03,-5.1957922E+00,8.0439972E-01
6.262824E-03,-5.2000647E+00,8.1340240E-01
6.266101E-03,-5.2031165E+00,8.1569122E-01
6.269378E-03,-5.2009802E+00,8.2408356E-01
6.272654E-03,-5.1976233E+00,8.2621979E-01
6.275931E-03,-5.2012854E+00,8.3415436E-01
6.279208E-03,-5.2046423E+00,8.3545135E-01
6.282485E-03,-5.2067786E+00,8.4239410E-01
6.285762E-03,-5.2119666E+00,8.4308075E-01
6.289038E-03,-5.2137976E+00,8.4971832E-01
6.292315E-03,-5.2165442E+00,8.4994720E-01
6.295592E-03,-5.2125769E+00,8.5551666E-01
6.298869E-03,-5.2159338E+00,8.5429596E-01
6.302146E-03,-5.2046423E+00,8.5902618E-01
6.305422E-03,-5.2113562E+00,8.5864471E-01
6.308699E-03,-5.2092200E+00,8.6284088E-01
6.311976E-03,-5.2043372E+00,8.6047577E-01
6.315253E-03,-5.2104407E+00,8.6390900E-01
6.318530E-03,-5.2168494E+00,8.6100983E-01
6.321806E-03,-5.2141028E+00,8.6383270E-01
6.325083E-03,-5.2144080E+00,8.6116241E-01
6.328360E-03,-5.2141028E+00,8.6192535E-01
6.331637E-03,-5.2171545E+00,8.5826324E-01
6.334914E-03,-5.2229529E+00,8.5902618E-01
6.338190E-03,-5.2318030E+00,8.5467743E-01
6.341467E-03,-5.2324133E+00,8.5391449E-01
6.344744E-03,-5.2391272E+00,8.4971832E-01
6.348021E-03,-5.2415686E+00,8.4887909E-01
6.351298E-03,-5.2418738E+00,8.4308075E-01
6.354574E-03,-5.2430945E+00,8.4102081E-01
6.357851E-03,-5.2467566E+00,8.3583282E-01
6.361128E-03,-5.2452307E+00,8.3300995E-01
6.364405E-03,-5.2418738E+00,8.2690643E-01
6.367682E-03,-5.2388220E+00,8.2354950E-01
6.370958E-03,-5.2421790E+00,8.1645416E-01
6.374235E-03,-5.2372961E+00,8.1172394E-01
6.377512E-03,-5.2412634E+00,8.0531525E-01
6.380789E-03,-5.2345496E+00,7.9936432E-01
6.384066E-03,-5.2430945E+00,7.9165863E-01
6.387342E-03,-5.2415686E+00,7.8532623E-01
6.390619E-03,-5.2412634E+00,7.7731537E-01
6.393896E-03,-5.2437048E+00,7.7029633E-01
6.397173E-03,-5.2403479E+00,7.6152252E-01
6.400450E-03,-5.2394324E+00,7.5366425E-01
6.403726E-03,-5.2427893E+00,7.4397491E-01
6.407003E-03,-5.2443152E+00,7.3672699E-01
6.410280E-03,-5.2400427E+00,7.2596954E-01
6.413557E-03,-5.2385168E+00,7.1727203E-01
6.416834E-03,-5.2321082E+00,7.0697235E-01
6.420110E-03,-5.2269202E+00,6.9697784E-01
6.423387E-03,-5.2266150E+00,6.8637299E-01
6.426664E-03,-5.2260046E+00,6.7614960E-01
6.429941E-03,-5.2278357E+00,6.6577362E-01
6.433218E-03,-5.2192908E+00,6.5448212E-01
6.436494E-03,-5.2195959E+00,6.4296173E-01
6.439771E-03,-5.2186804E+00,6.3006805E-01
6.443048E-03,-5.2150183E+00,6.1900543E-01
6.446325E-03,-5.2211218E+00,6.0641693E-01
6.449602E-03,-5.2192908E+00,5.9436249E-01
6.452878E-03,-5.2223425E+00,5.8101105E-01
6.456155E-03,-5.2235632E+00,5.6826996E-01
6.459432E-03,-5.2220374E+00,5.5499481E-01
6.462709E-03,-5.2195959E+00,5.4149078E-01
6.465986E-03,-5.2272253E+00,5.2714752E-01
6.469262E-03,-5.2229529E+00,5.1379608E-01
6.472539E-03,-5.2263098E+00,4.9830841E-01
6.475816E-03,-5.2284460E+00,4.8564362E-01
6.479093E-03,-5.2318030E+00,4.6992706E-01
6.482370E-03,-5.2287512E+00,4.5604156E-01
6.485646E-03,-5.2336340E+00,4.3925690E-01
6.488923E-03,-5.2263098E+00,4.2560028E-01
6.492200E-03,-5.2348547E+00,4.0904449E-01
6.495477E-03,-5.2318030E+00,3.9485382E-01
6.498754E-03,-5.2330237E+00,3.7806915E-01
6.502030E-03,-5.2348547E+00,3.6311554E-01
6.505307E-03,-5.2348547E+00,3.4495758E-01
6.508584E-03,-5.2308875E+00,3.3114838E-01
6.511861E-03,-5.2385168E+00,3.1329559E-01
6.515138E-03,-5.2360754E+00,2.9841827E-01
6.518414E-03,-5.2394324E+00,2.7972626E-01
6.521691E-03,-5.2376013E+00,2.6477264E-01
6.524968E-03,-5.2479773E+00,2.4691986E-01
6.528245E-03,-5.2519446E+00,2.3181366E-01
6.531522E-03,-5.2571326E+00,2.1258759E-01
6.534798E-03,-5.2601843E+00,1.9824432E-01
6.538075E-03,-5.2635413E+00,1.7962860E-01
6.541352E-03,-5.2610999E+00,1.6505646E-01
6.544629E-03,-5.2623206E+00,1.4567780E-01
6.547906E-03,-5.2610999E+00,1.3156342E-01
6.551182E-03,-5.2604895E+00,1.1126923E-01
6.554459E-03,-5.2568274E+00,9.7002258E-02
6.557736E-03,-5.2577429E+00,7.6708069E-02
6.561013E-03,-5.2531653E+00,6.2517395E-02
6.564290E-03,-5.2601843E+00,4.1994324E-02
6.567566E-03,-5.2586584E+00,2.7879944E-02
6.570843E-03,-5.2583533E+00,6.5939331E-03
6.574120E-03,-5.2678137E+00,-6.6812134E-03
6.577397E-03,-5.2705603E+00,-2.7738342E-02
6.580674E-03,-5.2745276E+00,-4.1623840E-02
6.583950E-03,-5.2751379E+00,-6.3062439E-02
6.587227E-03,-5.2699500E+00,-7.6413879E-02
6.590504E-03,-5.2675085E+00,-9.7547302E-02
6.593781E-03,-5.2650671E+00,-1.1066986E-01
6.597058E-03,-5.2589636E+00,-1.3027740E-01
6.600334E-03,-5.2482825E+00,-1.4431549E-01
6.603611E-03,-5.2455359E+00,-1.6415192E-01
6.606888E-03,-5.2382117E+00,-1.7872406E-01
6.610165E-03,-5.2415686E+00,-1.9810272E-01
6.613442E-03,-5.2376013E+00,-2.1183563E-01
6.616718E-03,-5.2403479E+00,-2.3205353E-01
6.619995E-03,-5.2363806E+00,-2.4571014E-01
6.623272E-03,-5.2400427E+00,-2.6478363E-01
6.626549E-03,-5.2345496E+00,-2.7836395E-01
6.629826E-03,-5.2394324E+00,-2.9728485E-01
6.633102E-03,-5.2348547E+00,-3.1086517E-01
6.636379E-03,-5.2470618E+00,-3.2940460E-01
6.639656E-03,-5.2415686E+00,-3.4298492E-01
6.642933E-03,-5.2418738E+00,-3.6121918E-01
6.646210E-03,-5.2421790E+00,-3.7373138E-01
6.649486E-03,-5.2427893E+00,-3.9181305E-01
6.652763E-03,-5.2400427E+00,-4.0524078E-01
6.656040E-03,-5.2464514E+00,-4.2301727E-01
6.659317E-03,-5.2403479E+00,-4.3537689E-01
6.662594E-03,-5.2461462E+00,-4.5185638E-01
6.665870E-03,-5.2382117E+00,-4.6429230E-01
6.669147E-03,-5.2421790E+00,-4.8122955E-01
6.672424E-03,-5.2379065E+00,-4.9274994E-01
6.675701E-03,-5.2382117E+00,-5.0823761E-01
6.678978E-03,-5.2433997E+00,-5.2090240E-01
6.682254E-03,-5.2491980E+00,-5.3562714E-01
6.685531E-03,-5.2461462E+00,-5.4737640E-01
6.688808E-03,-5.2546912E+00,-5.6225372E-01
6.692085E-03,-5.2537756E+00,-5.7484222E-01
6.695362E-03,-5.2501135E+00,-5.8758331E-01
6.698638E-03,-5.2504187E+00,-5.9887482E-01
6.701915E-03,-5.2455359E+00,-6.1047150E-01
6.705192E-03,-5.2473669E+00,-6.2183929E-01
6.708469E-03,-5.2473669E+00,-6.3252045E-01
6.711746E-03,-5.2467566E+00,-6.4365936E-01
6.715022E-03,-5.2455359E+00,-6.5426422E-01
6.718299E-03,-5.2406531E+00,-6.6532684E-01
6.721576E-03,-5.2406531E+00,-6.7509247E-01
6.724853E-03,-5.2351599E+00,-6.8417145E-01
6.728130E-03,-5.2345496E+00,-6.9332672E-01
6.731406E-03,-5.2318030E+00,-7.0362640E-01
6.734683E-03,-5.2330237E+00,-7.1232391E-01
6.737960E-03,-5.2400427E+00,-7.2094513E-01
6.741237E-03,-5.2363806E+00,-7.2926117E-01
6.744514E-03,-5.2415686E+00,-7.3757721E-01
6.747790E-03,-5.2369910E+00,-7.4528290E-01
6.751067E-03,-5.2394324E+00,-7.5337006E-01
6.754344E-03,-5.2458411E+00,-7.6016022E-01
6.757621E-03,-5.2446204E+00,-7.6786591E-01
6.760898E-03,-5.2464514E+00,-7.7404572E-01
6.764174E-03,-5.2479773E+00,-7.8037811E-01
6.767451E-03,-5.2470618E+00,-7.8495575E-01
6.770728E-03,-5.2580481E+00,-7.9044891E-01
6.774005E-03,-5.2568274E+00,-7.9517914E-01
6.777282E-03,-5.2562170E+00,-8.0067230E-01
6.780558E-03,-5.2571326E+00,-8.0479218E-01
6.783835E-03,-5.2607947E+00,-8.0990387E-01
6.787112E-03,-5.2595740E+00,-8.1249786E-01
6.790389E-03,-5.2568274E+00,-8.1631256E-01
6.793666E-03,-5.2534705E+00,-8.1875397E-01
6.796942E-03,-5.2513342E+00,-8.2142426E-01
6.800219E-03,-5.2501135E+00,-8.2287384E-01
6.803496E-03,-5.2528601E+00,-8.2569672E-01
6.806773E-03,-5.2540808E+00,-8.2691742E-01
6.810050E-03,-5.2513342E+00,-8.2806183E-01
6.813326E-03,-5.2562170E+00,-8.2775665E-01
6.816603E-03,-5.2580481E+00,-8.2920624E-01
6.819880E-03,-5.2589636E+00,-8.2874847E-01
6.823157E-03,-5.2556067E+00,-8.2920624E-01
6.826434E-03,-5.2589636E+00,-8.2836700E-01
6.829710E-03,-5.2507239E+00,-8.2745148E-01
6.832987E-03,-5.2522498E+00,-8.2577301E-01
6.836264E-03,-5.2549963E+00,-8.2455231E-01
6.839541E-03,-5.2501135E+00,-8.2157684E-01
6.842818E-03,-5.2556067E+00,-8.2012726E-01
6.846094E-03,-5.2549963E+00,-8.1608368E-01
6.849371E-03,-5.2553015E+00,-8.1448151E-01
6.852648E-03,-5.2580481E+00,-8.0959869E-01
6.855925E-03,-5.2510291E+00,-8.0639435E-01
6.859202E-03,-5.2501135E+00,-8.0151154E-01
6.862478E-03,-5.2528601E+00,-7.9716278E-01
6.865755E-03,-5.2485876E+00,-7.9220367E-01
6.869032E-03,-5.2409583E+00,-7.8732086E-01
6.872309E-03,-5.2403479E+00,-7.8068329E-01
6.875586E-03,-5.2333289E+00,-7.7587677E-01
6.878862E-03,-5.2400427E+00,-7.6885773E-01
6.882139E-03,-5.2452307E+00,-7.6275421E-01
6.885416E-03,-5.2452307E+00,-7.5504852E-01
6.888693E-03,-5.2519446E+00,-7.4856354E-01
6.891970E-03,-5.2519446E+00,-7.4055267E-01
6.895246E-03,-5.2549963E+00,-7.3360992E-01
6.898523E-03,-5.2543860E+00,-7.2384430E-01
6.901800E-03,-5.2571326E+00,-7.1652008E-01
6.905077E-03,-5.2559119E+00,-7.0583893E-01
6.908354E-03,-5.2485876E+00,-6.9714142E-01
6.911630E-03,-5.2443152E+00,-6.8646027E-01
6.914907E-03,-5.2455359E+00,-6.7822052E-01
6.918184E-03,-5.2437048E+00,-6.6746307E-01
6.921461E-03,-5.2418738E+00,-6.5823151E-01
6.924738E-03,-5.2397375E+00,-6.4648224E-01
6.928014E-03,-5.2415686E+00,-6.3610626E-01
6.931291E-03,-5.2470618E+00,-6.2450958E-01
6.934568E-03,-5.2421790E+00,-6.1459137E-01
6.937845E-03,-5.2427893E+00,-6.0230804E-01
6.941122E-03,-5.2430945E+00,-5.9063507E-01
6.944398E-03,-5.2400427E+00,-5.7713104E-01
6.947675E-03,-5.2388220E+00,-5.6583954E-01
6.950952E-03,-5.2394324E+00,-5.5210663E-01
6.954229E-03,-5.2296667E+00,-5.4005219E-01
6.957506E-03,-5.2357703E+00,-5.2570892E-01
6.960782E-03,-5.2302771E+00,-5.1243378E-01
6.964059E-03,-5.2330237E+00,-4.9801422E-01
6.967336E-03,-5.2430945E+00,-4.8519684E-01
6.970613E-03,-5.2366858E+00,-4.7001434E-01
6.973890E-03,-5.2455359E+00,-4.5658661E-01
6.977166E-03,-5.2519446E+00,-4.4155670E-01
6.980443E-03,-5.2479773E+00,-4.2759491E-01
6.983720E-03,-5.2553015E+00,-4.1233612E-01
6.986997E-03,-5.2546912E+00,-3.9684845E-01
6.990274E-03,-5.2565222E+00,-3.8136078E-01
6.993550E-03,-5.2479773E+00,-3.6594940E-01
6.996827E-03,-5.2440100E+00,-3.4954620E-01
7.000104E-03,-5.2385168E+00,-3.3352448E-01
7.003381E-03,-5.2305823E+00,-3.1673981E-01
7.006658E-03,-5.2232581E+00,-3.0087067E-01
7.009934E-03,-5.2302771E+00,-2.8416229E-01
7.013211E-03,-5.2321082E+00,-2.6867462E-01
7.016488E-03,-5.2382117E+00,-2.5227142E-01
7.019765E-03,-5.2418738E+00,-2.3609711E-01
7.023042E-03,-5.2412634E+00,-2.1893097E-01
7.026318E-03,-5.2467566E+00,-2.0275665E-01
7.029595E-03,-5.2461462E+00,-1.8566681E-01
7.032872E-03,-5.2446204E+00,-1.6865326E-01
7.036149E-03,-5.2437048E+00,-1.5156342E-01
7.039426E-03,-5.2427893E+00,-1.3470245E-01
7.042702E-03,-5.2366858E+00,-1.1723114E-01
7.045979E-03,-5.2376013E+00,-1.0021759E-01
7.049256E-03,-5.2351599E+00,-8.3585510E-02
7.052533E-03,-5.2336340E+00,-6.6266785E-02
7.055810E-03,-5.2366858E+00,-4.8261414E-02
7.059086E-03,-5.2421790E+00,-3.1705627E-02
7.062363E-03,-5.2379065E+00,-1.4081726E-02
7.065640E-03,-5.2357703E+00,2.9318237E-03
7.068917E-03,-5.2348547E+00,2.0708313E-02
7.072194E-03,-5.2238684E+00,3.7798157E-02
7.075470E-03,-5.2226477E+00,5.5650940E-02
7.078747E-03,-5.2232581E+00,7.3427429E-02
7.082024E-03,-5.2238684E+00,9.0593567E-02
7.085301E-03,-5.2330237E+00,1.0821747E-01
7.088578E-03,-5.2336340E+00,1.2523102E-01
7.091854E-03,-5.2372961E+00,1.4155792E-01
7.095131E-03,-5.2415686E+00,1.5895294E-01
7.098408E-03,-5.2406531E+00,1.7535614E-01
7.101685E-03,-5.2491980E+00,1.9221710E-01
7.104962E-03,-5.2543860E+00,2.0869659E-01
7.108238E-03,-5.2592688E+00,2.2509979E-01
7.111515E-03,-5.2641516E+00,2.4173187E-01
7.114792E-03,-5.2656775E+00,2.5798248E-01
7.118069E-03,-5.2629309E+00,2.7423309E-01
7.121346E-03,-5.2690344E+00,2.9132294E-01
7.124622E-03,-5.2693396E+00,3.0742096E-01
7.127899E-03,-5.2720862E+00,3.2382416E-01
7.131176E-03,-5.2693396E+00,3.4030365E-01
7.134453E-03,-5.2757483E+00,3.5670685E-01
7.137730E-03,-5.2684241E+00,3.7249969E-01
7.141006E-03,-5.2672034E+00,3.8875031E-01
7.144283E-03,-5.2644568E+00,4.0355133E-01
7.147560E-03,-5.2656775E+00,4.1919159E-01
7.150837E-03,-5.2617102E+00,4.3490814E-01
7.154114E-03,-5.2614050E+00,4.5016693E-01
7.157390E-03,-5.2583533E+00,4.6481537E-01
7.160667E-03,-5.2614050E+00,4.7961639E-01
7.163944E-03,-5.2620154E+00,4.9434113E-01
7.167221E-03,-5.2650671E+00,5.0830292E-01
7.170498E-03,-5.2650671E+00,5.2241730E-01
7.173774E-03,-5.2580481E+00,5.3645538E-01
7.177051E-03,-5.2589636E+00,5.5049347E-01
7.180328E-03,-5.2543860E+00,5.6277679E-01
7.183605E-03,-5.2482825E+00,5.7612823E-01
7.186882E-03,-5.2516394E+00,5.9001373E-01
7.190158E-03,-5.2479773E+00,6.0283112E-01
7.193435E-03,-5.2522498E+00,6.1488556E-01
7.196712E-03,-5.2577429E+00,6.2663483E-01
7.199989E-03,-5.2595740E+00,6.3861298E-01
7.203266E-03,-5.2623206E+00,6.5074371E-01
7.206542E-03,-5.2647620E+00,6.6203522E-01
7.209819E-03,-5.2684241E+00,6.7294525E-01
7.213096E-03,-5.2742224E+00,6.8377899E-01
7.216373E-03,-5.2644568E+00,6.9476532E-01
7.219650E-03,-5.2665930E+00,7.0430206E-01
7.222926E-03,-5.2638464E+00,7.1429657E-01
7.226203E-03,-5.2626257E+00,7.2413849E-01
7.229480E-03,-5.2610999E+00,7.3413300E-01
7.232757E-03,-5.2610999E+00,7.4336456E-01
7.236034E-03,-5.2635413E+00,7.5213837E-01
7.239310E-03,-5.2623206E+00,7.6083588E-01
7.242587E-03,-5.2678137E+00,7.6945709E-01
7.245864E-03,-5.2650671E+00,7.7662872E-01
7.249141E-03,-5.2644568E+00,7.8456329E-01
7.252418E-03,-5.2708655E+00,7.9112457E-01
7.255694E-03,-5.2641516E+00,7.9821991E-01
7.258971E-03,-5.2644568E+00,8.0493378E-01
7.262248E-03,-5.2614050E+00,8.1073212E-01
7.265525E-03,-5.2583533E+00,8.1653046E-01
7.268802E-03,-5.2577429E+00,8.2271027E-01
7.272078E-03,-5.2491980E+00,8.2728790E-01
7.275355E-03,-5.2498083E+00,8.3300995E-01
7.278632E-03,-5.2452307E+00,8.3674835E-01
7.281909E-03,-5.2485876E+00,8.4262299E-01
7.285186E-03,-5.2464514E+00,8.4597992E-01
7.288462E-03,-5.2491980E+00,8.5009979E-01
7.291739E-03,-5.2513342E+00,8.5231232E-01
7.295016E-03,-5.2510291E+00,8.5551666E-01
7.298293E-03,-5.2571326E+00,8.5704254E-01
7.301570E-03,-5.2620154E+00,8.6017059E-01
7.304846E-03,-5.2604895E+00,8.6055206E-01
7.308123E-03,-5.2604895E+00,8.6375641E-01
7.311400E-03,-5.2589636E+00,8.6368011E-01
7.314677E-03,-5.2595740E+00,8.6543488E-01
7.317954E-03,-5.2571326E+00,8.6589264E-01
7.321230E-03,-5.2522498E+00,8.6596893E-01
7.324507E-03,-5.2556067E+00,8.6520599E-01
7.327784E-03,-5.2516394E+00,8.6451935E-01
7.331061E-03,-5.2501135E+00,8.6253571E-01
7.334338E-03,-5.2495032E+00,8.6154388E-01
7.337614E-03,-5.2510291E+00,8.5910248E-01
7.340891E-03,-5.2470618E+00,8.5795807E-01
7.344168E-03,-5.2461462E+00,8.5429596E-01
7.347445E-03,-5.2470618E+00,8.5231232E-01
7.350722E-03,-5.2415686E+00,8.4903168E-01
7.353998E-03,-5.2421790E+00,8.4643768E-01
7.357275E-03,-5.2360754E+00,8.4147858E-01
7.360552E-03,-5.2333289E+00,8.3819794E-01
7.363829E-03,-5.2418738E+00,8.3209442E-01
7.367106E-03,-5.2342444E+00,8.2789825E-01
7.370382E-03,-5.2455359E+00,8.2202362E-01
7.373659E-03,-5.2415686E+00,8.1691193E-01
7.376936E-03,-5.2455359E+00,8.1088470E-01
7.380213E-03,-5.2452307E+00,8.0592560E-01
7.383490E-03,-5.2510291E+00,7.9821991E-01
7.386766E-03,-5.2513342E+00,7.9173492E-01
7.390043E-03,-5.2586584E+00,7.8402924E-01
7.393320E-03,-5.2586584E+00,7.7701019E-01
7.396597E-03,-5.2598792E+00,7.6777863E-01
7.399874E-03,-5.2614050E+00,7.6007294E-01
7.403150E-03,-5.2610999E+00,7.5061249E-01
7.406427E-03,-5.2534705E+00,7.4344086E-01
7.409704E-03,-5.2540808E+00,7.3237823E-01
7.412981E-03,-5.2556067E+00,7.2429108E-01
7.416258E-03,-5.2525549E+00,7.1330475E-01
7.419534E-03,-5.2546912E+00,7.0491241E-01
7.422811E-03,-5.2589636E+00,6.9278168E-01
7.426088E-03,-5.2549963E+00,6.8416046E-01
7.429365E-03,-5.2623206E+00,6.7187714E-01
7.432642E-03,-5.2650671E+00,6.6157745E-01
7.435918E-03,-5.2644568E+00,6.4944672E-01
7.439195E-03,-5.2714758E+00,6.3884186E-01
7.442472E-03,-5.2717810E+00,6.2556671E-01
7.445749E-03,-5.2730017E+00,6.1412262E-01
7.449026E-03,-5.2742224E+00,6.0122894E-01
7.452302E-03,-5.2717810E+00,5.8925079E-01
7.455579E-03,-5.2693396E+00,5.7521271E-01
7.458856E-03,-5.2742224E+00,5.6285309E-01
7.462133E-03,-5.2742224E+00,5.4866241E-01
7.465410E-03,-5.2702551E+00,5.3553986E-01
7.468686E-03,-5.2659827E+00,5.2165436E-01
7.471963E-03,-5.2601843E+00,5.0837921E-01
7.475240E-03,-5.2620154E+00,4.9350189E-01
7.478517E-03,-5.2543860E+00,4.8015045E-01
7.481794E-03,-5.2583533E+00,4.6435760E-01
7.485070E-03,-5.2580481E+00,4.5016693E-01
7.488347E-03,-5.2553015E+00,4.3376373E-01
7.491624E-03,-5.2598792E+00,4.1926788E-01
7.494901E-03,-5.2601843E+00,4.0332245E-01
7.498178E-03,-5.2614050E+00,3.8798737E-01
7.501454E-03,-5.2574377E+00,3.7211823E-01
7.504731E-03,-5.2614050E+00,3.5693573E-01
7.508008E-03,-5.2647620E+00,3.4015106E-01
7.511285E-03,-5.2693396E+00,3.2412933E-01
7.514562E-03,-5.2681189E+00,3.0810760E-01
7.517838E-03,-5.2763586E+00,2.9139923E-01
7.521115E-03,-5.2739172E+00,2.7484344E-01
7.524392E-03,-5.2736121E+00,2.5851654E-01
7.527669E-03,-5.2699500E+00,2.4196075E-01
7.530946E-03,-5.2607947E+00,2.2578644E-01
7.534222E-03,-5.2553015E+00,2.0900177E-01
7.537499E-03,-5.2516394E+00,1.9244598E-01
7.540776E-03,-5.2464514E+00,1.7604279E-01
7.544053E-03,-5.2476721E+00,1.5925812E-01
7.547330E-03,-5.2452307E+00,1.4247345E-01
7.550606E-03,-5.2464514E+00,1.2599396E-01
7.553883E-03,-5.2415686E+00,1.0798859E-01
7.557160E-03,-5.2421790E+00,9.1280212E-02
7.560437E-03,-5.2397375E+00,7.3274841E-02
7.563714E-03,-5.2406531E+00,5.6184998E-02
7.566990E-03,-5.2403479E+00,3.8942566E-02
7.570267E-03,-5.2455359E+00,2.1623840E-02
7.573544E-03,-5.2446204E+00,4.3051147E-03
7.576821E-03,-5.2458411E+00,-1.3776550E-02
7.580098E-03,-5.2488928E+00,-3.0179749E-02
7.583374E-03,-5.2525549E+00,-4.7422180E-02
7.586651E-03,-5.2592688E+00,-6.4206848E-02
7.589928E-03,-5.2617102E+00,-8.2212219E-02
7.593205E-03,-5.2601843E+00,-9.9149475E-02
7.596482E-03,-5.2562170E+00,-1.1562897E-01
7.599758E-03,-5.2553015E+00,-1.3271881E-01
7.603035E-03,-5.2525549E+00,-1.5049530E-01
7.606312E-03,-5.2562170E+00,-1.6674591E-01
7.609589E-03,-5.2583533E+00,-1.8360687E-01
7.612866E-03,-5.2467566E+00,-2.0031525E-01
7.616142E-03,-5.2495032E+00,-2.1702362E-01
7.619419E-03,-5.2513342E+00,-2.3335052E-01
7.622696E-03,-5.2482825E+00,-2.5044037E-01
7.625973E-03,-5.2513342E+00,-2.6684357E-01
7.629250E-03,-5.2586584E+00,-2.8317047E-01
7.632526E-03,-5.2595740E+00,-2.9911591E-01
7.635803E-03,-5.2656775E+00,-3.1513763E-01
7.639080E-03,-5.2687292E+00,-3.3077789E-01
7.642357E-03,-5.2775793E+00,-3.4702850E-01
7.645634E-03,-5.2739172E+00,-3.6266876E-01
7.648910E-03,-5.2748328E+00,-3.7838531E-01
7.652187E-03,-5.2687292E+00,-3.9356781E-01
7.655464E-03,-5.2681189E+00,-4.0844513E-01
7.658741E-03,-5.2623206E+00,-4.2347504E-01
7.662018E-03,-5.2620154E+00,-4.3797089E-01
7.665294E-03,-5.2592688E+00,-4.5200897E-01
7.668571E-03,-5.2574377E+00,-4.6642853E-01
7.671848E-03,-5.2546912E+00,-4.8100067E-01
7.675125E-03,-5.2543860E+00,-4.9473358E-01
7.678402E-03,-5.2580481E+00,-5.0816132E-01
7.681678E-03,-5.2574377E+00,-5.2105499E-01
7.684955E-03,-5.2537756E+00,-5.3478790E-01
7.688232E-03,-5.2546912E+00,-5.4836823E-01
7.691509E-03,-5.2467566E+00,-5.5981232E-01
7.694786E-03,-5.2433997E+00,-5.7278229E-01
7.698062E-03,-5.2430945E+00,-5.8483673E-01
7.701339E-03,-5.2485876E+00,-5.9704376E-01
7.704616E-03,-5.2522498E+00,-6.0932709E-01
7.707893E-03,-5.2568274E+00,-6.2038971E-01
7.711170E-03,-5.2516394E+00,-6.3084198E-01
7.714446E-03,-5.2537756E+00,-6.4236237E-01
7.717723E-03,-5.2525549E+00,-6.5243317E-01
7.721000E-03,-5.2556067E+00,-6.6273285E-01
7.724277E-03,-5.2461462E+00,-6.7265106E-01
7.727554E-03,-5.2479773E+00,-6.8241669E-01
7.730830E-03,-5.2452307E+00,-6.9096161E-01
7.734107E-03,-5.2504187E+00,-7.0019318E-01
7.737384E-03,-5.2455359E+00,-7.0927216E-01
7.740661E-03,-5.2522498E+00,-7.1796967E-01
7.743938E-03,-5.2491980E+00,-7.2605682E-01
7.747214E-03,-5.2479773E+00,-7.3422028E-01
7.750491E-03,-5.2543860E+00,-7.4078156E-01
7.753768E-03,-5.2537756E+00,-7.4810577E-01
7.757045E-03,-5.2601843E+00,-7.5451447E-01
7.760322E-03,-5.2629309E+00,-7.6229645E-01
7.763598E-03,-5.2592688E+00,-7.6717926E-01
7.766875E-03,-5.2571326E+00,-7.7335907E-01
7.770152E-03,-5.2595740E+00,-7.7839447E-01
7.773429E-03,-5.2620154E+00,-7.8381134E-01
7.776706E-03,-5.2641516E+00,-7.8816010E-01
7.779982E-03,-5.2641516E+00,-7.9327179E-01
7.783259E-03,-5.2641516E+00,-7.9647614E-01
7.786536E-03,-5.2647620E+00,-8.0044342E-01
7.789813E-03,-5.2638464E+00,-8.0372406E-01
7.793090E-03,-5.2571326E+00,-8.0677582E-01
7.796366E-03,-5.2601843E+00,-8.0898834E-01
7.799643E-03,-5.2568274E+00,-8.1204010E-01
7.802920E-03,-5.2632361E+00,-8.1356598E-01
7.806197E-03,-5.2668982E+00,-8.1562592E-01
7.809474E-03,-5.2656775E+00,-8.1638885E-01
7.812750E-03,-5.2665930E+00,-8.1821991E-01
7.816027E-03,-5.2635413E+00,-8.1745697E-01
7.819304E-03,-5.2656775E+00,-8.1799103E-01
7.822581E-03,-5.2632361E+00,-8.1768585E-01
7.825858E-03,-5.2647620E+00,-8.1738068E-01
7.829134E-03,-5.2656775E+00,-8.1654144E-01
7.832411E-03,-5.2678137E+00,-8.1524445E-01
7.835688E-03,-5.2659827E+00,-8.1295563E-01
7.838965E-03,-5.2629309E+00,-8.1219269E-01
7.842242E-03,-5.2620154E+00,-8.0891205E-01
7.845518E-03,-5.2601843E+00,-8.0662323E-01
7.848795E-03,-5.2644568E+00,-8.0212189E-01
7.852072E-03,-5.2693396E+00,-7.9968048E-01
7.855349E-03,-5.2711707E+00,-7.9540802E-01
7.858626E-03,-5.2760535E+00,-7.9197479E-01
7.861902E-03,-5.2751379E+00,-7.8693939E-01
7.865179E-03,-5.2781897E+00,-7.8281952E-01
7.868456E-03,-5.2730017E+00,-7.7641083E-01
7.871733E-03,-5.2760535E+00,-7.7229095E-01
7.875010E-03,-5.2730017E+00,-7.6557709E-01
7.878286E-03,-5.2705603E+00,-7.5993134E-01
7.881563E-03,-5.2665930E+00,-7.5306488E-01
7.884840E-03,-5.2610999E+00,-7.4703766E-01
7.888117E-03,-5.2546912E+00,-7.3856903E-01
7.891394E-03,-5.2519446E+00,-7.3193146E-01
7.894670E-03,-5.2510291E+00,-7.2277618E-01
7.897947E-03,-5.2510291E+00,-7.1598602E-01
7.901224E-03,-5.2507239E+00,-7.0660187E-01
7.904501E-03,-5.2556067E+00,-6.9874359E-01
7.907778E-03,-5.2586584E+00,-6.8821503E-01
7.911054E-03,-5.2586584E+00,-6.8012787E-01
7.914331E-03,-5.2546912E+00,-6.6967560E-01
7.917608E-03,-5.2617102E+00,-6.6021515E-01
7.920885E-03,-5.2592688E+00,-6.4869476E-01
7.924162E-03,-5.2659827E+00,-6.3885284E-01
7.927438E-03,-5.2662878E+00,-6.2710358E-01
7.930715E-03,-5.2668982E+00,-6.1733795E-01
7.933992E-03,-5.2644568E+00,-6.0467316E-01
7.937269E-03,-5.2610999E+00,-5.9429718E-01
7.940546E-03,-5.2568274E+00,-5.8132721E-01
7.943822E-03,-5.2589636E+00,-5.7011200E-01
7.947099E-03,-5.2565222E+00,-5.5714203E-01
7.950376E-03,-5.2580481E+00,-5.4447723E-01
7.953653E-03,-5.2543860E+00,-5.3173615E-01
7.956930E-03,-5.2623206E+00,-5.1907135E-01
7.960206E-03,-5.2629309E+00,-5.0465179E-01
7.963483E-03,-5.2635413E+00,-4.9175812E-01
7.966760E-03,-5.2662878E+00,-4.7710968E-01
7.970037E-03,-5.2586584E+00,-4.6330048E-01
7.973314E-03,-5.2620154E+00,-4.4819427E-01
7.976590E-03,-5.2595740E+00,-4.3499542E-01
7.979867E-03,-5.2589636E+00,-4.1958405E-01
7.983144E-03,-5.2650671E+00,-4.0501190E-01
7.986421E-03,-5.2641516E+00,-3.8975311E-01
7.989698E-03,-5.2678137E+00,-3.7464691E-01
7.992974E-03,-5.2659827E+00,-3.5870148E-01
7.996251E-03,-5.2614050E+00,-3.4344269E-01
7.999528E-03,-5.2586584E+00,-3.2673431E-01
8.002805E-03,-5.2577429E+00,-3.1155182E-01
8.006082E-03,-5.2589636E+00,-2.9469086E-01
8.009358E-03,-5.2592688E+00,-2.7905060E-01
8.012635E-03,-5.2522498E+00,-2.6287628E-01
8.015912E-03,-5.2580481E+00,-2.4693085E-01
8.019189E-03,-5.2641516E+00,-2.2968842E-01
8.022466E-03,-5.2647620E+00,-2.1290375E-01
8.025742E-03,-5.2699500E+00,-1.9573761E-01
8.029019E-03,-5.2623206E+00,-1.7872406E-01
8.032296E-03,-5.2586584E+00,-1.6140533E-01
8.035573E-03,-5.2540808E+00,-1.4553619E-01
8.038850E-03,-5.2491980E+00,-1.2791229E-01
8.042126E-03,-5.2501135E+00,-1.1112762E-01
8.045403E-03,-5.2455359E+00,-9.3732605E-02
8.048680E-03,-5.2473669E+00,-7.7253113E-02
8.051957E-03,-5.2458411E+00,-6.0086975E-02
8.055234E-03,-5.2473669E+00,-4.2234192E-02
8.058510E-03,-5.2482825E+00,-2.4610291E-02
8.061787E-03,-5.2470618E+00,-7.4441528E-03
8.065064E-03,-5.2433997E+00,1.0637512E-02
8.068341E-03,-5.2467566E+00,2.7956238E-02
8.071618E-03,-5.2485876E+00,4.4969788E-02
8.074894E-03,-5.2485876E+00,6.2517395E-02
8.078171E-03,-5.2488928E+00,8.0522766E-02
8.081448E-03,-5.2504187E+00,9.8070374E-02
8.084725E-03,-5.2433997E+00,1.1485504E-01
8.088002E-03,-5.2458411E+00,1.3194489E-01
8.091278E-03,-5.2464514E+00,1.4895844E-01
8.094555E-03,-5.2437048E+00,1.6551422E-01
8.097832E-03,-5.2479773E+00,1.8252777E-01
8.101109E-03,-5.2446204E+00,1.9908356E-01
8.104386E-03,-5.2476721E+00,2.1571564E-01
8.107662E-03,-5.2427893E+00,2.3257660E-01
8.110939E-03,-5.2491980E+00,2.4943756E-01
8.114216E-03,-5.2482825E+00,2.6591705E-01
8.117493E-03,-5.2549963E+00,2.8239655E-01
8.120770E-03,-5.2501135E+00,2.9857086E-01
8.124046E-03,-5.2485876E+00,3.1520294E-01
8.127323E-03,-5.2534705E+00,3.3152985E-01
8.130600E-03,-5.2461462E+00,3.4808563E-01
8.133877E-03,-5.2501135E+00,3.6456512E-01
8.137154E-03,-5.2455359E+00,3.8089203E-01
8.140430E-03,-5.2440100E+00,3.9584564E-01
8.143707E-03,-5.2452307E+00,4.1179108E-01
8.146984E-03,-5.2427893E+00,4.2712616E-01
8.150261E-03,-5.2427893E+00,4.4207977E-01
8.153538E-03,-5.2455359E+00,4.5810150E-01
8.156814E-03,-5.2440100E+00,4.7305511E-01
8.160091E-03,-5.2403479E+00,4.8808502E-01
8.163368E-03,-5.2424841E+00,5.0212311E-01
8.166645E-03,-5.2446204E+00,5.1631378E-01
8.169922E-03,-5.2455359E+00,5.3050446E-01
8.173198E-03,-5.2461462E+00,5.4477142E-01
8.176475E-03,-5.2449255E+00,5.5766510E-01
8.179752E-03,-5.2540808E+00,5.7116913E-01
8.183029E-03,-5.2577429E+00,5.8429169E-01
8.186306E-03,-5.2629309E+00,5.9695648E-01
8.189582E-03,-5.2638464E+00,6.0931610E-01
8.192859E-03,-5.2662878E+00,6.2190460E-01
8.196136E-03,-5.2644568E+00,6.3388275E-01
8.199413E-03,-5.2632361E+00,6.4677643E-01
8.202690E-03,-5.2586584E+00,6.5806793E-01
8.205966E-03,-5.2568274E+00,6.7027496E-01
8.209243E-03,-5.2534705E+00,6.8141388E-01
8.212520E-03,-5.2501135E+00,6.9224762E-01
8.215797E-03,-5.2504187E+00,7.0262360E-01
8.219074E-03,-5.2598792E+00,7.1322845E-01
8.222350E-03,-5.2601843E+00,7.2268890E-01
8.225627E-03,-5.2638464E+00,7.3275970E-01
8.228904E-03,-5.2662878E+00,7.4214386E-01
8.232181E-03,-5.2617102E+00,7.5160431E-01
8.235458E-03,-5.2620154E+00,7.5999664E-01
8.238734E-03,-5.2525549E+00,7.6968597E-01
8.242011E-03,-5.2549963E+00,7.7731537E-01
8.245288E-03,-5.2440100E+00,7.8608917E-01
8.248565E-03,-5.2464514E+00,7.9348969E-01
8.251842E-03,-5.2415686E+00,8.0073761E-01
8.255118E-03,-5.2406531E+00,8.0737518E-01
8.258395E-03,-5.2424841E+00,8.1431793E-01
8.261672E-03,-5.2440100E+00,8.1996368E-01
8.264949E-03,-5.2488928E+00,8.2652496E-01
8.268226E-03,-5.2528601E+00,8.3156036E-01
8.271502E-03,-5.2580481E+00,8.3712982E-01
8.274779E-03,-5.2565222E+00,8.4201263E-01
8.278056E-03,-5.2525549E+00,8.4742950E-01
8.281333E-03,-5.2501135E+00,8.5086273E-01
8.284610E-03,-5.2479773E+00,8.5483002E-01
8.287886E-03,-5.2452307E+00,8.5887360E-01
8.291163E-03,-5.2433997E+00,8.6291718E-01
8.294440E-03,-5.2473669E+00,8.6497711E-01
8.297717E-03,-5.2549963E+00,8.6818146E-01
8.300994E-03,-5.2549963E+00,8.6978363E-01
8.304270E-03,-5.2641516E+00,8.7199615E-01
8.307547E-03,-5.2644568E+00,8.7283539E-01
8.310824E-03,-5.2650671E+00,8.7436127E-01
8.314101E-03,-5.2675085E+00,8.7428497E-01
8.317378E-03,-5.2656775E+00,8.7542938E-01
8.320654E-03,-5.2620154E+00,8.7459015E-01
8.323931E-03,-5.2623206E+00,8.7474274E-01
8.327208E-03,-5.2598792E+00,8.7344574E-01
8.330485E-03,-5.2620154E+00,8.7344574E-01
8.333762E-03,-5.2617102E+00,8.7130951E-01
8.337038E-03,-5.2647620E+00,8.7008881E-01
8.340315E-03,-5.2659827E+00,8.6764740E-01
8.343592E-03,-5.2589636E+00,8.6566376E-01
8.346869E-03,-5.2601843E+00,8.6230682E-01
8.350146E-03,-5.2528601E+00,8.5986542E-01
8.353422E-03,-5.2470618E+00,8.5566925E-01
8.356699E-03,-5.2418738E+00,8.5231232E-01
8.359976E-03,-5.2433997E+00,8.4689545E-01
8.363253E-03,-5.2385168E+00,8.4323334E-01
8.366530E-03,-5.2406531E+00,8.3751129E-01
8.369806E-03,-5.2461462E+00,8.3316254E-01
8.373083E-03,-5.2363806E+00,8.2705902E-01
8.376360E-03,-5.2464514E+00,8.2156586E-01
8.379637E-03,-5.2458411E+00,8.1469940E-01
8.382914E-03,-5.2507239E+00,8.0958771E-01
8.386190E-03,-5.2504187E+00,8.0165314E-01
8.389467E-03,-5.2491980E+00,7.9501556E-01
8.392744E-03,-5.2559119E+00,7.8746246E-01
8.396021E-03,-5.2513342E+00,7.8051971E-01
8.399298E-03,-5.2504187E+00,7.7121185E-01
8.402574E-03,-5.2437048E+00,7.6396393E-01
8.405851E-03,-5.2415686E+00,7.5404572E-01
8.409128E-03,-5.2437048E+00,7.4572968E-01
8.412405E-03,-5.2443152E+00,7.3459076E-01
8.415682E-03,-5.2498083E+00,7.2604584E-01
8.418958E-03,-5.2443152E+00,7.1521210E-01
8.422235E-03,-5.2388220E+00,7.0613312E-01
8.425512E-03,-5.2424841E+00,6.9430756E-01
8.428789E-03,-5.2443152E+00,6.8454193E-01
8.432066E-03,-5.2424841E+00,6.7286896E-01
8.435342E-03,-5.2394324E+00,6.6180634E-01
8.438619E-03,-5.2440100E+00,6.4944672E-01
8.441896E-03,-5.2449255E+00,6.3876556E-01
8.445173E-03,-5.2443152E+00,6.2541412E-01
8.448450E-03,-5.2412634E+00,6.1435150E-01
8.451726E-03,-5.2418738E+00,6.0008453E-01
8.455003E-03,-5.2427893E+00,5.8848785E-01
8.458280E-03,-5.2421790E+00,5.7483124E-01
8.461557E-03,-5.2501135E+00,5.6201385E-01
8.464834E-03,-5.2525549E+00,5.4782318E-01
8.468110E-03,-5.2534705E+00,5.3500580E-01
8.471387E-03,-5.2553015E+00,5.1997589E-01
8.474664E-03,-5.2531653E+00,5.0647186E-01
8.477941E-03,-5.2559119E+00,4.9090790E-01
8.481218E-03,-5.2540808E+00,4.7679352E-01
8.484494E-03,-5.2617102E+00,4.6138214E-01
8.487771E-03,-5.2595740E+00,4.4673370E-01
8.491048E-03,-5.2668982E+00,4.3147491E-01
8.494325E-03,-5.2656775E+00,4.1644501E-01
8.497602E-03,-5.2665930E+00,4.0027069E-01
8.500878E-03,-5.2690344E+00,3.8455414E-01
8.504155E-03,-5.2650671E+00,3.6837982E-01
8.507432E-03,-5.2614050E+00,3.5266327E-01
8.510709E-03,-5.2568274E+00,3.3641266E-01
8.513986E-03,-5.2534705E+00,3.2077240E-01
8.517262E-03,-5.2510291E+00,3.0406403E-01
8.520539E-03,-5.2522498E+00,2.8842377E-01
8.523816E-03,-5.2470618E+00,2.7110504E-01
8.527093E-03,-5.2476721E+00,2.5462555E-01
8.530370E-03,-5.2385168E+00,2.3776459E-01
8.533646E-03,-5.2455359E+00,2.2174286E-01
8.536923E-03,-5.2391272E+00,2.0442413E-01
8.540200E-03,-5.2366858E+00,1.8741058E-01
8.543477E-03,-5.2339392E+00,1.7100739E-01
8.546754E-03,-5.2333289E+00,1.5460419E-01
8.550030E-03,-5.2339392E+00,1.3736176E-01
8.553307E-03,-5.2372961E+00,1.2011932E-01
8.556584E-03,-5.2327185E+00,1.0287689E-01
8.559861E-03,-5.2363806E+00,8.5405579E-02
8.563138E-03,-5.2302771E+00,6.8315735E-02
8.566414E-03,-5.2351599E+00,5.0844421E-02
8.569691E-03,-5.2403479E+00,3.2686462E-02
8.572968E-03,-5.2437048E+00,1.5901794E-02
8.576245E-03,-5.2476721E+00,-1.0354614E-03
8.579522E-03,-5.2528601E+00,-1.7972717E-02
8.582798E-03,-5.2513342E+00,-3.5291443E-02
8.586075E-03,-5.2556067E+00,-5.2228699E-02
8.589352E-03,-5.2546912E+00,-6.9928894E-02
8.592629E-03,-5.2531653E+00,-8.7095032E-02
8.595906E-03,-5.2491980E+00,-1.0418488E-01
8.599182E-03,-5.2528601E+00,-1.2112213E-01
8.602459E-03,-5.2498083E+00,-1.3767792E-01
8.605736E-03,-5.2467566E+00,-1.5492035E-01
8.609013E-03,-5.2504187E+00,-1.7231537E-01
8.612290E-03,-5.2531653E+00,-1.8917633E-01
8.615566E-03,-5.2516394E+00,-2.0611359E-01
8.618843E-03,-5.2638464E+00,-2.2244049E-01
8.622120E-03,-5.2650671E+00,-2.3899628E-01
8.625397E-03,-5.2620154E+00,-2.5524689E-01
8.628674E-03,-5.2681189E+00,-2.7126862E-01
8.631950E-03,-5.2659827E+00,-2.8690887E-01
8.635227E-03,-5.2662878E+00,-3.0277802E-01
8.638504E-03,-5.2574377E+00,-3.1864716E-01
8.641781E-03,-5.2559119E+00,-3.3505035E-01
8.645058E-03,-5.2565222E+00,-3.5038544E-01
8.648334E-03,-5.2614050E+00,-3.6671234E-01
8.651611E-03,-5.2626257E+00,-3.8166595E-01
8.654888E-03,-5.2586584E+00,-3.9677216E-01
8.658165E-03,-5.2556067E+00,-4.1142059E-01
8.661442E-03,-5.2543860E+00,-4.2561127E-01
8.664718E-03,-5.2485876E+00,-4.4079376E-01
8.667995E-03,-5.2528601E+00,-4.5498444E-01
8.671272E-03,-5.2501135E+00,-4.6871735E-01
8.674549E-03,-5.2553015E+00,-4.8313690E-01
8.677826E-03,-5.2580481E+00,-4.9732758E-01
8.681102E-03,-5.2577429E+00,-5.1098419E-01
8.684379E-03,-5.2589636E+00,-5.2410675E-01
8.687656E-03,-5.2595740E+00,-5.3700043E-01
8.690933E-03,-5.2592688E+00,-5.4981781E-01
8.694210E-03,-5.2638464E+00,-5.6202484E-01
8.697486E-03,-5.2626257E+00,-5.7430817E-01
8.700763E-03,-5.2592688E+00,-5.8559967E-01
8.704040E-03,-5.2638464E+00,-5.9727264E-01
8.707317E-03,-5.2626257E+00,-6.0894562E-01
8.710594E-03,-5.2598792E+00,-6.2107635E-01
8.713870E-03,-5.2629309E+00,-6.3175751E-01
8.717147E-03,-5.2644568E+00,-6.4182831E-01
8.720424E-03,-5.2607947E+00,-6.5189911E-01
8.723701E-03,-5.2629309E+00,-6.6258026E-01
8.726978E-03,-5.2617102E+00,-6.7204071E-01
8.730254E-03,-5.2684241E+00,-6.8150116E-01
8.733531E-03,-5.2650671E+00,-6.9088531E-01
8.736808E-03,-5.2748328E+00,-6.9943024E-01
8.740085E-03,-5.2736121E+00,-7.0782257E-01
8.743362E-03,-5.2745276E+00,-7.1652008E-01
8.746638E-03,-5.2763586E+00,-7.2361542E-01
8.749915E-03,-5.2788000E+00,-7.3170258E-01
8.753192E-03,-5.2748328E+00,-7.3818756E-01
8.756469E-03,-5.2784949E+00,-7.4566437E-01
8.759746E-03,-5.2726965E+00,-7.5230194E-01
8.763022E-03,-5.2693396E+00,-7.5863434E-01
8.766299E-03,-5.2647620E+00,-7.6351715E-01
8.769576E-03,-5.2607947E+00,-7.6984955E-01
8.772853E-03,-5.2528601E+00,-7.7358795E-01
8.776130E-03,-5.2577429E+00,-7.7961517E-01
8.779406E-03,-5.2458411E+00,-7.8396393E-01
8.782683E-03,-5.2424841E+00,-7.8823639E-01
8.785960E-03,-5.2406531E+00,-7.9144073E-01
8.789237E-03,-5.2363806E+00,-7.9487396E-01
8.792514E-03,-5.2394324E+00,-7.9731537E-01
8.795790E-03,-5.2318030E+00,-8.0006195E-01
8.799067E-03,-5.2299719E+00,-8.0273224E-01
8.802344E-03,-5.2345496E+00,-8.0532623E-01
8.805621E-03,-5.2327185E+00,-8.0624176E-01
8.808898E-03,-5.2351599E+00,-8.0784393E-01
8.812174E-03,-5.2372961E+00,-8.0822540E-01
8.815451E-03,-5.2409583E+00,-8.1013275E-01
8.818728E-03,-5.2452307E+00,-8.0982758E-01
8.822005E-03,-5.2424841E+00,-8.1013275E-01
8.825282E-03,-5.2394324E+00,-8.0853058E-01
8.828558E-03,-5.2366858E+00,-8.0837799E-01
8.831835E-03,-5.2418738E+00,-8.0669952E-01
8.835112E-03,-5.2476721E+00,-8.0586029E-01
8.838389E-03,-5.2397375E+00,-8.0326630E-01
8.841666E-03,-5.2443152E+00,-8.0135895E-01
8.844942E-03,-5.2491980E+00,-7.9823090E-01
8.848219E-03,-5.2458411E+00,-7.9632355E-01
8.851496E-03,-5.2498083E+00,-7.9197479E-01
8.854773E-03,-5.2519446E+00,-7.8930450E-01
8.858050E-03,-5.2553015E+00,-7.8411652E-01
8.861326E-03,-5.2528601E+00,-7.8045441E-01
8.864603E-03,-5.2485876E+00,-7.7427460E-01
8.867880E-03,-5.2412634E+00,-7.7084137E-01
8.871157E-03,-5.2418738E+00,-7.6420380E-01
8.874434E-03,-5.2403479E+00,-7.5970245E-01
8.877710E-03,-5.2415686E+00,-7.5207306E-01
8.880987E-03,-5.2449255E+00,-7.4619843E-01
8.884264E-03,-5.2449255E+00,-7.3864532E-01
8.887541E-03,-5.2455359E+00,-7.3200775E-01
8.890818E-03,-5.2467566E+00,-7.2346283E-01
8.894094E-03,-5.2452307E+00,-7.1774078E-01
8.897371E-03,-5.2424841E+00,-7.0843292E-01
8.900648E-03,-5.2461462E+00,-7.0110870E-01
8.903925E-03,-5.2443152E+00,-6.9126678E-01
8.907202E-03,-5.2476721E+00,-6.8317963E-01
8.910478E-03,-5.2470618E+00,-6.7257477E-01
8.913755E-03,-5.2433997E+00,-6.6425873E-01
8.917032E-03,-5.2479773E+00,-6.5289093E-01
8.920309E-03,-5.2446204E+00,-6.4365936E-01
8.923586E-03,-5.2409583E+00,-6.3152863E-01
8.926862E-03,-5.2473669E+00,-6.2199188E-01
8.930139E-03,-5.2461462E+00,-6.1031891E-01
8.933416E-03,-5.2501135E+00,-5.9979034E-01
8.936693E-03,-5.2504187E+00,-5.8788849E-01
8.939970E-03,-5.2528601E+00,-5.7682587E-01
8.943246E-03,-5.2452307E+00,-5.6370331E-01
8.946523E-03,-5.2528601E+00,-5.5210663E-01
8.949800E-03,-5.2507239E+00,-5.3867889E-01
8.953077E-03,-5.2501135E+00,-5.2654816E-01
8.956354E-03,-5.2485876E+00,-5.1212860E-01
8.959630E-03,-5.2473669E+00,-4.9908234E-01
8.962907E-03,-5.2528601E+00,-4.8504425E-01
8.966184E-03,-5.2501135E+00,-4.7131134E-01
8.969461E-03,-5.2595740E+00,-4.5757843E-01
8.972738E-03,-5.2601843E+00,-4.4384552E-01
8.976014E-03,-5.2580481E+00,-4.2843414E-01
8.979291E-03,-5.2638464E+00,-4.1431976E-01
8.982568E-03,-5.2553015E+00,-3.9906097E-01
8.985845E-03,-5.2531653E+00,-3.8425995E-01
8.989122E-03,-5.2525549E+00,-3.6747528E-01
8.992398E-03,-5.2543860E+00,-3.5259796E-01
8.995675E-03,-5.2543860E+00,-3.3703400E-01
8.998952E-03,-5.2543860E+00,-3.2078339E-01
9.002229E-03,-5.2473669E+00,-3.0430389E-01
9.005506E-03,-5.2485876E+00,-2.8927399E-01
9.008782E-03,-5.2452307E+00,-2.7287079E-01
9.012059E-03,-5.2461462E+00,-2.5684906E-01
9.015336E-03,-5.2433997E+00,-2.3975922E-01
9.018613E-03,-5.2537756E+00,-2.2442413E-01
9.021890E-03,-5.2580481E+00,-2.0756317E-01
9.025166E-03,-5.2620154E+00,-1.9115997E-01
9.028443E-03,-5.2699500E+00,-1.7414642E-01
9.031720E-03,-5.2720862E+00,-1.5766693E-01
9.034997E-03,-5.2775793E+00,-1.4042450E-01
9.038274E-03,-5.2812415E+00,-1.2409760E-01
9.041550E-03,-5.2824622E+00,-1.0685516E-01
9.044827E-03,-5.2791052E+00,-8.9917908E-02
9.048104E-03,-5.2775793E+00,-7.2217712E-02
9.051381E-03,-5.2711707E+00,-5.4136047E-02
9.054658E-03,-5.2742224E+00,-3.7122498E-02
9.057934E-03,-5.2656775E+00,-1.9880066E-02
9.061211E-03,-5.2632361E+00,-2.5613403E-03
9.064488E-03,-5.2553015E+00,1.4604797E-02
9.067765E-03,-5.2528601E+00,3.2228699E-02
9.071042E-03,-5.2583533E+00,4.9623718E-02
9.074318E-03,-5.2549963E+00,6.6866150E-02
9.077595E-03,-5.2583533E+00,8.3955994E-02
9.080872E-03,-5.2620154E+00,1.0180878E-01
9.084149E-03,-5.2604895E+00,1.1935638E-01
9.087426E-03,-5.2617102E+00,1.3629364E-01
9.090702E-03,-5.2546912E+00,1.5338348E-01
9.093979E-03,-5.2522498E+00,1.6993927E-01
9.097256E-03,-5.2522498E+00,1.8687653E-01
9.100533E-03,-5.2577429E+00,2.0373749E-01
9.103810E-03,-5.2592688E+00,2.2082733E-01
9.107086E-03,-5.2675085E+00,2.3761200E-01
9.110363E-03,-5.2644568E+00,2.5409149E-01
9.113640E-03,-5.2742224E+00,2.7079987E-01
9.116917E-03,-5.2763586E+00,2.8773712E-01
9.120194E-03,-5.2769690E+00,3.0482697E-01
9.123470E-03,-5.2845984E+00,3.2161163E-01
9.126747E-03,-5.2757483E+00,3.3702301E-01
9.130024E-03,-5.2824622E+00,3.5396027E-01
9.133301E-03,-5.2772742E+00,3.6921906E-01
9.136578E-03,-5.2775793E+00,3.8524078E-01
9.139854E-03,-5.2748328E+00,4.0088104E-01
9.143131E-03,-5.2690344E+00,4.1713165E-01
9.146408E-03,-5.2638464E+00,4.3292450E-01
9.149685E-03,-5.2485876E+00,4.4856476E-01
9.152962E-03,-5.2461462E+00,4.6397614E-01
9.156238E-03,-5.2437048E+00,4.7839569E-01
9.159515E-03,-5.2467566E+00,4.9312042E-01
9.162792E-03,-5.2397375E+00,5.0807404E-01
9.166069E-03,-5.2479773E+00,5.2211212E-01
9.169346E-03,-5.2498083E+00,5.3645538E-01
9.172622E-03,-5.2491980E+00,5.4965424E-01
9.175899E-03,-5.2519446E+00,5.6331085E-01
9.179176E-03,-5.2537756E+00,5.7712006E-01
9.182453E-03,-5.2589636E+00,5.9047150E-01
9.185730E-03,-5.2562170E+00,6.0306000E-01
9.189006E-03,-5.2571326E+00,6.1564850E-01
9.192283E-03,-5.2610999E+00,6.2739777E-01
9.195560E-03,-5.2592688E+00,6.4097809E-01
9.198837E-03,-5.2626257E+00,6.5211700E-01
9.202114E-03,-5.2656775E+00,6.6424774E-01
9.205390E-03,-5.2702551E+00,6.7584442E-01
9.208667E-03,-5.2690344E+00,6.8744110E-01
9.211944E-03,-5.2778845E+00,6.9812225E-01
9.215221E-03,-5.2788000E+00,7.0926117E-01
9.218498E-03,-5.2791052E+00,7.1963715E-01
9.221774E-03,-5.2760535E+00,7.2940277E-01
9.225051E-03,-5.2775793E+00,7.3916840E-01
9.228328E-03,-5.2775793E+00,7.4893402E-01
9.231605E-03,-5.2788000E+00,7.5869965E-01
9.234882E-03,-5.2849036E+00,7.6732086E-01
9.238158E-03,-5.2818518E+00,7.7533173E-01
9.241435E-03,-5.2849036E+00,7.8418182E-01
9.244712E-03,-5.2775793E+00,7.9150604E-01
9.247989E-03,-5.2757483E+00,7.9982208E-01
9.251266E-03,-5.2748328E+00,8.0684113E-01
9.254542E-03,-5.2638464E+00,8.1530975E-01
9.257819E-03,-5.2565222E+00,8.2156586E-01
9.261096E-03,-5.2534705E+00,8.2782196E-01
9.264373E-03,-5.2479773E+00,8.3331512E-01
9.267650E-03,-5.2504187E+00,8.3926605E-01
9.270926E-03,-5.2519446E+00,8.4414886E-01
9.274203E-03,-5.2522498E+00,8.4910797E-01
9.277480E-03,-5.2559119E+00,8.5421967E-01
9.280757E-03,-5.2571326E+00,8.5879730E-01
9.284034E-03,-5.2598792E+00,8.6230682E-01
9.287310E-03,-5.2574377E+00,8.6635040E-01
9.290587E-03,-5.2607947E+00,8.6947845E-01
9.293864E-03,-5.2650671E+00,8.7314056E-01
9.297141E-03,-5.2604895E+00,8.7542938E-01
9.300418E-03,-5.2668982E+00,8.7764191E-01
9.303694E-03,-5.2720862E+00,8.7886261E-01
9.306971E-03,-5.2754431E+00,8.8153290E-01
9.310248E-03,-5.2812415E+00,8.8153290E-01
9.313525E-03,-5.2769690E+00,8.8328766E-01
9.316802E-03,-5.2815466E+00,8.8237213E-01
9.320078E-03,-5.2739172E+00,8.8366913E-01
9.323355E-03,-5.2757483E+00,8.8267731E-01
9.326632E-03,-5.2794104E+00,8.8298248E-01
9.329909E-03,-5.2733069E+00,8.8092255E-01
9.333186E-03,-5.2794104E+00,8.8069366E-01
9.336462E-03,-5.2788000E+00,8.7779449E-01
9.339739E-03,-5.2836829E+00,8.7756561E-01
9.343016E-03,-5.2769690E+00,8.7459015E-01
9.346293E-03,-5.2766638E+00,8.7230133E-01
9.349570E-03,-5.2754431E+00,8.6833405E-01
9.352846E-03,-5.2714758E+00,8.6535858E-01
9.356123E-03,-5.2733069E+00,8.6078094E-01
9.359400E-03,-5.2711707E+00,8.5734772E-01
9.362677E-03,-5.2711707E+00,8.5116791E-01
9.365954E-03,-5.2766638E+00,8.4735321E-01
9.369230E-03,-5.2772742E+00,8.4094452E-01
9.372507E-03,-5.2839880E+00,8.3659576E-01
9.375784E-03,-5.2870398E+00,8.2980560E-01
9.379061E-03,-5.2858191E+00,8.2431244E-01
9.382338E-03,-5.2925330E+00,8.1645416E-01
9.385614E-03,-5.2913123E+00,8.1111359E-01
9.388891E-03,-5.2931433E+00,8.0363678E-01
9.392168E-03,-5.2879553E+00,7.9692291E-01
9.395445E-03,-5.2818518E+00,7.8845428E-01
9.398722E-03,-5.2772742E+00,7.8166412E-01
9.401998E-03,-5.2726965E+00,7.7205109E-01
9.405275E-03,-5.2693396E+00,7.6449799E-01
9.408552E-03,-5.2662878E+00,7.5450348E-01
9.411829E-03,-5.2638464E+00,7.4565338E-01
9.415106E-03,-5.2675085E+00,7.3466705E-01
9.418382E-03,-5.2653723E+00,7.2657990E-01
9.421659E-03,-5.2641516E+00,7.1444916E-01
9.424936E-03,-5.2705603E+00,7.0544647E-01
9.428213E-03,-5.2714758E+00,6.9323944E-01
9.431490E-03,-5.2705603E+00,6.8293976E-01
9.434766E-03,-5.2696448E+00,6.7050385E-01
9.438043E-03,-5.2748328E+00,6.5936493E-01
9.441320E-03,-5.2733069E+00,6.4715790E-01
9.444597E-03,-5.2766638E+00,6.3640045E-01
9.447874E-03,-5.2794104E+00,6.2365936E-01
9.451150E-03,-5.2855139E+00,6.1183380E-01
9.454427E-03,-5.2913123E+00,5.9771942E-01
9.457704E-03,-5.2876501E+00,5.8558868E-01
9.460981E-03,-5.2919226E+00,5.7055878E-01
9.464258E-03,-5.2894812E+00,5.5797028E-01
9.467534E-03,-5.2925330E+00,5.4339813E-01
9.470811E-03,-5.2879553E+00,5.2981781E-01
9.474088E-03,-5.2934485E+00,5.1501678E-01
9.477365E-03,-5.2955847E+00,5.0151276E-01
9.480642E-03,-5.2992468E+00,4.8655914E-01
9.483918E-03,-5.2910071E+00,4.7236847E-01
9.487195E-03,-5.2919226E+00,4.5695709E-01
9.490472E-03,-5.2833777E+00,4.4192719E-01
9.493749E-03,-5.2830725E+00,4.2590546E-01
9.497026E-03,-5.2827673E+00,4.1110443E-01
9.500302E-03,-5.2797156E+00,3.9447235E-01
9.503579E-03,-5.2839880E+00,3.7906097E-01
9.506856E-03,-5.2818518E+00,3.6265778E-01
9.510133E-03,-5.2815466E+00,3.4701752E-01
9.513410E-03,-5.2791052E+00,3.3030914E-01
9.516686E-03,-5.2730017E+00,3.1466888E-01
9.519963E-03,-5.2699500E+00,2.9788422E-01
9.523240E-03,-5.2696448E+00,2.8163361E-01
9.526517E-03,-5.2681189E+00,2.6431488E-01
9.529794E-03,-5.2641516E+00,2.4768280E-01
9.533070E-03,-5.2659827E+00,2.3059296E-01
9.536347E-03,-5.2626257E+00,2.1403717E-01
9.539624E-03,-5.2647620E+00,1.9740509E-01
9.542901E-03,-5.2614050E+00,1.8077301E-01
9.546178E-03,-5.2559119E+00,1.6383575E-01
9.549454E-03,-5.2595740E+00,1.4682220E-01
9.552731E-03,-5.2540808E+00,1.2965607E-01
9.556008E-03,-5.2604895E+00,1.1256622E-01
9.559285E-03,-5.2638464E+00,9.5628967E-02
9.562562E-03,-5.2629309E+00,7.8768005E-02
9.565838E-03,-5.2632361E+00,6.0915222E-02
9.569115E-03,-5.2672034E+00,4.3749084E-02
9.572392E-03,-5.2601843E+00,2.5972595E-02
9.575669E-03,-5.2650671E+00,8.5775757E-03
9.578946E-03,-5.2665930E+00,-8.7411499E-03
9.582222E-03,-5.2620154E+00,-2.5678406E-02
9.585499E-03,-5.2708655E+00,-4.3988953E-02
9.588776E-03,-5.2681189E+00,-6.0468445E-02
9.592053E-03,-5.2766638E+00,-7.7863464E-02
9.595330E-03,-5.2711707E+00,-9.4571838E-02
9.598606E-03,-5.2736121E+00,-1.1128021E-01
9.601883E-03,-5.2708655E+00,-1.2791229E-01
9.605160E-03,-5.2736121E+00,-1.4477325E-01
9.608437E-03,-5.2745276E+00,-1.6201569E-01
9.611714E-03,-5.2675085E+00,-1.7864777E-01
9.614990E-03,-5.2708655E+00,-1.9596649E-01
9.618267E-03,-5.2720862E+00,-2.1236969E-01
9.621544E-03,-5.2784949E+00,-2.2907806E-01
9.624821E-03,-5.2791052E+00,-2.4509979E-01
9.628098E-03,-5.2803259E+00,-2.6180817E-01
9.631374E-03,-5.2794104E+00,-2.7798248E-01
9.634651E-03,-5.2763586E+00,-2.9408051E-01
9.637928E-03,-5.2723914E+00,-3.0933929E-01
9.641205E-03,-5.2818518E+00,-3.2558990E-01
9.644482E-03,-5.2714758E+00,-3.4115387E-01
9.647758E-03,-5.2772742E+00,-3.5748077E-01
9.651035E-03,-5.2867346E+00,-3.7212921E-01
9.654312E-03,-5.2815466E+00,-3.8792206E-01
9.657589E-03,-5.2870398E+00,-4.0226532E-01
9.660866E-03,-5.2824622E+00,-4.1706635E-01
9.664142E-03,-5.2833777E+00,-4.3232513E-01
9.667419E-03,-5.2794104E+00,-4.4704987E-01
9.670696E-03,-5.2827673E+00,-4.6040131E-01
9.673973E-03,-5.2754431E+00,-4.7466827E-01
9.677250E-03,-5.2742224E+00,-4.8801971E-01
9.680526E-03,-5.2690344E+00,-5.0175262E-01
9.683803E-03,-5.2644568E+00,-5.1502777E-01
9.687080E-03,-5.2647620E+00,-5.2815033E-01
9.690357E-03,-5.2623206E+00,-5.4043365E-01
9.693634E-03,-5.2675085E+00,-5.5355621E-01
9.696910E-03,-5.2638464E+00,-5.6484772E-01
9.700187E-03,-5.2675085E+00,-5.7758881E-01
9.703464E-03,-5.2656775E+00,-5.8872772E-01
9.706741E-03,-5.2702551E+00,-6.0093475E-01
9.710018E-03,-5.2739172E+00,-6.1184479E-01
9.713294E-03,-5.2659827E+00,-6.2283112E-01
9.716571E-03,-5.2720862E+00,-6.3343597E-01
9.719848E-03,-5.2730017E+00,-6.4404083E-01
9.723125E-03,-5.2797156E+00,-6.5395905E-01
9.726402E-03,-5.2827673E+00,-6.6395355E-01
9.729678E-03,-5.2742224E+00,-6.7295624E-01
9.732955E-03,-5.2855139E+00,-6.8256927E-01
9.736232E-03,-5.2836829E+00,-6.9180084E-01
9.739509E-03,-5.2867346E+00,-7.0026947E-01
9.742786E-03,-5.2858191E+00,-7.0866180E-01
9.746062E-03,-5.2812415E+00,-7.1713043E-01
9.749339E-03,-5.2855139E+00,-7.2384430E-01
9.752616E-03,-5.2907019E+00,-7.3132111E-01
9.755893E-03,-5.2873450E+00,-7.3803497E-01
9.759170E-03,-5.2925330E+00,-7.4520660E-01
9.762446E-03,-5.2852087E+00,-7.5123383E-01
9.765723E-03,-5.2894812E+00,-7.5733734E-01
9.769000E-03,-5.2833777E+00,-7.6260162E-01
9.772277E-03,-5.2836829E+00,-7.6832367E-01
9.775554E-03,-5.2766638E+00,-7.7259613E-01
9.778830E-03,-5.2726965E+00,-7.7801300E-01
9.782107E-03,-5.2693396E+00,-7.8129364E-01
9.785384E-03,-5.2699500E+00,-7.8487946E-01
9.788661E-03,-5.2650671E+00,-7.8808380E-01
9.791938E-03,-5.2644568E+00,-7.9212738E-01
9.795214E-03,-5.2601843E+00,-7.9418732E-01
9.798491E-03,-5.2525549E+00,-7.9693390E-01
9.801768E-03,-5.2537756E+00,-7.9800201E-01
9.805045E-03,-5.2568274E+00,-8.0074860E-01
9.808322E-03,-5.2534705E+00,-8.0128265E-01
9.811598E-03,-5.2601843E+00,-8.0319000E-01
9.814875E-03,-5.2644568E+00,-8.0341888E-01
9.818152E-03,-5.2711707E+00,-8.0433441E-01
9.821429E-03,-5.2769690E+00,-8.0425812E-01
9.824706E-03,-5.2794104E+00,-8.0425812E-01
9.827982E-03,-5.2791052E+00,-8.0235077E-01
9.831259E-03,-5.2736121E+00,-8.0181671E-01
9.834536E-03,-5.2745276E+00,-8.0036713E-01
9.837813E-03,-5.2772742E+00,-7.9891754E-01
9.841090E-03,-5.2678137E+00,-7.9571320E-01
9.844366E-03,-5.2629309E+00,-7.9449249E-01
9.847643E-03,-5.2614050E+00,-7.9060150E-01
9.850920E-03,-5.2656775E+00,-7.8846527E-01
9.854197E-03,-5.2675085E+00,-7.8419281E-01
9.857474E-03,-5.2699500E+00,-7.8075958E-01
9.860750E-03,-5.2726965E+00,-7.7541901E-01
9.864027E-03,-5.2702551E+00,-7.7152802E-01
9.867304E-03,-5.2659827E+00,-7.6603485E-01
9.870581E-03,-5.2623206E+00,-7.6122833E-01
9.873858E-03,-5.2580481E+00,-7.5413300E-01
9.877134E-03,-5.2580481E+00,-7.4879242E-01
9.880411E-03,-5.2528601E+00,-7.4169708E-01
9.883688E-03,-5.2519446E+00,-7.3536469E-01
9.886965E-03,-5.2543860E+00,-7.2720123E-01
9.890242E-03,-5.2513342E+00,-7.2102142E-01
9.893518E-03,-5.2525549E+00,-7.1217133E-01
9.896795E-03,-5.2525549E+00,-7.0461823E-01
9.900072E-03,-5.2543860E+00,-6.9546295E-01
9.903349E-03,-5.2592688E+00,-6.8783356E-01
9.906626E-03,-5.2525549E+00,-6.7837311E-01
9.909902E-03,-5.2650671E+00,-6.6998077E-01
9.913179E-03,-5.2617102E+00,-6.5968109E-01
9.916456E-03,-5.2720862E+00,-6.5067841E-01
9.919733E-03,-5.2720862E+00,-6.4037872E-01
9.923010E-03,-5.2766638E+00,-6.3091827E-01
9.926286E-03,-5.2830725E+00,-6.1863495E-01
9.929563E-03,-5.2788000E+00,-6.0856415E-01
9.932840E-03,-5.2772742E+00,-5.9620453E-01
9.936117E-03,-5.2806311E+00,-5.8529449E-01
9.939394E-03,-5.2726965E+00,-5.7262970E-01
9.942670E-03,-5.2781897E+00,-5.6171967E-01
9.945947E-03,-5.2760535E+00,-5.4813934E-01
9.949224E-03,-5.2745276E+00,-5.3692413E-01
9.952501E-03,-5.2794104E+00,-5.2334381E-01
9.955778E-03,-5.2806311E+00,-5.1075531E-01
9.959054E-03,-5.2784949E+00,-4.9664093E-01
9.962331E-03,-5.2800208E+00,-4.8344208E-01
9.965608E-03,-5.2711707E+00,-4.6886993E-01
9.968885E-03,-5.2714758E+00,-4.5490814E-01
9.972162E-03,-5.2726965E+00,-4.4048859E-01
9.975438E-03,-5.2714758E+00,-4.2713715E-01
9.978715E-03,-5.2711707E+00,-4.1149689E-01
9.981992E-03,-5.2708655E+00,-3.9684845E-01
9.985269E-03,-5.2675085E+00,-3.8113190E-01
9.988546E-03,-5.2629309E+00,-3.6663605E-01
9.991822E-03,-5.2641516E+00,-3.5038544E-01
9.995099E-03,-5.2571326E+00,-3.3543182E-01
9.998376E-03,-5.2601843E+00,-3.1895233E-01
1.000165E-02,-5.2641516E+00,-3.0338837E-01
1.000493E-02,-5.2571326E+00,-2.8751923E-01
1.000821E-02,-5.2598792E+00,-2.7195526E-01
1.001148E-02,-5.2614050E+00,-2.5478912E-01
1.001476E-02,-5.2580481E+00,-2.3914886E-01
1.001804E-02,-5.2620154E+00,-2.2259308E-01
1.002131E-02,-5.2668982E+00,-2.0527435E-01
1.002459E-02,-5.2659827E+00,-1.8864227E-01
1.002787E-02,-5.2693396E+00,-1.7246796E-01
1.003114E-02,-5.2659827E+00,-1.5514923E-01
1.003442E-02,-5.2678137E+00,-1.3866974E-01
1.003770E-02,-5.2720862E+00,-1.2127472E-01
1.004097E-02,-5.2672034E+00,-1.0510040E-01
1.004425E-02,-5.2726965E+00,-8.7705383E-02
1.004753E-02,-5.2739172E+00,-7.0844421E-02
1.005080E-02,-5.2717810E+00,-5.3449402E-02
1.005408E-02,-5.2754431E+00,-3.6435852E-02
1.005736E-02,-5.2733069E+00,-1.8888245E-02
1.006064E-02,-5.2681189E+00,-1.7984009E-03
1.006391E-02,-5.2629309E+00,1.5978088E-02
1.006719E-02,-5.2556067E+00,3.3525696E-02
1.007047E-02,-5.2510291E+00,5.0768127E-02
1.007374E-02,-5.2510291E+00,6.7781677E-02
1.007702E-02,-5.2516394E+00,8.5558167E-02
1.008030E-02,-5.2586584E+00,1.0310577E-01
1.008357E-02,-5.2562170E+00,1.1996674E-01
1.008685E-02,-5.2626257E+00,1.3682770E-01
1.009013E-02,-5.2614050E+00,1.5338348E-01
1.009340E-02,-5.2647620E+00,1.7047333E-01
1.009668E-02,-5.2723914E+00,1.8763947E-01
1.009996E-02,-5.2720862E+00,2.0450043E-01
1.010323E-02,-5.2748328E+00,2.2090363E-01
1.010651E-02,-5.2763586E+00,2.3753571E-01
1.010979E-02,-5.2781897E+00,2.5477814E-01
1.011306E-02,-5.2757483E+00,2.7110504E-01
1.011634E-02,-5.2791052E+00,2.8720306E-01
1.011962E-02,-5.2824622E+00,3.0375885E-01
1.012289E-02,-5.2742224E+00,3.2039093E-01
1.012617E-02,-5.2726965E+00,3.3702301E-01
1.012945E-02,-5.2769690E+00,3.5266327E-01
1.013272E-02,-5.2723914E+00,3.6883759E-01
1.013600E-02,-5.2723914E+00,3.8440155E-01
1.013928E-02,-5.2723914E+00,4.0011810E-01
1.014256E-02,-5.2781897E+00,4.1514801E-01
1.014583E-02,-5.2812415E+00,4.3033051E-01
1.014911E-02,-5.2858191E+00,4.4612335E-01
1.015239E-02,-5.2897864E+00,4.6153473E-01
1.015566E-02,-5.2894812E+00,4.7679352E-01
1.015894E-02,-5.2971106E+00,4.9151825E-01
1.016222E-02,-5.2980261E+00,5.0593781E-01
1.016549E-02,-5.3019934E+00,5.1982330E-01
1.016877E-02,-5.3007727E+00,5.3325104E-01
1.017205E-02,-5.3019934E+00,5.4797577E-01
1.017532E-02,-5.3016882E+00,5.6064056E-01
1.017860E-02,-5.2946692E+00,5.7452606E-01
1.018188E-02,-5.2940588E+00,5.8772491E-01
1.018515E-02,-5.2925330E+00,6.0100006E-01
1.018843E-02,-5.2870398E+00,6.1366486E-01
1.019171E-02,-5.2913123E+00,6.2625336E-01
1.019498E-02,-5.2903967E+00,6.3815521E-01
1.019826E-02,-5.2870398E+00,6.5066742E-01
1.020154E-02,-5.2855139E+00,6.6256927E-01
1.020481E-02,-5.2824622E+00,6.7431854E-01
1.020809E-02,-5.2864294E+00,6.8545746E-01
1.021137E-02,-5.2858191E+00,6.9598602E-01
1.021464E-02,-5.2882605E+00,7.0620941E-01
1.021792E-02,-5.2916174E+00,7.1673798E-01
1.022120E-02,-5.2913123E+00,7.2619843E-01
1.022448E-02,-5.2961951E+00,7.3695587E-01
1.022775E-02,-5.2940588E+00,7.4565338E-01
1.023103E-02,-5.2968054E+00,7.5564789E-01
1.023431E-02,-5.2955847E+00,7.6373505E-01
1.023758E-02,-5.2958899E+00,7.7266144E-01
1.024086E-02,-5.2916174E+00,7.8113007E-01
1.024414E-02,-5.2891760E+00,7.8898834E-01
1.024741E-02,-5.2864294E+00,7.9608368E-01
1.025069E-02,-5.2876501E+00,8.0302643E-01
1.025397E-02,-5.2897864E+00,8.1012177E-01
1.025724E-02,-5.2943640E+00,8.1744598E-01
1.026052E-02,-5.2907019E+00,8.2347321E-01
1.026380E-02,-5.2934485E+00,8.2904266E-01
1.026707E-02,-5.2983313E+00,8.3537506E-01
1.027035E-02,-5.2931433E+00,8.4140228E-01
1.027363E-02,-5.2903967E+00,8.4536957E-01
1.027690E-02,-5.2903967E+00,8.5109161E-01
1.028018E-02,-5.2946692E+00,8.5368561E-01
1.028346E-02,-5.2919226E+00,8.5872101E-01
1.028673E-02,-5.2955847E+00,8.6192535E-01
1.029001E-02,-5.2949744E+00,8.6589264E-01
1.029329E-02,-5.2913123E+00,8.6825775E-01
1.029656E-02,-5.2922278E+00,8.7138580E-01
1.029984E-02,-5.2916174E+00,8.7314056E-01
1.030312E-02,-5.2864294E+00,8.7535309E-01
1.030640E-02,-5.2916174E+00,8.7642120E-01
1.030967E-02,-5.2855139E+00,8.7756561E-01
1.031295E-02,-5.2928381E+00,8.7802338E-01
1.031623E-02,-5.2879553E+00,8.7954926E-01
1.031950E-02,-5.2870398E+00,8.7878632E-01
1.032278E-02,-5.2845984E+00,8.7893890E-01
1.032606E-02,-5.2839880E+00,8.7733673E-01
1.032933E-02,-5.2833777E+00,8.7710785E-01
1.033261E-02,-5.2809363E+00,8.7481903E-01
1.033589E-02,-5.2794104E+00,8.7451385E-01
1.033916E-02,-5.2723914E+00,8.7146210E-01
1.034244E-02,-5.2659827E+00,8.7016510E-01
1.034572E-02,-5.2656775E+00,8.6612152E-01
1.034899E-02,-5.2589636E+00,8.6436676E-01
1.035227E-02,-5.2650671E+00,8.5978912E-01
1.035555E-02,-5.2696448E+00,8.5742401E-01
1.035882E-02,-5.2711707E+00,8.5200714E-01
1.036210E-02,-5.2833777E+00,8.4803986E-01
1.036538E-02,-5.2827673E+00,8.4231781E-01
1.036865E-02,-5.2928381E+00,8.3751129E-01
1.037193E-02,-5.2937537E+00,8.3110260E-01
1.037521E-02,-5.2946692E+00,8.2599091E-01
1.037848E-02,-5.2980261E+00,8.1828522E-01
1.038176E-02,-5.2922278E+00,8.1279205E-01
1.038504E-02,-5.2873450E+00,8.0577301E-01
1.038832E-02,-5.2824622E+00,7.9928802E-01
1.039159E-02,-5.2778845E+00,7.9150604E-01
1.039487E-02,-5.2730017E+00,7.8433441E-01
1.039815E-02,-5.2745276E+00,7.7517914E-01
1.040142E-02,-5.2742224E+00,7.6785492E-01
1.040470E-02,-5.2791052E+00,7.5763153E-01
1.040798E-02,-5.2809363E+00,7.5023102E-01
1.041125E-02,-5.2861243E+00,7.3893951E-01
1.041453E-02,-5.2882605E+00,7.3008942E-01
1.041781E-02,-5.2861243E+00,7.1925568E-01
1.042108E-02,-5.2870398E+00,7.1002411E-01
1.042436E-02,-5.2913123E+00,6.9888519E-01
1.042764E-02,-5.2922278E+00,6.8904327E-01
1.043091E-02,-5.2919226E+00,6.7622589E-01
1.043419E-02,-5.2971106E+00,6.6661285E-01
1.043747E-02,-5.2968054E+00,6.5432953E-01
1.044074E-02,-5.3013831E+00,6.4296173E-01
1.044402E-02,-5.3056555E+00,6.2968658E-01
1.044730E-02,-5.3053503E+00,6.1816620E-01
1.045057E-02,-5.3010779E+00,6.0450958E-01
1.045385E-02,-5.3010779E+00,5.9207367E-01
1.045713E-02,-5.3010779E+00,5.7788300E-01
1.046040E-02,-5.3062659E+00,5.6521820E-01
1.046368E-02,-5.3004675E+00,5.5087494E-01
1.046696E-02,-5.3016882E+00,5.3790497E-01
1.047024E-02,-5.2949744E+00,5.2371429E-01
1.047351E-02,-5.2910071E+00,5.0975250E-01
1.047679E-02,-5.2830725E+00,4.9487518E-01
1.048007E-02,-5.2845984E+00,4.8098969E-01
1.048334E-02,-5.2733069E+00,4.6565460E-01
1.048662E-02,-5.2763586E+00,4.5108246E-01
1.048990E-02,-5.2745276E+00,4.3506073E-01
1.049317E-02,-5.2751379E+00,4.2041229E-01
1.049645E-02,-5.2794104E+00,4.0355133E-01
1.049973E-02,-5.2794104E+00,3.8844513E-01
1.050300E-02,-5.2867346E+00,3.7196564E-01
1.050628E-02,-5.2907019E+00,3.5579132E-01
1.050956E-02,-5.2943640E+00,3.3969330E-01
1.051283E-02,-5.2928381E+00,3.2336639E-01
1.051611E-02,-5.2931433E+00,3.0681061E-01
1.051939E-02,-5.2897864E+00,2.9056000E-01
1.052266E-02,-5.2946692E+00,2.7347015E-01
1.052594E-02,-5.2977209E+00,2.5699066E-01
1.052922E-02,-5.2977209E+00,2.3951935E-01
1.053249E-02,-5.2995520E+00,2.2334503E-01
1.053577E-02,-5.3032141E+00,2.0617889E-01
1.053905E-02,-5.3087073E+00,1.8931793E-01
1.054232E-02,-5.3071814E+00,1.7253326E-01
1.054560E-02,-5.3068762E+00,1.5620636E-01
1.054888E-02,-5.3022986E+00,1.3835358E-01
1.055216E-02,-5.2977209E+00,1.2187408E-01
1.055543E-02,-5.2986365E+00,1.0386871E-01
1.055871E-02,-5.2934485E+00,8.6626282E-02
1.056199E-02,-5.2922278E+00,6.9231262E-02
1.056526E-02,-5.2827673E+00,5.1836243E-02
1.056854E-02,-5.2818518E+00,3.4593811E-02
1.057182E-02,-5.2751379E+00,1.7503967E-02
1.057509E-02,-5.2739172E+00,-1.1993408E-04
1.057837E-02,-5.2644568E+00,-1.7057190E-02
1.058165E-02,-5.2730017E+00,-3.4604797E-02
1.058492E-02,-5.2696448E+00,-5.2304993E-02
1.058820E-02,-5.2766638E+00,-6.9089661E-02
1.059148E-02,-5.2778845E+00,-8.6103210E-02
1.059475E-02,-5.2714758E+00,-1.0403229E-01
1.059803E-02,-5.2760535E+00,-1.2074066E-01
1.060131E-02,-5.2784949E+00,-1.3775421E-01
1.060458E-02,-5.2794104E+00,-1.5453888E-01
1.060786E-02,-5.2897864E+00,-1.7155243E-01
1.061114E-02,-5.2934485E+00,-1.8871857E-01
1.061441E-02,-5.2919226E+00,-2.0550323E-01
1.061769E-02,-5.2916174E+00,-2.2198273E-01
1.062097E-02,-5.2852087E+00,-2.3953033E-01
1.062424E-02,-5.2907019E+00,-2.5616241E-01
1.062752E-02,-5.2818518E+00,-2.7180267E-01
