in s,C1 in V,C2 in V
-1.223564E-03,-2.8043518E-02,-1.6592081E+00
-1.220284E-03,-2.7585754E-02,-1.6547830E+00
-1.217004E-03,-2.6670227E-02,-1.6502817E+00
-1.213724E-03,-2.7204285E-02,-1.6445596E+00
-1.210444E-03,-2.6365051E-02,-1.6382272E+00
-1.207164E-03,-2.7585754E-02,-1.6311319E+00
-1.203884E-03,-2.7280579E-02,-1.6235025E+00
-1.200604E-03,-2.6212463E-02,-1.6146524E+00
-1.197324E-03,-2.4915466E-02,-1.6066415E+00
-1.194044E-03,-2.4915466E-02,-1.5971048E+00
-1.190764E-03,-2.5373230E-02,-1.5865762E+00
-1.187484E-03,-2.5602112E-02,-1.5751321E+00
-1.184204E-03,-2.5144348E-02,-1.5631540E+00
-1.180924E-03,-2.5220642E-02,-1.5507181E+00
-1.177644E-03,-2.5068054E-02,-1.5382059E+00
-1.174364E-03,-2.5907288E-02,-1.5250833E+00
-1.171084E-03,-2.4381409E-02,-1.5096719E+00
-1.167804E-03,-2.5220642E-02,-1.4947183E+00
-1.164524E-03,-2.4610291E-02,-1.4786203E+00
-1.161244E-03,-2.5296936E-02,-1.4612253E+00
-1.157964E-03,-2.4381409E-02,-1.4445932E+00
-1.154684E-03,-2.5830994E-02,-1.4265115E+00
-1.151404E-03,-2.4305115E-02,-1.4076669E+00
-1.148124E-03,-2.5373230E-02,-1.3885172E+00
-1.144844E-03,-2.2474060E-02,-1.3695200E+00
-1.141564E-03,-2.3465881E-02,-1.3496835E+00
-1.138284E-03,-2.2474060E-02,-1.3287790E+00
-1.135004E-03,-2.3618469E-02,-1.3074167E+00
-1.131724E-03,-2.1940002E-02,-1.2859018E+00
-1.128444E-03,-2.2397766E-02,-1.2637003E+00
-1.125164E-03,-2.1177063E-02,-1.2399728E+00
-1.121884E-03,-2.2168884E-02,-1.2178476E+00
-1.118604E-03,-2.1787415E-02,-1.1934335E+00
-1.115324E-03,-2.3618469E-02,-1.1686380E+00
-1.112044E-03,-2.1634827E-02,-1.1437662E+00
-1.108764E-03,-2.1711121E-02,-1.1184366E+00
-1.105484E-03,-2.1177063E-02,-1.0921915E+00
-1.102204E-03,-2.2550354E-02,-1.0654886E+00
-1.098924E-03,-2.0337830E-02,-1.0382516E+00
-1.095644E-03,-2.1177063E-02,-1.0107095E+00
-1.092364E-03,-1.8811951E-02,-9.8270966E-01
-1.089084E-03,-2.0261536E-02,-9.5463348E-01
-1.085804E-03,-1.9346008E-02,-9.2442108E-01
-1.082524E-03,-1.9880066E-02,-8.9596344E-01
-1.079244E-03,-1.7514954E-02,-8.6674286E-01
-1.075964E-03,-1.7209778E-02,-8.3759857E-01
-1.072684E-03,-1.4615784E-02,-8.0700470E-01
-1.069404E-03,-1.5760193E-02,-7.7679230E-01
-1.066124E-03,-1.5149841E-02,-7.4505402E-01
-1.062844E-03,-1.6752014E-02,-7.1407867E-01
-1.059564E-03,-1.6294250E-02,-6.8195892E-01
-1.056284E-03,-1.6752014E-02,-6.4991547E-01
-1.053004E-03,-1.5760193E-02,-6.1695648E-01
-1.049724E-03,-1.6828308E-02,-5.8651520E-01
-1.046444E-03,-1.4539490E-02,-5.5279327E-01
-1.043164E-03,-1.5149841E-02,-5.2006317E-01
-1.039884E-03,-1.3700256E-02,-4.8557831E-01
-1.036604E-03,-1.4997253E-02,-4.5315338E-01
-1.033324E-03,-1.3242493E-02,-4.1798187E-01
-1.030044E-03,-1.4158020E-02,-3.8479401E-01
-1.026764E-03,-1.1640320E-02,-3.4985138E-01
-1.023484E-03,-1.2021790E-02,-3.1582428E-01
-1.020204E-03,-1.0572205E-02,-2.8149200E-01
-1.016924E-03,-1.2326965E-02,-2.4685455E-01
-1.013644E-03,-1.1335144E-02,-2.1198822E-01
-1.010364E-03,-1.2250671E-02,-1.7826630E-01
-1.007084E-03,-8.7411499E-03,-1.4301849E-01
-1.003804E-03,-9.6566772E-03,-1.0891510E-01
-1.000524E-03,-7.9019165E-03,-7.2904358E-02
-9.972440E-04,-9.5803833E-03,-3.8953552E-02
-9.939640E-04,-7.3678589E-03,-2.9428101E-03
-9.906840E-04,-9.1226196E-03,3.0779114E-02
-9.874040E-04,-7.5967407E-03,6.6026917E-02
-9.841240E-04,-8.8937378E-03,9.9062195E-02
-9.808440E-04,-6.8338013E-03,1.3545441E-01
-9.775640E-04,-7.2915649E-03,1.6864227E-01
-9.742840E-04,-4.6212769E-03,2.0358490E-01
-9.710040E-04,-5.5368042E-03,2.3723053E-01
-9.677240E-04,-4.5449829E-03,2.7232574E-01
-9.644440E-04,-5.7656860E-03,3.0505585E-01
-9.611640E-04,-4.1635132E-03,3.4152435E-01
-9.578840E-04,-4.0109253E-03,3.7509369E-01
-9.546040E-04,-1.9509888E-03,4.1018890E-01
-9.513240E-04,-2.7139282E-03,4.4330048E-01
-9.480440E-04,-1.7221069E-03,4.7755646E-01
-9.447640E-04,-2.7902222E-03,5.1043915E-01
-9.414840E-04,-1.0354614E-03,5.4408478E-01
-9.382040E-04,-1.1117554E-03,5.7673859E-01
-9.349240E-04,-1.1993408E-04,6.1000275E-01
-9.316440E-04,-1.1880493E-03,6.4212250E-01
-9.283640E-04,-5.0140381E-04,6.7523407E-01
-9.250840E-04,1.8524170E-04,7.0605682E-01
-9.218040E-04,2.6266479E-03,7.3871063E-01
-9.185240E-04,2.0925903E-03,7.7014374E-01
-9.152440E-04,2.2451782E-03,8.0226349E-01
-9.119640E-04,2.5503540E-03,8.3270477E-01
-9.086840E-04,3.9999390E-03,8.6299347E-01
-9.054040E-04,5.1443481E-03,8.9244293E-01
-9.021240E-04,7.4331665E-03,9.2189240E-01
-8.988440E-04,6.4413452E-03,9.5096039E-01
-8.955640E-04,6.3650513E-03,9.8010468E-01
-8.922840E-04,5.6784058E-03,1.0077231E+00
-8.890040E-04,6.7465210E-03,1.0366385E+00
-8.857240E-04,7.4331665E-03,1.0637991E+00
-8.824440E-04,7.2805786E-03,1.0918753E+00
-8.791640E-04,8.8064575E-03,1.1175864E+00
-8.758840E-04,8.4249878E-03,1.1439078E+00
-8.726040E-04,9.4168091E-03,1.1696951E+00
-8.693240E-04,9.2642212E-03,1.1961691E+00
-8.660440E-04,9.4168091E-03,1.2205069E+00
-8.627640E-04,9.6456909E-03,1.2450735E+00
-8.594840E-04,1.0866394E-02,1.2688773E+00
-8.562040E-04,1.1400452E-02,1.2922995E+00
-8.529240E-04,1.2621155E-02,1.3144247E+00
-8.496440E-04,1.3536682E-02,1.3379233E+00
-8.463640E-04,1.2926331E-02,1.3594382E+00
-8.430840E-04,1.2392273E-02,1.3797324E+00
-8.398040E-04,1.3536682E-02,1.4005606E+00
-8.365240E-04,1.4833679E-02,1.4203970E+00
-8.332440E-04,1.5291443E-02,1.4391653E+00
-8.299640E-04,1.4299622E-02,1.4584677E+00
-8.266840E-04,1.5367737E-02,1.4767020E+00
-8.234040E-04,1.3384094E-02,1.4947073E+00
-8.201240E-04,1.5062561E-02,1.5116446E+00
-8.168440E-04,1.4833679E-02,1.5276663E+00
-8.135640E-04,1.5520325E-02,1.5433829E+00
-8.102840E-04,1.4986267E-02,1.5584128E+00
-8.070040E-04,1.6893616E-02,1.5719168E+00
-8.037240E-04,1.6664734E-02,1.5858023E+00
-8.004440E-04,1.8572083E-02,1.5986197E+00
-7.971640E-04,1.8114319E-02,1.6109030E+00
-7.938840E-04,1.9182434E-02,1.6226523E+00
-7.906040E-04,1.8572083E-02,1.6340201E+00
-7.873240E-04,2.0174255E-02,1.6444724E+00
-7.840440E-04,2.1013489E-02,1.6541617E+00
-7.807640E-04,2.1700134E-02,1.6633170E+00
-7.774840E-04,2.0632019E-02,1.6723196E+00
-7.742040E-04,2.2310486E-02,1.6797964E+00
-7.709240E-04,2.1394958E-02,1.6862814E+00
-7.676440E-04,2.3531189E-02,1.6933768E+00
-7.643640E-04,2.1852722E-02,1.6986411E+00
-7.610840E-04,2.3378601E-02,1.7042868E+00
-7.578040E-04,2.1929016E-02,1.7079489E+00
-7.545240E-04,2.4751892E-02,1.7105429E+00
-7.512440E-04,2.3531189E-02,1.7144339E+00
-7.479640E-04,2.4599304E-02,1.7155020E+00
-7.446840E-04,2.3607483E-02,1.7161124E+00
-7.414040E-04,2.4599304E-02,1.7169516E+00
-7.381240E-04,2.5285950E-02,1.7171805E+00
-7.348440E-04,2.7651062E-02,1.7152731E+00
-7.315640E-04,2.6888123E-02,1.7141287E+00
-7.282840E-04,2.7040710E-02,1.7126028E+00
-7.250040E-04,2.5591125E-02,1.7084830E+00
-7.217240E-04,2.6888123E-02,1.7060416E+00
-7.184440E-04,2.6888123E-02,1.7007010E+00
-7.151640E-04,2.8185120E-02,1.6956656E+00
-7.118840E-04,2.7422180E-02,1.6894095E+00
-7.086040E-04,2.9253235E-02,1.6833060E+00
-7.053240E-04,2.7803650E-02,1.6752951E+00
-7.020440E-04,2.9405823E-02,1.6678946E+00
-6.987640E-04,2.8032532E-02,1.6584341E+00
-6.954840E-04,2.9634705E-02,1.6503470E+00
-6.922040E-04,2.7879944E-02,1.6399710E+00
-6.889240E-04,2.9863586E-02,1.6289084E+00
-6.856440E-04,2.9024353E-02,1.6176169E+00
-6.823640E-04,3.2152405E-02,1.6069357E+00
-6.790840E-04,3.0397644E-02,1.5934317E+00
-6.758040E-04,3.1694641E-02,1.5807669E+00
-6.725240E-04,3.0397644E-02,1.5670340E+00
-6.692440E-04,3.3067932E-02,1.5526144E+00
-6.659640E-04,3.2304993E-02,1.5359824E+00
-6.626840E-04,3.3296814E-02,1.5211813E+00
-6.594040E-04,3.1084290E-02,1.5033286E+00
-6.561240E-04,3.1923523E-02,1.4868491E+00
-6.528440E-04,3.0779114E-02,1.4673941E+00
-6.495640E-04,3.2381287E-02,1.4502280E+00
-6.462840E-04,3.0702820E-02,1.4295523E+00
-6.430040E-04,3.2533875E-02,1.4108603E+00
-6.397240E-04,3.0931702E-02,1.3903372E+00
-6.364440E-04,3.2533875E-02,1.3707297E+00
-6.331640E-04,3.2839050E-02,1.3487570E+00
-6.298840E-04,3.4746399E-02,1.3273947E+00
-6.266040E-04,3.2915344E-02,1.3031332E+00
-6.233240E-04,3.4517517E-02,1.2814658E+00
-6.200440E-04,3.3220520E-02,1.2565176E+00
-6.167640E-04,3.5661926E-02,1.2343924E+00
-6.134840E-04,3.4136047E-02,1.2078421E+00
-6.102040E-04,3.5585632E-02,1.1845724E+00
-6.069240E-04,3.4059753E-02,1.1576407E+00
-6.036440E-04,3.5204163E-02,1.1326926E+00
-6.003640E-04,3.4288635E-02,1.1053030E+00
-5.970840E-04,3.4364929E-02,1.0787527E+00
-5.938040E-04,3.3830872E-02,1.0498373E+00
-5.905240E-04,3.4517517E-02,1.0230582E+00
-5.872440E-04,3.3296814E-02,9.9482941E-01
-5.839640E-04,3.5890808E-02,9.6682953E-01
-5.806840E-04,3.4746399E-02,9.3684601E-01
-5.774040E-04,3.5509338E-02,9.0884613E-01
-5.741240E-04,3.4517517E-02,8.7855743E-01
-5.708440E-04,3.7416687E-02,8.4948944E-01
-5.675640E-04,3.7111511E-02,8.1836151E-01
-5.642840E-04,3.8255920E-02,7.8746246E-01
-5.610040E-04,3.6882629E-02,7.5663971E-01
-5.577240E-04,3.7798157E-02,7.2558807E-01
-5.544440E-04,3.5509338E-02,6.9323944E-01
-5.511640E-04,3.6043396E-02,6.6119598E-01
-5.478840E-04,3.6653748E-02,6.2877106E-01
-5.446040E-04,3.7798157E-02,5.9634613E-01
-5.413240E-04,3.6272278E-02,5.6308197E-01
-5.380440E-04,3.7111511E-02,5.3058075E-01
-5.347640E-04,3.6424866E-02,4.9670624E-01
-5.314840E-04,3.7035217E-02,4.6298431E-01
-5.282040E-04,3.7035217E-02,4.2903351E-01
-5.249240E-04,3.7264099E-02,3.9584564E-01
-5.216440E-04,3.7874451E-02,3.6120819E-01
-5.183640E-04,3.8255920E-02,3.2748627E-01
-5.150840E-04,3.8637390E-02,2.9223846E-01
-5.118040E-04,3.8179626E-02,2.5782990E-01
-5.085240E-04,3.8255920E-02,2.2326874E-01
-5.052440E-04,3.7874451E-02,1.8947052E-01
-5.019640E-04,3.8866272E-02,1.5506195E-01
-4.986840E-04,3.9018860E-02,1.2164520E-01
-4.954040E-04,3.9705505E-02,8.6702576E-02
-4.921240E-04,3.8942566E-02,5.1225891E-02
-4.888440E-04,3.8866272E-02,1.6512146E-02
-4.855640E-04,3.8103333E-02,-1.8125305E-02
-4.822840E-04,3.9018860E-02,-5.2304993E-02
-4.790040E-04,3.8027039E-02,-8.6789856E-02
-4.757240E-04,3.8561096E-02,-1.2165619E-01
-4.724440E-04,3.7187805E-02,-1.5629364E-01
-4.691640E-04,3.8866272E-02,-1.9093109E-01
-4.658840E-04,3.9095154E-02,-2.2633148E-01
-4.626040E-04,3.9552917E-02,-2.6028229E-01
-4.593240E-04,3.8789978E-02,-2.9446198E-01
-4.560440E-04,3.8713684E-02,-3.2917572E-01
-4.527640E-04,3.7187805E-02,-3.6335541E-01
-4.494840E-04,3.8713684E-02,-3.9761139E-01
-4.462040E-04,3.9400330E-02,-4.3102814E-01
-4.429240E-04,4.0315857E-02,-4.6452118E-01
-4.396440E-04,3.9705505E-02,-4.9793793E-01
-4.363640E-04,3.9552917E-02,-5.3143097E-01
-4.330840E-04,3.8561096E-02,-5.6431366E-01
-4.298040E-04,4.1307678E-02,-5.9689117E-01
-4.265240E-04,3.9934387E-02,-6.2908722E-01
-4.232440E-04,4.0315857E-02,-6.6082550E-01
-4.199640E-04,3.8637390E-02,-6.9225861E-01
-4.166840E-04,4.0468445E-02,-7.2392059E-01
-4.134040E-04,3.9705505E-02,-7.5573517E-01
-4.101240E-04,4.0621033E-02,-7.8663422E-01
-4.068440E-04,3.9247742E-02,-8.1684662E-01
-4.035640E-04,4.1078796E-02,-8.4705902E-01
-4.002840E-04,4.0697327E-02,-8.7635590E-01
-3.970040E-04,4.2528381E-02,-9.0542389E-01
-3.937240E-04,4.1231384E-02,-9.3433929E-01
-3.904440E-04,4.1994324E-02,-9.6256805E-01
-3.871640E-04,4.1002502E-02,-9.9117828E-01
-3.838840E-04,4.1612854E-02,-1.0184152E+00
-3.806040E-04,3.9705505E-02,-1.0467966E+00
-3.773240E-04,4.1994324E-02,-1.0731943E+00
-3.740440E-04,4.1231384E-02,-1.0997446E+00
-3.707640E-04,4.1689148E-02,-1.1254556E+00
-3.674840E-04,4.0468445E-02,-1.1511667E+00
-3.642040E-04,4.1078796E-02,-1.1758096E+00
-3.609240E-04,4.1155090E-02,-1.2008340E+00
-3.576440E-04,4.1994324E-02,-1.2246378E+00
-3.543640E-04,4.0544739E-02,-1.2482889E+00
-3.510840E-04,4.2070618E-02,-1.2697275E+00
-3.478040E-04,4.1155090E-02,-1.2922342E+00
-3.445240E-04,4.2299500E-02,-1.3139017E+00
-3.412440E-04,4.1383972E-02,-1.3347299E+00
-3.379640E-04,4.3291321E-02,-1.3545663E+00
-3.346840E-04,4.2299500E-02,-1.3756998E+00
-3.314040E-04,4.3520203E-02,-1.3950784E+00
-3.281240E-04,4.2986145E-02,-1.4144571E+00
-3.248440E-04,4.4893494E-02,-1.4320047E+00
-3.215640E-04,4.2833557E-02,-1.4500101E+00
-3.182840E-04,4.3596497E-02,-1.4666422E+00
-3.150040E-04,4.1765442E-02,-1.4838083E+00
-3.117240E-04,4.3520203E-02,-1.4991434E+00
-3.084440E-04,4.2375793E-02,-1.5141733E+00
-3.051640E-04,4.2680969E-02,-1.5282877E+00
-3.018840E-04,4.1155090E-02,-1.5421732E+00
-2.986040E-04,4.3977966E-02,-1.5546854E+00
-2.953240E-04,4.3367615E-02,-1.5674265E+00
-2.920440E-04,4.6190491E-02,-1.5772684E+00
-2.887640E-04,4.3215027E-02,-1.5893228E+00
-2.854840E-04,4.4664612E-02,-1.5980203E+00
-2.822040E-04,4.3367615E-02,-1.6089304E+00
-2.789240E-04,4.5122375E-02,-1.6164835E+00
-2.756440E-04,4.3977966E-02,-1.6251047E+00
-2.723640E-04,4.5885315E-02,-1.6314371E+00
-2.690840E-04,4.3291321E-02,-1.6399820E+00
-2.658040E-04,4.4817200E-02,-1.6449411E+00
-2.625240E-04,4.3596497E-02,-1.6504343E+00
-2.592440E-04,4.5046082E-02,-1.6547830E+00
-2.559640E-04,4.2833557E-02,-1.6597421E+00
-2.526840E-04,4.4588318E-02,-1.6613443E+00
-2.494040E-04,4.3977966E-02,-1.6649301E+00
-2.461240E-04,4.5274963E-02,-1.6655405E+00
-2.428440E-04,4.4512024E-02,-1.6672952E+00
-2.395640E-04,4.4740906E-02,-1.6669901E+00
-2.362840E-04,4.3825378E-02,-1.6670663E+00
-2.330040E-04,4.5274963E-02,-1.6649301E+00
-2.297240E-04,4.5198669E-02,-1.6642435E+00
-2.264440E-04,4.8021545E-02,-1.6599710E+00
-2.231640E-04,4.6800842E-02,-1.6573770E+00
-2.198840E-04,4.6648254E-02,-1.6527994E+00
-2.166040E-04,4.5580139E-02,-1.6477640E+00
-2.133240E-04,4.6419373E-02,-1.6421945E+00
-2.100440E-04,4.5656433E-02,-1.6354044E+00
-2.067640E-04,4.7182312E-02,-1.6287668E+00
-2.034840E-04,4.7411194E-02,-1.6215952E+00
-2.002040E-04,4.5885315E-02,-1.6132791E+00
-1.969240E-04,4.6190491E-02,-1.6048868E+00
-1.936440E-04,4.6800842E-02,-1.5948160E+00
-1.903640E-04,4.6800842E-02,-1.5839822E+00
-1.870840E-04,4.7029724E-02,-1.5718515E+00
-1.838040E-04,4.6266785E-02,-1.5608652E+00
-1.805240E-04,4.7029724E-02,-1.5486581E+00
-1.772440E-04,4.7792664E-02,-1.5353830E+00
-1.739640E-04,4.8937073E-02,-1.5215738E+00
-1.706840E-04,4.8097839E-02,-1.5065439E+00
-1.674040E-04,4.8555603E-02,-1.4914377E+00
-1.641240E-04,4.7868958E-02,-1.4754922E+00
-1.608440E-04,4.7945251E-02,-1.4587076E+00
-1.575640E-04,4.9013367E-02,-1.4415414E+00
-1.542840E-04,4.9318542E-02,-1.4242990E+00
-1.510040E-04,4.8784485E-02,-1.4056070E+00
-1.477240E-04,4.8479309E-02,-1.3855417E+00
-1.444440E-04,4.8250427E-02,-1.3662393E+00
-1.411640E-04,4.7716370E-02,-1.3453348E+00
-1.378840E-04,4.8937073E-02,-1.3254984E+00
-1.346040E-04,4.7868958E-02,-1.3037546E+00
-1.313240E-04,4.8631897E-02,-1.2816293E+00
-1.280440E-04,4.9013367E-02,-1.2586649E+00
-1.247640E-04,5.0005188E-02,-1.2362344E+00
-1.214840E-04,4.9623718E-02,-1.2125070E+00
-1.182040E-04,5.0691833E-02,-1.1885507E+00
-1.149240E-04,5.0386658E-02,-1.1636026E+00
-1.116440E-04,5.1302185E-02,-1.1389597E+00
-1.083640E-04,5.0157776E-02,-1.1129434E+00
-1.050840E-04,5.3056946E-02,-1.0863931E+00
-1.018040E-04,5.1683655E-02,-1.0600717E+00
-9.852400E-05,5.1531067E-02,-1.0331400E+00
-9.524400E-05,5.0386658E-02,-1.0051401E+00
-9.196400E-05,5.1988831E-02,-9.7736908E-01
-8.868400E-05,5.0310364E-02,-9.4852997E-01
-8.540400E-05,5.0615540E-02,-9.2007233E-01
-8.212400E-05,5.0157776E-02,-8.9130951E-01
-7.884400E-05,5.1454773E-02,-8.6178375E-01
-7.556400E-05,5.0234070E-02,-8.3225800E-01
-7.228400E-05,5.1531067E-02,-8.0219818E-01
-6.900400E-05,5.0539246E-02,-7.7175690E-01
-6.572400E-05,5.2294006E-02,-7.4001862E-01
-6.244400E-05,5.1302185E-02,-7.0835663E-01
-5.916400E-05,5.3209534E-02,-6.7654205E-01
-5.588400E-05,5.2904358E-02,-6.4411713E-01
-5.260400E-05,5.4048767E-02,-6.1161591E-01
-4.932400E-05,5.2599182E-02,-5.8025909E-01
-4.604400E-05,5.2675476E-02,-5.4714752E-01
-4.276400E-05,5.2370300E-02,-5.1434113E-01
-3.948400E-05,5.3667297E-02,-4.8046661E-01
-3.620400E-05,5.3972473E-02,-4.4727875E-01
-3.292400E-05,5.4430237E-02,-4.1363312E-01
-2.964400E-05,5.3362122E-02,-3.7869049E-01
-2.636400E-05,5.3362122E-02,-3.4458710E-01
-2.308400E-05,5.2294006E-02,-3.1078888E-01
-1.980400E-05,5.4353943E-02,-2.7607513E-01
-1.652400E-05,5.4277649E-02,-2.4250580E-01
-1.324400E-05,5.5574646E-02,-2.0718170E-01
-9.964000E-06,5.4659119E-02,-1.7323090E-01
-6.684000E-06,5.6566467E-02,-1.3767792E-01
-3.404000E-06,5.6337585E-02,-1.0349823E-01
-1.240000E-07,5.7253113E-02,-6.8250427E-02
3.156000E-06,5.5574646E-02,-3.3918152E-02
6.436000E-06,5.6413879E-02,1.5585327E-03
9.716000E-06,5.5727234E-02,3.6272278E-02
1.299600E-05,5.7863464E-02,7.1291199E-02
1.627600E-05,5.6566467E-02,1.0455536E-01
1.955600E-05,5.8016052E-02,1.3934540E-01
2.283600E-05,5.6337585E-02,1.7329620E-01
2.611600E-05,5.7329407E-02,2.0770477E-01
2.939600E-05,5.5040588E-02,2.4127411E-01
3.267600E-05,5.6795349E-02,2.7682709E-01
3.595600E-05,5.5650940E-02,3.1085419E-01
3.923600E-05,5.8473816E-02,3.4533905E-01
4.251600E-05,5.8473816E-02,3.7928986E-01
4.579600E-05,5.9007874E-02,4.1400360E-01
4.907600E-05,5.8016052E-02,4.4764923E-01
5.235600E-05,5.9618225E-02,4.8175262E-01
5.563600E-05,5.8016052E-02,5.1379608E-01
5.891600E-05,5.9999695E-02,5.4850983E-01
6.219600E-05,5.8931580E-02,5.7994293E-01
6.547600E-05,6.1067810E-02,6.1389374E-01
6.875600E-05,5.9007874E-02,6.4540314E-01
7.203600E-05,6.0457458E-02,6.7943024E-01
7.531600E-05,5.8855286E-02,7.0949005E-01
7.859600E-05,6.1220398E-02,7.4313568E-01
8.187600E-05,5.9084167E-02,7.7350067E-01
8.515600E-05,6.0457458E-02,8.0691742E-01
8.843600E-05,5.9236755E-02,8.3613800E-01
9.171600E-05,6.1678162E-02,8.6795258E-01
9.499600E-05,5.9770813E-02,8.9587616E-01
9.827600E-05,6.2135925E-02,9.2708038E-01
1.015560E-04,6.0991516E-02,9.5454620E-01
1.048360E-04,6.1372986E-02,9.8361420E-01
1.081160E-04,6.0381165E-02,1.0113852E+00
1.113960E-04,6.1907043E-02,1.0399191E+00
1.146760E-04,6.1525574E-02,1.0662405E+00
1.179560E-04,6.2288513E-02,1.0950797E+00
1.212360E-04,6.1830750E-02,1.1208670E+00
1.245160E-04,6.1601868E-02,1.1477988E+00
1.277960E-04,6.0533752E-02,1.1728995E+00
1.310760E-04,6.1907043E-02,1.1995261E+00
1.343560E-04,6.1525574E-02,1.2231772E+00
1.376360E-04,6.2593689E-02,1.2484305E+00
1.409160E-04,6.2898865E-02,1.2715475E+00
1.441960E-04,6.2975159E-02,1.2958090E+00
1.474760E-04,6.2288513E-02,1.3182394E+00
1.507560E-04,6.2975159E-02,1.3410513E+00
1.540360E-04,6.3051453E-02,1.3617270E+00
1.573160E-04,6.3814392E-02,1.3823264E+00
1.605960E-04,6.3585510E-02,1.4039938E+00
1.638760E-04,6.4348450E-02,1.4236014E+00
1.671560E-04,6.3890686E-02,1.4419119E+00
1.704360E-04,6.4043274E-02,1.4619009E+00
1.737160E-04,6.3738098E-02,1.4790671E+00
1.769960E-04,6.4043274E-02,1.4969962E+00
1.802760E-04,6.4577332E-02,1.5140097E+00
1.835560E-04,6.4501038E-02,1.5305655E+00
1.868360E-04,6.3738098E-02,1.5456717E+00
1.901160E-04,6.3661804E-02,1.5616171E+00
1.933960E-04,6.3280334E-02,1.5760367E+00
1.966760E-04,6.3585510E-02,1.5890067E+00
1.999560E-04,6.3204041E-02,1.6021292E+00
2.032360E-04,6.3356628E-02,1.6141074E+00
2.065160E-04,6.4348450E-02,1.6248648E+00
2.097960E-04,6.4348450E-02,1.6364615E+00
2.130760E-04,6.5263977E-02,1.6467612E+00
2.163560E-04,6.4195862E-02,1.6575186E+00
2.196360E-04,6.4348450E-02,1.6648428E+00
2.229160E-04,6.4653625E-02,1.6733878E+00
2.261960E-04,6.5340271E-02,1.6810934E+00
2.294760E-04,6.4882507E-02,1.6878073E+00
2.327560E-04,6.6103210E-02,1.6936057E+00
2.360360E-04,6.4424744E-02,1.6990988E+00
2.393160E-04,6.6103210E-02,1.7039816E+00
2.425960E-04,6.4806213E-02,1.7075674E+00
2.458760E-04,6.4958801E-02,1.7113821E+00
2.491560E-04,6.4424744E-02,1.7143576E+00
2.524360E-04,6.5340271E-02,1.7157309E+00
2.557160E-04,6.4729919E-02,1.7164938E+00
2.589960E-04,6.5492859E-02,1.7167227E+00
2.622760E-04,6.3890686E-02,1.7171042E+00
2.655560E-04,6.5035095E-02,1.7156546E+00
2.688360E-04,6.4348450E-02,1.7141287E+00
2.721160E-04,6.4424744E-02,1.7113058E+00
2.753960E-04,6.4653625E-02,1.7082541E+00
2.786760E-04,6.6179504E-02,1.7050497E+00
2.819560E-04,6.6103210E-02,1.7000143E+00
2.852360E-04,6.6789856E-02,1.6946738E+00
2.885160E-04,6.5569153E-02,1.6883414E+00
2.917960E-04,6.6408386E-02,1.6826956E+00
2.950760E-04,6.4348450E-02,1.6755240E+00
2.983560E-04,6.6179504E-02,1.6678183E+00
3.016360E-04,6.5874329E-02,1.6593497E+00
3.049160E-04,6.6637268E-02,1.6498129E+00
3.081960E-04,6.5111389E-02,1.6394370E+00
3.114760E-04,6.5798035E-02,1.6289084E+00
3.147560E-04,6.5035095E-02,1.6169302E+00
3.180360E-04,6.5950623E-02,1.6046469E+00
3.213160E-04,6.4501038E-02,1.5918295E+00
3.245960E-04,6.5950623E-02,1.5780966E+00
3.278760E-04,6.5950623E-02,1.5642111E+00
3.311560E-04,6.7705383E-02,1.5499442E+00
3.344360E-04,6.5492859E-02,1.5339987E+00
3.377160E-04,6.5721741E-02,1.5184348E+00
3.409960E-04,6.4729919E-02,1.5011923E+00
3.442760E-04,6.7095032E-02,1.4848654E+00
3.475560E-04,6.6179504E-02,1.4659445E+00
3.508360E-04,6.8392029E-02,1.4470999E+00
3.541160E-04,6.6408386E-02,1.4278738E+00
3.573960E-04,6.8315735E-02,1.4088004E+00
3.606760E-04,6.6179504E-02,1.3879721E+00
3.639560E-04,6.6637268E-02,1.3675253E+00
3.672360E-04,6.4806213E-02,1.3451712E+00
3.705160E-04,6.6866150E-02,1.3238089E+00
3.737960E-04,6.4729919E-02,1.3006918E+00
3.770760E-04,6.6408386E-02,1.2772696E+00
3.803560E-04,6.6179504E-02,1.2543051E+00
3.836360E-04,6.7476501E-02,1.2309592E+00
3.869160E-04,6.5721741E-02,1.2051718E+00
3.901960E-04,6.6484680E-02,1.1817496E+00
3.934760E-04,6.5340271E-02,1.1551993E+00
3.967560E-04,6.7552795E-02,1.1297171E+00
4.000360E-04,6.6255798E-02,1.1025565E+00
4.033160E-04,6.8315735E-02,1.0752432E+00
4.065960E-04,6.6637268E-02,1.0471671E+00
4.098760E-04,6.7400208E-02,1.0199301E+00
4.131560E-04,6.5035095E-02,9.9093842E-01
4.164360E-04,6.7400208E-02,9.6423553E-01
4.197160E-04,6.5340271E-02,9.3333649E-01
4.229960E-04,6.7857971E-02,9.0571808E-01
4.262760E-04,6.5416565E-02,8.7573456E-01
4.295560E-04,6.7629089E-02,8.4636139E-01
4.328360E-04,6.5721741E-02,8.1500458E-01
4.361160E-04,6.7018738E-02,7.8524994E-01
4.393960E-04,6.5035095E-02,7.5259613E-01
4.426760E-04,6.7247620E-02,7.2299408E-01
4.459560E-04,6.7018738E-02,6.8965363E-01
4.492360E-04,6.8544617E-02,6.5791534E-01
4.525160E-04,6.7095032E-02,6.2457489E-01
4.557960E-04,6.9002380E-02,5.9352325E-01
4.590760E-04,6.6713562E-02,5.5873322E-01
4.623560E-04,6.7629089E-02,5.2730011E-01
4.656360E-04,6.5950623E-02,4.9273895E-01
4.689160E-04,6.7857971E-02,4.5977997E-01
4.721960E-04,6.6484680E-02,4.2407440E-01
4.754760E-04,6.7095032E-02,3.9203094E-01
4.787560E-04,6.6255798E-02,3.5655426E-01
4.820360E-04,6.6637268E-02,3.2298492E-01
4.853160E-04,6.5111389E-02,2.8888153E-01
4.885960E-04,6.5492859E-02,2.5416779E-01
4.918760E-04,6.5416565E-02,2.1922516E-01
4.951560E-04,6.6713562E-02,1.8588470E-01
4.984360E-04,6.6637268E-02,1.5117096E-01
5.017160E-04,6.7095032E-02,1.1729645E-01
5.049960E-04,6.6179504E-02,8.2048645E-02
5.082760E-04,6.7095032E-02,4.7411194E-02
5.115560E-04,6.6408386E-02,1.1934509E-02
5.148360E-04,6.7781677E-02,-2.1329651E-02
5.181160E-04,6.7400208E-02,-5.6730042E-02
5.213960E-04,6.7552795E-02,-9.1748962E-02
5.246760E-04,6.7171326E-02,-1.2592865E-01
5.279560E-04,6.7476501E-02,-1.6033722E-01
5.312360E-04,6.6179504E-02,-1.9482208E-01
5.345160E-04,6.5874329E-02,-2.2907806E-01
5.377960E-04,6.6560974E-02,-2.6371552E-01
5.410760E-04,6.5416565E-02,-2.9797150E-01
5.443560E-04,6.6789856E-02,-3.3199860E-01
5.476360E-04,6.6866150E-02,-3.6602570E-01
5.509160E-04,6.7552795E-02,-4.0127350E-01
5.541960E-04,6.7247620E-02,-4.3514801E-01
5.574760E-04,6.7095032E-02,-4.6795441E-01
5.607560E-04,6.6332092E-02,-5.0098969E-01
5.640360E-04,6.6713562E-02,-5.3524567E-01
5.673160E-04,6.6484680E-02,-5.6843353E-01
5.705960E-04,6.6942444E-02,-6.0093475E-01
5.738760E-04,6.6637268E-02,-6.3358856E-01
5.771560E-04,6.7171326E-02,-6.6563202E-01
5.804360E-04,6.5798035E-02,-6.9683624E-01
5.837160E-04,6.5721741E-02,-7.2857452E-01
5.869960E-04,6.5111389E-02,-7.5977875E-01
5.902760E-04,6.6026917E-02,-7.9060150E-01
5.935560E-04,6.5035095E-02,-8.2134796E-01
5.968360E-04,6.5721741E-02,-8.5095001E-01
6.001160E-04,6.5111389E-02,-8.8032318E-01
6.033960E-04,6.5569153E-02,-9.0885712E-01
6.066760E-04,6.4119568E-02,-9.3761993E-01
6.099560E-04,6.5950623E-02,-9.6607758E-01
6.132360E-04,6.4424744E-02,-9.9499298E-01
6.165160E-04,6.6942444E-02,-1.0217722E+00
6.197960E-04,6.6179504E-02,-1.0495432E+00
6.230760E-04,6.6713562E-02,-1.0767038E+00
6.263560E-04,6.5874329E-02,-1.1022623E+00
6.296360E-04,6.6942444E-02,-1.1271341E+00
6.329160E-04,6.4958801E-02,-1.1528452E+00
6.361960E-04,6.6026917E-02,-1.1780984E+00
6.394760E-04,6.4958801E-02,-1.2019022E+00
6.427560E-04,6.5950623E-02,-1.2263162E+00
6.460360E-04,6.5111389E-02,-1.2494333E+00
6.493160E-04,6.5340271E-02,-1.2714822E+00
6.525960E-04,6.4501038E-02,-1.2943704E+00
6.558760E-04,6.4882507E-02,-1.3160379E+00
6.591560E-04,6.4119568E-02,-1.3370187E+00
6.624360E-04,6.5645447E-02,-1.3579996E+00
6.657160E-04,6.4958801E-02,-1.3784464E+00
6.689960E-04,6.6866150E-02,-1.3975961E+00
6.722760E-04,6.4882507E-02,-1.4166696E+00
6.755560E-04,6.5416565E-02,-1.4340646E+00
6.788360E-04,6.4119568E-02,-1.4517648E+00
6.821160E-04,6.5035095E-02,-1.4680154E+00
6.853960E-04,6.3509216E-02,-1.4847238E+00
6.886760E-04,6.5645447E-02,-1.4996011E+00
6.919560E-04,6.4424744E-02,-1.5153177E+00
6.952360E-04,6.5187683E-02,-1.5290506E+00
6.985160E-04,6.3585510E-02,-1.5428598E+00
7.017960E-04,6.4424744E-02,-1.5553720E+00
7.050760E-04,6.2288513E-02,-1.5677316E+00
7.083560E-04,6.3432922E-02,-1.5787180E+00
7.116360E-04,6.2669983E-02,-1.5906198E+00
7.149160E-04,6.4577332E-02,-1.6003854E+00
7.181960E-04,6.2822571E-02,-1.6104562E+00
7.214760E-04,6.4882507E-02,-1.6183908E+00
7.247560E-04,6.4119568E-02,-1.6269357E+00
7.280360E-04,6.4958801E-02,-1.6333444E+00
7.313160E-04,6.3356628E-02,-1.6405161E+00
7.345960E-04,6.4729919E-02,-1.6457803E+00
7.378760E-04,6.4195862E-02,-1.6518839E+00
7.411560E-04,6.5721741E-02,-1.6550882E+00
7.444360E-04,6.3356628E-02,-1.6593607E+00
7.477160E-04,6.5035095E-02,-1.6620309E+00
7.509960E-04,6.2212219E-02,-1.6655405E+00
7.542760E-04,6.3661804E-02,-1.6659219E+00
7.575560E-04,6.1907043E-02,-1.6675241E+00
7.608360E-04,6.3051453E-02,-1.6663034E+00
7.641160E-04,6.1907043E-02,-1.6660745E+00
7.673960E-04,6.3890686E-02,-1.6650064E+00
7.706760E-04,6.1907043E-02,-1.6631754E+00
7.739560E-04,6.3661804E-02,-1.6593607E+00
7.772360E-04,6.2441101E-02,-1.6576059E+00
7.805160E-04,6.3966980E-02,-1.6518839E+00
7.837960E-04,6.2135925E-02,-1.6481454E+00
7.870760E-04,6.5416565E-02,-1.6410501E+00
7.903560E-04,6.3509216E-02,-1.6357858E+00
7.936360E-04,6.5721741E-02,-1.6279276E+00
7.969160E-04,6.2898865E-02,-1.6213663E+00
8.001960E-04,6.3585510E-02,-1.6122110E+00
8.034760E-04,6.2288513E-02,-1.6029794E+00
8.067560E-04,6.3051453E-02,-1.5932901E+00
8.100360E-04,6.2441101E-02,-1.5836008E+00
8.133160E-04,6.4272156E-02,-1.5715463E+00
8.165960E-04,6.2517395E-02,-1.5597208E+00
8.198760E-04,6.3432922E-02,-1.5467508E+00
8.231560E-04,6.1830750E-02,-1.5346964E+00
8.264360E-04,6.2517395E-02,-1.5195901E+00
8.297160E-04,6.1601868E-02,-1.5051706E+00
8.329960E-04,6.3127747E-02,-1.4889963E+00
8.362760E-04,6.2975159E-02,-1.4740427E+00
8.395560E-04,6.3738098E-02,-1.4567239E+00
8.428360E-04,6.2975159E-02,-1.4403970E+00
8.461160E-04,6.3509216E-02,-1.4223154E+00
8.493960E-04,6.2898865E-02,-1.4028604E+00
8.526760E-04,6.2364807E-02,-1.3842447E+00
8.559560E-04,6.2288513E-02,-1.3644083E+00
8.592360E-04,6.2898865E-02,-1.3449533E+00
8.625160E-04,6.2822571E-02,-1.3236673E+00
8.657960E-04,6.3585510E-02,-1.3022287E+00
8.690760E-04,6.2822571E-02,-1.2809427E+00
8.723560E-04,6.2669983E-02,-1.2571390E+00
8.756360E-04,6.2212219E-02,-1.2350137E+00
8.789160E-04,6.2898865E-02,-1.2115152E+00
8.821960E-04,6.3356628E-02,-1.1877878E+00
8.854760E-04,6.4195862E-02,-1.1616190E+00
8.887560E-04,6.3204041E-02,-1.1369760E+00
8.920360E-04,6.3051453E-02,-1.1103494E+00
8.953160E-04,6.3204041E-02,-1.0852487E+00
8.985960E-04,6.3432922E-02,-1.0583170E+00
9.018760E-04,6.3356628E-02,-1.0309274E+00
9.051560E-04,6.3051453E-02,-1.0033853E+00
9.084360E-04,6.3432922E-02,-9.7553802E-01
9.117160E-04,6.3127747E-02,-9.4738556E-01
9.149960E-04,6.3280334E-02,-9.1724945E-01
9.182760E-04,6.3356628E-02,-8.8833405E-01
9.215560E-04,6.2746277E-02,-8.5941864E-01
9.248360E-04,6.2135925E-02,-8.2882477E-01
9.281160E-04,6.3280334E-02,-7.9853607E-01
9.313960E-04,6.3432922E-02,-7.6748444E-01
9.346760E-04,6.3738098E-02,-7.3643280E-01
9.379560E-04,6.3051453E-02,-7.0484711E-01
9.412360E-04,6.3432922E-02,-6.7287994E-01
9.445160E-04,6.3051453E-02,-6.4098907E-01
9.477960E-04,6.4424744E-02,-6.0886932E-01
9.510760E-04,6.3814392E-02,-5.7613922E-01
9.543560E-04,6.4577332E-02,-5.4249359E-01
9.576360E-04,6.4348450E-02,-5.0983978E-01
9.609160E-04,6.4806213E-02,-4.7649933E-01
9.641960E-04,6.3356628E-02,-4.4277740E-01
9.674760E-04,6.4501038E-02,-4.0836884E-01
9.707560E-04,6.3051453E-02,-3.7479950E-01
9.740360E-04,6.3814392E-02,-3.4008575E-01
9.773160E-04,6.3814392E-02,-3.0544830E-01
9.805960E-04,6.4119568E-02,-2.7226044E-01
9.838760E-04,6.3509216E-02,-2.3769928E-01
9.871560E-04,6.4424744E-02,-2.0237518E-01
9.904360E-04,6.2441101E-02,-1.6789032E-01
9.937160E-04,6.4272156E-02,-1.3302399E-01
9.969960E-04,6.2135925E-02,-9.8844299E-02
1.000276E-03,6.4501038E-02,-6.4664612E-02
1.003556E-03,6.3127747E-02,-2.9416809E-02
1.006836E-03,6.4806213E-02,5.5258179E-03
1.010116E-03,6.3356628E-02,4.0239563E-02
1.013396E-03,6.4348450E-02,7.5334778E-02
1.016676E-03,6.3432922E-02,1.0905670E-01
1.019956E-03,6.5035095E-02,1.4338898E-01
1.023236E-03,6.4958801E-02,1.7779755E-01
1.026516E-03,6.6026917E-02,2.1190094E-01
1.029796E-03,6.4806213E-02,2.4577545E-01
1.033076E-03,6.5874329E-02,2.8064178E-01
1.036356E-03,6.4272156E-02,3.1566071E-01
1.039636E-03,6.6255798E-02,3.4991669E-01
1.042916E-03,6.3356628E-02,3.8432526E-01
1.046196E-03,6.5111389E-02,4.1858124E-01
1.049476E-03,6.3356628E-02,4.5222687E-01
1.052756E-03,6.5263977E-02,4.8625397E-01
1.056036E-03,6.3585510E-02,5.1959442E-01
1.059316E-03,6.5645447E-02,5.5308746E-01
1.062596E-03,6.5492859E-02,5.8642792E-01
1.065876E-03,6.5950623E-02,6.1908173E-01
1.069156E-03,6.4424744E-02,6.5051483E-01
1.072436E-03,6.6332092E-02,6.8370270E-01
1.075716E-03,6.4577332E-02,7.1467804E-01
1.078996E-03,6.7095032E-02,7.4672150E-01
1.082276E-03,6.5798035E-02,7.7792572E-01
1.085556E-03,6.6484680E-02,8.0981659E-01
1.088836E-03,6.4501038E-02,8.4002899E-01
1.092116E-03,6.5340271E-02,8.7115692E-01
1.095396E-03,6.4272156E-02,8.9999603E-01
1.098676E-03,6.5950623E-02,9.3043732E-01
1.101956E-03,6.4729919E-02,9.5820831E-01
1.105236E-03,6.6179504E-02,9.8742889E-01
1.108516E-03,6.5340271E-02,1.0151236E+00
1.111796E-03,6.6332092E-02,1.0445731E+00
1.115076E-03,6.5340271E-02,1.0711234E+00
1.118356E-03,6.6408386E-02,1.0997336E+00
1.121636E-03,6.6103210E-02,1.1243765E+00
1.124916E-03,6.7857971E-02,1.1519186E+00
1.128196E-03,6.6560974E-02,1.1763327E+00
1.131476E-03,6.8773499E-02,1.2032645E+00
1.134756E-03,6.6255798E-02,1.2258475E+00
1.138036E-03,6.8392029E-02,1.2523215E+00
1.141316E-03,6.6408386E-02,1.2749045E+00
1.144596E-03,6.7171326E-02,1.2977927E+00
1.147876E-03,6.5187683E-02,1.3197653E+00
1.151156E-03,6.7476501E-02,1.3431876E+00
1.154436E-03,6.6866150E-02,1.3643210E+00
1.157716E-03,6.7476501E-02,1.3865225E+00
1.160996E-03,6.5874329E-02,1.4056723E+00
1.164276E-03,6.6713562E-02,1.4261191E+00
1.167556E-03,6.6484680E-02,1.4444296E+00
1.170836E-03,6.7705383E-02,1.4636557E+00
1.174116E-03,6.6713562E-02,1.4817374E+00
1.177396E-03,6.7857971E-02,1.4998953E+00
1.180676E-03,6.6866150E-02,1.5159933E+00
1.183956E-03,6.7857971E-02,1.5320914E+00
1.187236E-03,6.8010559E-02,1.5471976E+00
1.190516E-03,6.8163147E-02,1.5627615E+00
1.193796E-03,6.7629089E-02,1.5770285E+00
1.197076E-03,6.8163147E-02,1.5912192E+00
1.200356E-03,6.7552795E-02,1.6035788E+00
1.203636E-03,6.8392029E-02,1.6154044E+00
1.206916E-03,6.7323914E-02,1.6266959E+00
1.210196E-03,6.8010559E-02,1.6382162E+00
1.213476E-03,6.6713562E-02,1.6478293E+00
1.216756E-03,6.7476501E-02,1.6585104E+00
1.220036E-03,6.6713562E-02,1.6668265E+00
1.223316E-03,6.6713562E-02,1.6753714E+00
1.226596E-03,6.7705383E-02,1.6823141E+00
1.229876E-03,6.8315735E-02,1.6884177E+00
1.233156E-03,6.7857971E-02,1.6956656E+00
1.236436E-03,6.8239441E-02,1.7006247E+00
1.239716E-03,6.7857971E-02,1.7054312E+00
1.242996E-03,6.7476501E-02,1.7097037E+00
1.246276E-03,6.8849792E-02,1.7125266E+00
1.249556E-03,6.9460144E-02,1.7148917E+00
1.252836E-03,6.8926086E-02,1.7168753E+00
1.256116E-03,6.8773499E-02,1.7178671E+00
1.259396E-03,6.9383850E-02,1.7187827E+00
1.262676E-03,6.8086853E-02,1.7187827E+00
1.265956E-03,6.8468323E-02,1.7174094E+00
1.269236E-03,6.7781677E-02,1.7150443E+00
1.272516E-03,6.9536438E-02,1.7130606E+00
1.275796E-03,6.9002380E-02,1.7102377E+00
1.279076E-03,6.8315735E-02,1.7045157E+00
1.282356E-03,6.7552795E-02,1.7008536E+00
1.285636E-03,6.8697205E-02,1.6952841E+00
1.288916E-03,6.8315735E-02,1.6890280E+00
1.292196E-03,6.9841614E-02,1.6823141E+00
1.295476E-03,6.9002380E-02,1.6755240E+00
1.298756E-03,7.0299377E-02,1.6665213E+00
1.302036E-03,6.8392029E-02,1.6577475E+00
1.305316E-03,6.9689026E-02,1.6482108E+00
1.308596E-03,6.8010559E-02,1.6388266E+00
1.311876E-03,6.8468323E-02,1.6278403E+00
1.315156E-03,6.8392029E-02,1.6160147E+00
1.318436E-03,7.0375671E-02,1.6040366E+00
1.321716E-03,6.9383850E-02,1.5916006E+00
1.324996E-03,6.9536438E-02,1.5774863E+00
1.328276E-03,6.8773499E-02,1.5637534E+00
1.331556E-03,6.9460144E-02,1.5491812E+00
1.334836E-03,6.8544617E-02,1.5335410E+00
1.338116E-03,6.9994202E-02,1.5178244E+00
1.341396E-03,6.8849792E-02,1.5005057E+00
1.344676E-03,7.0528259E-02,1.4831107E+00
1.347956E-03,6.9536438E-02,1.4642661E+00
1.351236E-03,7.0909729E-02,1.4458792E+00
1.354516E-03,6.9231262E-02,1.4269583E+00
1.357796E-03,7.0986023E-02,1.4078085E+00
1.361076E-03,6.9689026E-02,1.3869040E+00
1.364356E-03,7.1672668E-02,1.3656943E+00
1.367636E-03,6.9917908E-02,1.3447897E+00
1.370916E-03,7.0070496E-02,1.3219016E+00
1.374196E-03,6.8392029E-02,1.2997763E+00
1.377476E-03,7.0604553E-02,1.2769644E+00
1.380756E-03,6.8544617E-02,1.2528555E+00
1.384036E-03,6.9307556E-02,1.2284415E+00
1.387316E-03,6.7934265E-02,1.2045615E+00
1.390596E-03,7.0451965E-02,1.1797659E+00
1.393876E-03,6.9002380E-02,1.1539023E+00
1.397156E-03,7.0070496E-02,1.1270468E+00
1.400436E-03,6.8239441E-02,1.1002676E+00
1.403716E-03,7.0223083E-02,1.0734885E+00
1.406996E-03,6.8773499E-02,1.0453360E+00
1.410276E-03,7.0146790E-02,1.0182516E+00
1.413556E-03,6.8544617E-02,9.8987030E-01
1.416836E-03,7.0070496E-02,9.6187042E-01
1.420116E-03,6.9078674E-02,9.3211578E-01
1.423396E-03,7.0451965E-02,9.0381073E-01
1.426676E-03,6.8926086E-02,8.7382721E-01
1.429956E-03,7.0070496E-02,8.4369110E-01
1.433236E-03,6.7934265E-02,8.1302094E-01
1.436516E-03,6.9231262E-02,7.8227448E-01
1.439796E-03,6.7705383E-02,7.4992584E-01
1.443076E-03,6.9841614E-02,7.1963715E-01
1.446356E-03,6.8620911E-02,6.8675446E-01
1.449636E-03,6.9383850E-02,6.5539764E-01
1.452916E-03,6.7552795E-02,6.2243866E-01
1.456196E-03,6.9841614E-02,5.9054779E-01
1.459476E-03,6.8392029E-02,5.5697845E-01
1.462756E-03,7.0680847E-02,5.2470612E-01
1.466036E-03,6.8773499E-02,4.8999237E-01
1.469316E-03,6.9917908E-02,4.5672821E-01
1.472596E-03,6.9078674E-02,4.2239594E-01
1.475876E-03,6.8849792E-02,3.8897919E-01
1.479156E-03,6.7247620E-02,3.5487579E-01
1.482436E-03,6.8468323E-02,3.2115387E-01
1.485716E-03,6.6942444E-02,2.8460907E-01
1.488996E-03,6.8849792E-02,2.5218414E-01
1.492276E-03,6.7247620E-02,2.1579193E-01
1.495556E-03,6.8620911E-02,1.8290924E-01
1.498836E-03,6.5798035E-02,1.4834808E-01
1.502116E-03,6.6866150E-02,1.1516022E-01
1.505396E-03,6.6103210E-02,7.9454651E-02
1.508676E-03,6.7323914E-02,4.5198669E-02
1.511956E-03,6.5950623E-02,8.7301636E-03
1.515236E-03,6.7934265E-02,-2.4533997E-02
1.518516E-03,6.5798035E-02,-6.0163269E-02
1.521796E-03,6.6103210E-02,-9.3732605E-02
1.525076E-03,6.4348450E-02,-1.2951447E-01
1.528356E-03,6.5950623E-02,-1.6285492E-01
1.531636E-03,6.4577332E-02,-1.9871307E-01
1.534916E-03,6.5874329E-02,-2.3220612E-01
1.538196E-03,6.5645447E-02,-2.6806427E-01
1.541476E-03,6.5721741E-02,-3.0140472E-01
1.544756E-03,6.4729919E-02,-3.3634735E-01
1.548036E-03,6.5798035E-02,-3.7045074E-01
1.551316E-03,6.3661804E-02,-4.0508820E-01
1.554596E-03,6.4272156E-02,-4.3766571E-01
1.557876E-03,6.3738098E-02,-4.7230316E-01
1.561156E-03,6.3814392E-02,-5.0495697E-01
1.564436E-03,6.4806213E-02,-5.3822113E-01
1.567716E-03,6.5111389E-02,-5.7087494E-01
1.570996E-03,6.3661804E-02,-6.0314728E-01
1.574276E-03,6.5187683E-02,-6.3503815E-01
1.577556E-03,6.4424744E-02,-6.6746307E-01
1.580836E-03,6.5263977E-02,-6.9920135E-01
1.584116E-03,6.4195862E-02,-7.3048187E-01
1.587396E-03,6.4958801E-02,-7.6107574E-01
1.590676E-03,6.4577332E-02,-7.9365326E-01
1.593956E-03,6.5035095E-02,-8.2340790E-01
1.597236E-03,6.4195862E-02,-8.5316254E-01
1.600516E-03,6.3509216E-02,-8.8276459E-01
1.603796E-03,6.3204041E-02,-9.1167999E-01
1.607076E-03,6.2746277E-02,-9.3952728E-01
1.610356E-03,6.3280334E-02,-9.6912933E-01
1.613636E-03,6.2288513E-02,-9.9720551E-01
1.616916E-03,6.2288513E-02,-1.0252817E+00
1.620196E-03,6.1601868E-02,-1.0524423E+00
1.623476E-03,6.1525574E-02,-1.0790689E+00
1.626756E-03,6.1678162E-02,-1.1053140E+00
1.630036E-03,6.2059631E-02,-1.1310251E+00
1.633316E-03,6.2212219E-02,-1.1563547E+00
1.636596E-03,6.2975159E-02,-1.1813791E+00
1.639876E-03,6.3127747E-02,-1.2044199E+00
1.643156E-03,6.3051453E-02,-1.2288339E+00
1.646436E-03,6.1144104E-02,-1.2522562E+00
1.649716E-03,6.0915222E-02,-1.2742288E+00
1.652996E-03,6.0075989E-02,-1.2972696E+00
1.656276E-03,6.0762634E-02,-1.3191660E+00
1.659556E-03,6.0152283E-02,-1.3405283E+00
1.662836E-03,6.0762634E-02,-1.3597543E+00
1.666116E-03,5.9923401E-02,-1.3798196E+00
1.669396E-03,6.0228577E-02,-1.4003427E+00
1.672676E-03,5.8855286E-02,-1.4192636E+00
1.675956E-03,6.0457458E-02,-1.4372690E+00
1.679236E-03,5.9694519E-02,-1.4536722E+00
1.682516E-03,6.1601868E-02,-1.4699991E+00
1.685796E-03,6.1144104E-02,-1.4856393E+00
1.689076E-03,6.1983337E-02,-1.5015848E+00
1.692356E-03,6.0228577E-02,-1.5162332E+00
1.695636E-03,6.1830750E-02,-1.5311105E+00
1.698916E-03,5.9999695E-02,-1.5442331E+00
1.702196E-03,6.2059631E-02,-1.5570505E+00
1.705476E-03,6.0152283E-02,-1.5689523E+00
1.708756E-03,6.2135925E-02,-1.5808542E+00
1.712036E-03,6.0457458E-02,-1.5914590E+00
1.715316E-03,6.0762634E-02,-1.6022928E+00
1.718596E-03,5.9541931E-02,-1.6122110E+00
1.721876E-03,6.0228577E-02,-1.6197641E+00
1.725156E-03,5.9618225E-02,-1.6276987E+00
1.728436E-03,6.1067810E-02,-1.6341074E+00
1.731716E-03,5.9465637E-02,-1.6414316E+00
1.734996E-03,6.0991516E-02,-1.6466959E+00
1.738276E-03,6.0457458E-02,-1.6524179E+00
1.741556E-03,6.1372986E-02,-1.6566904E+00
1.744836E-03,6.0533752E-02,-1.6599710E+00
1.748116E-03,6.2288513E-02,-1.6623361E+00
1.751396E-03,6.0610046E-02,-1.6651590E+00
1.754676E-03,6.2059631E-02,-1.6660745E+00
1.757956E-03,6.1754456E-02,-1.6679056E+00
1.761236E-03,6.2746277E-02,-1.6671426E+00
1.764516E-03,6.0991516E-02,-1.6675241E+00
1.767796E-03,6.1678162E-02,-1.6653879E+00
1.771076E-03,6.0762634E-02,-1.6633279E+00
1.774356E-03,6.2669983E-02,-1.6596658E+00
1.777636E-03,6.0991516E-02,-1.6568430E+00
1.780916E-03,6.2593689E-02,-1.6521127E+00
1.784196E-03,6.1372986E-02,-1.6477640E+00
1.787476E-03,6.3280334E-02,-1.6413553E+00
1.790756E-03,6.2441101E-02,-1.6360147E+00
1.794036E-03,6.3890686E-02,-1.6281564E+00
1.797316E-03,6.1907043E-02,-1.6208322E+00
1.800596E-03,6.4272156E-02,-1.6108377E+00
1.803876E-03,6.4577332E-02,-1.6024454E+00
1.807156E-03,6.5721741E-02,-1.5918405E+00
1.810436E-03,6.3966980E-02,-1.5813882E+00
1.813716E-03,6.5492859E-02,-1.5695627E+00
1.816996E-03,6.2975159E-02,-1.5588815E+00
1.820276E-03,6.5035095E-02,-1.5449197E+00
1.823556E-03,6.3356628E-02,-1.5325601E+00
1.826836E-03,6.5950623E-02,-1.5176065E+00
1.830116E-03,6.4195862E-02,-1.5028818E+00
1.833396E-03,6.6179504E-02,-1.4869363E+00
1.836676E-03,6.4653625E-02,-1.4717538E+00
1.839956E-03,6.6026917E-02,-1.4548166E+00
1.843236E-03,6.4348450E-02,-1.4381082E+00
1.846516E-03,6.6408386E-02,-1.4192636E+00
1.849796E-03,6.6484680E-02,-1.4020975E+00
1.853076E-03,6.8773499E-02,-1.3808115E+00
1.856356E-03,6.7171326E-02,-1.3619669E+00
1.859636E-03,6.8468323E-02,-1.3404520E+00
1.862916E-03,6.7400208E-02,-1.3208444E+00
1.866196E-03,6.9078674E-02,-1.2980325E+00
1.869476E-03,6.8697205E-02,-1.2765176E+00
1.872756E-03,7.0528259E-02,-1.2529428E+00
1.876036E-03,6.9536438E-02,-1.2312753E+00
1.879316E-03,7.0223083E-02,-1.2064798E+00
1.882596E-03,6.9612732E-02,-1.1827524E+00
1.885876E-03,7.0375671E-02,-1.1571176E+00
1.889156E-03,6.9536438E-02,-1.1331613E+00
1.892436E-03,7.0757141E-02,-1.1066873E+00
1.895716E-03,6.9231262E-02,-1.0817392E+00
1.898996E-03,7.0528259E-02,-1.0537393E+00
1.902276E-03,7.1443787E-02,-1.0268076E+00
1.905556E-03,7.2511902E-02,-9.9918915E-01
1.908836E-03,7.2588196E-02,-9.7179962E-01
1.912116E-03,7.2283020E-02,-9.4204498E-01
1.915396E-03,7.2283020E-02,-9.1404510E-01
1.918676E-03,7.3580017E-02,-8.8490082E-01
1.921956E-03,7.4724426E-02,-8.5552765E-01
1.925236E-03,7.4266663E-02,-8.2577301E-01
1.928516E-03,7.4800720E-02,-7.9578949E-01
1.931796E-03,7.5182190E-02,-7.6443268E-01
1.935076E-03,7.4495544E-02,-7.3269440E-01
1.938356E-03,7.4800720E-02,-7.0110870E-01
1.941636E-03,7.6479187E-02,-6.6975189E-01
1.944916E-03,7.4877014E-02,-6.3755585E-01
1.948196E-03,7.5716248E-02,-6.0490204E-01
1.951476E-03,7.5334778E-02,-5.7262970E-01
1.954756E-03,7.7547302E-02,-5.4066254E-01
1.958036E-03,7.6936951E-02,-5.0549103E-01
1.961316E-03,7.7013245E-02,-4.7245575E-01
1.964596E-03,7.6097717E-02,-4.3926788E-01
1.967876E-03,7.7699890E-02,-4.0554596E-01
1.971156E-03,7.8920593E-02,-3.7067963E-01
1.974436E-03,8.0599060E-02,-3.3619476E-01
1.977716E-03,8.0522766E-02,-3.0148102E-01
1.980996E-03,8.0370178E-02,-2.6783539E-01
1.984276E-03,7.9302063E-02,-2.3266388E-01
1.987556E-03,7.9378357E-02,-1.9772125E-01
1.990836E-03,7.9607239E-02,-1.6361786E-01
1.994116E-03,8.1514587E-02,-1.2920929E-01
1.997396E-03,8.0599060E-02,-9.3656311E-02
2.000676E-03,8.1285706E-02,-5.9476624E-02
2.003956E-03,7.9912415E-02,-2.4762878E-02
2.007236E-03,8.1209412E-02,1.0027161E-02
2.010516E-03,8.1285706E-02,4.5046082E-02
2.013796E-03,8.2124939E-02,7.9225769E-02
2.017076E-03,8.1056824E-02,1.1355804E-01
2.020356E-03,8.2582703E-02,1.4750885E-01
2.023636E-03,8.1972351E-02,1.8184113E-01
2.026916E-03,8.4184875E-02,2.1716522E-01
2.030196E-03,8.1972351E-02,2.5172638E-01
2.033476E-03,8.3345642E-02,2.8537201E-01
2.036756E-03,8.2658997E-02,3.2069611E-01
2.040036E-03,8.3650818E-02,3.5563873E-01
2.043316E-03,8.3269348E-02,3.8928436E-01
2.046596E-03,8.5329285E-02,4.2315887E-01
2.049876E-03,8.4032288E-02,4.5710968E-01
2.053156E-03,8.5252991E-02,4.9067902E-01
2.056436E-03,8.2353821E-02,5.2455353E-01
2.059716E-03,8.3345642E-02,5.5873322E-01
2.062996E-03,8.2506409E-02,5.9047150E-01
2.066276E-03,8.4718933E-02,6.2320160E-01
2.069556E-03,8.4490051E-02,6.5516876E-01
2.072836E-03,8.6168518E-02,6.8789886E-01
2.076116E-03,8.4337463E-02,7.1963715E-01
2.079396E-03,8.5787048E-02,7.5198578E-01
2.082676E-03,8.5024109E-02,7.8380035E-01
2.085956E-03,8.7465515E-02,8.1462311E-01
2.089236E-03,8.6092224E-02,8.4475922E-01
2.092516E-03,8.8075867E-02,8.7466644E-01
2.095796E-03,8.6092224E-02,9.0419220E-01
2.099076E-03,8.7999573E-02,9.3310760E-01
2.102356E-03,8.6397400E-02,9.6217560E-01
2.105636E-03,8.7999573E-02,9.9185394E-01
2.108916E-03,8.6244812E-02,1.0188620E+00
2.112196E-03,8.7694397E-02,1.0470908E+00
2.115476E-03,8.5787048E-02,1.0741751E+00
2.118756E-03,8.7084045E-02,1.1029379E+00
2.122036E-03,8.6473694E-02,1.1291068E+00
2.125316E-03,8.8075867E-02,1.1555045E+00
2.128596E-03,8.7160339E-02,1.1801474E+00
2.131876E-03,8.7694397E-02,1.2062399E+00
2.135156E-03,8.5558167E-02,1.2301962E+00
2.138436E-03,8.7923279E-02,1.2552206E+00
2.141716E-03,8.7389221E-02,1.2783377E+00
2.144996E-03,9.0517273E-02,1.3018362E+00
2.148276E-03,8.8991394E-02,1.3235800E+00
2.151556E-03,8.8991394E-02,1.3461630E+00
2.154836E-03,8.6549988E-02,1.3666861E+00
2.158116E-03,8.6778870E-02,1.3885825E+00
2.161396E-03,8.6397400E-02,1.4077322E+00
2.164676E-03,8.7999573E-02,1.4285605E+00
2.167956E-03,8.7541809E-02,1.4472525E+00
2.171236E-03,8.8991394E-02,1.4669363E+00
2.174516E-03,8.5634460E-02,1.4838736E+00
2.177796E-03,8.7084045E-02,1.5030997E+00
2.181076E-03,8.6626282E-02,1.5188162E+00
2.184356E-03,8.8991394E-02,1.5359824E+00
2.187636E-03,8.7846985E-02,1.5510123E+00
2.190916E-03,9.0440979E-02,1.5649741E+00
2.194196E-03,8.7465515E-02,1.5791647E+00
2.197476E-03,8.9296570E-02,1.5936606E+00
2.200756E-03,8.7694397E-02,1.6050284E+00
2.204036E-03,8.9601746E-02,1.6183035E+00
2.207316E-03,8.8686218E-02,1.6282217E+00
2.210596E-03,8.9830627E-02,1.6405051E+00
2.213876E-03,8.8762512E-02,1.6498129E+00
2.217156E-03,8.8838806E-02,1.6593497E+00
2.220436E-03,8.7541809E-02,1.6681998E+00
2.223716E-03,8.8915100E-02,1.6772787E+00
2.226996E-03,8.7999573E-02,1.6833823E+00
2.230276E-03,8.8228455E-02,1.6916983E+00
2.233556E-03,8.6626282E-02,1.6964285E+00
2.236836E-03,8.7541809E-02,1.7016928E+00
2.240116E-03,8.6855164E-02,1.7054312E+00
2.243396E-03,8.8838806E-02,1.7105429E+00
2.246676E-03,8.8152161E-02,1.7133658E+00
2.249956E-03,8.9143982E-02,1.7161887E+00
2.253236E-03,8.8304749E-02,1.7169516E+00
2.256516E-03,8.8304749E-02,1.7193930E+00
2.259796E-03,8.7770691E-02,1.7183249E+00
2.263076E-03,8.7999573E-02,1.7182486E+00
2.266356E-03,8.7694397E-02,1.7171805E+00
2.269636E-03,8.8228455E-02,1.7153494E+00
2.272916E-03,8.8228455E-02,1.7118399E+00
2.276196E-03,8.6702576E-02,1.7085593E+00
2.279476E-03,8.5710754E-02,1.7042105E+00
2.282756E-03,8.6702576E-02,1.7000143E+00
2.286036E-03,8.6321106E-02,1.6950552E+00
2.289316E-03,8.7465515E-02,1.6887228E+00
2.292596E-03,8.6244812E-02,1.6817038E+00
2.295876E-03,8.6321106E-02,1.6746085E+00
2.299156E-03,8.6778870E-02,1.6662924E+00
2.302436E-03,8.5787048E-02,1.6571371E+00
2.305716E-03,8.6397400E-02,1.6469901E+00
2.308996E-03,8.6549988E-02,1.6369955E+00
2.312276E-03,8.8228455E-02,1.6260092E+00
2.315556E-03,8.7923279E-02,1.6143362E+00
2.318836E-03,8.7465515E-02,1.6016714E+00
2.322116E-03,8.5710754E-02,1.5887778E+00
2.325396E-03,8.5405579E-02,1.5746634E+00
2.328676E-03,8.3879700E-02,1.5607016E+00
2.331956E-03,8.5405579E-02,1.5458243E+00
2.335236E-03,8.5710754E-02,1.5304892E+00
2.338516E-03,8.6702576E-02,1.5141623E+00
2.341796E-03,8.4718933E-02,1.4966147E+00
2.345076E-03,8.4566345E-02,1.4799063E+00
2.348356E-03,8.3955994E-02,1.4624350E+00
2.351636E-03,8.4566345E-02,1.4434378E+00
2.354916E-03,8.5634460E-02,1.4242880E+00
2.358196E-03,8.7618103E-02,1.4048331E+00
2.361476E-03,8.7618103E-02,1.3852255E+00
2.364756E-03,8.8381042E-02,1.3633292E+00
2.368036E-03,8.6092224E-02,1.3424246E+00
2.371316E-03,8.6549988E-02,1.3202994E+00
2.374596E-03,8.5252991E-02,1.2974112E+00
2.377876E-03,8.7541809E-02,1.2741415E+00
2.381156E-03,8.5939636E-02,1.2502615E+00
2.384436E-03,8.7465515E-02,1.2263815E+00
2.387716E-03,8.5787048E-02,1.2014334E+00
2.390996E-03,8.6015930E-02,1.1761801E+00
2.394276E-03,8.4261169E-02,1.1506216E+00
2.397556E-03,8.3955994E-02,1.1239188E+00
2.400836E-03,8.2964172E-02,1.0975211E+00
2.404116E-03,8.5024109E-02,1.0700552E+00
2.407396E-03,8.4642639E-02,1.0426657E+00
2.410676E-03,8.6855164E-02,1.0145132E+00
2.413956E-03,8.5558167E-02,9.8590302E-01
2.417236E-03,8.7007751E-02,9.5714020E-01
2.420516E-03,8.5024109E-02,9.2875885E-01
2.423796E-03,8.6397400E-02,8.9961456E-01
2.427076E-03,8.4337463E-02,8.6993622E-01
2.430356E-03,8.5558167E-02,8.4018158E-01
2.433636E-03,8.5024109E-02,8.0882477E-01
2.436916E-03,8.7999573E-02,7.7777313E-01
2.440196E-03,8.6092224E-02,7.4656891E-01
2.443476E-03,8.5710754E-02,7.1528839E-01
2.446756E-03,8.4718933E-02,6.8240570E-01
2.450036E-03,8.4947815E-02,6.5074371E-01
2.453316E-03,8.4337463E-02,6.1793732E-01
2.456596E-03,8.6702576E-02,5.8528351E-01
2.459876E-03,8.5024109E-02,5.5217194E-01
2.463156E-03,8.6244812E-02,5.1852631E-01
2.466436E-03,8.4184875E-02,4.8518585E-01
2.469716E-03,8.4947815E-02,4.5215057E-01
2.472996E-03,8.3727112E-02,4.1766571E-01
2.476276E-03,8.4490051E-02,3.8424896E-01
2.479556E-03,8.4871521E-02,3.4991669E-01
2.482836E-03,8.7007751E-02,3.1520294E-01
2.486116E-03,8.5176697E-02,2.8018402E-01
2.489396E-03,8.5481873E-02,2.4585175E-01
2.492676E-03,8.3879700E-02,2.1136688E-01
2.495956E-03,8.4490051E-02,1.7772125E-01
2.499236E-03,8.2887878E-02,1.4300751E-01
2.502516E-03,8.5100403E-02,1.0951447E-01
2.505796E-03,8.3269348E-02,7.4877014E-02
2.509076E-03,8.5252991E-02,3.9858093E-02
2.512356E-03,8.3955994E-02,4.7628784E-03
2.515636E-03,8.5100403E-02,-2.8424988E-02
2.518916E-03,8.2506409E-02,-6.4054260E-02
2.522196E-03,8.4718933E-02,-9.8005066E-02
2.525476E-03,8.3879700E-02,-1.3454987E-01
2.528756E-03,8.5100403E-02,-1.6811920E-01
2.532036E-03,8.4718933E-02,-2.0283295E-01
2.535316E-03,8.6397400E-02,-2.3647858E-01
2.538596E-03,8.5481873E-02,-2.7218414E-01
2.541876E-03,8.6626282E-02,-3.0476166E-01
2.545156E-03,8.5329285E-02,-3.3985687E-01
2.548436E-03,8.5787048E-02,-3.7373138E-01
2.551716E-03,8.4261169E-02,-4.0928436E-01
2.554996E-03,8.5100403E-02,-4.4170929E-01
2.558276E-03,8.3650818E-02,-4.7550751E-01
2.561556E-03,8.5100403E-02,-5.0854279E-01
2.564836E-03,8.3650818E-02,-5.4279877E-01
2.568116E-03,8.4032288E-02,-5.7453705E-01
2.571396E-03,8.4261169E-02,-6.0741974E-01
2.574676E-03,8.4108582E-02,-6.3870026E-01
2.577956E-03,8.3574524E-02,-6.7272736E-01
2.581236E-03,8.4795227E-02,-7.0339752E-01
2.584516E-03,8.4337463E-02,-7.3566986E-01
2.587796E-03,8.5558167E-02,-7.6626373E-01
2.591076E-03,8.5329285E-02,-7.9701019E-01
2.594356E-03,8.6702576E-02,-8.2752777E-01
2.597636E-03,8.5939636E-02,-8.5728241E-01
2.600916E-03,8.6321106E-02,-8.8749481E-01
2.604196E-03,8.6549988E-02,-9.1557098E-01
2.607476E-03,8.6702576E-02,-9.4425751E-01
2.610756E-03,8.5787048E-02,-9.7332550E-01
2.614036E-03,8.5634460E-02,-1.0004861E+00
2.617316E-03,8.4795227E-02,-1.0294778E+00
2.620596E-03,8.5100403E-02,-1.0567911E+00
2.623876E-03,8.6092224E-02,-1.0825784E+00
2.627156E-03,8.6855164E-02,-1.1085184E+00
2.630436E-03,8.6168518E-02,-1.1358316E+00
2.633716E-03,8.6321106E-02,-1.1605508E+00
2.636996E-03,8.5405579E-02,-1.1845071E+00
2.640276E-03,8.4871521E-02,-1.2089975E+00
2.643556E-03,8.5252991E-02,-1.2324197E+00
2.646836E-03,8.5939636E-02,-1.2553079E+00
2.650116E-03,8.6855164E-02,-1.2775858E+00
2.653396E-03,8.8075867E-02,-1.3004739E+00
2.656676E-03,8.8609924E-02,-1.3217599E+00
2.659956E-03,8.7007751E-02,-1.3427408E+00
2.663236E-03,8.6244812E-02,-1.3628824E+00
2.666516E-03,8.5710754E-02,-1.3831003E+00
2.669796E-03,8.6931458E-02,-1.4030130E+00
2.673076E-03,8.6321106E-02,-1.4208658E+00
2.676356E-03,8.6168518E-02,-1.4387949E+00
2.679636E-03,8.5939636E-02,-1.4563425E+00
2.682916E-03,8.6549988E-02,-1.4732034E+00
2.686196E-03,8.6321106E-02,-1.4887674E+00
2.689476E-03,8.7084045E-02,-1.5044839E+00
2.692756E-03,8.7312927E-02,-1.5186746E+00
2.696036E-03,8.7389221E-02,-1.5330179E+00
2.699316E-03,8.6778870E-02,-1.5463693E+00
2.702596E-03,8.7846985E-02,-1.5587289E+00
2.705876E-03,8.5939636E-02,-1.5713174E+00
2.709156E-03,8.6702576E-02,-1.5824564E+00
2.712436E-03,8.6549988E-02,-1.5926035E+00
2.715716E-03,8.7846985E-02,-1.6032846E+00
2.718996E-03,8.8686218E-02,-1.6127451E+00
2.722276E-03,8.9220276E-02,-1.6206033E+00
2.725556E-03,8.7007751E-02,-1.6285379E+00
2.728836E-03,8.7770691E-02,-1.6353281E+00
2.732116E-03,8.7160339E-02,-1.6416605E+00
2.735396E-03,8.7236633E-02,-1.6472299E+00
2.738676E-03,8.5176697E-02,-1.6528757E+00
2.741956E-03,8.6778870E-02,-1.6566904E+00
2.745236E-03,8.6015930E-02,-1.6608102E+00
2.748516E-03,8.8457336E-02,-1.6634805E+00
2.751796E-03,8.8228455E-02,-1.6663797E+00
2.755076E-03,8.8838806E-02,-1.6668375E+00
2.758356E-03,8.7694397E-02,-1.6676767E+00
2.761636E-03,8.8228455E-02,-1.6683633E+00
2.764916E-03,8.7160339E-02,-1.6676004E+00
2.768196E-03,8.7923279E-02,-1.6656168E+00
2.771476E-03,8.7007751E-02,-1.6633279E+00
2.774756E-03,8.8228455E-02,-1.6600473E+00
2.778036E-03,8.7084045E-02,-1.6564615E+00
2.781316E-03,8.8762512E-02,-1.6518076E+00
2.784596E-03,8.7236633E-02,-1.6476114E+00
2.787876E-03,8.8991394E-02,-1.6406686E+00
2.791156E-03,8.7465515E-02,-1.6350992E+00
2.794436E-03,8.8762512E-02,-1.6268594E+00
2.797716E-03,8.7465515E-02,-1.6190012E+00
2.800996E-03,8.8686218E-02,-1.6106088E+00
2.804276E-03,8.7084045E-02,-1.6025217E+00
2.807556E-03,8.8686218E-02,-1.5913065E+00
2.810836E-03,8.6778870E-02,-1.5807016E+00
2.814116E-03,8.7999573E-02,-1.5678079E+00
2.817396E-03,8.8304749E-02,-1.5572031E+00
2.820676E-03,8.9830627E-02,-1.5438516E+00
2.823956E-03,8.8533630E-02,-1.5313394E+00
2.827236E-03,9.0288391E-02,-1.5159280E+00
2.830516E-03,8.7541809E-02,-1.5021951E+00
2.833796E-03,8.8075867E-02,-1.4860208E+00
2.837076E-03,8.6168518E-02,-1.4699991E+00
2.840356E-03,8.8609924E-02,-1.4523752E+00
2.843636E-03,8.7389221E-02,-1.4355905E+00
2.846916E-03,8.8838806E-02,-1.4175089E+00
2.850196E-03,8.8228455E-02,-1.3988168E+00
2.853476E-03,9.0288391E-02,-1.3787515E+00
2.856756E-03,8.8075867E-02,-1.3592966E+00
2.860036E-03,8.9983215E-02,-1.3384683E+00
2.863316E-03,8.8381042E-02,-1.3180215E+00
2.866596E-03,9.0212097E-02,-1.2951334E+00
2.869876E-03,8.9220276E-02,-1.2743051E+00
2.873156E-03,9.0135803E-02,-1.2509592E+00
2.876436E-03,8.8762512E-02,-1.2282999E+00
2.879716E-03,9.0212097E-02,-1.2030466E+00
2.882996E-03,8.9449158E-02,-1.1801584E+00
2.886276E-03,9.1127625E-02,-1.1551340E+00
2.889556E-03,9.0212097E-02,-1.1306436E+00
2.892836E-03,9.1966858E-02,-1.1029489E+00
2.896116E-03,9.0517273E-02,-1.0771616E+00
2.899396E-03,9.0440979E-02,-1.0497720E+00
2.902676E-03,8.8609924E-02,-1.0238321E+00
2.905956E-03,9.0364685E-02,-9.9476410E-01
2.909236E-03,8.7465515E-02,-9.6767975E-01
2.912516E-03,8.9983215E-02,-9.3769623E-01
2.915796E-03,8.8228455E-02,-9.0946747E-01
2.919076E-03,9.1280212E-02,-8.8032318E-01
2.922356E-03,9.0898743E-02,-8.5125519E-01
2.925636E-03,9.2653503E-02,-8.2020355E-01
2.928916E-03,9.0822449E-02,-7.9182220E-01
2.932196E-03,9.2424622E-02,-7.5901581E-01
2.935476E-03,9.1127625E-02,-7.2895599E-01
2.938756E-03,9.3111267E-02,-6.9675995E-01
2.942036E-03,9.0669861E-02,-6.6547943E-01
2.945316E-03,9.1509094E-02,-6.3221527E-01
2.948596E-03,8.9906921E-02,-6.0032440E-01
2.951876E-03,9.1356506E-02,-5.6751801E-01
2.955156E-03,9.0517273E-02,-5.3524567E-01
2.958436E-03,9.1661682E-02,-5.0129486E-01
2.961716E-03,9.1890564E-02,-4.6795441E-01
2.964996E-03,9.2806091E-02,-4.3499542E-01
2.968276E-03,9.1585388E-02,-4.0081573E-01
2.971556E-03,9.2195740E-02,-3.6556793E-01
2.974836E-03,9.1203918E-02,-3.3222748E-01
2.978116E-03,9.1509094E-02,-2.9774261E-01
2.981396E-03,9.0440979E-02,-2.6348663E-01
2.984676E-03,9.0898743E-02,-2.2915436E-01
2.987956E-03,9.2348328E-02,-1.9436432E-01
2.991236E-03,9.2500916E-02,-1.5965057E-01
2.994516E-03,9.2806091E-02,-1.2493683E-01
2.997796E-03,9.3187561E-02,-9.0451965E-02
3.001076E-03,9.3111267E-02,-5.5814514E-02
3.004356E-03,9.2653503E-02,-2.0719299E-02
3.007636E-03,9.1966858E-02,1.4452209E-02
3.010916E-03,9.1890564E-02,4.9318542E-02
3.014196E-03,9.2424622E-02,8.3574524E-02
3.017476E-03,9.2119446E-02,1.1805939E-01
3.020756E-03,9.2043152E-02,1.5254425E-01
3.024036E-03,9.1203918E-02,1.8702911E-01
3.027316E-03,9.2272034E-02,2.2036957E-01
3.030596E-03,9.1890564E-02,2.5493073E-01
3.033876E-03,9.3416443E-02,2.8918671E-01
3.037156E-03,9.3721619E-02,3.2443451E-01
3.040436E-03,9.5247498E-02,3.5861420E-01
3.043716E-03,9.4408264E-02,3.9302277E-01
3.046996E-03,9.5018616E-02,4.2636322E-01
3.050276E-03,9.3492737E-02,4.6100067E-01
3.053556E-03,9.4713440E-02,4.9479889E-01
3.056836E-03,9.2882385E-02,5.2829193E-01
3.060116E-03,9.4255676E-02,5.6193756E-01
3.063396E-03,9.3187561E-02,5.9504913E-01
3.066676E-03,9.4103088E-02,6.2648224E-01
3.069956E-03,9.3111267E-02,6.5959381E-01
3.073236E-03,9.4560852E-02,6.9201874E-01
3.076516E-03,9.2806091E-02,7.2314667E-01
3.079796E-03,9.4026794E-02,7.5580048E-01
3.083076E-03,9.3950500E-02,7.8761505E-01
3.086356E-03,9.5857849E-02,8.1843781E-01
3.089636E-03,9.3721619E-02,8.4865021E-01
3.092916E-03,9.4942322E-02,8.7901520E-01
3.096196E-03,9.3416443E-02,9.0846466E-01
3.099476E-03,9.5323792E-02,9.3760895E-01
3.102756E-03,9.3340149E-02,9.6690582E-01
3.106036E-03,9.4026794E-02,9.9605011E-01
3.109316E-03,9.4484558E-02,1.0227530E+00
3.112596E-03,9.6391907E-02,1.0512106E+00
3.115876E-03,9.4560852E-02,1.0786002E+00
3.119156E-03,9.5705261E-02,1.1063712E+00
3.122436E-03,9.4255676E-02,1.1330740E+00
3.125716E-03,9.5171204E-02,1.1587088E+00
3.128996E-03,9.3492737E-02,1.1842673E+00
3.132276E-03,9.4713440E-02,1.2099783E+00
3.135556E-03,9.3340149E-02,1.2343161E+00
3.138836E-03,9.3721619E-02,1.2590353E+00
3.142116E-03,9.2653503E-02,1.2814658E+00
3.145396E-03,9.3797913E-02,1.3046591E+00
3.148676E-03,9.3034973E-02,1.3266318E+00
3.151956E-03,9.5247498E-02,1.3492911E+00
3.155236E-03,9.4560852E-02,1.3704245E+00
3.158516E-03,9.7307434E-02,1.3916342E+00
3.161796E-03,9.5018616E-02,1.4116995E+00
3.165076E-03,9.5781555E-02,1.4312308E+00
3.168356E-03,9.3111267E-02,1.4504568E+00
3.171636E-03,9.2958679E-02,1.4689963E+00
3.174916E-03,9.1661682E-02,1.4872305E+00
3.178196E-03,9.2958679E-02,1.5056937E+00
3.181476E-03,9.2043152E-02,1.5215628E+00
3.184756E-03,9.3034973E-02,1.5371268E+00
3.188036E-03,9.1661682E-02,1.5515463E+00
3.191316E-03,9.3645325E-02,1.5672629E+00
3.194596E-03,9.2043152E-02,1.5817587E+00
3.197876E-03,9.3950500E-02,1.5953391E+00
3.201156E-03,9.2958679E-02,1.6074698E+00
3.204436E-03,9.5018616E-02,1.6196005E+00
3.207716E-03,9.3797913E-02,1.6301291E+00
3.210996E-03,9.4789734E-02,1.6411917E+00
3.214276E-03,9.3111267E-02,1.6505759E+00
3.217556E-03,9.3950500E-02,1.6610281E+00
3.220836E-03,9.2882385E-02,1.6686575E+00
3.224116E-03,9.4331970E-02,1.6779654E+00
3.227396E-03,9.2882385E-02,1.6832297E+00
3.230676E-03,9.4713440E-02,1.6917746E+00
3.233956E-03,9.3492737E-02,1.6962759E+00
3.237236E-03,9.5171204E-02,1.7029898E+00
3.240516E-03,9.2119446E-02,1.7060416E+00
3.243796E-03,9.3034973E-02,1.7112296E+00
3.247076E-03,9.1509094E-02,1.7125266E+00
3.250356E-03,9.3340149E-02,1.7159598E+00
3.253636E-03,9.1203918E-02,1.7161124E+00
3.256916E-03,9.3416443E-02,1.7184012E+00
3.260196E-03,9.2043152E-02,1.7177145E+00
3.263476E-03,9.4408264E-02,1.7179434E+00
3.266756E-03,9.2424622E-02,1.7147391E+00
3.270036E-03,9.3569031E-02,1.7146628E+00
3.273316E-03,9.3874207E-02,1.7110770E+00
3.276596E-03,9.5628967E-02,1.7087881E+00
3.279876E-03,9.4713440E-02,1.7047446E+00
3.283156E-03,9.5476379E-02,1.7003958E+00
3.286436E-03,9.2272034E-02,1.6936819E+00
3.289716E-03,9.2348328E-02,1.6885703E+00
3.292996E-03,9.1127625E-02,1.6813223E+00
3.296276E-03,9.2806091E-02,1.6739981E+00
3.299556E-03,9.0898743E-02,1.6654532E+00
3.302836E-03,9.1432800E-02,1.6562979E+00
3.306116E-03,9.1890564E-02,1.6452353E+00
3.309396E-03,9.2882385E-02,1.6353934E+00
3.312676E-03,9.2119446E-02,1.6245596E+00
3.315956E-03,9.2806091E-02,1.6131918E+00
3.319236E-03,9.2882385E-02,1.6002982E+00
3.322516E-03,9.4103088E-02,1.5877859E+00
3.325796E-03,9.4713440E-02,1.5742819E+00
3.329076E-03,9.4484558E-02,1.5601675E+00
3.332356E-03,9.3645325E-02,1.5453665E+00
3.335636E-03,9.2806091E-02,1.5301077E+00
3.338916E-03,9.1890564E-02,1.5133231E+00
3.342196E-03,9.2729797E-02,1.4969962E+00
3.345476E-03,9.2500916E-02,1.4786856E+00
3.348756E-03,9.3569031E-02,1.4606802E+00
3.352036E-03,9.3492737E-02,1.4413016E+00
3.355316E-03,9.2272034E-02,1.4224570E+00
3.358596E-03,9.2500916E-02,1.4018576E+00
3.361876E-03,9.3416443E-02,1.3811819E+00
3.365156E-03,9.3492737E-02,1.3601248E+00
3.368436E-03,9.3340149E-02,1.3391440E+00
3.371716E-03,9.3263855E-02,1.3168661E+00
3.374996E-03,9.3187561E-02,1.2942831E+00
3.378276E-03,9.3340149E-02,1.2700980E+00
3.381556E-03,9.2653503E-02,1.2462180E+00
3.384836E-03,9.3569031E-02,1.2223380E+00
3.388116E-03,9.3569031E-02,1.1980002E+00
3.391396E-03,9.4637146E-02,1.1729758E+00
3.394676E-03,9.4179382E-02,1.1465781E+00
3.397956E-03,9.5094910E-02,1.1191122E+00
3.401236E-03,9.4484558E-02,1.0920279E+00
3.404516E-03,9.5018616E-02,1.0650961E+00
3.407796E-03,9.4408264E-02,1.0386221E+00
3.411076E-03,9.3645325E-02,1.0102408E+00
3.414356E-03,9.2653503E-02,9.8254608E-01
3.417636E-03,9.2958679E-02,9.5431732E-01
3.420916E-03,9.1509094E-02,9.2486786E-01
3.424196E-03,9.3416443E-02,8.9579987E-01
3.427476E-03,9.4484558E-02,8.6558746E-01
3.430756E-03,9.6163025E-02,8.3598541E-01
3.434036E-03,9.4866028E-02,8.0501007E-01
3.437316E-03,9.6239319E-02,7.7510284E-01
3.440596E-03,9.5400085E-02,7.4290680E-01
3.443876E-03,9.6239319E-02,7.1101593E-01
3.447156E-03,9.4179382E-02,6.7859100E-01
3.450436E-03,9.6086731E-02,6.4708160E-01
3.453716E-03,9.4637146E-02,6.1450409E-01
3.456996E-03,9.5934143E-02,5.8185028E-01
3.460276E-03,9.3492737E-02,5.4866241E-01
3.463556E-03,9.3721619E-02,5.1593231E-01
3.466836E-03,9.4103088E-02,4.8190521E-01
3.470116E-03,9.5934143E-02,4.4864105E-01
3.473396E-03,9.4942322E-02,4.1400360E-01
3.476676E-03,9.6163025E-02,3.8035797E-01
3.479956E-03,9.3950500E-02,3.4511017E-01
3.483236E-03,9.6086731E-02,3.1131195E-01
3.486516E-03,9.3645325E-02,2.7659821E-01
3.489796E-03,9.5094910E-02,2.4211334E-01
3.493076E-03,9.4408264E-02,2.0839142E-01
3.496356E-03,9.6239319E-02,1.7474579E-01
3.499636E-03,9.5171204E-02,1.3873505E-01
3.502916E-03,9.5857849E-02,1.0463165E-01
3.506196E-03,9.4560852E-02,7.0223083E-02
3.509476E-03,9.5476379E-02,3.5204163E-02
3.512756E-03,9.3950500E-02,1.0894775E-04
3.516036E-03,9.5400085E-02,-3.3384094E-02
3.519316E-03,9.5094910E-02,-6.8860779E-02
3.522596E-03,9.6925964E-02,-1.0319305E-01
3.525876E-03,9.4331970E-02,-1.3798309E-01
3.529156E-03,9.4789734E-02,-1.7208649E-01
3.532436E-03,9.3416443E-02,-2.0702911E-01
3.535716E-03,9.4408264E-02,-2.4136139E-01
3.538996E-03,9.4560852E-02,-2.7607513E-01
3.542276E-03,9.6163025E-02,-3.0933929E-01
3.545556E-03,9.5781555E-02,-3.4428192E-01
3.548836E-03,9.7078552E-02,-3.7754608E-01
3.552116E-03,9.5018616E-02,-4.1294647E-01
3.555396E-03,9.7688904E-02,-4.4590546E-01
3.558676E-03,9.6239319E-02,-4.8077179E-01
3.561956E-03,9.6010437E-02,-5.1289154E-01
3.565236E-03,9.5171204E-02,-5.4676605E-01
3.568516E-03,9.5857849E-02,-5.7903839E-01
3.571796E-03,9.3645325E-02,-6.1207367E-01
3.575076E-03,9.5094910E-02,-6.4381195E-01
3.578356E-03,9.3416443E-02,-6.7661835E-01
3.581636E-03,9.5094910E-02,-7.0705963E-01
3.584916E-03,9.4179382E-02,-7.3963715E-01
3.588196E-03,9.5781555E-02,-7.7000214E-01
3.591476E-03,9.4255676E-02,-8.0120636E-01
3.594756E-03,9.6468201E-02,-8.3035065E-01
3.598036E-03,9.5094910E-02,-8.6124969E-01
3.601316E-03,9.6697083E-02,-8.8909698E-01
3.604596E-03,9.3797913E-02,-9.1976715E-01
3.607876E-03,9.4255676E-02,-9.4807220E-01
3.611156E-03,9.3340149E-02,-9.7706390E-01
3.614436E-03,9.5934143E-02,-1.0039957E+00
3.617716E-03,9.4179382E-02,-1.0324533E+00
3.620996E-03,9.6315613E-02,-1.0585458E+00
3.624276E-03,9.4255676E-02,-1.0866220E+00
3.627556E-03,9.5857849E-02,-1.1118753E+00
3.630836E-03,9.3950500E-02,-1.1385782E+00
3.634116E-03,9.4179382E-02,-1.1622293E+00
3.637396E-03,9.2195740E-02,-1.1880167E+00
3.640676E-03,9.2958679E-02,-1.2109811E+00
3.643956E-03,9.2348328E-02,-1.2361581E+00
3.647236E-03,9.4179382E-02,-1.2585886E+00
3.650516E-03,9.2424622E-02,-1.2810953E+00
3.653796E-03,9.3950500E-02,-1.3025339E+00
3.657076E-03,9.3569031E-02,-1.3241251E+00
3.660356E-03,9.4331970E-02,-1.3443430E+00
3.663636E-03,9.4103088E-02,-1.3651712E+00
3.666916E-03,9.4866028E-02,-1.3853891E+00
3.670196E-03,9.4179382E-02,-1.4043100E+00
3.673476E-03,9.3340149E-02,-1.4223917E+00
3.676756E-03,9.2348328E-02,-1.4403207E+00
3.680036E-03,9.2577209E-02,-1.4576395E+00
3.683316E-03,9.1966858E-02,-1.4741190E+00
3.686596E-03,9.2806091E-02,-1.4901407E+00
3.689876E-03,9.2958679E-02,-1.5060861E+00
3.693156E-03,9.3340149E-02,-1.5202005E+00
3.696436E-03,9.3111267E-02,-1.5340860E+00
3.699716E-03,9.2806091E-02,-1.5465982E+00
3.702996E-03,9.1966858E-02,-1.5598734E+00
3.706276E-03,9.1737976E-02,-1.5721567E+00
3.709556E-03,9.1203918E-02,-1.5830667E+00
3.712836E-03,9.0669861E-02,-1.5929849E+00
3.716116E-03,9.2119446E-02,-1.6040475E+00
3.719396E-03,9.1890564E-02,-1.6131265E+00
3.722676E-03,9.2043152E-02,-1.6215189E+00
3.725956E-03,9.2119446E-02,-1.6300638E+00
3.729236E-03,9.3340149E-02,-1.6367776E+00
3.732516E-03,9.3111267E-02,-1.6425760E+00
3.735796E-03,9.3263855E-02,-1.6481454E+00
3.739076E-03,9.2195740E-02,-1.6527994E+00
3.742356E-03,9.1432800E-02,-1.6574533E+00
3.745636E-03,9.0440979E-02,-1.6606577E+00
3.748916E-03,9.1127625E-02,-1.6637857E+00
3.752196E-03,8.9372864E-02,-1.6655405E+00
3.755476E-03,9.0669861E-02,-1.6670663E+00
3.758756E-03,9.0440979E-02,-1.6671426E+00
3.762036E-03,9.1432800E-02,-1.6669901E+00
3.765316E-03,9.0898743E-02,-1.6661508E+00
3.768596E-03,9.1966858E-02,-1.6646249E+00
3.771876E-03,9.0517273E-02,-1.6619547E+00
3.775156E-03,9.1127625E-02,-1.6593607E+00
3.778436E-03,8.9830627E-02,-1.6546304E+00
3.781716E-03,8.9678040E-02,-1.6508157E+00
3.784996E-03,8.9296570E-02,-1.6463907E+00
3.788276E-03,9.1280212E-02,-1.6408212E+00
3.791556E-03,9.0135803E-02,-1.6347177E+00
3.794836E-03,9.1661682E-02,-1.6270883E+00
3.798116E-03,8.9525452E-02,-1.6186197E+00
3.801396E-03,9.0059509E-02,-1.6096933E+00
3.804676E-03,8.8838806E-02,-1.6004617E+00
3.807956E-03,8.8686218E-02,-1.5897806E+00
3.811236E-03,8.6931458E-02,-1.5792520E+00
3.814516E-03,8.8762512E-02,-1.5673502E+00
3.817796E-03,8.8075867E-02,-1.5553720E+00
3.821076E-03,8.8609924E-02,-1.5419443E+00
3.824356E-03,8.7389221E-02,-1.5288217E+00
3.827636E-03,8.8991394E-02,-1.5144022E+00
3.830916E-03,8.8075867E-02,-1.4999063E+00
3.834196E-03,8.9754333E-02,-1.4840372E+00
3.837476E-03,8.7999573E-02,-1.4678629E+00
3.840756E-03,8.7618103E-02,-1.4507730E+00
3.844036E-03,8.5329285E-02,-1.4345987E+00
3.847316E-03,8.6321106E-02,-1.4162881E+00
3.850596E-03,8.5710754E-02,-1.3972910E+00
3.853876E-03,8.7084045E-02,-1.3769205E+00
3.857156E-03,8.5863342E-02,-1.3573892E+00
3.860436E-03,8.7160339E-02,-1.3360269E+00
3.863716E-03,8.5710754E-02,-1.3154276E+00
3.866996E-03,8.5634460E-02,-1.2936075E+00
3.870276E-03,8.4032288E-02,-1.2720163E+00
3.873556E-03,8.4108582E-02,-1.2483652E+00
3.876836E-03,8.2124939E-02,-1.2263162E+00
3.880116E-03,8.5176697E-02,-1.2013681E+00
3.883396E-03,8.4490051E-02,-1.1774118E+00
3.886676E-03,8.6015930E-02,-1.1523874E+00
3.889956E-03,8.4871521E-02,-1.1275919E+00
3.893236E-03,8.5405579E-02,-1.1011179E+00
3.896516E-03,8.3650818E-02,-1.0747202E+00
3.899796E-03,8.5024109E-02,-1.0473306E+00
3.903076E-03,8.2964172E-02,-1.0212381E+00
3.906356E-03,8.4566345E-02,-9.9239899E-01
3.909636E-03,8.2887878E-02,-9.6462799E-01
3.912916E-03,8.4490051E-02,-9.3502594E-01
3.916196E-03,8.2277527E-02,-9.0664459E-01
3.919476E-03,8.2811584E-02,-8.7658478E-01
3.922756E-03,8.1438293E-02,-8.4797455E-01
3.926036E-03,8.2506409E-02,-8.1730438E-01
3.929316E-03,8.0751648E-02,-7.8724457E-01
3.932596E-03,8.2430115E-02,-7.5565887E-01
3.935876E-03,8.1590881E-02,-7.2453094E-01
3.939156E-03,8.2506409E-02,-6.9218231E-01
3.942436E-03,8.1972351E-02,-6.6074921E-01
3.945716E-03,8.3574524E-02,-6.2771393E-01
3.948996E-03,8.1667175E-02,-5.9696747E-01
3.952276E-03,8.2658997E-02,-5.6324554E-01
3.955556E-03,8.0065002E-02,-5.3127838E-01
3.958836E-03,8.1819763E-02,-4.9618317E-01
3.962116E-03,7.9683533E-02,-4.6490265E-01
3.965396E-03,8.1514587E-02,-4.2996002E-01
3.968676E-03,7.9454651E-02,-3.9661957E-01
3.971956E-03,8.0904236E-02,-3.6144806E-01
3.975236E-03,8.0217590E-02,-3.2902313E-01
3.978516E-03,8.0599060E-02,-2.9400421E-01
3.981796E-03,8.0065002E-02,-2.6043488E-01
3.985076E-03,8.0065002E-02,-2.2495819E-01
3.988356E-03,7.8310242E-02,-1.9070221E-01
3.991636E-03,7.9607239E-02,-1.5476776E-01
3.994916E-03,7.8310242E-02,-1.2196136E-01
3.998196E-03,7.9073181E-02,-8.6103210E-02
4.001476E-03,7.9302063E-02,-5.2915344E-02
4.004756E-03,8.1362000E-02,-1.6980896E-02
4.008036E-03,8.0141296E-02,1.7427673E-02
4.011316E-03,8.0065002E-02,5.2675476E-02
4.014596E-03,7.7852478E-02,8.6397400E-02
4.017876E-03,7.7242126E-02,1.2172150E-01
4.021156E-03,7.6860657E-02,1.5483307E-01
4.024436E-03,7.8157654E-02,1.9008087E-01
4.027716E-03,7.7852478E-02,2.2365021E-01
4.030996E-03,7.7776184E-02,2.5836395E-01
4.034276E-03,7.7623596E-02,2.9239105E-01
4.037556E-03,7.7013245E-02,3.2679962E-01
4.040836E-03,7.5105896E-02,3.6136078E-01
4.044116E-03,7.5029602E-02,3.9531158E-01
4.047396E-03,7.6021423E-02,4.3040680E-01
4.050676E-03,7.5792542E-02,4.6435760E-01
4.053956E-03,7.6631775E-02,4.9739288E-01
4.057236E-03,7.6708069E-02,5.3195404E-01
4.060516E-03,7.6860657E-02,5.6392120E-01
4.063796E-03,7.5945129E-02,5.9710907E-01
4.067076E-03,7.5868835E-02,6.2991547E-01
4.070356E-03,7.5411072E-02,6.6264557E-01
4.073636E-03,7.5487366E-02,6.9468903E-01
4.076916E-03,7.5258484E-02,7.2673248E-01
4.080196E-03,7.5563660E-02,7.5801300E-01
4.083476E-03,7.4648132E-02,7.8898834E-01
4.086756E-03,7.4037781E-02,8.1935333E-01
4.090036E-03,7.3808899E-02,8.5078644E-01
4.093316E-03,7.4114075E-02,8.8069366E-01
4.096596E-03,7.3351135E-02,9.1006683E-01
4.099876E-03,7.4571838E-02,9.4058441E-01
4.103156E-03,7.4037781E-02,9.6980499E-01
4.106436E-03,7.5105896E-02,9.9711823E-01
4.109716E-03,7.4266663E-02,1.0259573E+00
4.112996E-03,7.5105896E-02,1.0538809E+00
4.116276E-03,7.3961487E-02,1.0805838E+00
4.119556E-03,7.4266663E-02,1.1072867E+00
4.122836E-03,7.3351135E-02,1.1343710E+00
4.126116E-03,7.2893372E-02,1.1605399E+00
4.129396E-03,7.3045959E-02,1.1857169E+00
4.132676E-03,7.4266663E-02,1.2115042E+00
4.135956E-03,7.2511902E-02,1.2351553E+00
4.139236E-03,7.3580017E-02,1.2600272E+00
4.142516E-03,7.2054138E-02,1.2832205E+00
4.145796E-03,7.2511902E-02,1.3071005E+00
4.149076E-03,7.1520081E-02,1.3287680E+00
4.152356E-03,7.1901550E-02,1.3508170E+00
4.155636E-03,7.1977844E-02,1.3725607E+00
4.158916E-03,7.2511902E-02,1.3930838E+00
4.162196E-03,7.1062317E-02,1.4132254E+00
4.165476E-03,7.2359314E-02,1.4334433E+00
4.168756E-03,7.0757141E-02,1.4520590E+00
4.172036E-03,7.2588196E-02,1.4715903E+00
4.175316E-03,7.1596375E-02,1.4889090E+00
4.178596E-03,7.3198547E-02,1.5069907E+00
4.181876E-03,7.2435608E-02,1.5230887E+00
4.185156E-03,7.2511902E-02,1.5391104E+00
4.188436E-03,7.1443787E-02,1.5545981E+00
4.191716E-03,7.2130432E-02,1.5698569E+00
4.194996E-03,7.1291199E-02,1.5822165E+00
4.198276E-03,7.2054138E-02,1.5957205E+00
4.201556E-03,7.0680847E-02,1.6084616E+00
4.204836E-03,7.1825256E-02,1.6215079E+00
4.208116E-03,6.9994202E-02,1.6314261E+00
4.211396E-03,7.1367493E-02,1.6421835E+00
4.214676E-03,6.9765320E-02,1.6520255E+00
4.217956E-03,7.0680847E-02,1.6617148E+00
4.221236E-03,7.0299377E-02,1.6692679E+00
4.224516E-03,7.0299377E-02,1.6783469E+00
4.227796E-03,6.9307556E-02,1.6846030E+00
4.231076E-03,7.0223083E-02,1.6917746E+00
4.234356E-03,6.8926086E-02,1.6966574E+00
4.237636E-03,7.0986023E-02,1.7026846E+00
4.240916E-03,6.9612732E-02,1.7069571E+00
4.244196E-03,7.1672668E-02,1.7106955E+00
4.247476E-03,6.9765320E-02,1.7130606E+00
4.250756E-03,7.0223083E-02,1.7153494E+00
4.254036E-03,6.7476501E-02,1.7167227E+00
4.257316E-03,6.9231262E-02,1.7186301E+00
4.260596E-03,6.7247620E-02,1.7181723E+00
4.263876E-03,6.8239441E-02,1.7177908E+00
4.267156E-03,6.7552795E-02,1.7157309E+00
4.270436E-03,6.9536438E-02,1.7142050E+00
4.273716E-03,6.7934265E-02,1.7104666E+00
4.276996E-03,6.9460144E-02,1.7078726E+00
4.280276E-03,6.8392029E-02,1.7023795E+00
4.283556E-03,6.9231262E-02,1.6990225E+00
4.286836E-03,6.7705383E-02,1.6926138E+00
4.290116E-03,6.9383850E-02,1.6869681E+00
4.293396E-03,6.7476501E-02,1.6797964E+00
4.296676E-03,6.9841614E-02,1.6729300E+00
4.299956E-03,6.7857971E-02,1.6638510E+00
4.303236E-03,6.9383850E-02,1.6558401E+00
4.306516E-03,6.7629089E-02,1.6447012E+00
4.309796E-03,6.9536438E-02,1.6358511E+00
4.313076E-03,6.7552795E-02,1.6234152E+00
4.316356E-03,6.8544617E-02,1.6130392E+00
4.319636E-03,6.7171326E-02,1.5983145E+00
4.322916E-03,6.7857971E-02,1.5865652E+00
4.326196E-03,6.6789856E-02,1.5723746E+00
4.329476E-03,6.7552795E-02,1.5584128E+00
4.332756E-03,6.6484680E-02,1.5420859E+00
4.336036E-03,6.7781677E-02,1.5283530E+00
4.339316E-03,6.6866150E-02,1.5107291E+00
4.342596E-03,6.8620911E-02,1.4948599E+00
4.345876E-03,6.7552795E-02,1.4763205E+00
4.349156E-03,6.7705383E-02,1.4586966E+00
4.352436E-03,6.6866150E-02,1.4396231E+00
4.355716E-03,6.7476501E-02,1.4203207E+00
4.358996E-03,6.6484680E-02,1.3997214E+00
4.362276E-03,6.7171326E-02,1.3798087E+00
4.365556E-03,6.7095032E-02,1.3582938E+00
4.368836E-03,6.7934265E-02,1.3369315E+00
4.372116E-03,6.6866150E-02,1.3147299E+00
4.375396E-03,6.7552795E-02,1.2921469E+00
4.378676E-03,6.6789856E-02,1.2684195E+00
4.381956E-03,6.7018738E-02,1.2447684E+00
4.385236E-03,6.5569153E-02,1.2195151E+00
4.388516E-03,6.6332092E-02,1.1951773E+00
4.391796E-03,6.6103210E-02,1.1698477E+00
4.395076E-03,6.6866150E-02,1.1440604E+00
4.398356E-03,6.5950623E-02,1.1165945E+00
4.401636E-03,6.5874329E-02,1.0897391E+00
4.404916E-03,6.5340271E-02,1.0631888E+00
4.408196E-03,6.6560974E-02,1.0361044E+00
4.411476E-03,6.6484680E-02,1.0074942E+00
4.414756E-03,6.5874329E-02,9.7903656E-01
4.418036E-03,6.6103210E-02,9.5042633E-01
4.421316E-03,6.5721741E-02,9.2173981E-01
4.424596E-03,6.5187683E-02,8.9152740E-01
4.427876E-03,6.4272156E-02,8.6116241E-01
4.431156E-03,6.5340271E-02,8.3079742E-01
4.434436E-03,6.3814392E-02,8.0027985E-01
4.437716E-03,6.5035095E-02,7.6930450E-01
4.440996E-03,6.4806213E-02,7.3771881E-01
4.444276E-03,6.5874329E-02,7.0575165E-01
4.447556E-03,6.4577332E-02,6.7431854E-01
4.450836E-03,6.4958801E-02,6.4181732E-01
4.454116E-03,6.5111389E-02,6.1000275E-01
4.457396E-03,6.5340271E-02,5.7712006E-01
4.460676E-03,6.4653625E-02,5.4416107E-01
4.463956E-03,6.6103210E-02,5.1051544E-01
4.467236E-03,6.5569153E-02,4.7725128E-01
4.470516E-03,6.5340271E-02,4.4314789E-01
4.473796E-03,6.4272156E-02,4.0957855E-01
4.477076E-03,6.4729919E-02,3.7532257E-01
4.480356E-03,6.3204041E-02,3.4106659E-01
4.483636E-03,6.4577332E-02,3.0726837E-01
4.486916E-03,6.3585510E-02,2.7263092E-01
4.490196E-03,6.5035095E-02,2.3799347E-01
4.493476E-03,6.3204041E-02,2.0343231E-01
4.496756E-03,6.3890686E-02,1.6978668E-01
4.500036E-03,6.2822571E-02,1.3560699E-01
4.503316E-03,6.4348450E-02,1.0051178E-01
4.506596E-03,6.3356628E-02,6.5645447E-02
4.509876E-03,6.4501038E-02,3.0397644E-02
4.513156E-03,6.3661804E-02,-3.6294556E-03
4.516436E-03,6.5035095E-02,-3.8800964E-02
4.519716E-03,6.2441101E-02,-7.2828064E-02
4.522996E-03,6.3661804E-02,-1.0700775E-01
4.526276E-03,6.2288513E-02,-1.4271332E-01
4.529556E-03,6.3127747E-02,-1.7681671E-01
4.532836E-03,6.2669983E-02,-2.1168304E-01
4.536116E-03,6.3356628E-02,-2.4555756E-01
4.539396E-03,6.1907043E-02,-2.8095795E-01
4.542676E-03,6.2517395E-02,-3.1483246E-01
4.545956E-03,6.1220398E-02,-3.4977509E-01
4.549236E-03,6.2135925E-02,-3.8357330E-01
4.552516E-03,6.0228577E-02,-4.1828705E-01
4.555796E-03,6.2975159E-02,-4.5155121E-01
4.559076E-03,6.1220398E-02,-4.8435760E-01
4.562356E-03,6.2288513E-02,-5.1739288E-01
4.565636E-03,6.1830750E-02,-5.5172516E-01
4.568916E-03,6.1983337E-02,-5.8331085E-01
4.572196E-03,6.0686340E-02,-6.1588837E-01
4.575476E-03,6.1830750E-02,-6.4739777E-01
4.578756E-03,6.1144104E-02,-6.8066193E-01
4.582036E-03,6.1907043E-02,-7.1156097E-01
4.585316E-03,6.0686340E-02,-7.4284149E-01
4.588596E-03,6.1830750E-02,-7.7374054E-01
4.591876E-03,6.0152283E-02,-8.0517365E-01
4.595156E-03,6.0762634E-02,-8.3416534E-01
4.598436E-03,5.8626404E-02,-8.6414886E-01
4.601716E-03,5.9923401E-02,-8.9268280E-01
4.604996E-03,5.8016052E-02,-9.2259003E-01
4.608276E-03,6.0457458E-02,-9.5066620E-01
4.611556E-03,5.9313049E-02,-9.8034454E-01
4.614836E-03,6.0686340E-02,-1.0072763E+00
4.618116E-03,5.9236755E-02,-1.0358865E+00
4.621396E-03,6.0304871E-02,-1.0620554E+00
4.624676E-03,5.9084167E-02,-1.0904367E+00
4.627956E-03,5.9847107E-02,-1.1153085E+00
4.631236E-03,5.9007874E-02,-1.1410959E+00
4.634516E-03,6.0457458E-02,-1.1653574E+00
4.637796E-03,5.9007874E-02,-1.1902292E+00
4.641076E-03,6.0304871E-02,-1.2134225E+00
4.644356E-03,5.7558289E-02,-1.2382944E+00
4.647636E-03,5.9236755E-02,-1.2598856E+00
4.650916E-03,5.7253113E-02,-1.2826974E+00
4.654196E-03,5.7939758E-02,-1.3045175E+00
4.657476E-03,5.7176819E-02,-1.3270242E+00
4.660756E-03,5.8702698E-02,-1.3462503E+00
4.664036E-03,5.6108704E-02,-1.3680704E+00
4.667316E-03,5.6490173E-02,-1.3867624E+00
4.670596E-03,5.5040588E-02,-1.4072855E+00
4.673876E-03,5.7176819E-02,-1.4241464E+00
4.677156E-03,5.5956116E-02,-1.4426859E+00
4.680436E-03,5.7863464E-02,-1.4596231E+00
4.683716E-03,5.6184998E-02,-1.4763315E+00
4.686996E-03,5.6947937E-02,-1.4909036E+00
4.690276E-03,5.5574646E-02,-1.5071542E+00
4.693556E-03,5.6490173E-02,-1.5214975E+00
4.696836E-03,5.4811707E-02,-1.5356882E+00
4.700116E-03,5.5803528E-02,-1.5485056E+00
4.703396E-03,5.5193176E-02,-1.5612466E+00
4.706676E-03,5.5803528E-02,-1.5721567E+00
4.709956E-03,5.4735413E-02,-1.5847452E+00
4.713236E-03,5.5116882E-02,-1.5937479E+00
4.716516E-03,5.3972473E-02,-1.6047342E+00
4.719796E-03,5.5345764E-02,-1.6138132E+00
4.723076E-03,5.3896179E-02,-1.6224344E+00
4.726356E-03,5.4201355E-02,-1.6298349E+00
4.729636E-03,5.3972473E-02,-1.6367776E+00
4.732916E-03,5.4125061E-02,-1.6423471E+00
4.736196E-03,5.4277649E-02,-1.6484506E+00
4.739476E-03,5.3133240E-02,-1.6535623E+00
4.742756E-03,5.3056946E-02,-1.6573770E+00
4.746036E-03,5.3438416E-02,-1.6616495E+00
4.749316E-03,5.2675476E-02,-1.6640146E+00
4.752596E-03,5.2980652E-02,-1.6659219E+00
4.755876E-03,5.2599182E-02,-1.6672189E+00
4.759156E-03,5.1759949E-02,-1.6680582E+00
4.762436E-03,5.1302185E-02,-1.6676767E+00
4.765716E-03,5.0005188E-02,-1.6668375E+00
4.768996E-03,5.0005188E-02,-1.6653116E+00
4.772276E-03,4.9852600E-02,-1.6627939E+00
4.775556E-03,5.0539246E-02,-1.6592844E+00
4.778836E-03,5.1225891E-02,-1.6550119E+00
4.782116E-03,5.1607361E-02,-1.6508157E+00
4.785396E-03,5.0081482E-02,-1.6453989E+00
4.788676E-03,5.0844421E-02,-1.6386087E+00
4.791956E-03,5.0310364E-02,-1.6318185E+00
4.795236E-03,5.0844421E-02,-1.6252573E+00
4.798516E-03,5.0691833E-02,-1.6167123E+00
4.801796E-03,5.0462952E-02,-1.6080148E+00
4.805076E-03,4.8708191E-02,-1.5974863E+00
4.808356E-03,5.0081482E-02,-1.5871866E+00
4.811636E-03,4.9852600E-02,-1.5768869E+00
4.814916E-03,4.9318542E-02,-1.5647562E+00
4.818196E-03,4.8174133E-02,-1.5534647E+00
4.821476E-03,4.8631897E-02,-1.5406473E+00
4.824756E-03,4.7106018E-02,-1.5269144E+00
4.828036E-03,4.7258606E-02,-1.5124948E+00
4.831316E-03,4.7334900E-02,-1.4973886E+00
4.834596E-03,4.7640076E-02,-1.4822824E+00
4.837876E-03,4.6114197E-02,-1.4645822E+00
4.841156E-03,4.6419373E-02,-1.4480264E+00
4.844436E-03,4.4435730E-02,-1.4304788E+00
4.847716E-03,4.6800842E-02,-1.4127786E+00
4.850996E-03,4.6648254E-02,-1.3936288E+00
4.854276E-03,4.7640076E-02,-1.3735635E+00
4.857556E-03,4.5809021E-02,-1.3540323E+00
4.860836E-03,4.5656433E-02,-1.3335092E+00
4.864116E-03,4.3977966E-02,-1.3123758E+00
4.867396E-03,4.5046082E-02,-1.2900217E+00
4.870676E-03,4.3977966E-02,-1.2677438E+00
4.873956E-03,4.4740906E-02,-1.2456949E+00
4.877236E-03,4.2452087E-02,-1.2229593E+00
4.880516E-03,4.3443909E-02,-1.1983163E+00
4.883796E-03,4.1612854E-02,-1.1745126E+00
4.887076E-03,4.2986145E-02,-1.1492593E+00
4.890356E-03,4.1918030E-02,-1.1239297E+00
4.893636E-03,4.3443909E-02,-1.0975320E+00
4.896916E-03,4.2070618E-02,-1.0709055E+00
4.900196E-03,4.3291321E-02,-1.0439737E+00
4.903476E-03,4.2299500E-02,-1.0168130E+00
4.906756E-03,4.2833557E-02,-9.8843170E-01
4.910036E-03,4.1231384E-02,-9.6050812E-01
4.913316E-03,4.1612854E-02,-9.3144012E-01
4.916596E-03,4.0239563E-02,-9.0359283E-01
4.919876E-03,4.2452087E-02,-8.7467743E-01
4.923156E-03,4.1002502E-02,-8.4492279E-01
4.926436E-03,4.1460266E-02,-8.1387115E-01
4.929716E-03,3.9400330E-02,-7.8419281E-01
4.932996E-03,3.9705505E-02,-7.5176788E-01
4.936276E-03,3.7187805E-02,-7.2056366E-01
4.939556E-03,3.9552917E-02,-6.8943573E-01
4.942836E-03,3.7874451E-02,-6.5830780E-01
4.946116E-03,4.0239563E-02,-6.2519623E-01
4.949396E-03,3.7340393E-02,-5.9406830E-01
4.952676E-03,3.9476624E-02,-5.5988861E-01
4.955956E-03,3.7798157E-02,-5.2753998E-01
4.959236E-03,3.8637390E-02,-4.9389435E-01
4.962516E-03,3.8408508E-02,-4.6063019E-01
4.965796E-03,3.9095154E-02,-4.2690826E-01
4.969076E-03,3.6501160E-02,-3.9295746E-01
4.972356E-03,3.8255920E-02,-3.5786224E-01
4.975636E-03,3.7111511E-02,-3.2452179E-01
4.978916E-03,3.8561096E-02,-2.8935028E-01
4.982196E-03,3.6882629E-02,-2.5616241E-01
4.985476E-03,3.7569275E-02,-2.2114349E-01
4.988756E-03,3.4670105E-02,-1.8673492E-01
4.992036E-03,3.6119690E-02,-1.5171600E-01
4.995316E-03,3.5967102E-02,-1.1875702E-01
4.998596E-03,3.7264099E-02,-8.2212219E-02
5.001876E-03,3.5738220E-02,-4.8719177E-02
5.005156E-03,3.6043396E-02,-1.2861023E-02
5.008436E-03,3.4441223E-02,2.1166077E-02
5.011716E-03,3.6730042E-02,5.8244934E-02
5.014996E-03,3.6195984E-02,9.2119446E-02
5.018276E-03,3.7492981E-02,1.2698578E-01
5.021556E-03,3.6577454E-02,1.6009735E-01
5.024836E-03,3.7340393E-02,1.9595551E-01
5.028116E-03,3.5814514E-02,2.2899078E-01
5.031396E-03,3.7111511E-02,2.6523041E-01
5.034676E-03,3.5661926E-02,2.9841827E-01
5.037956E-03,3.6653748E-02,3.3313202E-01
5.041236E-03,3.5127869E-02,3.6700653E-01
5.044516E-03,3.6272278E-02,4.0187286E-01
5.047796E-03,3.4975281E-02,4.3498444E-01
5.051076E-03,3.6653748E-02,4.7015594E-01
5.054356E-03,3.4441223E-02,5.0242828E-01
5.057636E-03,3.4898987E-02,5.3683685E-01
5.060916E-03,3.4288635E-02,5.6918549E-01
5.064196E-03,3.6424866E-02,6.0283112E-01
5.067476E-03,3.6119690E-02,6.3418793E-01
5.070756E-03,3.6424866E-02,6.6722321E-01
5.074036E-03,3.4975281E-02,6.9873260E-01
5.077316E-03,3.4975281E-02,7.3146271E-01
5.080596E-03,3.4746399E-02,7.6304840E-01
5.083876E-03,3.6195984E-02,7.9356598E-01
5.087156E-03,3.6730042E-02,8.2385468E-01
5.090436E-03,3.7111511E-02,8.5498260E-01
5.093716E-03,3.6348572E-02,8.8435577E-01
5.096996E-03,3.5967102E-02,9.1426300E-01
5.100276E-03,3.5051575E-02,9.4355988E-01
5.103556E-03,3.6501160E-02,9.7285675E-01
5.106836E-03,3.4975281E-02,1.0007040E+00
5.110116E-03,3.4746399E-02,1.0292380E+00
5.113396E-03,3.5433044E-02,1.0559409E+00
5.116676E-03,3.5967102E-02,1.0831015E+00
5.119956E-03,3.7187805E-02,1.1107962E+00
5.123236E-03,3.7492981E-02,1.1381857E+00
5.126516E-03,3.7340393E-02,1.1638968E+00
5.129796E-03,3.6272278E-02,1.1900656E+00
5.133076E-03,3.7950745E-02,1.2148611E+00
5.136356E-03,3.7721863E-02,1.2393515E+00
5.139636E-03,3.8561096E-02,1.2633841E+00
5.142916E-03,3.8408508E-02,1.2855856E+00
5.146196E-03,3.7645569E-02,1.3093893E+00
5.149476E-03,3.7111511E-02,1.3323538E+00
5.152756E-03,3.8027039E-02,1.3537161E+00
5.156036E-03,3.7645569E-02,1.3762228E+00
5.159316E-03,3.7721863E-02,1.3962119E+00
5.162596E-03,3.6958923E-02,1.4167349E+00
5.165876E-03,3.7798157E-02,1.4346640E+00
5.169156E-03,3.7264099E-02,1.4545767E+00
5.172436E-03,3.8561096E-02,1.4729636E+00
5.175716E-03,3.7798157E-02,1.4911215E+00
5.178996E-03,3.8637390E-02,1.5080588E+00
5.182276E-03,3.7721863E-02,1.5248434E+00
5.185556E-03,4.0315857E-02,1.5406363E+00
5.188836E-03,3.9476624E-02,1.5557425E+00
5.192116E-03,4.0926208E-02,1.5699332E+00
5.195396E-03,3.9476624E-02,1.5839713E+00
5.198676E-03,4.0697327E-02,1.5971701E+00
5.201956E-03,3.9324036E-02,1.6092245E+00
5.205236E-03,3.9629211E-02,1.6213553E+00
5.208516E-03,3.9247742E-02,1.6325705E+00
5.211796E-03,4.0468445E-02,1.6440909E+00
5.215076E-03,3.9629211E-02,1.6530173E+00
5.218356E-03,4.0773621E-02,1.6629355E+00
5.221636E-03,3.9552917E-02,1.6707938E+00
5.224916E-03,4.1383972E-02,1.6788046E+00
5.228196E-03,3.9705505E-02,1.6861288E+00
5.231476E-03,4.0621033E-02,1.6922324E+00
5.234756E-03,4.0239563E-02,1.6987936E+00
5.238036E-03,4.2375793E-02,1.7037527E+00
5.241316E-03,4.1383972E-02,1.7074149E+00
5.244596E-03,4.3138733E-02,1.7118399E+00
5.247876E-03,4.1383972E-02,1.7148154E+00
5.251156E-03,4.2757263E-02,1.7166464E+00
5.254436E-03,4.1002502E-02,1.7174094E+00
5.257716E-03,4.3596497E-02,1.7186301E+00
5.260996E-03,4.3596497E-02,1.7182486E+00
5.264276E-03,4.3062439E-02,1.7175620E+00
5.267556E-03,4.1765442E-02,1.7160361E+00
5.270836E-03,4.3443909E-02,1.7152731E+00
5.274116E-03,4.1994324E-02,1.7112296E+00
5.277396E-03,4.3977966E-02,1.7074911E+00
5.280676E-03,4.1078796E-02,1.7037527E+00
5.283956E-03,4.3138733E-02,1.6994040E+00
5.287236E-03,4.3977966E-02,1.6930716E+00
5.290516E-03,4.7106018E-02,1.6868918E+00
5.293796E-03,4.4664612E-02,1.6795676E+00
5.297076E-03,4.6190491E-02,1.6727774E+00
5.300356E-03,4.3977966E-02,1.6636984E+00
5.303636E-03,4.5656433E-02,1.6546957E+00
5.306916E-03,4.5732727E-02,1.6450064E+00
5.310196E-03,4.7563782E-02,1.6347067E+00
5.313476E-03,4.6190491E-02,1.6229575E+00
5.316756E-03,4.7640076E-02,1.6118185E+00
5.320036E-03,4.5580139E-02,1.5977042E+00
5.323316E-03,4.7487488E-02,1.5856497E+00
5.326596E-03,4.5656433E-02,1.5711539E+00
5.329876E-03,4.6724548E-02,1.5571921E+00
5.333156E-03,4.5198669E-02,1.5421622E+00
5.336436E-03,4.6724548E-02,1.5263693E+00
5.339716E-03,4.5503845E-02,1.5090506E+00
5.342996E-03,4.7029724E-02,1.4935629E+00
5.346276E-03,4.4969788E-02,1.4752524E+00
5.349556E-03,4.6495667E-02,1.4576285E+00
5.352836E-03,4.5809021E-02,1.4377158E+00
5.356116E-03,4.7640076E-02,1.4187949E+00
5.359396E-03,4.6419373E-02,1.3978140E+00
5.362676E-03,4.9394836E-02,1.3777487E+00
5.365956E-03,4.6953430E-02,1.3556998E+00
5.369236E-03,4.7792664E-02,1.3342612E+00
5.372516E-03,4.5885315E-02,1.3110678E+00
5.375796E-03,4.8021545E-02,1.2887900E+00
5.379076E-03,4.6419373E-02,1.2649863E+00
5.382356E-03,4.7640076E-02,1.2422507E+00
5.385636E-03,4.6266785E-02,1.2172263E+00
5.388916E-03,4.7868958E-02,1.1934225E+00
5.392196E-03,4.6648254E-02,1.1667960E+00
5.395476E-03,4.7792664E-02,1.1420004E+00
5.398756E-03,4.7487488E-02,1.1146109E+00
5.402036E-03,4.8097839E-02,1.0879843E+00
5.405316E-03,4.7868958E-02,1.0604422E+00
5.408596E-03,4.8860779E-02,1.0336630E+00
5.411876E-03,4.8708191E-02,1.0047476E+00
5.415156E-03,4.9013367E-02,9.7690033E-01
5.418436E-03,4.8174133E-02,9.4752716E-01
5.421716E-03,4.9165955E-02,9.1838287E-01
5.424996E-03,4.8326721E-02,8.8900970E-01
5.428276E-03,4.9776306E-02,8.6039948E-01
5.431556E-03,4.9089661E-02,8.2904266E-01
5.434836E-03,4.9165955E-02,7.9837250E-01
5.438116E-03,4.8326721E-02,7.6693939E-01
5.441396E-03,4.8326721E-02,7.3512482E-01
5.444676E-03,4.7029724E-02,7.0292877E-01
5.447956E-03,4.7792664E-02,6.7149567E-01
5.451236E-03,4.7411194E-02,6.3914703E-01
5.454516E-03,4.7640076E-02,6.0664581E-01
5.457796E-03,4.9165955E-02,5.7330536E-01
5.461076E-03,4.9013367E-02,5.4072784E-01
5.464356E-03,4.8250427E-02,5.0792145E-01
5.467636E-03,4.7563782E-02,4.7351288E-01
5.470916E-03,4.7792664E-02,4.4032501E-01
5.474196E-03,4.7563782E-02,4.0599274E-01
5.477476E-03,4.8708191E-02,3.7196564E-01
5.480756E-03,4.8784485E-02,3.3740448E-01
5.484036E-03,4.9013367E-02,3.0345367E-01
5.487316E-03,4.7106018E-02,2.6866364E-01
5.490596E-03,4.8097839E-02,2.3463654E-01
5.493876E-03,4.7182312E-02,2.0053314E-01
5.497156E-03,4.8250427E-02,1.6581940E-01
5.500436E-03,4.7029724E-02,1.3156342E-01
5.503716E-03,4.6571960E-02,9.7002258E-02
5.506996E-03,4.5732727E-02,6.2517395E-02
5.510276E-03,4.6800842E-02,2.7193298E-02
5.513556E-03,4.6266785E-02,-7.2915649E-03
5.516836E-03,4.7106018E-02,-4.1089783E-02
5.520116E-03,4.5122375E-02,-7.6108704E-02
5.523396E-03,4.6724548E-02,-1.1036469E-01
5.526676E-03,4.7411194E-02,-1.4576508E-01
5.529956E-03,4.7868958E-02,-1.7971588E-01
5.533236E-03,4.6724548E-02,-2.1427704E-01
5.536516E-03,4.6648254E-02,-2.4830414E-01
5.539796E-03,4.5809021E-02,-2.8393341E-01
5.543076E-03,4.5809021E-02,-3.1773163E-01
5.546356E-03,4.5046082E-02,-3.5244537E-01
5.549636E-03,4.5885315E-02,-3.8677765E-01
5.552916E-03,4.4664612E-02,-4.2027069E-01
5.556196E-03,4.5503845E-02,-4.5445038E-01
5.559476E-03,4.4969788E-02,-4.8786713E-01
5.562756E-03,4.5809021E-02,-5.2105499E-01
5.566036E-03,4.4740906E-02,-5.5424286E-01
5.569316E-03,4.5656433E-02,-5.8651520E-01
5.572596E-03,4.4283142E-02,-6.1901642E-01
5.575876E-03,4.6648254E-02,-6.4991547E-01
5.579156E-03,4.5503845E-02,-6.8272186E-01
5.582436E-03,4.6190491E-02,-7.1476532E-01
5.585716E-03,4.4740906E-02,-7.4635101E-01
5.588996E-03,4.5656433E-02,-7.7740265E-01
5.592276E-03,4.4512024E-02,-8.0830170E-01
5.595556E-03,4.6037903E-02,-8.3836151E-01
5.598836E-03,4.3520203E-02,-8.6849762E-01
5.602116E-03,4.4893494E-02,-8.9779449E-01
5.605396E-03,4.3367615E-02,-9.2632843E-01
5.608676E-03,4.4588318E-02,-9.5463348E-01
5.611956E-03,4.3138733E-02,-9.8316742E-01
5.615236E-03,4.2909851E-02,-1.0105569E+00
5.618516E-03,4.1689148E-02,-1.0393961E+00
5.621796E-03,4.3215027E-02,-1.0658701E+00
5.625076E-03,4.2375793E-02,-1.0927255E+00
5.628356E-03,4.4588318E-02,-1.1178262E+00
5.631636E-03,4.3367615E-02,-1.1444528E+00
5.634916E-03,4.3367615E-02,-1.1688669E+00
5.638196E-03,4.1689148E-02,-1.1941202E+00
5.641476E-03,4.2604675E-02,-1.2179239E+00
5.644756E-03,4.2223206E-02,-1.2416513E+00
5.648036E-03,4.3215027E-02,-1.2636240E+00
5.651316E-03,4.1231384E-02,-1.2864359E+00
5.654596E-03,4.3443909E-02,-1.3076456E+00
5.657876E-03,4.1765442E-02,-1.3302286E+00
5.661156E-03,4.2833557E-02,-1.3499124E+00
5.664436E-03,4.0849915E-02,-1.3705118E+00
5.667716E-03,4.1765442E-02,-1.3895853E+00
5.670996E-03,4.0010681E-02,-1.4091165E+00
5.674276E-03,4.2375793E-02,-1.4261301E+00
5.677556E-03,4.1231384E-02,-1.4447458E+00
5.680836E-03,4.1765442E-02,-1.4613779E+00
5.684116E-03,3.9705505E-02,-1.4786966E+00
5.687396E-03,4.1002502E-02,-1.4941843E+00
5.690676E-03,3.9247742E-02,-1.5096719E+00
5.693956E-03,4.1841736E-02,-1.5234811E+00
5.697236E-03,4.0392151E-02,-1.5387399E+00
5.700516E-03,4.0773621E-02,-1.5502603E+00
5.703796E-03,3.8255920E-02,-1.5646036E+00
5.707076E-03,4.0849915E-02,-1.5752847E+00
5.710356E-03,3.8713684E-02,-1.5875681E+00
5.713636E-03,3.9858093E-02,-1.5959604E+00
5.716916E-03,3.8332214E-02,-1.6064127E+00
5.720196E-03,3.9858093E-02,-1.6142709E+00
5.723476E-03,3.8408508E-02,-1.6241129E+00
5.726756E-03,4.0163269E-02,-1.6310556E+00
5.730036E-03,3.8103333E-02,-1.6374643E+00
5.733316E-03,3.7645569E-02,-1.6435678E+00
5.736596E-03,3.6501160E-02,-1.6499002E+00
5.739876E-03,3.8713684E-02,-1.6540201E+00
5.743156E-03,3.8637390E-02,-1.6580637E+00
5.746436E-03,3.8637390E-02,-1.6614969E+00
5.749716E-03,3.7721863E-02,-1.6647012E+00
5.752996E-03,3.8027039E-02,-1.6658456E+00
5.756276E-03,3.6272278E-02,-1.6676004E+00
5.759556E-03,3.8332214E-02,-1.6669901E+00
5.762836E-03,3.7187805E-02,-1.6667612E+00
5.766116E-03,3.8255920E-02,-1.6653879E+00
5.769396E-03,3.7340393E-02,-1.6643198E+00
5.772676E-03,3.7645569E-02,-1.6614206E+00
5.775956E-03,3.6882629E-02,-1.6588266E+00
5.779236E-03,3.7721863E-02,-1.6545541E+00
5.782516E-03,3.5051575E-02,-1.6502817E+00
5.785796E-03,3.5280457E-02,-1.6437967E+00
5.789076E-03,3.4670105E-02,-1.6378458E+00
5.792356E-03,3.6119690E-02,-1.6302927E+00
5.795636E-03,3.5738220E-02,-1.6242654E+00
5.798916E-03,3.5280457E-02,-1.6151102E+00
5.802196E-03,3.5661926E-02,-1.6053445E+00
5.805476E-03,3.5661926E-02,-1.5965707E+00
5.808756E-03,3.5051575E-02,-1.5867288E+00
5.812036E-03,3.5585632E-02,-1.5749796E+00
5.815316E-03,3.5509338E-02,-1.5644510E+00
5.818596E-03,3.4822693E-02,-1.5519388E+00
5.821876E-03,3.4898987E-02,-1.5385873E+00
5.825156E-03,3.4364929E-02,-1.5250070E+00
5.828436E-03,3.5127869E-02,-1.5116556E+00
5.831716E-03,3.3754578E-02,-1.4963205E+00
5.834996E-03,3.3220520E-02,-1.4799936E+00
5.838276E-03,3.2686462E-02,-1.4636667E+00
5.841556E-03,3.3754578E-02,-1.4467294E+00
5.844836E-03,3.2915344E-02,-1.4293344E+00
5.848116E-03,3.2991638E-02,-1.4114053E+00
5.851396E-03,3.1694641E-02,-1.3916452E+00
5.854676E-03,3.2686462E-02,-1.3715036E+00
5.857956E-03,3.1847229E-02,-1.3522775E+00
5.861236E-03,3.2381287E-02,-1.3316019E+00
5.864516E-03,3.1389465E-02,-1.3110025E+00
5.867796E-03,3.2381287E-02,-1.2897928E+00
5.871076E-03,3.2381287E-02,-1.2651498E+00
5.874356E-03,3.2228699E-02,-1.2427194E+00
5.877636E-03,3.1618347E-02,-1.2198312E+00
5.880916E-03,3.1770935E-02,-1.1958749E+00
5.884196E-03,2.9710999E-02,-1.1708505E+00
5.887476E-03,3.1007996E-02,-1.1462076E+00
5.890756E-03,3.1542053E-02,-1.1195810E+00
5.894036E-03,3.2152405E-02,-1.0942514E+00
5.897316E-03,2.9405823E-02,-1.0681589E+00
5.900596E-03,2.9176941E-02,-1.0413034E+00
5.903876E-03,2.8185120E-02,-1.0128458E+00
5.907156E-03,3.0092468E-02,-9.8560883E-01
5.910436E-03,2.9253235E-02,-9.5692230E-01
5.913716E-03,3.0168762E-02,-9.2854095E-01
5.916996E-03,2.8337708E-02,-9.0015961E-01
5.920276E-03,2.9482117E-02,-8.7063385E-01
5.923556E-03,2.9405823E-02,-8.4126068E-01
5.926836E-03,2.9863586E-02,-8.1112457E-01
5.930116E-03,2.8032532E-02,-7.8060699E-01
5.933396E-03,2.9863586E-02,-7.4925018E-01
5.936676E-03,2.8490295E-02,-7.1758820E-01
5.939956E-03,2.9634705E-02,-6.8615509E-01
5.943236E-03,2.9405823E-02,-6.5449310E-01
5.946516E-03,2.9024353E-02,-6.2153412E-01
5.949796E-03,2.6888123E-02,-5.8903290E-01
5.953076E-03,2.7956238E-02,-5.5485321E-01
5.956356E-03,2.7422180E-02,-5.2250458E-01
5.959636E-03,2.8642883E-02,-4.8916412E-01
5.962916E-03,2.6201477E-02,-4.5643402E-01
5.966196E-03,2.8871765E-02,-4.2240692E-01
5.969476E-03,2.7193298E-02,-3.8822723E-01
5.972756E-03,2.8795471E-02,-3.5404755E-01
5.976036E-03,2.7879944E-02,-3.2055450E-01
5.979316E-03,2.8490295E-02,-2.8523041E-01
5.982596E-03,2.6277771E-02,-2.5211884E-01
5.985876E-03,2.7422180E-02,-2.1656586E-01
5.989156E-03,2.7040710E-02,-1.8200470E-01
5.992436E-03,2.8719177E-02,-1.4660431E-01
5.995716E-03,2.6125183E-02,-1.1318756E-01
5.998996E-03,2.5896301E-02,-7.7787170E-02
6.002276E-03,2.4828186E-02,-4.3607483E-02
6.005556E-03,2.7117004E-02,-7.6730347E-03
6.008836E-03,2.4828186E-02,2.6964417E-02
6.012116E-03,2.6277771E-02,6.1372986E-02
6.015396E-03,2.4675598E-02,9.4713440E-02
6.018676E-03,2.6735535E-02,1.3057159E-01
6.021956E-03,2.5896301E-02,1.6444611E-01
6.025236E-03,2.6964417E-02,1.9923615E-01
6.028516E-03,2.4828186E-02,2.3204254E-01
6.031796E-03,2.5972595E-02,2.6805328E-01
6.035076E-03,2.5743713E-02,3.0116486E-01
6.038356E-03,2.8490295E-02,3.3671783E-01
6.041636E-03,2.6354065E-02,3.6967682E-01
6.044916E-03,2.6582947E-02,4.0538239E-01
6.048196E-03,2.4065247E-02,4.3925690E-01
6.051476E-03,2.5057068E-02,4.7427582E-01
6.054756E-03,2.5514832E-02,5.0601410E-01
6.058036E-03,2.6964417E-02,5.4095673E-01
6.061316E-03,2.5438538E-02,5.7277130E-01
6.064596E-03,2.6048889E-02,6.0687469E-01
6.067876E-03,2.4446716E-02,6.3815521E-01
6.071156E-03,2.6964417E-02,6.7172455E-01
6.074436E-03,2.4980774E-02,7.0224213E-01
6.077716E-03,2.6354065E-02,7.3481964E-01
6.080996E-03,2.5209656E-02,7.6571869E-01
6.084276E-03,2.6888123E-02,7.9776215E-01
6.087556E-03,2.6201477E-02,8.2766937E-01
6.090836E-03,2.7727356E-02,8.5894989E-01
6.094116E-03,2.6048889E-02,8.8839935E-01
6.097396E-03,2.5438538E-02,9.1906952E-01
6.100676E-03,2.4980774E-02,9.4615387E-01
6.103956E-03,2.7574768E-02,9.7575592E-01
6.107236E-03,2.7193298E-02,1.0036032E+00
6.110516E-03,2.6811829E-02,1.0320609E+00
6.113796E-03,2.5972595E-02,1.0592978E+00
6.117076E-03,2.6048889E-02,1.0881369E+00
6.120356E-03,2.4904480E-02,1.1140005E+00
6.123636E-03,2.5667419E-02,1.1416953E+00
6.126916E-03,2.3531189E-02,1.1664908E+00
6.130196E-03,2.4446716E-02,1.1928885E+00
6.133476E-03,2.4828186E-02,1.2169974E+00
6.136756E-03,2.5667419E-02,1.2426321E+00
6.140036E-03,2.6201477E-02,1.2658255E+00
6.143316E-03,2.5285950E-02,1.2897818E+00
6.146596E-03,2.4599304E-02,1.3123648E+00
6.149876E-03,2.5667419E-02,1.3345663E+00
6.153156E-03,2.5743713E-02,1.3559286E+00
6.156436E-03,2.6277771E-02,1.3779776E+00
6.159716E-03,2.5438538E-02,1.3978140E+00
6.162996E-03,2.5285950E-02,1.4181082E+00
6.166276E-03,2.4904480E-02,1.4384787E+00
6.169556E-03,2.4828186E-02,1.4569418E+00
6.172836E-03,2.4828186E-02,1.4744894E+00
6.176116E-03,2.4141541E-02,1.4928763E+00
6.179396E-03,2.3760071E-02,1.5105002E+00
6.182676E-03,2.3760071E-02,1.5268271E+00
6.185956E-03,2.5057068E-02,1.5426199E+00
6.189236E-03,2.4217834E-02,1.5571158E+00
6.192516E-03,2.4370422E-02,1.5714590E+00
6.195796E-03,2.2463074E-02,1.5859549E+00
6.199076E-03,2.3454895E-02,1.5986197E+00
6.202356E-03,2.5285950E-02,1.6110556E+00
6.205636E-03,2.6964417E-02,1.6224234E+00
6.208916E-03,2.5514832E-02,1.6334097E+00
6.212196E-03,2.5362244E-02,1.6443961E+00
6.215476E-03,2.4141541E-02,1.6540091E+00
6.218756E-03,2.5362244E-02,1.6629355E+00
6.222036E-03,2.4370422E-02,1.6720908E+00
6.225316E-03,2.4675598E-02,1.6795676E+00
6.228596E-03,2.4065247E-02,1.6861288E+00
6.231876E-03,2.5362244E-02,1.6924612E+00
6.235156E-03,2.4828186E-02,1.6979544E+00
6.238436E-03,2.4446716E-02,1.7026083E+00
6.241716E-03,2.3149719E-02,1.7078726E+00
6.244996E-03,2.4751892E-02,1.7111533E+00
6.248276E-03,2.3531189E-02,1.7135184E+00
6.251556E-03,2.5896301E-02,1.7150443E+00
6.254836E-03,2.5743713E-02,1.7162650E+00
6.258116E-03,2.5362244E-02,1.7171805E+00
6.261396E-03,2.4217834E-02,1.7172568E+00
6.264676E-03,2.5057068E-02,1.7173331E+00
6.267956E-03,2.4141541E-02,1.7154257E+00
6.271236E-03,2.6048889E-02,1.7129843E+00
6.274516E-03,2.4523010E-02,1.7100851E+00
6.277796E-03,2.5667419E-02,1.7061179E+00
6.281076E-03,2.4675598E-02,1.7021506E+00
6.284356E-03,2.5514832E-02,1.6975729E+00
6.287636E-03,2.4141541E-02,1.6915457E+00
6.290916E-03,2.5133362E-02,1.6847556E+00
6.294196E-03,2.2691956E-02,1.6776602E+00
6.297476E-03,2.3683777E-02,1.6697256E+00
6.300756E-03,2.3988953E-02,1.6610281E+00
6.304036E-03,2.5209656E-02,1.6514914E+00
6.307316E-03,2.4370422E-02,1.6424887E+00
6.310596E-03,2.4523010E-02,1.6311972E+00
6.313876E-03,2.3378601E-02,1.6199820E+00
6.317156E-03,2.5514832E-02,1.6086905E+00
6.320436E-03,2.4294128E-02,1.5954153E+00
6.323716E-03,2.4446716E-02,1.5835135E+00
6.326996E-03,2.3378601E-02,1.5689413E+00
6.330276E-03,2.5438538E-02,1.5547507E+00
6.333556E-03,2.4141541E-02,1.5387289E+00
6.336836E-03,2.5285950E-02,1.5236227E+00
6.340116E-03,2.2310486E-02,1.5063040E+00
6.343396E-03,2.2920837E-02,1.4902823E+00
6.346676E-03,2.1852722E-02,1.4718192E+00
6.349956E-03,2.4141541E-02,1.4535849E+00
6.353236E-03,2.2615662E-02,1.4348166E+00
6.356516E-03,2.3302307E-02,1.4145987E+00
6.359796E-03,2.1166077E-02,1.3952963E+00
6.363076E-03,2.2005310E-02,1.3737814E+00
6.366356E-03,2.1776428E-02,1.3521902E+00
6.369636E-03,2.2997131E-02,1.3314383E+00
6.372916E-03,2.2844543E-02,1.3077872E+00
6.376196E-03,2.4523010E-02,1.2858145E+00
6.379476E-03,2.2844543E-02,1.2623923E+00
6.382756E-03,2.4294128E-02,1.2386649E+00
6.386036E-03,2.1394958E-02,1.2134116E+00
6.389316E-03,2.2234192E-02,1.1903708E+00
6.392596E-03,2.0860901E-02,1.1631339E+00
6.395876E-03,2.2768250E-02,1.1381094E+00
6.399156E-03,2.0860901E-02,1.1102621E+00
6.402436E-03,2.2539368E-02,1.0845511E+00
6.405716E-03,2.0021667E-02,1.0560172E+00
6.408996E-03,2.0479431E-02,1.0288565E+00
6.412276E-03,1.8800964E-02,1.0003226E+00
6.415556E-03,2.0479431E-02,9.7293304E-01
6.418836E-03,1.9563904E-02,9.4279694E-01
6.422116E-03,2.1623840E-02,9.1433929E-01
6.425396E-03,1.9411316E-02,8.8397430E-01
6.428676E-03,2.0937195E-02,8.5559296E-01
6.431956E-03,1.9335022E-02,8.2431244E-01
6.435236E-03,2.0784607E-02,7.9356598E-01
6.438516E-03,1.9182434E-02,7.6152252E-01
6.441796E-03,2.0021667E-02,7.3169159E-01
6.445076E-03,1.9258728E-02,6.9804596E-01
6.448356E-03,2.0937195E-02,6.6798615E-01
6.451636E-03,1.9945374E-02,6.3426422E-01
6.454916E-03,1.9182434E-02,6.0260223E-01
6.458196E-03,1.7351379E-02,5.6964325E-01
6.461476E-03,1.6893616E-02,5.3714203E-01
6.464756E-03,1.7351379E-02,5.0258087E-01
6.468036E-03,1.8419495E-02,4.6893524E-01
6.471316E-03,1.7122498E-02,4.3467926E-01
6.474596E-03,1.8114319E-02,4.0110992E-01
6.477876E-03,1.7732849E-02,3.6700653E-01
6.481156E-03,1.8648376E-02,3.3267426E-01
6.484436E-03,1.7351379E-02,2.9765533E-01
6.487716E-03,1.7275085E-02,2.6355194E-01
6.490996E-03,1.6359558E-02,2.2906708E-01
6.494276E-03,1.6969910E-02,1.9481110E-01
6.497556E-03,1.6969910E-02,1.6002106E-01
6.500836E-03,1.6130676E-02,1.2599396E-01
6.504116E-03,1.5825500E-02,9.2043152E-02
6.507396E-03,1.5978088E-02,5.7558289E-02
6.510676E-03,1.4452209E-02,2.2997131E-02
6.513956E-03,1.5138855E-02,-1.1029968E-02
6.517236E-03,1.4909973E-02,-4.6430359E-02
6.520516E-03,1.3689270E-02,-8.0686340E-02
6.523796E-03,1.2926331E-02,-1.1593414E-01
6.527076E-03,1.2773743E-02,-1.5049530E-01
6.530356E-03,1.3536682E-02,-1.8498016E-01
6.533636E-03,1.2697449E-02,-2.1961761E-01
6.536916E-03,1.2621155E-02,-2.5471283E-01
6.540196E-03,1.2087097E-02,-2.8881622E-01
6.543476E-03,1.3765564E-02,-3.2238556E-01
6.546756E-03,1.3612976E-02,-3.5687042E-01
6.550036E-03,1.4375916E-02,-3.9204193E-01
6.553316E-03,1.1858215E-02,-4.2561127E-01
6.556596E-03,1.1324158E-02,-4.5841766E-01
6.559876E-03,1.0256042E-02,-4.9236847E-01
6.563156E-03,1.1934509E-02,-5.2570892E-01
6.566436E-03,1.1018982E-02,-5.5821014E-01
6.569716E-03,1.0637512E-02,-5.9177948E-01
6.572996E-03,8.9590454E-03,-6.2374664E-01
6.576276E-03,9.6456909E-03,-6.5594269E-01
6.579556E-03,8.5775757E-03,-6.8775726E-01
6.582836E-03,9.7219849E-03,-7.1987701E-01
6.586116E-03,8.1198120E-03,-7.5146271E-01
6.589396E-03,9.1116333E-03,-7.8205658E-01
6.592676E-03,9.1116333E-03,-8.1318451E-01
6.595956E-03,1.0027161E-02,-8.4293915E-01
6.599236E-03,8.0435181E-03,-8.7231232E-01
6.602516E-03,8.4249878E-03,-9.0244843E-01
6.605796E-03,7.1279907E-03,-9.3037201E-01
6.609076E-03,7.6620483E-03,-9.5989777E-01
6.612356E-03,6.9754028E-03,-9.8827911E-01
6.615636E-03,8.5012817E-03,-1.0160501E+00
6.618916E-03,6.1361694E-03,-1.0435159E+00
6.622196E-03,6.5176392E-03,-1.0700662E+00
6.625476E-03,5.4495239E-03,-1.0968454E+00
6.628756E-03,5.5258179E-03,-1.1225565E+00
6.632036E-03,4.9154663E-03,-1.1484964E+00
6.635316E-03,5.2206421E-03,-1.1726816E+00
6.638596E-03,3.8473511E-03,-1.1977060E+00
6.641876E-03,5.6021118E-03,-1.2212045E+00
6.645156E-03,4.9154663E-03,-1.2448557E+00
6.648436E-03,5.8309937E-03,-1.2673624E+00
6.651716E-03,4.6102905E-03,-1.2900217E+00
6.654996E-03,4.6102905E-03,-1.3113840E+00
6.658276E-03,3.5421753E-03,-1.3325174E+00
6.661556E-03,5.0680542E-03,-1.3525064E+00
6.664836E-03,3.3895874E-03,-1.3733347E+00
6.668116E-03,3.5421753E-03,-1.3922556E+00
6.671396E-03,2.3977661E-03,-1.4122446E+00
6.674676E-03,3.5421753E-03,-1.4298685E+00
6.677956E-03,1.4059448E-03,-1.4474161E+00
6.681236E-03,2.0162964E-03,-1.4652689E+00
6.684516E-03,8.7188721E-04,-1.4817484E+00
6.687796E-03,1.4059448E-03,-1.4968546E+00
6.691076E-03,1.1007690E-03,-1.5127237E+00
6.694356E-03,1.9400024E-03,-1.5256937E+00
6.697636E-03,-8.0657959E-04,-1.5404947E+00
6.700916E-03,1.0244751E-03,-1.5533884E+00
6.704196E-03,2.6153564E-04,-1.5652139E+00
6.707476E-03,2.2451782E-03,-1.5762766E+00
6.710756E-03,1.6348267E-03,-1.5894754E+00
6.714036E-03,2.7792358E-03,-1.5980966E+00
6.717316E-03,1.0244751E-03,-1.6090067E+00
6.720596E-03,1.8637085E-03,-1.6166360E+00
6.723876E-03,-3.4881592E-04,-1.6257150E+00
6.727156E-03,1.0244751E-03,-1.6318185E+00
6.730436E-03,-6.5399170E-04,-1.6392953E+00
6.733716E-03,8.7188721E-04,-1.6443307E+00
6.736996E-03,-8.0657959E-04,-1.6497476E+00
6.740276E-03,9.4818115E-04,-1.6547067E+00
6.743556E-03,-1.2643433E-03,-1.6588266E+00
6.746836E-03,-1.1880493E-03,-1.6611154E+00
6.750116E-03,-2.3324585E-03,-1.6652353E+00
6.753396E-03,-8.8287354E-04,-1.6656931E+00
6.756676E-03,-1.7984009E-03,-1.6680582E+00
6.759956E-03,-1.1880493E-03,-1.6682108E+00
6.763236E-03,-3.4005737E-03,-1.6692026E+00
6.766516E-03,-2.8665161E-03,-1.6661508E+00
6.769796E-03,-4.1635132E-03,-1.6660745E+00
6.773076E-03,-1.6458130E-03,-1.6632516E+00
6.776356E-03,-4.4686890E-03,-1.6600473E+00
6.779636E-03,-3.0191040E-03,-1.6548593E+00
6.782916E-03,-4.3161011E-03,-1.6509683E+00
6.786196E-03,-2.5613403E-03,-1.6444833E+00
6.789476E-03,-3.9346313E-03,-1.6396005E+00
6.792756E-03,-3.7820435E-03,-1.6322000E+00
6.796036E-03,-6.0708618E-03,-1.6254861E+00
6.799316E-03,-5.2316284E-03,-1.6164072E+00
6.802596E-03,-6.0708618E-03,-1.6074045E+00
6.805876E-03,-4.6975708E-03,-1.5955026E+00
6.809156E-03,-6.0708618E-03,-1.5866525E+00
6.812436E-03,-5.5368042E-03,-1.5742929E+00
6.815716E-03,-5.1553345E-03,-1.5631540E+00
6.818996E-03,-4.1635132E-03,-1.5504892E+00
6.822276E-03,-5.6893921E-03,-1.5389688E+00
6.825556E-03,-5.3079224E-03,-1.5242441E+00
6.828836E-03,-6.9100952E-03,-1.5101297E+00
6.832116E-03,-5.2316284E-03,-1.4949472E+00
6.835396E-03,-4.9264526E-03,-1.4788492E+00
6.838676E-03,-5.7656860E-03,-1.4628275E+00
6.841956E-03,-6.9863892E-03,-1.4461191E+00
6.845236E-03,-7.2152710E-03,-1.4278848E+00
6.848516E-03,-8.5885620E-03,-1.4102609E+00
6.851796E-03,-7.7493286E-03,-1.3910349E+00
6.855076E-03,-7.9782104E-03,-1.3708170E+00
6.858356E-03,-7.6730347E-03,-1.3507516E+00
6.861636E-03,-8.2833862E-03,-1.3304575E+00
6.864916E-03,-8.2070923E-03,-1.3088663E+00
6.868196E-03,-8.2833862E-03,-1.2875040E+00
6.871476E-03,-9.2752075E-03,-1.2642343E+00
6.874756E-03,-9.8092651E-03,-1.2414224E+00
6.878036E-03,-9.4277954E-03,-1.2177713E+00
6.881316E-03,-8.2070923E-03,-1.1927469E+00
6.884596E-03,-7.7493286E-03,-1.1694772E+00
6.887876E-03,-7.8256226E-03,-1.1439188E+00
6.891156E-03,-9.9618530E-03,-1.1172159E+00
6.894436E-03,-9.7329712E-03,-1.0914285E+00
6.897716E-03,-1.0495911E-02,-1.0649545E+00
6.900996E-03,-9.7329712E-03,-1.0380228E+00
6.904276E-03,-9.9618530E-03,-1.0107858E+00
6.907556E-03,-1.0114441E-02,-9.8293854E-01
6.910836E-03,-1.0877380E-02,-9.5432831E-01
6.914116E-03,-9.8092651E-03,-9.2533661E-01
6.917396E-03,-1.0114441E-02,-8.9680267E-01
6.920676E-03,-1.0953674E-02,-8.6697174E-01
6.923956E-03,-1.1792908E-02,-8.3706451E-01
6.927236E-03,-1.0953674E-02,-8.0708099E-01
6.930516E-03,-9.8855591E-03,-7.7679230E-01
6.933796E-03,-9.6566772E-03,-7.4505402E-01
6.937076E-03,-1.1487732E-02,-7.1346832E-01
6.940356E-03,-1.1106262E-02,-6.8188263E-01
6.943636E-03,-1.2250671E-02,-6.4983917E-01
6.946916E-03,-9.8855591E-03,-6.1726166E-01
6.950196E-03,-1.1792908E-02,-5.8544708E-01
6.953476E-03,-1.0877380E-02,-5.5294586E-01
6.956756E-03,-1.1335144E-02,-5.1891876E-01
6.960036E-03,-1.1029968E-02,-4.8603607E-01
6.963316E-03,-1.2326965E-02,-4.5231415E-01
6.966596E-03,-1.1792908E-02,-4.1874481E-01
6.969876E-03,-1.4081726E-02,-3.8410736E-01
6.973156E-03,-1.2708435E-02,-3.5084320E-01
6.976436E-03,-1.2861023E-02,-3.1666351E-01
6.979716E-03,-1.1411438E-02,-2.8149200E-01
6.982996E-03,-1.3471375E-02,-2.4708344E-01
6.986276E-03,-1.2479553E-02,-2.1236969E-01
6.989556E-03,-1.3318787E-02,-1.7796112E-01
6.992836E-03,-1.2098083E-02,-1.4248444E-01
6.996116E-03,-1.3089905E-02,-1.0799957E-01
6.999396E-03,-1.2174377E-02,-7.3972473E-02
7.002676E-03,-1.3700256E-02,-4.0250549E-02
7.005956E-03,-1.1564026E-02,-4.2398071E-03
7.009236E-03,-1.3471375E-02,3.0397644E-02
7.012516E-03,-1.2861023E-02,6.5569153E-02
7.015796E-03,-1.5226135E-02,9.8757019E-02
7.019076E-03,-1.4158020E-02,1.3446259E-01
7.022356E-03,-1.4844666E-02,1.6887115E-01
7.025636E-03,-1.3700256E-02,2.0343231E-01
7.028916E-03,-1.5760193E-02,2.3715424E-01
7.032196E-03,-1.3852844E-02,2.7270721E-01
7.035476E-03,-1.5607605E-02,3.0597137E-01
7.038756E-03,-1.4539490E-02,3.4015106E-01
7.042036E-03,-1.6217957E-02,3.7463593E-01
7.045316E-03,-1.4692078E-02,4.0797638E-01
7.048596E-03,-1.5531311E-02,4.4261383E-01
7.051876E-03,-1.4310608E-02,4.7633575E-01
7.055156E-03,-1.4920959E-02,5.0967621E-01
7.058436E-03,-1.4386902E-02,5.4431366E-01
7.061716E-03,-1.6980896E-02,5.7620453E-01
7.064996E-03,-1.5989075E-02,6.1068939E-01
7.068276E-03,-1.7743835E-02,6.4158844E-01
7.071556E-03,-1.6065369E-02,6.7416595E-01
7.074836E-03,-1.7438660E-02,7.0559906E-01
7.078116E-03,-1.5760193E-02,7.3817657E-01
7.081396E-03,-1.7820129E-02,7.6869415E-01
7.084676E-03,-1.5989075E-02,8.0111908E-01
7.087956E-03,-1.7896423E-02,8.3079742E-01
7.091236E-03,-1.7362366E-02,8.6253571E-01
7.094516E-03,-1.8964539E-02,8.9061188E-01
7.097796E-03,-1.6752014E-02,9.2189240E-01
7.101076E-03,-1.7743835E-02,9.5004486E-01
7.104356E-03,-1.5836487E-02,9.7972321E-01
7.107636E-03,-1.7057190E-02,1.0067313E+00
7.110916E-03,-1.7667542E-02,1.0351889E+00
7.114196E-03,-1.8583069E-02,1.0616629E+00
7.117476E-03,-1.6752014E-02,1.0908835E+00
7.120756E-03,-1.8659363E-02,1.1168997E+00
7.124036E-03,-1.8430481E-02,1.1442130E+00
7.127316E-03,-1.9727478E-02,1.1697714E+00
7.130596E-03,-1.7667542E-02,1.1963217E+00
7.133876E-03,-1.9422302E-02,1.2190573E+00
7.137156E-03,-1.9956360E-02,1.2445395E+00
7.140436E-03,-2.2016296E-02,1.2675040E+00
7.143716E-03,-2.0032654E-02,1.2910788E+00
7.146996E-03,-2.0948181E-02,1.3130515E+00
7.150276E-03,-1.9346008E-02,1.3357870E+00
7.153556E-03,-2.1177063E-02,1.3573782E+00
7.156836E-03,-1.9803772E-02,1.3795035E+00
7.160116E-03,-2.0414124E-02,1.3985770E+00
7.163396E-03,-2.0185242E-02,1.4195578E+00
7.166676E-03,-2.0871887E-02,1.4377158E+00
7.169956E-03,-2.0948181E-02,1.4568655E+00
7.173236E-03,-2.1634827E-02,1.4750998E+00
7.176516E-03,-2.0261536E-02,1.4933340E+00
7.179796E-03,-2.0871887E-02,1.5099661E+00
7.183076E-03,-2.0490417E-02,1.5271323E+00
7.186356E-03,-2.2855530E-02,1.5420096E+00
7.189636E-03,-2.2092590E-02,1.5580313E+00
7.192916E-03,-2.2397766E-02,1.5716879E+00
7.196196E-03,-2.1405945E-02,1.5851920E+00
7.199476E-03,-2.2397766E-02,1.5975516E+00
7.202756E-03,-2.3160706E-02,1.6099875E+00
7.206036E-03,-2.3008118E-02,1.6217368E+00
7.209316E-03,-2.3160706E-02,1.6342490E+00
7.212596E-03,-2.3160706E-02,1.6442435E+00
7.215876E-03,-2.2474060E-02,1.6549246E+00
7.219156E-03,-2.2168884E-02,1.6627066E+00
7.222436E-03,-2.1787415E-02,1.6720908E+00
7.225716E-03,-2.1405945E-02,1.6786520E+00
7.228996E-03,-2.2245178E-02,1.6862814E+00
7.232276E-03,-2.3084412E-02,1.6925375E+00
7.235556E-03,-2.3465881E-02,1.6980307E+00
7.238836E-03,-2.2702942E-02,1.7026083E+00
7.242116E-03,-2.3237000E-02,1.7074149E+00
7.245396E-03,-2.2626648E-02,1.7106955E+00
7.248676E-03,-2.2779236E-02,1.7138998E+00
7.251956E-03,-2.3694763E-02,1.7154257E+00
7.255236E-03,-2.4305115E-02,1.7183249E+00
7.258516E-03,-2.3771057E-02,1.7180197E+00
7.261796E-03,-2.4152527E-02,1.7176382E+00
7.265076E-03,-2.3008118E-02,1.7172568E+00
7.268356E-03,-2.2626648E-02,1.7157309E+00
7.271636E-03,-2.2168884E-02,1.7127554E+00
7.274916E-03,-2.3542175E-02,1.7102377E+00
7.278196E-03,-2.4305115E-02,1.7063467E+00
7.281476E-03,-2.4686584E-02,1.7023032E+00
7.284756E-03,-2.3389587E-02,1.6967337E+00
7.288036E-03,-2.3999939E-02,1.6919272E+00
7.291316E-03,-2.2702942E-02,1.6852896E+00
7.294596E-03,-2.4762878E-02,1.6775839E+00
7.297876E-03,-2.3847351E-02,1.6691916E+00
7.301156E-03,-2.5602112E-02,1.6603415E+00
7.304436E-03,-2.4533997E-02,1.6508047E+00
7.307716E-03,-2.6670227E-02,1.6404288E+00
7.310996E-03,-2.6288757E-02,1.6298239E+00
7.314276E-03,-2.6975403E-02,1.6192191E+00
7.317556E-03,-2.4228821E-02,1.6082327E+00
7.320836E-03,-2.5907288E-02,1.5948050E+00
7.324116E-03,-2.4915466E-02,1.5812247E+00
7.327396E-03,-2.5907288E-02,1.5671866E+00
7.330676E-03,-2.5373230E-02,1.5523856E+00
7.333956E-03,-2.6441345E-02,1.5378897E+00
7.337236E-03,-2.5220642E-02,1.5211813E+00
7.340516E-03,-2.6136169E-02,1.5047018E+00
7.343796E-03,-2.5449524E-02,1.4875357E+00
7.347076E-03,-2.6593933E-02,1.4696066E+00
7.350356E-03,-2.5449524E-02,1.4506857E+00
7.353636E-03,-2.8119812E-02,1.4316122E+00
7.356916E-03,-2.7280579E-02,1.4111655E+00
7.360196E-03,-2.8577576E-02,1.3921683E+00
7.363476E-03,-2.8196106E-02,1.3720267E+00
7.366756E-03,-2.8348694E-02,1.3492911E+00
7.370036E-03,-2.7738342E-02,1.3280051E+00
7.373316E-03,-2.9187927E-02,1.3045828E+00
7.376596E-03,-2.8348694E-02,1.2827628E+00
7.379876E-03,-2.9493103E-02,1.2578909E+00
7.383156E-03,-2.8119812E-02,1.2353079E+00
7.386436E-03,-2.9569397E-02,1.2098257E+00
7.389716E-03,-2.7662048E-02,1.1849539E+00
7.392996E-03,-2.8806458E-02,1.1586325E+00
7.396276E-03,-2.7585754E-02,1.1332266E+00
7.399556E-03,-2.9874573E-02,1.1055319E+00
7.402836E-03,-2.9416809E-02,1.0793631E+00
7.406116E-03,-3.0561218E-02,1.0515921E+00
7.409396E-03,-2.9874573E-02,1.0246603E+00
7.412676E-03,-3.0713806E-02,9.9650787E-01
7.415956E-03,-2.8501282E-02,9.6850800E-01
7.419236E-03,-3.0179749E-02,9.3814301E-01
7.422516E-03,-3.0713806E-02,9.0945648E-01
7.425796E-03,-3.1858215E-02,8.7993073E-01
7.429076E-03,-3.0103455E-02,8.5025238E-01
7.432356E-03,-3.0408630E-02,8.1897186E-01
7.435636E-03,-2.9721985E-02,7.8921722E-01
7.438916E-03,-3.0790100E-02,7.5732635E-01
7.442196E-03,-2.8730164E-02,7.2604584E-01
7.445476E-03,-3.0942688E-02,6.9362091E-01
7.448756E-03,-2.9569397E-02,6.6272186E-01
7.452036E-03,-3.1400452E-02,6.3052582E-01
7.455316E-03,-3.0103455E-02,5.9794830E-01
7.458596E-03,-3.0713806E-02,5.6483673E-01
7.461876E-03,-3.0332336E-02,5.3180145E-01
7.465156E-03,-3.1553040E-02,4.9678253E-01
7.468436E-03,-3.0637512E-02,4.6512054E-01
7.471716E-03,-3.3078918E-02,4.3002533E-01
7.474996E-03,-3.2087097E-02,3.9721893E-01
7.478276E-03,-3.3994446E-02,3.6174225E-01
7.481556E-03,-3.2392273E-02,3.2901215E-01
7.484836E-03,-3.3384094E-02,2.9261993E-01
7.488116E-03,-3.1171570E-02,2.5966095E-01
7.491396E-03,-3.3384094E-02,2.2426056E-01
7.494676E-03,-3.1781921E-02,1.9023346E-01
7.497956E-03,-3.3231506E-02,1.5597748E-01
7.501236E-03,-3.2163391E-02,1.2339996E-01
7.504516E-03,-3.3155212E-02,8.7694397E-02
7.507796E-03,-3.1934509E-02,5.3438416E-02
7.511076E-03,-3.3689270E-02,1.7198792E-02
7.514356E-03,-3.2544861E-02,-1.6141663E-02
7.517636E-03,-3.4681091E-02,-5.0550232E-02
7.520916E-03,-3.4223328E-02,-8.5645447E-02
7.524196E-03,-3.5444031E-02,-1.2112213E-01
7.527476E-03,-3.5672913E-02,-1.5476776E-01
7.530756E-03,-3.6283264E-02,-1.9016815E-01
7.534036E-03,-3.5367737E-02,-2.2381378E-01
7.537316E-03,-3.5596619E-02,-2.5883270E-01
7.540596E-03,-3.5825500E-02,-2.9255463E-01
7.543876E-03,-3.6741028E-02,-3.2688690E-01
7.547156E-03,-3.6741028E-02,-3.6076141E-01
7.550436E-03,-3.6206970E-02,-3.9516998E-01
7.553716E-03,-3.6359558E-02,-4.2912079E-01
7.556996E-03,-3.5825500E-02,-4.6230865E-01
7.560276E-03,-3.6130676E-02,-4.9603058E-01
7.563556E-03,-3.6054382E-02,-5.2975250E-01
7.566836E-03,-3.7732849E-02,-5.6271149E-01
7.570116E-03,-3.7046204E-02,-5.9544159E-01
7.573396E-03,-3.7732849E-02,-6.2809540E-01
7.576676E-03,-3.8495789E-02,-6.6097809E-01
7.579956E-03,-3.7961731E-02,-6.9172455E-01
7.583236E-03,-3.8648376E-02,-7.2483612E-01
7.586516E-03,-3.8343201E-02,-7.5588776E-01
7.589796E-03,-3.8572083E-02,-7.8678680E-01
7.593076E-03,-3.9563904E-02,-8.1692291E-01
7.596356E-03,-3.9411316E-02,-8.4683014E-01
7.599636E-03,-3.9640198E-02,-8.7688995E-01
7.602916E-03,-3.9335022E-02,-9.0603424E-01
7.606196E-03,-4.0326843E-02,-9.3456818E-01
7.609476E-03,-3.8648376E-02,-9.6233917E-01
7.612756E-03,-3.9563904E-02,-9.9049164E-01
7.616036E-03,-3.9182434E-02,-1.0191782E+00
7.619316E-03,-4.0326843E-02,-1.0462625E+00
7.622596E-03,-3.9869080E-02,-1.0737283E+00
7.625876E-03,-4.1394958E-02,-1.0992868E+00
7.629156E-03,-3.9563904E-02,-1.1251505E+00
7.632436E-03,-4.0250549E-02,-1.1507089E+00
7.635716E-03,-3.9640198E-02,-1.1750467E+00
7.638996E-03,-4.1013489E-02,-1.1995370E+00
7.642276E-03,-3.9869080E-02,-1.2232645E+00
7.645556E-03,-4.1471252E-02,-1.2466867E+00
7.648836E-03,-4.0708313E-02,-1.2694986E+00
7.652116E-03,-4.2234192E-02,-1.2923868E+00
7.655396E-03,-4.0708313E-02,-1.3135965E+00
7.658676E-03,-4.1318665E-02,-1.3349588E+00
7.661956E-03,-4.0479431E-02,-1.3551767E+00
7.665236E-03,-4.2081604E-02,-1.3748605E+00
7.668516E-03,-4.1166077E-02,-1.3936288E+00
7.671796E-03,-4.2768250E-02,-1.4139993E+00
7.675076E-03,-4.0937195E-02,-1.4315469E+00
7.678356E-03,-4.2234192E-02,-1.4496286E+00
7.681636E-03,-4.0479431E-02,-1.4659555E+00
7.684916E-03,-4.2234192E-02,-1.4835794E+00
7.688196E-03,-4.1318665E-02,-1.4987619E+00
7.691476E-03,-4.3378601E-02,-1.5138681E+00
7.694756E-03,-4.3149719E-02,-1.5281351E+00
7.698036E-03,-4.4217834E-02,-1.5427835E+00
7.701316E-03,-4.2310486E-02,-1.5547617E+00
7.704596E-03,-4.3912659E-02,-1.5665872E+00
7.707876E-03,-4.2844543E-02,-1.5783365E+00
7.711156E-03,-4.4217834E-02,-1.5892465E+00
7.714436E-03,-4.2997131E-02,-1.5988596E+00
7.717716E-03,-4.4141541E-02,-1.6096170E+00
7.720996E-03,-4.3302307E-02,-1.6173227E+00
7.724276E-03,-4.3607483E-02,-1.6267068E+00
7.727556E-03,-4.2005310E-02,-1.6340311E+00
7.730836E-03,-4.3760071E-02,-1.6405161E+00
7.734116E-03,-4.3149719E-02,-1.6455515E+00
7.737396E-03,-4.5133362E-02,-1.6519601E+00
7.740676E-03,-4.4141541E-02,-1.6554697E+00
7.743956E-03,-4.4828186E-02,-1.6606577E+00
7.747236E-03,-4.3836365E-02,-1.6631754E+00
7.750516E-03,-4.5743713E-02,-1.6655405E+00
7.753796E-03,-4.3988953E-02,-1.6669901E+00
7.757076E-03,-4.5591125E-02,-1.6678293E+00
7.760356E-03,-4.4217834E-02,-1.6683633E+00
7.763636E-03,-4.5591125E-02,-1.6676767E+00
7.766916E-03,-4.4751892E-02,-1.6656931E+00
7.770196E-03,-4.5896301E-02,-1.6645486E+00
7.773476E-03,-4.3378601E-02,-1.6616495E+00
7.776756E-03,-4.5285950E-02,-1.6590555E+00
7.780036E-03,-4.3378601E-02,-1.6538675E+00
7.783316E-03,-4.4599304E-02,-1.6500528E+00
7.786596E-03,-4.3683777E-02,-1.6438730E+00
7.789876E-03,-4.6430359E-02,-1.6384561E+00
7.793156E-03,-4.4599304E-02,-1.6305215E+00
7.796436E-03,-4.5667419E-02,-1.6238077E+00
7.799716E-03,-4.3912659E-02,-1.6149576E+00
7.802996E-03,-4.5972595E-02,-1.6059549E+00
7.806276E-03,-4.4523010E-02,-1.5942819E+00
7.809556E-03,-4.6201477E-02,-1.5852029E+00
7.812836E-03,-4.4828186E-02,-1.5735300E+00
7.816116E-03,-4.7040710E-02,-1.5622385E+00
7.819396E-03,-4.4523010E-02,-1.5494211E+00
7.822676E-03,-4.6277771E-02,-1.5371378E+00
7.825956E-03,-4.4828186E-02,-1.5223367E+00
7.829236E-03,-4.5438538E-02,-1.5087564E+00
7.832516E-03,-4.4141541E-02,-1.4917429E+00
7.835796E-03,-4.5591125E-02,-1.4770944E+00
7.839076E-03,-4.4675598E-02,-1.4593942E+00
7.842356E-03,-4.6354065E-02,-1.4432962E+00
7.845636E-03,-4.4599304E-02,-1.4242990E+00
7.848916E-03,-4.5743713E-02,-1.4063699E+00
7.852196E-03,-4.5285950E-02,-1.3863809E+00
7.855476E-03,-4.6354065E-02,-1.3668497E+00
7.858756E-03,-4.5362244E-02,-1.3459451E+00
7.862036E-03,-4.6964417E-02,-1.3270242E+00
7.865316E-03,-4.6354065E-02,-1.3043649E+00
7.868596E-03,-4.6811829E-02,-1.2826974E+00
7.871876E-03,-4.5820007E-02,-1.2592752E+00
7.875156E-03,-4.6277771E-02,-1.2377603E+00
7.878436E-03,-4.6048889E-02,-1.2135751E+00
7.881716E-03,-4.6659241E-02,-1.1901529E+00
7.884996E-03,-4.6277771E-02,-1.1644418E+00
7.888276E-03,-4.7040710E-02,-1.1407907E+00
7.891556E-03,-4.5591125E-02,-1.1141641E+00
7.894836E-03,-4.6354065E-02,-1.0886057E+00
7.898116E-03,-4.5667419E-02,-1.0623605E+00
7.901396E-03,-4.6125183E-02,-1.0346658E+00
7.904676E-03,-4.6659241E-02,-1.0067422E+00
7.907956E-03,-4.7040710E-02,-9.7897125E-01
7.911236E-03,-4.7803650E-02,-9.5036102E-01
7.914516E-03,-4.8185120E-02,-9.2197968E-01
7.917796E-03,-4.7574768E-02,-8.9230133E-01
7.921076E-03,-4.7574768E-02,-8.6407257E-01
7.924356E-03,-4.7727356E-02,-8.3363129E-01
7.927636E-03,-4.8490295E-02,-8.0410553E-01
7.930916E-03,-4.8337708E-02,-7.7313019E-01
7.934196E-03,-4.8414001E-02,-7.4154449E-01
7.937476E-03,-4.8795471E-02,-7.0980621E-01
7.940756E-03,-4.8795471E-02,-6.7844940E-01
7.944036E-03,-4.8414001E-02,-6.4663483E-01
7.947316E-03,-4.8032532E-02,-6.1428619E-01
7.950596E-03,-4.7879944E-02,-5.8193756E-01
7.953876E-03,-4.7117004E-02,-5.4844452E-01
7.957156E-03,-4.8261414E-02,-5.1487518E-01
7.960436E-03,-4.7956238E-02,-4.8183990E-01
7.963716E-03,-4.7651062E-02,-4.4819427E-01
7.966996E-03,-4.7040710E-02,-4.1477753E-01
7.970276E-03,-4.7803650E-02,-3.7998749E-01
7.973556E-03,-4.7956238E-02,-3.4626556E-01
7.976836E-03,-4.8795471E-02,-3.1239105E-01
7.980116E-03,-4.7956238E-02,-2.7836395E-01
7.983396E-03,-4.9939880E-02,-2.4365021E-01
7.986676E-03,-4.8490295E-02,-2.0947052E-01
7.989956E-03,-5.0168762E-02,-1.7414642E-01
7.993236E-03,-4.8871765E-02,-1.3950897E-01
7.996516E-03,-4.8337708E-02,-1.0426117E-01
7.999796E-03,-4.7117004E-02,-7.0081482E-02
8.003076E-03,-4.8185120E-02,-3.4604797E-02
8.006356E-03,-4.7574768E-02,-2.7252197E-04
8.009636E-03,-4.8642883E-02,3.5204163E-02
8.012916E-03,-4.7117004E-02,6.9612732E-02
8.016196E-03,-4.7574768E-02,1.0333466E-01
8.019476E-03,-4.6811829E-02,1.3812469E-01
8.022756E-03,-4.7117004E-02,1.7222809E-01
8.026036E-03,-4.7117004E-02,2.0656036E-01
8.029316E-03,-4.9024353E-02,2.4112152E-01
8.032596E-03,-4.7803650E-02,2.7553009E-01
8.035876E-03,-4.9024353E-02,3.0970978E-01
8.039156E-03,-4.6964417E-02,3.4381317E-01
8.042436E-03,-4.8948059E-02,3.7814545E-01
8.045716E-03,-4.7956238E-02,4.1224884E-01
8.048996E-03,-4.9863586E-02,4.4703888E-01
8.052276E-03,-4.7956238E-02,4.8091339E-01
8.055556E-03,-4.8566589E-02,5.1440643E-01
8.058836E-03,-4.8795471E-02,5.4789948E-01
8.062116E-03,-4.9558411E-02,5.8070587E-01
8.065396E-03,-4.7345886E-02,6.1351227E-01
8.068676E-03,-4.7879944E-02,6.4532684E-01
8.071956E-03,-4.7574768E-02,6.7737030E-01
8.075236E-03,-4.8490295E-02,7.0964264E-01
8.078516E-03,-4.8185120E-02,7.4061798E-01
8.081796E-03,-5.0321350E-02,7.7273773E-01
8.085076E-03,-4.9558411E-02,8.0401825E-01
8.088356E-03,-5.0168762E-02,8.3430695E-01
8.091636E-03,-4.8795471E-02,8.6512970E-01
8.094916E-03,-4.9939880E-02,8.9435028E-01
8.098196E-03,-4.8795471E-02,9.2555450E-01
8.101476E-03,-5.0550232E-02,9.5378326E-01
8.104756E-03,-4.8261414E-02,9.8246979E-01
8.108036E-03,-4.9634705E-02,1.0100882E+00
8.111316E-03,-4.8948059E-02,1.0383932E+00
8.114596E-03,-4.9024353E-02,1.0653250E+00
8.117876E-03,-4.7345886E-02,1.0933249E+00
8.121156E-03,-4.9024353E-02,1.1203329E+00
8.124436E-03,-4.7574768E-02,1.1468069E+00
8.127716E-03,-4.9405823E-02,1.1723654E+00
8.130996E-03,-4.8261414E-02,1.1975424E+00
8.134276E-03,-4.9405823E-02,1.2214224E+00
8.137556E-03,-4.8032532E-02,1.2462943E+00
8.140836E-03,-4.9558411E-02,1.2700980E+00
8.144116E-03,-4.8261414E-02,1.2937491E+00
8.147396E-03,-5.0473938E-02,1.3159506E+00
8.150676E-03,-4.9558411E-02,1.3383047E+00
8.153956E-03,-5.1465759E-02,1.3585989E+00
8.157236E-03,-5.0473938E-02,1.3802664E+00
8.160516E-03,-5.1618347E-02,1.4011710E+00
8.163796E-03,-4.8337708E-02,1.4219992E+00
8.167076E-03,-4.9634705E-02,1.4401572E+00
8.170356E-03,-4.7269592E-02,1.4597647E+00
8.173636E-03,-4.9482117E-02,1.4776938E+00
8.176916E-03,-4.9176941E-02,1.4957755E+00
8.180196E-03,-5.0245056E-02,1.5116446E+00
8.183476E-03,-4.8566589E-02,1.5294211E+00
8.186756E-03,-5.0092468E-02,1.5439169E+00
8.190036E-03,-4.8719177E-02,1.5595572E+00
8.193316E-03,-5.0931702E-02,1.5732901E+00
8.196596E-03,-4.8948059E-02,1.5878622E+00
8.199876E-03,-5.0245056E-02,1.5994589E+00
8.203156E-03,-4.8948059E-02,1.6129630E+00
8.206436E-03,-5.0473938E-02,1.6231863E+00
8.209716E-03,-4.9939880E-02,1.6363089E+00
8.212996E-03,-4.9787292E-02,1.6450827E+00
8.216276E-03,-4.8948059E-02,1.6558401E+00
8.219556E-03,-5.0626526E-02,1.6641562E+00
8.222836E-03,-4.9329529E-02,1.6728537E+00
8.226116E-03,-4.9176941E-02,1.6797964E+00
8.229396E-03,-4.7651062E-02,1.6871970E+00
8.232676E-03,-4.8414001E-02,1.6930716E+00
8.235956E-03,-4.7117004E-02,1.6985648E+00
8.239236E-03,-4.8719177E-02,1.7032187E+00
8.242516E-03,-4.7269592E-02,1.7083304E+00
8.245796E-03,-4.8032532E-02,1.7110770E+00
8.249076E-03,-4.8719177E-02,1.7137473E+00
8.252356E-03,-4.9405823E-02,1.7154257E+00
8.255636E-03,-4.7345886E-02,1.7177145E+00
8.258916E-03,-4.8719177E-02,1.7176382E+00
8.262196E-03,-4.7956238E-02,1.7171805E+00
8.265476E-03,-4.9024353E-02,1.7162650E+00
8.268756E-03,-4.8490295E-02,1.7145102E+00
8.272036E-03,-4.9787292E-02,1.7123740E+00
8.275316E-03,-4.9329529E-02,1.7097800E+00
8.278596E-03,-5.0092468E-02,1.7061942E+00
8.281876E-03,-4.9329529E-02,1.7009299E+00
8.285156E-03,-4.8871765E-02,1.6950552E+00
8.288436E-03,-4.9024353E-02,1.6895621E+00
8.291716E-03,-4.8795471E-02,1.6831534E+00
8.294996E-03,-4.8108826E-02,1.6765158E+00
8.298276E-03,-4.8566589E-02,1.6682761E+00
8.301556E-03,-4.9405823E-02,1.6593497E+00
8.304836E-03,-4.8948059E-02,1.6498129E+00
8.308116E-03,-4.9253235E-02,1.6392844E+00
8.311396E-03,-4.7651062E-02,1.6282217E+00
8.314676E-03,-4.9253235E-02,1.6167776E+00
8.317956E-03,-4.9405823E-02,1.6051810E+00
8.321236E-03,-5.0779114E-02,1.5928976E+00
8.324516E-03,-4.9863586E-02,1.5793173E+00
8.327796E-03,-5.1465759E-02,1.5649741E+00
8.331076E-03,-4.9558411E-02,1.5500967E+00
8.334356E-03,-5.0473938E-02,1.5349142E+00
8.337636E-03,-4.8490295E-02,1.5195792E+00
8.340916E-03,-4.9634705E-02,1.5027182E+00
8.344196E-03,-4.9634705E-02,1.4837973E+00
8.347476E-03,-4.9863586E-02,1.4658682E+00
8.350756E-03,-4.9024353E-02,1.4477866E+00
8.354036E-03,-4.9710999E-02,1.4290182E+00
8.357316E-03,-4.8871765E-02,1.4088766E+00
8.360596E-03,-4.9863586E-02,1.3881247E+00
8.363876E-03,-4.8795471E-02,1.3673727E+00
8.367156E-03,-5.0855408E-02,1.3461630E+00
8.370436E-03,-4.9634705E-02,1.3237326E+00
8.373716E-03,-5.1465759E-02,1.3011496E+00
8.376996E-03,-5.0397644E-02,1.2780325E+00
8.380276E-03,-5.1007996E-02,1.2551443E+00
8.383556E-03,-5.0855408E-02,1.2309592E+00
8.386836E-03,-5.1770935E-02,1.2066977E+00
8.390116E-03,-5.0168762E-02,1.1810629E+00
8.393396E-03,-5.1847229E-02,1.1558096E+00
8.396676E-03,-5.0016174E-02,1.1295645E+00
8.399956E-03,-5.1313171E-02,1.1029379E+00
8.403236E-03,-4.9253235E-02,1.0757010E+00
8.406516E-03,-5.1465759E-02,1.0472433E+00
8.409796E-03,-4.9710999E-02,1.0199301E+00
8.413076E-03,-5.1236877E-02,9.9124359E-01
8.416356E-03,-5.0626526E-02,9.6324371E-01
8.419636E-03,-5.2076111E-02,9.3455719E-01
8.422916E-03,-5.1618347E-02,9.0510773E-01
8.426196E-03,-5.0779114E-02,8.7596344E-01
8.429476E-03,-4.6735535E-02,8.4544586E-01
8.432756E-03,-4.9558411E-02,8.1454681E-01
8.436036E-03,-4.8719177E-02,7.8494476E-01
8.439316E-03,-5.0321350E-02,7.5297760E-01
8.442596E-03,-4.9100647E-02,7.2207855E-01
8.445876E-03,-5.0931702E-02,6.8934845E-01
8.449156E-03,-4.8871765E-02,6.5768646E-01
8.452436E-03,-4.9863586E-02,6.2533783E-01
8.455716E-03,-4.9024353E-02,5.9283661E-01
8.458996E-03,-5.0550232E-02,5.5941986E-01
8.462276E-03,-4.9176941E-02,5.2691864E-01
8.465556E-03,-5.1313171E-02,4.9334930E-01
8.468836E-03,-4.9863586E-02,4.5939850E-01
8.472116E-03,-5.1160583E-02,4.2460846E-01
8.475396E-03,-4.9100647E-02,3.9134430E-01
8.478676E-03,-5.1160583E-02,3.5640167E-01
8.481956E-03,-4.9634705E-02,3.2275604E-01
8.485236E-03,-5.1770935E-02,2.8750824E-01
8.488516E-03,-5.0931702E-02,2.5401520E-01
8.491796E-03,-5.2610168E-02,2.1907257E-01
8.495076E-03,-5.1694641E-02,1.8596100E-01
8.498356E-03,-5.3144226E-02,1.5033173E-01
8.501636E-03,-5.1236877E-02,1.1638092E-01
8.504916E-03,-5.1847229E-02,8.1743469E-02
8.508196E-03,-4.9787292E-02,4.7945251E-02
8.511476E-03,-5.1923523E-02,1.2697449E-02
8.514756E-03,-5.0855408E-02,-2.0566711E-02
8.518036E-03,-5.2610168E-02,-5.6806335E-02
8.521316E-03,-5.0779114E-02,-8.9689026E-02
8.524596E-03,-5.2610168E-02,-1.2592865E-01
8.527876E-03,-5.1160583E-02,-1.5934540E-01
8.531156E-03,-5.2839050E-02,-1.9512726E-01
8.534436E-03,-5.0702820E-02,-2.2915436E-01
8.537716E-03,-5.4212341E-02,-2.6394440E-01
8.540996E-03,-5.2228699E-02,-2.9720856E-01
8.544276E-03,-5.4593811E-02,-3.3222748E-01
8.547556E-03,-5.2457581E-02,-3.6564423E-01
8.550836E-03,-5.4136047E-02,-4.0089203E-01
8.554116E-03,-5.3067932E-02,-4.3407990E-01
8.557396E-03,-5.4364929E-02,-4.6848846E-01
8.560676E-03,-5.3449402E-02,-5.0121857E-01
8.563956E-03,-5.4593811E-02,-5.3547455E-01
8.567236E-03,-5.3983459E-02,-5.6706024E-01
8.570516E-03,-5.4517517E-02,-6.0078217E-01
8.573796E-03,-5.2610168E-02,-6.3236786E-01
8.577076E-03,-5.3525696E-02,-6.6509796E-01
8.580356E-03,-5.3678284E-02,-6.9630219E-01
8.583636E-03,-5.4212341E-02,-7.2819305E-01
8.586916E-03,-5.3449402E-02,-7.5939728E-01
8.590196E-03,-5.4593811E-02,-7.9037262E-01
8.593476E-03,-5.4364929E-02,-8.2134796E-01
8.596756E-03,-5.4670105E-02,-8.5125519E-01
8.600036E-03,-5.3754578E-02,-8.7986542E-01
8.603316E-03,-5.4822693E-02,-9.0984894E-01
8.606596E-03,-5.4822693E-02,-9.3777252E-01
8.609876E-03,-5.5051575E-02,-9.6668793E-01
8.613156E-03,-5.4822693E-02,-9.9522186E-01
8.616436E-03,-5.4288635E-02,-1.0229929E+00
8.619716E-03,-5.3830872E-02,-1.0500009E+00
8.622996E-03,-5.3830872E-02,-1.0763986E+00
8.626276E-03,-5.3907166E-02,-1.1031015E+00
8.629556E-03,-5.3678284E-02,-1.1288126E+00
8.632836E-03,-5.3907166E-02,-1.1539896E+00
8.636116E-03,-5.4593811E-02,-1.1787851E+00
8.639396E-03,-5.4364929E-02,-1.2029703E+00
8.642676E-03,-5.3983459E-02,-1.2264688E+00
8.645956E-03,-5.4517517E-02,-1.2495859E+00
8.649236E-03,-5.4288635E-02,-1.2727792E+00
8.652516E-03,-5.4593811E-02,-1.2952097E+00
8.655796E-03,-5.5585632E-02,-1.3171060E+00
8.659076E-03,-5.6730042E-02,-1.3386972E+00
8.662356E-03,-5.6501160E-02,-1.3590677E+00
8.665636E-03,-5.7492981E-02,-1.3791330E+00
8.668916E-03,-5.6577454E-02,-1.3988931E+00
8.672196E-03,-5.6958923E-02,-1.4168985E+00
8.675476E-03,-5.5967102E-02,-1.4352090E+00
8.678756E-03,-5.6195984E-02,-1.4521463E+00
8.682036E-03,-5.6195984E-02,-1.4688547E+00
8.685316E-03,-5.6043396E-02,-1.4857156E+00
8.688596E-03,-5.6043396E-02,-1.5013559E+00
8.691876E-03,-5.6806335E-02,-1.5157755E+00
8.695156E-03,-5.5280457E-02,-1.5297372E+00
8.698436E-03,-5.6424866E-02,-1.5433939E+00
8.701716E-03,-5.6119690E-02,-1.5564401E+00
8.704996E-03,-5.7492981E-02,-1.5678079E+00
8.708276E-03,-5.6806335E-02,-1.5799387E+00
8.711556E-03,-5.7950745E-02,-1.5906961E+00
8.714836E-03,-5.6501160E-02,-1.6006143E+00
8.718116E-03,-5.8408508E-02,-1.6102274E+00
8.721396E-03,-5.7569275E-02,-1.6197641E+00
8.724676E-03,-5.7950745E-02,-1.6266306E+00
8.727956E-03,-5.6958923E-02,-1.6343362E+00
8.731236E-03,-5.9171448E-02,-1.6413553E+00
8.734516E-03,-5.8103333E-02,-1.6467722E+00
8.737796E-03,-5.9781799E-02,-1.6531046E+00
8.741076E-03,-5.7264099E-02,-1.6559274E+00
8.744356E-03,-5.7950745E-02,-1.6605814E+00
8.747636E-03,-5.7645569E-02,-1.6632516E+00
8.750916E-03,-5.8027039E-02,-1.6662271E+00
8.754196E-03,-5.7874451E-02,-1.6667612E+00
8.757476E-03,-5.9781799E-02,-1.6685159E+00
8.760756E-03,-5.8637390E-02,-1.6681345E+00
8.764036E-03,-6.0010681E-02,-1.6683633E+00
8.767316E-03,-5.8866272E-02,-1.6661508E+00
8.770596E-03,-6.0468445E-02,-1.6643198E+00
8.773876E-03,-5.9247742E-02,-1.6611154E+00
8.777156E-03,-6.0773621E-02,-1.6578348E+00
8.780436E-03,-5.9095154E-02,-1.6529520E+00
8.783716E-03,-6.0621033E-02,-1.6489084E+00
8.786996E-03,-5.9858093E-02,-1.6429575E+00
8.790276E-03,-6.0163269E-02,-1.6377695E+00
8.793556E-03,-5.9095154E-02,-1.6296060E+00
8.796836E-03,-6.0697327E-02,-1.6225107E+00
8.800116E-03,-5.9247742E-02,-1.6138895E+00
8.803396E-03,-6.1231384E-02,-1.6054971E+00
8.806676E-03,-6.0163269E-02,-1.5948923E+00
8.809956E-03,-6.1918030E-02,-1.5848978E+00
8.813236E-03,-5.9781799E-02,-1.5722330E+00
8.816516E-03,-6.1231384E-02,-1.5615518E+00
8.819796E-03,-6.0849915E-02,-1.5477426E+00
8.823076E-03,-6.2146912E-02,-1.5358408E+00
8.826356E-03,-6.1231384E-02,-1.5204294E+00
8.829636E-03,-6.3596497E-02,-1.5069254E+00
8.832916E-03,-6.2680969E-02,-1.4901407E+00
8.836196E-03,-6.4206848E-02,-1.4754160E+00
8.839476E-03,-6.1689148E-02,-1.4578683E+00
8.842756E-03,-6.2833557E-02,-1.4414651E+00
8.846036E-03,-6.1841736E-02,-1.4231546E+00
8.849316E-03,-6.4054260E-02,-1.4051492E+00
8.852596E-03,-6.2986145E-02,-1.3849313E+00
8.855876E-03,-6.5198669E-02,-1.3663919E+00
8.859156E-03,-6.4054260E-02,-1.3458688E+00
8.862436E-03,-6.4435730E-02,-1.3251169E+00
8.865716E-03,-6.3672791E-02,-1.3030679E+00
8.868996E-03,-6.4969788E-02,-1.2820871E+00
8.872276E-03,-6.3901672E-02,-1.2585123E+00
8.875556E-03,-6.6648254E-02,-1.2357767E+00
8.878836E-03,-6.5580139E-02,-1.2106760E+00
8.882116E-03,-6.7334900E-02,-1.1866434E+00
8.885396E-03,-6.5351257E-02,-1.1619241E+00
8.888676E-03,-6.6800842E-02,-1.1373575E+00
8.891956E-03,-6.6114197E-02,-1.1107309E+00
8.895236E-03,-6.7334900E-02,-1.0858591E+00
8.898516E-03,-6.6953430E-02,-1.0578592E+00
8.901796E-03,-6.8631897E-02,-1.0323770E+00
8.905076E-03,-6.7258606E-02,-1.0039194E+00
8.908356E-03,-6.8784485E-02,-9.7698761E-01
8.911636E-03,-6.7258606E-02,-9.4845367E-01
8.914916E-03,-6.8174133E-02,-9.1976715E-01
8.918196E-03,-6.7258606E-02,-8.8970734E-01
8.921476E-03,-6.9013367E-02,-8.6163116E-01
8.924756E-03,-6.8403015E-02,-8.3042694E-01
8.928036E-03,-7.1454773E-02,-8.0074860E-01
8.931316E-03,-6.9928894E-02,-7.6984955E-01
8.934596E-03,-7.0691833E-02,-7.3902679E-01
8.937876E-03,-6.8937073E-02,-7.0683075E-01
8.941156E-03,-7.0691833E-02,-6.7570282E-01
8.944436E-03,-7.1531067E-02,-6.4190460E-01
8.947716E-03,-7.2599182E-02,-6.1138702E-01
8.950996E-03,-7.2217712E-02,-5.7812286E-01
8.954276E-03,-7.2904358E-02,-5.4585052E-01
8.957556E-03,-7.2217712E-02,-5.1258636E-01
8.960836E-03,-7.2370300E-02,-4.7993256E-01
8.964116E-03,-7.1836243E-02,-4.4552399E-01
8.967396E-03,-7.3972473E-02,-4.1302277E-01
8.970676E-03,-7.3285828E-02,-3.7746979E-01
8.973956E-03,-7.3667297E-02,-3.4390045E-01
8.977236E-03,-7.4048767E-02,-3.0872894E-01
8.980516E-03,-7.3514709E-02,-2.7493073E-01
8.983796E-03,-7.5040588E-02,-2.4059845E-01
8.987076E-03,-7.4582825E-02,-2.0542694E-01
8.990356E-03,-7.5422058E-02,-1.7124725E-01
8.993636E-03,-7.6108704E-02,-1.3729645E-01
8.996916E-03,-7.7176819E-02,-1.0220123E-01
9.000196E-03,-7.7939758E-02,-6.7563782E-02
9.003476E-03,-7.8168640E-02,-3.2544861E-02
9.006756E-03,-7.7939758E-02,1.7111206E-03
9.010036E-03,-7.8550110E-02,3.7111511E-02
9.013316E-03,-7.7405701E-02,7.2359314E-02
9.016596E-03,-7.7710876E-02,1.0646271E-01
9.019876E-03,-7.8092346E-02,1.4155792E-01
9.023156E-03,-7.8473816E-02,1.7543243E-01
9.026436E-03,-7.8473816E-02,2.0938324E-01
9.029716E-03,-8.0152283E-02,2.4417328E-01
9.032996E-03,-8.0152283E-02,2.7873444E-01
9.036276E-03,-8.1144104E-02,3.1260895E-01
9.039556E-03,-7.9618225E-02,3.4739899E-01
9.042836E-03,-8.1601868E-02,3.8119720E-01
9.046116E-03,-8.1754456E-02,4.1613983E-01
9.049396E-03,-8.3509216E-02,4.4963287E-01
9.052676E-03,-8.1983337E-02,4.8358368E-01
9.055956E-03,-8.4272156E-02,5.1700043E-01
9.059236E-03,-8.3127747E-02,5.5056976E-01
9.062516E-03,-8.4806213E-02,5.8322357E-01
9.065796E-03,-8.3966980E-02,6.1580109E-01
9.069076E-03,-8.5111389E-02,6.4830231E-01
9.072356E-03,-8.5416565E-02,6.8049835E-01
9.075636E-03,-8.6484680E-02,7.1254181E-01
9.078916E-03,-8.4424744E-02,7.4519562E-01
9.082196E-03,-8.5721741E-02,7.7708649E-01
9.085476E-03,-8.5263977E-02,8.0722260E-01
9.088756E-03,-8.6332092E-02,8.3774017E-01
9.092036E-03,-8.6713562E-02,8.6856293E-01
9.095316E-03,-8.9002380E-02,8.9763092E-01
9.098596E-03,-8.8010559E-02,9.2746185E-01
9.101876E-03,-8.9307556E-02,9.5637726E-01
9.105156E-03,-8.8926086E-02,9.8544525E-01
9.108436E-03,-8.9994202E-02,1.0144370E+00
9.111716E-03,-8.9231262E-02,1.0415213E+00
9.114996E-03,-9.0604553E-02,1.0679953E+00
9.118276E-03,-9.0757141E-02,1.0953848E+00
9.121556E-03,-9.2511902E-02,1.1221640E+00
9.124836E-03,-9.1062317E-02,1.1494772E+00
9.128116E-03,-9.2359314E-02,1.1751120E+00
9.131396E-03,-9.0909729E-02,1.2005179E+00
9.134676E-03,-9.3122253E-02,1.2250082E+00
9.137956E-03,-9.1596375E-02,1.2490408E+00
9.141236E-03,-9.2969666E-02,1.2724631E+00
9.144516E-03,-9.1901550E-02,1.2957327E+00
9.147796E-03,-9.3427429E-02,1.3180869E+00
9.151076E-03,-9.1901550E-02,1.3412802E+00
9.154356E-03,-9.4190369E-02,1.3621848E+00
9.157636E-03,-9.2664490E-02,1.3844626E+00
9.160916E-03,-9.5411072E-02,1.4039938E+00
9.164196E-03,-9.4114075E-02,1.4253561E+00
9.167476E-03,-9.7165833E-02,1.4438956E+00
9.170756E-03,-9.6860657E-02,1.4626639E+00
9.174036E-03,-9.8081360E-02,1.4807455E+00
9.177316E-03,-9.6860657E-02,1.4990561E+00
9.180596E-03,-9.8310242E-02,1.5150015E+00
9.183876E-03,-9.5792542E-02,1.5317099E+00
9.187156E-03,-9.8157654E-02,1.5474265E+00
9.190436E-03,-9.6860657E-02,1.5629141E+00
9.193716E-03,-9.9149475E-02,1.5754263E+00
9.196996E-03,-9.7928772E-02,1.5902274E+00
9.200276E-03,-9.9378357E-02,1.6031973E+00
9.203556E-03,-9.7547302E-02,1.6154807E+00
9.206836E-03,-9.9530945E-02,1.6256277E+00
9.210116E-03,-9.8615417E-02,1.6382925E+00
9.213396E-03,-1.0059906E-01,1.6470663E+00
9.216676E-03,-9.9988708E-02,1.6579764E+00
9.219956E-03,-1.0220123E-01,1.6653769E+00
9.223236E-03,-1.0105682E-01,1.6741507E+00
9.226516E-03,-1.0296417E-01,1.6807120E+00
9.229796E-03,-1.0220123E-01,1.6887228E+00
9.233076E-03,-1.0342194E-01,1.6936819E+00
9.236356E-03,-1.0189606E-01,1.6996329E+00
9.239636E-03,-1.0365082E-01,1.7037527E+00
9.242916E-03,-1.0143829E-01,1.7081015E+00
9.246196E-03,-1.0403229E-01,1.7097800E+00
9.249476E-03,-1.0204865E-01,1.7133658E+00
9.252756E-03,-1.0365082E-01,1.7155783E+00
9.256036E-03,-1.0159088E-01,1.7168753E+00
9.259316E-03,-1.0372711E-01,1.7165701E+00
9.262596E-03,-1.0349823E-01,1.7172568E+00
9.265876E-03,-1.0685516E-01,1.7148154E+00
9.269156E-03,-1.0548187E-01,1.7142050E+00
9.272436E-03,-1.0632111E-01,1.7107718E+00
9.275716E-03,-1.0586334E-01,1.7095511E+00
9.278996E-03,-1.0731293E-01,1.7039053E+00
9.282276E-03,-1.0746552E-01,1.7000906E+00
9.285556E-03,-1.0822845E-01,1.6942160E+00
9.288836E-03,-1.0891510E-01,1.6886465E+00
9.292116E-03,-1.0830475E-01,1.6813223E+00
9.295396E-03,-1.0777069E-01,1.6746085E+00
9.298676E-03,-1.0838104E-01,1.6653006E+00
9.301956E-03,-1.0799957E-01,1.6571371E+00
9.305236E-03,-1.0922028E-01,1.6468375E+00
9.308516E-03,-1.0929657E-01,1.6377585E+00
9.311796E-03,-1.1021210E-01,1.6262381E+00
9.315076E-03,-1.0975433E-01,1.6151755E+00
9.318356E-03,-1.1005951E-01,1.6036551E+00
9.321636E-03,-1.1013580E-01,1.5906088E+00
9.324916E-03,-1.1066986E-01,1.5771048E+00
9.328196E-03,-1.1074615E-01,1.5631430E+00
9.331476E-03,-1.1112762E-01,1.5476553E+00
9.334756E-03,-1.1257721E-01,1.5335410E+00
9.338036E-03,-1.1219574E-01,1.5165274E+00
9.341316E-03,-1.1242462E-01,1.5000479E+00
9.344596E-03,-1.1250092E-01,1.4822714E+00
9.347876E-03,-1.1265350E-01,1.4642661E+00
9.351156E-03,-1.1257721E-01,1.4456503E+00
9.354436E-03,-1.1311127E-01,1.4265768E+00
9.357716E-03,-1.1295868E-01,1.4066641E+00
9.360996E-03,-1.1334015E-01,1.3858359E+00
9.364276E-03,-1.1356903E-01,1.3652365E+00
9.367556E-03,-1.1334015E-01,1.3431876E+00
9.370836E-03,-1.1318756E-01,1.3217490E+00
9.374116E-03,-1.1425568E-01,1.2990897E+00
9.377396E-03,-1.1356903E-01,1.2759726E+00
9.380676E-03,-1.1402679E-01,1.2523978E+00
9.383956E-03,-1.1402679E-01,1.2281363E+00
9.387236E-03,-1.1517120E-01,1.2043326E+00
9.390516E-03,-1.1478973E-01,1.1790793E+00
9.393796E-03,-1.1623932E-01,1.1531393E+00
9.397076E-03,-1.1501862E-01,1.1271231E+00
9.400356E-03,-1.1585785E-01,1.1001913E+00
9.403636E-03,-1.1593414E-01,1.0731833E+00
9.406916E-03,-1.1623932E-01,1.0454886E+00
9.410196E-03,-1.1585785E-01,1.0173361E+00
9.413476E-03,-1.1639191E-01,9.8918365E-01
9.416756E-03,-1.1570526E-01,9.6064972E-01
9.420036E-03,-1.1723114E-01,9.3181061E-01
9.423316E-03,-1.1532379E-01,9.0243744E-01
9.426596E-03,-1.1692596E-01,8.7314056E-01
9.429876E-03,-1.1608673E-01,8.4231781E-01
9.433156E-03,-1.1791779E-01,8.1195282E-01
9.436436E-03,-1.1784149E-01,7.8135895E-01
9.439716E-03,-1.1860443E-01,7.5007843E-01
9.442996E-03,-1.1791779E-01,7.1765350E-01
9.446276E-03,-1.1929108E-01,6.8553375E-01
9.449556E-03,-1.1829926E-01,6.5326141E-01
9.452836E-03,-1.1913849E-01,6.2190460E-01
9.456116E-03,-1.1837555E-01,5.8879303E-01
9.459396E-03,-1.2104584E-01,5.5621552E-01
9.462676E-03,-1.1982513E-01,5.2318024E-01
9.465956E-03,-1.2104584E-01,4.9014496E-01
9.469236E-03,-1.1852814E-01,4.5619415E-01
9.472516E-03,-1.1982513E-01,4.2163300E-01
9.475796E-03,-1.1951996E-01,3.8813995E-01
9.479076E-03,-1.1974884E-01,3.5296844E-01
9.482356E-03,-1.1868073E-01,3.1993317E-01
9.485636E-03,-1.2058807E-01,2.8483795E-01
9.488916E-03,-1.1883331E-01,2.5035309E-01
9.492196E-03,-1.1974884E-01,2.1563934E-01
9.495476E-03,-1.1951996E-01,1.8191742E-01
9.498756E-03,-1.2157990E-01,1.4773773E-01
9.502036E-03,-1.2089325E-01,1.1401581E-01
9.505316E-03,-1.2318207E-01,7.9607239E-02
9.508596E-03,-1.2165619E-01,4.4817200E-02
9.511876E-03,-1.2302948E-01,9.8745728E-03
9.515156E-03,-1.2066437E-01,-2.4610291E-02
9.518436E-03,-1.2280060E-01,-5.9247742E-02
9.521716E-03,-1.2196136E-01,-9.3427429E-02
9.524996E-03,-1.2219025E-01,-1.2882782E-01
9.528276E-03,-1.2180878E-01,-1.6331268E-01
9.531556E-03,-1.2295319E-01,-1.9932343E-01
9.534836E-03,-1.2249542E-01,-2.3266388E-01
9.538116E-03,-1.2325836E-01,-2.6791168E-01
9.541396E-03,-1.2211395E-01,-3.0125214E-01
9.544676E-03,-1.2348724E-01,-3.3634735E-01
9.547956E-03,-1.2234283E-01,-3.7022186E-01
9.551236E-03,-1.2356354E-01,-4.0463043E-01
9.554516E-03,-1.2272430E-01,-4.3797089E-01
9.557796E-03,-1.2409760E-01,-4.7154022E-01
9.561076E-03,-1.2219025E-01,-5.0434662E-01
9.564356E-03,-1.2508942E-01,-5.3845001E-01
9.567636E-03,-1.2318207E-01,-5.7072235E-01
9.570916E-03,-1.2463165E-01,-6.0452057E-01
9.574196E-03,-1.2348724E-01,-6.3549591E-01
9.577476E-03,-1.2501312E-01,-6.6769196E-01
9.580756E-03,-1.2302948E-01,-6.9881989E-01
9.584036E-03,-1.2516571E-01,-7.3185516E-01
9.587316E-03,-1.2371613E-01,-7.6145721E-01
9.590596E-03,-1.2432648E-01,-7.9395844E-01
9.593876E-03,-1.2333466E-01,-8.2348419E-01
9.597156E-03,-1.2508942E-01,-8.5438324E-01
9.600436E-03,-1.2417389E-01,-8.8268829E-01
9.603716E-03,-1.2615753E-01,-9.1305328E-01
9.606996E-03,-1.2493683E-01,-9.4105316E-01
9.610276E-03,-1.2707306E-01,-9.7035004E-01
9.613556E-03,-1.2577606E-01,-9.9712921E-01
9.616836E-03,-1.2737823E-01,-1.0259683E+00
9.620116E-03,-1.2608124E-01,-1.0520609E+00
9.623396E-03,-1.2699677E-01,-1.0799844E+00
9.626676E-03,-1.2653900E-01,-1.1053903E+00
9.629956E-03,-1.2768341E-01,-1.1319406E+00
9.633236E-03,-1.2608124E-01,-1.1562021E+00
9.636516E-03,-1.2608124E-01,-1.1816080E+00
9.639796E-03,-1.2592865E-01,-1.2050302E+00
9.643076E-03,-1.2638641E-01,-1.2294443E+00
9.646356E-03,-1.2623383E-01,-1.2521799E+00
9.649636E-03,-1.2745453E-01,-1.2750681E+00
9.652916E-03,-1.2753082E-01,-1.2965829E+00
9.656196E-03,-1.2768341E-01,-1.3193948E+00
9.659476E-03,-1.2669159E-01,-1.3403757E+00
9.662756E-03,-1.2722565E-01,-1.3602884E+00
9.666036E-03,-1.2615753E-01,-1.3800485E+00
9.669316E-03,-1.2768341E-01,-1.3987405E+00
9.672596E-03,-1.2844635E-01,-1.4176614E+00
9.675876E-03,-1.2943817E-01,-1.4360483E+00
9.679156E-03,-1.2959076E-01,-1.4540536E+00
9.682436E-03,-1.2951447E-01,-1.4704568E+00
9.685716E-03,-1.2882782E-01,-1.4865549E+00
9.688996E-03,-1.2890411E-01,-1.5028055E+00
9.692276E-03,-1.2875153E-01,-1.5168436E+00
9.695556E-03,-1.2920929E-01,-1.5311868E+00
9.698836E-03,-1.2905670E-01,-1.5450723E+00
9.702116E-03,-1.2882782E-01,-1.5575082E+00
9.705396E-03,-1.2905670E-01,-1.5705545E+00
9.708676E-03,-1.2936188E-01,-1.5814645E+00
9.711956E-03,-1.3035370E-01,-1.5922220E+00
9.715236E-03,-1.2966705E-01,-1.6029794E+00
9.718516E-03,-1.3012482E-01,-1.6123636E+00
9.721796E-03,-1.3020111E-01,-1.6212137E+00
9.725076E-03,-1.3142181E-01,-1.6287668E+00
9.728356E-03,-1.3119293E-01,-1.6354044E+00
9.731636E-03,-1.3180328E-01,-1.6414316E+00
9.734916E-03,-1.3035370E-01,-1.6474588E+00
9.738196E-03,-1.3111664E-01,-1.6532571E+00
9.741476E-03,-1.3142181E-01,-1.6575296E+00
9.744756E-03,-1.3104034E-01,-1.6604288E+00
9.748036E-03,-1.3157440E-01,-1.6637857E+00
9.751316E-03,-1.3165070E-01,-1.6654642E+00
9.754596E-03,-1.3058258E-01,-1.6669138E+00
9.757876E-03,-1.3157440E-01,-1.6685922E+00
9.761156E-03,-1.3027740E-01,-1.6672952E+00
9.764436E-03,-1.3142181E-01,-1.6674478E+00
9.767716E-03,-1.3111664E-01,-1.6668375E+00
9.770996E-03,-1.3218475E-01,-1.6647775E+00
9.774276E-03,-1.3058258E-01,-1.6621835E+00
9.777556E-03,-1.3226105E-01,-1.6584451E+00
9.780836E-03,-1.3111664E-01,-1.6547830E+00
9.784116E-03,-1.3241364E-01,-1.6486032E+00
9.787396E-03,-1.3203217E-01,-1.6430338E+00
9.790676E-03,-1.3348175E-01,-1.6363199E+00
9.793956E-03,-1.3256622E-01,-1.6289957E+00
9.797236E-03,-1.3416840E-01,-1.6222818E+00
9.800516E-03,-1.3294769E-01,-1.6128976E+00
9.803796E-03,-1.3363434E-01,-1.6036661E+00
9.807076E-03,-1.3187958E-01,-1.5930612E+00
9.810356E-03,-1.3310028E-01,-1.5825327E+00
9.813636E-03,-1.3226105E-01,-1.5711649E+00
9.816916E-03,-1.3447357E-01,-1.5597208E+00
9.820196E-03,-1.3271881E-01,-1.5469034E+00
9.823476E-03,-1.3424469E-01,-1.5338571E+00
9.826756E-03,-1.3317657E-01,-1.5191324E+00
9.830036E-03,-1.3493134E-01,-1.5053232E+00
9.833316E-03,-1.3378693E-01,-1.4891489E+00
9.836596E-03,-1.3462616E-01,-1.4735086E+00
9.839876E-03,-1.3332916E-01,-1.4554269E+00
9.843156E-03,-1.3592316E-01,-1.4392526E+00
9.846436E-03,-1.3500763E-01,-1.4210184E+00
9.849716E-03,-1.3645721E-01,-1.4036234E+00
9.852996E-03,-1.3447357E-01,-1.3831003E+00
9.856276E-03,-1.3607574E-01,-1.3634927E+00
9.859556E-03,-1.3477875E-01,-1.3436563E+00
9.862836E-03,-1.3577057E-01,-1.3224466E+00
9.866116E-03,-1.3508392E-01,-1.3005502E+00
9.869396E-03,-1.3699127E-01,-1.2801035E+00
9.872676E-03,-1.3538910E-01,-1.2563760E+00
9.875956E-03,-1.3615204E-01,-1.2332590E+00
9.879236E-03,-1.3470245E-01,-1.2088449E+00
9.882516E-03,-1.3668610E-01,-1.1855753E+00
9.885796E-03,-1.3500763E-01,-1.1603983E+00
9.889076E-03,-1.3760162E-01,-1.1346872E+00
9.892356E-03,-1.3660980E-01,-1.1086710E+00
9.895636E-03,-1.3851715E-01,-1.0833414E+00
9.898916E-03,-1.3699127E-01,-1.0551889E+00
9.902196E-03,-1.3821198E-01,-1.0290964E+00
9.905476E-03,-1.3607574E-01,-1.0009439E+00
9.908756E-03,-1.3790680E-01,-9.7279144E-01
9.912036E-03,-1.3622833E-01,-9.4395233E-01
9.915316E-03,-1.3844086E-01,-9.1526581E-01
9.918596E-03,-1.3722015E-01,-8.8505341E-01
9.921876E-03,-1.3828827E-01,-8.5728241E-01
9.925156E-03,-1.3683868E-01,-8.2638336E-01
9.928436E-03,-1.3744904E-01,-7.9678131E-01
9.931716E-03,-1.3630463E-01,-7.6496674E-01
9.934996E-03,-1.3859344E-01,-7.3460175E-01
9.938276E-03,-1.3767792E-01,-7.0263458E-01
9.941556E-03,-1.3935638E-01,-6.7150665E-01
9.944836E-03,-1.3874603E-01,-6.3839508E-01
9.948116E-03,-1.4004303E-01,-6.0688568E-01
9.951396E-03,-1.3775421E-01,-5.7339264E-01
9.954676E-03,-1.3989044E-01,-5.4089142E-01
9.957956E-03,-1.3874603E-01,-5.0678802E-01
9.961236E-03,-1.3989044E-01,-4.7596527E-01
9.964516E-03,-1.3943268E-01,-4.4064117E-01
9.967796E-03,-1.4042450E-01,-4.0783478E-01
9.971076E-03,-1.3897491E-01,-3.7190033E-01
9.974356E-03,-1.4004303E-01,-3.3794952E-01
9.977636E-03,-1.3912750E-01,-3.0338837E-01
9.980916E-03,-1.3989044E-01,-2.7027679E-01
9.984196E-03,-1.3943268E-01,-2.3502899E-01
9.987476E-03,-1.4088226E-01,-2.0123077E-01
9.990756E-03,-1.4011932E-01,-1.6583038E-01
9.994036E-03,-1.4042450E-01,-1.3210846E-01
9.997316E-03,-1.3958527E-01,-9.6936951E-02
1.000060E-02,-1.4080597E-01,-6.2223206E-02
1.000388E-02,-1.4019562E-01,-2.7509460E-02
1.000716E-02,-1.4233185E-01,7.3568726E-03
1.001044E-02,-1.4156891E-01,4.2299500E-02
1.001372E-02,-1.4217926E-01,7.6631775E-02
1.001700E-02,-1.4210297E-01,1.1104034E-01
1.002028E-02,-1.4263702E-01,1.4567780E-01
1.002356E-02,-1.4256073E-01,1.8023895E-01
1.002684E-02,-1.4149261E-01,2.1426605E-01
1.003012E-02,-1.4149261E-01,2.4905609E-01
1.003340E-02,-1.4141632E-01,2.8315948E-01
1.003668E-02,-1.4164520E-01,3.1779694E-01
1.003996E-02,-1.4179779E-01,3.5251068E-01
1.004324E-02,-1.4187408E-01,3.8676666E-01
1.004652E-02,-1.4195038E-01,4.1995453E-01
1.004980E-02,-1.4248444E-01,4.5504974E-01
1.005308E-02,-1.4179779E-01,4.8793243E-01
1.005636E-02,-1.4263702E-01,5.2188324E-01
1.005964E-02,-1.4141632E-01,5.5529999E-01
1.006292E-02,-1.4256073E-01,5.8749603E-01
1.006620E-02,-1.4278961E-01,6.2014984E-01
1.006948E-02,-1.4309479E-01,6.5379547E-01
1.007276E-02,-1.4286591E-01,6.8622040E-01
1.007604E-02,-1.4256073E-01,7.1811127E-01
1.007932E-02,-1.4263702E-01,7.4984955E-01
1.008260E-02,-1.4347626E-01,7.8021454E-01
1.008588E-02,-1.4339996E-01,8.1126617E-01
1.008916E-02,-1.4416290E-01,8.4201263E-01
1.009244E-02,-1.4240814E-01,8.7237762E-01
1.009572E-02,-1.4317108E-01,9.0152191E-01
1.009900E-02,-1.4149261E-01,9.3066620E-01
1.010228E-02,-1.4355255E-01,9.5988678E-01
1.010556E-02,-1.4278961E-01,9.8811554E-01
1.010884E-02,-1.4477325E-01,1.0172598E+00
1.011212E-02,-1.4454437E-01,1.0443442E+00
1.011540E-02,-1.4523102E-01,1.0715811E+00
1.011868E-02,-1.4408661E-01,1.0989706E+00
1.012196E-02,-1.4492584E-01,1.1268942E+00
1.012524E-02,-1.4393402E-01,1.1525290E+00
1.012852E-02,-1.4484955E-01,1.1783163E+00
1.013180E-02,-1.4515472E-01,1.2043326E+00
1.013508E-02,-1.4652802E-01,1.2279074E+00
1.013836E-02,-1.4500214E-01,1.2525504E+00
1.014164E-02,-1.4484955E-01,1.2758963E+00
1.014492E-02,-1.4416290E-01,1.2990897E+00
1.014820E-02,-1.4553619E-01,1.3217490E+00
1.015148E-02,-1.4439178E-01,1.3441794E+00
1.015476E-02,-1.4561249E-01,1.3656180E+00
1.015804E-02,-1.4378143E-01,1.3875143E+00
1.016132E-02,-1.4591766E-01,1.4072745E+00
1.016460E-02,-1.4431549E-01,1.4264243E+00
1.016788E-02,-1.4561249E-01,1.4457266E+00
1.017116E-02,-1.4347626E-01,1.4640372E+00
1.017444E-02,-1.4484955E-01,1.4831870E+00
1.017772E-02,-1.4439178E-01,1.5008109E+00
1.018100E-02,-1.4614655E-01,1.5168326E+00
1.018428E-02,-1.4545990E-01,1.5335410E+00
1.018756E-02,-1.4660431E-01,1.5491049E+00
1.019084E-02,-1.4607025E-01,1.5635245E+00
1.019412E-02,-1.4690948E-01,1.5777914E+00
1.019740E-02,-1.4614655E-01,1.5914481E+00
1.020068E-02,-1.4668060E-01,1.6039603E+00
1.020396E-02,-1.4454437E-01,1.6150992E+00
1.020724E-02,-1.4553619E-01,1.6266959E+00
1.021052E-02,-1.4538361E-01,1.6383688E+00
1.021380E-02,-1.4629913E-01,1.6490500E+00
1.021708E-02,-1.4576508E-01,1.6575949E+00
1.022036E-02,-1.4690948E-01,1.6663687E+00
1.022364E-02,-1.4561249E-01,1.6748373E+00
1.022692E-02,-1.4713837E-01,1.6810934E+00
1.023020E-02,-1.4568878E-01,1.6882651E+00
1.023348E-02,-1.4690948E-01,1.6939108E+00
1.023676E-02,-1.4599396E-01,1.6991751E+00
1.024004E-02,-1.4782501E-01,1.7037527E+00
1.024332E-02,-1.4660431E-01,1.7084830E+00
1.024660E-02,-1.4782501E-01,1.7108481E+00
1.024988E-02,-1.4698578E-01,1.7140524E+00
1.025316E-02,-1.4950348E-01,1.7150443E+00
1.025644E-02,-1.4698578E-01,1.7156546E+00
1.025972E-02,-1.4881683E-01,1.7161124E+00
1.026300E-02,-1.4690948E-01,1.7164175E+00
1.026628E-02,-1.4774872E-01,1.7145102E+00
1.026956E-02,-1.4668060E-01,1.7127554E+00
1.027284E-02,-1.4889313E-01,1.7094748E+00
1.027612E-02,-1.4721466E-01,1.7076437E+00
1.027940E-02,-1.4957977E-01,1.7026846E+00
1.028268E-02,-1.4721466E-01,1.6994803E+00
1.028596E-02,-1.4896942E-01,1.6927664E+00
1.028924E-02,-1.4782501E-01,1.6881888E+00
1.029252E-02,-1.4881683E-01,1.6797202E+00
1.029580E-02,-1.4744354E-01,1.6732352E+00
1.029908E-02,-1.4950348E-01,1.6640799E+00
1.030236E-02,-1.4942719E-01,1.6566031E+00
1.030564E-02,-1.5057159E-01,1.6458456E+00
1.030892E-02,-1.4835907E-01,1.6370718E+00
1.031220E-02,-1.5011383E-01,1.6244833E+00
1.031548E-02,-1.4820648E-01,1.6147177E+00
1.031876E-02,-1.4942719E-01,1.6015952E+00
1.032204E-02,-1.4797760E-01,1.5890829E+00
1.032532E-02,-1.4919830E-01,1.5758078E+00
1.032860E-02,-1.4835907E-01,1.5619223E+00
1.033188E-02,-1.4881683E-01,1.5458243E+00
1.033516E-02,-1.4706207E-01,1.5310995E+00
1.033844E-02,-1.4729095E-01,1.5140860E+00
1.034172E-02,-1.4782501E-01,1.4966910E+00
1.034500E-02,-1.4874054E-01,1.4792960E+00
1.034828E-02,-1.4866425E-01,1.4619009E+00
1.035156E-02,-1.4950348E-01,1.4422934E+00
1.035484E-02,-1.4935089E-01,1.4242880E+00
1.035812E-02,-1.5034271E-01,1.4035361E+00
1.036140E-02,-1.4889313E-01,1.3841574E+00
1.036468E-02,-1.4927460E-01,1.3621085E+00
1.036796E-02,-1.4896942E-01,1.3418143E+00
1.037124E-02,-1.4881683E-01,1.3192313E+00
1.037452E-02,-1.4904572E-01,1.2961905E+00
1.037780E-02,-1.4996124E-01,1.2723868E+00
1.038108E-02,-1.4950348E-01,1.2498038E+00
1.038436E-02,-1.4919830E-01,1.2243979E+00
1.038764E-02,-1.4866425E-01,1.2003653E+00
1.039092E-02,-1.4851166E-01,1.1744254E+00
1.039420E-02,-1.4759613E-01,1.1495535E+00
1.039748E-02,-1.4828278E-01,1.1229269E+00
1.040076E-02,-1.4889313E-01,1.0963004E+00
1.040404E-02,-1.5011383E-01,1.0685294E+00
1.040732E-02,-1.4996124E-01,1.0410635E+00
1.041060E-02,-1.4904572E-01,1.0135214E+00
1.041388E-02,-1.5041901E-01,9.8468231E-01
1.041716E-02,-1.5019012E-01,9.5691132E-01
1.042044E-02,-1.5080048E-01,9.2822479E-01
1.042372E-02,-1.4957977E-01,8.9862274E-01
1.042700E-02,-1.5087677E-01,8.6871552E-01
1.043028E-02,-1.5019012E-01,8.3896088E-01
1.043356E-02,-1.4957977E-01,8.0798553E-01
1.043684E-02,-1.4889313E-01,7.7716278E-01
1.044012E-02,-1.4896942E-01,7.4611115E-01
1.044340E-02,-1.4843536E-01,7.1429657E-01
1.044668E-02,-1.4957977E-01,6.8339752E-01
1.044996E-02,-1.5041901E-01,6.5043854E-01
1.045324E-02,-1.5102936E-01,6.1839508E-01
1.045652E-02,-1.4919830E-01,5.8444427E-01
1.045980E-02,-1.5072418E-01,5.5240082E-01
1.046308E-02,-1.4942719E-01,5.1875519E-01
1.046636E-02,-1.5102936E-01,4.8533844E-01
1.046964E-02,-1.5019012E-01,4.5123505E-01
1.047292E-02,-1.5171600E-01,4.1766571E-01
1.047620E-02,-1.5118195E-01,3.8348602E-01
1.047948E-02,-1.5110565E-01,3.4976410E-01
1.048276E-02,-1.4904572E-01,3.1520294E-01
1.048604E-02,-1.5019012E-01,2.8018402E-01
1.048932E-02,-1.4828278E-01,2.4615692E-01
1.049260E-02,-1.5072418E-01,2.1136688E-01
1.049588E-02,-1.4988495E-01,1.7749237E-01
1.049916E-02,-1.4980865E-01,1.4323639E-01
1.050244E-02,-1.4942719E-01,1.0875153E-01
1.050572E-02,-1.5041901E-01,7.4495544E-02
1.050900E-02,-1.4912201E-01,3.9705505E-02
1.051228E-02,-1.5049530E-01,4.7628784E-03
1.051556E-02,-1.4973236E-01,-2.9569397E-02
1.051884E-02,-1.5125824E-01,-6.5656433E-02
1.052212E-02,-1.5057159E-01,-9.9454651E-02
1.052540E-02,-1.5072418E-01,-1.3393951E-01
1.052868E-02,-1.4980865E-01,-1.6850067E-01
1.053196E-02,-1.5049530E-01,-2.0321442E-01
1.053524E-02,-1.4843536E-01,-2.3762299E-01
1.053852E-02,-1.4957977E-01,-2.7248932E-01
1.054180E-02,-1.4874054E-01,-3.0582977E-01
1.054508E-02,-1.4942719E-01,-3.4069611E-01
1.054836E-02,-1.4858795E-01,-3.7525726E-01
1.055164E-02,-1.5026642E-01,-4.0913177E-01
1.055492E-02,-1.4851166E-01,-4.4277740E-01
1.055820E-02,-1.4919830E-01,-4.7688080E-01
1.056148E-02,-1.4843536E-01,-5.1037384E-01
1.056476E-02,-1.5057159E-01,-5.4348541E-01
1.056804E-02,-1.5019012E-01,-5.7667328E-01
1.057132E-02,-1.5019012E-01,-6.0886932E-01
1.057460E-02,-1.4866425E-01,-6.4037872E-01
1.057788E-02,-1.5057159E-01,-6.7333771E-01
1.058116E-02,-1.4965607E-01,-7.0461823E-01
1.058444E-02,-1.5041901E-01,-7.3650909E-01
1.058772E-02,-1.4942719E-01,-7.6679779E-01
1.059100E-02,-1.5011383E-01,-7.9792572E-01
1.059428E-02,-1.4927460E-01,-8.2722260E-01
1.059756E-02,-1.5049530E-01,-8.5850311E-01
1.060084E-02,-1.4896942E-01,-8.8696075E-01
1.060412E-02,-1.4950348E-01,-9.1610504E-01
1.060740E-02,-1.4790131E-01,-9.4402863E-01
1.061068E-02,-1.4889313E-01,-9.7378326E-01
1.061396E-02,-1.4874054E-01,-1.0005624E+00
1.061724E-02,-1.5049530E-01,-1.0290964E+00
1.062052E-02,-1.4988495E-01,-1.0561807E+00
1.062380E-02,-1.5141083E-01,-1.0834177E+00
1.062708E-02,-1.4881683E-01,-1.1089761E+00
1.063036E-02,-1.5026642E-01,-1.1359079E+00
1.063364E-02,-1.4866425E-01,-1.1606271E+00
1.063692E-02,-1.5049530E-01,-1.1858804E+00
1.064020E-02,-1.4957977E-01,-1.2086160E+00
1.064348E-02,-1.5171600E-01,-1.2337167E+00
1.064676E-02,-1.4904572E-01,-1.2559946E+00
1.065004E-02,-1.5087677E-01,-1.2787302E+00
1.065332E-02,-1.4950348E-01,-1.2993295E+00
1.065660E-02,-1.5080048E-01,-1.3226755E+00
1.065988E-02,-1.4813019E-01,-1.3420541E+00
1.066316E-02,-1.4957977E-01,-1.3639505E+00
1.066644E-02,-1.5003754E-01,-1.3831003E+00
1.066972E-02,-1.5080048E-01,-1.4032419E+00
1.067300E-02,-1.4820648E-01,-1.4211710E+00
1.067628E-02,-1.4965607E-01,-1.4389474E+00
1.067956E-02,-1.4828278E-01,-1.4561899E+00
1.068284E-02,-1.4988495E-01,-1.4733560E+00
1.068612E-02,-1.4896942E-01,-1.4884622E+00
1.068940E-02,-1.5019012E-01,-1.5044077E+00
1.069268E-02,-1.4942719E-01,-1.5192850E+00
1.069596E-02,-1.5049530E-01,-1.5336282E+00
1.069924E-02,-1.4957977E-01,-1.5462167E+00
1.070252E-02,-1.5041901E-01,-1.5588815E+00
1.070580E-02,-1.4896942E-01,-1.5709360E+00
1.070908E-02,-1.4927460E-01,-1.5826852E+00
1.071236E-02,-1.4889313E-01,-1.5932138E+00
1.071564E-02,-1.4942719E-01,-1.6044290E+00
1.071892E-02,-1.4889313E-01,-1.6120584E+00
1.072220E-02,-1.4942719E-01,-1.6212137E+00
1.072548E-02,-1.4866425E-01,-1.6298349E+00
1.072876E-02,-1.4942719E-01,-1.6365488E+00
1.073204E-02,-1.4866425E-01,-1.6437204E+00
1.073532E-02,-1.4942719E-01,-1.6493661E+00
1.073860E-02,-1.5003754E-01,-1.6541727E+00
1.074188E-02,-1.4980865E-01,-1.6585214E+00
1.074516E-02,-1.4980865E-01,-1.6623361E+00
1.074844E-02,-1.4980865E-01,-1.6646249E+00
1.075172E-02,-1.4980865E-01,-1.6665323E+00
1.075500E-02,-1.4950348E-01,-1.6679819E+00
1.075828E-02,-1.5034271E-01,-1.6680582E+00
1.076156E-02,-1.4988495E-01,-1.6695078E+00
1.076484E-02,-1.4957977E-01,-1.6681345E+00
1.076812E-02,-1.4866425E-01,-1.6663797E+00
1.077140E-02,-1.4980865E-01,-1.6635568E+00
1.077468E-02,-1.4858795E-01,-1.6607339E+00
1.077796E-02,-1.5019012E-01,-1.6576059E+00
1.078124E-02,-1.4904572E-01,-1.6534097E+00
1.078452E-02,-1.4980865E-01,-1.6482217E+00
1.078780E-02,-1.4904572E-01,-1.6424234E+00
1.079108E-02,-1.5041901E-01,-1.6360147E+00
1.079436E-02,-1.4927460E-01,-1.6277750E+00
1.079764E-02,-1.4988495E-01,-1.6204507E+00
1.080092E-02,-1.4912201E-01,-1.6126688E+00
1.080420E-02,-1.5049530E-01,-1.6028268E+00
1.080748E-02,-1.5011383E-01,-1.5922983E+00
1.081076E-02,-1.5133453E-01,-1.5821512E+00
1.081404E-02,-1.5049530E-01,-1.5706308E+00
1.081732E-02,-1.5072418E-01,-1.5578134E+00
1.082060E-02,-1.4965607E-01,-1.5456827E+00
1.082388E-02,-1.4965607E-01,-1.5330179E+00
1.082716E-02,-1.4881683E-01,-1.5189035E+00
1.083044E-02,-1.4980865E-01,-1.5036447E+00
1.083372E-02,-1.4919830E-01,-1.4886148E+00
1.083700E-02,-1.4965607E-01,-1.4729745E+00
1.084028E-02,-1.4927460E-01,-1.4556558E+00
1.084356E-02,-1.4988495E-01,-1.4390237E+00
1.084684E-02,-1.4896942E-01,-1.4204843E+00
1.085012E-02,-1.5064789E-01,-1.4010294E+00
1.085340E-02,-1.5019012E-01,-1.3823373E+00
1.085668E-02,-1.5095306E-01,-1.3625009E+00
1.085996E-02,-1.5034271E-01,-1.3418253E+00
1.086324E-02,-1.5225006E-01,-1.3211496E+00
1.086652E-02,-1.5026642E-01,-1.2988718E+00
1.086980E-02,-1.5064789E-01,-1.2766702E+00
1.087308E-02,-1.4988495E-01,-1.2540109E+00
1.087636E-02,-1.5125824E-01,-1.2312753E+00
1.087964E-02,-1.4957977E-01,-1.2076242E+00
1.088292E-02,-1.5041901E-01,-1.1827524E+00
1.088620E-02,-1.4988495E-01,-1.1574991E+00
1.088948E-02,-1.5064789E-01,-1.1323221E+00
1.089276E-02,-1.4927460E-01,-1.1056192E+00
1.089604E-02,-1.4950348E-01,-1.0798318E+00
1.089932E-02,-1.4889313E-01,-1.0523660E+00
1.090260E-02,-1.4942719E-01,-1.0260446E+00
1.090588E-02,-1.4965607E-01,-9.9789215E-01
1.090916E-02,-1.5102936E-01,-9.6951080E-01
1.091244E-02,-1.4927460E-01,-9.4074799E-01
1.091572E-02,-1.5141083E-01,-9.1213776E-01
1.091900E-02,-1.4996124E-01,-8.8291718E-01
1.092228E-02,-1.5087677E-01,-8.5331512E-01
1.092556E-02,-1.4965607E-01,-8.2218719E-01
1.092884E-02,-1.5110565E-01,-7.9342438E-01
1.093212E-02,-1.4965607E-01,-7.6199127E-01
1.093540E-02,-1.5057159E-01,-7.3071075E-01
1.093868E-02,-1.4912201E-01,-6.9904877E-01
1.094196E-02,-1.5026642E-01,-6.6692902E-01
1.094524E-02,-1.4721466E-01,-6.3442780E-01
1.094852E-02,-1.4866425E-01,-6.0352875E-01
1.095180E-02,-1.4820648E-01,-5.7018829E-01
1.095508E-02,-1.4980865E-01,-5.3753448E-01
1.095836E-02,-1.4820648E-01,-5.0365997E-01
1.096164E-02,-1.5118195E-01,-4.7123505E-01
1.096492E-02,-1.4919830E-01,-4.3697906E-01
1.096820E-02,-1.5049530E-01,-4.0424896E-01
1.097148E-02,-1.4851166E-01,-3.6915375E-01
1.097476E-02,-1.5019012E-01,-3.3535553E-01
1.097804E-02,-1.4950348E-01,-2.9934479E-01
1.098132E-02,-1.5034271E-01,-2.6653839E-01
1.098460E-02,-1.4835907E-01,-2.3029877E-01
1.098788E-02,-1.4896942E-01,-1.9749237E-01
1.099116E-02,-1.4805389E-01,-1.6163422E-01
1.099444E-02,-1.4919830E-01,-1.2852264E-01
1.099772E-02,-1.4767242E-01,-9.2588196E-02
1.100100E-02,-1.4896942E-01,-5.8942566E-02
1.100428E-02,-1.4797760E-01,-2.3771057E-02
1.100756E-02,-1.4980865E-01,1.0484924E-02
1.101084E-02,-1.4782501E-01,4.6877136E-02
1.101412E-02,-1.4904572E-01,7.9454651E-02
1.101740E-02,-1.4805389E-01,1.1538910E-01
1.102068E-02,-1.4980865E-01,1.4872955E-01
1.102396E-02,-1.4874054E-01,1.8359589E-01
1.102724E-02,-1.5034271E-01,2.1686005E-01
1.103052E-02,-1.4996124E-01,2.5187897E-01
1.103380E-02,-1.5095306E-01,2.8552460E-01
1.103708E-02,-1.4919830E-01,3.2069611E-01
1.104036E-02,-1.5003754E-01,3.5464691E-01
1.104364E-02,-1.4851166E-01,3.8905548E-01
1.104692E-02,-1.4935089E-01,4.2216705E-01
1.105020E-02,-1.4782501E-01,4.5726227E-01
1.105348E-02,-1.4843536E-01,4.9037384E-01
1.105676E-02,-1.4828278E-01,5.2432465E-01
1.106004E-02,-1.4950348E-01,5.5781769E-01
1.106332E-02,-1.4942719E-01,5.9039520E-01
1.106660E-02,-1.4980865E-01,6.2312531E-01
1.106988E-02,-1.4912201E-01,6.5593170E-01
1.107316E-02,-1.4896942E-01,6.8744110E-01
1.107644E-02,-1.4881683E-01,7.2032379E-01
1.107972E-02,-1.4942719E-01,7.5160431E-01
1.108300E-02,-1.4965607E-01,7.8341888E-01
1.108628E-02,-1.4935089E-01,8.1439423E-01
1.108956E-02,-1.4851166E-01,8.4552216E-01
1.109284E-02,-1.4881683E-01,8.7481903E-01
1.109612E-02,-1.4927460E-01,9.0464996E-01
1.109940E-02,-1.4912201E-01,9.3409943E-01
1.110268E-02,-1.4927460E-01,9.6377777E-01
1.110596E-02,-1.4835907E-01,9.9139618E-01
1.110924E-02,-1.4843536E-01,1.0202353E+00
1.111252E-02,-1.4774872E-01,1.0470908E+00
1.111580E-02,-1.4820648E-01,1.0754721E+00
1.111908E-02,-1.4835907E-01,1.1014883E+00
1.112236E-02,-1.4843536E-01,1.1288016E+00
1.112564E-02,-1.4874054E-01,1.1550467E+00
1.112892E-02,-1.4950348E-01,1.1809866E+00
1.113220E-02,-1.4904572E-01,1.2054770E+00
1.113548E-02,-1.4942719E-01,1.2305014E+00
1.113876E-02,-1.4843536E-01,1.2546103E+00
1.114204E-02,-1.4919830E-01,1.2777274E+00
1.114532E-02,-1.4866425E-01,1.3016837E+00
1.114860E-02,-1.5011383E-01,1.3242667E+00
1.115188E-02,-1.4919830E-01,1.3457053E+00
1.115516E-02,-1.4919830E-01,1.3679068E+00
1.115844E-02,-1.4935089E-01,1.3885062E+00
1.116172E-02,-1.4866425E-01,1.4090292E+00
1.116500E-02,-1.4767242E-01,1.4287131E+00
1.116828E-02,-1.4965607E-01,1.4478629E+00
1.117156E-02,-1.4820648E-01,1.4667075E+00
1.117484E-02,-1.4904572E-01,1.4847128E+00
1.117812E-02,-1.4820648E-01,1.5021078E+00
1.118140E-02,-1.4935089E-01,1.5188162E+00
1.118468E-02,-1.4858795E-01,1.5354483E+00
1.118796E-02,-1.4896942E-01,1.5501730E+00
1.119124E-02,-1.4851166E-01,1.5653555E+00
1.119452E-02,-1.5057159E-01,1.5792410E+00
1.119780E-02,-1.4957977E-01,1.5922873E+00
1.120108E-02,-1.5095306E-01,1.6043417E+00
1.120436E-02,-1.4942719E-01,1.6172354E+00
1.120764E-02,-1.5087677E-01,1.6278403E+00
1.121092E-02,-1.4957977E-01,1.6386740E+00
1.121420E-02,-1.5026642E-01,1.6490500E+00
1.121748E-02,-1.4950348E-01,1.6581290E+00
1.122076E-02,-1.5110565E-01,1.6672079E+00
1.122404E-02,-1.4904572E-01,1.6750662E+00
1.122732E-02,-1.5057159E-01,1.6821616E+00
1.123060E-02,-1.4858795E-01,1.6889517E+00
1.123388E-02,-1.4935089E-01,1.6940634E+00
1.123716E-02,-1.4843536E-01,1.7000906E+00
1.124044E-02,-1.5049530E-01,1.7040579E+00
1.124372E-02,-1.4927460E-01,1.7077200E+00
1.124700E-02,-1.5049530E-01,1.7097800E+00
1.125028E-02,-1.4927460E-01,1.7129843E+00
1.125356E-02,-1.5087677E-01,1.7147391E+00
1.125684E-02,-1.5087677E-01,1.7160361E+00
1.126012E-02,-1.5225006E-01,1.7158835E+00
1.126340E-02,-1.5026642E-01,1.7151968E+00
1.126668E-02,-1.5118195E-01,1.7136710E+00
1.126996E-02,-1.5057159E-01,1.7125266E+00
1.127324E-02,-1.5179230E-01,1.7093222E+00
1.127652E-02,-1.5095306E-01,1.7063467E+00
1.127980E-02,-1.5110565E-01,1.7019217E+00
1.128308E-02,-1.4942719E-01,1.6979544E+00
1.128636E-02,-1.5087677E-01,1.6924612E+00
1.128964E-02,-1.5003754E-01,1.6871207E+00
1.129292E-02,-1.5133453E-01,1.6799490E+00
1.129620E-02,-1.5057159E-01,1.6730826E+00
1.129948E-02,-1.5133453E-01,1.6646902E+00
1.130276E-02,-1.4988495E-01,1.6559164E+00
1.130604E-02,-1.5087677E-01,1.6457693E+00
1.130932E-02,-1.4980865E-01,1.6354697E+00
1.131260E-02,-1.5141083E-01,1.6239493E+00
1.131588E-02,-1.4988495E-01,1.6127341E+00
1.131916E-02,-1.5163971E-01,1.6003745E+00
1.132244E-02,-1.5034271E-01,1.5879385E+00
1.132572E-02,-1.5278412E-01,1.5735953E+00
1.132900E-02,-1.5080048E-01,1.5594046E+00
1.133228E-02,-1.5270782E-01,1.5438406E+00
1.133556E-02,-1.5072418E-01,1.5290396E+00
1.133884E-02,-1.5225006E-01,1.5113394E+00
1.134212E-02,-1.5125824E-01,1.4954703E+00
1.134540E-02,-1.5270782E-01,1.4775412E+00
1.134868E-02,-1.5110565E-01,1.4596121E+00
1.135196E-02,-1.5179230E-01,1.4399283E+00
1.135524E-02,-1.4957977E-01,1.4223044E+00
1.135852E-02,-1.5171600E-01,1.4010184E+00
1.136180E-02,-1.5087677E-01,1.3809531E+00
1.136508E-02,-1.5286041E-01,1.3601248E+00
1.136836E-02,-1.5087677E-01,1.3392966E+00
1.137164E-02,-1.5247894E-01,1.3159506E+00
1.137492E-02,-1.5171600E-01,1.2945120E+00
1.137820E-02,-1.5232635E-01,1.2698691E+00
1.138148E-02,-1.5095306E-01,1.2469046E+00
1.138476E-02,-1.5179230E-01,1.2220328E+00
1.138804E-02,-1.5019012E-01,1.1978476E+00
1.139132E-02,-1.5278412E-01,1.1719839E+00
1.139460E-02,-1.5133453E-01,1.1468069E+00
1.139788E-02,-1.5133453E-01,1.1190359E+00
1.140116E-02,-1.5087677E-01,1.0931723E+00
1.140444E-02,-1.5110565E-01,1.0650961E+00
1.140772E-02,-1.5034271E-01,1.0379355E+00
1.141100E-02,-1.5125824E-01,1.0105460E+00
1.141428E-02,-1.5095306E-01,9.8224091E-01
1.141756E-02,-1.5202118E-01,9.5324921E-01
1.142084E-02,-1.5133453E-01,9.2372345E-01
1.142412E-02,-1.5095306E-01,8.9427399E-01
1.142740E-02,-1.5011383E-01,8.6482452E-01
1.143068E-02,-1.5141083E-01,8.3384918E-01
1.143396E-02,-1.5202118E-01,8.0401825E-01
1.143724E-02,-1.5179230E-01,7.7357697E-01
1.144052E-02,-1.5171600E-01,7.4229645E-01
1.144380E-02,-1.5217377E-01,7.1078705E-01
1.144708E-02,-1.5225006E-01,6.7881989E-01
1.145036E-02,-1.5133453E-01,6.4555573E-01
1.145364E-02,-1.5026642E-01,6.1358856E-01
1.145692E-02,-1.4927460E-01,5.8116364E-01
1.146020E-02,-1.5057159E-01,5.4774689E-01
1.146348E-02,-1.5141083E-01,5.1486420E-01
1.146676E-02,-1.5118195E-01,4.8152374E-01
1.147004E-02,-1.5133453E-01,4.4703888E-01
1.147332E-02,-1.5080048E-01,4.1308807E-01
1.147660E-02,-1.5011383E-01,3.7921356E-01
1.147988E-02,-1.5133453E-01,3.4511017E-01
1.148316E-02,-1.5095306E-01,3.1070160E-01
1.148644E-02,-1.5133453E-01,2.7659821E-01
1.148972E-02,-1.5087677E-01,2.4157928E-01
1.149300E-02,-1.5194489E-01,2.0816254E-01
1.149628E-02,-1.5156342E-01,1.7413544E-01
1.149956E-02,-1.5072418E-01,1.3965057E-01
1.150284E-02,-1.4980865E-01,1.0508942E-01
1.150612E-02,-1.4965607E-01,7.0833435E-02
1.150940E-02,-1.4904572E-01,3.5280457E-02
1.151268E-02,-1.4996124E-01,3.3782959E-04
1.151596E-02,-1.4919830E-01,-3.3155212E-02
1.151924E-02,-1.4996124E-01,-6.8174133E-02
1.152252E-02,-1.4927460E-01,-1.0326935E-01
1.152580E-02,-1.4904572E-01,-1.3828827E-01
1.152908E-02,-1.4935089E-01,-1.7201019E-01
1.153236E-02,-1.4988495E-01,-2.0641876E-01
1.153564E-02,-1.4912201E-01,-2.4143768E-01
1.153892E-02,-1.5041901E-01,-2.7531219E-01
1.154220E-02,-1.4896942E-01,-3.0926300E-01
1.154548E-02,-1.5011383E-01,-3.4390045E-01
1.154876E-02,-1.4805389E-01,-3.7792755E-01
1.155204E-02,-1.4927460E-01,-4.1172577E-01
1.155532E-02,-1.4706207E-01,-4.4643951E-01
1.155860E-02,-1.4767242E-01,-4.7993256E-01
1.156188E-02,-1.4744354E-01,-5.1380707E-01
1.156516E-02,-1.4866425E-01,-5.4668976E-01
1.156844E-02,-1.4805389E-01,-5.8018280E-01
1.157172E-02,-1.4835907E-01,-6.1199738E-01
1.157500E-02,-1.4683319E-01,-6.4426971E-01
1.157828E-02,-1.4851166E-01,-6.7661835E-01
1.158156E-02,-1.4690948E-01,-7.0751740E-01
1.158484E-02,-1.4843536E-01,-7.3933197E-01
1.158812E-02,-1.4751984E-01,-7.7053619E-01
1.159140E-02,-1.4912201E-01,-8.0082489E-01
1.159468E-02,-1.4759613E-01,-8.3096100E-01
1.159796E-02,-1.4896942E-01,-8.6132599E-01
1.160124E-02,-1.4866425E-01,-8.9092804E-01
1.160452E-02,-1.4904572E-01,-9.1991974E-01
1.160780E-02,-1.4751984E-01,-9.4791962E-01
1.161108E-02,-1.4835907E-01,-9.7691132E-01
1.161436E-02,-1.4706207E-01,-1.0046060E+00
1.161764E-02,-1.4767242E-01,-1.0315378E+00
1.162092E-02,-1.4568878E-01,-1.0593088E+00
1.162420E-02,-1.4599396E-01,-1.0863168E+00
1.162748E-02,-1.4515472E-01,-1.1119516E+00
1.163076E-02,-1.4599396E-01,-1.1384256E+00
1.163404E-02,-1.4591766E-01,-1.1629922E+00
1.163732E-02,-1.4805389E-01,-1.1877115E+00
1.164060E-02,-1.4576508E-01,-1.2111337E+00
1.164388E-02,-1.4797760E-01,-1.2358530E+00
1.164716E-02,-1.4645172E-01,-1.2580545E+00
1.165044E-02,-1.4797760E-01,-1.2820871E+00
1.165372E-02,-1.4759613E-01,-1.3030679E+00
1.165700E-02,-1.4866425E-01,-1.3247354E+00
1.166028E-02,-1.4782501E-01,-1.3455637E+00
1.166356E-02,-1.4851166E-01,-1.3663156E+00
1.166684E-02,-1.4706207E-01,-1.3856180E+00
1.167012E-02,-1.4782501E-01,-1.4056833E+00
1.167340E-02,-1.4614655E-01,-1.4226205E+00
1.167668E-02,-1.4790131E-01,-1.4412363E+00
1.167996E-02,-1.4675690E-01,-1.4574869E+00
1.168324E-02,-1.4858795E-01,-1.4754160E+00
1.168652E-02,-1.4828278E-01,-1.4907510E+00
1.168980E-02,-1.4797760E-01,-1.5067728E+00
1.169308E-02,-1.4637543E-01,-1.5211160E+00
1.169636E-02,-1.4813019E-01,-1.5362222E+00
1.169964E-02,-1.4660431E-01,-1.5482004E+00
1.170292E-02,-1.4874054E-01,-1.5612466E+00
1.170620E-02,-1.4721466E-01,-1.5723856E+00
1.170948E-02,-1.4805389E-01,-1.5845163E+00
1.171276E-02,-1.4683319E-01,-1.5939767E+00
1.171604E-02,-1.4828278E-01,-1.6060312E+00
1.171932E-02,-1.4652802E-01,-1.6142709E+00
1.172260E-02,-1.4744354E-01,-1.6228159E+00
1.172588E-02,-1.4599396E-01,-1.6301401E+00
1.172916E-02,-1.4790131E-01,-1.6386850E+00
1.173244E-02,-1.4782501E-01,-1.6434152E+00
1.173572E-02,-1.4797760E-01,-1.6498239E+00
1.173900E-02,-1.4683319E-01,-1.6537149E+00
1.174228E-02,-1.4729095E-01,-1.6581400E+00
1.174556E-02,-1.4751984E-01,-1.6606577E+00
1.174884E-02,-1.4835907E-01,-1.6647012E+00
1.175212E-02,-1.4858795E-01,-1.6666849E+00
1.175540E-02,-1.4927460E-01,-1.6682870E+00
1.175868E-02,-1.4912201E-01,-1.6680582E+00
1.176196E-02,-1.5041901E-01,-1.6682108E+00
1.176524E-02,-1.5011383E-01,-1.6677530E+00
1.176852E-02,-1.5095306E-01,-1.6669138E+00
1.177180E-02,-1.5133453E-01,-1.6631754E+00
1.177508E-02,-1.5133453E-01,-1.6616495E+00
1.177836E-02,-1.5034271E-01,-1.6573770E+00
1.178164E-02,-1.5163971E-01,-1.6524942E+00
1.178492E-02,-1.5102936E-01,-1.6476114E+00
1.178820E-02,-1.5186859E-01,-1.6425760E+00
1.179148E-02,-1.5057159E-01,-1.6352518E+00
1.179476E-02,-1.5225006E-01,-1.6282327E+00
1.179804E-02,-1.5209747E-01,-1.6202219E+00
1.180132E-02,-1.5339447E-01,-1.6116769E+00
1.180460E-02,-1.5324188E-01,-1.6016824E+00
1.180788E-02,-1.5331818E-01,-1.5913065E+00
1.181116E-02,-1.5339447E-01,-1.5800912E+00
1.181444E-02,-1.5362335E-01,-1.5687997E+00
1.181772E-02,-1.5301300E-01,-1.5563638E+00
1.182100E-02,-1.5400482E-01,-1.5440805E+00
1.182428E-02,-1.5408112E-01,-1.5301187E+00
1.182756E-02,-1.5484406E-01,-1.5157755E+00
1.183084E-02,-1.5575958E-01,-1.5010507E+00
1.183412E-02,-1.5476776E-01,-1.4849527E+00
1.183740E-02,-1.5545441E-01,-1.4686258E+00
1.184068E-02,-1.5362335E-01,-1.4518411E+00
1.184396E-02,-1.5514923E-01,-1.4348276E+00
1.184724E-02,-1.5553070E-01,-1.4169748E+00
1.185052E-02,-1.5659882E-01,-1.3979776E+00
1.185380E-02,-1.5514923E-01,-1.3783701E+00
1.185708E-02,-1.5644623E-01,-1.3579996E+00
1.186036E-02,-1.5598846E-01,-1.3380106E+00
1.186364E-02,-1.5728546E-01,-1.3165720E+00
1.186692E-02,-1.5675140E-01,-1.2952097E+00
1.187020E-02,-1.5759064E-01,-1.2723215E+00
1.187348E-02,-1.5842987E-01,-1.2503488E+00
1.187676E-02,-1.5995575E-01,-1.2273080E+00
1.188004E-02,-1.5919281E-01,-1.2031992E+00
1.188332E-02,-1.5987946E-01,-1.1780984E+00
1.188660E-02,-1.5881134E-01,-1.1540659E+00
1.188988E-02,-1.5896393E-01,-1.1284311E+00
1.189316E-02,-1.5804840E-01,-1.1023386E+00
1.189644E-02,-1.6010834E-01,-1.0760934E+00
1.189972E-02,-1.5865875E-01,-1.0493143E+00
1.190300E-02,-1.5980316E-01,-1.0220773E+00
1.190628E-02,-1.6018463E-01,-9.9377228E-01
1.190956E-02,-1.6110016E-01,-9.6577240E-01
1.191284E-02,-1.6041351E-01,-9.3700958E-01
1.191612E-02,-1.6201569E-01,-9.0809418E-01
1.191940E-02,-1.6117645E-01,-8.7910248E-01
1.192268E-02,-1.6300751E-01,-8.5018707E-01
1.192596E-02,-1.6254974E-01,-8.2012726E-01
1.192924E-02,-1.6415192E-01,-7.8960968E-01
1.193252E-02,-1.6346527E-01,-7.5848175E-01
1.193580E-02,-1.6506744E-01,-7.2689606E-01
1.193908E-02,-1.6331268E-01,-6.9454742E-01
1.194236E-02,-1.6422821E-01,-6.6227509E-01
1.194564E-02,-1.6407562E-01,-6.3053680E-01
1.194892E-02,-1.6529633E-01,-5.9879852E-01
1.195220E-02,-1.6453339E-01,-5.6599213E-01
1.195548E-02,-1.6628815E-01,-5.3387238E-01
1.195876E-02,-1.6399933E-01,-4.9915863E-01
1.196204E-02,-1.6491486E-01,-4.6581818E-01
1.196532E-02,-1.6422821E-01,-4.3209625E-01
1.196860E-02,-1.6651703E-01,-3.9928986E-01
1.197188E-02,-1.6522003E-01,-3.6404205E-01
1.197516E-02,-1.6727997E-01,-3.2993866E-01
1.197844E-02,-1.6697479E-01,-2.9537750E-01
1.198172E-02,-1.6796661E-01,-2.6142670E-01
1.198500E-02,-1.6697479E-01,-2.2686554E-01
1.198828E-02,-1.6811920E-01,-1.9184662E-01
1.199156E-02,-1.6781403E-01,-1.5728546E-01
1.199484E-02,-1.6941620E-01,-1.2341095E-01
1.199812E-02,-1.6850067E-01,-8.7781677E-02
1.200140E-02,-1.6964508E-01,-5.2915344E-02
1.200468E-02,-1.6766144E-01,-1.7972717E-02
1.200796E-02,-1.6857697E-01,1.7198792E-02
1.201124E-02,-1.6697479E-01,5.3133240E-02
1.201452E-02,-1.6819550E-01,8.6549988E-02
1.201780E-02,-1.6743256E-01,1.2141632E-01
1.202108E-02,-1.6903473E-01,1.5521454E-01
1.202436E-02,-1.6750885E-01,1.8985199E-01
1.202764E-02,-1.6918732E-01,2.2342133E-01
1.203092E-02,-1.6789032E-01,2.5966095E-01
1.203420E-02,-1.6903473E-01,2.9284882E-01
1.203748E-02,-1.6827179E-01,3.2733368E-01
1.204076E-02,-1.7010284E-01,3.6044525E-01
1.204404E-02,-1.6880585E-01,3.9637970E-01
1.204732E-02,-1.7132355E-01,4.2880463E-01
1.205060E-02,-1.7063690E-01,4.6451019E-01
1.205388E-02,-1.7269684E-01,4.9624847E-01
1.205716E-02,-1.7033173E-01,5.3157257E-01
1.206044E-02,-1.7139984E-01,5.6338715E-01
1.206372E-02,-1.7071320E-01,5.9741425E-01
1.206700E-02,-1.7223907E-01,6.2823700E-01
1.207028E-02,-1.7056061E-01,6.6134857E-01
1.207356E-02,-1.7201019E-01,6.9232391E-01
1.207684E-02,-1.7048431E-01,7.2589325E-01
1.208012E-02,-1.7300201E-01,7.5587677E-01
1.208340E-02,-1.7139984E-01,7.8814911E-01
1.208668E-02,-1.7269684E-01,8.1927704E-01
1.208996E-02,-1.7162872E-01,8.4994720E-01
1.209324E-02,-1.7269684E-01,8.7924408E-01
1.209652E-02,-1.7262054E-01,9.0876984E-01
1.209980E-02,-1.7376495E-01,9.3776154E-01
1.210308E-02,-1.7277313E-01,9.6743988E-01
1.210636E-02,-1.7307831E-01,9.9421906E-01
1.210964E-02,-1.7277313E-01,1.0238211E+00
1.211292E-02,-1.7376495E-01,1.0509055E+00
1.211620E-02,-1.7307831E-01,1.0789816E+00
1.211948E-02,-1.7429901E-01,1.1049979E+00
1.212276E-02,-1.7345978E-01,1.1326163E+00
1.212604E-02,-1.7338348E-01,1.1584036E+00
1.212932E-02,-1.7185760E-01,1.1843436E+00
1.213260E-02,-1.7170502E-01,1.2087576E+00
1.213588E-02,-1.7254425E-01,1.2334769E+00
1.213916E-02,-1.7460419E-01,1.2575095E+00
1.214244E-02,-1.7490936E-01,1.2807791E+00
1.214572E-02,-1.7445160E-01,1.3038962E+00
1.214900E-02,-1.7368866E-01,1.3264792E+00
1.215228E-02,-1.7269684E-01,1.3481467E+00
1.215556E-02,-1.7345978E-01,1.3704245E+00
1.215884E-02,-1.7323090E-01,1.3905661E+00
1.216212E-02,-1.7429901E-01,1.4111655E+00
1.216540E-02,-1.7490936E-01,1.4304678E+00
1.216868E-02,-1.7490936E-01,1.4494650E+00
1.217196E-02,-1.7468048E-01,1.4683096E+00
1.217524E-02,-1.7368866E-01,1.4858572E+00
1.217852E-02,-1.7353607E-01,1.5034048E+00
1.218180E-02,-1.7353607E-01,1.5198080E+00
1.218508E-02,-1.7407013E-01,1.5354483E+00
1.218836E-02,-1.7452789E-01,1.5513937E+00
1.219164E-02,-1.7315460E-01,1.5658896E+00
1.219492E-02,-1.7330719E-01,1.5797751E+00
1.219820E-02,-1.7239166E-01,1.5926688E+00
1.220148E-02,-1.7330719E-01,1.6051810E+00
1.220476E-02,-1.7307831E-01,1.6179221E+00
1.220804E-02,-1.7445160E-01,1.6291373E+00
1.221132E-02,-1.7277313E-01,1.6406577E+00
1.221460E-02,-1.7384125E-01,1.6492026E+00
1.221788E-02,-1.7338348E-01,1.6587393E+00
1.222116E-02,-1.7429901E-01,1.6680472E+00
1.222444E-02,-1.7368866E-01,1.6759055E+00
1.222772E-02,-1.7338348E-01,1.6831534E+00
1.223100E-02,-1.7231537E-01,1.6881125E+00
1.223428E-02,-1.7246796E-01,1.6948264E+00
1.223756E-02,-1.7262054E-01,1.6999380E+00
1.224084E-02,-1.7353607E-01,1.7046683E+00
1.224412E-02,-1.7193390E-01,1.7080252E+00
1.224740E-02,-1.7323090E-01,1.7112296E+00
1.225068E-02,-1.7109467E-01,1.7135184E+00
1.225396E-02,-1.7246796E-01,1.7148154E+00
1.225724E-02,-1.7216278E-01,1.7164938E+00
1.226052E-02,-1.7323090E-01,1.7160361E+00
1.226380E-02,-1.7231537E-01,1.7166464E+00
1.226708E-02,-1.7345978E-01,1.7155020E+00
1.227036E-02,-1.7307831E-01,1.7131369E+00
1.227364E-02,-1.7429901E-01,1.7104666E+00
1.227692E-02,-1.7269684E-01,1.7064230E+00
1.228020E-02,-1.7307831E-01,1.7025320E+00
1.228348E-02,-1.7162872E-01,1.6974203E+00
1.228676E-02,-1.7231537E-01,1.6920035E+00
1.229004E-02,-1.7155243E-01,1.6854422E+00
1.229332E-02,-1.7284943E-01,1.6784995E+00
1.229660E-02,-1.7078949E-01,1.6715567E+00
1.229988E-02,-1.7132355E-01,1.6631644E+00
1.230316E-02,-1.7048431E-01,1.6540854E+00
1.230644E-02,-1.7132355E-01,1.6435568E+00
1.230972E-02,-1.7132355E-01,1.6332571E+00
1.231300E-02,-1.7269684E-01,1.6213553E+00
1.231628E-02,-1.7162872E-01,1.6102164E+00
1.231956E-02,-1.7239166E-01,1.5980856E+00
1.232284E-02,-1.6987396E-01,1.5851920E+00
1.232612E-02,-1.7155243E-01,1.5716116E+00
1.232940E-02,-1.7048431E-01,1.5566580E+00
1.233268E-02,-1.7262054E-01,1.5423911E+00
1.233596E-02,-1.7223907E-01,1.5267508E+00
1.233924E-02,-1.7300201E-01,1.5096609E+00
1.234252E-02,-1.7162872E-01,1.4930289E+00
1.234580E-02,-1.7239166E-01,1.4742606E+00
1.234908E-02,-1.7010284E-01,1.4567892E+00
1.235236E-02,-1.7170502E-01,1.4368002E+00
1.235564E-02,-1.7025543E-01,1.4181845E+00
1.235892E-02,-1.7201019E-01,1.3978903E+00
1.236220E-02,-1.7063690E-01,1.3790457E+00
1.236548E-02,-1.7155243E-01,1.3569205E+00
1.236876E-02,-1.6895844E-01,1.3354819E+00
1.237204E-02,-1.7078949E-01,1.3125937E+00
1.237532E-02,-1.7017914E-01,1.2904684E+00
1.237860E-02,-1.7246796E-01,1.2666647E+00
1.238188E-02,-1.7048431E-01,1.2438528E+00
1.238516E-02,-1.7277313E-01,1.2185995E+00
1.238844E-02,-1.7193390E-01,1.1948721E+00
1.239172E-02,-1.7307831E-01,1.1680930E+00
1.239500E-02,-1.7101837E-01,1.1431448E+00
1.239828E-02,-1.7239166E-01,1.1156790E+00
1.240156E-02,-1.7040802E-01,1.0899680E+00
1.240484E-02,-1.7193390E-01,1.0615103E+00
1.240812E-02,-1.7033173E-01,1.0358755E+00
1.241140E-02,-1.7246796E-01,1.0055869E+00
1.241468E-02,-1.6972137E-01,9.7857880E-01
1.241796E-02,-1.7254425E-01,9.4836639E-01
1.242124E-02,-1.7101837E-01,9.2051910E-01
1.242452E-02,-1.7201019E-01,8.9068817E-01
1.242780E-02,-1.7147614E-01,8.6085724E-01
1.243108E-02,-1.7201019E-01,8.2950043E-01
1.243436E-02,-1.7170502E-01,7.9936432E-01
1.243764E-02,-1.7330719E-01,7.6678680E-01
1.244092E-02,-1.7132355E-01,7.3672699E-01
1.244420E-02,-1.7223907E-01,7.0422577E-01
1.244748E-02,-1.7109467E-01,6.7340302E-01
1.245076E-02,-1.7239166E-01,6.3990997E-01
1.245404E-02,-1.7193390E-01,6.0847687E-01
1.245732E-02,-1.7193390E-01,5.7559418E-01
1.246060E-02,-1.7155243E-01,5.4316925E-01
1.246388E-02,-1.7147614E-01,5.0921844E-01
1.246716E-02,-1.6972137E-01,4.7679352E-01
1.247044E-02,-1.7040802E-01,4.4215607E-01
1.247372E-02,-1.7002655E-01,4.0942596E-01
1.247700E-02,-1.7101837E-01,3.7455963E-01
1.248028E-02,-1.7056061E-01,3.4091400E-01
1.248356E-02,-1.7178131E-01,3.0658173E-01
1.248684E-02,-1.7056061E-01,2.7217316E-01
1.249012E-02,-1.7101837E-01,2.3784088E-01
1.249340E-02,-1.7025543E-01,2.0373749E-01
1.249668E-02,-1.7078949E-01,1.6910004E-01
1.249996E-02,-1.7048431E-01,1.3507294E-01
1.250324E-02,-1.7101837E-01,1.0058807E-01
1.250652E-02,-1.7094208E-01,6.6408386E-02
1.250980E-02,-1.7124725E-01,3.1160583E-02
1.251308E-02,-1.7139984E-01,-3.0191040E-03
1.251636E-02,-1.7063690E-01,-3.8114319E-02
1.251964E-02,-1.7101837E-01,-7.3209534E-02
1.252292E-02,-1.7101837E-01,-1.0769440E-01
1.252620E-02,-1.7170502E-01,-1.4202667E-01
1.252948E-02,-1.7178131E-01,-1.7727448E-01
1.253276E-02,-1.7162872E-01,-2.1107269E-01
1.253604E-02,-1.7178131E-01,-2.4624420E-01
1.253932E-02,-1.7094208E-01,-2.8042389E-01
1.254260E-02,-1.7124725E-01,-3.1521393E-01
1.254588E-02,-1.7155243E-01,-3.4847809E-01
1.254916E-02,-1.7139984E-01,-3.8311554E-01
1.255244E-02,-1.7361237E-01,-4.1699005E-01
1.255572E-02,-1.7277313E-01,-4.5147491E-01
1.255900E-02,-1.7300201E-01,-4.8458649E-01
1.256228E-02,-1.7231537E-01,-5.1785065E-01
1.256556E-02,-1.7300201E-01,-5.5073334E-01
1.256884E-02,-1.7193390E-01,-5.8399750E-01
1.257212E-02,-1.7262054E-01,-6.1535431E-01
1.257540E-02,-1.7178131E-01,-6.4785553E-01
1.257868E-02,-1.7269684E-01,-6.7959381E-01
1.258196E-02,-1.7307831E-01,-7.1133209E-01
1.258524E-02,-1.7300201E-01,-7.4299408E-01
1.258852E-02,-1.7155243E-01,-7.7358795E-01
1.259180E-02,-1.7292572E-01,-8.0425812E-01
1.259508E-02,-1.7231537E-01,-8.3515717E-01
1.259836E-02,-1.7338348E-01,-8.6468292E-01
1.260164E-02,-1.7239166E-01,-8.9336945E-01
1.260492E-02,-1.7445160E-01,-9.2350555E-01
1.260820E-02,-1.7277313E-01,-9.5127655E-01
1.261148E-02,-1.7429901E-01,-9.8011566E-01
1.261476E-02,-1.7384125E-01,-1.0080392E+00
1.261804E-02,-1.7498566E-01,-1.0358102E+00
1.262132E-02,-1.7384125E-01,-1.0636575E+00
1.262460E-02,-1.7498566E-01,-1.0899026E+00
1.262788E-02,-1.7407013E-01,-1.1154611E+00
1.263116E-02,-1.7551971E-01,-1.1415536E+00
1.263444E-02,-1.7277313E-01,-1.1663492E+00
1.263772E-02,-1.7368866E-01,-1.1905344E+00
1.264100E-02,-1.7246796E-01,-1.2144144E+00
1.264428E-02,-1.7429901E-01,-1.2382181E+00
1.264756E-02,-1.7368866E-01,-1.2604196E+00
1.265084E-02,-1.7490936E-01,-1.2839944E+00
1.265412E-02,-1.7475677E-01,-1.3052805E+00
1.265740E-02,-1.7513824E-01,-1.3271768E+00
1.266068E-02,-1.7384125E-01,-1.3473184E+00
1.266396E-02,-1.7498566E-01,-1.3674600E+00
1.266724E-02,-1.7429901E-01,-1.3868387E+00
1.267052E-02,-1.7628265E-01,-1.4058359E+00
1.267380E-02,-1.7460419E-01,-1.4246805E+00
1.267708E-02,-1.7628265E-01,-1.4431436E+00
1.268036E-02,-1.7544342E-01,-1.4597757E+00
1.268364E-02,-1.7628265E-01,-1.4770181E+00
1.268692E-02,-1.7468048E-01,-1.4925058E+00
1.269020E-02,-1.7544342E-01,-1.5086801E+00
1.269348E-02,-1.7536713E-01,-1.5227945E+00
1.269676E-02,-1.7757965E-01,-1.5378244E+00
1.270004E-02,-1.7551971E-01,-1.5500314E+00
1.270332E-02,-1.7666412E-01,-1.5630014E+00
1.270660E-02,-1.7536713E-01,-1.5742929E+00
1.270988E-02,-1.7651154E-01,-1.5858896E+00
1.271316E-02,-1.7529083E-01,-1.5955026E+00
1.271644E-02,-1.7727448E-01,-1.6064890E+00
1.271972E-02,-1.7620636E-01,-1.6150339E+00
1.272300E-02,-1.7887665E-01,-1.6235025E+00
1.272628E-02,-1.7674042E-01,-1.6305215E+00
1.272956E-02,-1.7857147E-01,-1.6384561E+00
1.273284E-02,-1.7704559E-01,-1.6432626E+00
1.273612E-02,-1.7788483E-01,-1.6502817E+00
1.273940E-02,-1.7635895E-01,-1.6544778E+00
1.274268E-02,-1.7719818E-01,-1.6595895E+00
1.274596E-02,-1.7689301E-01,-1.6619547E+00
1.274924E-02,-1.7841888E-01,-1.6647775E+00
1.275252E-02,-1.7696930E-01,-1.6662271E+00
1.275580E-02,-1.7796112E-01,-1.6684396E+00
1.275908E-02,-1.7727448E-01,-1.6684396E+00
1.276236E-02,-1.7773224E-01,-1.6685922E+00
1.276564E-02,-1.7674042E-01,-1.6666086E+00
1.276892E-02,-1.7834259E-01,-1.6656168E+00
1.277220E-02,-1.7750336E-01,-1.6627176E+00
1.277548E-02,-1.7841888E-01,-1.6604288E+00
1.277876E-02,-1.7681671E-01,-1.6552408E+00
1.278204E-02,-1.7834259E-01,-1.6516550E+00
1.278532E-02,-1.7681671E-01,-1.6459329E+00
1.278860E-02,-1.7872406E-01,-1.6411264E+00
1.279188E-02,-1.7757965E-01,-1.6335733E+00
1.279516E-02,-1.7887665E-01,-1.6273935E+00
1.279844E-02,-1.7841888E-01,-1.6182382E+00
1.280172E-02,-1.7864777E-01,-1.6102274E+00
1.280500E-02,-1.7757965E-01,-1.5996225E+00
1.280828E-02,-1.7948700E-01,-1.5902383E+00
1.281156E-02,-1.7826630E-01,-1.5783365E+00
1.281484E-02,-1.7956329E-01,-1.5673502E+00
1.281812E-02,-1.7925812E-01,-1.5548380E+00
1.282140E-02,-1.8032623E-01,-1.5422495E+00
1.282468E-02,-1.8078400E-01,-1.5288980E+00
1.282796E-02,-1.8139435E-01,-1.5152414E+00
1.283124E-02,-1.7986847E-01,-1.4996774E+00
1.283452E-02,-1.8009735E-01,-1.4838846E+00
1.283780E-02,-1.7994476E-01,-1.4671762E+00
1.284108E-02,-1.8078400E-01,-1.4506204E+00
1.284436E-02,-1.8047882E-01,-1.4326913E+00
1.284764E-02,-1.8131805E-01,-1.4142282E+00
1.285092E-02,-1.8070770E-01,-1.3948495E+00
1.285420E-02,-1.8017365E-01,-1.3754709E+00
1.285748E-02,-1.7895294E-01,-1.3560922E+00
1.286076E-02,-1.7902924E-01,-1.3351877E+00
1.286404E-02,-1.7979218E-01,-1.3127573E+00
1.286732E-02,-1.8032623E-01,-1.2903268E+00
1.287060E-02,-1.7963959E-01,-1.2679727E+00
1.287388E-02,-1.7956329E-01,-1.2459238E+00
1.287716E-02,-1.8040253E-01,-1.2232645E+00
1.288044E-02,-1.7971588E-01,-1.1993845E+00
1.288372E-02,-1.8086029E-01,-1.1748178E+00
1.288700E-02,-1.8055511E-01,-1.1504037E+00
1.289028E-02,-1.8101288E-01,-1.1254556E+00
1.289356E-02,-1.8192841E-01,-1.0980661E+00
1.289684E-02,-1.8177582E-01,-1.0718210E+00
1.290012E-02,-1.8009735E-01,-1.0448892E+00
1.290340E-02,-1.8063141E-01,-1.0174234E+00
1.290668E-02,-1.7941071E-01,-9.8949982E-01
1.290996E-02,-1.8093658E-01,-9.6119476E-01
1.291324E-02,-1.8078400E-01,-9.3243195E-01
1.291652E-02,-1.8070770E-01,-9.0336395E-01
1.291980E-02,-1.7979218E-01,-8.7498260E-01
1.292308E-02,-1.8101288E-01,-8.4461761E-01
1.292636E-02,-1.8055511E-01,-8.1562592E-01
1.292964E-02,-1.8086029E-01,-7.8472687E-01
1.293292E-02,-1.7956329E-01,-7.5390411E-01
1.293620E-02,-1.8147064E-01,-7.2224213E-01
1.293948E-02,-1.8147064E-01,-6.9035126E-01
1.294276E-02,-1.8192841E-01,-6.5868927E-01
1.294604E-02,-1.8131805E-01,-6.2611176E-01
1.294932E-02,-1.8185211E-01,-5.9376312E-01
1.295260E-02,-1.8116547E-01,-5.6141449E-01
1.295588E-02,-1.8261505E-01,-5.2868439E-01
1.295916E-02,-1.8147064E-01,-4.9473358E-01
1.296244E-02,-1.8345428E-01,-4.6192719E-01
1.296572E-02,-1.8223358E-01,-4.2828156E-01
1.296900E-02,-1.8299652E-01,-3.9364410E-01
1.297228E-02,-1.8139435E-01,-3.5984589E-01
1.297556E-02,-1.8261505E-01,-3.2520844E-01
1.297884E-02,-1.8147064E-01,-2.9102875E-01
1.298212E-02,-1.8276764E-01,-2.5684906E-01
1.298540E-02,-1.8147064E-01,-2.2221161E-01
1.298868E-02,-1.8284393E-01,-1.8765045E-01
1.299196E-02,-1.8223358E-01,-1.5316559E-01
1.299524E-02,-1.8406464E-01,-1.1845184E-01
1.299852E-02,-1.8230988E-01,-8.4043274E-02
1.300180E-02,-1.8383575E-01,-4.9405823E-02
1.300508E-02,-1.8238617E-01,-1.4463196E-02
1.300836E-02,-1.8406464E-01,2.0326843E-02
1.301164E-02,-1.8299652E-01,5.5498352E-02
1.301492E-02,-1.8490387E-01,8.9601746E-02
1.301820E-02,-1.8292023E-01,1.2385773E-01
1.302148E-02,-1.8330170E-01,1.5803741E-01
1.302476E-02,-1.8253876E-01,1.9328522E-01
1.302804E-02,-1.8292023E-01,2.2761749E-01
1.303132E-02,-1.8261505E-01,2.6179718E-01
1.303460E-02,-1.8429352E-01,2.9590057E-01
1.303788E-02,-1.8345428E-01,3.3091949E-01
1.304116E-02,-1.8398834E-01,3.6578583E-01
1.304444E-02,-1.8238617E-01,3.9935516E-01
1.304772E-02,-1.8375946E-01,4.3338226E-01
1.305100E-02,-1.8269135E-01,4.6779083E-01
1.305428E-02,-1.8528534E-01,5.0128387E-01
1.305756E-02,-1.8391205E-01,5.3447174E-01
1.306084E-02,-1.8566681E-01,5.6765961E-01
1.306412E-02,-1.8490387E-01,6.0069489E-01
1.306740E-02,-1.8612457E-01,6.3228058E-01
1.307068E-02,-1.8406464E-01,6.6577362E-01
1.307396E-02,-1.8482758E-01,6.9667267E-01
1.307724E-02,-1.8307281E-01,7.2955536E-01
1.308052E-02,-1.8414093E-01,7.6083588E-01
1.308380E-02,-1.8383575E-01,7.9211639E-01
1.308708E-02,-1.8505646E-01,8.2209991E-01
1.309036E-02,-1.8337799E-01,8.5429596E-01
1.309364E-02,-1.8337799E-01,8.8321136E-01
1.309692E-02,-1.8276764E-01,9.1334747E-01
1.310020E-02,-1.8498016E-01,9.4172882E-01
1.310348E-02,-1.8276764E-01,9.7239899E-01
1.310676E-02,-1.8391205E-01,9.9925446E-01
1.311004E-02,-1.8269135E-01,1.0284750E+00
1.311332E-02,-1.8482758E-01,1.0544913E+00
1.311660E-02,-1.8383575E-01,1.0839407E+00
1.311988E-02,-1.8536163E-01,1.1098044E+00
1.312316E-02,-1.8284393E-01,1.1379568E+00
1.312644E-02,-1.8528534E-01,1.1629050E+00
1.312972E-02,-1.8345428E-01,1.1895316E+00
1.313300E-02,-1.8559052E-01,1.2131064E+00
1.313628E-02,-1.8368317E-01,1.2386649E+00
1.313956E-02,-1.8375946E-01,1.2617819E+00
1.314284E-02,-1.8276764E-01,1.2860434E+00
1.314612E-02,-1.8261505E-01,1.3077872E+00
1.314940E-02,-1.8208099E-01,1.3308279E+00
1.315268E-02,-1.8391205E-01,1.3522665E+00
1.315596E-02,-1.8299652E-01,1.3745444E+00
1.315924E-02,-1.8414093E-01,1.3947623E+00
1.316252E-02,-1.8398834E-01,1.4149802E+00
1.316580E-02,-1.8444611E-01,1.4333670E+00
1.316908E-02,-1.8375946E-01,1.4534323E+00
1.317236E-02,-1.8444611E-01,1.4715903E+00
1.317564E-02,-1.8414093E-01,1.4895956E+00
1.317892E-02,-1.8414093E-01,1.5063803E+00
1.318220E-02,-1.8490387E-01,1.5236990E+00
1.318548E-02,-1.8589569E-01,1.5385001E+00
1.318876E-02,-1.8406464E-01,1.5547507E+00
1.319204E-02,-1.8421722E-01,1.5689413E+00
1.319532E-02,-1.8368317E-01,1.5827505E+00
1.319860E-02,-1.8406464E-01,1.5957968E+00
1.320188E-02,-1.8383575E-01,1.6080038E+00
1.320516E-02,-1.8360687E-01,1.6197531E+00
1.320844E-02,-1.8360687E-01,1.6318839E+00
1.321172E-02,-1.8391205E-01,1.6410391E+00
1.321500E-02,-1.8322540E-01,1.6521780E+00
1.321828E-02,-1.8436981E-01,1.6612570E+00
1.322156E-02,-1.8436981E-01,1.6698019E+00
1.322484E-02,-1.8414093E-01,1.6778891E+00
1.322812E-02,-1.8490387E-01,1.6852133E+00
1.323140E-02,-1.8520905E-01,1.6918509E+00
1.323468E-02,-1.8551422E-01,1.6969626E+00
1.323796E-02,-1.8436981E-01,1.7024557E+00
1.324124E-02,-1.8436981E-01,1.7071860E+00
1.324452E-02,-1.8353058E-01,1.7100851E+00
1.324780E-02,-1.8398834E-01,1.7123740E+00
1.325108E-02,-1.8353058E-01,1.7147391E+00
1.325436E-02,-1.8475128E-01,1.7166464E+00
1.325764E-02,-1.8398834E-01,1.7168753E+00
1.326092E-02,-1.8375946E-01,1.7183249E+00
1.326420E-02,-1.8322540E-01,1.7171042E+00
1.326748E-02,-1.8322540E-01,1.7155020E+00
1.327076E-02,-1.8253876E-01,1.7136710E+00
1.327404E-02,-1.8322540E-01,1.7104666E+00
1.327732E-02,-1.8444611E-01,1.7068808E+00
1.328060E-02,-1.8452240E-01,1.7020743E+00
1.328388E-02,-1.8345428E-01,1.6974966E+00
1.328716E-02,-1.8436981E-01,1.6917746E+00
1.329044E-02,-1.8345428E-01,1.6854422E+00
1.329372E-02,-1.8345428E-01,1.6787283E+00
1.329700E-02,-1.8238617E-01,1.6713278E+00
1.330028E-02,-1.8436981E-01,1.6633170E+00
1.330356E-02,-1.8276764E-01,1.6528647E+00
1.330684E-02,-1.8444611E-01,1.6437094E+00
1.331012E-02,-1.8307281E-01,1.6329520E+00
1.331340E-02,-1.8284393E-01,1.6221182E+00
1.331668E-02,-1.8230988E-01,1.6102164E+00
1.331996E-02,-1.8353058E-01,1.5982382E+00
1.332324E-02,-1.8299652E-01,1.5853445E+00
1.332652E-02,-1.8421722E-01,1.5713828E+00
1.332980E-02,-1.8307281E-01,1.5565054E+00
1.333308E-02,-1.8520905E-01,1.5411703E+00
1.333636E-02,-1.8330170E-01,1.5255301E+00
1.333964E-02,-1.8414093E-01,1.5095084E+00
1.334292E-02,-1.8299652E-01,1.4928763E+00
1.334620E-02,-1.8414093E-01,1.4747946E+00
1.334948E-02,-1.8337799E-01,1.4556448E+00
1.335276E-02,-1.8505646E-01,1.4374869E+00
1.335604E-02,-1.8276764E-01,1.4187186E+00
1.335932E-02,-1.8398834E-01,1.3978903E+00
1.336260E-02,-1.8261505E-01,1.3769858E+00
1.336588E-02,-1.8391205E-01,1.3558524E+00
1.336916E-02,-1.8215729E-01,1.3342612E+00
1.337244E-02,-1.8391205E-01,1.3114493E+00
1.337572E-02,-1.8330170E-01,1.2890952E+00
1.337900E-02,-1.8498016E-01,1.2655203E+00
1.338228E-02,-1.8391205E-01,1.2417166E+00
1.338556E-02,-1.8482758E-01,1.2170737E+00
1.338884E-02,-1.8414093E-01,1.1916678E+00
1.339212E-02,-1.8574310E-01,1.1660330E+00
1.339540E-02,-1.8398834E-01,1.1408560E+00
1.339868E-02,-1.8589569E-01,1.1136954E+00
1.340196E-02,-1.8528534E-01,1.0874503E+00
1.340524E-02,-1.8719269E-01,1.0584586E+00
1.340852E-02,-1.8490387E-01,1.0318320E+00
1.341180E-02,-1.8589569E-01,1.0037558E+00
1.341508E-02,-1.8498016E-01,9.7598480E-01
1.341836E-02,-1.8642975E-01,9.4760345E-01
1.342164E-02,-1.8421722E-01,9.1830658E-01
1.342492E-02,-1.8696381E-01,8.8847565E-01
1.342820E-02,-1.8581940E-01,8.5940765E-01
1.343148E-02,-1.8650604E-01,8.2797455E-01
1.343476E-02,-1.8574310E-01,7.9760956E-01
1.343804E-02,-1.8566681E-01,7.6648163E-01
1.344132E-02,-1.8467499E-01,7.3596405E-01
1.344460E-02,-1.8673492E-01,7.0262360E-01
1.344788E-02,-1.8574310E-01,6.7172455E-01
1.345116E-02,-1.8711639E-01,6.3846039E-01
1.345444E-02,-1.8589569E-01,6.0695099E-01
1.345772E-02,-1.8696381E-01,5.7246613E-01
1.346100E-02,-1.8536163E-01,5.4072784E-01
1.346428E-02,-1.8803192E-01,5.0670074E-01
1.346756E-02,-1.8726898E-01,4.7442841E-01
1.347084E-02,-1.8780304E-01,4.4001984E-01
1.347412E-02,-1.8627716E-01,4.0599274E-01
1.347740E-02,-1.8887115E-01,3.7112640E-01
1.348068E-02,-1.8620087E-01,3.3709930E-01
1.348396E-02,-1.8650604E-01,3.0200409E-01
1.348724E-02,-1.8566681E-01,2.6843475E-01
1.349052E-02,-1.8688751E-01,2.3265289E-01
1.349380E-02,-1.8688751E-01,1.9999908E-01
1.349708E-02,-1.8894745E-01,1.6452240E-01
1.350036E-02,-1.8795563E-01,1.3095306E-01
1.350364E-02,-1.8795563E-01,9.6163025E-02
1.350692E-02,-1.8620087E-01,6.2212219E-02
1.351020E-02,-1.8742157E-01,2.6811829E-02
1.351348E-02,-1.8681122E-01,-6.3760376E-03
1.351676E-02,-1.8803192E-01,-4.1700134E-02
1.352004E-02,-1.8719269E-01,-7.5956116E-02
1.352332E-02,-1.8841339E-01,-1.1105133E-01
1.352660E-02,-1.8757416E-01,-1.4469696E-01
1.352988E-02,-1.8742157E-01,-1.8040253E-01
1.353316E-02,-1.8627716E-01,-2.1412445E-01
1.353644E-02,-1.8681122E-01,-2.4891449E-01
1.353972E-02,-1.8688751E-01,-2.8294159E-01
1.354300E-02,-1.8833710E-01,-3.1788422E-01
1.354628E-02,-1.8757416E-01,-3.5206390E-01
1.354956E-02,-1.8757416E-01,-3.8593842E-01
1.355284E-02,-1.8658234E-01,-4.2004181E-01
1.355612E-02,-1.8765045E-01,-4.5452667E-01
1.355940E-02,-1.8787933E-01,-4.8649384E-01
1.356268E-02,-1.8848969E-01,-5.2044464E-01
1.356596E-02,-1.8841339E-01,-5.5302216E-01
1.356924E-02,-1.8910004E-01,-5.8697296E-01
1.357252E-02,-1.8978668E-01,-6.1901642E-01
1.357580E-02,-1.8940521E-01,-6.5083099E-01
1.357908E-02,-1.8879486E-01,-6.8218781E-01
1.358236E-02,-1.8864227E-01,-7.1507050E-01
1.358564E-02,-1.8826080E-01,-7.4612213E-01
1.358892E-02,-1.8848969E-01,-7.7778412E-01
1.359220E-02,-1.8894745E-01,-8.0769135E-01
1.359548E-02,-1.8818451E-01,-8.3736969E-01
1.359876E-02,-1.8833710E-01,-8.6689545E-01
1.360204E-02,-1.8864227E-01,-8.9665009E-01
1.360532E-02,-1.8833710E-01,-9.2472626E-01
1.360860E-02,-1.8734528E-01,-9.5478607E-01
1.361188E-02,-1.8833710E-01,-9.8194672E-01
1.361516E-02,-1.8841339E-01,-1.0101755E+00
1.361844E-02,-1.8887115E-01,-1.0372598E+00
1.362172E-02,-1.8894745E-01,-1.0653360E+00
1.362500E-02,-1.8925262E-01,-1.0916574E+00
1.362828E-02,-1.8841339E-01,-1.1177499E+00
1.363156E-02,-1.8871857E-01,-1.1430795E+00
1.363484E-02,-1.8757416E-01,-1.1681039E+00
1.363812E-02,-1.8864227E-01,-1.1922891E+00
1.364140E-02,-1.8856598E-01,-1.2159402E+00
1.364468E-02,-1.8856598E-01,-1.2398965E+00
1.364796E-02,-1.8803192E-01,-1.2628610E+00
1.365124E-02,-1.8803192E-01,-1.2846048E+00
1.365452E-02,-1.8711639E-01,-1.3071878E+00
1.365780E-02,-1.8841339E-01,-1.3280161E+00
1.366108E-02,-1.8772675E-01,-1.3479288E+00
1.366436E-02,-1.9001556E-01,-1.3684518E+00
1.366764E-02,-1.8902374E-01,-1.3886697E+00
1.367092E-02,-1.9024445E-01,-1.4078195E+00
1.367420E-02,-1.8795563E-01,-1.4255197E+00
1.367748E-02,-1.8910004E-01,-1.4437540E+00
1.368076E-02,-1.8780304E-01,-1.4610727E+00
1.368404E-02,-1.8856598E-01,-1.4777048E+00
1.368732E-02,-1.8818451E-01,-1.4928873E+00
1.369060E-02,-1.8948151E-01,-1.5089853E+00
1.369388E-02,-1.8810822E-01,-1.5230997E+00
1.369716E-02,-1.8864227E-01,-1.5372141E+00
1.370044E-02,-1.8765045E-01,-1.5497263E+00
1.370372E-02,-1.8780304E-01,-1.5626962E+00
1.370700E-02,-1.8673492E-01,-1.5734537E+00
1.371028E-02,-1.8780304E-01,-1.5845926E+00
1.371356E-02,-1.8765045E-01,-1.5954263E+00
1.371684E-02,-1.8864227E-01,-1.6048105E+00
1.372012E-02,-1.8658234E-01,-1.6142709E+00
1.372340E-02,-1.8795563E-01,-1.6231973E+00
1.372668E-02,-1.8612457E-01,-1.6299875E+00
1.372996E-02,-1.8841339E-01,-1.6367776E+00
1.373324E-02,-1.8704010E-01,-1.6419656E+00
1.373652E-02,-1.8848969E-01,-1.6483743E+00
1.373980E-02,-1.8726898E-01,-1.6528757E+00
1.374308E-02,-1.8917633E-01,-1.6576059E+00
1.374636E-02,-1.8856598E-01,-1.6601236E+00
1.374964E-02,-1.8887115E-01,-1.6631754E+00
1.375292E-02,-1.8627716E-01,-1.6651590E+00
1.375620E-02,-1.8795563E-01,-1.6669901E+00
1.375948E-02,-1.8635345E-01,-1.6666086E+00
1.376276E-02,-1.8826080E-01,-1.6676767E+00
1.376604E-02,-1.8673492E-01,-1.6659982E+00
1.376932E-02,-1.8711639E-01,-1.6638620E+00
1.377260E-02,-1.8581940E-01,-1.6608865E+00
1.377588E-02,-1.8696381E-01,-1.6593607E+00
1.377916E-02,-1.8520905E-01,-1.6540201E+00
1.378244E-02,-1.8696381E-01,-1.6506631E+00
1.378572E-02,-1.8528534E-01,-1.6442545E+00
1.378900E-02,-1.8765045E-01,-1.6387613E+00
1.379228E-02,-1.8604828E-01,-1.6305215E+00
1.379556E-02,-1.8650604E-01,-1.6245706E+00
1.379884E-02,-1.8513275E-01,-1.6161783E+00
1.380212E-02,-1.8719269E-01,-1.6083200E+00
1.380540E-02,-1.8635345E-01,-1.5965707E+00
1.380868E-02,-1.8780304E-01,-1.5867288E+00
1.381196E-02,-1.8551422E-01,-1.5748270E+00
1.381524E-02,-1.8681122E-01,-1.5650613E+00
1.381852E-02,-1.8459869E-01,-1.5515573E+00
1.382180E-02,-1.8566681E-01,-1.5400369E+00
1.382508E-02,-1.8307281E-01,-1.5247018E+00
1.382836E-02,-1.8543793E-01,-1.5121896E+00
1.383164E-02,-1.8360687E-01,-1.4952524E+00
1.383492E-02,-1.8551422E-01,-1.4807565E+00
1.383820E-02,-1.8398834E-01,-1.4633615E+00
1.384148E-02,-1.8528534E-01,-1.4466531E+00
1.384476E-02,-1.8345428E-01,-1.4292581E+00
1.384804E-02,-1.8459869E-01,-1.4118631E+00
1.385132E-02,-1.8337799E-01,-1.3921030E+00
1.385460E-02,-1.8414093E-01,-1.3735635E+00
1.385788E-02,-1.8299652E-01,-1.3519724E+00
1.386116E-02,-1.8398834E-01,-1.3322885E+00
1.386444E-02,-1.8246246E-01,-1.3097055E+00
1.386772E-02,-1.8360687E-01,-1.2896402E+00
1.387100E-02,-1.8177582E-01,-1.2662943E+00
1.387428E-02,-1.8246246E-01,-1.2447031E+00
1.387756E-02,-1.8131805E-01,-1.2206705E+00
1.388084E-02,-1.8253876E-01,-1.1970193E+00
1.388412E-02,-1.8139435E-01,-1.1713846E+00
1.388740E-02,-1.8154694E-01,-1.1468179E+00
1.389068E-02,-1.8024994E-01,-1.1210306E+00
1.389396E-02,-1.8017365E-01,-1.0953958E+00
1.389724E-02,-1.8032623E-01,-1.0680826E+00
1.390052E-02,-1.8017365E-01,-1.0409982E+00
1.390380E-02,-1.7887665E-01,-1.0137613E+00
1.390708E-02,-1.8078400E-01,-9.8652435E-01
1.391036E-02,-1.8070770E-01,-9.5745636E-01
1.391364E-02,-1.8032623E-01,-9.2892242E-01
1.391692E-02,-1.7902924E-01,-8.9954926E-01
1.392020E-02,-1.7765594E-01,-8.7109161E-01
1.392348E-02,-1.7803741E-01,-8.4164215E-01
1.392676E-02,-1.7826630E-01,-8.1158234E-01
1.393004E-02,-1.7803741E-01,-7.8167511E-01
1.393332E-02,-1.7819000E-01,-7.5024200E-01
1.393660E-02,-1.7773224E-01,-7.1842743E-01
1.393988E-02,-1.7773224E-01,-6.8676544E-01
1.394316E-02,-1.7681671E-01,-6.5479828E-01
1.394644E-02,-1.7613007E-01,-6.2290741E-01
1.394972E-02,-1.7727448E-01,-5.9048248E-01
1.395300E-02,-1.7689301E-01,-5.5752350E-01
1.395628E-02,-1.7864777E-01,-5.2517487E-01
1.395956E-02,-1.7773224E-01,-4.9152924E-01
1.396284E-02,-1.7780853E-01,-4.5742584E-01
1.396612E-02,-1.7727448E-01,-4.2362762E-01
1.396940E-02,-1.7712189E-01,-3.9013458E-01
1.397268E-02,-1.7620636E-01,-3.5526825E-01
1.397596E-02,-1.7643524E-01,-3.2108856E-01
1.397924E-02,-1.7658783E-01,-2.8675629E-01
1.398252E-02,-1.7651154E-01,-2.5265289E-01
1.398580E-02,-1.7536713E-01,-2.1847321E-01
1.398908E-02,-1.7445160E-01,-1.8314911E-01
1.399236E-02,-1.7376495E-01,-1.4935089E-01
1.399564E-02,-1.7475677E-01,-1.1486603E-01
1.399892E-02,-1.7414642E-01,-8.0075989E-02
1.400220E-02,-1.7529083E-01,-4.5285950E-02
1.400548E-02,-1.7422272E-01,-9.7329712E-03
1.400876E-02,-1.7498566E-01,2.4370422E-02
1.401204E-02,-1.7422272E-01,5.8550110E-02
1.401532E-02,-1.7536713E-01,9.2119446E-02
1.401860E-02,-1.7368866E-01,1.2782501E-01
1.402188E-02,-1.7475677E-01,1.6147064E-01
1.402516E-02,-1.7475677E-01,1.9587921E-01
1.402844E-02,-1.7544342E-01,2.3143219E-01
1.403172E-02,-1.7407013E-01,2.6622223E-01
1.403500E-02,-1.7468048E-01,3.0032562E-01
1.403828E-02,-1.7254425E-01,3.3488678E-01
1.404156E-02,-1.7330719E-01,3.6860870E-01
1.404484E-02,-1.7132355E-01,4.0347504E-01
1.404812E-02,-1.7254425E-01,4.3681549E-01
1.405140E-02,-1.7078949E-01,4.7160553E-01
1.405468E-02,-1.7155243E-01,5.0441193E-01
1.405796E-02,-1.7002655E-01,5.3874420E-01
1.406124E-02,-1.7124725E-01,5.7078766E-01
1.406452E-02,-1.6964508E-01,6.0420441E-01
1.406780E-02,-1.7155243E-01,6.3670563E-01
1.407108E-02,-1.7048431E-01,6.6958832E-01
1.407436E-02,-1.7216278E-01,7.0094513E-01
1.407764E-02,-1.7017914E-01,7.3298859E-01
1.408092E-02,-1.7193390E-01,7.6457428E-01
1.408420E-02,-1.7078949E-01,7.9684662E-01
1.408748E-02,-1.7147614E-01,8.2637238E-01
1.409076E-02,-1.6918732E-01,8.5788177E-01
1.409404E-02,-1.7010284E-01,8.8733124E-01
1.409732E-02,-1.6842438E-01,9.1678070E-01
1.410060E-02,-1.6949249E-01,9.4546722E-01
1.410388E-02,-1.6895844E-01,9.7560333E-01
1.410716E-02,-1.6979767E-01,1.0031454E+00
1.411044E-02,-1.6766144E-01,1.0313742E+00
1.411372E-02,-1.6964508E-01,1.0581534E+00
1.411700E-02,-1.6758514E-01,1.0861533E+00
1.412028E-02,-1.6918732E-01,1.1127036E+00
1.412356E-02,-1.6842438E-01,1.1394827E+00
1.412684E-02,-1.7010284E-01,1.1646597E+00
1.413012E-02,-1.6834808E-01,1.1913626E+00
1.413340E-02,-1.6956879E-01,1.2153189E+00
1.413668E-02,-1.6712738E-01,1.2412589E+00
1.413996E-02,-1.6834808E-01,1.2642996E+00
1.414324E-02,-1.6781403E-01,1.2885611E+00
1.414652E-02,-1.6865326E-01,1.3098471E+00
1.414980E-02,-1.6758514E-01,1.3332693E+00
1.415308E-02,-1.6933990E-01,1.3541739E+00
1.415636E-02,-1.6659332E-01,1.3766043E+00
1.415964E-02,-1.6689850E-01,1.3955252E+00
1.416292E-02,-1.6430450E-01,1.4178030E+00
1.416620E-02,-1.6598297E-01,1.4362662E+00
1.416948E-02,-1.6483856E-01,1.4557211E+00
1.417276E-02,-1.6727997E-01,1.4733450E+00
1.417604E-02,-1.6590668E-01,1.4916556E+00
1.417932E-02,-1.6628815E-01,1.5072195E+00
1.418260E-02,-1.6506744E-01,1.5253775E+00
1.418588E-02,-1.6613556E-01,1.5400259E+00
1.418916E-02,-1.6476227E-01,1.5561240E+00
1.419244E-02,-1.6659332E-01,1.5699332E+00
1.419572E-02,-1.6453339E-01,1.5854208E+00
1.419900E-02,-1.6644073E-01,1.5969412E+00
1.420228E-02,-1.6483856E-01,1.6106741E+00
1.420556E-02,-1.6567780E-01,1.6208975E+00
1.420884E-02,-1.6293121E-01,1.6329520E+00
1.421212E-02,-1.6430450E-01,1.6430228E+00
1.421540E-02,-1.6323639E-01,1.6539328E+00
1.421868E-02,-1.6491486E-01,1.6620963E+00
1.422196E-02,-1.6331268E-01,1.6711752E+00
1.422524E-02,-1.6300751E-01,1.6781943E+00
1.422852E-02,-1.6216827E-01,1.6865866E+00
1.423180E-02,-1.6384674E-01,1.6916220E+00
1.423508E-02,-1.6224457E-01,1.6974203E+00
1.423836E-02,-1.6247345E-01,1.7013876E+00
1.424164E-02,-1.6354156E-01,1.7061179E+00
1.424492E-02,-1.6369415E-01,1.7100089E+00
1.424820E-02,-1.6308380E-01,1.7132132E+00
1.425148E-02,-1.6323639E-01,1.7140524E+00
1.425476E-02,-1.6209198E-01,1.7164175E+00
1.425804E-02,-1.6171051E-01,1.7166464E+00
1.426132E-02,-1.6102386E-01,1.7176382E+00
1.426460E-02,-1.6132904E-01,1.7153494E+00
1.426788E-02,-1.6003204E-01,1.7145865E+00
1.427116E-02,-1.6079498E-01,1.7113821E+00
1.427444E-02,-1.6041351E-01,1.7097037E+00
1.427772E-02,-1.6064240E-01,1.7051260E+00
1.428100E-02,-1.6041351E-01,1.7020743E+00
1.428428E-02,-1.5965057E-01,1.6964285E+00
1.428756E-02,-1.5919281E-01,1.6908591E+00
1.429084E-02,-1.5972687E-01,1.6840689E+00
1.429412E-02,-1.5987946E-01,1.6775076E+00
1.429740E-02,-1.6048981E-01,1.6686575E+00
1.430068E-02,-1.6110016E-01,1.6617911E+00
1.430396E-02,-1.5995575E-01,1.6519492E+00
1.430724E-02,-1.6117645E-01,1.6419547E+00
1.431052E-02,-1.5995575E-01,1.6315024E+00
1.431380E-02,-1.6102386E-01,1.6213553E+00
1.431708E-02,-1.6018463E-01,1.6092245E+00
1.432036E-02,-1.6071869E-01,1.5964835E+00
1.432364E-02,-1.5926910E-01,1.5839713E+00
1.432692E-02,-1.5865875E-01,1.5693991E+00
1.433020E-02,-1.5728546E-01,1.5547507E+00
1.433348E-02,-1.5774323E-01,1.5401022E+00
1.433676E-02,-1.5743805E-01,1.5243857E+00
1.434004E-02,-1.5904022E-01,1.5073721E+00
1.434332E-02,-1.5774323E-01,1.4899008E+00
1.434660E-02,-1.5858246E-01,1.4716666E+00
1.434988E-02,-1.5842987E-01,1.4535849E+00
1.435316E-02,-1.5873505E-01,1.4341299E+00
1.435644E-02,-1.5720917E-01,1.4151328E+00
1.435972E-02,-1.5827728E-01,1.3943808E+00
1.436300E-02,-1.5766693E-01,1.3739340E+00
1.436628E-02,-1.5904022E-01,1.3520377E+00
1.436956E-02,-1.5804840E-01,1.3296835E+00
1.437284E-02,-1.5873505E-01,1.3082449E+00
1.437612E-02,-1.5705658E-01,1.2847464E+00
1.437940E-02,-1.5812469E-01,1.2617056E+00
1.438268E-02,-1.5606476E-01,1.2366812E+00
1.438596E-02,-1.5766693E-01,1.2131064E+00
1.438924E-02,-1.5728546E-01,1.1873190E+00
1.439252E-02,-1.5789581E-01,1.1624472E+00
1.439580E-02,-1.5690399E-01,1.1371939E+00
1.439908E-02,-1.5751434E-01,1.1098807E+00
1.440236E-02,-1.5636993E-01,1.0837119E+00
1.440564E-02,-1.5751434E-01,1.0551016E+00
1.440892E-02,-1.5705658E-01,1.0277884E+00
1.441220E-02,-1.5751434E-01,9.9978851E-01
1.441548E-02,-1.5644623E-01,9.7224640E-01
1.441876E-02,-1.5820099E-01,9.4279694E-01
1.442204E-02,-1.5659882E-01,9.1441559E-01
1.442532E-02,-1.5774323E-01,8.8450836E-01
1.442860E-02,-1.5522552E-01,8.5460114E-01
1.443188E-02,-1.5614105E-01,8.2370209E-01
1.443516E-02,-1.5537811E-01,7.9341339E-01
1.443844E-02,-1.5675140E-01,7.6228546E-01
1.444172E-02,-1.5530182E-01,7.3001312E-01
1.444500E-02,-1.5591217E-01,6.9781708E-01
1.444828E-02,-1.5400482E-01,6.6607880E-01
1.445156E-02,-1.5514923E-01,6.3418793E-01
1.445484E-02,-1.5408112E-01,6.0214447E-01
1.445812E-02,-1.5446259E-01,5.6880402E-01
1.446140E-02,-1.5377594E-01,5.3630280E-01
1.446468E-02,-1.5621735E-01,5.0258087E-01
1.446796E-02,-1.5453888E-01,4.6908783E-01
1.447124E-02,-1.5568329E-01,4.3483185E-01
1.447452E-02,-1.5392853E-01,4.0194916E-01
1.447780E-02,-1.5492035E-01,3.6670135E-01
1.448108E-02,-1.5392853E-01,3.3397125E-01
1.448436E-02,-1.5530182E-01,2.9902863E-01
1.448764E-02,-1.5377594E-01,2.6515411E-01
1.449092E-02,-1.5476776E-01,2.2975372E-01
1.449420E-02,-1.5270782E-01,1.9618439E-01
1.449748E-02,-1.5408112E-01,1.6147064E-01
1.450076E-02,-1.5125824E-01,1.2866425E-01
1.450404E-02,-1.5339447E-01,9.2653503E-02
1.450732E-02,-1.5217377E-01,5.9160461E-02
1.451060E-02,-1.5369965E-01,2.3226013E-02
1.451388E-02,-1.5339447E-01,-1.0343323E-02
1.451716E-02,-1.5469147E-01,-4.7040710E-02
1.452044E-02,-1.5263153E-01,-8.0457458E-02
1.452372E-02,-1.5316559E-01,-1.1639191E-01
1.452700E-02,-1.5209747E-01,-1.4942719E-01
1.453028E-02,-1.5347076E-01,-1.8559052E-01
1.453356E-02,-1.5247894E-01,-2.1854950E-01
1.453684E-02,-1.5453888E-01,-2.5471283E-01
1.454012E-02,-1.5301300E-01,-2.8812958E-01
1.454340E-02,-1.5392853E-01,-3.2345367E-01
1.454668E-02,-1.5225006E-01,-3.5641266E-01
1.454996E-02,-1.5217377E-01,-3.9211823E-01
1.455324E-02,-1.5102936E-01,-4.2553497E-01
1.455652E-02,-1.5225006E-01,-4.5994354E-01
1.455980E-02,-1.5225006E-01,-4.9252106E-01
1.456308E-02,-1.5301300E-01,-5.2609039E-01
1.456636E-02,-1.5095306E-01,-5.5866791E-01
1.456964E-02,-1.5202118E-01,-5.9238983E-01
1.457292E-02,-1.5110565E-01,-6.2382294E-01
1.457620E-02,-1.5217377E-01,-6.5708710E-01
1.457948E-02,-1.5202118E-01,-6.8798615E-01
1.458276E-02,-1.5324188E-01,-7.2018219E-01
1.458604E-02,-1.5194489E-01,-7.5085236E-01
1.458932E-02,-1.5324188E-01,-7.8167511E-01
1.459260E-02,-1.5202118E-01,-8.1265045E-01
1.459588E-02,-1.5263153E-01,-8.4202362E-01
1.459916E-02,-1.5263153E-01,-8.7246490E-01
1.460244E-02,-1.5133453E-01,-9.0160919E-01
1.460572E-02,-1.5179230E-01,-9.2960907E-01
1.460900E-02,-1.5118195E-01,-9.5860077E-01
1.461228E-02,-1.5034271E-01,-9.8644806E-01
1.461556E-02,-1.5072418E-01,-1.0152109E+00
1.461884E-02,-1.5026642E-01,-1.0422189E+00
1.462212E-02,-1.5057159E-01,-1.0696085E+00
1.462540E-02,-1.5003754E-01,-1.0957010E+00
1.462868E-02,-1.5011383E-01,-1.1214120E+00
1.463196E-02,-1.5064789E-01,-1.1475809E+00
1.463524E-02,-1.5049530E-01,-1.1715372E+00
1.463852E-02,-1.5011383E-01,-1.1967142E+00
1.464180E-02,-1.5049530E-01,-1.2202890E+00
1.464508E-02,-1.5118195E-01,-1.2431772E+00
1.464836E-02,-1.5057159E-01,-1.2669809E+00
1.465164E-02,-1.5049530E-01,-1.2887247E+00
1.465492E-02,-1.5041901E-01,-1.3107736E+00
1.465820E-02,-1.4935089E-01,-1.3326700E+00
1.466148E-02,-1.4904572E-01,-1.3531168E+00
1.466476E-02,-1.4912201E-01,-1.3735635E+00
1.466804E-02,-1.4751984E-01,-1.3931711E+00
1.467132E-02,-1.4744354E-01,-1.4119394E+00
1.467460E-02,-1.4774872E-01,-1.4295633E+00
1.467788E-02,-1.4835907E-01,-1.4468057E+00
1.468116E-02,-1.4858795E-01,-1.4638956E+00
1.468444E-02,-1.4942719E-01,-1.4802225E+00
1.468772E-02,-1.4805389E-01,-1.4968546E+00
1.469100E-02,-1.4874054E-01,-1.5121133E+00
1.469428E-02,-1.4782501E-01,-1.5266855E+00
1.469756E-02,-1.4835907E-01,-1.5403421E+00
1.470084E-02,-1.4813019E-01,-1.5523965E+00
1.470412E-02,-1.4957977E-01,-1.5648325E+00
1.470740E-02,-1.4843536E-01,-1.5766580E+00
1.471068E-02,-1.4858795E-01,-1.5881021E+00
1.471396E-02,-1.4683319E-01,-1.5988596E+00
1.471724E-02,-1.4828278E-01,-1.6093118E+00
1.472052E-02,-1.4629913E-01,-1.6170175E+00
1.472380E-02,-1.4744354E-01,-1.6257150E+00
1.472708E-02,-1.4614655E-01,-1.6325815E+00
1.473036E-02,-1.4729095E-01,-1.6399057E+00
1.473364E-02,-1.4576508E-01,-1.6450937E+00
1.473692E-02,-1.4637543E-01,-1.6511209E+00
1.474020E-02,-1.4545990E-01,-1.6553171E+00
1.474348E-02,-1.4713837E-01,-1.6598184E+00
1.474676E-02,-1.4607025E-01,-1.6626413E+00
1.475004E-02,-1.4668060E-01,-1.6653879E+00
1.475332E-02,-1.4561249E-01,-1.6663034E+00
1.475660E-02,-1.4675690E-01,-1.6678293E+00
1.475988E-02,-1.4454437E-01,-1.6665323E+00
1.476316E-02,-1.4545990E-01,-1.6670663E+00
1.476644E-02,-1.4362885E-01,-1.6659219E+00
1.476972E-02,-1.4393402E-01,-1.6649301E+00
1.477300E-02,-1.4347626E-01,-1.6610391E+00
1.477628E-02,-1.4401031E-01,-1.6580637E+00
1.477956E-02,-1.4317108E-01,-1.6532571E+00
1.478284E-02,-1.4385773E-01,-1.6501291E+00
1.478612E-02,-1.4233185E-01,-1.6444070E+00
1.478940E-02,-1.4355255E-01,-1.6391428E+00
1.479268E-02,-1.4141632E-01,-1.6312082E+00
1.479596E-02,-1.4339996E-01,-1.6234262E+00
1.479924E-02,-1.4233185E-01,-1.6149576E+00
1.480252E-02,-1.4362885E-01,-1.6071756E+00
1.480580E-02,-1.4210297E-01,-1.5965707E+00
1.480908E-02,-1.4347626E-01,-1.5862711E+00
1.481236E-02,-1.4118744E-01,-1.5745218E+00
1.481564E-02,-1.4156891E-01,-1.5627725E+00
1.481892E-02,-1.4095856E-01,-1.5502603E+00
1.482220E-02,-1.4248444E-01,-1.5381296E+00
1.482548E-02,-1.3996674E-01,-1.5238626E+00
1.482876E-02,-1.4141632E-01,-1.5097482E+00
1.483204E-02,-1.4050079E-01,-1.4941080E+00
1.483532E-02,-1.4080597E-01,-1.4792307E+00
1.483860E-02,-1.3836456E-01,-1.4613016E+00
1.484188E-02,-1.3859344E-01,-1.4456613E+00
1.484516E-02,-1.3866974E-01,-1.4268930E+00
1.484844E-02,-1.4019562E-01,-1.4098032E+00
1.485172E-02,-1.3989044E-01,-1.3896616E+00
1.485500E-02,-1.4011932E-01,-1.3704355E+00
1.485828E-02,-1.3706757E-01,-1.3494547E+00
1.486156E-02,-1.3821198E-01,-1.3299997E+00
1.486484E-02,-1.3714386E-01,-1.3079507E+00
1.486812E-02,-1.3828827E-01,-1.2873514E+00
1.487140E-02,-1.3607574E-01,-1.2635477E+00
1.487468E-02,-1.3775421E-01,-1.2427194E+00
1.487796E-02,-1.3653351E-01,-1.2163980E+00
1.488124E-02,-1.3744904E-01,-1.1932809E+00
1.488452E-02,-1.3432098E-01,-1.1680276E+00
1.488780E-02,-1.3546539E-01,-1.1436899E+00
1.489108E-02,-1.3332916E-01,-1.1171396E+00
1.489436E-02,-1.3508392E-01,-1.0918100E+00
1.489764E-02,-1.3355804E-01,-1.0639627E+00
1.490092E-02,-1.3447357E-01,-1.0380228E+00
1.490420E-02,-1.3340546E-01,-1.0100992E+00
1.490748E-02,-1.3332916E-01,-9.8316742E-01
1.491076E-02,-1.3233734E-01,-9.5470978E-01
1.491404E-02,-1.3332916E-01,-9.2495514E-01
1.491732E-02,-1.3180328E-01,-8.9626862E-01
1.492060E-02,-1.3348175E-01,-8.6773468E-01
1.492388E-02,-1.3310028E-01,-8.3790375E-01
1.492716E-02,-1.3439728E-01,-8.0746246E-01
1.493044E-02,-1.3218475E-01,-7.7725006E-01
1.493372E-02,-1.3248993E-01,-7.4612213E-01
1.493700E-02,-1.3172699E-01,-7.1415497E-01
1.494028E-02,-1.3119293E-01,-6.8378998E-01
1.494356E-02,-1.3111664E-01,-6.5052582E-01
1.494684E-02,-1.3134552E-01,-6.1955048E-01
1.495012E-02,-1.3058258E-01,-5.8605743E-01
1.495340E-02,-1.3027740E-01,-5.5378510E-01
1.495668E-02,-1.2913300E-01,-5.2067352E-01
1.495996E-02,-1.2875153E-01,-4.8657013E-01
1.496324E-02,-1.2783600E-01,-4.5292450E-01
1.496652E-02,-1.2966705E-01,-4.2027069E-01
1.496980E-02,-1.2905670E-01,-3.8525177E-01
1.497308E-02,-1.2936188E-01,-3.5137726E-01
1.497636E-02,-1.2875153E-01,-3.1673981E-01
1.497964E-02,-1.2798859E-01,-2.8240753E-01
1.498292E-02,-1.2844635E-01,-2.4792267E-01
1.498620E-02,-1.2890411E-01,-2.1435333E-01
1.498948E-02,-1.2913300E-01,-1.7849518E-01
1.499276E-02,-1.2875153E-01,-1.4454437E-01
1.499604E-02,-1.2852264E-01,-1.0960175E-01
1.499932E-02,-1.2806488E-01,-7.4048767E-02
1.500260E-02,-1.2760712E-01,-3.9869080E-02
1.500588E-02,-1.2600494E-01,-4.6975708E-03
1.500916E-02,-1.2569977E-01,3.0702820E-02
1.501244E-02,-1.2676788E-01,6.5187683E-02
1.501572E-02,-1.2707306E-01,9.8528137E-02
1.501900E-02,-1.2638641E-01,1.3286041E-01
1.502228E-02,-1.2783600E-01,1.6704010E-01
1.502556E-02,-1.2661530E-01,2.0129608E-01
1.502884E-02,-1.2577606E-01,2.3585724E-01
1.503212E-02,-1.2501312E-01,2.7034210E-01
1.503540E-02,-1.2623383E-01,3.0505585E-01
1.503868E-02,-1.2638641E-01,3.3954071E-01
1.504196E-02,-1.2753082E-01,3.7349152E-01
1.504524E-02,-1.2554718E-01,4.0790009E-01
1.504852E-02,-1.2638641E-01,4.4200348E-01
1.505180E-02,-1.2440277E-01,4.7618317E-01
1.505508E-02,-1.2539459E-01,5.1005768E-01
1.505836E-02,-1.2508942E-01,5.4294037E-01
1.506164E-02,-1.2569977E-01,5.7605194E-01
1.506492E-02,-1.2455536E-01,6.0931610E-01
1.506820E-02,-1.2569977E-01,6.4166473E-01
1.507148E-02,-1.2371613E-01,6.7454742E-01
1.507476E-02,-1.2470795E-01,7.0605682E-01
1.507804E-02,-1.2386871E-01,7.3817657E-01
1.508132E-02,-1.2432648E-01,7.6976227E-01
1.508460E-02,-1.2478424E-01,8.0119537E-01
1.508788E-02,-1.2531830E-01,8.3148407E-01
1.509116E-02,-1.2501312E-01,8.6245941E-01
1.509444E-02,-1.2608124E-01,8.9129852E-01
1.509772E-02,-1.2486053E-01,9.2097687E-01
1.510100E-02,-1.2615753E-01,9.4905304E-01
1.510428E-02,-1.2409760E-01,9.7842621E-01
1.510756E-02,-1.2569977E-01,1.0067313E+00
1.511084E-02,-1.2371613E-01,1.0354941E+00
1.511412E-02,-1.2608124E-01,1.0628836E+00
1.511740E-02,-1.2417389E-01,1.0902731E+00
1.512068E-02,-1.2577606E-01,1.1169760E+00
1.512396E-02,-1.2447906E-01,1.1439841E+00
1.512724E-02,-1.2486053E-01,1.1693137E+00
1.513052E-02,-1.2478424E-01,1.1944144E+00
1.513380E-02,-1.2554718E-01,1.2187521E+00
1.513708E-02,-1.2425018E-01,1.2430136E+00
1.514036E-02,-1.2661530E-01,1.2671225E+00
1.514364E-02,-1.2608124E-01,1.2906210E+00
1.514692E-02,-1.2783600E-01,1.3135092E+00
1.515020E-02,-1.2592865E-01,1.3363211E+00
1.515348E-02,-1.2730194E-01,1.3572256E+00
1.515676E-02,-1.2508942E-01,1.3798087E+00
1.516004E-02,-1.2684418E-01,1.3991873E+00
1.516332E-02,-1.2638641E-01,1.4206259E+00
1.516660E-02,-1.2722565E-01,1.4388602E+00
1.516988E-02,-1.2623383E-01,1.4583914E+00
1.517316E-02,-1.2653900E-01,1.4763968E+00
1.517644E-02,-1.2508942E-01,1.4947836E+00
1.517972E-02,-1.2638641E-01,1.5112631E+00
1.518300E-02,-1.2493683E-01,1.5286581E+00
1.518628E-02,-1.2722565E-01,1.5435355E+00
1.518956E-02,-1.2661530E-01,1.5588705E+00
1.519284E-02,-1.2928558E-01,1.5722983E+00
1.519612E-02,-1.2638641E-01,1.5870993E+00
1.519940E-02,-1.2783600E-01,1.5997641E+00
1.520268E-02,-1.2631012E-01,1.6128104E+00
1.520596E-02,-1.2791229E-01,1.6234915E+00
1.520924E-02,-1.2646271E-01,1.6353171E+00
1.521252E-02,-1.2798859E-01,1.6449301E+00
1.521580E-02,-1.2676788E-01,1.6556113E+00
1.521908E-02,-1.2890411E-01,1.6637747E+00
1.522236E-02,-1.2760712E-01,1.6727011E+00
1.522564E-02,-1.2905670E-01,1.6797202E+00
1.522892E-02,-1.2760712E-01,1.6880362E+00
1.523220E-02,-1.2936188E-01,1.6924612E+00
1.523548E-02,-1.2783600E-01,1.6990225E+00
1.523876E-02,-1.2882782E-01,1.7032187E+00
1.524204E-02,-1.2768341E-01,1.7087881E+00
1.524532E-02,-1.2913300E-01,1.7112296E+00
1.524860E-02,-1.2844635E-01,1.7146628E+00
1.525188E-02,-1.2981964E-01,1.7156546E+00
1.525516E-02,-1.2951447E-01,1.7180197E+00
1.525844E-02,-1.3126923E-01,1.7171042E+00
1.526172E-02,-1.3027740E-01,1.7182486E+00
1.526500E-02,-1.3104034E-01,1.7167990E+00
1.526828E-02,-1.3042999E-01,1.7154257E+00
1.527156E-02,-1.3111664E-01,1.7130606E+00
1.527484E-02,-1.3134552E-01,1.7103903E+00
1.527812E-02,-1.3149811E-01,1.7056601E+00
1.528140E-02,-1.3073517E-01,1.7022269E+00
1.528468E-02,-1.3241364E-01,1.6961234E+00
1.528796E-02,-1.3088776E-01,1.6914694E+00
1.529124E-02,-1.3126923E-01,1.6845267E+00
1.529452E-02,-1.3065887E-01,1.6770499E+00
1.529780E-02,-1.3088776E-01,1.6678946E+00
1.530108E-02,-1.3142181E-01,1.6595023E+00
1.530436E-02,-1.3149811E-01,1.6497366E+00
1.530764E-02,-1.3180328E-01,1.6404288E+00
1.531092E-02,-1.3325287E-01,1.6299765E+00
1.531420E-02,-1.3378693E-01,1.6190665E+00
1.531748E-02,-1.3317657E-01,1.6070883E+00
1.532076E-02,-1.3302399E-01,1.5948050E+00
1.532404E-02,-1.3287140E-01,1.5802328E+00
1.532732E-02,-1.3317657E-01,1.5666525E+00
1.533060E-02,-1.3332916E-01,1.5516989E+00
1.533388E-02,-1.3454987E-01,1.5365164E+00
1.533716E-02,-1.3477875E-01,1.5201132E+00
1.534044E-02,-1.3416840E-01,1.5041678E+00
1.534372E-02,-1.3317657E-01,1.4868491E+00
1.534700E-02,-1.3226105E-01,1.4688437E+00
1.535028E-02,-1.3203217E-01,1.4503043E+00
1.535356E-02,-1.3279510E-01,1.4313071E+00
1.535684E-02,-1.3355804E-01,1.4114706E+00
1.536012E-02,-1.3378693E-01,1.3915579E+00
1.536340E-02,-1.3393951E-01,1.3701193E+00
1.536668E-02,-1.3409210E-01,1.3499777E+00
1.536996E-02,-1.3363434E-01,1.3280051E+00
1.537324E-02,-1.3409210E-01,1.3053458E+00
1.537652E-02,-1.3317657E-01,1.2830679E+00
1.537980E-02,-1.3416840E-01,1.2594931E+00
1.538308E-02,-1.3386322E-01,1.2359183E+00
1.538636E-02,-1.3485504E-01,1.2116568E+00
1.538964E-02,-1.3264252E-01,1.1861746E+00
1.539292E-02,-1.3363434E-01,1.1606161E+00
1.539620E-02,-1.3256622E-01,1.1349814E+00
1.539948E-02,-1.3355804E-01,1.1085074E+00
1.540276E-02,-1.3325287E-01,1.0802786E+00
1.540604E-02,-1.3363434E-01,1.0534995E+00
1.540932E-02,-1.3332916E-01,1.0256522E+00
1.541260E-02,-1.3409210E-01,9.9734711E-01
1.541588E-02,-1.3226105E-01,9.6980499E-01
1.541916E-02,-1.3439728E-01,9.4043182E-01
1.542244E-02,-1.3241364E-01,9.1151642E-01
1.542572E-02,-1.3523651E-01,8.8214325E-01
1.542900E-02,-1.3401581E-01,8.5231232E-01
1.543228E-02,-1.3577057E-01,8.2133698E-01
1.543556E-02,-1.3462616E-01,7.9036163E-01
1.543884E-02,-1.3554169E-01,7.5946259E-01
1.544212E-02,-1.3355804E-01,7.2673248E-01
1.544540E-02,-1.3493134E-01,6.9476532E-01
1.544868E-02,-1.3302399E-01,6.6348480E-01
1.545196E-02,-1.3516022E-01,6.3113617E-01
1.545524E-02,-1.3363434E-01,5.9802460E-01
1.545852E-02,-1.3393951E-01,5.6514191E-01
1.546180E-02,-1.3371063E-01,5.3172516E-01
1.546508E-02,-1.3424469E-01,4.9792694E-01
1.546836E-02,-1.3348175E-01,4.6489166E-01
1.547164E-02,-1.3424469E-01,4.3025421E-01
1.547492E-02,-1.3363434E-01,3.9645599E-01
1.547820E-02,-1.3393951E-01,3.6250519E-01
1.548148E-02,-1.3264252E-01,3.2863068E-01
1.548476E-02,-1.3409210E-01,2.9307770E-01
1.548804E-02,-1.3279510E-01,2.5943207E-01
1.549132E-02,-1.3432098E-01,2.2540497E-01
1.549460E-02,-1.3348175E-01,1.9122528E-01
1.549788E-02,-1.3477875E-01,1.5635895E-01
1.550116E-02,-1.3371063E-01,1.2362885E-01
1.550444E-02,-1.3424469E-01,8.8381042E-02
1.550772E-02,-1.3294769E-01,5.4125061E-02
1.551100E-02,-1.3340546E-01,1.8495789E-02
1.551428E-02,-1.3081146E-01,-1.5073547E-02
1.551756E-02,-1.3271881E-01,-5.0245056E-02
1.552084E-02,-1.3126923E-01,-8.4501038E-02
1.552412E-02,-1.3340546E-01,-1.1959625E-01
1.552740E-02,-1.3233734E-01,-1.5339447E-01
1.553068E-02,-1.3363434E-01,-1.8864227E-01
1.553396E-02,-1.3218475E-01,-2.2244049E-01
1.553724E-02,-1.3340546E-01,-2.5753571E-01
1.554052E-02,-1.3050629E-01,-2.9125763E-01
1.554380E-02,-1.3310028E-01,-3.2612396E-01
1.554708E-02,-1.3165070E-01,-3.6053253E-01
1.555036E-02,-1.3302399E-01,-3.9532257E-01
1.555364E-02,-1.3218475E-01,-4.2858673E-01
1.555692E-02,-1.3302399E-01,-4.6238495E-01
1.556020E-02,-1.3096405E-01,-4.9511505E-01
1.556348E-02,-1.3264252E-01,-5.2975250E-01
1.556676E-02,-1.3065887E-01,-5.6133820E-01
1.557004E-02,-1.3226105E-01,-5.9490753E-01
1.557332E-02,-1.3042999E-01,-6.2595917E-01
1.557660E-02,-1.3165070E-01,-6.5891815E-01
1.557988E-02,-1.3027740E-01,-6.9012238E-01
1.558316E-02,-1.3134552E-01,-7.2254730E-01
1.558644E-02,-1.2981964E-01,-7.5237823E-01
1.558972E-02,-1.3096405E-01,-7.8449799E-01
1.559300E-02,-1.3027740E-01,-8.1501556E-01
1.559628E-02,-1.3180328E-01,-8.4560944E-01
1.559956E-02,-1.3233734E-01,-8.7498260E-01
1.560284E-02,-1.3279510E-01,-9.0420319E-01
1.560612E-02,-1.3195587E-01,-9.3258453E-01
1.560940E-02,-1.3111664E-01,-9.6195770E-01
1.561268E-02,-1.2981964E-01,-9.8927094E-01
1.561596E-02,-1.3050629E-01,-1.0175760E+00
1.561924E-02,-1.2905670E-01,-1.0442789E+00
1.562252E-02,-1.3104034E-01,-1.0717447E+00
1.562580E-02,-1.2989594E-01,-1.0974557E+00
1.562908E-02,-1.3050629E-01,-1.1240060E+00
1.563236E-02,-1.2882782E-01,-1.1491830E+00
1.563564E-02,-1.2966705E-01,-1.1745126E+00
1.563892E-02,-1.2913300E-01,-1.1981638E+00
1.564220E-02,-1.2959076E-01,-1.2222726E+00
1.564548E-02,-1.2936188E-01,-1.2460001E+00
1.564876E-02,-1.2989594E-01,-1.2694986E+00
1.565204E-02,-1.3020111E-01,-1.2908609E+00
1.565532E-02,-1.2943817E-01,-1.3126047E+00
1.565860E-02,-1.2959076E-01,-1.3332040E+00
1.566188E-02,-1.2966705E-01,-1.3549478E+00
1.566516E-02,-1.2981964E-01,-1.3745554E+00
1.566844E-02,-1.3035370E-01,-1.3940866E+00
1.567172E-02,-1.3012482E-01,-1.4133890E+00
1.567500E-02,-1.3027740E-01,-1.4319284E+00
1.567828E-02,-1.2951447E-01,-1.4493234E+00
1.568156E-02,-1.2875153E-01,-1.4655740E+00
1.568484E-02,-1.2829376E-01,-1.4809854E+00
1.568812E-02,-1.2936188E-01,-1.4970834E+00
1.569140E-02,-1.2905670E-01,-1.5121896E+00
1.569468E-02,-1.2905670E-01,-1.5267618E+00
1.569796E-02,-1.2959076E-01,-1.5400369E+00
1.570124E-02,-1.2920929E-01,-1.5529306E+00
1.570452E-02,-1.2936188E-01,-1.5650613E+00
1.570780E-02,-1.2936188E-01,-1.5768106E+00
1.571108E-02,-1.2898041E-01,-1.5874155E+00
1.571436E-02,-1.2920929E-01,-1.5978677E+00
1.571764E-02,-1.2920929E-01,-1.6081674E+00
1.572092E-02,-1.2852264E-01,-1.6167886E+00
1.572420E-02,-1.2951447E-01,-1.6251810E+00
1.572748E-02,-1.2783600E-01,-1.6322000E+00
1.573076E-02,-1.2806488E-01,-1.6386850E+00
1.573404E-02,-1.2753082E-01,-1.6446359E+00
1.573732E-02,-1.2760712E-01,-1.6499765E+00
1.574060E-02,-1.2737823E-01,-1.6554697E+00
1.574388E-02,-1.2768341E-01,-1.6590555E+00
1.574716E-02,-1.2669159E-01,-1.6625650E+00
1.575044E-02,-1.2844635E-01,-1.6643198E+00
1.575372E-02,-1.2684418E-01,-1.6662271E+00
1.575700E-02,-1.2692047E-01,-1.6672952E+00
1.576028E-02,-1.2615753E-01,-1.6672189E+00
1.576356E-02,-1.2653900E-01,-1.6662271E+00
1.576684E-02,-1.2684418E-01,-1.6657693E+00
1.577012E-02,-1.2837006E-01,-1.6637857E+00
1.577340E-02,-1.2714935E-01,-1.6604288E+00
1.577668E-02,-1.2753082E-01,-1.6573770E+00
1.577996E-02,-1.2623383E-01,-1.6536386E+00
1.578324E-02,-1.2585236E-01,-1.6498239E+00
1.578652E-02,-1.2470795E-01,-1.6443307E+00
1.578980E-02,-1.2516571E-01,-1.6375406E+00
1.579308E-02,-1.2547089E-01,-1.6297586E+00
1.579636E-02,-1.2562347E-01,-1.6227396E+00
1.579964E-02,-1.2463165E-01,-1.6135843E+00
1.580292E-02,-1.2501312E-01,-1.6056497E+00
1.580620E-02,-1.2379242E-01,-1.5959604E+00
1.580948E-02,-1.2501312E-01,-1.5855844E+00
1.581276E-02,-1.2386871E-01,-1.5731485E+00
1.581604E-02,-1.2493683E-01,-1.5617044E+00
1.581932E-02,-1.2386871E-01,-1.5485056E+00
1.582260E-02,-1.2508942E-01,-1.5362222E+00
1.582588E-02,-1.2295319E-01,-1.5218790E+00
1.582916E-02,-1.2318207E-01,-1.5081461E+00
1.583244E-02,-1.2257172E-01,-1.4922006E+00
1.583572E-02,-1.2363983E-01,-1.4766367E+00
1.583900E-02,-1.2325836E-01,-1.4589365E+00
1.584228E-02,-1.2402130E-01,-1.4428384E+00
1.584556E-02,-1.2310577E-01,-1.4246805E+00
1.584884E-02,-1.2386871E-01,-1.4066751E+00
1.585212E-02,-1.2165619E-01,-1.3864572E+00
1.585540E-02,-1.2165619E-01,-1.3677652E+00
1.585868E-02,-1.2035919E-01,-1.3468607E+00
1.586196E-02,-1.2211395E-01,-1.3265665E+00
1.586524E-02,-1.2203766E-01,-1.3049753E+00
1.586852E-02,-1.2363983E-01,-1.2837656E+00
1.587180E-02,-1.2219025E-01,-1.2600381E+00
1.587508E-02,-1.2310577E-01,-1.2373026E+00
1.587836E-02,-1.2226654E-01,-1.2139566E+00
1.588164E-02,-1.2341095E-01,-1.1904581E+00
1.588492E-02,-1.2142731E-01,-1.1652048E+00
1.588820E-02,-1.2432648E-01,-1.1397226E+00
1.589148E-02,-1.2219025E-01,-1.1145456E+00
1.589476E-02,-1.2310577E-01,-1.0892923E+00
1.589804E-02,-1.2119843E-01,-1.0618265E+00
1.590132E-02,-1.2241913E-01,-1.0354288E+00
1.590460E-02,-1.2135101E-01,-1.0071237E+00
1.590788E-02,-1.2287689E-01,-9.8026825E-01
1.591116E-02,-1.2150360E-01,-9.4967438E-01
1.591444E-02,-1.2234283E-01,-9.2304779E-01
1.591772E-02,-1.2020660E-01,-8.9306427E-01
1.592100E-02,-1.2135101E-01,-8.6582733E-01
1.592428E-02,-1.1883331E-01,-8.3508087E-01
1.592756E-02,-1.2081696E-01,-8.0578400E-01
1.593084E-02,-1.1929108E-01,-7.7374054E-01
1.593412E-02,-1.2165619E-01,-7.4352814E-01
1.593740E-02,-1.2043549E-01,-7.1018768E-01
1.594068E-02,-1.2089325E-01,-6.8012787E-01
1.594396E-02,-1.2074066E-01,-6.4678741E-01
1.594724E-02,-1.2157990E-01,-6.1550690E-01
1.595052E-02,-1.2074066E-01,-5.8170868E-01
1.595380E-02,-1.2043549E-01,-5.5058075E-01
1.595708E-02,-1.1852814E-01,-5.1594330E-01
1.596036E-02,-1.1921478E-01,-4.8328949E-01
1.596364E-02,-1.1776520E-01,-4.4880463E-01
1.596692E-02,-1.1913849E-01,-4.1676117E-01
1.597020E-02,-1.1845184E-01,-3.8120819E-01
1.597348E-02,-1.1837555E-01,-3.4794403E-01
1.597676E-02,-1.1700226E-01,-3.1231476E-01
1.598004E-02,-1.1829926E-01,-2.7882172E-01
1.598332E-02,-1.1784149E-01,-2.4410797E-01
1.598660E-02,-1.1852814E-01,-2.0977570E-01
1.598988E-02,-1.1837555E-01,-1.7384125E-01
1.599316E-02,-1.1974884E-01,-1.4034821E-01
1.599644E-02,-1.1776520E-01,-1.0487152E-01
1.599972E-02,-1.1890961E-01,-7.0920715E-02
1.600300E-02,-1.1845184E-01,-3.5672913E-02
1.600628E-02,-1.1852814E-01,-2.1798706E-03
1.600956E-02,-1.1845184E-01,3.3373108E-02
1.601284E-02,-1.1875702E-01,6.7629089E-02
1.601612E-02,-1.1791779E-01,1.0241913E-01
1.601940E-02,-1.1814667E-01,1.3705658E-01
1.602268E-02,-1.1700226E-01,1.7177032E-01
1.602596E-02,-1.1646820E-01,2.0595001E-01
1.602924E-02,-1.1662079E-01,2.4035858E-01
1.603252E-02,-1.1684967E-01,2.7469086E-01
1.603580E-02,-1.1814667E-01,3.0787872E-01
1.603908E-02,-1.1875702E-01,3.4213470E-01
1.604236E-02,-1.1753632E-01,3.7745880E-01
1.604564E-02,-1.1707855E-01,4.1087555E-01
1.604892E-02,-1.1692596E-01,4.4528412E-01
1.605220E-02,-1.1753632E-01,4.7938751E-01
1.605548E-02,-1.1807037E-01,5.1349091E-01
1.605876E-02,-1.1784149E-01,5.4690765E-01
1.606204E-02,-1.1753632E-01,5.7963776E-01
1.606532E-02,-1.1677338E-01,6.1229156E-01
1.606860E-02,-1.1639191E-01,6.4532684E-01
1.607188E-02,-1.1555267E-01,6.7668365E-01
1.607516E-02,-1.1669708E-01,7.0956635E-01
1.607844E-02,-1.1585785E-01,7.4054169E-01
1.608172E-02,-1.1692596E-01,7.7166962E-01
1.608500E-02,-1.1662079E-01,8.0310272E-01
1.608828E-02,-1.1585785E-01,8.3423065E-01
1.609156E-02,-1.1601044E-01,8.6429047E-01
1.609484E-02,-1.1631561E-01,8.9419769E-01
1.609812E-02,-1.1547638E-01,9.2364716E-01
1.610140E-02,-1.1593414E-01,9.5233368E-01
1.610468E-02,-1.1562897E-01,9.8124908E-01
1.610796E-02,-1.1646820E-01,1.0097067E+00
1.611124E-02,-1.1562897E-01,1.0370200E+00
1.611452E-02,-1.1654449E-01,1.0654776E+00
1.611780E-02,-1.1562897E-01,1.0927908E+00
1.612108E-02,-1.1578156E-01,1.1203329E+00
1.612436E-02,-1.1341644E-01,1.1467307E+00
1.612764E-02,-1.1433197E-01,1.1728232E+00
1.613092E-02,-1.1250092E-01,1.1979239E+00
1.613420E-02,-1.1417938E-01,1.2228720E+00
1.613748E-02,-1.1303497E-01,1.2465231E+00
1.614076E-02,-1.1478973E-01,1.2703268E+00
1.614404E-02,-1.1311127E-01,1.2937491E+00
1.614732E-02,-1.1318756E-01,1.3157217E+00
1.615060E-02,-1.1288239E-01,1.3392203E+00
1.615388E-02,-1.1448456E-01,1.3602774E+00
1.615716E-02,-1.1448456E-01,1.3814108E+00
1.616044E-02,-1.1478973E-01,1.4018576E+00
1.616372E-02,-1.1433197E-01,1.4220755E+00
1.616700E-02,-1.1395050E-01,1.4408438E+00
1.617028E-02,-1.1295868E-01,1.4599936E+00
1.617356E-02,-1.1433197E-01,1.4779990E+00
1.617684E-02,-1.1280609E-01,1.4969199E+00
1.618012E-02,-1.1456085E-01,1.5130179E+00
1.618340E-02,-1.1318756E-01,1.5298788E+00
1.618668E-02,-1.1440826E-01,1.5446799E+00
1.618996E-02,-1.1204315E-01,1.5595572E+00
1.619324E-02,-1.1257721E-01,1.5746634E+00
1.619652E-02,-1.1135651E-01,1.5876334E+00
1.619980E-02,-1.1280609E-01,1.6004507E+00
1.620308E-02,-1.1219574E-01,1.6134970E+00
1.620636E-02,-1.1272980E-01,1.6251700E+00
1.620964E-02,-1.1219574E-01,1.6356985E+00
1.621292E-02,-1.1334015E-01,1.6456168E+00
1.621620E-02,-1.1211945E-01,1.6559927E+00
1.621948E-02,-1.1303497E-01,1.6637747E+00
1.622276E-02,-1.1143280E-01,1.6738455E+00
1.622604E-02,-1.1318756E-01,1.6804831E+00
1.622932E-02,-1.1334015E-01,1.6878836E+00
1.623260E-02,-1.1303497E-01,1.6933005E+00
1.623588E-02,-1.1112762E-01,1.6991751E+00
1.623916E-02,-1.1234833E-01,1.7033713E+00
1.624244E-02,-1.1112762E-01,1.7079489E+00
1.624572E-02,-1.1272980E-01,1.7103903E+00
1.624900E-02,-1.1173798E-01,1.7144339E+00
1.625228E-02,-1.1234833E-01,1.7151968E+00
1.625556E-02,-1.1021210E-01,1.7173331E+00
1.625884E-02,-1.1189056E-01,1.7162650E+00
1.626212E-02,-1.0983063E-01,1.7172568E+00
1.626540E-02,-1.1128021E-01,1.7157309E+00
1.626868E-02,-1.0952545E-01,1.7150443E+00
1.627196E-02,-1.1181427E-01,1.7114584E+00
1.627524E-02,-1.1089874E-01,1.7093222E+00
1.627852E-02,-1.1272980E-01,1.7050497E+00
1.628180E-02,-1.1135651E-01,1.7017691E+00
1.628508E-02,-1.1250092E-01,1.6950552E+00
1.628836E-02,-1.0983063E-01,1.6906302E+00
1.629164E-02,-1.1066986E-01,1.6830008E+00
1.629492E-02,-1.0860992E-01,1.6771262E+00
1.629820E-02,-1.1051727E-01,1.6676657E+00
1.630148E-02,-1.0929657E-01,1.6603415E+00
1.630476E-02,-1.0990692E-01,1.6490500E+00
1.630804E-02,-1.0853363E-01,1.6408865E+00
1.631132E-02,-1.0952545E-01,1.6294424E+00
1.631460E-02,-1.0792328E-01,1.6187613E+00
1.631788E-02,-1.0975433E-01,1.6056387E+00
1.632116E-02,-1.0868622E-01,1.5941183E+00
1.632444E-02,-1.0960175E-01,1.5793936E+00
1.632772E-02,-1.0891510E-01,1.5662711E+00
1.633100E-02,-1.0952545E-01,1.5500967E+00
1.633428E-02,-1.0815216E-01,1.5362112E+00
1.633756E-02,-1.0883881E-01,1.5191214E+00
1.634084E-02,-1.0815216E-01,1.5037863E+00
1.634412E-02,-1.0967804E-01,1.4856284E+00
1.634740E-02,-1.0876251E-01,1.4677756E+00
1.635068E-02,-1.0891510E-01,1.4487784E+00
1.635396E-02,-1.0784698E-01,1.4306204E+00
1.635724E-02,-1.0769440E-01,1.4104025E+00
1.636052E-02,-1.0639740E-01,1.3909476E+00
1.636380E-02,-1.0532928E-01,1.3694327E+00
1.636708E-02,-1.0555817E-01,1.3482230E+00
1.637036E-02,-1.0670258E-01,1.3255637E+00
1.637364E-02,-1.0662628E-01,1.3029807E+00
1.637692E-02,-1.0738922E-01,1.2799399E+00
1.638020E-02,-1.0693146E-01,1.2560599E+00
1.638348E-02,-1.0708405E-01,1.2322562E+00
1.638676E-02,-1.0609222E-01,1.2079184E+00
1.639004E-02,-1.0601593E-01,1.1823599E+00
1.639332E-02,-1.0677887E-01,1.1577933E+00
1.639660E-02,-1.0639740E-01,1.1304037E+00
1.639988E-02,-1.0708405E-01,1.1046927E+00
1.640316E-02,-1.0586334E-01,1.0773032E+00
1.640644E-02,-1.0510040E-01,1.0502951E+00
1.640972E-02,-1.0426117E-01,1.0224478E+00
1.641300E-02,-1.0479523E-01,9.9490570E-01
1.641628E-02,-1.0349823E-01,9.6560883E-01
1.641956E-02,-1.0357452E-01,9.3699860E-01
1.642284E-02,-1.0235382E-01,9.0762543E-01
1.642612E-02,-1.0288788E-01,8.7817596E-01
1.642940E-02,-1.0235382E-01,8.4803986E-01
1.643268E-02,-1.0349823E-01,8.1798004E-01
1.643596E-02,-1.0258270E-01,7.8669952E-01
1.643924E-02,-1.0395599E-01,7.5519012E-01
1.644252E-02,-1.0235382E-01,7.2375702E-01
1.644580E-02,-1.0326935E-01,6.9163727E-01
1.644908E-02,-1.0365082E-01,6.5913605E-01
1.645236E-02,-1.0334564E-01,6.2732147E-01
1.645564E-02,-1.0288788E-01,5.9527802E-01
1.645892E-02,-1.0197235E-01,5.6239532E-01
1.646220E-02,-1.0090424E-01,5.2913116E-01
1.646548E-02,-1.0181976E-01,4.9548553E-01
1.646876E-02,-1.0067535E-01,4.6115326E-01
1.647204E-02,-1.0151459E-01,4.2735504E-01
1.647532E-02,-9.9683533E-02,3.9378571E-01
1.647860E-02,-1.0105682E-01,3.5991119E-01
1.648188E-02,-1.0014130E-01,3.2458710E-01
1.648516E-02,-1.0105682E-01,2.9010223E-01
1.648844E-02,-9.8996887E-02,2.5599884E-01
1.649172E-02,-1.0052277E-01,2.2227692E-01
1.649500E-02,-9.9454651E-02,1.8771576E-01
1.649828E-02,-1.0151459E-01,1.5315460E-01
1.650156E-02,-9.9988708E-02,1.1935638E-01
1.650484E-02,-1.0098053E-01,8.4032288E-02
1.650812E-02,-9.9149475E-02,4.9471130E-02
1.651140E-02,-1.0128571E-01,1.4681091E-02
1.651468E-02,-1.0014130E-01,-1.9574890E-02
1.651796E-02,-1.0090424E-01,-5.4670105E-02
1.652124E-02,-9.9149475E-02,-8.9002380E-02
1.652452E-02,-1.0059906E-01,-1.2310577E-01
1.652780E-02,-9.8157654E-02,-1.5743805E-01
1.653108E-02,-9.8691711E-02,-1.9230438E-01
1.653436E-02,-9.7394714E-02,-2.2732330E-01
1.653764E-02,-9.8691711E-02,-2.6089264E-01
1.654092E-02,-9.7471008E-02,-2.9484344E-01
1.654420E-02,-9.9225769E-02,-3.2978607E-01
1.654748E-02,-9.7928772E-02,-3.6373688E-01
1.655076E-02,-9.7165833E-02,-3.9738251E-01
1.655404E-02,-9.6021423E-02,-4.3140961E-01
1.655732E-02,-9.7165833E-02,-4.6528412E-01
1.656060E-02,-9.6174011E-02,-4.9885345E-01
1.656388E-02,-9.8233948E-02,-5.3280426E-01
1.656716E-02,-9.7165833E-02,-5.6477142E-01
1.657044E-02,-9.7623596E-02,-5.9795929E-01
1.657372E-02,-9.5868835E-02,-6.2901093E-01
1.657700E-02,-9.6250305E-02,-6.6151215E-01
1.658028E-02,-9.4495544E-02,-6.9347931E-01
1.658356E-02,-9.6021423E-02,-7.2590424E-01
1.658684E-02,-9.5182190E-02,-7.5687958E-01
1.659012E-02,-9.7013245E-02,-7.8823639E-01
1.659340E-02,-9.5182190E-02,-8.1905914E-01
1.659668E-02,-9.5945129E-02,-8.4896637E-01
1.659996E-02,-9.4495544E-02,-8.7719513E-01
1.660324E-02,-9.5487366E-02,-9.0733124E-01
1.660652E-02,-9.4190369E-02,-9.3494965E-01
1.660980E-02,-9.5029602E-02,-9.6447540E-01
1.661308E-02,-9.3732605E-02,-9.9186493E-01
1.661636E-02,-9.5487366E-02,-1.0204752E+00
1.661964E-02,-9.4877014E-02,-1.0470255E+00
1.662292E-02,-9.6250305E-02,-1.0747202E+00
1.662620E-02,-9.3732605E-02,-1.0993631E+00
1.662948E-02,-9.4800720E-02,-1.1276682E+00
1.663276E-02,-9.2511902E-02,-1.1520059E+00
1.663604E-02,-9.4114075E-02,-1.1777933E+00
1.663932E-02,-9.2359314E-02,-1.2014444E+00
1.664260E-02,-9.4114075E-02,-1.2243326E+00
1.664588E-02,-9.2664490E-02,-1.2472971E+00
1.664916E-02,-9.3808899E-02,-1.2714059E+00
1.665244E-02,-9.2130432E-02,-1.2920816E+00
1.665572E-02,-9.3045959E-02,-1.3151224E+00
1.665900E-02,-9.1443787E-02,-1.3354166E+00
1.666228E-02,-9.2435608E-02,-1.3570078E+00
1.666556E-02,-9.1367493E-02,-1.3755472E+00
1.666884E-02,-9.2969666E-02,-1.3966806E+00
1.667212E-02,-9.1901550E-02,-1.4143045E+00
1.667540E-02,-9.2740784E-02,-1.4333780E+00
1.667868E-02,-9.1214905E-02,-1.4503152E+00
1.668196E-02,-9.2283020E-02,-1.4680917E+00
1.668524E-02,-9.1443787E-02,-1.4834268E+00
1.668852E-02,-9.1596375E-02,-1.4996774E+00
1.669180E-02,-9.0299377E-02,-1.5143259E+00
1.669508E-02,-9.0299377E-02,-1.5295084E+00
1.669836E-02,-8.8849792E-02,-1.5424783E+00
1.670164E-02,-8.8849792E-02,-1.5546854E+00
1.670492E-02,-8.7629089E-02,-1.5669687E+00
1.670820E-02,-8.8849792E-02,-1.5789468E+00
1.671148E-02,-8.9002380E-02,-1.5892465E+00
1.671476E-02,-8.9765320E-02,-1.6000040E+00
1.671804E-02,-8.9536438E-02,-1.6093881E+00
1.672132E-02,-8.9154968E-02,-1.6181619E+00
1.672460E-02,-8.7857971E-02,-1.6258676E+00
1.672788E-02,-8.8544617E-02,-1.6339548E+00
1.673116E-02,-8.7629089E-02,-1.6397531E+00
1.673444E-02,-8.9078674E-02,-1.6451700E+00
1.673772E-02,-8.8239441E-02,-1.6499765E+00
1.674100E-02,-8.8239441E-02,-1.6550119E+00
1.674428E-02,-8.7400208E-02,-1.6589029E+00
1.674756E-02,-8.6332092E-02,-1.6626413E+00
1.675084E-02,-8.6179504E-02,-1.6648538E+00
1.675412E-02,-8.6484680E-02,-1.6659982E+00
1.675740E-02,-8.7552795E-02,-1.6666849E+00
1.676068E-02,-8.7095032E-02,-1.6675241E+00
1.676396E-02,-8.5950623E-02,-1.6664560E+00
1.676724E-02,-8.4501038E-02,-1.6655405E+00
1.677052E-02,-8.5035095E-02,-1.6630228E+00
1.677380E-02,-8.4958801E-02,-1.6602762E+00
1.677708E-02,-8.5187683E-02,-1.6569955E+00
1.678036E-02,-8.5111389E-02,-1.6531808E+00
1.678364E-02,-8.5721741E-02,-1.6471536E+00
1.678692E-02,-8.4653625E-02,-1.6420419E+00
1.679020E-02,-8.5492859E-02,-1.6359384E+00
1.679348E-02,-8.3814392E-02,-1.6285379E+00
1.679676E-02,-8.4577332E-02,-1.6205270E+00
1.680004E-02,-8.3661804E-02,-1.6120584E+00
1.680332E-02,-8.3814392E-02,-1.6039713E+00
1.680660E-02,-8.2517395E-02,-1.5929086E+00
1.680988E-02,-8.3051453E-02,-1.5821512E+00
1.681316E-02,-8.2669983E-02,-1.5710123E+00
1.681644E-02,-8.2364807E-02,-1.5592630E+00
1.681972E-02,-8.1601868E-02,-1.5475900E+00
1.682300E-02,-8.3051453E-02,-1.5345438E+00
1.682628E-02,-8.1220398E-02,-1.5210397E+00
1.682956E-02,-8.3356628E-02,-1.5066965E+00
1.683284E-02,-8.1983337E-02,-1.4905222E+00
1.683612E-02,-8.2669983E-02,-1.4737375E+00
1.683940E-02,-8.2135925E-02,-1.4570291E+00
1.684268E-02,-8.3204041E-02,-1.4400156E+00
1.684596E-02,-8.1220398E-02,-1.4218576E+00
1.684924E-02,-8.2593689E-02,-1.4034708E+00
1.685252E-02,-8.0838928E-02,-1.3844736E+00
1.685580E-02,-8.1907043E-02,-1.3643320E+00
1.685908E-02,-8.0991516E-02,-1.3440378E+00
1.686236E-02,-8.1678162E-02,-1.3232858E+00
1.686564E-02,-7.8931580E-02,-1.3018472E+00
1.686892E-02,-7.9313049E-02,-1.2802560E+00
1.687220E-02,-7.8626404E-02,-1.2566812E+00
1.687548E-02,-7.9541931E-02,-1.2346323E+00
1.687876E-02,-7.8778992E-02,-1.2106760E+00
1.688204E-02,-8.1144104E-02,-1.1868723E+00
1.688532E-02,-7.9923401E-02,-1.1620767E+00
1.688860E-02,-8.0762634E-02,-1.1371286E+00
1.689188E-02,-7.9160461E-02,-1.1111887E+00
1.689516E-02,-7.9999695E-02,-1.0857065E+00
1.689844E-02,-7.9160461E-02,-1.0584695E+00
1.690172E-02,-7.9541931E-02,-1.0313089E+00
1.690500E-02,-7.9389343E-02,-1.0037668E+00
1.690828E-02,-7.9541931E-02,-9.7637726E-01
1.691156E-02,-7.7787170E-02,-9.4715668E-01
1.691484E-02,-7.8473816E-02,-9.1847015E-01
1.691812E-02,-7.7481995E-02,-8.8863922E-01
1.692140E-02,-7.8244934E-02,-8.6056305E-01
1.692468E-02,-7.7405701E-02,-8.2974030E-01
1.692796E-02,-7.8778992E-02,-8.0036713E-01
1.693124E-02,-7.7481995E-02,-7.6931549E-01
1.693452E-02,-7.8244934E-02,-7.3872162E-01
1.693780E-02,-7.6032410E-02,-7.0652557E-01
1.694108E-02,-7.6490173E-02,-6.7577911E-01
1.694436E-02,-7.6108704E-02,-6.4251495E-01
1.694764E-02,-7.7481995E-02,-6.1062408E-01
1.695092E-02,-7.6032410E-02,-5.7766510E-01
1.695420E-02,-7.8092346E-02,-5.4546906E-01
1.695748E-02,-7.6108704E-02,-5.1167084E-01
1.696076E-02,-7.7024231E-02,-4.7924591E-01
1.696404E-02,-7.5269470E-02,-4.4476105E-01
1.696732E-02,-7.6261292E-02,-4.1134430E-01
1.697060E-02,-7.5422058E-02,-3.7617279E-01
1.697388E-02,-7.5345764E-02,-3.4252716E-01
1.697716E-02,-7.3743591E-02,-3.0735565E-01
1.698044E-02,-7.5650940E-02,-2.7409149E-01
1.698372E-02,-7.3667297E-02,-2.3884369E-01
1.698700E-02,-7.5422058E-02,-2.0504547E-01
1.699028E-02,-7.3209534E-02,-1.6895844E-01
1.699356E-02,-7.4659119E-02,-1.3676239E-01
1.699684E-02,-7.3285828E-02,-1.0159088E-01
1.700012E-02,-7.4659119E-02,-6.8250427E-02
1.700340E-02,-7.2751770E-02,-3.1553040E-02
1.700668E-02,-7.5269470E-02,2.3977661E-03
1.700996E-02,-7.3667297E-02,3.8561096E-02
1.701324E-02,-7.4735413E-02,7.1977844E-02
1.701652E-02,-7.3209534E-02,1.0684418E-01
1.701980E-02,-7.4659119E-02,1.4110016E-01
1.702308E-02,-7.2522888E-02,1.7634796E-01
1.702636E-02,-7.3896179E-02,2.1029877E-01
1.702964E-02,-7.2370300E-02,2.4478363E-01
1.703292E-02,-7.2675476E-02,2.7873444E-01
1.703620E-02,-7.1302185E-02,3.1405853E-01
1.703948E-02,-7.1149597E-02,3.4778046E-01
1.704276E-02,-7.0310364E-02,3.8325714E-01
1.704604E-02,-7.1531067E-02,4.1537689E-01
1.704932E-02,-7.0997009E-02,4.5047211E-01
1.705260E-02,-7.2370300E-02,4.8404144E-01
1.705588E-02,-7.1531067E-02,5.1715302E-01
1.705916E-02,-7.1836243E-02,5.4995941E-01
1.706244E-02,-7.0691833E-02,5.8375763E-01
1.706572E-02,-7.0081482E-02,6.1618256E-01
1.706900E-02,-7.0462952E-02,6.4952301E-01
1.707228E-02,-7.0997009E-02,6.8118500E-01
1.707556E-02,-7.0081482E-02,7.1330475E-01
1.707884E-02,-7.0539246E-02,7.4450897E-01
1.708212E-02,-6.9700012E-02,7.7647614E-01
1.708540E-02,-6.9013367E-02,8.0684113E-01
1.708868E-02,-6.9318542E-02,8.3812164E-01
1.709196E-02,-6.9089661E-02,8.6833405E-01
1.709524E-02,-7.0005188E-02,8.9732574E-01
1.709852E-02,-6.9242249E-02,9.2700409E-01
1.710180E-02,-6.9318542E-02,9.5607208E-01
1.710508E-02,-6.7868958E-02,9.8445343E-01
1.710836E-02,-6.8479309E-02,1.0126822E+00
1.711164E-02,-6.7716370E-02,1.0409872E+00
1.711492E-02,-6.8174133E-02,1.0679190E+00
1.711820E-02,-6.7411194E-02,1.0956900E+00
1.712148E-02,-6.8250427E-02,1.1223166E+00
1.712476E-02,-6.7334900E-02,1.1492484E+00
1.712804E-02,-6.8555603E-02,1.1751120E+00
1.713132E-02,-6.7411194E-02,1.1997549E+00
1.713460E-02,-6.7792664E-02,1.2243979E+00
1.713788E-02,-6.7029724E-02,1.2478964E+00
1.714116E-02,-6.6419373E-02,1.2725394E+00
1.714444E-02,-6.5351257E-02,1.2964194E+00
1.714772E-02,-6.5274963E-02,1.3188498E+00
1.715100E-02,-6.4512024E-02,1.3405936E+00
1.715428E-02,-6.5198669E-02,1.3627188E+00
1.715756E-02,-6.4817200E-02,1.3836996E+00
1.716084E-02,-6.5274963E-02,1.4047568E+00
1.716412E-02,-6.3062439E-02,1.4240591E+00
1.716740E-02,-6.4283142E-02,1.4437430E+00
1.717068E-02,-6.2909851E-02,1.4628928E+00
1.717396E-02,-6.4130554E-02,1.4813559E+00
1.717724E-02,-6.2833557E-02,1.4987509E+00
1.718052E-02,-6.3596497E-02,1.5156119E+00
1.718380E-02,-6.2375793E-02,1.5317862E+00
1.718708E-02,-6.3596497E-02,1.5472739E+00
1.719036E-02,-6.2528381E-02,1.5618460E+00
1.719364E-02,-6.2528381E-02,1.5761130E+00
1.719692E-02,-6.0697327E-02,1.5896933E+00
1.720020E-02,-6.3138733E-02,1.6026633E+00
1.720348E-02,-6.0621033E-02,1.6147940E+00
1.720676E-02,-6.0773621E-02,1.6253989E+00
1.721004E-02,-5.9095154E-02,1.6382925E+00
1.721332E-02,-6.0544739E-02,1.6474478E+00
1.721660E-02,-5.9400330E-02,1.6570609E+00
1.721988E-02,-6.1689148E-02,1.6655295E+00
1.722316E-02,-6.0315857E-02,1.6735403E+00
1.722644E-02,-6.1307678E-02,1.6801016E+00
1.722972E-02,-6.0315857E-02,1.6873495E+00
1.723300E-02,-6.0621033E-02,1.6930716E+00
1.723628E-02,-5.9018860E-02,1.6990225E+00
1.723956E-02,-5.9705505E-02,1.7036002E+00
1.724284E-02,-5.9247742E-02,1.7076437E+00
1.724612E-02,-6.0544739E-02,1.7110007E+00
1.724940E-02,-5.9018860E-02,1.7133658E+00
1.725268E-02,-5.9018860E-02,1.7159598E+00
1.725596E-02,-5.7645569E-02,1.7174857E+00
1.725924E-02,-5.7874451E-02,1.7173331E+00
1.726252E-02,-5.6730042E-02,1.7179434E+00
1.726580E-02,-5.7721863E-02,1.7161124E+00
1.726908E-02,-5.6577454E-02,1.7154257E+00
1.727236E-02,-5.7492981E-02,1.7126791E+00
1.727564E-02,-5.5890808E-02,1.7097800E+00
1.727892E-02,-5.7035217E-02,1.7050497E+00
1.728220E-02,-5.5585632E-02,1.7007010E+00
1.728548E-02,-5.7416687E-02,1.6945975E+00
1.728876E-02,-5.6348572E-02,1.6888754E+00
1.729204E-02,-5.8103333E-02,1.6810172E+00
1.729532E-02,-5.7111511E-02,1.6747610E+00
1.729860E-02,-5.7492981E-02,1.6659872E+00
1.730188E-02,-5.6348572E-02,1.6582053E+00
1.730516E-02,-5.6730042E-02,1.6483633E+00
1.730844E-02,-5.4517517E-02,1.6382925E+00
1.731172E-02,-5.6348572E-02,1.6266196E+00
1.731500E-02,-5.4593811E-02,1.6159384E+00
1.731828E-02,-5.5890808E-02,1.6035025E+00
1.732156E-02,-5.3907166E-02,1.5919821E+00
1.732484E-02,-5.4898987E-02,1.5782492E+00
1.732812E-02,-5.3754578E-02,1.5652029E+00
1.733140E-02,-5.4898987E-02,1.5484946E+00
1.733468E-02,-5.2762756E-02,1.5343802E+00
1.733796E-02,-5.4364929E-02,1.5167563E+00
1.734124E-02,-5.2839050E-02,1.5008109E+00
1.734452E-02,-5.4593811E-02,1.4828055E+00
1.734780E-02,-5.3067932E-02,1.4654868E+00
1.735108E-02,-5.4822693E-02,1.4451163E+00
1.735436E-02,-5.2839050E-02,1.4274924E+00
1.735764E-02,-5.4059753E-02,1.4062064E+00
1.736092E-02,-5.3373108E-02,1.3873618E+00
1.736420E-02,-5.3601990E-02,1.3666098E+00
1.736748E-02,-5.2457581E-02,1.3454764E+00
1.737076E-02,-5.2457581E-02,1.3220541E+00
1.737404E-02,-5.1618347E-02,1.3009207E+00
1.737732E-02,-5.1236877E-02,1.2768118E+00
1.738060E-02,-5.0245056E-02,1.2529318E+00
1.738388E-02,-5.1084290E-02,1.2288229E+00
1.738716E-02,-5.1084290E-02,1.2058585E+00
1.739044E-02,-5.2076111E-02,1.1796133E+00
1.739372E-02,-5.1389465E-02,1.1551230E+00
1.739700E-02,-5.2152405E-02,1.1284964E+00
1.740028E-02,-5.0550232E-02,1.1018698E+00
1.740356E-02,-5.0473938E-02,1.0740225E+00
1.740684E-02,-5.1084290E-02,1.0470908E+00
1.741012E-02,-5.1542053E-02,1.0184805E+00
1.741340E-02,-5.0779114E-02,9.9139618E-01
1.741668E-02,-5.1084290E-02,9.6232819E-01
1.741996E-02,-4.9863586E-02,9.3470978E-01
1.742324E-02,-5.0245056E-02,9.0426849E-01
1.742652E-02,-4.8948059E-02,8.7481903E-01
1.742980E-02,-4.9558411E-02,8.4498810E-01
1.743308E-02,-4.9329529E-02,8.1416534E-01
1.743636E-02,-4.9787292E-02,7.8349518E-01
1.743964E-02,-4.9253235E-02,7.5274872E-01
1.744292E-02,-4.8490295E-02,7.2032379E-01
1.744620E-02,-4.8795471E-02,6.8866180E-01
1.744948E-02,-4.9100647E-02,6.5600800E-01
1.745276E-02,-4.9405823E-02,6.2411713E-01
1.745604E-02,-4.9329529E-02,5.9100555E-01
1.745932E-02,-4.9024353E-02,5.5926727E-01
1.746260E-02,-4.9405823E-02,5.2554535E-01
1.746588E-02,-4.9405823E-02,4.9235748E-01
1.746916E-02,-4.9405823E-02,4.5855927E-01
1.747244E-02,-4.9482117E-02,4.2399811E-01
1.747572E-02,-4.8795471E-02,3.8997101E-01
1.747900E-02,-4.8719177E-02,3.5640167E-01
1.748228E-02,-4.7727356E-02,3.2191681E-01
1.748556E-02,-4.8108826E-02,2.8697418E-01
1.748884E-02,-4.7879944E-02,2.5210785E-01
1.749212E-02,-4.8871765E-02,2.1754669E-01
1.749540E-02,-4.8414001E-02,1.8252777E-01
1.749868E-02,-4.8642883E-02,1.4956879E-01
1.750196E-02,-4.7879944E-02,1.1416840E-01
1.750524E-02,-4.8719177E-02,8.0217590E-02
1.750852E-02,-4.8108826E-02,4.4664612E-02
1.751180E-02,-4.9405823E-02,1.0790100E-02
1.751508E-02,-4.8108826E-02,-2.3389587E-02
1.751836E-02,-4.8642883E-02,-5.8332214E-02
1.752164E-02,-4.8032532E-02,-9.2664490E-02
1.752492E-02,-4.8642883E-02,-1.2722565E-01
1.752820E-02,-4.7879944E-02,-1.6140533E-01
1.753148E-02,-4.8795471E-02,-1.9688202E-01
1.753476E-02,-4.7040710E-02,-2.3090912E-01
1.753804E-02,-4.8795471E-02,-2.6707245E-01
1.754132E-02,-4.6811829E-02,-3.0079437E-01
1.754460E-02,-4.6659241E-02,-3.3497406E-01
1.754788E-02,-4.4599304E-02,-3.6915375E-01
1.755116E-02,-4.7422180E-02,-4.0348602E-01
1.755444E-02,-4.6659241E-02,-4.3697906E-01
1.755772E-02,-4.7879944E-02,-4.7108246E-01
1.756100E-02,-4.6735535E-02,-5.0365997E-01
1.756428E-02,-4.7574768E-02,-5.3722931E-01
1.756756E-02,-4.5743713E-02,-5.6934906E-01
1.757084E-02,-4.7498474E-02,-6.0291840E-01
1.757412E-02,-4.6659241E-02,-6.3404633E-01
1.757740E-02,-4.7727356E-02,-6.6723419E-01
1.758068E-02,-4.7269592E-02,-6.9874359E-01
1.758396E-02,-4.7422180E-02,-7.3078705E-01
1.758724E-02,-4.6430359E-02,-7.6145721E-01
1.759052E-02,-4.7345886E-02,-7.9296661E-01
1.759380E-02,-4.5362244E-02,-8.2287384E-01
1.759708E-02,-4.7651062E-02,-8.5384918E-01
1.760036E-02,-4.6964417E-02,-8.8238312E-01
1.760364E-02,-4.6659241E-02,-9.1137482E-01
1.760692E-02,-4.5896301E-02,-9.4006134E-01
1.761020E-02,-4.6277771E-02,-9.6882416E-01
1.761348E-02,-4.5209656E-02,-9.9567963E-01
1.761676E-02,-4.5591125E-02,-1.0245187E+00
1.762004E-02,-4.4751892E-02,-1.0510690E+00
1.762332E-02,-4.6430359E-02,-1.0785349E+00
1.762660E-02,-4.5285950E-02,-1.1038644E+00
1.762988E-02,-4.6735535E-02,-1.1306436E+00
1.763316E-02,-4.5591125E-02,-1.1555154E+00
1.763644E-02,-4.7193298E-02,-1.1806924E+00
1.763972E-02,-4.5667419E-02,-1.2053354E+00
1.764300E-02,-4.6659241E-02,-1.2289102E+00
1.764628E-02,-4.4217834E-02,-1.2512643E+00
1.764956E-02,-4.5133362E-02,-1.2738474E+00
1.765284E-02,-4.3760071E-02,-1.2962015E+00
1.765612E-02,-4.6354065E-02,-1.3178690E+00
1.765940E-02,-4.4828186E-02,-1.3379343E+00
1.766268E-02,-4.5820007E-02,-1.3601358E+00
1.766596E-02,-4.3683777E-02,-1.3789804E+00
1.766924E-02,-4.4828186E-02,-1.3988931E+00
1.767252E-02,-4.4065247E-02,-1.4171274E+00
1.767580E-02,-4.5133362E-02,-1.4365823E+00
1.767908E-02,-4.4141541E-02,-1.4516122E+00
1.768236E-02,-4.6659241E-02,-1.4705331E+00
1.768564E-02,-4.4294128E-02,-1.4855630E+00
1.768892E-02,-4.5362244E-02,-1.5021188E+00
1.769220E-02,-4.3607483E-02,-1.5161569E+00
1.769548E-02,-4.4675598E-02,-1.5307291E+00
1.769876E-02,-4.4141541E-02,-1.5435464E+00
1.770204E-02,-4.5514832E-02,-1.5575845E+00
1.770532E-02,-4.3149719E-02,-1.5680368E+00
1.770860E-02,-4.5285950E-02,-1.5807016E+00
1.771188E-02,-4.3988953E-02,-1.5910776E+00
1.771516E-02,-4.4675598E-02,-1.6016824E+00
1.771844E-02,-4.2997131E-02,-1.6106851E+00
1.772172E-02,-4.4370422E-02,-1.6203745E+00
1.772500E-02,-4.3760071E-02,-1.6275461E+00
1.772828E-02,-4.5209656E-02,-1.6354044E+00
1.773156E-02,-4.4980774E-02,-1.6413553E+00
1.773484E-02,-4.5743713E-02,-1.6472299E+00
1.773812E-02,-4.4217834E-02,-1.6520364E+00
1.774140E-02,-4.4980774E-02,-1.6573770E+00
1.774468E-02,-4.4294128E-02,-1.6605051E+00
1.774796E-02,-4.4828186E-02,-1.6642435E+00
1.775124E-02,-4.4828186E-02,-1.6652353E+00
1.775452E-02,-4.5285950E-02,-1.6681345E+00
1.775780E-02,-4.4065247E-02,-1.6683633E+00
1.776108E-02,-4.3836365E-02,-1.6677530E+00
1.776436E-02,-4.2997131E-02,-1.6664560E+00
1.776764E-02,-4.3531189E-02,-1.6664560E+00
1.777092E-02,-4.3378601E-02,-1.6630991E+00
1.777420E-02,-4.2997131E-02,-1.6610391E+00
1.777748E-02,-4.2997131E-02,-1.6571481E+00
1.778076E-02,-4.2463074E-02,-1.6527994E+00
1.778404E-02,-4.2081604E-02,-1.6471536E+00
1.778732E-02,-4.3149719E-02,-1.6415079E+00
1.779060E-02,-4.2615662E-02,-1.6354044E+00
1.779388E-02,-4.2081604E-02,-1.6283853E+00
1.779716E-02,-4.3149719E-02,-1.6212900E+00
1.780044E-02,-4.3912659E-02,-1.6123636E+00
1.780372E-02,-4.3378601E-02,-1.6034372E+00
1.780700E-02,-4.3454895E-02,-1.5940530E+00
1.781028E-02,-4.3454895E-02,-1.5823038E+00
1.781356E-02,-4.2463074E-02,-1.5713937E+00
1.781684E-02,-4.3531189E-02,-1.5597208E+00
1.782012E-02,-4.2768250E-02,-1.5465219E+00
1.782340E-02,-4.3760071E-02,-1.5340097E+00
1.782668E-02,-4.2768250E-02,-1.5198190E+00
1.782996E-02,-4.2920837E-02,-1.5050180E+00
1.783324E-02,-4.2157898E-02,-1.4899118E+00
1.783652E-02,-4.2997131E-02,-1.4733560E+00
1.783980E-02,-4.1318665E-02,-1.4551981E+00
1.784308E-02,-4.2081604E-02,-1.4391763E+00
1.784636E-02,-4.2081604E-02,-1.4213998E+00
1.784964E-02,-4.3454895E-02,-1.4023264E+00
1.785292E-02,-4.2310486E-02,-1.3827188E+00
1.785620E-02,-4.2615662E-02,-1.3634164E+00
1.785948E-02,-4.2386780E-02,-1.3419016E+00
1.786276E-02,-4.2768250E-02,-1.3216837E+00
1.786604E-02,-4.1852722E-02,-1.2996347E+00
1.786932E-02,-4.2997131E-02,-1.2779672E+00
1.787260E-02,-4.2615662E-02,-1.2547739E+00
1.787588E-02,-4.2539368E-02,-1.2322672E+00
1.787916E-02,-4.1242371E-02,-1.2085397E+00
1.788244E-02,-4.1700134E-02,-1.1846597E+00
1.788572E-02,-3.9716492E-02,-1.1600931E+00
1.788900E-02,-4.0632019E-02,-1.1344583E+00
1.789228E-02,-4.0097961E-02,-1.1088998E+00
1.789556E-02,-4.1776428E-02,-1.0825021E+00
1.789884E-02,-4.1166077E-02,-1.0553415E+00
1.790212E-02,-4.2157898E-02,-1.0280283E+00
1.790540E-02,-4.0403137E-02,-1.0003336E+00
1.790868E-02,-4.1089783E-02,-9.7286774E-01
1.791196E-02,-3.9792786E-02,-9.4387604E-01
1.791524E-02,-4.1318665E-02,-9.1564728E-01
1.791852E-02,-4.0326843E-02,-8.8726593E-01
1.792180E-02,-4.2539368E-02,-8.5751129E-01
1.792508E-02,-4.0403137E-02,-8.2729889E-01
1.792836E-02,-4.1929016E-02,-7.9731537E-01
1.793164E-02,-3.9487610E-02,-7.6603485E-01
1.793492E-02,-4.0860901E-02,-7.3628021E-01
1.793820E-02,-3.9487610E-02,-7.0309235E-01
1.794148E-02,-4.0479431E-02,-6.7158295E-01
1.794476E-02,-3.9411316E-02,-6.3885284E-01
1.794804E-02,-4.0937195E-02,-6.0780121E-01
1.795132E-02,-3.9335022E-02,-5.7438446E-01
1.795460E-02,-4.0632019E-02,-5.4173065E-01
1.795788E-02,-3.9258728E-02,-5.0800873E-01
1.796116E-02,-4.0326843E-02,-4.7527863E-01
1.796444E-02,-3.8800964E-02,-4.4155670E-01
1.796772E-02,-4.1471252E-02,-4.0775848E-01
1.797100E-02,-4.0250549E-02,-3.7327362E-01
1.797428E-02,-4.2234192E-02,-3.3924652E-01
1.797756E-02,-4.1166077E-02,-3.0521942E-01
1.798084E-02,-4.1700134E-02,-2.7149750E-01
1.798412E-02,-3.9258728E-02,-2.3617340E-01
1.798740E-02,-4.0021667E-02,-2.0161224E-01
1.799068E-02,-3.9029846E-02,-1.6712738E-01
1.799396E-02,-4.0403137E-02,-1.3378693E-01
1.799724E-02,-3.9335022E-02,-9.7242126E-02
1.800052E-02,-4.0479431E-02,-6.2757263E-02
1.800380E-02,-3.8343201E-02,-2.7509460E-02
1.800708E-02,-4.0174255E-02,6.2887573E-03
1.801036E-02,-3.9182434E-02,4.1994324E-02
1.801364E-02,-3.9716492E-02,7.5182190E-02
1.801692E-02,-3.7961731E-02,1.1149811E-01
1.802020E-02,-3.9487610E-02,1.4407562E-01
1.802348E-02,-3.8266907E-02,1.7901825E-01
1.802676E-02,-3.9563904E-02,2.1251129E-01
1.803004E-02,-3.7885437E-02,2.4798798E-01
1.803332E-02,-3.9335022E-02,2.8155731E-01
1.803660E-02,-3.7961731E-02,3.1726288E-01
1.803988E-02,-3.9258728E-02,3.5098480E-01
1.804316E-02,-3.7656555E-02,3.8661407E-01
1.804644E-02,-3.8800964E-02,4.1972565E-01
1.804972E-02,-3.8038025E-02,4.5459198E-01
1.805300E-02,-3.7961731E-02,4.8655914E-01
1.805628E-02,-3.5901794E-02,5.2203583E-01
1.805956E-02,-3.7961731E-02,5.5324005E-01
1.806284E-02,-3.6435852E-02,5.8764862E-01
1.806612E-02,-3.8266907E-02,6.1870026E-01
1.806940E-02,-3.7503967E-02,6.5204071E-01
1.807268E-02,-3.8495789E-02,6.8377899E-01
1.807596E-02,-3.7046204E-02,7.1650909E-01
1.807924E-02,-3.7198792E-02,7.4702667E-01
1.808252E-02,-3.6893616E-02,7.7968048E-01
1.808580E-02,-3.7122498E-02,8.1004547E-01
1.808908E-02,-3.6435852E-02,8.4124969E-01
1.809236E-02,-3.7427673E-02,8.7115692E-01
1.809564E-02,-3.7122498E-02,9.0129303E-01
1.809892E-02,-3.6206970E-02,9.3028473E-01
1.810220E-02,-3.4528503E-02,9.6057343E-01
1.810548E-02,-3.5138855E-02,9.8811554E-01
1.810876E-02,-3.5215149E-02,1.0168784E+00
1.811204E-02,-3.5825500E-02,1.0441153E+00
1.811532E-02,-3.4681091E-02,1.0718863E+00
1.811860E-02,-3.5520325E-02,1.0988943E+00
1.812188E-02,-3.4604797E-02,1.1264365E+00
1.812516E-02,-3.5596619E-02,1.1526053E+00
1.812844E-02,-3.5215149E-02,1.1781638E+00
1.813172E-02,-3.5367737E-02,1.2028830E+00
1.813500E-02,-3.5291443E-02,1.2288229E+00
1.813828E-02,-3.5749207E-02,1.2523215E+00
1.814156E-02,-3.7046204E-02,1.2758200E+00
1.814484E-02,-3.6130676E-02,1.2978690E+00
1.814812E-02,-3.5901794E-02,1.3211386E+00
1.815140E-02,-3.5367737E-02,1.3430350E+00
1.815468E-02,-3.6435852E-02,1.3642447E+00
1.815796E-02,-3.5367737E-02,1.3850729E+00
1.816124E-02,-3.4681091E-02,1.4065115E+00
1.816452E-02,-3.4452209E-02,1.4252036E+00
1.816780E-02,-3.4986267E-02,1.4447348E+00
1.817108E-02,-3.4833679E-02,1.4634268E+00
1.817436E-02,-3.3918152E-02,1.4813559E+00
1.817764E-02,-3.3078918E-02,1.4990561E+00
1.818092E-02,-3.3841858E-02,1.5162222E+00
1.818420E-02,-3.4223328E-02,1.5319388E+00
1.818748E-02,-3.5291443E-02,1.5484946E+00
1.819076E-02,-3.3307800E-02,1.5628378E+00
1.819404E-02,-3.4070740E-02,1.5778677E+00
1.819732E-02,-3.3307800E-02,1.5906851E+00
1.820060E-02,-3.4909973E-02,1.6035025E+00
1.820388E-02,-3.3689270E-02,1.6153281E+00
1.820716E-02,-3.5215149E-02,1.6276114E+00
1.821044E-02,-3.3078918E-02,1.6381400E+00
1.821372E-02,-3.3765564E-02,1.6486685E+00
1.821700E-02,-3.3460388E-02,1.6581290E+00
1.822028E-02,-3.3918152E-02,1.6663687E+00
1.822356E-02,-3.1705627E-02,1.6751425E+00
1.822684E-02,-3.2392273E-02,1.6824667E+00
1.823012E-02,-3.1705627E-02,1.6888754E+00
1.823340E-02,-3.3841858E-02,1.6940634E+00
1.823668E-02,-3.2697449E-02,1.6993277E+00
1.823996E-02,-3.3994446E-02,1.7041342E+00
1.824324E-02,-3.1705627E-02,1.7081015E+00
1.824652E-02,-3.3155212E-02,1.7110770E+00
1.824980E-02,-3.1400452E-02,1.7131369E+00
1.825308E-02,-3.3460388E-02,1.7161887E+00
1.825636E-02,-3.2392273E-02,1.7172568E+00
1.825964E-02,-3.3307800E-02,1.7169516E+00
1.826292E-02,-3.2773743E-02,1.7164175E+00
1.826620E-02,-3.3078918E-02,1.7157309E+00
1.826948E-02,-3.2010803E-02,1.7134421E+00
1.827276E-02,-3.2315979E-02,1.7114584E+00
1.827604E-02,-3.0637512E-02,1.7084067E+00
1.827932E-02,-3.2468567E-02,1.7045157E+00
1.828260E-02,-3.1324158E-02,1.7003195E+00
1.828588E-02,-3.1476746E-02,1.6938345E+00
1.828916E-02,-3.0103455E-02,1.6886465E+00
1.829244E-02,-3.2087097E-02,1.6817038E+00
1.829572E-02,-3.0027161E-02,1.6737692E+00
1.829900E-02,-3.1400452E-02,1.6649954E+00
1.830228E-02,-2.9874573E-02,1.6573660E+00
1.830556E-02,-3.1858215E-02,1.6476004E+00
1.830884E-02,-3.0484924E-02,1.6370718E+00
1.831212E-02,-3.2315979E-02,1.6251700E+00
1.831540E-02,-3.0332336E-02,1.6158621E+00
1.831868E-02,-3.2087097E-02,1.6019766E+00
1.832196E-02,-2.9645691E-02,1.5896170E+00
1.832524E-02,-3.1476746E-02,1.5751974E+00
1.832852E-02,-2.9950867E-02,1.5616934E+00
1.833180E-02,-3.0561218E-02,1.5467398E+00
1.833508E-02,-2.9874573E-02,1.5305655E+00
1.833836E-02,-3.1629333E-02,1.5137808E+00
1.834164E-02,-2.9645691E-02,1.4976065E+00
1.834492E-02,-3.1018982E-02,1.4796011E+00
1.834820E-02,-2.8501282E-02,1.4627402E+00
1.835148E-02,-3.0408630E-02,1.4433615E+00
1.835476E-02,-2.9721985E-02,1.4246695E+00
1.835804E-02,-3.1095276E-02,1.4042227E+00
1.836132E-02,-3.0027161E-02,1.3843863E+00
1.836460E-02,-3.2163391E-02,1.3626425E+00
1.836788E-02,-3.0027161E-02,1.3419669E+00
1.837116E-02,-3.1476746E-02,1.3183920E+00
1.837444E-02,-3.0484924E-02,1.2973349E+00
1.837772E-02,-3.1476746E-02,1.2728445E+00
1.838100E-02,-3.0332336E-02,1.2501852E+00
1.838428E-02,-3.1171570E-02,1.2250845E+00
1.838756E-02,-2.9721985E-02,1.2012808E+00
1.839084E-02,-3.0103455E-02,1.1750357E+00
1.839412E-02,-2.8196106E-02,1.1504691E+00
1.839740E-02,-3.0408630E-02,1.1223166E+00
1.840068E-02,-2.8882751E-02,1.0968344E+00
1.840396E-02,-3.1324158E-02,1.0690634E+00
1.840724E-02,-3.0408630E-02,1.0422842E+00
1.841052E-02,-3.1247864E-02,1.0137503E+00
1.841380E-02,-2.9493103E-02,9.8620819E-01
1.841708E-02,-3.0561218E-02,9.5652985E-01
1.842036E-02,-2.9874573E-02,9.2906403E-01
1.842364E-02,-3.1018982E-02,8.9831757E-01
1.842692E-02,-3.0561218E-02,8.6978363E-01
1.843020E-02,-3.1629333E-02,8.3941864E-01
1.843348E-02,-3.0332336E-02,8.0928253E-01
1.843676E-02,-3.1476746E-02,7.7792572E-01
1.844004E-02,-2.9340515E-02,7.4725555E-01
1.844332E-02,-2.9645691E-02,7.1483063E-01
1.844660E-02,-3.0256042E-02,6.8393158E-01
1.844988E-02,-3.0942688E-02,6.5036224E-01
1.845316E-02,-2.9721985E-02,6.1831879E-01
1.845644E-02,-3.1629333E-02,5.8490204E-01
1.845972E-02,-3.3078918E-02,5.5308746E-01
1.846300E-02,-3.2087097E-02,5.1837372E-01
1.846628E-02,-3.1171570E-02,4.8571991E-01
1.846956E-02,-3.1858215E-02,4.5092987E-01
1.847284E-02,-3.1324158E-02,4.1835236E-01
1.847612E-02,-3.1934509E-02,3.8417267E-01
1.847940E-02,-3.2926331E-02,3.5045074E-01
1.848268E-02,-3.3002625E-02,3.1535553E-01
1.848596E-02,-3.2239685E-02,2.8079437E-01
1.848924E-02,-3.1247864E-02,2.4577545E-01
1.849252E-02,-3.1324158E-02,2.1251129E-01
1.849580E-02,-3.0561218E-02,1.7825531E-01
1.849908E-02,-3.1095276E-02,1.4399933E-01
1.850236E-02,-3.1095276E-02,1.0997223E-01
1.850564E-02,-3.1476746E-02,7.5258484E-02
1.850892E-02,-3.1476746E-02,4.0697327E-02
1.851220E-02,-3.1629333E-02,6.8991089E-03
1.851548E-02,-3.0790100E-02,-2.8272400E-02
1.851876E-02,-3.0484924E-02,-6.2757263E-02
1.852204E-02,-3.1171570E-02,-9.7928772E-02
1.852532E-02,-3.1553040E-02,-1.3287140E-01
1.852860E-02,-3.2315979E-02,-1.6743256E-01
1.853188E-02,-3.2544861E-02,-2.0199371E-01
1.853516E-02,-3.1247864E-02,-2.3701263E-01
1.853844E-02,-3.1934509E-02,-2.7073456E-01
1.854172E-02,-3.2010803E-02,-3.0506683E-01
1.854500E-02,-3.2773743E-02,-3.3939911E-01
1.854828E-02,-3.1858215E-02,-3.7434174E-01
1.855156E-02,-3.1476746E-02,-4.0821625E-01
1.855484E-02,-3.1476746E-02,-4.4224335E-01
1.855812E-02,-3.1629333E-02,-4.7535492E-01
1.856140E-02,-3.0256042E-02,-5.0869537E-01
1.856468E-02,-3.1400452E-02,-5.4203583E-01
1.856796E-02,-2.9950867E-02,-5.7468964E-01
1.857124E-02,-3.1934509E-02,-6.0665680E-01
1.857452E-02,-3.1018982E-02,-6.3870026E-01
1.857780E-02,-3.1476746E-02,-6.7226959E-01
1.858108E-02,-3.1171570E-02,-7.0355011E-01
1.858436E-02,-3.2087097E-02,-7.3559357E-01
1.858764E-02,-3.1171570E-02,-7.6634003E-01
1.859092E-02,-3.2697449E-02,-7.9678131E-01
1.859420E-02,-3.1171570E-02,-8.2745148E-01
1.859748E-02,-3.3155212E-02,-8.5743500E-01
1.860076E-02,-3.2010803E-02,-8.8604523E-01
1.860404E-02,-3.2773743E-02,-9.1496063E-01
1.860732E-02,-3.1018982E-02,-9.4433380E-01
1.861060E-02,-3.2315979E-02,-9.7324921E-01
1.861388E-02,-3.0866394E-02,-1.0010965E+00
1.861716E-02,-3.1705627E-02,-1.0297067E+00
1.862044E-02,-3.0713806E-02,-1.0554178E+00
1.862372E-02,-3.1934509E-02,-1.0828073E+00
1.862700E-02,-3.0179749E-02,-1.1076791E+00
1.863028E-02,-3.1781921E-02,-1.1336191E+00
1.863356E-02,-3.0332336E-02,-1.1599405E+00
1.863684E-02,-3.1553040E-02,-1.1842783E+00
1.864012E-02,-2.9569397E-02,-1.2083871E+00
1.864340E-02,-3.1171570E-02,-1.2321146E+00
1.864668E-02,-3.1095276E-02,-1.2553842E+00
1.864996E-02,-3.2239685E-02,-1.2779672E+00
1.865324E-02,-3.0942688E-02,-1.2994821E+00
1.865652E-02,-3.1705627E-02,-1.3216837E+00
1.865980E-02,-2.9950867E-02,-1.3417490E+00
1.866308E-02,-3.0866394E-02,-1.3631113E+00
1.866636E-02,-2.9798279E-02,-1.3820322E+00
1.866964E-02,-3.0637512E-02,-1.4017160E+00
1.867292E-02,-2.9721985E-02,-1.4198740E+00
1.867620E-02,-3.1095276E-02,-1.4383371E+00
1.867948E-02,-2.9493103E-02,-1.4555795E+00
1.868276E-02,-3.0637512E-02,-1.4729745E+00
1.868604E-02,-2.8959045E-02,-1.4876993E+00
1.868932E-02,-3.0027161E-02,-1.5041788E+00
1.869260E-02,-3.0179749E-02,-1.5182169E+00
1.869588E-02,-3.1018982E-02,-1.5332468E+00
1.869916E-02,-3.0561218E-02,-1.5464456E+00
1.870244E-02,-3.1171570E-02,-1.5591867E+00
1.870572E-02,-2.9416809E-02,-1.5713937E+00
1.870900E-02,-3.1324158E-02,-1.5836008E+00
1.871228E-02,-3.0408630E-02,-1.5930612E+00
1.871556E-02,-3.1400452E-02,-1.6040475E+00
1.871884E-02,-2.9416809E-02,-1.6120584E+00
1.872212E-02,-3.1247864E-02,-1.6216714E+00
1.872540E-02,-3.0027161E-02,-1.6283853E+00
1.872868E-02,-3.0790100E-02,-1.6367776E+00
1.873196E-02,-2.7662048E-02,-1.6412027E+00
1.873524E-02,-2.8730164E-02,-1.6487558E+00
1.873852E-02,-2.8119812E-02,-1.6524179E+00
1.874180E-02,-3.0103455E-02,-1.6572244E+00
1.874508E-02,-2.8806458E-02,-1.6598184E+00
1.874836E-02,-2.9950867E-02,-1.6637857E+00
1.875164E-02,-2.7662048E-02,-1.6654642E+00
1.875492E-02,-3.0027161E-02,-1.6680582E+00
1.875820E-02,-2.8577576E-02,-1.6675241E+00
1.876148E-02,-2.9798279E-02,-1.6688211E+00
1.876476E-02,-2.8348694E-02,-1.6672189E+00
1.876804E-02,-2.9264221E-02,-1.6665323E+00
1.877132E-02,-2.8653870E-02,-1.6627176E+00
1.877460E-02,-2.8882751E-02,-1.6607339E+00
1.877788E-02,-2.8272400E-02,-1.6570718E+00
1.878116E-02,-2.8501282E-02,-1.6534097E+00
1.878444E-02,-2.7127991E-02,-1.6476877E+00
1.878772E-02,-2.9187927E-02,-1.6428812E+00
1.879100E-02,-2.7204285E-02,-1.6356332E+00
1.879428E-02,-2.7433167E-02,-1.6295297E+00
1.879756E-02,-2.5754700E-02,-1.6209085E+00
1.880084E-02,-2.7051697E-02,-1.6118295E+00
1.880412E-02,-2.5754700E-02,-1.6015298E+00
1.880740E-02,-2.5830994E-02,-1.5919931E+00
1.881068E-02,-2.4228821E-02,-1.5803201E+00
1.881396E-02,-2.6212463E-02,-1.5697916E+00
1.881724E-02,-2.6288757E-02,-1.5581949E+00
1.882052E-02,-2.7509460E-02,-1.5457590E+00
1.882380E-02,-2.6593933E-02,-1.5323312E+00
1.882708E-02,-2.5830994E-02,-1.5182169E+00
1.883036E-02,-2.4457703E-02,-1.5036447E+00
1.883364E-02,-2.4686584E-02,-1.4880045E+00
1.883692E-02,-2.5144348E-02,-1.4714487E+00
1.884020E-02,-2.4152527E-02,-1.4543588E+00
1.884348E-02,-2.3923645E-02,-1.4372690E+00
1.884676E-02,-2.3923645E-02,-1.4200266E+00
1.885004E-02,-2.3999939E-02,-1.4005716E+00
1.885332E-02,-2.2092590E-02,-1.3814981E+00
1.885660E-02,-2.2474060E-02,-1.3610513E+00
1.885988E-02,-2.2245178E-02,-1.3410623E+00
1.886316E-02,-2.3084412E-02,-1.3201578E+00
1.886644E-02,-2.2931824E-02,-1.2982614E+00
1.886972E-02,-2.2855530E-02,-1.2757547E+00
1.887300E-02,-2.1863708E-02,-1.2527902E+00
1.887628E-02,-2.2168884E-02,-1.2297495E+00
1.887956E-02,-2.0948181E-02,-1.2064035E+00
1.888284E-02,-2.2016296E-02,-1.1820657E+00
1.888612E-02,-2.0337830E-02,-1.1579568E+00
1.888940E-02,-2.0566711E-02,-1.1320932E+00
1.889268E-02,-1.9574890E-02,-1.1064584E+00
1.889596E-02,-1.9727478E-02,-1.0802896E+00
1.889924E-02,-1.7286072E-02,-1.0539682E+00
1.890252E-02,-1.7438660E-02,-1.0271127E+00
1.890580E-02,-1.6675720E-02,-9.9842621E-01
1.890908E-02,-1.8430481E-02,-9.6996857E-01
1.891236E-02,-1.7133484E-02,-9.4135834E-01
1.891564E-02,-1.7743835E-02,-9.1259552E-01
1.891892E-02,-1.5912781E-02,-8.8352753E-01
1.892220E-02,-1.6065369E-02,-8.5407806E-01
1.892548E-02,-1.5378723E-02,-8.2386566E-01
1.892876E-02,-1.5836487E-02,-7.9296661E-01
1.893204E-02,-1.5302429E-02,-7.6290680E-01
1.893532E-02,-1.5989075E-02,-7.3154999E-01
1.893860E-02,-1.5531311E-02,-6.9981171E-01
1.894188E-02,-1.6065369E-02,-6.6845490E-01
1.894516E-02,-1.3852844E-02,-6.3534332E-01
1.894844E-02,-1.4386902E-02,-6.0307098E-01
1.895172E-02,-1.2861023E-02,-5.7140900E-01
1.895500E-02,-1.3318787E-02,-5.3783966E-01
1.895828E-02,-1.3089905E-02,-5.0503326E-01
1.896156E-02,-1.3166199E-02,-4.7199799E-01
1.896484E-02,-1.0343323E-02,-4.3789459E-01
1.896812E-02,-1.0877380E-02,-4.0310455E-01
1.897140E-02,-1.0572205E-02,-3.6892487E-01
1.897468E-02,-1.1640320E-02,-3.3550812E-01
1.897796E-02,-9.8092651E-03,-3.0041290E-01
1.898124E-02,-1.1029968E-02,-2.6669098E-01
1.898452E-02,-9.4277954E-03,-2.3228241E-01
1.898780E-02,-1.1029968E-02,-1.9711090E-01
1.899108E-02,-9.0463257E-03,-1.6270233E-01
1.899436E-02,-1.0419617E-02,-1.2882782E-01
1.899764E-02,-7.5204468E-03,-9.4114075E-02
1.900092E-02,-7.5967407E-03,-5.9705505E-02
1.900420E-02,-5.9945679E-03,-2.3923645E-02
1.900748E-02,-7.2915649E-03,1.0484924E-02
1.901076E-02,-4.9264526E-03,4.5580139E-02
1.901404E-02,-5.1553345E-03,7.9759827E-02
1.901732E-02,-4.6975708E-03,1.1386322E-01
1.902060E-02,-5.8419800E-03,1.4819550E-01
1.902388E-02,-3.6294556E-03,1.8336700E-01
1.902716E-02,-3.6294556E-03,2.1716522E-01
1.903044E-02,-2.4087524E-03,2.5195526E-01
1.903372E-02,-4.1635132E-03,2.8582977E-01
1.903700E-02,-2.7139282E-03,3.2161163E-01
1.904028E-02,-4.0109253E-03,3.5540985E-01
1.904356E-02,-1.5695190E-03,3.8928436E-01
1.904684E-02,-2.7902222E-03,4.2292999E-01
1.905012E-02,-1.4169312E-03,4.5802521E-01
1.905340E-02,-2.8665161E-03,4.9060272E-01
1.905668E-02,-1.2643433E-03,5.2531647E-01
1.905996E-02,-9.5916748E-04,5.5735992E-01
1.906324E-02,1.1007690E-03,5.9131073E-01
1.906652E-02,-4.3640137E-05,6.2289642E-01
1.906980E-02,2.7792358E-03,6.5600800E-01
1.907308E-02,2.2451782E-03,6.8744110E-01
1.907636E-02,4.5339966E-03,7.2001862E-01
1.907964E-02,2.0925903E-03,7.5152802E-01
1.908292E-02,3.4658813E-03,7.8341888E-01
1.908620E-02,1.8637085E-03,8.1355499E-01
1.908948E-02,4.4577026E-03,8.4506439E-01
1.909276E-02,5.0680542E-03,8.7459015E-01
1.909604E-02,6.6702271E-03,9.0518402E-01
1.909932E-02,4.9154663E-03,9.3295502E-01
1.910260E-02,6.3650513E-03,9.6316742E-01
1.910588E-02,5.3732300E-03,9.9116730E-01
1.910916E-02,7.2805786E-03,1.0202353E+00
1.911244E-02,6.5176392E-03,1.0459464E+00
1.911572E-02,8.2723999E-03,1.0757773E+00
1.911900E-02,7.7383423E-03,1.1016409E+00
1.912228E-02,1.0408630E-02,1.1292593E+00
1.912556E-02,9.5693970E-03,1.1543600E+00
1.912884E-02,1.0790100E-02,1.1811392E+00
1.913212E-02,9.7982788E-03,1.2049429E+00
1.913540E-02,1.1400452E-02,1.2304251E+00
1.913868E-02,1.1171570E-02,1.2533896E+00
1.914196E-02,1.2697449E-02,1.2783377E+00
1.914524E-02,1.1629333E-02,1.3003867E+00
1.914852E-02,1.2850037E-02,1.3236563E+00
1.915180E-02,1.2163391E-02,1.3459341E+00
1.915508E-02,1.3384094E-02,1.3667624E+00
1.915836E-02,1.2544861E-02,1.3875906E+00
1.916164E-02,1.3155212E-02,1.4086478E+00
1.916492E-02,1.3384094E-02,1.4274924E+00
1.916820E-02,1.5672913E-02,1.4477103E+00
1.917148E-02,1.5520325E-02,1.4652579E+00
1.917476E-02,1.6817322E-02,1.4834158E+00
1.917804E-02,1.5749207E-02,1.5005057E+00
1.918132E-02,1.6512146E-02,1.5176718E+00
1.918460E-02,1.7198792E-02,1.5331595E+00
1.918788E-02,1.8724670E-02,1.5490286E+00
1.919116E-02,1.9258728E-02,1.5626089E+00
1.919444E-02,1.9335022E-02,1.5777914E+00
1.919772E-02,1.9792786E-02,1.5915244E+00
1.920100E-02,1.9716492E-02,1.6035788E+00
1.920428E-02,2.0555725E-02,1.6157858E+00
1.920756E-02,1.9945374E-02,1.6279166E+00
1.921084E-02,1.9869080E-02,1.6381400E+00
1.921412E-02,2.0784607E-02,1.6488974E+00
1.921740E-02,2.1623840E-02,1.6575949E+00
1.922068E-02,2.1394958E-02,1.6660635E+00
1.922396E-02,2.2386780E-02,1.6733115E+00
1.922724E-02,2.0708313E-02,1.6813223E+00
1.923052E-02,2.2997131E-02,1.6891043E+00
1.923380E-02,2.2997131E-02,1.6948264E+00
1.923708E-02,2.4904480E-02,1.7006247E+00
1.924036E-02,2.4599304E-02,1.7052786E+00
1.924364E-02,2.5438538E-02,1.7086356E+00
1.924692E-02,2.4980774E-02,1.7110770E+00
1.925020E-02,2.5820007E-02,1.7139761E+00
1.925348E-02,2.4523010E-02,1.7162650E+00
1.925676E-02,2.4446716E-02,1.7165701E+00
1.926004E-02,2.3836365E-02,1.7170279E+00
1.926332E-02,2.6354065E-02,1.7160361E+00
1.926660E-02,2.6048889E-02,1.7151205E+00
1.926988E-02,2.6506653E-02,1.7129843E+00
1.927316E-02,2.4904480E-02,1.7102377E+00
1.927644E-02,2.6354065E-02,1.7071097E+00
1.927972E-02,2.6354065E-02,1.7026083E+00
1.928300E-02,2.7879944E-02,1.6976492E+00
1.928628E-02,2.7803650E-02,1.6919272E+00
1.928956E-02,2.9176941E-02,1.6860526E+00
1.929284E-02,2.8566589E-02,1.6794150E+00
1.929612E-02,3.0473938E-02,1.6727774E+00
1.929940E-02,2.9024353E-02,1.6639273E+00
1.930268E-02,2.9939880E-02,1.6541617E+00
1.930596E-02,2.9405823E-02,1.6447012E+00
1.930924E-02,3.0702820E-02,1.6351645E+00
1.931252E-02,3.0626526E-02,1.6235678E+00
1.931580E-02,3.1923523E-02,1.6127341E+00
1.931908E-02,3.0245056E-02,1.5990012E+00
1.932236E-02,3.1084290E-02,1.5875571E+00
1.932564E-02,2.9863586E-02,1.5737479E+00
1.932892E-02,3.1007996E-02,1.5606253E+00
1.933220E-02,3.0702820E-02,1.5448325E+00
1.933548E-02,3.2076111E-02,1.5298026E+00
1.933876E-02,3.1389465E-02,1.5126364E+00
1.934204E-02,3.4517517E-02,1.4956229E+00
1.934532E-02,3.3373108E-02,1.4770834E+00
1.934860E-02,3.4136047E-02,1.4580862E+00
1.935188E-02,3.3144226E-02,1.4410727E+00
1.935516E-02,3.4517517E-02,1.4220755E+00
1.935844E-02,3.4364929E-02,1.4009421E+00
1.936172E-02,3.5509338E-02,1.3812582E+00
1.936500E-02,3.3983459E-02,1.3596671E+00
1.936828E-02,3.5433044E-02,1.3395255E+00
1.937156E-02,3.3754578E-02,1.3161795E+00
1.937484E-02,3.5967102E-02,1.2928336E+00
1.937812E-02,3.4441223E-02,1.2703268E+00
1.938140E-02,3.5280457E-02,1.2465994E+00
1.938468E-02,3.3830872E-02,1.2214987E+00
1.938796E-02,3.5890808E-02,1.1976187E+00
1.939124E-02,3.4898987E-02,1.1720602E+00
1.939452E-02,3.5585632E-02,1.1469595E+00
1.939780E-02,3.4059753E-02,1.1195700E+00
1.940108E-02,3.4822693E-02,1.0931723E+00
1.940436E-02,3.4898987E-02,1.0652487E+00
1.940764E-02,3.8637390E-02,1.0391562E+00
1.941092E-02,3.7569275E-02,1.0098593E+00
1.941420E-02,3.7264099E-02,9.8277496E-01
1.941748E-02,3.5967102E-02,9.5332550E-01
1.942076E-02,3.6806335E-02,9.2479156E-01
1.942404E-02,3.5356750E-02,8.9480804E-01
1.942732E-02,3.6348572E-02,8.6635040E-01
1.943060E-02,3.5661926E-02,8.3514618E-01
1.943388E-02,3.7187805E-02,8.0584930E-01
1.943716E-02,3.6730042E-02,7.7395844E-01
1.944044E-02,3.7950745E-02,7.4351715E-01
1.944372E-02,3.5661926E-02,7.1093964E-01
1.944700E-02,3.6958923E-02,6.7950653E-01
1.945028E-02,3.5509338E-02,6.4700531E-01
1.945356E-02,3.8713684E-02,6.1511444E-01
1.945684E-02,3.7645569E-02,5.8123993E-01
1.946012E-02,3.9400330E-02,5.4965424E-01
1.946340E-02,3.7950745E-02,5.1585602E-01
1.946668E-02,3.9171448E-02,4.8297333E-01
1.946996E-02,3.8027039E-02,4.4795441E-01
1.947324E-02,3.9858093E-02,4.1469025E-01
1.947652E-02,3.8789978E-02,3.8035797E-01
1.947980E-02,3.9781799E-02,3.4701752E-01
1.948308E-02,3.8484802E-02,3.1215118E-01
1.948636E-02,4.0010681E-02,2.7804779E-01
1.948964E-02,3.8255920E-02,2.4257111E-01
1.949292E-02,3.9171448E-02,2.0915436E-01
1.949620E-02,3.7569275E-02,1.7520355E-01
1.949948E-02,3.9552917E-02,1.4163422E-01
1.950276E-02,3.9171448E-02,1.0646271E-01
1.950604E-02,4.0468445E-02,7.1977844E-02
1.950932E-02,3.9018860E-02,3.6195984E-02
1.951260E-02,3.9247742E-02,1.6348267E-03
1.951588E-02,3.8255920E-02,-3.3002625E-02
1.951916E-02,3.9476624E-02,-6.7334900E-02
1.952244E-02,3.9705505E-02,-1.0326935E-01
1.952572E-02,4.0010681E-02,-1.3722015E-01
1.952900E-02,3.9095154E-02,-1.7178131E-01
1.953228E-02,4.0392151E-02,-2.0596100E-01
1.953556E-02,4.0239563E-02,-2.4067474E-01
1.953884E-02,4.0392151E-02,-2.7538849E-01
1.954212E-02,4.0010681E-02,-3.0911041E-01
1.954540E-02,3.9095154E-02,-3.4382416E-01
1.954868E-02,3.9705505E-02,-3.7785126E-01
1.955196E-02,3.9781799E-02,-4.1164948E-01
1.955524E-02,3.9858093E-02,-4.4514252E-01
1.955852E-02,4.0163269E-02,-4.7901703E-01
1.956180E-02,3.9629211E-02,-5.1220490E-01
1.956508E-02,3.9629211E-02,-5.4531647E-01
1.956836E-02,4.0621033E-02,-5.7789398E-01
1.957164E-02,4.1002502E-02,-6.1024261E-01
1.957492E-02,4.1765442E-02,-6.4266754E-01
1.957820E-02,4.2375793E-02,-6.7379547E-01
1.958148E-02,4.3138733E-02,-7.0644928E-01
1.958476E-02,4.1765442E-02,-7.3765350E-01
1.958804E-02,4.1612854E-02,-7.6878143E-01
1.959132E-02,4.0163269E-02,-7.9960419E-01
1.959460E-02,4.1307678E-02,-8.2996918E-01
1.959788E-02,4.0926208E-02,-8.5972382E-01
1.960116E-02,4.1689148E-02,-8.8902069E-01
1.960444E-02,4.0697327E-02,-9.1831757E-01
1.960772E-02,4.0926208E-02,-9.4746185E-01
1.961100E-02,4.0010681E-02,-9.7530914E-01
1.961428E-02,4.1383972E-02,-1.0039194E+00
1.961756E-02,4.0849915E-02,-1.0318430E+00
1.962084E-02,4.1841736E-02,-1.0593851E+00
1.962412E-02,4.1078796E-02,-1.0853250E+00
1.962740E-02,4.3138733E-02,-1.1118753E+00
1.963068E-02,4.2375793E-02,-1.1376627E+00
1.963396E-02,4.3215027E-02,-1.1626108E+00
1.963724E-02,4.1231384E-02,-1.1885507E+00
1.964052E-02,4.1612854E-02,-1.2117441E+00
1.964380E-02,4.2299500E-02,-1.2357767E+00
1.964708E-02,4.3825378E-02,-1.2576730E+00
1.965036E-02,4.1765442E-02,-1.2801035E+00
1.965364E-02,4.3062439E-02,-1.3023813E+00
1.965692E-02,4.1994324E-02,-1.3232095E+00
1.966020E-02,4.2986145E-02,-1.3449533E+00
1.966348E-02,4.2223206E-02,-1.3647897E+00
1.966676E-02,4.2070618E-02,-1.3847787E+00
1.967004E-02,4.1078796E-02,-1.4045389E+00
1.967332E-02,4.2833557E-02,-1.4225443E+00
1.967660E-02,4.2757263E-02,-1.4407022E+00
1.967988E-02,4.4664612E-02,-1.4574106E+00
1.968316E-02,4.2833557E-02,-1.4735849E+00
1.968644E-02,4.3749084E-02,-1.4890726E+00
1.968972E-02,4.2833557E-02,-1.5049417E+00
1.969300E-02,4.4588318E-02,-1.5190561E+00
1.969628E-02,4.3443909E-02,-1.5331705E+00
1.969956E-02,4.4664612E-02,-1.5459879E+00
1.970284E-02,4.2833557E-02,-1.5592630E+00
1.970612E-02,4.4054260E-02,-1.5715463E+00
1.970940E-02,4.3520203E-02,-1.5836008E+00
1.971268E-02,4.4588318E-02,-1.5939767E+00
1.971596E-02,4.2986145E-02,-1.6038187E+00
1.971924E-02,4.3977966E-02,-1.6122110E+00
1.972252E-02,4.3062439E-02,-1.6222818E+00
1.972580E-02,4.5046082E-02,-1.6293008E+00
1.972908E-02,4.2680969E-02,-1.6358621E+00
1.973236E-02,4.4817200E-02,-1.6417368E+00
1.973564E-02,4.2833557E-02,-1.6479166E+00
1.973892E-02,4.4664612E-02,-1.6523416E+00
1.974220E-02,4.4206848E-02,-1.6582162E+00
1.974548E-02,4.6495667E-02,-1.6612680E+00
1.974876E-02,4.4740906E-02,-1.6639383E+00
1.975204E-02,4.5961609E-02,-1.6662271E+00
1.975532E-02,4.3901672E-02,-1.6677530E+00
1.975860E-02,4.4817200E-02,-1.6684396E+00
1.976188E-02,4.3749084E-02,-1.6683633E+00
1.976516E-02,4.4969788E-02,-1.6667612E+00
1.976844E-02,4.3977966E-02,-1.6665323E+00
1.977172E-02,4.5885315E-02,-1.6621072E+00
1.977500E-02,4.4359436E-02,-1.6608102E+00
1.977828E-02,4.5885315E-02,-1.6562326E+00
1.978156E-02,4.3367615E-02,-1.6519601E+00
1.978484E-02,4.5122375E-02,-1.6464670E+00
1.978812E-02,4.3443909E-02,-1.6419656E+00
1.979140E-02,4.5580139E-02,-1.6337259E+00
1.979468E-02,4.5122375E-02,-1.6273172E+00
1.979796E-02,4.7106018E-02,-1.6183145E+00
1.980124E-02,4.4664612E-02,-1.6106851E+00
1.980452E-02,4.7182312E-02,-1.6000040E+00
1.980780E-02,4.6037903E-02,-1.5903909E+00
1.981108E-02,4.7792664E-02,-1.5789468E+00
1.981436E-02,4.6190491E-02,-1.5691812E+00
1.981764E-02,4.7411194E-02,-1.5559061E+00
1.982092E-02,4.6419373E-02,-1.5439279E+00
1.982420E-02,4.8250427E-02,-1.5295847E+00
1.982748E-02,4.6724548E-02,-1.5165384E+00
1.983076E-02,4.7411194E-02,-1.5009744E+00
1.983404E-02,4.5656433E-02,-1.4857919E+00
1.983732E-02,4.6724548E-02,-1.4680917E+00
1.984060E-02,4.6114197E-02,-1.4519174E+00
1.984388E-02,4.8174133E-02,-1.4333017E+00
1.984716E-02,4.7411194E-02,-1.4164407E+00
1.985044E-02,4.8937073E-02,-1.3973672E+00
1.985372E-02,4.8326721E-02,-1.3789041E+00
1.985700E-02,4.9089661E-02,-1.3572366E+00
1.986028E-02,4.9394836E-02,-1.3384683E+00
1.986356E-02,4.9013367E-02,-1.3164957E+00
1.986684E-02,4.8937073E-02,-1.2959726E+00
1.987012E-02,5.0157776E-02,-1.2727029E+00
1.987340E-02,4.9852600E-02,-1.2511880E+00
1.987668E-02,5.0462952E-02,-1.2271555E+00
1.987996E-02,4.9700012E-02,-1.2044962E+00
1.988324E-02,4.8860779E-02,-1.1790140E+00
1.988652E-02,4.9547424E-02,-1.1545999E+00
1.988980E-02,4.9471130E-02,-1.1290414E+00
1.989308E-02,4.9547424E-02,-1.1031778E+00
1.989636E-02,4.9242249E-02,-1.0768564E+00
1.989964E-02,4.8403015E-02,-1.0496957E+00
1.990292E-02,4.8708191E-02,-1.0214670E+00
1.990620E-02,4.9318542E-02,-9.9438263E-01
1.990948E-02,4.9852600E-02,-9.6554352E-01
1.991276E-02,5.0615540E-02,-9.3700958E-01
1.991604E-02,5.1531067E-02,-9.0756012E-01
1.991932E-02,5.2675476E-02,-8.7917877E-01
1.992260E-02,5.2065125E-02,-8.4957672E-01
1.992588E-02,5.2294006E-02,-8.1913544E-01
1.992916E-02,5.0462952E-02,-7.8945709E-01
1.993244E-02,5.1225891E-02,-7.5848175E-01
1.993572E-02,5.1225891E-02,-7.2720123E-01
1.993900E-02,5.2751770E-02,-6.9569183E-01
1.994228E-02,5.1607361E-02,-6.6402985E-01
1.994556E-02,5.2675476E-02,-6.3175751E-01
1.994884E-02,5.0997009E-02,-5.9933258E-01
1.995212E-02,5.2370300E-02,-5.6660248E-01
1.995540E-02,5.2446594E-02,-5.3417755E-01
1.995868E-02,5.2370300E-02,-5.0053192E-01
1.996196E-02,5.2217712E-02,-4.6780182E-01
1.996524E-02,5.3667297E-02,-4.3392731E-01
1.996852E-02,5.3438416E-02,-3.9967133E-01
1.997180E-02,5.3285828E-02,-3.6602570E-01
1.997508E-02,5.2828064E-02,-3.3138824E-01
1.997836E-02,5.3667297E-02,-2.9682709E-01
1.998164E-02,5.3514709E-02,-2.6226593E-01
1.998492E-02,5.5269470E-02,-2.2839142E-01
1.998820E-02,5.3896179E-02,-1.9268585E-01
1.999148E-02,5.5498352E-02,-1.5812469E-01
1.999476E-02,5.3514709E-02,-1.2394501E-01
1.999804E-02,5.4811707E-02,-8.8773499E-02
2.000132E-02,5.3896179E-02,-5.3754578E-02
2.000460E-02,5.3896179E-02,-1.9117126E-02
2.000788E-02,5.3896179E-02,1.5520325E-02
2.001116E-02,5.5727234E-02,5.1531067E-02
2.001444E-02,5.4888000E-02,8.4718933E-02
2.001772E-02,5.6261292E-02,1.1943268E-01
2.002100E-02,5.6184998E-02,1.5307831E-01
2.002428E-02,5.7558289E-02,1.8741058E-01
2.002756E-02,5.5650940E-02,2.2174286E-01
2.003084E-02,5.7634583E-02,2.5714325E-01
2.003412E-02,5.7100525E-02,2.9056000E-01
2.003740E-02,5.8473816E-02,3.2580780E-01
2.004068E-02,5.7481995E-02,3.6029266E-01
2.004396E-02,5.8626404E-02,3.9447235E-01
2.004724E-02,5.6871643E-02,4.2842316E-01
2.005052E-02,5.7558289E-02,4.6267914E-01
2.005380E-02,5.6719055E-02,4.9617218E-01
2.005708E-02,5.8092346E-02,5.2981781E-01
2.006036E-02,5.6413879E-02,5.6254791E-01
2.006364E-02,5.7329407E-02,5.9512543E-01
2.006692E-02,5.6947937E-02,6.2755035E-01
2.007020E-02,5.8092346E-02,6.5997528E-01
2.007348E-02,5.6413879E-02,6.9117950E-01
2.007676E-02,5.8168640E-02,7.2337555E-01
2.008004E-02,5.7329407E-02,7.5480865E-01
2.008332E-02,5.9541931E-02,7.8723358E-01
2.008660E-02,5.8778992E-02,8.1668304E-01
2.008988E-02,6.0610046E-02,8.4834503E-01
2.009316E-02,5.8626404E-02,8.7863373E-01
2.009644E-02,5.9236755E-02,9.0876984E-01
2.009972E-02,5.7634583E-02,9.3707489E-01
2.010300E-02,6.0838928E-02,9.6743988E-01
2.010628E-02,5.9084167E-02,9.9505829E-01
2.010956E-02,6.0991516E-02,1.0229819E+00
2.011284E-02,5.9694519E-02,1.0493796E+00
2.011612E-02,6.1296692E-02,1.0773795E+00
2.011940E-02,5.8397522E-02,1.1043112E+00
2.012268E-02,6.0152283E-02,1.1320822E+00
2.012596E-02,5.8321228E-02,1.1572592E+00
2.012924E-02,6.1601868E-02,1.1831229E+00
2.013252E-02,6.0457458E-02,1.2068503E+00
2.013580E-02,6.2975159E-02,1.2322562E+00
2.013908E-02,6.1449280E-02,1.2559073E+00
2.014236E-02,6.2517395E-02,1.2807028E+00
2.014564E-02,6.0915222E-02,1.3030569E+00
2.014892E-02,6.1830750E-02,1.3270132E+00
2.015220E-02,6.1601868E-02,1.3476126E+00
2.015548E-02,6.2898865E-02,1.3709586E+00
2.015876E-02,6.1601868E-02,1.3901846E+00
2.016204E-02,6.2975159E-02,1.4117758E+00
2.016532E-02,6.1601868E-02,1.4306967E+00
2.016860E-02,6.2364807E-02,1.4507620E+00
2.017188E-02,6.1144104E-02,1.4684622E+00
2.017516E-02,6.1754456E-02,1.4869254E+00
2.017844E-02,6.0533752E-02,1.5036337E+00
2.018172E-02,6.2975159E-02,1.5214865E+00
2.018500E-02,6.2822571E-02,1.5361349E+00
2.018828E-02,6.4501038E-02,1.5517752E+00
2.019156E-02,6.3738098E-02,1.5651266E+00
2.019484E-02,6.4272156E-02,1.5804617E+00
2.019812E-02,6.2975159E-02,1.5934317E+00
2.020140E-02,6.3814392E-02,1.6060965E+00
2.020468E-02,6.4424744E-02,1.6176932E+00
2.020796E-02,6.4806213E-02,1.6302054E+00
2.021124E-02,6.3509216E-02,1.6395132E+00
2.021452E-02,6.3890686E-02,1.6508047E+00
2.021780E-02,6.3738098E-02,1.6587393E+00
2.022108E-02,6.4424744E-02,1.6675894E+00
2.022436E-02,6.2746277E-02,1.6751425E+00
2.022764E-02,6.2746277E-02,1.6832297E+00
2.023092E-02,6.3509216E-02,1.6897910E+00
2.023420E-02,6.4195862E-02,1.6958945E+00
2.023748E-02,6.3814392E-02,1.7013876E+00
2.024076E-02,6.4195862E-02,1.7050497E+00
2.024404E-02,6.3509216E-02,1.7076437E+00
2.024732E-02,6.4958801E-02,1.7114584E+00
2.025060E-02,6.5187683E-02,1.7134421E+00
2.025388E-02,6.5187683E-02,1.7148917E+00
2.025716E-02,6.5721741E-02,1.7160361E+00
2.026044E-02,6.5340271E-02,1.7165701E+00
2.026372E-02,6.5569153E-02,1.7159598E+00
2.026700E-02,6.4958801E-02,1.7141287E+00
2.027028E-02,6.5187683E-02,1.7127554E+00
2.027356E-02,6.4577332E-02,1.7099326E+00
2.027684E-02,6.4882507E-02,1.7068045E+00
2.028012E-02,6.4577332E-02,1.7029898E+00
2.028340E-02,6.5416565E-02,1.6971915E+00
2.028668E-02,6.4653625E-02,1.6920035E+00
2.028996E-02,6.4501038E-02,1.6859763E+00
2.029324E-02,6.4806213E-02,1.6791861E+00
2.029652E-02,6.5569153E-02,1.6710226E+00
2.029980E-02,6.5416565E-02,1.6629355E+00
2.030308E-02,6.6789856E-02,1.6533987E+00
2.030636E-02,6.6179504E-02,1.6440909E+00
2.030964E-02,6.6560974E-02,1.6337912E+00
2.031292E-02,6.5569153E-02,1.6228812E+00
2.031620E-02,6.6560974E-02,1.6117422E+00
2.031948E-02,6.5416565E-02,1.5989249E+00
2.032276E-02,6.6255798E-02,1.5865652E+00
2.032604E-02,6.6408386E-02,1.5724509E+00
2.032932E-02,6.6179504E-02,1.5578787E+00
2.033260E-02,6.5187683E-02,1.5427725E+00
2.033588E-02,6.6942444E-02,1.5267508E+00
2.033916E-02,6.5645447E-02,1.5103476E+00
2.034244E-02,6.5492859E-02,1.4931815E+00
2.034572E-02,6.4119568E-02,1.4747183E+00
2.034900E-02,6.6408386E-02,1.4567130E+00
2.035228E-02,6.6103210E-02,1.4382498E+00
2.035556E-02,6.7476501E-02,1.4185660E+00
2.035884E-02,6.5340271E-02,1.3984244E+00
2.036212E-02,6.6255798E-02,1.3774435E+00
2.036540E-02,6.5035095E-02,1.3562338E+00
2.036868E-02,6.7476501E-02,1.3353293E+00
2.037196E-02,6.6026917E-02,1.3128989E+00
2.037524E-02,6.7171326E-02,1.2901633E+00
2.037852E-02,6.6332092E-02,1.2663596E+00
2.038180E-02,6.6866150E-02,1.2434714E+00
2.038508E-02,6.5721741E-02,1.2182944E+00
2.038836E-02,6.5263977E-02,1.1937277E+00
2.039164E-02,6.4501038E-02,1.1681693E+00
2.039492E-02,6.5492859E-02,1.1424582E+00
2.039820E-02,6.4653625E-02,1.1159842E+00
2.040148E-02,6.5492859E-02,1.0892050E+00
2.040476E-02,6.4653625E-02,1.0620444E+00
2.040804E-02,6.6332092E-02,1.0345023E+00
2.041132E-02,6.3966980E-02,1.0068839E+00
2.041460E-02,6.6103210E-02,9.7926544E-01
2.041788E-02,6.5492859E-02,9.5027374E-01
2.042116E-02,6.6560974E-02,9.2166351E-01
2.042444E-02,6.5798035E-02,8.9152740E-01
2.042772E-02,6.7400208E-02,8.6223053E-01
2.043100E-02,6.5874329E-02,8.3095001E-01
2.043428E-02,6.6026917E-02,8.0111908E-01
2.043756E-02,6.4424744E-02,7.6960968E-01
2.044084E-02,6.6637268E-02,7.3848175E-01
2.044412E-02,6.5340271E-02,7.0498871E-01
2.044740E-02,6.5874329E-02,6.7447113E-01
2.045068E-02,6.5569153E-02,6.4135956E-01
2.045396E-02,6.6713562E-02,6.0985016E-01
2.045724E-02,6.5340271E-02,5.7666229E-01
2.046052E-02,6.6026917E-02,5.4362701E-01
2.046380E-02,6.4272156E-02,5.0982880E-01
2.046708E-02,6.5798035E-02,4.7686981E-01
2.047036E-02,6.4958801E-02,4.4291901E-01
2.047364E-02,6.6789856E-02,4.0950226E-01
2.047692E-02,6.5721741E-02,3.7425446E-01
2.048020E-02,6.6026917E-02,3.4106659E-01
2.048348E-02,6.4424744E-02,3.0612396E-01
2.048676E-02,6.6179504E-02,2.7301239E-01
2.049004E-02,6.4958801E-02,2.3700165E-01
2.049332E-02,6.6942444E-02,2.0358490E-01
2.049660E-02,6.4958801E-02,1.6833710E-01
2.049988E-02,6.6332092E-02,1.3484406E-01
2.050316E-02,6.4195862E-02,9.9596252E-02
2.050644E-02,6.4958801E-02,6.5950623E-02
2.050972E-02,6.2975159E-02,3.0092468E-02
2.051300E-02,6.4043274E-02,-3.0953979E-03
2.051628E-02,6.3432922E-02,-3.9182434E-02
2.051956E-02,6.5187683E-02,-7.2141418E-02
2.052284E-02,6.3585510E-02,-1.0731293E-01
2.052612E-02,6.5416565E-02,-1.4027191E-01
2.052940E-02,6.5263977E-02,-1.7620636E-01
2.053268E-02,6.4882507E-02,-2.1000458E-01
2.053596E-02,6.4119568E-02,-2.4471832E-01
2.053924E-02,6.4882507E-02,-2.7851654E-01
2.054252E-02,6.4195862E-02,-3.1391693E-01
2.054580E-02,6.5798035E-02,-3.4710480E-01
2.054908E-02,6.4653625E-02,-3.8197113E-01
2.055236E-02,6.5569153E-02,-4.1523529E-01
2.055564E-02,6.4119568E-02,-4.5040680E-01
2.055892E-02,6.3966980E-02,-4.8290802E-01
2.056220E-02,6.3204041E-02,-5.1716400E-01
2.056548E-02,6.3432922E-02,-5.4951263E-01
2.056876E-02,6.3204041E-02,-5.8308197E-01
2.057204E-02,6.4272156E-02,-6.1512543E-01
2.057532E-02,6.2898865E-02,-6.4694000E-01
2.057860E-02,6.3966980E-02,-6.7913605E-01
2.058188E-02,6.3738098E-02,-7.1102692E-01
2.058516E-02,6.4424744E-02,-7.4200226E-01
2.058844E-02,6.3356628E-02,-7.7442719E-01
2.059172E-02,6.4653625E-02,-8.0380035E-01
2.059500E-02,6.4729919E-02,-8.3454681E-01
2.059828E-02,6.5111389E-02,-8.6407257E-01
2.060156E-02,6.5111389E-02,-8.9375092E-01
2.060484E-02,6.3738098E-02,-9.2167450E-01
2.060812E-02,6.3738098E-02,-9.5058990E-01
2.061140E-02,6.2822571E-02,-9.7866608E-01
2.061468E-02,6.4119568E-02,-1.0066660E+00
2.061796E-02,6.3814392E-02,-1.0342844E+00
2.062124E-02,6.3280334E-02,-1.0616739E+00
2.062452E-02,6.3051453E-02,-1.0890634E+00
2.062780E-02,6.3509216E-02,-1.1145456E+00
2.063108E-02,6.1907043E-02,-1.1401041E+00
2.063436E-02,6.2746277E-02,-1.1657388E+00
2.063764E-02,6.2746277E-02,-1.1895425E+00
2.064092E-02,6.2898865E-02,-1.2134225E+00
2.064420E-02,6.2669983E-02,-1.2367685E+00
2.064748E-02,6.3814392E-02,-1.2598093E+00
2.065076E-02,6.1907043E-02,-1.2824686E+00
2.065404E-02,6.2593689E-02,-1.3043649E+00
2.065732E-02,6.1907043E-02,-1.3271768E+00
2.066060E-02,6.3661804E-02,-1.3470895E+00
2.066388E-02,6.2746277E-02,-1.3677652E+00
2.066716E-02,6.3204041E-02,-1.3869150E+00
2.067044E-02,6.2441101E-02,-1.4059885E+00
2.067372E-02,6.2441101E-02,-1.4241464E+00
2.067700E-02,6.1678162E-02,-1.4419229E+00
2.068028E-02,6.2364807E-02,-1.4586313E+00
2.068356E-02,6.1220398E-02,-1.4755685E+00
2.068684E-02,6.2746277E-02,-1.4915140E+00
2.069012E-02,6.2441101E-02,-1.5065439E+00
2.069340E-02,6.3585510E-02,-1.5208871E+00
2.069668E-02,6.2593689E-02,-1.5353830E+00
2.069996E-02,6.3432922E-02,-1.5485818E+00
2.070324E-02,6.2288513E-02,-1.5608652E+00
2.070652E-02,6.4501038E-02,-1.5729196E+00
2.070980E-02,6.2288513E-02,-1.5838297E+00
2.071308E-02,6.3585510E-02,-1.5934427E+00
2.071636E-02,6.2135925E-02,-1.6045053E+00
2.071964E-02,6.3509216E-02,-1.6129739E+00
2.072292E-02,6.1907043E-02,-1.6221292E+00
2.072620E-02,6.2212219E-02,-1.6303690E+00
2.072948E-02,6.0915222E-02,-1.6365488E+00
2.073276E-02,6.1754456E-02,-1.6433389E+00
2.073604E-02,6.0381165E-02,-1.6490610E+00
2.073932E-02,6.2822571E-02,-1.6531046E+00
2.074260E-02,6.0533752E-02,-1.6582162E+00
2.074588E-02,6.1372986E-02,-1.6610391E+00
2.074916E-02,6.0457458E-02,-1.6643198E+00
2.075244E-02,6.2135925E-02,-1.6658456E+00
2.075572E-02,6.0228577E-02,-1.6666849E+00
2.075900E-02,6.2441101E-02,-1.6670663E+00
2.076228E-02,6.2135925E-02,-1.6676004E+00
2.076556E-02,6.3432922E-02,-1.6661508E+00
2.076884E-02,6.1296692E-02,-1.6650064E+00
2.077212E-02,6.2364807E-02,-1.6619547E+00
2.077540E-02,6.1144104E-02,-1.6599710E+00
2.077868E-02,6.2059631E-02,-1.6554697E+00
2.078196E-02,6.0991516E-02,-1.6510446E+00
2.078524E-02,6.2822571E-02,-1.6446359E+00
2.078852E-02,6.0991516E-02,-1.6402872E+00
2.079180E-02,6.1372986E-02,-1.6325815E+00
2.079508E-02,6.0152283E-02,-1.6264017E+00
2.079836E-02,6.1144104E-02,-1.6177805E+00
2.080164E-02,5.9389343E-02,-1.6099222E+00
2.080492E-02,6.1830750E-02,-1.5997751E+00
2.080820E-02,6.0457458E-02,-1.5894754E+00
2.081148E-02,6.2135925E-02,-1.5772684E+00
2.081476E-02,6.1525574E-02,-1.5675027E+00
2.081804E-02,6.1678162E-02,-1.5555246E+00
2.082132E-02,6.0228577E-02,-1.5427072E+00
2.082460E-02,6.1144104E-02,-1.5284402E+00
2.082788E-02,5.9770813E-02,-1.5145547E+00
2.083116E-02,6.2135925E-02,-1.4987619E+00
2.083444E-02,6.0152283E-02,-1.4838846E+00
2.083772E-02,6.1830750E-02,-1.4663370E+00
2.084100E-02,6.0152283E-02,-1.4502390E+00
2.084428E-02,6.1907043E-02,-1.4319284E+00
2.084756E-02,5.9618225E-02,-1.4139230E+00
2.085084E-02,6.1067810E-02,-1.3939340E+00
2.085412E-02,5.9541931E-02,-1.3754709E+00
2.085740E-02,6.1449280E-02,-1.3547189E+00
2.086068E-02,6.0304871E-02,-1.3358743E+00
2.086396E-02,6.2212219E-02,-1.3131387E+00
2.086724E-02,6.0075989E-02,-1.2936075E+00
2.087052E-02,6.1983337E-02,-1.2698038E+00
2.087380E-02,5.9999695E-02,-1.2482889E+00
2.087708E-02,6.1449280E-02,-1.2231119E+00
2.088036E-02,6.0457458E-02,-1.2004526E+00
2.088364E-02,6.1830750E-02,-1.1750467E+00
2.088692E-02,6.0304871E-02,-1.1506326E+00
2.089020E-02,6.1601868E-02,-1.1247690E+00
2.089348E-02,6.0610046E-02,-1.0992105E+00
2.089676E-02,6.1067810E-02,-1.0728128E+00
2.090004E-02,5.9694519E-02,-1.0464914E+00
2.090332E-02,6.0915222E-02,-1.0180338E+00
2.090660E-02,5.9923401E-02,-9.9079681E-01
2.090988E-02,6.1601868E-02,-9.6195770E-01
2.091316E-02,5.9923401E-02,-9.3464447E-01
2.091644E-02,6.0228577E-02,-9.0488983E-01
2.091972E-02,5.9694519E-02,-8.7673737E-01
2.092300E-02,6.0991516E-02,-8.4667755E-01
2.092628E-02,6.0381165E-02,-8.1692291E-01
2.092956E-02,6.2975159E-02,-7.8541351E-01
2.093284E-02,6.2517395E-02,-7.5367523E-01
2.093612E-02,6.2746277E-02,-7.2186066E-01
2.093940E-02,6.1907043E-02,-6.9149567E-01
2.094268E-02,6.2212219E-02,-6.5990997E-01
2.094596E-02,6.1678162E-02,-6.2756134E-01
2.094924E-02,6.1449280E-02,-5.9513641E-01
2.095252E-02,6.1525574E-02,-5.6248260E-01
2.095580E-02,6.2593689E-02,-5.2906586E-01
2.095908E-02,6.1983337E-02,-4.9587799E-01
2.096236E-02,6.2059631E-02,-4.6291901E-01
2.096564E-02,6.1525574E-02,-4.2942596E-01
2.096892E-02,6.1449280E-02,-3.9547516E-01
2.097220E-02,6.2364807E-02,-3.6129547E-01
2.097548E-02,6.1983337E-02,-3.2536102E-01
2.097876E-02,6.3127747E-02,-2.9209686E-01
2.098204E-02,6.2593689E-02,-2.5745941E-01
2.098532E-02,6.3356628E-02,-2.2335602E-01
2.098860E-02,6.3051453E-02,-1.8848969E-01
2.099188E-02,6.4119568E-02,-1.5362335E-01
2.099516E-02,6.3890686E-02,-1.1890961E-01
2.099844E-02,6.3585510E-02,-8.3738098E-02
2.100172E-02,6.3814392E-02,-4.9482117E-02
2.100500E-02,6.3585510E-02,-1.4768372E-02
2.100828E-02,6.2593689E-02,2.0403137E-02
2.101156E-02,6.3051453E-02,5.4659119E-02
2.101484E-02,6.3051453E-02,8.9449158E-02
2.101812E-02,6.3051453E-02,1.2317108E-01
2.102140E-02,6.1983337E-02,1.5757965E-01
2.102468E-02,6.3051453E-02,1.9130157E-01
2.102796E-02,6.2975159E-02,2.2578644E-01
2.103124E-02,6.4806213E-02,2.6065277E-01
2.103452E-02,6.3585510E-02,2.9490875E-01
2.103780E-02,6.4272156E-02,3.2916473E-01
2.104108E-02,6.3204041E-02,3.6403107E-01
2.104436E-02,6.4272156E-02,3.9828705E-01
2.104764E-02,6.3890686E-02,4.3200897E-01
2.105092E-02,6.5569153E-02,4.6595978E-01
2.105420E-02,6.4348450E-02,4.9975800E-01
2.105748E-02,6.5492859E-02,5.3424286E-01
2.106076E-02,6.4424744E-02,5.6628632E-01
2.106404E-02,6.5340271E-02,5.9924530E-01
2.106732E-02,6.3966980E-02,6.3151764E-01
2.107060E-02,6.4348450E-02,6.6409515E-01
2.107388E-02,6.2975159E-02,6.9629120E-01
2.107716E-02,6.5340271E-02,7.2833466E-01
2.108044E-02,6.4119568E-02,7.5961517E-01
2.108372E-02,6.5492859E-02,7.9226898E-01
2.108700E-02,6.4195862E-02,8.2133698E-01
2.109028E-02,6.5950623E-02,8.5200714E-01
2.109356E-02,6.4958801E-02,8.8298248E-01
2.109684E-02,6.5950623E-02,9.1220306E-01
2.110012E-02,6.5569153E-02,9.4127106E-01
2.110340E-02,6.7629089E-02,9.7056793E-01
2.110668E-02,6.5798035E-02,9.9879669E-01
2.110996E-02,6.6866150E-02,1.0274832E+00
2.111324E-02,6.5340271E-02,1.0538046E+00
2.111652E-02,6.6179504E-02,1.0824149E+00
2.111980E-02,6.5950623E-02,1.1095755E+00
2.112308E-02,6.7781677E-02,1.1360495E+00
2.112636E-02,6.5492859E-02,1.1613791E+00
2.112964E-02,6.6713562E-02,1.1868613E+00
2.113292E-02,6.4729919E-02,1.2116568E+00
2.113620E-02,6.6255798E-02,1.2369864E+00
2.113948E-02,6.4195862E-02,1.2602560E+00
2.114276E-02,6.6789856E-02,1.2844412E+00
2.114604E-02,6.5035095E-02,1.3064902E+00
2.114932E-02,6.7400208E-02,1.3300650E+00
2.115260E-02,6.5569153E-02,1.3506644E+00
2.115588E-02,6.7476501E-02,1.3724081E+00
2.115916E-02,6.6103210E-02,1.3930075E+00
2.116244E-02,6.7247620E-02,1.4127676E+00
2.116572E-02,6.6332092E-02,1.4321463E+00
2.116900E-02,6.6942444E-02,1.4522116E+00
2.117228E-02,6.6179504E-02,1.4699881E+00
2.117556E-02,6.8392029E-02,1.4889853E+00
2.117884E-02,6.7247620E-02,1.5051596E+00
2.118212E-02,6.7323914E-02,1.5233939E+00
2.118540E-02,6.5950623E-02,1.5373557E+00
2.118868E-02,6.7171326E-02,1.5538351E+00
2.119196E-02,6.4424744E-02,1.5663474E+00
2.119524E-02,6.7705383E-02,1.5808432E+00
2.119852E-02,6.6332092E-02,1.5943472E+00
2.120180E-02,6.7552795E-02,1.6070120E+00
2.120508E-02,6.6713562E-02,1.6182272E+00
2.120836E-02,6.8315735E-02,1.6308920E+00
2.121164E-02,6.6942444E-02,1.6395895E+00
2.121492E-02,6.8010559E-02,1.6519492E+00
2.121820E-02,6.7781677E-02,1.6602652E+00
2.122148E-02,6.9765320E-02,1.6693442E+00
2.122476E-02,6.8392029E-02,1.6765158E+00
2.122804E-02,6.9002380E-02,1.6841452E+00
2.123132E-02,6.8010559E-02,1.6892569E+00
2.123460E-02,6.8926086E-02,1.6962759E+00
2.123788E-02,6.7476501E-02,1.7000906E+00
2.124116E-02,6.8239441E-02,1.7052023E+00
2.124444E-02,6.7629089E-02,1.7078726E+00
2.124772E-02,6.8697205E-02,1.7119925E+00
2.125100E-02,6.7323914E-02,1.7132895E+00
2.125428E-02,6.8773499E-02,1.7166464E+00
2.125756E-02,6.6408386E-02,1.7158072E+00
2.126084E-02,6.7247620E-02,1.7165701E+00
2.126412E-02,6.7095032E-02,1.7148154E+00
2.126740E-02,6.8010559E-02,1.7142813E+00
2.127068E-02,6.7857971E-02,1.7122214E+00
2.127396E-02,6.9307556E-02,1.7106192E+00
2.127724E-02,6.8315735E-02,1.7061179E+00
2.128052E-02,6.8544617E-02,1.7026083E+00
2.128380E-02,6.8392029E-02,1.6972678E+00
2.128708E-02,6.7934265E-02,1.6920035E+00
2.129036E-02,6.8697205E-02,1.6852896E+00
2.129364E-02,6.8315735E-02,1.6792624E+00
2.129692E-02,6.9002380E-02,1.6705649E+00
2.130020E-02,6.8392029E-02,1.6631644E+00
2.130348E-02,6.8620911E-02,1.6529410E+00
2.130676E-02,6.7400208E-02,1.6432516E+00
2.131004E-02,6.8773499E-02,1.6331808E+00
2.131332E-02,6.8468323E-02,1.6221182E+00
2.131660E-02,6.8773499E-02,1.6095297E+00
2.131988E-02,6.9383850E-02,1.5979330E+00
2.132316E-02,6.9460144E-02,1.5836661E+00
2.132644E-02,6.9536438E-02,1.5710013E+00
2.132972E-02,6.9307556E-02,1.5562766E+00
2.133300E-02,6.9383850E-02,1.5412466E+00
2.133628E-02,6.9460144E-02,1.5251486E+00
2.133956E-02,6.9841614E-02,1.5095847E+00
2.134284E-02,7.0146790E-02,1.4911978E+00
2.134612E-02,6.9154968E-02,1.4739554E+00
2.134940E-02,6.9917908E-02,1.4550345E+00
2.135268E-02,6.8697205E-02,1.4368002E+00
2.135596E-02,6.9612732E-02,1.4163535E+00
2.135924E-02,6.8697205E-02,1.3965170E+00
2.136252E-02,6.9154968E-02,1.3765280E+00
2.136580E-02,6.8086853E-02,1.3548605E+00
2.136908E-02,7.0451965E-02,1.3337271E+00
2.137236E-02,6.9994202E-02,1.3112967E+00
2.137564E-02,7.0528259E-02,1.2887900E+00
2.137892E-02,6.9994202E-02,1.2651389E+00
2.138220E-02,7.1367493E-02,1.2411826E+00
2.138548E-02,7.0604553E-02,1.2176077E+00
2.138876E-02,7.1596375E-02,1.1924307E+00
2.139204E-02,7.0680847E-02,1.1676352E+00
2.139532E-02,7.1138611E-02,1.1412375E+00
2.139860E-02,6.9612732E-02,1.1157553E+00
2.140188E-02,7.0680847E-02,1.0888235E+00
2.140516E-02,6.9307556E-02,1.0605948E+00
2.140844E-02,6.9994202E-02,1.0327475E+00
2.141172E-02,6.9231262E-02,1.0042899E+00
2.141500E-02,7.0223083E-02,9.7674774E-01
2.141828E-02,6.9307556E-02,9.4737457E-01
2.142156E-02,6.9689026E-02,9.1853546E-01
2.142484E-02,6.8163147E-02,8.8832306E-01
2.142812E-02,6.9460144E-02,8.5864471E-01
2.143140E-02,6.8315735E-02,8.2721161E-01
2.143468E-02,6.9536438E-02,7.9730438E-01
2.143796E-02,6.9689026E-02,7.6701569E-01
2.144124E-02,7.1214905E-02,7.3481964E-01
2.144452E-02,6.9002380E-02,7.0285248E-01
2.144780E-02,6.9307556E-02,6.7111420E-01
2.145108E-02,6.7629089E-02,6.3861298E-01
2.145436E-02,6.8163147E-02,6.0656952E-01
2.145764E-02,6.7629089E-02,5.7315277E-01
2.146092E-02,6.8392029E-02,5.4065155E-01
2.146420E-02,6.7247620E-02,5.0708221E-01
2.146748E-02,6.7934265E-02,4.7397064E-01
2.147076E-02,6.6484680E-02,4.3971466E-01
2.147404E-02,6.8239441E-02,4.0690826E-01
2.147732E-02,6.6332092E-02,3.7196564E-01
2.148060E-02,6.7781677E-02,3.3786224E-01
2.148388E-02,6.6332092E-02,3.0330109E-01
2.148716E-02,6.8239441E-02,2.6950287E-01
2.149044E-02,6.6637268E-02,2.3379730E-01
2.149372E-02,6.7171326E-02,2.0045685E-01
2.149700E-02,6.6026917E-02,1.6520905E-01
2.150028E-02,6.7400208E-02,1.3148712E-01
2.150356E-02,6.6332092E-02,9.6239319E-02
2.150684E-02,6.7934265E-02,6.2822571E-02
2.151012E-02,6.6255798E-02,2.7117004E-02
2.151340E-02,6.7781677E-02,-6.2234497E-03
2.151668E-02,6.5187683E-02,-4.2081604E-02
2.151996E-02,6.6866150E-02,-7.5727234E-02
2.152324E-02,6.5111389E-02,-1.1097504E-01
2.152652E-02,6.5492859E-02,-1.4446808E-01
2.152980E-02,6.3280334E-02,-1.7986847E-01
2.153308E-02,6.5721741E-02,-2.1427704E-01
2.153636E-02,6.4119568E-02,-2.5005890E-01
2.153964E-02,6.6255798E-02,-2.8240753E-01
2.154292E-02,6.5187683E-02,-3.1773163E-01
2.154620E-02,6.6484680E-02,-3.5114838E-01
2.154948E-02,6.4806213E-02,-3.8693024E-01
2.155276E-02,6.5340271E-02,-4.1889740E-01
2.155604E-02,6.4119568E-02,-4.5445038E-01
2.155932E-02,6.5416565E-02,-4.8687531E-01
2.156260E-02,6.4577332E-02,-5.2197052E-01
2.156588E-02,6.5798035E-02,-5.5332733E-01
2.156916E-02,6.4043274E-02,-5.8689667E-01
2.157244E-02,6.5263977E-02,-6.1756683E-01
2.157572E-02,6.2288513E-02,-6.5105988E-01
2.157900E-02,6.4043274E-02,-6.8264557E-01
2.158228E-02,6.2364807E-02,-7.1453644E-01
2.158556E-02,6.4577332E-02,-7.4513031E-01
2.158884E-02,6.3432922E-02,-7.7686859E-01
2.159212E-02,6.3814392E-02,-8.0647064E-01
2.159540E-02,6.2517395E-02,-8.3752228E-01
2.159868E-02,6.3509216E-02,-8.6689545E-01
2.160196E-02,6.2364807E-02,-8.9642120E-01
2.160524E-02,6.3814392E-02,-9.2449738E-01
2.160852E-02,6.4195862E-02,-9.5394684E-01
2.161180E-02,6.3966980E-02,-9.8293854E-01
2.161508E-02,6.3051453E-02,-1.0102518E+00
2.161836E-02,6.3890686E-02,-1.0370309E+00
2.162164E-02,6.2593689E-02,-1.0646494E+00
2.162492E-02,6.2746277E-02,-1.0901315E+00
2.162820E-02,6.1601868E-02,-1.1172159E+00
2.163148E-02,6.1983337E-02,-1.1425455E+00
2.163476E-02,6.2288513E-02,-1.1677988E+00
2.163804E-02,6.2059631E-02,-1.1930521E+00
2.164132E-02,6.0991516E-02,-1.2179239E+00
2.164460E-02,6.0838928E-02,-1.2405832E+00
2.164788E-02,6.0228577E-02,-1.2625558E+00
2.165116E-02,6.1754456E-02,-1.2856729E+00
2.165444E-02,6.1754456E-02,-1.3079507E+00
2.165772E-02,6.2364807E-02,-1.3287790E+00
2.166100E-02,6.1830750E-02,-1.3496835E+00
2.166428E-02,6.0991516E-02,-1.3693674E+00
2.166756E-02,6.0457458E-02,-1.3899667E+00
2.167084E-02,6.1449280E-02,-1.4100320E+00
2.167412E-02,6.1144104E-02,-1.4281137E+00
2.167740E-02,6.1830750E-02,-1.4455850E+00
2.168068E-02,6.1754456E-02,-1.4630563E+00
2.168396E-02,6.1372986E-02,-1.4788492E+00
2.168724E-02,6.0686340E-02,-1.4946420E+00
2.169052E-02,6.0304871E-02,-1.5097482E+00
2.169380E-02,6.0838928E-02,-1.5250833E+00
2.169708E-02,6.0610046E-02,-1.5379770E+00
2.170036E-02,6.0991516E-02,-1.5507181E+00
2.170364E-02,6.0228577E-02,-1.5634592E+00
2.170692E-02,6.0762634E-02,-1.5751321E+00
2.171020E-02,6.0762634E-02,-1.5860422E+00
2.171348E-02,6.1983337E-02,-1.5974863E+00
2.171676E-02,5.9999695E-02,-1.6068704E+00
2.172004E-02,6.1067810E-02,-1.6156442E+00
2.172332E-02,6.0686340E-02,-1.6245706E+00
2.172660E-02,6.1449280E-02,-1.6315897E+00
2.172988E-02,6.0381165E-02,-1.6384561E+00
2.173316E-02,6.1525574E-02,-1.6441782E+00
2.173644E-02,6.1220398E-02,-1.6499002E+00
2.173972E-02,6.1907043E-02,-1.6548593E+00
2.174300E-02,6.1144104E-02,-1.6583688E+00
2.174628E-02,6.2135925E-02,-1.6612680E+00
2.174956E-02,6.0915222E-02,-1.6647012E+00
2.175284E-02,6.2364807E-02,-1.6671426E+00
2.175612E-02,6.1601868E-02,-1.6680582E+00
2.175940E-02,6.2288513E-02,-1.6680582E+00
2.176268E-02,6.1601868E-02,-1.6673715E+00
2.176596E-02,6.2822571E-02,-1.6668375E+00
2.176924E-02,6.2135925E-02,-1.6648538E+00
2.177252E-02,6.3585510E-02,-1.6629465E+00
2.177580E-02,6.3051453E-02,-1.6597421E+00
2.177908E-02,6.5569153E-02,-1.6553934E+00
2.178236E-02,6.3966980E-02,-1.6504343E+00
2.178564E-02,6.4729919E-02,-1.6451700E+00
2.178892E-02,6.2822571E-02,-1.6390665E+00
2.179220E-02,6.4272156E-02,-1.6325815E+00
2.179548E-02,6.3127747E-02,-1.6254099E+00
2.179876E-02,6.5263977E-02,-1.6164835E+00
2.180204E-02,6.3890686E-02,-1.6088541E+00
2.180532E-02,6.5569153E-02,-1.5984018E+00
2.180860E-02,6.3890686E-02,-1.5890939E+00
2.181188E-02,6.5416565E-02,-1.5769632E+00
2.181516E-02,6.3890686E-02,-1.5665109E+00
2.181844E-02,6.5035095E-02,-1.5532358E+00
2.182172E-02,6.5111389E-02,-1.5400369E+00
2.182500E-02,6.7323914E-02,-1.5257700E+00
2.182828E-02,6.5798035E-02,-1.5121133E+00
2.183156E-02,6.8239441E-02,-1.4971597E+00
2.183484E-02,6.7476501E-02,-1.4820535E+00
2.183812E-02,6.8773499E-02,-1.4648111E+00
2.184140E-02,6.7247620E-02,-1.4486368E+00
2.184468E-02,6.8773499E-02,-1.4303262E+00
2.184796E-02,6.7705383E-02,-1.4130075E+00
2.185124E-02,6.8849792E-02,-1.3932474E+00
2.185452E-02,6.7095032E-02,-1.3739450E+00
2.185780E-02,6.8544617E-02,-1.3534982E+00
2.186108E-02,6.6866150E-02,-1.3335092E+00
2.186436E-02,6.8849792E-02,-1.3112314E+00
2.186764E-02,6.7857971E-02,-1.2908609E+00
2.187092E-02,6.9460144E-02,-1.2679727E+00
2.187420E-02,6.9078674E-02,-1.2462289E+00
2.187748E-02,7.1138611E-02,-1.2212808E+00
2.188076E-02,6.9917908E-02,-1.1976297E+00
2.188404E-02,7.1672668E-02,-1.1718423E+00
2.188732E-02,7.0528259E-02,-1.1482675E+00
2.189060E-02,7.1901550E-02,-1.1218698E+00
2.189388E-02,7.1062317E-02,-1.0970743E+00
2.189716E-02,7.3351135E-02,-1.0697610E+00
2.190044E-02,7.2359314E-02,-1.0434396E+00
2.190372E-02,7.5029602E-02,-1.0144479E+00
2.190700E-02,7.3045959E-02,-9.8797394E-01
2.191028E-02,7.4648132E-02,-9.5837189E-01
2.191356E-02,7.2740784E-02,-9.3098236E-01
2.191684E-02,7.4495544E-02,-9.0115143E-01
2.192012E-02,7.2740784E-02,-8.7269379E-01
2.192340E-02,7.5639954E-02,-8.4187103E-01
2.192668E-02,7.3732605E-02,-8.1318451E-01
2.192996E-02,7.6021423E-02,-7.8152252E-01
2.193324E-02,7.4419250E-02,-7.5138641E-01
2.193652E-02,7.5945129E-02,-7.1919037E-01
2.193980E-02,7.5182190E-02,-6.8813873E-01
2.194308E-02,7.6708069E-02,-6.5487457E-01
2.194636E-02,7.7013245E-02,-6.2298370E-01
2.194964E-02,7.8920593E-02,-5.9078766E-01
2.195292E-02,7.7547302E-02,-5.5889679E-01
2.195620E-02,7.7165833E-02,-5.2570892E-01
2.195948E-02,7.5792542E-02,-4.9274994E-01
2.196276E-02,7.7089539E-02,-4.5841766E-01
2.196604E-02,7.7013245E-02,-4.2584015E-01
2.196932E-02,7.8386536E-02,-3.9166046E-01
2.197260E-02,7.8310242E-02,-3.5717560E-01
2.197588E-02,7.8844299E-02,-3.2154633E-01
2.197916E-02,7.8615417E-02,-2.8912140E-01
2.198244E-02,7.8615417E-02,-2.5394989E-01
2.198572E-02,7.9149475E-02,-2.1969391E-01
2.198900E-02,7.8996887E-02,-1.8459869E-01
2.199228E-02,7.9225769E-02,-1.4996124E-01
2.199556E-02,8.0293884E-02,-1.1463715E-01
2.199884E-02,8.0370178E-02,-8.0838928E-02
2.200212E-02,8.1133118E-02,-4.5591125E-02
2.200540E-02,8.0904236E-02,-1.0801086E-02
2.200868E-02,8.1972351E-02,2.4446716E-02
2.201196E-02,8.2506409E-02,5.8778992E-02
2.201524E-02,8.3498230E-02,9.2806091E-02
2.201852E-02,8.3727112E-02,1.2774872E-01
2.202180E-02,8.3269348E-02,1.6238617E-01
2.202508E-02,8.3650818E-02,1.9671844E-01
2.202836E-02,8.3345642E-02,2.3196625E-01
2.203164E-02,8.3116760E-02,2.6538300E-01
2.203492E-02,8.2048645E-02,3.0002045E-01
2.203820E-02,8.2582703E-02,3.3412384E-01
2.204148E-02,8.2658997E-02,3.6914276E-01
2.204476E-02,8.4032288E-02,4.0347504E-01
2.204804E-02,8.4947815E-02,4.3742584E-01
2.205132E-02,8.6092224E-02,4.7122406E-01
2.205460E-02,8.5176697E-02,5.0441193E-01
2.205788E-02,8.5558167E-02,5.3790497E-01
2.206116E-02,8.3955994E-02,5.7094025E-01
2.206444E-02,8.5329285E-02,6.0443329E-01
2.206772E-02,8.4413757E-02,6.3640045E-01
2.207100E-02,8.5481873E-02,6.6905426E-01
2.207428E-02,8.4718933E-02,7.0033478E-01
2.207756E-02,8.5939636E-02,7.3268341E-01
2.208084E-02,8.4642639E-02,7.6434540E-01
2.208412E-02,8.6855164E-02,7.9509186E-01
2.208740E-02,8.6168518E-02,8.2614349E-01
2.209068E-02,8.6626282E-02,8.5673737E-01
2.209396E-02,8.7084045E-02,8.8679718E-01
2.209724E-02,8.7465515E-02,9.1609406E-01
2.210052E-02,8.6092224E-02,9.4615387E-01
2.210380E-02,8.7389221E-02,9.7491669E-01
2.210708E-02,8.5939636E-02,1.0029929E+00
2.211036E-02,8.7541809E-02,1.0317557E+00
2.211364E-02,8.7160339E-02,1.0581534E+00
2.211692E-02,8.9754333E-02,1.0856192E+00
2.212020E-02,8.9296570E-02,1.1126273E+00
2.212348E-02,8.9143982E-02,1.1392538E+00
2.212676E-02,8.7084045E-02,1.1656516E+00
2.213004E-02,8.8762512E-02,1.1902182E+00
2.213332E-02,8.6321106E-02,1.2154715E+00
2.213660E-02,8.7846985E-02,1.2401907E+00
2.213988E-02,8.6778870E-02,1.2634604E+00
2.214316E-02,8.8075867E-02,1.2868063E+00
2.214644E-02,8.6778870E-02,1.3095419E+00
2.214972E-02,8.8457336E-02,1.3335745E+00
2.215300E-02,8.7160339E-02,1.3547842E+00
2.215628E-02,8.8991394E-02,1.3760703E+00
2.215956E-02,8.8152161E-02,1.3963644E+00
2.216284E-02,8.8991394E-02,1.4155905E+00
2.216612E-02,8.8152161E-02,1.4350455E+00
2.216940E-02,8.9220276E-02,1.4549582E+00
2.217268E-02,8.7007751E-02,1.4720480E+00
2.217596E-02,8.7465515E-02,1.4911978E+00
2.217924E-02,8.7694397E-02,1.5079825E+00
2.218252E-02,8.9449158E-02,1.5243857E+00
2.218580E-02,8.9143982E-02,1.5399496E+00
2.218908E-02,9.0898743E-02,1.5562766E+00
2.219236E-02,9.0135803E-02,1.5695517E+00
2.219564E-02,9.0440979E-02,1.5838950E+00
2.219892E-02,8.9525452E-02,1.5958731E+00
2.220220E-02,8.8609924E-02,1.6099875E+00
2.220548E-02,8.6397400E-02,1.6206686E+00
2.220876E-02,8.8457336E-02,1.6318839E+00
2.221204E-02,8.6473694E-02,1.6422598E+00
2.221532E-02,9.0059509E-02,1.6530936E+00
2.221860E-02,8.9678040E-02,1.6617911E+00
2.222188E-02,9.0822449E-02,1.6705649E+00
2.222516E-02,8.9220276E-02,1.6770499E+00
2.222844E-02,9.1051331E-02,1.6848318E+00
2.223172E-02,8.7694397E-02,1.6904776E+00
2.223500E-02,8.9754333E-02,1.6979544E+00
2.223828E-02,8.7999573E-02,1.7016928E+00
2.224156E-02,8.9678040E-02,1.7077200E+00
2.224484E-02,8.8228455E-02,1.7098563E+00
2.224812E-02,8.9678040E-02,1.7139761E+00
2.225140E-02,8.7312927E-02,1.7149680E+00
2.225468E-02,8.9220276E-02,1.7173331E+00
2.225796E-02,8.8609924E-02,1.7171042E+00
2.226124E-02,9.0975037E-02,1.7177145E+00
2.226452E-02,8.8457336E-02,1.7157309E+00
2.226780E-02,8.8609924E-02,1.7154257E+00
2.227108E-02,8.6321106E-02,1.7110770E+00
2.227436E-02,8.7694397E-02,1.7100089E+00
2.227764E-02,8.6168518E-02,1.7052786E+00
2.228092E-02,8.7770691E-02,1.7017691E+00
2.228420E-02,8.6855164E-02,1.6956656E+00
2.228748E-02,8.9754333E-02,1.6913168E+00
2.229076E-02,8.8304749E-02,1.6836111E+00
2.229404E-02,9.0212097E-02,1.6775076E+00
2.229732E-02,8.7999573E-02,1.6685049E+00
2.230060E-02,8.7770691E-02,1.6606467E+00
2.230388E-02,8.7465515E-02,1.6517203E+00
2.230716E-02,8.8228455E-02,1.6430991E+00
2.231044E-02,8.6473694E-02,1.6308157E+00
2.231372E-02,8.7541809E-02,1.6208212E+00
2.231700E-02,8.6321106E-02,1.6087668E+00
2.232028E-02,8.7770691E-02,1.5966360E+00
2.232356E-02,8.7084045E-02,1.5829031E+00
2.232684E-02,8.8457336E-02,1.5693991E+00
2.233012E-02,8.7999573E-02,1.5540640E+00
2.233340E-02,8.8457336E-02,1.5392630E+00
2.233668E-02,8.7541809E-02,1.5230887E+00
2.233996E-02,8.7999573E-02,1.5068381E+00
2.234324E-02,8.6702576E-02,1.4890616E+00
2.234652E-02,8.7465515E-02,1.4721243E+00
2.234980E-02,8.7618103E-02,1.4535086E+00
2.235308E-02,8.7465515E-02,1.4352744E+00
2.235636E-02,8.8609924E-02,1.4150565E+00
2.235964E-02,8.8228455E-02,1.3951437E+00
2.236292E-02,8.7846985E-02,1.3738577E+00
2.236620E-02,8.7007751E-02,1.3531821E+00
2.236948E-02,8.5939636E-02,1.3307516E+00
2.237276E-02,8.5939636E-02,1.3085501E+00
2.237604E-02,8.5252991E-02,1.2852805E+00
2.237932E-02,8.5252991E-02,1.2622397E+00
2.238260E-02,8.6626282E-02,1.2375204E+00
2.238588E-02,8.7007751E-02,1.2128012E+00
2.238916E-02,8.7541809E-02,1.1886160E+00
2.239244E-02,8.7465515E-02,1.1625998E+00
2.239572E-02,8.6702576E-02,1.1358969E+00
2.239900E-02,8.5634460E-02,1.1104147E+00
2.240228E-02,8.6168518E-02,1.0831778E+00
2.240556E-02,8.5710754E-02,1.0553305E+00
2.240884E-02,8.6321106E-02,1.0281699E+00
2.241212E-02,8.5329285E-02,9.9955963E-01
2.241540E-02,8.6092224E-02,9.7186493E-01
2.241868E-02,8.4871521E-02,9.4325470E-01
2.242196E-02,8.5710754E-02,9.1342377E-01
2.242524E-02,8.5405579E-02,8.8298248E-01
2.242852E-02,8.6702576E-02,8.5406708E-01
2.243180E-02,8.5100403E-02,8.2332062E-01
2.243508E-02,8.4795227E-02,7.9303192E-01
2.243836E-02,8.4490051E-02,7.6228546E-01
2.244164E-02,8.4871521E-02,7.3008942E-01
2.244492E-02,8.4718933E-02,6.9858002E-01
2.244820E-02,8.6244812E-02,6.6646027E-01
2.245148E-02,8.6702576E-02,6.3464569E-01
2.245476E-02,8.7923279E-02,6.0275482E-01
2.245804E-02,8.7084045E-02,5.6956696E-01
2.246132E-02,8.7618103E-02,5.3630280E-01
2.246460E-02,8.5787048E-02,5.0258087E-01
2.246788E-02,8.5939636E-02,4.6893524E-01
2.247116E-02,8.4337463E-02,4.3551849E-01
2.247444E-02,8.5710754E-02,4.0149139E-01
2.247772E-02,8.5100403E-02,3.6761688E-01
2.248100E-02,8.7007751E-02,3.3374237E-01
2.248428E-02,8.5481873E-02,2.9879974E-01
2.248756E-02,8.6626282E-02,2.6423859E-01
2.249084E-02,8.5100403E-02,2.2944855E-01
2.249412E-02,8.5787048E-02,1.9618439E-01
2.249740E-02,8.4490051E-02,1.6131805E-01
2.250068E-02,8.6015930E-02,1.2751984E-01
2.250396E-02,8.4261169E-02,9.2500916E-02
2.250724E-02,8.6244812E-02,5.8092346E-02
2.251052E-02,8.5558167E-02,2.2997131E-02
2.251380E-02,8.6931458E-02,-1.0801086E-02
2.251708E-02,8.5787048E-02,-4.5514832E-02
2.252036E-02,8.7312927E-02,-7.9389343E-02
2.252364E-02,8.5787048E-02,-1.1562897E-01
2.252692E-02,8.6778870E-02,-1.4919830E-01
2.253020E-02,8.5252991E-02,-1.8459869E-01
2.253348E-02,8.6626282E-02,-2.1877838E-01
2.253676E-02,8.5329285E-02,-2.5417877E-01
2.254004E-02,8.6702576E-02,-2.8820587E-01
2.254332E-02,8.4795227E-02,-3.2269073E-01
2.254660E-02,8.6015930E-02,-3.5694672E-01
2.254988E-02,8.4413757E-02,-3.9112640E-01
2.255316E-02,8.6244812E-02,-4.2469574E-01
2.255644E-02,8.5863342E-02,-4.5925690E-01
2.255972E-02,8.6931458E-02,-4.9175812E-01
2.256300E-02,8.5863342E-02,-5.2616669E-01
2.256628E-02,8.6397400E-02,-5.5866791E-01
2.256956E-02,8.5558167E-02,-5.9200836E-01
2.257284E-02,8.7160339E-02,-6.2336517E-01
2.257612E-02,8.6626282E-02,-6.5678192E-01
2.257940E-02,8.8075867E-02,-6.8691803E-01
2.258268E-02,8.5405579E-02,-7.2033478E-01
2.258596E-02,8.6549988E-02,-7.5039459E-01
2.258924E-02,8.4261169E-02,-7.8259064E-01
2.259252E-02,8.5481873E-02,-8.1150604E-01
2.259580E-02,8.4490051E-02,-8.4164215E-01
2.259908E-02,8.6549988E-02,-8.7200714E-01
2.260236E-02,8.5405579E-02,-9.0145660E-01
2.260564E-02,8.7236633E-02,-9.2991425E-01
2.260892E-02,8.5939636E-02,-9.5821930E-01
2.261220E-02,8.7160339E-02,-9.8599030E-01
2.261548E-02,8.5024109E-02,-1.0142953E+00
2.261876E-02,8.7465515E-02,-1.0409982E+00
2.262204E-02,8.5939636E-02,-1.0688455E+00
2.262532E-02,8.8457336E-02,-1.0947092E+00
2.262860E-02,8.6702576E-02,-1.1214120E+00
2.263188E-02,8.8381042E-02,-1.1462076E+00
2.263516E-02,8.6626282E-02,-1.1713846E+00
2.263844E-02,8.7694397E-02,-1.1948068E+00
2.264172E-02,8.5405579E-02,-1.2199075E+00
2.264500E-02,8.6778870E-02,-1.2427957E+00
2.264828E-02,8.6015930E-02,-1.2667520E+00
2.265156E-02,8.6473694E-02,-1.2883432E+00
2.265484E-02,8.6015930E-02,-1.3116891E+00
2.265812E-02,8.6549988E-02,-1.3317545E+00
2.266140E-02,8.5863342E-02,-1.3532693E+00
2.266468E-02,8.7465515E-02,-1.3720377E+00
2.266796E-02,8.7236633E-02,-1.3916452E+00
2.267124E-02,8.7923279E-02,-1.4111002E+00
2.267452E-02,8.7465515E-02,-1.4304788E+00
2.267780E-02,8.6626282E-02,-1.4468057E+00
2.268108E-02,8.6778870E-02,-1.4635141E+00
2.268436E-02,8.7007751E-02,-1.4804514E+00
2.268764E-02,8.7236633E-02,-1.4965494E+00
2.269092E-02,8.8533630E-02,-1.5105875E+00
2.269420E-02,8.7846985E-02,-1.5254648E+00
2.269748E-02,8.8457336E-02,-1.5392740E+00
2.270076E-02,8.7618103E-02,-1.5523965E+00
2.270404E-02,8.7084045E-02,-1.5642221E+00
2.270732E-02,8.7160339E-02,-1.5755136E+00
2.271060E-02,8.6931458E-02,-1.5866525E+00
2.271388E-02,8.7160339E-02,-1.5961130E+00
2.271716E-02,8.8457336E-02,-1.6062601E+00
2.272044E-02,8.8762512E-02,-1.6157205E+00
2.272372E-02,8.9525452E-02,-1.6242654E+00
2.272700E-02,8.9220276E-02,-1.6325052E+00
2.273028E-02,8.8762512E-02,-1.6383798E+00
2.273356E-02,8.8915100E-02,-1.6455515E+00
2.273684E-02,8.8304749E-02,-1.6499765E+00
2.274012E-02,8.8533630E-02,-1.6551645E+00
2.274340E-02,8.9449158E-02,-1.6592081E+00
2.274668E-02,9.0288391E-02,-1.6622598E+00
2.274996E-02,8.9601746E-02,-1.6643198E+00
2.275324E-02,8.9906921E-02,-1.6669901E+00
2.275652E-02,8.7999573E-02,-1.6676004E+00
2.275980E-02,8.7312927E-02,-1.6680582E+00
2.276308E-02,8.6168518E-02,-1.6681345E+00
2.276636E-02,8.7770691E-02,-1.6664560E+00
2.276964E-02,8.7312927E-02,-1.6646249E+00
2.277292E-02,8.9143982E-02,-1.6620309E+00
2.277620E-02,8.7923279E-02,-1.6584451E+00
2.277948E-02,8.9372864E-02,-1.6538675E+00
2.278276E-02,8.8152161E-02,-1.6497476E+00
2.278604E-02,8.8609924E-02,-1.6441782E+00
2.278932E-02,8.8533630E-02,-1.6370828E+00
2.279260E-02,9.0746155E-02,-1.6313608E+00
2.279588E-02,9.0746155E-02,-1.6247232E+00
2.279916E-02,9.2043152E-02,-1.6156442E+00
2.280244E-02,8.9296570E-02,-1.6071756E+00
2.280572E-02,8.9678040E-02,-1.5976389E+00
2.280900E-02,8.6931458E-02,-1.5861948E+00
2.281228E-02,8.8228455E-02,-1.5745218E+00
2.281556E-02,8.7923279E-02,-1.5639169E+00
2.281884E-02,8.9220276E-02,-1.5522440E+00
2.282212E-02,8.9449158E-02,-1.5395029E+00
2.282540E-02,9.0212097E-02,-1.5253885E+00
2.282868E-02,8.8457336E-02,-1.5118082E+00
2.283196E-02,8.9678040E-02,-1.4957864E+00
2.283524E-02,8.8304749E-02,-1.4803751E+00
2.283852E-02,9.0440979E-02,-1.4633615E+00
2.284180E-02,8.9525452E-02,-1.4465768E+00
2.284508E-02,9.1127625E-02,-1.4283426E+00
2.284836E-02,9.0440979E-02,-1.4105661E+00
2.285164E-02,9.1661682E-02,-1.3908823E+00
2.285492E-02,8.9754333E-02,-1.3723428E+00
2.285820E-02,9.0898743E-02,-1.3501413E+00
2.286148E-02,8.8533630E-02,-1.3299997E+00
2.286476E-02,8.9678040E-02,-1.3081796E+00
2.286804E-02,9.0059509E-02,-1.2869699E+00
2.287132E-02,9.1203918E-02,-1.2639291E+00
2.287460E-02,8.9830627E-02,-1.2409647E+00
2.287788E-02,9.1356506E-02,-1.2177713E+00
2.288116E-02,8.9754333E-02,-1.1940439E+00
2.288444E-02,9.0135803E-02,-1.1692484E+00
2.288772E-02,8.8381042E-02,-1.1455209E+00
2.289100E-02,9.0822449E-02,-1.1187418E+00
2.289428E-02,8.9449158E-02,-1.0936411E+00
2.289756E-02,9.1661682E-02,-1.0667093E+00
2.290084E-02,9.0669861E-02,-1.0403879E+00
2.290412E-02,9.1127625E-02,-1.0124643E+00
2.290740E-02,8.9678040E-02,-9.8499847E-01
2.291068E-02,9.0898743E-02,-9.5570160E-01
2.291396E-02,8.9830627E-02,-9.2732025E-01
2.291724E-02,9.2043152E-02,-8.9787079E-01
2.292052E-02,9.1356506E-02,-8.6964203E-01
2.292380E-02,9.2043152E-02,-8.3874298E-01
2.292708E-02,9.0440979E-02,-8.1005646E-01
2.293036E-02,9.1890564E-02,-7.7831818E-01
2.293364E-02,8.9678040E-02,-7.4833466E-01
2.293692E-02,9.1203918E-02,-7.1560455E-01
2.294020E-02,8.9830627E-02,-6.8432404E-01
2.294348E-02,9.2043152E-02,-6.5159393E-01
2.294676E-02,9.1127625E-02,-6.2077118E-01
2.295004E-02,9.3416443E-02,-5.8788849E-01
2.295332E-02,9.1737976E-02,-5.5569244E-01
2.295660E-02,9.2882385E-02,-5.2166534E-01
2.295988E-02,9.0517273E-02,-4.8931671E-01
2.296316E-02,9.4255676E-02,-4.5391632E-01
2.296644E-02,9.2577209E-02,-4.2103363E-01
2.296972E-02,9.4713440E-02,-3.8616730E-01
2.297300E-02,9.3111267E-02,-3.5275055E-01
2.297628E-02,9.4560852E-02,-3.1628204E-01
2.297956E-02,9.2348328E-02,-2.8408600E-01
2.298284E-02,9.3874207E-02,-2.4838043E-01
2.298612E-02,9.1280212E-02,-2.1465851E-01
2.298940E-02,9.2806091E-02,-1.7994476E-01
2.299268E-02,9.3111267E-02,-1.4584137E-01
2.299596E-02,9.3645325E-02,-1.0944916E-01
2.299924E-02,9.2348328E-02,-7.6261292E-02
2.300252E-02,9.3950500E-02,-4.0021667E-02
2.300580E-02,9.2500916E-02,-5.9945679E-03
2.300908E-02,9.3187561E-02,2.9024353E-02
2.301236E-02,9.2806091E-02,6.3051453E-02
2.301564E-02,9.3569031E-02,9.7612610E-02
2.301892E-02,9.3874207E-02,1.3209747E-01
2.302220E-02,9.4331970E-02,1.6719269E-01
2.302548E-02,9.3645325E-02,2.0060944E-01
2.302876E-02,9.4179382E-02,2.3524689E-01
2.303204E-02,9.3721619E-02,2.6980804E-01
2.303532E-02,9.3874207E-02,3.0436920E-01
2.303860E-02,9.3187561E-02,3.3816742E-01
2.304188E-02,9.4179382E-02,3.7272858E-01
2.304516E-02,9.5094910E-02,4.0645050E-01
2.304844E-02,9.4179382E-02,4.4047760E-01
2.305172E-02,9.2653503E-02,4.7465729E-01
2.305500E-02,9.2119446E-02,5.0898956E-01
2.305828E-02,9.2958679E-02,5.4156708E-01
2.306156E-02,9.4026794E-02,5.7559418E-01
2.306484E-02,9.4789734E-02,6.0763763E-01
2.306812E-02,9.5247498E-02,6.4036774E-01
2.307140E-02,9.4026794E-02,6.7309784E-01
2.307468E-02,9.4255676E-02,7.0430206E-01
2.307796E-02,9.3645325E-02,7.3626923E-01
2.308124E-02,9.4026794E-02,7.6732086E-01
2.308452E-02,9.4026794E-02,7.9966949E-01
2.308780E-02,9.4408264E-02,8.3003448E-01
2.309108E-02,9.5171204E-02,8.6047577E-01
2.309436E-02,9.4408264E-02,8.9068817E-01
2.309764E-02,9.3950500E-02,9.1990875E-01
2.310092E-02,9.3111267E-02,9.4813751E-01
2.310420E-02,9.3111267E-02,9.7728180E-01
2.310748E-02,9.3492737E-02,1.0055869E+00
2.311076E-02,9.5094910E-02,1.0341208E+00
2.311404E-02,9.3874207E-02,1.0618918E+00
2.311732E-02,9.4255676E-02,1.0882132E+00
2.312060E-02,9.2348328E-02,1.1154501E+00
2.312388E-02,9.3263855E-02,1.1420767E+00
2.312716E-02,9.3492737E-02,1.1679404E+00
2.313044E-02,9.5171204E-02,1.1930411E+00
2.313372E-02,9.5094910E-02,1.2179129E+00
2.313700E-02,9.6239319E-02,1.2431662E+00
2.314028E-02,9.4942322E-02,1.2668936E+00
2.314356E-02,9.4331970E-02,1.2897818E+00
2.314684E-02,9.2119446E-02,1.3130515E+00
2.315012E-02,9.2806091E-02,1.3353293E+00
2.315340E-02,9.3416443E-02,1.3579123E+00
2.315668E-02,9.6239319E-02,1.3796561E+00
2.315996E-02,9.4331970E-02,1.4002554E+00
2.316324E-02,9.4866028E-02,1.4203207E+00
2.316652E-02,9.2958679E-02,1.4395468E+00
2.316980E-02,9.4026794E-02,1.4585440E+00
2.317308E-02,9.4637146E-02,1.4762442E+00
2.317636E-02,9.6620789E-02,1.4943259E+00
2.317964E-02,9.5857849E-02,1.5108054E+00
2.318292E-02,9.5552673E-02,1.5273611E+00
2.318620E-02,9.4103088E-02,1.5426962E+00
2.318948E-02,9.4942322E-02,1.5581839E+00
2.319276E-02,9.3950500E-02,1.5726035E+00
2.319604E-02,9.5247498E-02,1.5861075E+00
2.319932E-02,9.5628967E-02,1.5998404E+00
2.320260E-02,9.6849670E-02,1.6119711E+00
2.320588E-02,9.4103088E-02,1.6229575E+00
2.320916E-02,9.4408264E-02,1.6340964E+00
2.321244E-02,9.3340149E-02,1.6444724E+00
2.321572E-02,9.5247498E-02,1.6538565E+00
2.321900E-02,9.3111267E-02,1.6627829E+00
2.322228E-02,9.4637146E-02,1.6720908E+00
2.322556E-02,9.3034973E-02,1.6791098E+00
2.322884E-02,9.3721619E-02,1.6872733E+00
2.323212E-02,9.2653503E-02,1.6922324E+00
2.323540E-02,9.4637146E-02,1.6987173E+00
2.323868E-02,9.4255676E-02,1.7024557E+00
2.324196E-02,9.5400085E-02,1.7070334E+00
2.324524E-02,9.3569031E-02,1.7098563E+00
2.324852E-02,9.4255676E-02,1.7126028E+00
2.325180E-02,9.2882385E-02,1.7146628E+00
2.325508E-02,9.4331970E-02,1.7171042E+00
2.325836E-02,9.3874207E-02,1.7168753E+00
2.326164E-02,9.5857849E-02,1.7183249E+00
2.326492E-02,9.4026794E-02,1.7171805E+00
2.326820E-02,9.3950500E-02,1.7153494E+00
2.327148E-02,9.2348328E-02,1.7123740E+00
2.327476E-02,9.3263855E-02,1.7099326E+00
2.327804E-02,9.2806091E-02,1.7064230E+00
2.328132E-02,9.4484558E-02,1.7020743E+00
2.328460E-02,9.3569031E-02,1.6958182E+00
2.328788E-02,9.4408264E-02,1.6901724E+00
2.329116E-02,9.2272034E-02,1.6839163E+00
2.329444E-02,9.3416443E-02,1.6774313E+00
2.329772E-02,9.2500916E-02,1.6685049E+00
2.330100E-02,9.5400085E-02,1.6607230E+00
2.330428E-02,9.4179382E-02,1.6506522E+00
2.330756E-02,9.6544495E-02,1.6415732E+00
2.331084E-02,9.2729797E-02,1.6296713E+00
2.331412E-02,9.3111267E-02,1.6195242E+00
2.331740E-02,9.0975037E-02,1.6065543E+00
2.332068E-02,9.3721619E-02,1.5952628E+00
2.332396E-02,9.2348328E-02,1.5803854E+00
2.332724E-02,9.5018616E-02,1.5685599E+00
2.333052E-02,9.2500916E-02,1.5525381E+00
2.333380E-02,9.3569031E-02,1.5385764E+00
2.333708E-02,9.2043152E-02,1.5217917E+00
2.334036E-02,9.4560852E-02,1.5067618E+00
2.334364E-02,9.4103088E-02,1.4878409E+00
2.334692E-02,9.5552673E-02,1.4714377E+00
2.335020E-02,9.3492737E-02,1.4519064E+00
2.335348E-02,9.3950500E-02,1.4332907E+00
2.335676E-02,9.2729797E-02,1.4131491E+00
2.336004E-02,9.5323792E-02,1.3933890E+00
2.336332E-02,9.5247498E-02,1.3723318E+00
2.336660E-02,9.5781555E-02,1.3516562E+00
2.336988E-02,9.5400085E-02,1.3280814E+00
2.337316E-02,9.5628967E-02,1.3067191E+00
2.337644E-02,9.4560852E-02,1.2833731E+00
2.337972E-02,9.5705261E-02,1.2602560E+00
2.338300E-02,9.6010437E-02,1.2359946E+00
2.338628E-02,9.6391907E-02,1.2119620E+00
2.338956E-02,9.4942322E-02,1.1871664E+00
2.339284E-02,9.4179382E-02,1.1616080E+00
2.339612E-02,9.3416443E-02,1.1347525E+00
2.339940E-02,9.4713440E-02,1.1087363E+00
2.340268E-02,9.6086731E-02,1.0806601E+00
2.340596E-02,9.7231140E-02,1.0539572E+00
2.340924E-02,9.7002258E-02,1.0258810E+00
2.341252E-02,9.5552673E-02,9.9803375E-01
2.341580E-02,9.4560852E-02,9.6957611E-01
2.341908E-02,9.5400085E-02,9.4096588E-01
2.342236E-02,9.7307434E-02,9.1144012E-01
2.342564E-02,9.7536316E-02,8.8176178E-01
2.342892E-02,9.6391907E-02,8.5170197E-01
2.343220E-02,9.4789734E-02,8.2110809E-01
2.343548E-02,9.4408264E-02,7.9005646E-01
2.343876E-02,9.4408264E-02,7.5961517E-01
2.344204E-02,9.6315613E-02,7.2764801E-01
2.344532E-02,9.6239319E-02,6.9606232E-01
2.344860E-02,9.7078552E-02,6.6234039E-01
2.345188E-02,9.4866028E-02,6.3128876E-01
2.345516E-02,9.4637146E-02,5.9894012E-01
2.345844E-02,9.3950500E-02,5.6636261E-01
2.346172E-02,9.6315613E-02,5.3286957E-01
2.346500E-02,9.5857849E-02,4.9907135E-01
2.346828E-02,9.8070374E-02,4.6534943E-01
2.347156E-02,9.6086731E-02,4.3208527E-01
2.347484E-02,9.6620789E-02,3.9721893E-01
2.347812E-02,9.6925964E-02,3.6403107E-01
2.348140E-02,9.7765198E-02,3.2985138E-01
2.348468E-02,9.6620789E-02,2.9529022E-01
2.348796E-02,9.5552673E-02,2.6042389E-01
2.349124E-02,9.5247498E-02,2.2632050E-01
2.349452E-02,9.7383728E-02,1.9175934E-01
2.349780E-02,9.7002258E-02,1.5727448E-01
2.350108E-02,9.7765198E-02,1.2317108E-01
2.350436E-02,9.6620789E-02,8.9372864E-02
2.350764E-02,9.7002258E-02,5.3896179E-02
2.351092E-02,9.4637146E-02,1.9182434E-02
2.351420E-02,9.6849670E-02,-1.4768372E-02
2.351748E-02,9.6315613E-02,-4.9634705E-02
2.352076E-02,9.8909607E-02,-8.3966980E-02
2.352404E-02,9.7002258E-02,-1.1890961E-01
2.352732E-02,9.7002258E-02,-1.5308929E-01
2.353060E-02,9.4789734E-02,-1.8848969E-01
2.353388E-02,9.7536316E-02,-2.2259308E-01
2.353716E-02,9.6544495E-02,-2.5761200E-01
2.354044E-02,9.7765198E-02,-2.9141022E-01
2.354372E-02,9.6010437E-02,-3.2589508E-01
2.354700E-02,9.6468201E-02,-3.5984589E-01
2.355028E-02,9.5171204E-02,-3.9463593E-01
2.355356E-02,9.6391907E-02,-4.2843414E-01
2.355684E-02,9.4637146E-02,-4.6223236E-01
2.356012E-02,9.6315613E-02,-4.9526764E-01
2.356340E-02,9.4484558E-02,-5.2952362E-01
2.356668E-02,9.5476379E-02,-5.6202484E-01
2.356996E-02,9.5018616E-02,-5.9460236E-01
2.357324E-02,9.7154846E-02,-6.2717987E-01
2.357652E-02,9.6849670E-02,-6.5945221E-01
2.357980E-02,9.8299255E-02,-6.9111420E-01
2.358308E-02,9.5476379E-02,-7.2224213E-01
2.358636E-02,9.6086731E-02,-7.5253082E-01
2.358964E-02,9.6010437E-02,-7.8465057E-01
2.359292E-02,9.8222961E-02,-8.1463409E-01
2.359620E-02,9.6315613E-02,-8.4560944E-01
2.359948E-02,9.7078552E-02,-8.7429596E-01
2.360276E-02,9.3950500E-02,-9.0389801E-01
2.360604E-02,9.4866028E-02,-9.3258453E-01
2.360932E-02,9.3874207E-02,-9.6256805E-01
2.361260E-02,9.6544495E-02,-9.8942352E-01
2.361588E-02,9.5705261E-02,-1.0179575E+00
2.361916E-02,9.6315613E-02,-1.0446603E+00
2.362244E-02,9.3645325E-02,-1.0724313E+00
2.362572E-02,9.4408264E-02,-1.0976083E+00
2.362900E-02,9.3340149E-02,-1.1252267E+00
2.363228E-02,9.5552673E-02,-1.1495645E+00
2.363556E-02,9.4484558E-02,-1.1756570E+00
2.363884E-02,9.5934143E-02,-1.1988504E+00
2.364212E-02,9.4789734E-02,-1.2234171E+00
2.364540E-02,9.6239319E-02,-1.2450082E+00
2.364868E-02,9.5552673E-02,-1.2691934E+00
2.365196E-02,9.6544495E-02,-1.2905557E+00
2.365524E-02,9.4331970E-02,-1.3131387E+00
2.365852E-02,9.4331970E-02,-1.3325937E+00
2.366180E-02,9.2653503E-02,-1.3550241E+00
2.366508E-02,9.5552673E-02,-1.3737161E+00
2.366836E-02,9.3569031E-02,-1.3944681E+00
2.367164E-02,9.6315613E-02,-1.4127786E+00
2.367492E-02,9.3111267E-02,-1.4318521E+00
2.367820E-02,9.3950500E-02,-1.4479501E+00
2.368148E-02,9.2958679E-02,-1.4661081E+00
2.368476E-02,9.5934143E-02,-1.4814432E+00
2.368804E-02,9.4484558E-02,-1.4982278E+00
2.369132E-02,9.4713440E-02,-1.5123422E+00
2.369460E-02,9.2348328E-02,-1.5272958E+00
2.369788E-02,9.3187561E-02,-1.5407236E+00
2.370116E-02,9.3721619E-02,-1.5548380E+00
2.370444E-02,9.5400085E-02,-1.5651376E+00
2.370772E-02,9.4789734E-02,-1.5774973E+00
2.371100E-02,9.4408264E-02,-1.5883310E+00
2.371428E-02,9.3034973E-02,-1.5998514E+00
2.371756E-02,9.3950500E-02,-1.6076334E+00
2.372084E-02,9.3340149E-02,-1.6175516E+00
2.372412E-02,9.3645325E-02,-1.6242654E+00
2.372740E-02,9.2653503E-02,-1.6335733E+00
2.373068E-02,9.3034973E-02,-1.6396005E+00
2.373396E-02,9.1432800E-02,-1.6457803E+00
2.373724E-02,9.3874207E-02,-1.6504343E+00
2.374052E-02,9.3645325E-02,-1.6554697E+00
2.374380E-02,9.4331970E-02,-1.6592844E+00
2.374708E-02,9.2806091E-02,-1.6631754E+00
2.375036E-02,9.1661682E-02,-1.6649301E+00
2.375364E-02,9.1737976E-02,-1.6670663E+00
2.375692E-02,9.2577209E-02,-1.6684396E+00
2.376020E-02,9.3950500E-02,-1.6691263E+00
2.376348E-02,9.2806091E-02,-1.6677530E+00
2.376676E-02,9.1661682E-02,-1.6663797E+00
2.377004E-02,9.1127625E-02,-1.6639383E+00
2.377332E-02,9.0975037E-02,-1.6618784E+00
2.377660E-02,9.0898743E-02,-1.6584451E+00
2.377988E-02,9.0593567E-02,-1.6538675E+00
2.378316E-02,9.0593567E-02,-1.6489847E+00
2.378644E-02,8.9830627E-02,-1.6450937E+00
2.378972E-02,9.0059509E-02,-1.6379984E+00
2.379300E-02,9.0746155E-02,-1.6308267E+00
2.379628E-02,9.0440979E-02,-1.6230447E+00
2.379956E-02,9.0517273E-02,-1.6142709E+00
2.380284E-02,8.9525452E-02,-1.6051157E+00
2.380612E-02,9.0746155E-02,-1.5961130E+00
2.380940E-02,9.1203918E-02,-1.5846689E+00
2.381268E-02,9.2195740E-02,-1.5742166E+00
2.381596E-02,9.0364685E-02,-1.5624673E+00
2.381924E-02,8.9678040E-02,-1.5510995E+00
2.382252E-02,8.8304749E-02,-1.5372141E+00
2.382580E-02,8.8686218E-02,-1.5234048E+00
2.382908E-02,8.9143982E-02,-1.5088327E+00
2.383236E-02,9.0212097E-02,-1.4928110E+00
2.383564E-02,8.8991394E-02,-1.4773233E+00
2.383892E-02,8.8533630E-02,-1.4603860E+00
2.384220E-02,8.7236633E-02,-1.4428384E+00
2.384548E-02,8.9830627E-02,-1.4254434E+00
2.384876E-02,8.8152161E-02,-1.4074380E+00
2.385204E-02,8.7999573E-02,-1.3883646E+00
2.385532E-02,8.6321106E-02,-1.3693674E+00
2.385860E-02,8.7770691E-02,-1.3479288E+00
2.386188E-02,8.7389221E-02,-1.3271768E+00
2.386516E-02,8.8304749E-02,-1.3050516E+00
2.386844E-02,8.6168518E-02,-1.2841470E+00
2.387172E-02,8.7694397E-02,-1.2621744E+00
2.387500E-02,8.5710754E-02,-1.2402017E+00
2.387828E-02,8.7541809E-02,-1.2157114E+00
2.388156E-02,8.5863342E-02,-1.1922891E+00
2.388484E-02,8.7465515E-02,-1.1673410E+00
2.388812E-02,8.5176697E-02,-1.1425455E+00
2.389140E-02,8.4871521E-02,-1.1172922E+00
2.389468E-02,8.3574524E-02,-1.0911996E+00
2.389796E-02,8.4184875E-02,-1.0641153E+00
2.390124E-02,8.3116760E-02,-1.0374124E+00
2.390452E-02,8.4261169E-02,-1.0091074E+00
2.390780E-02,8.2430115E-02,-9.8179413E-01
2.391108E-02,8.5024109E-02,-9.5280243E-01
2.391436E-02,8.4032288E-02,-9.2464996E-01
2.391764E-02,8.5405579E-02,-8.9451385E-01
2.392092E-02,8.2582703E-02,-8.6605621E-01
2.392420E-02,8.3650818E-02,-8.3607269E-01
2.392748E-02,8.1972351E-02,-8.0631805E-01
2.393076E-02,8.4032288E-02,-7.7442719E-01
2.393404E-02,8.3574524E-02,-7.4413849E-01
2.393732E-02,8.4413757E-02,-7.1171356E-01
2.394060E-02,8.2506409E-02,-6.8066193E-01
2.394388E-02,8.2506409E-02,-6.4846588E-01
2.394716E-02,8.1514587E-02,-6.1657501E-01
2.395044E-02,8.2964172E-02,-5.8308197E-01
2.395372E-02,8.1896057E-02,-5.5088593E-01
2.395700E-02,8.2582703E-02,-5.1754547E-01
2.396028E-02,8.1133118E-02,-4.8496796E-01
2.396356E-02,8.2582703E-02,-4.5086456E-01
2.396684E-02,8.1133118E-02,-4.1760040E-01
2.397012E-02,8.2735291E-02,-3.8250519E-01
2.397340E-02,8.1438293E-02,-3.4878326E-01
2.397668E-02,8.2506409E-02,-3.1422211E-01
2.397996E-02,8.0370178E-02,-2.7996613E-01
2.398324E-02,8.3116760E-02,-2.4494720E-01
2.398652E-02,8.1209412E-02,-2.1122528E-01
2.398980E-02,8.1896057E-02,-1.7590118E-01
2.399308E-02,7.9454651E-02,-1.4248444E-01
2.399636E-02,8.0522766E-02,-1.0670258E-01
2.399964E-02,7.9149475E-02,-7.2522888E-02
2.400292E-02,8.0751648E-02,-3.7809143E-02
2.400620E-02,7.9378357E-02,-3.3242798E-03
2.400948E-02,8.0675354E-02,3.2304993E-02
2.401276E-02,7.8615417E-02,6.6789856E-02
2.401604E-02,7.8920593E-02,1.0196136E-01
2.401932E-02,7.7471008E-02,1.3484406E-01
2.402260E-02,8.0141296E-02,1.7146515E-01
2.402588E-02,7.8310242E-02,2.0350861E-01
2.402916E-02,7.9607239E-02,2.3929047E-01
2.403244E-02,7.7089539E-02,2.7263092E-01
2.403572E-02,7.8920593E-02,3.0826019E-01
2.403900E-02,7.7089539E-02,3.4152435E-01
2.404228E-02,7.9225769E-02,3.7692474E-01
2.404556E-02,7.7013245E-02,4.1057037E-01
2.404884E-02,7.7928772E-02,4.4566559E-01
2.405212E-02,7.7165833E-02,4.7793793E-01
2.405540E-02,7.8539124E-02,5.1173615E-01
2.405868E-02,7.6784363E-02,5.4446625E-01
2.406196E-02,7.8081360E-02,5.7895111E-01
2.406524E-02,7.6402893E-02,6.1038422E-01
2.406852E-02,7.7242126E-02,6.4418243E-01
2.407180E-02,7.6326599E-02,6.7607330E-01
2.407508E-02,7.7928772E-02,7.0849823E-01
2.407836E-02,7.7394714E-02,7.3939728E-01
2.408164E-02,7.6860657E-02,7.7105927E-01
2.408492E-02,7.5945129E-02,8.0150055E-01
2.408820E-02,7.7318420E-02,8.3331512E-01
2.409148E-02,7.7394714E-02,8.6368011E-01
2.409476E-02,7.6555481E-02,8.9351105E-01
2.409804E-02,7.5868835E-02,9.2296051E-01
2.410132E-02,7.6021423E-02,9.5263885E-01
2.410460E-02,7.6174011E-02,9.8025726E-01
2.410788E-02,7.6631775E-02,1.0084860E+00
2.411116E-02,7.5487366E-02,1.0361044E+00
2.411444E-02,7.5105896E-02,1.0639517E+00
2.411772E-02,7.4495544E-02,1.0911887E+00
2.412100E-02,7.4342957E-02,1.1182730E+00
2.412428E-02,7.4648132E-02,1.1443655E+00
2.412756E-02,7.4800720E-02,1.1695425E+00
2.413084E-02,7.4953308E-02,1.1955588E+00
2.413412E-02,7.4495544E-02,1.2202017E+00
2.413740E-02,7.3656311E-02,1.2443869E+00
2.414068E-02,7.4266663E-02,1.2682669E+00
2.414396E-02,7.4190369E-02,1.2921469E+00
2.414724E-02,7.4800720E-02,1.3143484E+00
2.415052E-02,7.4266663E-02,1.3367789E+00
2.415380E-02,7.3351135E-02,1.3586752E+00
2.415708E-02,7.3045959E-02,1.3799612E+00
2.416036E-02,7.2588196E-02,1.4003317E+00
2.416364E-02,7.2206726E-02,1.4213126E+00
2.416692E-02,7.1672668E-02,1.4401572E+00
2.417020E-02,7.3427429E-02,1.4595358E+00
2.417348E-02,7.2664490E-02,1.4774649E+00
2.417676E-02,7.3732605E-02,1.4947836E+00
2.418004E-02,7.2588196E-02,1.5116446E+00
2.418332E-02,7.2817078E-02,1.5279715E+00
2.418660E-02,7.2359314E-02,1.5433066E+00
2.418988E-02,7.2435608E-02,1.5584891E+00
2.419316E-02,7.2588196E-02,1.5729086E+00
2.419644E-02,7.4190369E-02,1.5858786E+00
2.419972E-02,7.2588196E-02,1.5991537E+00
2.420300E-02,7.3274841E-02,1.6117422E+00
2.420628E-02,7.1062317E-02,1.6236441E+00
2.420956E-02,7.3580017E-02,1.6344016E+00
2.421284E-02,7.1825256E-02,1.6455405E+00
2.421612E-02,7.3580017E-02,1.6551535E+00
2.421940E-02,7.1443787E-02,1.6639273E+00
2.422268E-02,7.2893372E-02,1.6724722E+00
2.422596E-02,7.0986023E-02,1.6805594E+00
2.422924E-02,7.2283020E-02,1.6868155E+00
2.423252E-02,7.0451965E-02,1.6918509E+00
2.423580E-02,7.2435608E-02,1.6981070E+00
2.423908E-02,7.0299377E-02,1.7029898E+00
2.424236E-02,7.1062317E-02,1.7084067E+00
2.424564E-02,7.0299377E-02,1.7108481E+00
2.424892E-02,7.1977844E-02,1.7138235E+00
2.425220E-02,7.0604553E-02,1.7145102E+00
2.425548E-02,7.1138611E-02,1.7170279E+00
2.425876E-02,6.9841614E-02,1.7170279E+00
2.426204E-02,7.1977844E-02,1.7167227E+00
2.426532E-02,7.0146790E-02,1.7161124E+00
2.426860E-02,7.1214905E-02,1.7151205E+00
2.427188E-02,7.0070496E-02,1.7116110E+00
2.427516E-02,7.0070496E-02,1.7087119E+00
2.427844E-02,6.9536438E-02,1.7047446E+00
2.428172E-02,7.0375671E-02,1.7010825E+00
2.428500E-02,6.8697205E-02,1.6946738E+00
2.428828E-02,6.9154968E-02,1.6892569E+00
2.429156E-02,6.8163147E-02,1.6827719E+00
2.429484E-02,6.9231262E-02,1.6759818E+00
2.429812E-02,6.8392029E-02,1.6666739E+00
2.430140E-02,6.8849792E-02,1.6587393E+00
2.430468E-02,6.7400208E-02,1.6491263E+00
2.430796E-02,6.8392029E-02,1.6395895E+00
2.431124E-02,6.7171326E-02,1.6279929E+00
2.431452E-02,6.9307556E-02,1.6179221E+00
2.431780E-02,6.8392029E-02,1.6054861E+00
2.432108E-02,7.0375671E-02,1.5938132E+00
2.432436E-02,6.8163147E-02,1.5798514E+00
2.432764E-02,6.8849792E-02,1.5655081E+00
2.433092E-02,6.5798035E-02,1.5506308E+00
2.433420E-02,6.8239441E-02,1.5356772E+00
2.433748E-02,6.7247620E-02,1.5186636E+00
2.434076E-02,6.8315735E-02,1.5020316E+00
2.434404E-02,6.6484680E-02,1.4847891E+00
2.434732E-02,6.7705383E-02,1.4673178E+00
2.435060E-02,6.6179504E-02,1.4476340E+00
2.435388E-02,6.7247620E-02,1.4297049E+00
2.435716E-02,6.5645447E-02,1.4091818E+00
2.436044E-02,6.7629089E-02,1.3906424E+00
2.436372E-02,6.6408386E-02,1.3687460E+00
2.436700E-02,6.9002380E-02,1.3478415E+00
2.437028E-02,6.6484680E-02,1.3253348E+00
2.437356E-02,6.8086853E-02,1.3045065E+00
2.437684E-02,6.6332092E-02,1.2801688E+00
2.438012E-02,6.7705383E-02,1.2577383E+00
2.438340E-02,6.6179504E-02,1.2328665E+00
2.438668E-02,6.7247620E-02,1.2089102E+00
2.438996E-02,6.5492859E-02,1.1828177E+00
2.439324E-02,6.7018738E-02,1.1577933E+00
2.439652E-02,6.5111389E-02,1.1304037E+00
2.439980E-02,6.5416565E-02,1.1057608E+00
2.440308E-02,6.4501038E-02,1.0771506E+00
2.440636E-02,6.5721741E-02,1.0506766E+00
2.440964E-02,6.3509216E-02,1.0225241E+00
2.441292E-02,6.5416565E-02,9.9505829E-01
2.441620E-02,6.5111389E-02,9.6606659E-01
2.441948E-02,6.6026917E-02,9.3699860E-01
2.442276E-02,6.5340271E-02,9.0732025E-01
2.442604E-02,6.5950623E-02,8.7848114E-01
2.442932E-02,6.4348450E-02,8.4727692E-01
2.443260E-02,6.4806213E-02,8.1759857E-01
2.443588E-02,6.4806213E-02,7.8700470E-01
2.443916E-02,6.5950623E-02,7.5541901E-01
2.444244E-02,6.5111389E-02,7.2284149E-01
2.444572E-02,6.4348450E-02,6.9163727E-01
2.444900E-02,6.3356628E-02,6.5883087E-01
2.445228E-02,6.3661804E-02,6.2632965E-01
2.445556E-02,6.2669983E-02,5.9436249E-01
2.445884E-02,6.3127747E-02,5.6109833E-01
2.446212E-02,6.2975159E-02,5.2745270E-01
2.446540E-02,6.3051453E-02,4.9579071E-01
2.446868E-02,6.2669983E-02,4.6122955E-01
2.447196E-02,6.2975159E-02,4.2704987E-01
2.447524E-02,6.3814392E-02,3.9264130E-01
2.447852E-02,6.2898865E-02,3.5930084E-01
2.448180E-02,6.3661804E-02,3.2412933E-01
2.448508E-02,6.3280334E-02,2.8972076E-01
2.448836E-02,6.4424744E-02,2.5546478E-01
2.449164E-02,6.3356628E-02,2.2143768E-01
2.449492E-02,6.3814392E-02,1.8672394E-01
2.449820E-02,6.2364807E-02,1.5269684E-01
2.450148E-02,6.2364807E-02,1.1798309E-01
2.450476E-02,6.2364807E-02,8.3193054E-02
2.450804E-02,6.3204041E-02,4.9013367E-02
2.451132E-02,6.2898865E-02,1.4528503E-02
2.451460E-02,6.3280334E-02,-2.0414124E-02
2.451788E-02,6.2517395E-02,-5.5280457E-02
2.452116E-02,6.2669983E-02,-9.0070496E-02
2.452444E-02,6.1296692E-02,-1.2425018E-01
2.452772E-02,6.1983337E-02,-1.5858246E-01
2.453100E-02,6.1525574E-02,-1.9321991E-01
2.453428E-02,6.2593689E-02,-2.2785736E-01
2.453756E-02,6.1067810E-02,-2.6234222E-01
2.454084E-02,6.2669983E-02,-2.9652191E-01
2.454412E-02,6.2669983E-02,-3.3039642E-01
2.454740E-02,6.2975159E-02,-3.6442352E-01
2.455068E-02,6.1525574E-02,-3.9936615E-01
2.455396E-02,6.2364807E-02,-4.3362213E-01
2.455724E-02,6.1907043E-02,-4.6650482E-01
2.456052E-02,6.3661804E-02,-4.9999786E-01
2.456380E-02,6.0838928E-02,-5.3349091E-01
2.456708E-02,6.1678162E-02,-5.6614471E-01
2.457036E-02,6.0075989E-02,-5.9917999E-01
2.457364E-02,6.0762634E-02,-6.3061310E-01
2.457692E-02,5.9465637E-02,-6.6303802E-01
2.458020E-02,6.0838928E-02,-6.9546295E-01
2.458348E-02,5.9618225E-02,-7.2735382E-01
2.458676E-02,6.1144104E-02,-7.5832916E-01
2.459004E-02,6.0304871E-02,-7.8968597E-01
2.459332E-02,6.1372986E-02,-8.1905914E-01
2.459660E-02,5.9313049E-02,-8.4843231E-01
2.459988E-02,6.1296692E-02,-8.7887360E-01
2.460316E-02,6.0838928E-02,-9.0763641E-01
2.460644E-02,6.0762634E-02,-9.3739105E-01
2.460972E-02,5.9313049E-02,-9.6600128E-01
2.461300E-02,6.0228577E-02,-9.9407745E-01
2.461628E-02,5.8321228E-02,-1.0221536E+00
2.461956E-02,6.0228577E-02,-1.0493143E+00
2.462284E-02,5.8702698E-02,-1.0757120E+00
2.462612E-02,5.9694519E-02,-1.1021097E+00
2.462940E-02,5.8092346E-02,-1.1288889E+00
2.463268E-02,5.9465637E-02,-1.1534555E+00
2.463596E-02,5.8473816E-02,-1.1781747E+00
2.463924E-02,5.9313049E-02,-1.2022073E+00
2.464252E-02,5.7100525E-02,-1.2269266E+00
2.464580E-02,5.8702698E-02,-1.2495859E+00
2.464908E-02,5.6642761E-02,-1.2723215E+00
2.465236E-02,5.8702698E-02,-1.2941415E+00
2.465564E-02,5.7100525E-02,-1.3164957E+00
2.465892E-02,5.9770813E-02,-1.3378580E+00
2.466220E-02,5.7787170E-02,-1.3592203E+00
2.466548E-02,5.8168640E-02,-1.3782938E+00
2.466876E-02,5.6566467E-02,-1.3979013E+00
2.467204E-02,5.7558289E-02,-1.4153726E+00
2.467532E-02,5.6413879E-02,-1.4336069E+00
2.467860E-02,5.7939758E-02,-1.4503915E+00
2.468188E-02,5.6719055E-02,-1.4680154E+00
2.468516E-02,5.7329407E-02,-1.4835031E+00
2.468844E-02,5.6261292E-02,-1.5003641E+00
2.469172E-02,5.7329407E-02,-1.5142496E+00
2.469500E-02,5.5422058E-02,-1.5290506E+00
2.469828E-02,5.7176819E-02,-1.5415628E+00
2.470156E-02,5.5269470E-02,-1.5549142E+00
2.470484E-02,5.6795349E-02,-1.5668924E+00
2.470812E-02,5.4735413E-02,-1.5795572E+00
2.471140E-02,5.6795349E-02,-1.5897806E+00
2.471468E-02,5.4964294E-02,-1.6014536E+00
2.471796E-02,5.5879822E-02,-1.6102274E+00
2.472124E-02,5.3514709E-02,-1.6197641E+00
2.472452E-02,5.5422058E-02,-1.6258676E+00
2.472780E-02,5.3591003E-02,-1.6348703E+00
2.473108E-02,5.4277649E-02,-1.6399820E+00
2.473436E-02,5.3438416E-02,-1.6472299E+00
2.473764E-02,5.3056946E-02,-1.6515024E+00
2.474092E-02,5.1378479E-02,-1.6567667E+00
2.474420E-02,5.2370300E-02,-1.6595895E+00
2.474748E-02,5.0768127E-02,-1.6634805E+00
2.475076E-02,5.2141418E-02,-1.6642435E+00
2.475404E-02,4.9852600E-02,-1.6680582E+00
2.475732E-02,5.1149597E-02,-1.6688974E+00
2.476060E-02,5.1149597E-02,-1.6695078E+00
2.476388E-02,5.1302185E-02,-1.6676767E+00
2.476716E-02,5.0462952E-02,-1.6678293E+00
2.477044E-02,5.0768127E-02,-1.6650827E+00
2.477372E-02,4.9623718E-02,-1.6618784E+00
2.477700E-02,5.0539246E-02,-1.6582925E+00
2.478028E-02,4.9928894E-02,-1.6544778E+00
2.478356E-02,5.0539246E-02,-1.6491373E+00
2.478684E-02,4.9700012E-02,-1.6447885E+00
2.479012E-02,4.9700012E-02,-1.6376932E+00
2.479340E-02,4.8326721E-02,-1.6306741E+00
2.479668E-02,4.8860779E-02,-1.6227396E+00
2.479996E-02,4.8937073E-02,-1.6148050E+00
2.480324E-02,4.8937073E-02,-1.6051920E+00
2.480652E-02,4.8326721E-02,-1.5953500E+00
2.480980E-02,4.7182312E-02,-1.5840585E+00
2.481308E-02,4.6800842E-02,-1.5739877E+00
2.481636E-02,4.8250427E-02,-1.5619333E+00
2.481964E-02,4.8403015E-02,-1.5497263E+00
2.482292E-02,4.7792664E-02,-1.5365274E+00
2.482620E-02,4.8021545E-02,-1.5222604E+00
2.482948E-02,4.7029724E-02,-1.5072305E+00
2.483276E-02,4.6190491E-02,-1.4922006E+00
2.483604E-02,4.5732727E-02,-1.4757211E+00
2.483932E-02,4.5503845E-02,-1.4590891E+00
2.484260E-02,4.5198669E-02,-1.4424570E+00
2.484588E-02,4.4359436E-02,-1.4249857E+00
2.484916E-02,4.4359436E-02,-1.4059885E+00
2.485244E-02,4.5046082E-02,-1.3869150E+00
2.485572E-02,4.3596497E-02,-1.3670786E+00
2.485900E-02,4.4664612E-02,-1.3472421E+00
2.486228E-02,4.3291321E-02,-1.3260324E+00
2.486556E-02,4.3977966E-02,-1.3047464E+00
2.486884E-02,4.3596497E-02,-1.2823923E+00
2.487212E-02,4.5122375E-02,-1.2590463E+00
2.487540E-02,4.4664612E-02,-1.2360818E+00
2.487868E-02,4.4817200E-02,-1.2128122E+00
2.488196E-02,4.3749084E-02,-1.1885507E+00
2.488524E-02,4.3443909E-02,-1.1642130E+00
2.488852E-02,4.3291321E-02,-1.1378152E+00
2.489180E-02,4.3977966E-02,-1.1126382E+00
2.489508E-02,4.3367615E-02,-1.0860880E+00
2.489836E-02,4.3520203E-02,-1.0603006E+00
2.490164E-02,4.1841736E-02,-1.0321481E+00
2.490492E-02,4.1231384E-02,-1.0045297E+00
2.490820E-02,4.0773621E-02,-9.7683502E-01
2.491148E-02,4.1612854E-02,-9.4822479E-01
2.491476E-02,4.0010681E-02,-9.1953827E-01
2.491804E-02,4.0621033E-02,-8.9024139E-01
2.492132E-02,3.9095154E-02,-8.6124969E-01
2.492460E-02,4.0392151E-02,-8.3233429E-01
2.492788E-02,3.9247742E-02,-8.0166412E-01
2.493116E-02,3.9781799E-02,-7.7038361E-01
2.493444E-02,3.9934387E-02,-7.3986603E-01
2.493772E-02,4.0086975E-02,-7.0728851E-01
2.494100E-02,3.7798157E-02,-6.7661835E-01
2.494428E-02,3.9858093E-02,-6.4404083E-01
2.494756E-02,3.8179626E-02,-6.1092926E-01
2.495084E-02,4.0239563E-02,-5.7926727E-01
2.495412E-02,3.7874451E-02,-5.4691864E-01
2.495740E-02,3.8484802E-02,-5.1334930E-01
2.496068E-02,3.6882629E-02,-4.7955109E-01
2.496396E-02,3.8942566E-02,-4.4544769E-01
2.496724E-02,3.8103333E-02,-4.1248871E-01
2.497052E-02,3.9324036E-02,-3.7830902E-01
2.497380E-02,3.6958923E-02,-3.4359528E-01
2.497708E-02,3.7874451E-02,-3.0842377E-01
2.498036E-02,3.6730042E-02,-2.7462555E-01
2.498364E-02,3.8789978E-02,-2.4021698E-01
2.498692E-02,3.6958923E-02,-2.0550323E-01
2.499020E-02,3.8713684E-02,-1.7132355E-01
2.499348E-02,3.7416687E-02,-1.3706757E-01
2.499676E-02,3.8942566E-02,-1.0166718E-01
2.500004E-02,3.7264099E-02,-6.7106018E-02
2.500332E-02,3.8561096E-02,-3.2010803E-02
2.500660E-02,3.6730042E-02,2.5503540E-03
2.500988E-02,3.7874451E-02,3.7340393E-02
2.501316E-02,3.5890808E-02,7.1443787E-02
2.501644E-02,3.7798157E-02,1.0623383E-01
2.501972E-02,3.7416687E-02,1.4041351E-01
2.502300E-02,3.8332214E-02,1.7589020E-01
2.502628E-02,3.6958923E-02,2.0892548E-01
2.502956E-02,3.7264099E-02,2.4424957E-01
2.503284E-02,3.5051575E-02,2.7789520E-01
2.503612E-02,3.6119690E-02,3.1337189E-01
2.503940E-02,3.5280457E-02,3.4694122E-01
2.504268E-02,3.7492981E-02,3.8180756E-01
2.504596E-02,3.6043396E-02,4.1453766E-01
2.504924E-02,3.7187805E-02,4.5047211E-01
2.505252E-02,3.5280457E-02,4.8282074E-01
2.505580E-02,3.6577454E-02,5.1761078E-01
2.505908E-02,3.5661926E-02,5.4942535E-01
2.506236E-02,3.8179626E-02,5.8368134E-01
2.506564E-02,3.6730042E-02,6.1610626E-01
2.506892E-02,3.7569275E-02,6.4891266E-01
2.507220E-02,3.5127869E-02,6.8057465E-01
2.507548E-02,3.6348572E-02,7.1360992E-01
2.507876E-02,3.5356750E-02,7.4412750E-01
2.508204E-02,3.7111511E-02,7.7685760E-01
2.508532E-02,3.4822693E-02,8.0691742E-01
2.508860E-02,3.7416687E-02,8.3896088E-01
2.509188E-02,3.5661926E-02,8.6779999E-01
2.509516E-02,3.7492981E-02,8.9946198E-01
2.509844E-02,3.6882629E-02,9.2830109E-01
2.510172E-02,3.9018860E-02,9.5797943E-01
2.510500E-02,3.7798157E-02,9.8575043E-01
2.510828E-02,3.7874451E-02,1.0149710E+00
2.511156E-02,3.7035217E-02,1.0422079E+00
2.511484E-02,3.8866272E-02,1.0699789E+00
2.511812E-02,3.8255920E-02,1.0963766E+00
2.512140E-02,3.8484802E-02,1.1236899E+00
2.512468E-02,3.7950745E-02,1.1496298E+00
2.512796E-02,3.7340393E-02,1.1756461E+00
2.513124E-02,3.7111511E-02,1.1997549E+00
2.513452E-02,3.7645569E-02,1.2257712E+00
2.513780E-02,3.7340393E-02,1.2493460E+00
2.514108E-02,3.8179626E-02,1.2734549E+00
2.514436E-02,3.7340393E-02,1.2960379E+00
2.514764E-02,3.7721863E-02,1.3190787E+00
2.515092E-02,3.7416687E-02,1.3408987E+00
2.515420E-02,3.8637390E-02,1.3627951E+00
2.515748E-02,3.9171448E-02,1.3837759E+00
2.516076E-02,3.9705505E-02,1.4039175E+00
2.516404E-02,3.9171448E-02,1.4237540E+00
2.516732E-02,3.9629211E-02,1.4434378E+00
2.517060E-02,4.0010681E-02,1.4621298E+00
2.517388E-02,3.9705505E-02,1.4809744E+00
2.517716E-02,4.0315857E-02,1.4989035E+00
2.518044E-02,3.9095154E-02,1.5157645E+00
2.518372E-02,3.9552917E-02,1.5316336E+00
2.518700E-02,4.0086975E-02,1.5478079E+00
2.519028E-02,4.1078796E-02,1.5616171E+00
2.519356E-02,4.0773621E-02,1.5767233E+00
2.519684E-02,4.0544739E-02,1.5899985E+00
